850343_reviewed	851611_reviewed	0
850440_reviewed	850889_reviewed	0
854394_reviewed	854539_reviewed	1
854106_reviewed	855600_reviewed	0
852697_reviewed	856105_reviewed	0
851394_reviewed	850643_reviewed	1
850768_reviewed	851162_reviewed	0
851740_reviewed	854939_reviewed	0
851071_reviewed	855974_reviewed	0
851756_reviewed	856309_reviewed	0
851461_reviewed	850562_reviewed	1
850885_reviewed	856898_reviewed	0
856063_reviewed	855591_reviewed	1
851665_reviewed	854673_reviewed	1
856159_reviewed	851025_reviewed	1
853191_reviewed	853846_reviewed	0
854102_reviewed	854102_reviewed	1
850318_reviewed	854710_reviewed	1
854487_reviewed	850304_reviewed	1
851447_reviewed	854835_reviewed	0
851143_reviewed	852003_reviewed	0
852681_reviewed	854933_reviewed	0
852512_reviewed	851097_reviewed	1
850720_reviewed	856908_reviewed	0
855356_reviewed	853320_reviewed	1
851394_reviewed	851475_reviewed	1
852549_reviewed	853062_reviewed	0
852059_reviewed	856254_reviewed	0
852697_reviewed	851514_reviewed	1
853359_reviewed	851744_reviewed	1
853376_reviewed	855664_reviewed	0
855404_reviewed	855520_reviewed	0
856162_reviewed	854745_reviewed	1
853566_reviewed	854922_reviewed	0
856470_reviewed	856470_reviewed	1
850422_reviewed	850551_reviewed	0
850334_reviewed	854084_reviewed	0
851110_reviewed	851567_reviewed	1
851394_reviewed	851580_reviewed	1
852172_reviewed	853080_reviewed	0
851596_reviewed	852459_reviewed	0
852021_reviewed	856255_reviewed	0
851163_reviewed	852062_reviewed	0
854543_reviewed	850889_reviewed	1
851394_reviewed	853811_reviewed	1
852947_reviewed	855049_reviewed	1
856898_reviewed	854627_reviewed	1
854937_reviewed	855515_reviewed	0
855143_reviewed	855613_reviewed	0
853743_reviewed	855184_reviewed	1
850409_reviewed	851723_reviewed	1
850877_reviewed	856422_reviewed	1
852250_reviewed	852235_reviewed	1
855489_reviewed	854023_reviewed	1
856463_reviewed	852995_reviewed	1
852943_reviewed	853053_reviewed	0
856746_reviewed	855838_reviewed	1
851845_reviewed	856000_reviewed	0
853789_reviewed	853418_reviewed	1
855613_reviewed	854229_reviewed	1
851632_reviewed	853048_reviewed	0
855888_reviewed	851827_reviewed	1
851979_reviewed	856924_reviewed	1
851568_reviewed	854382_reviewed	1
856870_reviewed	854740_reviewed	1
850734_reviewed	855013_reviewed	0
852740_reviewed	855429_reviewed	1
856351_reviewed	854078_reviewed	1
854527_reviewed	854667_reviewed	1
856099_reviewed	856891_reviewed	0
852860_reviewed	855821_reviewed	0
851259_reviewed	855538_reviewed	1
854379_reviewed	856076_reviewed	0
852233_reviewed	856352_reviewed	0
854026_reviewed	856097_reviewed	0
856644_reviewed	852809_reviewed	1
851394_reviewed	850361_reviewed	1
853364_reviewed	850504_reviewed	1
851259_reviewed	854221_reviewed	1
852816_reviewed	851775_reviewed	1
854487_reviewed	855789_reviewed	0
852995_reviewed	854021_reviewed	0
852888_reviewed	852931_reviewed	0
851562_reviewed	854351_reviewed	0
856892_reviewed	855478_reviewed	1
854933_reviewed	854999_reviewed	1
854822_reviewed	856566_reviewed	1
852575_reviewed	854433_reviewed	1
852171_reviewed	855468_reviewed	0
852209_reviewed	855090_reviewed	0
853752_reviewed	854740_reviewed	1
856011_reviewed	851095_reviewed	1
854231_reviewed	855114_reviewed	0
851005_reviewed	853857_reviewed	1
856870_reviewed	852334_reviewed	1
851394_reviewed	851756_reviewed	1
855022_reviewed	856753_reviewed	0
851781_reviewed	853702_reviewed	0
851441_reviewed	852788_reviewed	1
851752_reviewed	853892_reviewed	0
852553_reviewed	855727_reviewed	0
851831_reviewed	852523_reviewed	1
853434_reviewed	855724_reviewed	0
851613_reviewed	856674_reviewed	0
852101_reviewed	853733_reviewed	1
853908_reviewed	853332_reviewed	1
851394_reviewed	856521_reviewed	1
853275_reviewed	854922_reviewed	0
851394_reviewed	856356_reviewed	1
856731_reviewed	855512_reviewed	1
853029_reviewed	854162_reviewed	0
851761_reviewed	853371_reviewed	1
852091_reviewed	854345_reviewed	0
852697_reviewed	855660_reviewed	1
854738_reviewed	854738_reviewed	1
856852_reviewed	850406_reviewed	1
850347_reviewed	854188_reviewed	1
854716_reviewed	852755_reviewed	1
855592_reviewed	850694_reviewed	1
853071_reviewed	854543_reviewed	0
854583_reviewed	856601_reviewed	0
853071_reviewed	856292_reviewed	1
852665_reviewed	855539_reviewed	0
854663_reviewed	854675_reviewed	0
852439_reviewed	852107_reviewed	1
852416_reviewed	852996_reviewed	0
851168_reviewed	853982_reviewed	0
855514_reviewed	854221_reviewed	1
853847_reviewed	855664_reviewed	1
851874_reviewed	855489_reviewed	1
850320_reviewed	852106_reviewed	0
853181_reviewed	855655_reviewed	0
851051_reviewed	852499_reviewed	0
851812_reviewed	853463_reviewed	0
856463_reviewed	856264_reviewed	1
852697_reviewed	855104_reviewed	0
855543_reviewed	856846_reviewed	1
855979_reviewed	855979_reviewed	1
851533_reviewed	854085_reviewed	1
851558_reviewed	854646_reviewed	0
855012_reviewed	854552_reviewed	1
854791_reviewed	856518_reviewed	0
853503_reviewed	854407_reviewed	1
850445_reviewed	853264_reviewed	0
853896_reviewed	855149_reviewed	0
852766_reviewed	852809_reviewed	0
851284_reviewed	851284_reviewed	1
851103_reviewed	856575_reviewed	1
856251_reviewed	856920_reviewed	0
850620_reviewed	853892_reviewed	0
854081_reviewed	854398_reviewed	1
851394_reviewed	856860_reviewed	1
851724_reviewed	856751_reviewed	0
856489_reviewed	850872_reviewed	1
856604_reviewed	856811_reviewed	0
855520_reviewed	855950_reviewed	1
851723_reviewed	851723_reviewed	1
855950_reviewed	851061_reviewed	1
855869_reviewed	856141_reviewed	1
851421_reviewed	855565_reviewed	1
856667_reviewed	851771_reviewed	1
854781_reviewed	855306_reviewed	1
853041_reviewed	856604_reviewed	0
850872_reviewed	851924_reviewed	0
855930_reviewed	856384_reviewed	0
852549_reviewed	850820_reviewed	1
852025_reviewed	854791_reviewed	0
851678_reviewed	852319_reviewed	1
852972_reviewed	856863_reviewed	0
854472_reviewed	856432_reviewed	0
852371_reviewed	855428_reviewed	0
854740_reviewed	856160_reviewed	0
856698_reviewed	856698_reviewed	1
853442_reviewed	853666_reviewed	0
851201_reviewed	852757_reviewed	1
853393_reviewed	856403_reviewed	1
851878_reviewed	852369_reviewed	0
851394_reviewed	850805_reviewed	1
852081_reviewed	854386_reviewed	1
850649_reviewed	850919_reviewed	0
856098_reviewed	850872_reviewed	1
854231_reviewed	853940_reviewed	1
855082_reviewed	855602_reviewed	0
852946_reviewed	853552_reviewed	0
856537_reviewed	853568_reviewed	1
852871_reviewed	853202_reviewed	1
851665_reviewed	856442_reviewed	0
856918_reviewed	852071_reviewed	1
850695_reviewed	856604_reviewed	1
855061_reviewed	855399_reviewed	0
855047_reviewed	855110_reviewed	1
851008_reviewed	852697_reviewed	0
852681_reviewed	855470_reviewed	0
856743_reviewed	854106_reviewed	1
853147_reviewed	854810_reviewed	1
854663_reviewed	854063_reviewed	1
854507_reviewed	856507_reviewed	0
852109_reviewed	854949_reviewed	0
852373_reviewed	852794_reviewed	0
855836_reviewed	856425_reviewed	1
853880_reviewed	856065_reviewed	0
856226_reviewed	856119_reviewed	1
855563_reviewed	855724_reviewed	1
855256_reviewed	855728_reviewed	1
852348_reviewed	855364_reviewed	0
850820_reviewed	856063_reviewed	0
852556_reviewed	852016_reviewed	1
854327_reviewed	854976_reviewed	0
851394_reviewed	854382_reviewed	1
852194_reviewed	851554_reviewed	1
853338_reviewed	853556_reviewed	1
851394_reviewed	853157_reviewed	1
850836_reviewed	853037_reviewed	1
854279_reviewed	851000_reviewed	1
853818_reviewed	851153_reviewed	1
850352_reviewed	853075_reviewed	0
852361_reviewed	853540_reviewed	1
850554_reviewed	850613_reviewed	1
852319_reviewed	855316_reviewed	0
852779_reviewed	855613_reviewed	0
851394_reviewed	855737_reviewed	1
852995_reviewed	850688_reviewed	1
853555_reviewed	853871_reviewed	1
852660_reviewed	851653_reviewed	1
855116_reviewed	853877_reviewed	1
851918_reviewed	855253_reviewed	0
851197_reviewed	853817_reviewed	1
855499_reviewed	850806_reviewed	1
853438_reviewed	854939_reviewed	0
850888_reviewed	851831_reviewed	1
851394_reviewed	854026_reviewed	1
854993_reviewed	855017_reviewed	1
853219_reviewed	855041_reviewed	1
853568_reviewed	855054_reviewed	1
851819_reviewed	851886_reviewed	0
856854_reviewed	856665_reviewed	1
855276_reviewed	850744_reviewed	1
854527_reviewed	855203_reviewed	0
853774_reviewed	853194_reviewed	1
853851_reviewed	851895_reviewed	1
852497_reviewed	853527_reviewed	1
852697_reviewed	853702_reviewed	1
850518_reviewed	850911_reviewed	0
853818_reviewed	852119_reviewed	1
852624_reviewed	851842_reviewed	1
853528_reviewed	856301_reviewed	0
852018_reviewed	851024_reviewed	1
851156_reviewed	855253_reviewed	0
851475_reviewed	854424_reviewed	0
851394_reviewed	850797_reviewed	1
850504_reviewed	853870_reviewed	0
851761_reviewed	852529_reviewed	0
855683_reviewed	853884_reviewed	1
853194_reviewed	855958_reviewed	1
850358_reviewed	851373_reviewed	1
856895_reviewed	850647_reviewed	1
855836_reviewed	856376_reviewed	0
850440_reviewed	854317_reviewed	0
853871_reviewed	856169_reviewed	0
852319_reviewed	852992_reviewed	0
850585_reviewed	854938_reviewed	1
851924_reviewed	855512_reviewed	1
851379_reviewed	852042_reviewed	1
851740_reviewed	855418_reviewed	1
851716_reviewed	852806_reviewed	0
852369_reviewed	852506_reviewed	0
852790_reviewed	856351_reviewed	0
852697_reviewed	856916_reviewed	1
853682_reviewed	856063_reviewed	1
850551_reviewed	853728_reviewed	1
851797_reviewed	856511_reviewed	0
850505_reviewed	850713_reviewed	1
851482_reviewed	856580_reviewed	0
850623_reviewed	851782_reviewed	0
851895_reviewed	855485_reviewed	0
850370_reviewed	850522_reviewed	0
853490_reviewed	854300_reviewed	0
851752_reviewed	856083_reviewed	0
854973_reviewed	854973_reviewed	1
853275_reviewed	855602_reviewed	1
851259_reviewed	856076_reviewed	0
853099_reviewed	855952_reviewed	0
855040_reviewed	855897_reviewed	0
850878_reviewed	854731_reviewed	0
852647_reviewed	852647_reviewed	1
854086_reviewed	854694_reviewed	1
851660_reviewed	856126_reviewed	1
851369_reviewed	851696_reviewed	0
851561_reviewed	853681_reviewed	0
855897_reviewed	856498_reviewed	1
850551_reviewed	855789_reviewed	0
852982_reviewed	856226_reviewed	0
852641_reviewed	856559_reviewed	0
851467_reviewed	852730_reviewed	0
855466_reviewed	850951_reviewed	1
851136_reviewed	855841_reviewed	0
851895_reviewed	850983_reviewed	1
851394_reviewed	853186_reviewed	1
856895_reviewed	850636_reviewed	1
850320_reviewed	851394_reviewed	1
853702_reviewed	851886_reviewed	1
856147_reviewed	856147_reviewed	1
856743_reviewed	853301_reviewed	1
853583_reviewed	854937_reviewed	0
855524_reviewed	850721_reviewed	1
850553_reviewed	851485_reviewed	0
855520_reviewed	851887_reviewed	1
856744_reviewed	856744_reviewed	1
853674_reviewed	853781_reviewed	0
856571_reviewed	851554_reviewed	1
850807_reviewed	851803_reviewed	0
851500_reviewed	854976_reviewed	1
851691_reviewed	854544_reviewed	0
850843_reviewed	852064_reviewed	0
852681_reviewed	853060_reviewed	0
851996_reviewed	856530_reviewed	0
851767_reviewed	853178_reviewed	0
850608_reviewed	850818_reviewed	0
850808_reviewed	853264_reviewed	0
850647_reviewed	852592_reviewed	1
852697_reviewed	854020_reviewed	1
850370_reviewed	854284_reviewed	0
850551_reviewed	855664_reviewed	0
855144_reviewed	856793_reviewed	0
853301_reviewed	850440_reviewed	1
852697_reviewed	856870_reviewed	0
855512_reviewed	855836_reviewed	0
852394_reviewed	856394_reviewed	1
851452_reviewed	851724_reviewed	1
854656_reviewed	852673_reviewed	1
851394_reviewed	856677_reviewed	1
853332_reviewed	856392_reviewed	0
853814_reviewed	855030_reviewed	0
855471_reviewed	851266_reviewed	1
852673_reviewed	854806_reviewed	0
851897_reviewed	855155_reviewed	0
855068_reviewed	856063_reviewed	0
852139_reviewed	855512_reviewed	0
853167_reviewed	854106_reviewed	1
855789_reviewed	851113_reviewed	1
855974_reviewed	855267_reviewed	1
853509_reviewed	856472_reviewed	0
855640_reviewed	854822_reviewed	1
851363_reviewed	850692_reviewed	1
856076_reviewed	853650_reviewed	1
853133_reviewed	852249_reviewed	1
855466_reviewed	853715_reviewed	1
856870_reviewed	854901_reviewed	1
850919_reviewed	856063_reviewed	0
850894_reviewed	854162_reviewed	0
853997_reviewed	855083_reviewed	1
853037_reviewed	854372_reviewed	1
856483_reviewed	855592_reviewed	1
856865_reviewed	856303_reviewed	1
851369_reviewed	850521_reviewed	1
852100_reviewed	850297_reviewed	1
851259_reviewed	851696_reviewed	0
850702_reviewed	851500_reviewed	0
854081_reviewed	853832_reviewed	1
850647_reviewed	851196_reviewed	1
855207_reviewed	856303_reviewed	0
851548_reviewed	852007_reviewed	0
853743_reviewed	852042_reviewed	1
852434_reviewed	855897_reviewed	0
855646_reviewed	851373_reviewed	1
854740_reviewed	856419_reviewed	0
850792_reviewed	850836_reviewed	0
853886_reviewed	854292_reviewed	0
852423_reviewed	855303_reviewed	1
855758_reviewed	856466_reviewed	1
851716_reviewed	852766_reviewed	0
853503_reviewed	855653_reviewed	0
851982_reviewed	853639_reviewed	0
851143_reviewed	855543_reviewed	0
851394_reviewed	853128_reviewed	1
853178_reviewed	855205_reviewed	0
853956_reviewed	850982_reviewed	1
851981_reviewed	856689_reviewed	1
851495_reviewed	855665_reviewed	0
850647_reviewed	856000_reviewed	1
850620_reviewed	855405_reviewed	0
850611_reviewed	855836_reviewed	0
853712_reviewed	851408_reviewed	1
852322_reviewed	856134_reviewed	0
851557_reviewed	856565_reviewed	0
851520_reviewed	852050_reviewed	1
851893_reviewed	855118_reviewed	0
851665_reviewed	852440_reviewed	1
856837_reviewed	853670_reviewed	1
851557_reviewed	853868_reviewed	0
850686_reviewed	851223_reviewed	0
856607_reviewed	850613_reviewed	1
850763_reviewed	856091_reviewed	0
850598_reviewed	854725_reviewed	0
853955_reviewed	855044_reviewed	0
852373_reviewed	851756_reviewed	1
850607_reviewed	852624_reviewed	0
852480_reviewed	854960_reviewed	0
852896_reviewed	856083_reviewed	0
852457_reviewed	856482_reviewed	1
855964_reviewed	856830_reviewed	0
855819_reviewed	853966_reviewed	1
855836_reviewed	852017_reviewed	1
856607_reviewed	856724_reviewed	1
854875_reviewed	852766_reviewed	1
852665_reviewed	852755_reviewed	0
856183_reviewed	852492_reviewed	1
852695_reviewed	852915_reviewed	1
854372_reviewed	855543_reviewed	1
852697_reviewed	852013_reviewed	1
851874_reviewed	855356_reviewed	0
854243_reviewed	855512_reviewed	0
856290_reviewed	855512_reviewed	1
852700_reviewed	855836_reviewed	0
855828_reviewed	855706_reviewed	1
853167_reviewed	853880_reviewed	0
856848_reviewed	854379_reviewed	1
850968_reviewed	852062_reviewed	0
853498_reviewed	856489_reviewed	0
851678_reviewed	856153_reviewed	0
853016_reviewed	855066_reviewed	0
855478_reviewed	852371_reviewed	1
854966_reviewed	855616_reviewed	1
854203_reviewed	856891_reviewed	0
850983_reviewed	855439_reviewed	0
850647_reviewed	850517_reviewed	1
853275_reviewed	855236_reviewed	1
854487_reviewed	852060_reviewed	1
853275_reviewed	851564_reviewed	1
853313_reviewed	851558_reviewed	1
851676_reviewed	855040_reviewed	0
852512_reviewed	856519_reviewed	0
853729_reviewed	856301_reviewed	0
851759_reviewed	851369_reviewed	1
850647_reviewed	850649_reviewed	1
852553_reviewed	855985_reviewed	1
855466_reviewed	851477_reviewed	1
850869_reviewed	856764_reviewed	0
851125_reviewed	852767_reviewed	0
850521_reviewed	852489_reviewed	0
851259_reviewed	856922_reviewed	0
855335_reviewed	855408_reviewed	0
850963_reviewed	854359_reviewed	0
851650_reviewed	856291_reviewed	0
852809_reviewed	853192_reviewed	0
851557_reviewed	852697_reviewed	0
855836_reviewed	852617_reviewed	1
852896_reviewed	854673_reviewed	0
851201_reviewed	852665_reviewed	0
855386_reviewed	856249_reviewed	0
851140_reviewed	856461_reviewed	0
855323_reviewed	855539_reviewed	0
851259_reviewed	856521_reviewed	0
855237_reviewed	851112_reviewed	1
850330_reviewed	853756_reviewed	1
851083_reviewed	852661_reviewed	0
855118_reviewed	856863_reviewed	0
852372_reviewed	852372_reviewed	1
856455_reviewed	852860_reviewed	1
853884_reviewed	856828_reviewed	0
850297_reviewed	853133_reviewed	0
853925_reviewed	854509_reviewed	0
856012_reviewed	854116_reviewed	1
852697_reviewed	855833_reviewed	1
855789_reviewed	855613_reviewed	1
850793_reviewed	851177_reviewed	0
853912_reviewed	854831_reviewed	1
853029_reviewed	855159_reviewed	1
850654_reviewed	854488_reviewed	0
855466_reviewed	851988_reviewed	1
852421_reviewed	851964_reviewed	1
856222_reviewed	856763_reviewed	0
852963_reviewed	851752_reviewed	1
855769_reviewed	855149_reviewed	1
854329_reviewed	855944_reviewed	0
854820_reviewed	855360_reviewed	0
852757_reviewed	855267_reviewed	0
850440_reviewed	853304_reviewed	0
855869_reviewed	855869_reviewed	1
851266_reviewed	854485_reviewed	0
852084_reviewed	851142_reviewed	1
851259_reviewed	851193_reviewed	1
850318_reviewed	852402_reviewed	1
854047_reviewed	855663_reviewed	0
855524_reviewed	854554_reviewed	1
851212_reviewed	854222_reviewed	1
851041_reviewed	852394_reviewed	0
850774_reviewed	856076_reviewed	0
856572_reviewed	851475_reviewed	1
853646_reviewed	856502_reviewed	1
852459_reviewed	856454_reviewed	0
856731_reviewed	854544_reviewed	1
855897_reviewed	855897_reviewed	1
850298_reviewed	854317_reviewed	1
852839_reviewed	853767_reviewed	0
851140_reviewed	853313_reviewed	0
851666_reviewed	856746_reviewed	0
854229_reviewed	856186_reviewed	0
854091_reviewed	854290_reviewed	1
850400_reviewed	851547_reviewed	1
853137_reviewed	856897_reviewed	1
855469_reviewed	855585_reviewed	0
850754_reviewed	850790_reviewed	0
852230_reviewed	850782_reviewed	1
850654_reviewed	850790_reviewed	0
855789_reviewed	850435_reviewed	1
851394_reviewed	851929_reviewed	1
852088_reviewed	855970_reviewed	1
855328_reviewed	855586_reviewed	0
853144_reviewed	855276_reviewed	0
852042_reviewed	855512_reviewed	0
856743_reviewed	856891_reviewed	1
853877_reviewed	855710_reviewed	0
851500_reviewed	856275_reviewed	0
853364_reviewed	854123_reviewed	0
851827_reviewed	854960_reviewed	1
853796_reviewed	855159_reviewed	0
853109_reviewed	854383_reviewed	0
855613_reviewed	853682_reviewed	1
852757_reviewed	855055_reviewed	0
855613_reviewed	850682_reviewed	1
856571_reviewed	851172_reviewed	1
850900_reviewed	856321_reviewed	0
852757_reviewed	853836_reviewed	0
850554_reviewed	851425_reviewed	1
852757_reviewed	853356_reviewed	0
855466_reviewed	853320_reviewed	1
850296_reviewed	855842_reviewed	0
854790_reviewed	856432_reviewed	0
850521_reviewed	853781_reviewed	1
856267_reviewed	852107_reviewed	1
853528_reviewed	854819_reviewed	0
852494_reviewed	854263_reviewed	0
852419_reviewed	852553_reviewed	0
851906_reviewed	856169_reviewed	1
856351_reviewed	852757_reviewed	1
850784_reviewed	852080_reviewed	0
855820_reviewed	855822_reviewed	0
853071_reviewed	856351_reviewed	1
852487_reviewed	855952_reviewed	0
855649_reviewed	856463_reviewed	0
852377_reviewed	856519_reviewed	0
851504_reviewed	851752_reviewed	0
856267_reviewed	856553_reviewed	0
852779_reviewed	855934_reviewed	1
851266_reviewed	851707_reviewed	1
852373_reviewed	854894_reviewed	0
851708_reviewed	853442_reviewed	0
852373_reviewed	853090_reviewed	0
851394_reviewed	850762_reviewed	1
852888_reviewed	854322_reviewed	1
850551_reviewed	853650_reviewed	1
850826_reviewed	850879_reviewed	0
851928_reviewed	853195_reviewed	0
851530_reviewed	855228_reviewed	0
850354_reviewed	854246_reviewed	0
851346_reviewed	856234_reviewed	0
856674_reviewed	851431_reviewed	1
850647_reviewed	853199_reviewed	1
852532_reviewed	853681_reviewed	0
852778_reviewed	852788_reviewed	1
855783_reviewed	855836_reviewed	0
856731_reviewed	851557_reviewed	1
852953_reviewed	854622_reviewed	1
850945_reviewed	852423_reviewed	0
851212_reviewed	854068_reviewed	0
851407_reviewed	855068_reviewed	0
856695_reviewed	854123_reviewed	1
851482_reviewed	854509_reviewed	0
854161_reviewed	855016_reviewed	0
852133_reviewed	852697_reviewed	0
851831_reviewed	855838_reviewed	0
851259_reviewed	856840_reviewed	0
852569_reviewed	854844_reviewed	1
855300_reviewed	853884_reviewed	1
853767_reviewed	855888_reviewed	1
851102_reviewed	851706_reviewed	0
851109_reviewed	856042_reviewed	0
851115_reviewed	853191_reviewed	0
856384_reviewed	852748_reviewed	1
853955_reviewed	855104_reviewed	0
852494_reviewed	854869_reviewed	1
850347_reviewed	856485_reviewed	0
855116_reviewed	855155_reviewed	0
856891_reviewed	850744_reviewed	1
851447_reviewed	852610_reviewed	0
851533_reviewed	851533_reviewed	1
854435_reviewed	856742_reviewed	1
854997_reviewed	852740_reviewed	1
851660_reviewed	853188_reviewed	0
851394_reviewed	854243_reviewed	1
855104_reviewed	855611_reviewed	1
852235_reviewed	855123_reviewed	0
851092_reviewed	851092_reviewed	1
852757_reviewed	856119_reviewed	1
852385_reviewed	854550_reviewed	0
854279_reviewed	855613_reviewed	0
852860_reviewed	855975_reviewed	0
852362_reviewed	852675_reviewed	0
855273_reviewed	855862_reviewed	0
856449_reviewed	856719_reviewed	0
852931_reviewed	852896_reviewed	1
853817_reviewed	855499_reviewed	0
851143_reviewed	851564_reviewed	0
851648_reviewed	856831_reviewed	1
854995_reviewed	855412_reviewed	0
851399_reviewed	854229_reviewed	0
853708_reviewed	852985_reviewed	1
852405_reviewed	851153_reviewed	1
856036_reviewed	856870_reviewed	0
850647_reviewed	850940_reviewed	1
853100_reviewed	854827_reviewed	1
855310_reviewed	856848_reviewed	1
854284_reviewed	852873_reviewed	1
851369_reviewed	854732_reviewed	1
850347_reviewed	854017_reviewed	1
850554_reviewed	850499_reviewed	1
851969_reviewed	856255_reviewed	0
854977_reviewed	856842_reviewed	0
851136_reviewed	855841_reviewed	0
852697_reviewed	854229_reviewed	0
855836_reviewed	852452_reviewed	1
855884_reviewed	856317_reviewed	0
851190_reviewed	855942_reviewed	1
854554_reviewed	854876_reviewed	0
852305_reviewed	851000_reviewed	1
856321_reviewed	856689_reviewed	1
852037_reviewed	850554_reviewed	1
856758_reviewed	854379_reviewed	1
850763_reviewed	852383_reviewed	0
854742_reviewed	855357_reviewed	0
852462_reviewed	854261_reviewed	0
851918_reviewed	850620_reviewed	1
856481_reviewed	854138_reviewed	1
851206_reviewed	854063_reviewed	1
854138_reviewed	854457_reviewed	0
852728_reviewed	853681_reviewed	0
856751_reviewed	850808_reviewed	1
851532_reviewed	850647_reviewed	1
851894_reviewed	855972_reviewed	0
855633_reviewed	856870_reviewed	0
851576_reviewed	854019_reviewed	1
852880_reviewed	852575_reviewed	1
855706_reviewed	851212_reviewed	1
851895_reviewed	855522_reviewed	0
851962_reviewed	851962_reviewed	1
855758_reviewed	850401_reviewed	1
853298_reviewed	854790_reviewed	1
852071_reviewed	850691_reviewed	1
853871_reviewed	855599_reviewed	0
850607_reviewed	851841_reviewed	1
851513_reviewed	856155_reviewed	0
856129_reviewed	852385_reviewed	1
853886_reviewed	852688_reviewed	1
855013_reviewed	856263_reviewed	0
851756_reviewed	854937_reviewed	0
853267_reviewed	853925_reviewed	0
856476_reviewed	852963_reviewed	1
852885_reviewed	850520_reviewed	1
850767_reviewed	852649_reviewed	0
850328_reviewed	854085_reviewed	1
853106_reviewed	856862_reviewed	0
851782_reviewed	855640_reviewed	1
853155_reviewed	853155_reviewed	1
851456_reviewed	853500_reviewed	1
850744_reviewed	855267_reviewed	0
855412_reviewed	850612_reviewed	1
851545_reviewed	851545_reviewed	1
851895_reviewed	854059_reviewed	0
856226_reviewed	856863_reviewed	0
851613_reviewed	854776_reviewed	1
850798_reviewed	854937_reviewed	0
850694_reviewed	854622_reviewed	0
855836_reviewed	853106_reviewed	1
851373_reviewed	855221_reviewed	0
856126_reviewed	855068_reviewed	1
851394_reviewed	856459_reviewed	1
855611_reviewed	855466_reviewed	1
850657_reviewed	851957_reviewed	1
854935_reviewed	852530_reviewed	1
851085_reviewed	855771_reviewed	1
852540_reviewed	856135_reviewed	0
852276_reviewed	852276_reviewed	1
852500_reviewed	856837_reviewed	0
856667_reviewed	855841_reviewed	1
852580_reviewed	855535_reviewed	0
851388_reviewed	855512_reviewed	0
855276_reviewed	855626_reviewed	0
855116_reviewed	856146_reviewed	1
850803_reviewed	850803_reviewed	1
853422_reviewed	853422_reviewed	1
856856_reviewed	856366_reviewed	1
852053_reviewed	855908_reviewed	0
850647_reviewed	856552_reviewed	1
853647_reviewed	850799_reviewed	1
851369_reviewed	853169_reviewed	1
851676_reviewed	851933_reviewed	0
851259_reviewed	854939_reviewed	1
853227_reviewed	853650_reviewed	0
853439_reviewed	854937_reviewed	0
850447_reviewed	854456_reviewed	1
853320_reviewed	852779_reviewed	1
855158_reviewed	856226_reviewed	0
856870_reviewed	856746_reviewed	1
851530_reviewed	851530_reviewed	1
853892_reviewed	855962_reviewed	0
851532_reviewed	853729_reviewed	0
852305_reviewed	856208_reviewed	1
853503_reviewed	855968_reviewed	0
851568_reviewed	856320_reviewed	1
856559_reviewed	856293_reviewed	1
853782_reviewed	856362_reviewed	0
856743_reviewed	856297_reviewed	1
854170_reviewed	854212_reviewed	0
856153_reviewed	856731_reviewed	0
852697_reviewed	855957_reviewed	1
850647_reviewed	853121_reviewed	1
850982_reviewed	855977_reviewed	0
852697_reviewed	853271_reviewed	1
854978_reviewed	855886_reviewed	0
852996_reviewed	854106_reviewed	1
851408_reviewed	854735_reviewed	1
852839_reviewed	853060_reviewed	0
852749_reviewed	854379_reviewed	0
852624_reviewed	855166_reviewed	1
852757_reviewed	856604_reviewed	0
852694_reviewed	854822_reviewed	1
850872_reviewed	850298_reviewed	1
850722_reviewed	852492_reviewed	0
851140_reviewed	856142_reviewed	0
853071_reviewed	856866_reviewed	0
855836_reviewed	851819_reviewed	1
856437_reviewed	856891_reviewed	1
852410_reviewed	856751_reviewed	0
851372_reviewed	851335_reviewed	1
853818_reviewed	856394_reviewed	1
851503_reviewed	852673_reviewed	0
852322_reviewed	855017_reviewed	0
855758_reviewed	853062_reviewed	1
852688_reviewed	854790_reviewed	0
850347_reviewed	851404_reviewed	0
853071_reviewed	854138_reviewed	0
855208_reviewed	852865_reviewed	1
851335_reviewed	852591_reviewed	0
850647_reviewed	856898_reviewed	1
851447_reviewed	856846_reviewed	0
853327_reviewed	850658_reviewed	1
852536_reviewed	856409_reviewed	0
850872_reviewed	856815_reviewed	0
852100_reviewed	854247_reviewed	1
852767_reviewed	854487_reviewed	0
852326_reviewed	856507_reviewed	0
854749_reviewed	851821_reviewed	1
853090_reviewed	851916_reviewed	1
851153_reviewed	854701_reviewed	1
851520_reviewed	851163_reviewed	1
851041_reviewed	852079_reviewed	0
851319_reviewed	856449_reviewed	0
850504_reviewed	854889_reviewed	0
850914_reviewed	852440_reviewed	0
856360_reviewed	856909_reviewed	1
852003_reviewed	855829_reviewed	0
851407_reviewed	854446_reviewed	0
852881_reviewed	852457_reviewed	1
851450_reviewed	854791_reviewed	0
851394_reviewed	852804_reviewed	1
851621_reviewed	855466_reviewed	0
853100_reviewed	854382_reviewed	0
854533_reviewed	852713_reviewed	1
854949_reviewed	855458_reviewed	0
851706_reviewed	856647_reviewed	1
851562_reviewed	855974_reviewed	0
855155_reviewed	850923_reviewed	1
856222_reviewed	855399_reviewed	1
852834_reviewed	852989_reviewed	0
855788_reviewed	856317_reviewed	0
852549_reviewed	852060_reviewed	1
851221_reviewed	855611_reviewed	0
851154_reviewed	852870_reviewed	1
855836_reviewed	856846_reviewed	0
852291_reviewed	852896_reviewed	0
855925_reviewed	853509_reviewed	1
853355_reviewed	854663_reviewed	0
851259_reviewed	852729_reviewed	1
850334_reviewed	851904_reviewed	0
850992_reviewed	851596_reviewed	0
854953_reviewed	856345_reviewed	0
852512_reviewed	853167_reviewed	0
851394_reviewed	854709_reviewed	1
856473_reviewed	856473_reviewed	1
854480_reviewed	852547_reviewed	1
853997_reviewed	852838_reviewed	1
856559_reviewed	853355_reviewed	1
851259_reviewed	856305_reviewed	0
851897_reviewed	853846_reviewed	0
853638_reviewed	856702_reviewed	1
854435_reviewed	851140_reviewed	1
856267_reviewed	853376_reviewed	1
855386_reviewed	853650_reviewed	1
851335_reviewed	853598_reviewed	0
855532_reviewed	855280_reviewed	1
852779_reviewed	855972_reviewed	1
853318_reviewed	853871_reviewed	0
854119_reviewed	856731_reviewed	1
852995_reviewed	853419_reviewed	0
850819_reviewed	851015_reviewed	1
850785_reviewed	853153_reviewed	1
850562_reviewed	852003_reviewed	1
850562_reviewed	854735_reviewed	1
854552_reviewed	853421_reviewed	1
852715_reviewed	855221_reviewed	0
853071_reviewed	856846_reviewed	1
856732_reviewed	853195_reviewed	1
850702_reviewed	854706_reviewed	0
850563_reviewed	853150_reviewed	1
852892_reviewed	856144_reviewed	1
855925_reviewed	856170_reviewed	1
852088_reviewed	855464_reviewed	1
852697_reviewed	855570_reviewed	1
855466_reviewed	855686_reviewed	0
852532_reviewed	852766_reviewed	0
852665_reviewed	856254_reviewed	0
855449_reviewed	856754_reviewed	0
853490_reviewed	851784_reviewed	1
853636_reviewed	855507_reviewed	1
853818_reviewed	853818_reviewed	1
853160_reviewed	855957_reviewed	1
851197_reviewed	853576_reviewed	1
855836_reviewed	852427_reviewed	1
850347_reviewed	855332_reviewed	0
851085_reviewed	852499_reviewed	0
855968_reviewed	856399_reviewed	0
851005_reviewed	851821_reviewed	1
851394_reviewed	853545_reviewed	1
851319_reviewed	855547_reviewed	0
853744_reviewed	856430_reviewed	0
851250_reviewed	855496_reviewed	0
851968_reviewed	853192_reviewed	0
852500_reviewed	854503_reviewed	0
855473_reviewed	856012_reviewed	0
856226_reviewed	851404_reviewed	1
852982_reviewed	853956_reviewed	0
851407_reviewed	856863_reviewed	0
851592_reviewed	854940_reviewed	0
855489_reviewed	856791_reviewed	0
852667_reviewed	853254_reviewed	0
854691_reviewed	856842_reviewed	0
851884_reviewed	852646_reviewed	1
856320_reviewed	852547_reviewed	1
851671_reviewed	851399_reviewed	1
852757_reviewed	854213_reviewed	0
853293_reviewed	853293_reviewed	1
852697_reviewed	850688_reviewed	1
851206_reviewed	855238_reviewed	0
852007_reviewed	855787_reviewed	1
852193_reviewed	855048_reviewed	1
854673_reviewed	854726_reviewed	0
852435_reviewed	852881_reviewed	1
852754_reviewed	854276_reviewed	0
851933_reviewed	856098_reviewed	1
853712_reviewed	856223_reviewed	1
852110_reviewed	853133_reviewed	1
851482_reviewed	851954_reviewed	0
850647_reviewed	851671_reviewed	1
851249_reviewed	852654_reviewed	1
850353_reviewed	850713_reviewed	0
852688_reviewed	855347_reviewed	0
852265_reviewed	856394_reviewed	1
851210_reviewed	854957_reviewed	0
855897_reviewed	854016_reviewed	1
851767_reviewed	852042_reviewed	0
853010_reviewed	853010_reviewed	1
850719_reviewed	855060_reviewed	0
851645_reviewed	853576_reviewed	0
854353_reviewed	853528_reviewed	1
851518_reviewed	851988_reviewed	1
851804_reviewed	853539_reviewed	1
853427_reviewed	853427_reviewed	1
850888_reviewed	853154_reviewed	1
852401_reviewed	854622_reviewed	0
855524_reviewed	851199_reviewed	1
856481_reviewed	856752_reviewed	0
850435_reviewed	856574_reviewed	0
854896_reviewed	854896_reviewed	1
851259_reviewed	850530_reviewed	1
856731_reviewed	856830_reviewed	1
856751_reviewed	851821_reviewed	1
853281_reviewed	856671_reviewed	0
855492_reviewed	856763_reviewed	1
852830_reviewed	851284_reviewed	1
851886_reviewed	852780_reviewed	0
850983_reviewed	855017_reviewed	0
851745_reviewed	855144_reviewed	0
852369_reviewed	852861_reviewed	0
854256_reviewed	852567_reviewed	1
853010_reviewed	852819_reviewed	1
851313_reviewed	851924_reviewed	1
853029_reviewed	855066_reviewed	1
852567_reviewed	855680_reviewed	0
851905_reviewed	852860_reviewed	0
852697_reviewed	854953_reviewed	1
853400_reviewed	855253_reviewed	0
854978_reviewed	855215_reviewed	0
851394_reviewed	852172_reviewed	1
853880_reviewed	852049_reviewed	1
852258_reviewed	854993_reviewed	0
850698_reviewed	856095_reviewed	0
852276_reviewed	855570_reviewed	1
856490_reviewed	855586_reviewed	1
855532_reviewed	851000_reviewed	1
852700_reviewed	852896_reviewed	0
853438_reviewed	856141_reviewed	0
851364_reviewed	855386_reviewed	0
851335_reviewed	851714_reviewed	0
854133_reviewed	850539_reviewed	1
851513_reviewed	853304_reviewed	0
854781_reviewed	855036_reviewed	1
850647_reviewed	851472_reviewed	1
854379_reviewed	855788_reviewed	0
852088_reviewed	852136_reviewed	0
851904_reviewed	856861_reviewed	0
850647_reviewed	853673_reviewed	1
851424_reviewed	855836_reviewed	0
851125_reviewed	851313_reviewed	0
851815_reviewed	853072_reviewed	0
852410_reviewed	853041_reviewed	0
850647_reviewed	855683_reviewed	1
850447_reviewed	851469_reviewed	1
851495_reviewed	856572_reviewed	0
850298_reviewed	853376_reviewed	0
854085_reviewed	853010_reviewed	1
851906_reviewed	856709_reviewed	0
850744_reviewed	852516_reviewed	0
856847_reviewed	853952_reviewed	1
851607_reviewed	853949_reviewed	0
852553_reviewed	853578_reviewed	1
854165_reviewed	855190_reviewed	0
851636_reviewed	854286_reviewed	0
850808_reviewed	855821_reviewed	0
855163_reviewed	856768_reviewed	1
850554_reviewed	852313_reviewed	1
853332_reviewed	853332_reviewed	1
853576_reviewed	854937_reviewed	0
851404_reviewed	855571_reviewed	1
855061_reviewed	850784_reviewed	1
853191_reviewed	855626_reviewed	0
853737_reviewed	853922_reviewed	0
853199_reviewed	856546_reviewed	0
856085_reviewed	856089_reviewed	0
855253_reviewed	850808_reviewed	1
854855_reviewed	853465_reviewed	1
851928_reviewed	851083_reviewed	1
851924_reviewed	852007_reviewed	1
850516_reviewed	852697_reviewed	0
852326_reviewed	852946_reviewed	0
850760_reviewed	855470_reviewed	0
855950_reviewed	856360_reviewed	0
856315_reviewed	852695_reviewed	1
850900_reviewed	853503_reviewed	1
851394_reviewed	854300_reviewed	1
851420_reviewed	856279_reviewed	1
851557_reviewed	855836_reviewed	0
851988_reviewed	853318_reviewed	0
850549_reviewed	854381_reviewed	1
852549_reviewed	855158_reviewed	1
851394_reviewed	851962_reviewed	1
852121_reviewed	854978_reviewed	0
850554_reviewed	852876_reviewed	1
856574_reviewed	855790_reviewed	1
851394_reviewed	852710_reviewed	1
854230_reviewed	852665_reviewed	1
851319_reviewed	852982_reviewed	0
850695_reviewed	854284_reviewed	0
852457_reviewed	852582_reviewed	1
851494_reviewed	853546_reviewed	0
851776_reviewed	855092_reviewed	0
850611_reviewed	854249_reviewed	0
854999_reviewed	856091_reviewed	0
854382_reviewed	855515_reviewed	0
851660_reviewed	855613_reviewed	1
851482_reviewed	856062_reviewed	1
852042_reviewed	853788_reviewed	1
854977_reviewed	851470_reviewed	1
856148_reviewed	856382_reviewed	1
851726_reviewed	852553_reviewed	0
851678_reviewed	853114_reviewed	0
850304_reviewed	850422_reviewed	0
853075_reviewed	855039_reviewed	0
854956_reviewed	855099_reviewed	0
851676_reviewed	852640_reviewed	1
850941_reviewed	852079_reviewed	0
851457_reviewed	854525_reviewed	0
853320_reviewed	852319_reviewed	1
852661_reviewed	855224_reviewed	0
853638_reviewed	852660_reviewed	1
853186_reviewed	852865_reviewed	1
853631_reviewed	851394_reviewed	1
855616_reviewed	851771_reviewed	1
855616_reviewed	853364_reviewed	1
856828_reviewed	853388_reviewed	1
852071_reviewed	854663_reviewed	1
852665_reviewed	855485_reviewed	0
856228_reviewed	856732_reviewed	0
851671_reviewed	855642_reviewed	1
854487_reviewed	855730_reviewed	0
856449_reviewed	852757_reviewed	1
856753_reviewed	856901_reviewed	0
851947_reviewed	853256_reviewed	0
851988_reviewed	855408_reviewed	1
854106_reviewed	853840_reviewed	1
851897_reviewed	856848_reviewed	0
854235_reviewed	856035_reviewed	1
853106_reviewed	854200_reviewed	0
854381_reviewed	855977_reviewed	0
854251_reviewed	855606_reviewed	0
850552_reviewed	853808_reviewed	0
853729_reviewed	856409_reviewed	0
852697_reviewed	852989_reviewed	0
853956_reviewed	851052_reviewed	1
851745_reviewed	852322_reviewed	0
852265_reviewed	854450_reviewed	1
853355_reviewed	856223_reviewed	0
854553_reviewed	855633_reviewed	0
852972_reviewed	855118_reviewed	0
851132_reviewed	855355_reviewed	0
851342_reviewed	856702_reviewed	0
855012_reviewed	851815_reviewed	1
856926_reviewed	855982_reviewed	1
851623_reviewed	855013_reviewed	1
850768_reviewed	851624_reviewed	1
855440_reviewed	856095_reviewed	0
853048_reviewed	856463_reviewed	0
852453_reviewed	856736_reviewed	1
852277_reviewed	853583_reviewed	0
854999_reviewed	851988_reviewed	1
850654_reviewed	854995_reviewed	0
852977_reviewed	856103_reviewed	1
852059_reviewed	852001_reviewed	1
852641_reviewed	856459_reviewed	0
850325_reviewed	851142_reviewed	1
852492_reviewed	854106_reviewed	1
851394_reviewed	851332_reviewed	1
852575_reviewed	852037_reviewed	1
851576_reviewed	854191_reviewed	0
856063_reviewed	854381_reviewed	1
850440_reviewed	856247_reviewed	1
852569_reviewed	853320_reviewed	1
850422_reviewed	852802_reviewed	0
850683_reviewed	850803_reviewed	1
851756_reviewed	852757_reviewed	0
854688_reviewed	853359_reviewed	1
852897_reviewed	854701_reviewed	0
854866_reviewed	856404_reviewed	0
854924_reviewed	855453_reviewed	0
855223_reviewed	853796_reviewed	1
853871_reviewed	854042_reviewed	0
852695_reviewed	851585_reviewed	1
850744_reviewed	851450_reviewed	0
852755_reviewed	851475_reviewed	1
854855_reviewed	856147_reviewed	1
853254_reviewed	850686_reviewed	1
852497_reviewed	855505_reviewed	1
853715_reviewed	855500_reviewed	0
854543_reviewed	856186_reviewed	0
855656_reviewed	854554_reviewed	1
854732_reviewed	854739_reviewed	0
852016_reviewed	854282_reviewed	1
850409_reviewed	854875_reviewed	1
851548_reviewed	856119_reviewed	0
852074_reviewed	853285_reviewed	1
855476_reviewed	853681_reviewed	1
850649_reviewed	856863_reviewed	0
854656_reviewed	850980_reviewed	1
853062_reviewed	851447_reviewed	1
850530_reviewed	854883_reviewed	0
856364_reviewed	852659_reviewed	1
852873_reviewed	853456_reviewed	1
852767_reviewed	855335_reviewed	1
851592_reviewed	852728_reviewed	0
852728_reviewed	855737_reviewed	0
853350_reviewed	850585_reviewed	1
850554_reviewed	855972_reviewed	1
851470_reviewed	853796_reviewed	0
852767_reviewed	855730_reviewed	1
851518_reviewed	852497_reviewed	0
855512_reviewed	856799_reviewed	0
855860_reviewed	851049_reviewed	1
852457_reviewed	850588_reviewed	1
851394_reviewed	850820_reviewed	1
853681_reviewed	855264_reviewed	0
850298_reviewed	856449_reviewed	0
850720_reviewed	853192_reviewed	1
851177_reviewed	854382_reviewed	0
853353_reviewed	850430_reviewed	1
852779_reviewed	854553_reviewed	0
854229_reviewed	855972_reviewed	0
854509_reviewed	852424_reviewed	1
851814_reviewed	850983_reviewed	1
854206_reviewed	854206_reviewed	1
850896_reviewed	854379_reviewed	0
854221_reviewed	853714_reviewed	1
850947_reviewed	851171_reviewed	0
856519_reviewed	850877_reviewed	1
852385_reviewed	856307_reviewed	0
852477_reviewed	852477_reviewed	1
852663_reviewed	852871_reviewed	0
852106_reviewed	853119_reviewed	0
851723_reviewed	852947_reviewed	0
851152_reviewed	852575_reviewed	0
852319_reviewed	852833_reviewed	0
852275_reviewed	856115_reviewed	0
851482_reviewed	856860_reviewed	1
854487_reviewed	856815_reviewed	1
850647_reviewed	854930_reviewed	1
856320_reviewed	856862_reviewed	0
852591_reviewed	853598_reviewed	0
852021_reviewed	856863_reviewed	0
854383_reviewed	850803_reviewed	1
852697_reviewed	852932_reviewed	1
850889_reviewed	855512_reviewed	0
850534_reviewed	852794_reviewed	0
850440_reviewed	853674_reviewed	0
853490_reviewed	854300_reviewed	0
851394_reviewed	855358_reviewed	1
855580_reviewed	855580_reviewed	1
854063_reviewed	850454_reviewed	1
854886_reviewed	854999_reviewed	1
853877_reviewed	854469_reviewed	0
851741_reviewed	855263_reviewed	0
852214_reviewed	854749_reviewed	0
851678_reviewed	853860_reviewed	1
856304_reviewed	856431_reviewed	0
852809_reviewed	853011_reviewed	0
856607_reviewed	851052_reviewed	1
855144_reviewed	850887_reviewed	1
854357_reviewed	852782_reviewed	1
854709_reviewed	855930_reviewed	0
851394_reviewed	855161_reviewed	1
856862_reviewed	855207_reviewed	1
853709_reviewed	854649_reviewed	0
856716_reviewed	851064_reviewed	1
851723_reviewed	852665_reviewed	0
851678_reviewed	854844_reviewed	1
856724_reviewed	854531_reviewed	1
855250_reviewed	853715_reviewed	1
851394_reviewed	852672_reviewed	1
853555_reviewed	850983_reviewed	1
855751_reviewed	854950_reviewed	1
850843_reviewed	851428_reviewed	0
856815_reviewed	850422_reviewed	1
851424_reviewed	854133_reviewed	1
852050_reviewed	850620_reviewed	1
851648_reviewed	853090_reviewed	0
853641_reviewed	852046_reviewed	1
851741_reviewed	852453_reviewed	0
851394_reviewed	853714_reviewed	1
850647_reviewed	855886_reviewed	1
854495_reviewed	856470_reviewed	0
855964_reviewed	856830_reviewed	0
851394_reviewed	855541_reviewed	1
850623_reviewed	850808_reviewed	1
855066_reviewed	851441_reviewed	1
851678_reviewed	856604_reviewed	1
854277_reviewed	854805_reviewed	0
851320_reviewed	851441_reviewed	0
851819_reviewed	852951_reviewed	0
852765_reviewed	851576_reviewed	1
853128_reviewed	855512_reviewed	0
851339_reviewed	851771_reviewed	1
853133_reviewed	854553_reviewed	1
853985_reviewed	852726_reviewed	1
850399_reviewed	850787_reviewed	0
854303_reviewed	856078_reviewed	0
851371_reviewed	854999_reviewed	0
852357_reviewed	850623_reviewed	1
850409_reviewed	851962_reviewed	0
852757_reviewed	856063_reviewed	1
851929_reviewed	854113_reviewed	1
851509_reviewed	855636_reviewed	0
854937_reviewed	850656_reviewed	1
853796_reviewed	851441_reviewed	1
852549_reviewed	852319_reviewed	1
851394_reviewed	850549_reviewed	1
853071_reviewed	854929_reviewed	0
856908_reviewed	855532_reviewed	1
850585_reviewed	854647_reviewed	1
851407_reviewed	855730_reviewed	0
851216_reviewed	851580_reviewed	0
854360_reviewed	850930_reviewed	1
856152_reviewed	856152_reviewed	1
851678_reviewed	854544_reviewed	0
856126_reviewed	852779_reviewed	1
851430_reviewed	853481_reviewed	0
853713_reviewed	854283_reviewed	1
853871_reviewed	856870_reviewed	1
856862_reviewed	856870_reviewed	0
855532_reviewed	850608_reviewed	1
852084_reviewed	855737_reviewed	0
855478_reviewed	855478_reviewed	1
851244_reviewed	853034_reviewed	1
853848_reviewed	854776_reviewed	1
854149_reviewed	854149_reviewed	1
851874_reviewed	852833_reviewed	0
850297_reviewed	851549_reviewed	0
853017_reviewed	853017_reviewed	1
854328_reviewed	854544_reviewed	1
853169_reviewed	855230_reviewed	0
852665_reviewed	854327_reviewed	1
851813_reviewed	851813_reviewed	1
853178_reviewed	856921_reviewed	1
850930_reviewed	852499_reviewed	1
855836_reviewed	856533_reviewed	1
853499_reviewed	851441_reviewed	1
851921_reviewed	852816_reviewed	0
851520_reviewed	853369_reviewed	1
850554_reviewed	856766_reviewed	1
851752_reviewed	854669_reviewed	0
853167_reviewed	855821_reviewed	1
851337_reviewed	851431_reviewed	1
854243_reviewed	856376_reviewed	0
855276_reviewed	852766_reviewed	1
853877_reviewed	856743_reviewed	0
855728_reviewed	854940_reviewed	1
853332_reviewed	856483_reviewed	0
850647_reviewed	855561_reviewed	1
856409_reviewed	856301_reviewed	1
853608_reviewed	853608_reviewed	1
851621_reviewed	855972_reviewed	0
855897_reviewed	855704_reviewed	1
855616_reviewed	852096_reviewed	1
856731_reviewed	856731_reviewed	1
852416_reviewed	852766_reviewed	0
855386_reviewed	856521_reviewed	0
852697_reviewed	855611_reviewed	0
850683_reviewed	851804_reviewed	0
851800_reviewed	855440_reviewed	1
855016_reviewed	856044_reviewed	0
853709_reviewed	854292_reviewed	0
851266_reviewed	855264_reviewed	1
850760_reviewed	853492_reviewed	0
852457_reviewed	850775_reviewed	1
851932_reviewed	853701_reviewed	0
850601_reviewed	854543_reviewed	0
851339_reviewed	853065_reviewed	1
852697_reviewed	852501_reviewed	1
852885_reviewed	854966_reviewed	1
853884_reviewed	851928_reviewed	1
853956_reviewed	850298_reviewed	1
852697_reviewed	854450_reviewed	1
852042_reviewed	851369_reviewed	1
852180_reviewed	851209_reviewed	1
850580_reviewed	850764_reviewed	0
856360_reviewed	850495_reviewed	1
853811_reviewed	855605_reviewed	1
850649_reviewed	856489_reviewed	0
851655_reviewed	850696_reviewed	1
852814_reviewed	855030_reviewed	0
853638_reviewed	851653_reviewed	1
850968_reviewed	852416_reviewed	0
856140_reviewed	853082_reviewed	1
853109_reviewed	856186_reviewed	1
853434_reviewed	853682_reviewed	1
856063_reviewed	856815_reviewed	0
853442_reviewed	853713_reviewed	1
856489_reviewed	851313_reviewed	1
852697_reviewed	854675_reviewed	1
853347_reviewed	851962_reviewed	1
851333_reviewed	853638_reviewed	0
850534_reviewed	852728_reviewed	1
850623_reviewed	852787_reviewed	0
853376_reviewed	854152_reviewed	0
851163_reviewed	851163_reviewed	1
851477_reviewed	852773_reviewed	0
851548_reviewed	856489_reviewed	1
851557_reviewed	853071_reviewed	0
851040_reviewed	856364_reviewed	1
856603_reviewed	850649_reviewed	1
852968_reviewed	855606_reviewed	0
850785_reviewed	854072_reviewed	1
852748_reviewed	853875_reviewed	0
851394_reviewed	852146_reviewed	0
855836_reviewed	855787_reviewed	1
851408_reviewed	854435_reviewed	1
852529_reviewed	850826_reviewed	1
852860_reviewed	853576_reviewed	0
853186_reviewed	854933_reviewed	1
852305_reviewed	853997_reviewed	1
852500_reviewed	850904_reviewed	1
854020_reviewed	855841_reviewed	0
851782_reviewed	853422_reviewed	0
851100_reviewed	855449_reviewed	1
855883_reviewed	850713_reviewed	1
850930_reviewed	853912_reviewed	0
850623_reviewed	856751_reviewed	1
850372_reviewed	853364_reviewed	0
856844_reviewed	854691_reviewed	1
850647_reviewed	854292_reviewed	1
855180_reviewed	855180_reviewed	1
851408_reviewed	852239_reviewed	1
853226_reviewed	856753_reviewed	1
850623_reviewed	852025_reviewed	1
852480_reviewed	856891_reviewed	0
854734_reviewed	855952_reviewed	0
851247_reviewed	851782_reviewed	0
851531_reviewed	852766_reviewed	0
855664_reviewed	856723_reviewed	1
851373_reviewed	856856_reviewed	1
855017_reviewed	855468_reviewed	0
853552_reviewed	854201_reviewed	0
852896_reviewed	854960_reviewed	1
855440_reviewed	856862_reviewed	0
856674_reviewed	856009_reviewed	1
850998_reviewed	854458_reviewed	1
852697_reviewed	853367_reviewed	1
850956_reviewed	855267_reviewed	0
854827_reviewed	856571_reviewed	0
854976_reviewed	855281_reviewed	0
855710_reviewed	855710_reviewed	1
856862_reviewed	856361_reviewed	1
851394_reviewed	853498_reviewed	1
854124_reviewed	856419_reviewed	0
850713_reviewed	851373_reviewed	0
851897_reviewed	856751_reviewed	0
852785_reviewed	856539_reviewed	0
855068_reviewed	854446_reviewed	1
851918_reviewed	856886_reviewed	0
852996_reviewed	853748_reviewed	0
851520_reviewed	853880_reviewed	1
851613_reviewed	853144_reviewed	0
850713_reviewed	854507_reviewed	0
851557_reviewed	851874_reviewed	0
851196_reviewed	854814_reviewed	0
850908_reviewed	852425_reviewed	1
852569_reviewed	854243_reviewed	0
851074_reviewed	850941_reviewed	1
853539_reviewed	856089_reviewed	1
852385_reviewed	855097_reviewed	0
854937_reviewed	855976_reviewed	1
856293_reviewed	855460_reviewed	1
852697_reviewed	853465_reviewed	0
851834_reviewed	850585_reviewed	1
851204_reviewed	853650_reviewed	1
856842_reviewed	853957_reviewed	1
855972_reviewed	856186_reviewed	0
851761_reviewed	856890_reviewed	1
855332_reviewed	855888_reviewed	1
851447_reviewed	856870_reviewed	0
855535_reviewed	850422_reviewed	1
855485_reviewed	852088_reviewed	1
850647_reviewed	855495_reviewed	1
851447_reviewed	856320_reviewed	0
856854_reviewed	852033_reviewed	1
850649_reviewed	855335_reviewed	0
851424_reviewed	854543_reviewed	0
853922_reviewed	853922_reviewed	1
850441_reviewed	852916_reviewed	0
855843_reviewed	856089_reviewed	1
850520_reviewed	850504_reviewed	1
852194_reviewed	854423_reviewed	1
853964_reviewed	856270_reviewed	0
852665_reviewed	853030_reviewed	0
853956_reviewed	855068_reviewed	1
856604_reviewed	854673_reviewed	1
850298_reviewed	855884_reviewed	1
853201_reviewed	854935_reviewed	1
854960_reviewed	856146_reviewed	0
853244_reviewed	853271_reviewed	0
853894_reviewed	850551_reviewed	1
856862_reviewed	855927_reviewed	1
850919_reviewed	853419_reviewed	0
855836_reviewed	854450_reviewed	1
856290_reviewed	856604_reviewed	0
852394_reviewed	853890_reviewed	0
855078_reviewed	855751_reviewed	0
851156_reviewed	854229_reviewed	0
850563_reviewed	855623_reviewed	1
852697_reviewed	856792_reviewed	1
854487_reviewed	855790_reviewed	0
851033_reviewed	851787_reviewed	0
853666_reviewed	855828_reviewed	0
854882_reviewed	850611_reviewed	1
853192_reviewed	850419_reviewed	1
855836_reviewed	850803_reviewed	1
853244_reviewed	853271_reviewed	0
852765_reviewed	856360_reviewed	0
851557_reviewed	852563_reviewed	0
856737_reviewed	855114_reviewed	1
851450_reviewed	856751_reviewed	0
854418_reviewed	855616_reviewed	1
853379_reviewed	856931_reviewed	0
851831_reviewed	856511_reviewed	0
852235_reviewed	856042_reviewed	1
856012_reviewed	856488_reviewed	1
850966_reviewed	852992_reviewed	1
852424_reviewed	853514_reviewed	0
854168_reviewed	851259_reviewed	1
852697_reviewed	853112_reviewed	1
851897_reviewed	852839_reviewed	0
856455_reviewed	852996_reviewed	1
850318_reviewed	853846_reviewed	0
854392_reviewed	856058_reviewed	0
850504_reviewed	856724_reviewed	0
850520_reviewed	853011_reviewed	0
854935_reviewed	851824_reviewed	1
851789_reviewed	852426_reviewed	1
856449_reviewed	856863_reviewed	0
852697_reviewed	852338_reviewed	1
855836_reviewed	850951_reviewed	1
853009_reviewed	854627_reviewed	0
851394_reviewed	853768_reviewed	1
856854_reviewed	853313_reviewed	1
854966_reviewed	850774_reviewed	1
851988_reviewed	853523_reviewed	0
852697_reviewed	852341_reviewed	1
851169_reviewed	855500_reviewed	0
854322_reviewed	856099_reviewed	0
856882_reviewed	856317_reviewed	1
853851_reviewed	855934_reviewed	1
851259_reviewed	850457_reviewed	1
850607_reviewed	851097_reviewed	1
852582_reviewed	855841_reviewed	0
852451_reviewed	852728_reviewed	0
853409_reviewed	851000_reviewed	1
852049_reviewed	851813_reviewed	1
852001_reviewed	852728_reviewed	0
852697_reviewed	856315_reviewed	0
851797_reviewed	850998_reviewed	1
855035_reviewed	855656_reviewed	0
852743_reviewed	855897_reviewed	1
850713_reviewed	854201_reviewed	0
851761_reviewed	851561_reviewed	1
851250_reviewed	855820_reviewed	0
852789_reviewed	856731_reviewed	0
851394_reviewed	853840_reviewed	1
851776_reviewed	853060_reviewed	1
855758_reviewed	851874_reviewed	1
855005_reviewed	855281_reviewed	0
856674_reviewed	852834_reviewed	1
855428_reviewed	856317_reviewed	0
850806_reviewed	853713_reviewed	0
850983_reviewed	853877_reviewed	0
852704_reviewed	854078_reviewed	0
850387_reviewed	850973_reviewed	0
850703_reviewed	851752_reviewed	0
850647_reviewed	852816_reviewed	1
851394_reviewed	852779_reviewed	1
851817_reviewed	854583_reviewed	1
851831_reviewed	856289_reviewed	0
855974_reviewed	855757_reviewed	1
855833_reviewed	856870_reviewed	0
855147_reviewed	855724_reviewed	1
852726_reviewed	855485_reviewed	1
851212_reviewed	855219_reviewed	1
851394_reviewed	855033_reviewed	1
851032_reviewed	852814_reviewed	0
850713_reviewed	854201_reviewed	0
856002_reviewed	856429_reviewed	0
854402_reviewed	854441_reviewed	0
851499_reviewed	855890_reviewed	0
852697_reviewed	852107_reviewed	1
856799_reviewed	856870_reviewed	0
855503_reviewed	852385_reviewed	1
851618_reviewed	856866_reviewed	0
853320_reviewed	855616_reviewed	0
851627_reviewed	855240_reviewed	0
854904_reviewed	855093_reviewed	0
852382_reviewed	856797_reviewed	0
850577_reviewed	852518_reviewed	0
853503_reviewed	851084_reviewed	1
850562_reviewed	854433_reviewed	1
855208_reviewed	856912_reviewed	1
853376_reviewed	855118_reviewed	1
852453_reviewed	856743_reviewed	0
855136_reviewed	851996_reviewed	1
853167_reviewed	854875_reviewed	0
850329_reviewed	855725_reviewed	1
852084_reviewed	856751_reviewed	1
851557_reviewed	852740_reviewed	0
851461_reviewed	851557_reviewed	1
852119_reviewed	850358_reviewed	1
850549_reviewed	854078_reviewed	1
854446_reviewed	855473_reviewed	0
856911_reviewed	854776_reviewed	1
850607_reviewed	855155_reviewed	0
851976_reviewed	856430_reviewed	0
855466_reviewed	855231_reviewed	1
850409_reviewed	852728_reviewed	0
854080_reviewed	854924_reviewed	0
850691_reviewed	855965_reviewed	0
851647_reviewed	852042_reviewed	0
856483_reviewed	856517_reviewed	0
853956_reviewed	853320_reviewed	1
850647_reviewed	854897_reviewed	1
851745_reviewed	852814_reviewed	1
854373_reviewed	856912_reviewed	1
856854_reviewed	851649_reviewed	1
855836_reviewed	856099_reviewed	1
853434_reviewed	854469_reviewed	1
851453_reviewed	851916_reviewed	0
851874_reviewed	852833_reviewed	0
850705_reviewed	856140_reviewed	1
851180_reviewed	851180_reviewed	1
854776_reviewed	854102_reviewed	1
854322_reviewed	855067_reviewed	0
850530_reviewed	855691_reviewed	0
852779_reviewed	851678_reviewed	1
855405_reviewed	855624_reviewed	0
851048_reviewed	853796_reviewed	1
851624_reviewed	853252_reviewed	1
853576_reviewed	855620_reviewed	0
850521_reviewed	851918_reviewed	0
854791_reviewed	852665_reviewed	1
851394_reviewed	853265_reviewed	1
850767_reviewed	851770_reviewed	1
852838_reviewed	855320_reviewed	0
850647_reviewed	855155_reviewed	1
853568_reviewed	855364_reviewed	0
856290_reviewed	851266_reviewed	1
852995_reviewed	855158_reviewed	0
850843_reviewed	855356_reviewed	0
854487_reviewed	855158_reviewed	1
854999_reviewed	852838_reviewed	1
853320_reviewed	856009_reviewed	0
854627_reviewed	856897_reviewed	0
852001_reviewed	855203_reviewed	0
851259_reviewed	851678_reviewed	1
856723_reviewed	850435_reviewed	1
856425_reviewed	851086_reviewed	1
854648_reviewed	855504_reviewed	0
851371_reviewed	856422_reviewed	1
852326_reviewed	851440_reviewed	1
855830_reviewed	856901_reviewed	0
852624_reviewed	853576_reviewed	0
850585_reviewed	856119_reviewed	1
855099_reviewed	851577_reviewed	1
851964_reviewed	854063_reviewed	0
855463_reviewed	855775_reviewed	0
854192_reviewed	850914_reviewed	1
850631_reviewed	851738_reviewed	0
854059_reviewed	854392_reviewed	1
853682_reviewed	854881_reviewed	0
853082_reviewed	856753_reviewed	1
851403_reviewed	854162_reviewed	0
853029_reviewed	854461_reviewed	0
851266_reviewed	854976_reviewed	1
856613_reviewed	851503_reviewed	1
851969_reviewed	855789_reviewed	0
854142_reviewed	852230_reviewed	1
851154_reviewed	853587_reviewed	0
856201_reviewed	856891_reviewed	1
850744_reviewed	853010_reviewed	0
850620_reviewed	855934_reviewed	1
853811_reviewed	850691_reviewed	1
852982_reviewed	851548_reviewed	1
851177_reviewed	856143_reviewed	1
855819_reviewed	854294_reviewed	1
850587_reviewed	856241_reviewed	0
850298_reviewed	856095_reviewed	1
852861_reviewed	856702_reviewed	0
851632_reviewed	856012_reviewed	1
856255_reviewed	855649_reviewed	1
851928_reviewed	852902_reviewed	0
850760_reviewed	855888_reviewed	0
851399_reviewed	856680_reviewed	1
852852_reviewed	853071_reviewed	0
854485_reviewed	856183_reviewed	0
850347_reviewed	855503_reviewed	0
853361_reviewed	855316_reviewed	0
854243_reviewed	855543_reviewed	0
850685_reviewed	852288_reviewed	0
856510_reviewed	851226_reviewed	1
852700_reviewed	853589_reviewed	0
854886_reviewed	856781_reviewed	1
851226_reviewed	856595_reviewed	0
853029_reviewed	856603_reviewed	1
851371_reviewed	854706_reviewed	0
856674_reviewed	856751_reviewed	0
851437_reviewed	852522_reviewed	0
853638_reviewed	856062_reviewed	1
850754_reviewed	852403_reviewed	1
850875_reviewed	855603_reviewed	0
855512_reviewed	856188_reviewed	1
853875_reviewed	854681_reviewed	0
854999_reviewed	853301_reviewed	1
850647_reviewed	853960_reviewed	1
850422_reviewed	854263_reviewed	1
852265_reviewed	856065_reviewed	0
854680_reviewed	855665_reviewed	0
851112_reviewed	853758_reviewed	0
850647_reviewed	856840_reviewed	1
852710_reviewed	855005_reviewed	0
850760_reviewed	852860_reviewed	1
851259_reviewed	853489_reviewed	1
850522_reviewed	854229_reviewed	0
853846_reviewed	853846_reviewed	1
851192_reviewed	855623_reviewed	0
853504_reviewed	856680_reviewed	1
856351_reviewed	855158_reviewed	1
854007_reviewed	856303_reviewed	0
850872_reviewed	851632_reviewed	1
851771_reviewed	852726_reviewed	0
855424_reviewed	856437_reviewed	0
851996_reviewed	851996_reviewed	1
855745_reviewed	853681_reviewed	1
854277_reviewed	855515_reviewed	0
852567_reviewed	854212_reviewed	0
852233_reviewed	852233_reviewed	1
851399_reviewed	853106_reviewed	0
852697_reviewed	851548_reviewed	1
855626_reviewed	856436_reviewed	0
856831_reviewed	853353_reviewed	1
852703_reviewed	854265_reviewed	0
854327_reviewed	854960_reviewed	0
851168_reviewed	856148_reviewed	1
855821_reviewed	856524_reviewed	0
851558_reviewed	853034_reviewed	0
850656_reviewed	856920_reviewed	0
855066_reviewed	856844_reviewed	1
851394_reviewed	852146_reviewed	0
850754_reviewed	852825_reviewed	0
851916_reviewed	853041_reviewed	0
856505_reviewed	854199_reviewed	1
853712_reviewed	853147_reviewed	1
852046_reviewed	853946_reviewed	1
854827_reviewed	856351_reviewed	1
853824_reviewed	854085_reviewed	1
855830_reviewed	856220_reviewed	0
852032_reviewed	855357_reviewed	0
853896_reviewed	856511_reviewed	0
853552_reviewed	854195_reviewed	0
852228_reviewed	856680_reviewed	0
851821_reviewed	855264_reviewed	0
852090_reviewed	851819_reviewed	1
852462_reviewed	854261_reviewed	0
853713_reviewed	855276_reviewed	0
851394_reviewed	854120_reviewed	1
855357_reviewed	855708_reviewed	0
855456_reviewed	853906_reviewed	1
850298_reviewed	852995_reviewed	0
850445_reviewed	850523_reviewed	0
850360_reviewed	852194_reviewed	0
850554_reviewed	856912_reviewed	1
851259_reviewed	851874_reviewed	0
853886_reviewed	852973_reviewed	1
851827_reviewed	852112_reviewed	0
850647_reviewed	851733_reviewed	1
853392_reviewed	855406_reviewed	0
855143_reviewed	855143_reviewed	1
854948_reviewed	854948_reviewed	1
851337_reviewed	852939_reviewed	1
853861_reviewed	856386_reviewed	1
855675_reviewed	856897_reviewed	0
850613_reviewed	854284_reviewed	1
855357_reviewed	852371_reviewed	1
855066_reviewed	852868_reviewed	1
851394_reviewed	852146_reviewed	0
854191_reviewed	854725_reviewed	0
851824_reviewed	853728_reviewed	0
850298_reviewed	853860_reviewed	0
854369_reviewed	854543_reviewed	0
851394_reviewed	852007_reviewed	1
855144_reviewed	853783_reviewed	1
850982_reviewed	853419_reviewed	0
855483_reviewed	854126_reviewed	1
851665_reviewed	856862_reviewed	0
851394_reviewed	851633_reviewed	1
855066_reviewed	850636_reviewed	1
851475_reviewed	853373_reviewed	0
850875_reviewed	856859_reviewed	1
853109_reviewed	855205_reviewed	0
853195_reviewed	856870_reviewed	0
853670_reviewed	853034_reviewed	1
850422_reviewed	856012_reviewed	0
855068_reviewed	855335_reviewed	1
852755_reviewed	853851_reviewed	1
850584_reviewed	853167_reviewed	0
856264_reviewed	853956_reviewed	1
854123_reviewed	854818_reviewed	1
850803_reviewed	852480_reviewed	1
854222_reviewed	855836_reviewed	1
856449_reviewed	856604_reviewed	1
856463_reviewed	856012_reviewed	1
856463_reviewed	852439_reviewed	1
850966_reviewed	851608_reviewed	0
851547_reviewed	855056_reviewed	0
854353_reviewed	853037_reviewed	1
855620_reviewed	855979_reviewed	0
850691_reviewed	851266_reviewed	0
853556_reviewed	856891_reviewed	0
856682_reviewed	854407_reviewed	1
855930_reviewed	853875_reviewed	1
850719_reviewed	851671_reviewed	0
850720_reviewed	855460_reviewed	0
856255_reviewed	855977_reviewed	1
852757_reviewed	853531_reviewed	0
856920_reviewed	855907_reviewed	1
851212_reviewed	850516_reviewed	1
853957_reviewed	854977_reviewed	0
850647_reviewed	854542_reviewed	1
853353_reviewed	851549_reviewed	1
850326_reviewed	852995_reviewed	0
851461_reviewed	856223_reviewed	1
856668_reviewed	851782_reviewed	1
853089_reviewed	851507_reviewed	1
855237_reviewed	856702_reviewed	1
850760_reviewed	855144_reviewed	0
854152_reviewed	854487_reviewed	0
851000_reviewed	856709_reviewed	0
854605_reviewed	856042_reviewed	0
850647_reviewed	853259_reviewed	1
851759_reviewed	856217_reviewed	0
855155_reviewed	851827_reviewed	1
851789_reviewed	855478_reviewed	0
852424_reviewed	854831_reviewed	0
851212_reviewed	856186_reviewed	1
851908_reviewed	852097_reviewed	0
852697_reviewed	854981_reviewed	1
851204_reviewed	852193_reviewed	0
851924_reviewed	855158_reviewed	1
851562_reviewed	852757_reviewed	0
855147_reviewed	855563_reviewed	1
851404_reviewed	856604_reviewed	0
852451_reviewed	855656_reviewed	0
851162_reviewed	851369_reviewed	0
852697_reviewed	854957_reviewed	1
853576_reviewed	854663_reviewed	0
851928_reviewed	853195_reviewed	0
850829_reviewed	851543_reviewed	0
856360_reviewed	856455_reviewed	0
850396_reviewed	853539_reviewed	1
850440_reviewed	851162_reviewed	0
851805_reviewed	856517_reviewed	1
855276_reviewed	855471_reviewed	0
853586_reviewed	855299_reviewed	0
851399_reviewed	853712_reviewed	0
856203_reviewed	854866_reviewed	1
850963_reviewed	854740_reviewed	0
856486_reviewed	852042_reviewed	1
851394_reviewed	850563_reviewed	1
853556_reviewed	855059_reviewed	0
852755_reviewed	854373_reviewed	1
855508_reviewed	856819_reviewed	0
850888_reviewed	851929_reviewed	0
853128_reviewed	855613_reviewed	0
850654_reviewed	851259_reviewed	1
851532_reviewed	856301_reviewed	0
850657_reviewed	855557_reviewed	0
851224_reviewed	851264_reviewed	0
856696_reviewed	851962_reviewed	1
851061_reviewed	855407_reviewed	0
850647_reviewed	854973_reviewed	1
852697_reviewed	854827_reviewed	1
854734_reviewed	856097_reviewed	1
855155_reviewed	855320_reviewed	0
850963_reviewed	855653_reviewed	0
852184_reviewed	852860_reviewed	1
852059_reviewed	850744_reviewed	1
856886_reviewed	856886_reviewed	1
855524_reviewed	851132_reviewed	1
851048_reviewed	855159_reviewed	0
853098_reviewed	853817_reviewed	0
851206_reviewed	856169_reviewed	0
855507_reviewed	851831_reviewed	1
853682_reviewed	850982_reviewed	1
853144_reviewed	853478_reviewed	0
856854_reviewed	851193_reviewed	1
852987_reviewed	850401_reviewed	1
855828_reviewed	855843_reviewed	0
853423_reviewed	851591_reviewed	1
850822_reviewed	851964_reviewed	0
852697_reviewed	854034_reviewed	1
850298_reviewed	854381_reviewed	0
851338_reviewed	852088_reviewed	0
851929_reviewed	854018_reviewed	1
851815_reviewed	852369_reviewed	0
855470_reviewed	854138_reviewed	1
852862_reviewed	855180_reviewed	1
850422_reviewed	854162_reviewed	0
852982_reviewed	850326_reviewed	1
856035_reviewed	856323_reviewed	1
852053_reviewed	852512_reviewed	0
851678_reviewed	855978_reviewed	0
851406_reviewed	851686_reviewed	1
851745_reviewed	852766_reviewed	1
855883_reviewed	850973_reviewed	1
852888_reviewed	856096_reviewed	0
855492_reviewed	856870_reviewed	0
853966_reviewed	855466_reviewed	0
856141_reviewed	852273_reviewed	1
851468_reviewed	855357_reviewed	0
854283_reviewed	853805_reviewed	1
852767_reviewed	850625_reviewed	1
855490_reviewed	855490_reviewed	1
856466_reviewed	850401_reviewed	1
852918_reviewed	856085_reviewed	0
852296_reviewed	852697_reviewed	0
855830_reviewed	855830_reviewed	1
855929_reviewed	856144_reviewed	0
851030_reviewed	850843_reviewed	1
852107_reviewed	853650_reviewed	1
851266_reviewed	852025_reviewed	0
855925_reviewed	850808_reviewed	1
852614_reviewed	856572_reviewed	0
856481_reviewed	851874_reviewed	1
850764_reviewed	856376_reviewed	0
856854_reviewed	856744_reviewed	1
855512_reviewed	856870_reviewed	0
850435_reviewed	856119_reviewed	0
851557_reviewed	852106_reviewed	0
855073_reviewed	850559_reviewed	1
850647_reviewed	854314_reviewed	1
852697_reviewed	856147_reviewed	0
854315_reviewed	856099_reviewed	0
851461_reviewed	852037_reviewed	1
852258_reviewed	855328_reviewed	0
850611_reviewed	855428_reviewed	0
851723_reviewed	854322_reviewed	0
850760_reviewed	851670_reviewed	0
850298_reviewed	856449_reviewed	0
852938_reviewed	855241_reviewed	0
854780_reviewed	854901_reviewed	1
854688_reviewed	856537_reviewed	0
850898_reviewed	853170_reviewed	1
854273_reviewed	854273_reviewed	1
851394_reviewed	856753_reviewed	1
850625_reviewed	854446_reviewed	0
851206_reviewed	853681_reviewed	0
852789_reviewed	852789_reviewed	1
851394_reviewed	856709_reviewed	1
853803_reviewed	855616_reviewed	0
851071_reviewed	852787_reviewed	0
852373_reviewed	854786_reviewed	0
853849_reviewed	855512_reviewed	0
854791_reviewed	852042_reviewed	1
851120_reviewed	851120_reviewed	1
854076_reviewed	856331_reviewed	0
850930_reviewed	855272_reviewed	1
850298_reviewed	853128_reviewed	1
856864_reviewed	851893_reviewed	1
850880_reviewed	853576_reviewed	0
853788_reviewed	854960_reviewed	1
851678_reviewed	856449_reviewed	1
853705_reviewed	856161_reviewed	0
851720_reviewed	853463_reviewed	0
852553_reviewed	853053_reviewed	1
850647_reviewed	851815_reviewed	1
853090_reviewed	855448_reviewed	0
854086_reviewed	856604_reviewed	0
854747_reviewed	853133_reviewed	1
853712_reviewed	854161_reviewed	0
855520_reviewed	856751_reviewed	0
851136_reviewed	852996_reviewed	1
851471_reviewed	851495_reviewed	0
850584_reviewed	853167_reviewed	0
851407_reviewed	853458_reviewed	1
852211_reviewed	853654_reviewed	1
852296_reviewed	851086_reviewed	1
850554_reviewed	855836_reviewed	1
854898_reviewed	852016_reviewed	1
851259_reviewed	850747_reviewed	1
855066_reviewed	855066_reviewed	1
853929_reviewed	855942_reviewed	1
853503_reviewed	850530_reviewed	1
850521_reviewed	854284_reviewed	0
856891_reviewed	854875_reviewed	1
855013_reviewed	851815_reviewed	1
854776_reviewed	854776_reviewed	1
851624_reviewed	852697_reviewed	0
852100_reviewed	854966_reviewed	0
851821_reviewed	852757_reviewed	0
851572_reviewed	854954_reviewed	1
853781_reviewed	851260_reviewed	1
856912_reviewed	851887_reviewed	1
856267_reviewed	855884_reviewed	1
850786_reviewed	856638_reviewed	1
852398_reviewed	856144_reviewed	1
855646_reviewed	856861_reviewed	0
854020_reviewed	855841_reviewed	0
852311_reviewed	854170_reviewed	0
851761_reviewed	853806_reviewed	0
851394_reviewed	856126_reviewed	1
854966_reviewed	850504_reviewed	1
856751_reviewed	853857_reviewed	1
855524_reviewed	854120_reviewed	1
855319_reviewed	856254_reviewed	0
852987_reviewed	853062_reviewed	1
851549_reviewed	854034_reviewed	0
850647_reviewed	856811_reviewed	1
851756_reviewed	854197_reviewed	0
851824_reviewed	856097_reviewed	1
853712_reviewed	854249_reviewed	0
852665_reviewed	852018_reviewed	1
852042_reviewed	853811_reviewed	0
854138_reviewed	856862_reviewed	0
850950_reviewed	853169_reviewed	0
851924_reviewed	853160_reviewed	0
851923_reviewed	856647_reviewed	0
851000_reviewed	855238_reviewed	0
851817_reviewed	855114_reviewed	0
852995_reviewed	856267_reviewed	0
850401_reviewed	855253_reviewed	0
854469_reviewed	855571_reviewed	0
853077_reviewed	851731_reviewed	1
854243_reviewed	855273_reviewed	0
851394_reviewed	853940_reviewed	1
851928_reviewed	852697_reviewed	0
850894_reviewed	852982_reviewed	0
855387_reviewed	855507_reviewed	1
856504_reviewed	856504_reviewed	1
855253_reviewed	855357_reviewed	0
851918_reviewed	851928_reviewed	0
851494_reviewed	852724_reviewed	1
855501_reviewed	855836_reviewed	0
851115_reviewed	855276_reviewed	0
850554_reviewed	855998_reviewed	1
852767_reviewed	853458_reviewed	0
853275_reviewed	853954_reviewed	0
853994_reviewed	856075_reviewed	0
855409_reviewed	856741_reviewed	1
854993_reviewed	851745_reviewed	1
850695_reviewed	854835_reviewed	0
853100_reviewed	853422_reviewed	1
856863_reviewed	855335_reviewed	1
852755_reviewed	852116_reviewed	1
852329_reviewed	852977_reviewed	0
851394_reviewed	855458_reviewed	1
855155_reviewed	855495_reviewed	0
852193_reviewed	853518_reviewed	1
852575_reviewed	854544_reviewed	1
852100_reviewed	852501_reviewed	1
851814_reviewed	853817_reviewed	0
853886_reviewed	853150_reviewed	1
853353_reviewed	853734_reviewed	0
853713_reviewed	853895_reviewed	1
852021_reviewed	856012_reviewed	1
850387_reviewed	850713_reviewed	0
856918_reviewed	856136_reviewed	1
854918_reviewed	856148_reviewed	0
850623_reviewed	853555_reviewed	0
851895_reviewed	853098_reviewed	0
851723_reviewed	855267_reviewed	1
852949_reviewed	855952_reviewed	0
852425_reviewed	855983_reviewed	1
851404_reviewed	855758_reviewed	0
855555_reviewed	855862_reviewed	0
852112_reviewed	855475_reviewed	0
852995_reviewed	856119_reviewed	0
855613_reviewed	853860_reviewed	1
854979_reviewed	856837_reviewed	0
854286_reviewed	854221_reviewed	1
850647_reviewed	851644_reviewed	1
851032_reviewed	851895_reviewed	0
855981_reviewed	856453_reviewed	0
852233_reviewed	853811_reviewed	0
851803_reviewed	853364_reviewed	0
853956_reviewed	856217_reviewed	1
853599_reviewed	854662_reviewed	0
850963_reviewed	856925_reviewed	0
852624_reviewed	854063_reviewed	0
852931_reviewed	851076_reviewed	1
852697_reviewed	853788_reviewed	1
854726_reviewed	856476_reviewed	0
852025_reviewed	853509_reviewed	1
851394_reviewed	855945_reviewed	1
852233_reviewed	852569_reviewed	0
850872_reviewed	852439_reviewed	0
853922_reviewed	855512_reviewed	1
854407_reviewed	856399_reviewed	0
854106_reviewed	854166_reviewed	0
856027_reviewed	852177_reviewed	1
856225_reviewed	856901_reviewed	0
855533_reviewed	851250_reviewed	1
852715_reviewed	856507_reviewed	0
850328_reviewed	850328_reviewed	1
851259_reviewed	853712_reviewed	0
852362_reviewed	852568_reviewed	0
855836_reviewed	851239_reviewed	1
852002_reviewed	856042_reviewed	0
850658_reviewed	850658_reviewed	1
854827_reviewed	855144_reviewed	1
853320_reviewed	855616_reviewed	0
853090_reviewed	854956_reviewed	0
854791_reviewed	856455_reviewed	0
855892_reviewed	853814_reviewed	1
850499_reviewed	854066_reviewed	0
856126_reviewed	853860_reviewed	1
852839_reviewed	852053_reviewed	1
853713_reviewed	855264_reviewed	0
851678_reviewed	856153_reviewed	0
852497_reviewed	855689_reviewed	0
852697_reviewed	855018_reviewed	1
851559_reviewed	854345_reviewed	1
850744_reviewed	854956_reviewed	0
856305_reviewed	852100_reviewed	1
851394_reviewed	850810_reviewed	1
850422_reviewed	853762_reviewed	1
850647_reviewed	852953_reviewed	1
856926_reviewed	852365_reviewed	1
851548_reviewed	855957_reviewed	0
852512_reviewed	851991_reviewed	1
855253_reviewed	853509_reviewed	1
851482_reviewed	856659_reviewed	0
851201_reviewed	856768_reviewed	0
855533_reviewed	856263_reviewed	0
854457_reviewed	856862_reviewed	0
851306_reviewed	854999_reviewed	1
853133_reviewed	854392_reviewed	0
853160_reviewed	853458_reviewed	0
856828_reviewed	854076_reviewed	1
851819_reviewed	856510_reviewed	0
854335_reviewed	850633_reviewed	1
855957_reviewed	854901_reviewed	1
853743_reviewed	855128_reviewed	1
855476_reviewed	850623_reviewed	1
852416_reviewed	856155_reviewed	1
850422_reviewed	854245_reviewed	1
854487_reviewed	855730_reviewed	0
850530_reviewed	851425_reviewed	0
855393_reviewed	856537_reviewed	0
854138_reviewed	854673_reviewed	0
854114_reviewed	856115_reviewed	0
852766_reviewed	854940_reviewed	0
854444_reviewed	856421_reviewed	1
853320_reviewed	856012_reviewed	1
852100_reviewed	856130_reviewed	1
852973_reviewed	856483_reviewed	0
853723_reviewed	855869_reviewed	1
855711_reviewed	856409_reviewed	0
852416_reviewed	852427_reviewed	1
851545_reviewed	852673_reviewed	1
851172_reviewed	856674_reviewed	0
850330_reviewed	851373_reviewed	0
851394_reviewed	852703_reviewed	1
856607_reviewed	850370_reviewed	1
855104_reviewed	855104_reviewed	1
851930_reviewed	851962_reviewed	0
856862_reviewed	856311_reviewed	1
851568_reviewed	853320_reviewed	0
852016_reviewed	855258_reviewed	1
851201_reviewed	852228_reviewed	0
852697_reviewed	851358_reviewed	1
850554_reviewed	852239_reviewed	1
853345_reviewed	855631_reviewed	0
855592_reviewed	854790_reviewed	1
855506_reviewed	856723_reviewed	0
853369_reviewed	855649_reviewed	0
852881_reviewed	852062_reviewed	1
851394_reviewed	854240_reviewed	1
856130_reviewed	854656_reviewed	1
852996_reviewed	852726_reviewed	1
854418_reviewed	853803_reviewed	1
851071_reviewed	853851_reviewed	0
852042_reviewed	854213_reviewed	1
851752_reviewed	852276_reviewed	1
851561_reviewed	851699_reviewed	0
851394_reviewed	855633_reviewed	1
851676_reviewed	853481_reviewed	0
853576_reviewed	854875_reviewed	0
854106_reviewed	856732_reviewed	0
851928_reviewed	856846_reviewed	0
852646_reviewed	850624_reviewed	1
854284_reviewed	855640_reviewed	1
850784_reviewed	852983_reviewed	0
853009_reviewed	852688_reviewed	1
856019_reviewed	856594_reviewed	1
850720_reviewed	850598_reviewed	1
851394_reviewed	855623_reviewed	1
856387_reviewed	853667_reviewed	1
853851_reviewed	854656_reviewed	0
855203_reviewed	852385_reviewed	1
853767_reviewed	855952_reviewed	1
855586_reviewed	850504_reviewed	1
854656_reviewed	856022_reviewed	0
852762_reviewed	852762_reviewed	1
854018_reviewed	855244_reviewed	0
852814_reviewed	853355_reviewed	0
851022_reviewed	851823_reviewed	0
853351_reviewed	855156_reviewed	0
853167_reviewed	854875_reviewed	0
853434_reviewed	855147_reviewed	0
850647_reviewed	852904_reviewed	1
852269_reviewed	856866_reviewed	0
851394_reviewed	853880_reviewed	1
851495_reviewed	852814_reviewed	0
852768_reviewed	853893_reviewed	1
850400_reviewed	852403_reviewed	0
851394_reviewed	851952_reviewed	1
856924_reviewed	851369_reviewed	1
854066_reviewed	856317_reviewed	0
850799_reviewed	852697_reviewed	0
851136_reviewed	854776_reviewed	1
851120_reviewed	856393_reviewed	0
853033_reviewed	854598_reviewed	0
852546_reviewed	856279_reviewed	1
850904_reviewed	854995_reviewed	1
851996_reviewed	856736_reviewed	0
851061_reviewed	851048_reviewed	1
850297_reviewed	856743_reviewed	0
850549_reviewed	850682_reviewed	1
851244_reviewed	851858_reviewed	0
851562_reviewed	855017_reviewed	0
851703_reviewed	856384_reviewed	0
853535_reviewed	854263_reviewed	0
853773_reviewed	853773_reviewed	1
852665_reviewed	855737_reviewed	0
851115_reviewed	853327_reviewed	1
856267_reviewed	853048_reviewed	1
856422_reviewed	853705_reviewed	1
851125_reviewed	851924_reviewed	1
852951_reviewed	850790_reviewed	1
851420_reviewed	855489_reviewed	0
853638_reviewed	856241_reviewed	0
855158_reviewed	856815_reviewed	0
853133_reviewed	854869_reviewed	0
856303_reviewed	856387_reviewed	0
850763_reviewed	855934_reviewed	1
852371_reviewed	855466_reviewed	0
853332_reviewed	855602_reviewed	0
850358_reviewed	850358_reviewed	1
850349_reviewed	850349_reviewed	1
852780_reviewed	851161_reviewed	1
852453_reviewed	852560_reviewed	0
855897_reviewed	856117_reviewed	1
850435_reviewed	850820_reviewed	0
856002_reviewed	856830_reviewed	0
852860_reviewed	853552_reviewed	1
853743_reviewed	855723_reviewed	1
850930_reviewed	856272_reviewed	0
851882_reviewed	854123_reviewed	1
856763_reviewed	853133_reviewed	1
855897_reviewed	850447_reviewed	1
851592_reviewed	851369_reviewed	1
852553_reviewed	853701_reviewed	1
850647_reviewed	856067_reviewed	1
850620_reviewed	856508_reviewed	1
852100_reviewed	854382_reviewed	0
856126_reviewed	855613_reviewed	1
852518_reviewed	854071_reviewed	0
856604_reviewed	856891_reviewed	0
853167_reviewed	855264_reviewed	0
853438_reviewed	853447_reviewed	1
850647_reviewed	856009_reviewed	1
855836_reviewed	850370_reviewed	1
852703_reviewed	850636_reviewed	1
853576_reviewed	856089_reviewed	1
854283_reviewed	856201_reviewed	0
852177_reviewed	853585_reviewed	1
856607_reviewed	856742_reviewed	1
852697_reviewed	851485_reviewed	1
856219_reviewed	850920_reviewed	1
850520_reviewed	853846_reviewed	0
854701_reviewed	854953_reviewed	0
852987_reviewed	854023_reviewed	1
852947_reviewed	854656_reviewed	0
851394_reviewed	856759_reviewed	1
856514_reviewed	855136_reviewed	1
852749_reviewed	856095_reviewed	0
851497_reviewed	855972_reviewed	1
850977_reviewed	854875_reviewed	0
851030_reviewed	856723_reviewed	0
851758_reviewed	853926_reviewed	0
854023_reviewed	854192_reviewed	0
852697_reviewed	853447_reviewed	0
855132_reviewed	851394_reviewed	1
850782_reviewed	851342_reviewed	0
852421_reviewed	853666_reviewed	0
852439_reviewed	855789_reviewed	0
853922_reviewed	850334_reviewed	1
855116_reviewed	850720_reviewed	1
850888_reviewed	856565_reviewed	1
855676_reviewed	855683_reviewed	0
852250_reviewed	854649_reviewed	0
850584_reviewed	852766_reviewed	0
852651_reviewed	856605_reviewed	0
853523_reviewed	856891_reviewed	0
852258_reviewed	852962_reviewed	0
852059_reviewed	855620_reviewed	0
852743_reviewed	856155_reviewed	0
852697_reviewed	854673_reviewed	0
850584_reviewed	852383_reviewed	0
852349_reviewed	853169_reviewed	0
852785_reviewed	856461_reviewed	0
851906_reviewed	852071_reviewed	1
850763_reviewed	854230_reviewed	0
856758_reviewed	851678_reviewed	1
850695_reviewed	853849_reviewed	0
851497_reviewed	856217_reviewed	1
850647_reviewed	855453_reviewed	1
852809_reviewed	855758_reviewed	0
850343_reviewed	853565_reviewed	0
850559_reviewed	855044_reviewed	1
853192_reviewed	856065_reviewed	0
854405_reviewed	852868_reviewed	1
853318_reviewed	854875_reviewed	0
852275_reviewed	853500_reviewed	0
850563_reviewed	852235_reviewed	0
855525_reviewed	852683_reviewed	1
850652_reviewed	850919_reviewed	0
853589_reviewed	855836_reviewed	0
852383_reviewed	854102_reviewed	0
854087_reviewed	850803_reviewed	1
852235_reviewed	855754_reviewed	0
854977_reviewed	856844_reviewed	0
850623_reviewed	855599_reviewed	0
854351_reviewed	855888_reviewed	0
851266_reviewed	854063_reviewed	1
851557_reviewed	856870_reviewed	0
852987_reviewed	853712_reviewed	0
851284_reviewed	852835_reviewed	0
855728_reviewed	855468_reviewed	1
852945_reviewed	854379_reviewed	1
852497_reviewed	853438_reviewed	1
855281_reviewed	854497_reviewed	1
850647_reviewed	855309_reviewed	1
852416_reviewed	853133_reviewed	0
851775_reviewed	856112_reviewed	0
851318_reviewed	856674_reviewed	0
850647_reviewed	853150_reviewed	1
851061_reviewed	856575_reviewed	0
852404_reviewed	854085_reviewed	0
853908_reviewed	853908_reviewed	1
853320_reviewed	854874_reviewed	0
852547_reviewed	854322_reviewed	0
851222_reviewed	851771_reviewed	1
851660_reviewed	853160_reviewed	0
850652_reviewed	855664_reviewed	0
852025_reviewed	856484_reviewed	0
852020_reviewed	854979_reviewed	1
854317_reviewed	855897_reviewed	0
851860_reviewed	854678_reviewed	1
852119_reviewed	852749_reviewed	0
851842_reviewed	852779_reviewed	0
851665_reviewed	852042_reviewed	0
850883_reviewed	851660_reviewed	0
851394_reviewed	852976_reviewed	1
852403_reviewed	854949_reviewed	0
852763_reviewed	854469_reviewed	0
853264_reviewed	854791_reviewed	0
851075_reviewed	856478_reviewed	1
852371_reviewed	855952_reviewed	0
854032_reviewed	856098_reviewed	0
856126_reviewed	855335_reviewed	1
852258_reviewed	852947_reviewed	0
851259_reviewed	856141_reviewed	0
850652_reviewed	852982_reviewed	0
854938_reviewed	855834_reviewed	1
853167_reviewed	855005_reviewed	1
850647_reviewed	853106_reviewed	1
853382_reviewed	856384_reviewed	0
855468_reviewed	856751_reviewed	0
850647_reviewed	854740_reviewed	1
852468_reviewed	850904_reviewed	1
855819_reviewed	850539_reviewed	1
851007_reviewed	853616_reviewed	0
850505_reviewed	850654_reviewed	0
851678_reviewed	855978_reviewed	0
855841_reviewed	853757_reviewed	1
850647_reviewed	855544_reviewed	1
856799_reviewed	853811_reviewed	1
853199_reviewed	854564_reviewed	0
854284_reviewed	855827_reviewed	1
850769_reviewed	850769_reviewed	1
852248_reviewed	855780_reviewed	1
851052_reviewed	856677_reviewed	1
852258_reviewed	856089_reviewed	0
851660_reviewed	853860_reviewed	0
852834_reviewed	856862_reviewed	0
854477_reviewed	851067_reviewed	1
850973_reviewed	851335_reviewed	1
850647_reviewed	850558_reviewed	1
856351_reviewed	856862_reviewed	0
854161_reviewed	855951_reviewed	0
850450_reviewed	855771_reviewed	0
853712_reviewed	855728_reviewed	0
852885_reviewed	855204_reviewed	0
851399_reviewed	854156_reviewed	1
850952_reviewed	850496_reviewed	1
852740_reviewed	851410_reviewed	1
852088_reviewed	855386_reviewed	0
850843_reviewed	854673_reviewed	1
855639_reviewed	856746_reviewed	0
850763_reviewed	855950_reviewed	0
852319_reviewed	856862_reviewed	0
852265_reviewed	854976_reviewed	0
856607_reviewed	855836_reviewed	1
851450_reviewed	854933_reviewed	0
850504_reviewed	850504_reviewed	1
853658_reviewed	853846_reviewed	0
855013_reviewed	855052_reviewed	1
852536_reviewed	853729_reviewed	1
850810_reviewed	850884_reviewed	0
851686_reviewed	855937_reviewed	0
851259_reviewed	853433_reviewed	1
851994_reviewed	852184_reviewed	0
852319_reviewed	854229_reviewed	0
852802_reviewed	850872_reviewed	1
850504_reviewed	855339_reviewed	0
854827_reviewed	850734_reviewed	1
853178_reviewed	855929_reviewed	0
855730_reviewed	856488_reviewed	0
850709_reviewed	856584_reviewed	0
851678_reviewed	853320_reviewed	1
850869_reviewed	851447_reviewed	0
853029_reviewed	856463_reviewed	0
854116_reviewed	850551_reviewed	1
855339_reviewed	856736_reviewed	0
855143_reviewed	855543_reviewed	1
852697_reviewed	854277_reviewed	1
850647_reviewed	851981_reviewed	1
851632_reviewed	850652_reviewed	1
850497_reviewed	854271_reviewed	1
852724_reviewed	855507_reviewed	1
852487_reviewed	855862_reviewed	0
856607_reviewed	852372_reviewed	1
855687_reviewed	856901_reviewed	1
852455_reviewed	855836_reviewed	0
853060_reviewed	853851_reviewed	1
852248_reviewed	855358_reviewed	1
854875_reviewed	854926_reviewed	1
854503_reviewed	855306_reviewed	0
851399_reviewed	853195_reviewed	0
852673_reviewed	850980_reviewed	1
854407_reviewed	854790_reviewed	1
855449_reviewed	855945_reviewed	0
850982_reviewed	855789_reviewed	0
852703_reviewed	856844_reviewed	0
850351_reviewed	855221_reviewed	0
852822_reviewed	856677_reviewed	0
853453_reviewed	854246_reviewed	0
855524_reviewed	855524_reviewed	1
850298_reviewed	851660_reviewed	0
855239_reviewed	853283_reviewed	1
853717_reviewed	853920_reviewed	0
852591_reviewed	852591_reviewed	1
851575_reviewed	856019_reviewed	0
850516_reviewed	854319_reviewed	0
854204_reviewed	850920_reviewed	1
852984_reviewed	854671_reviewed	1
853090_reviewed	856455_reviewed	0
850520_reviewed	855586_reviewed	1
856892_reviewed	850639_reviewed	1
851059_reviewed	851032_reviewed	1
852996_reviewed	856891_reviewed	1
851394_reviewed	854953_reviewed	1
851904_reviewed	855945_reviewed	0
852755_reviewed	854034_reviewed	1
852042_reviewed	854379_reviewed	1
855203_reviewed	856613_reviewed	0
851394_reviewed	856158_reviewed	1
851495_reviewed	852806_reviewed	0
855466_reviewed	852972_reviewed	1
851005_reviewed	851827_reviewed	1
851879_reviewed	853434_reviewed	1
851024_reviewed	851373_reviewed	1
852766_reviewed	853318_reviewed	0
853308_reviewed	853926_reviewed	0
850318_reviewed	851813_reviewed	0
850520_reviewed	850920_reviewed	0
851592_reviewed	856518_reviewed	0
851394_reviewed	853075_reviewed	1
852028_reviewed	852819_reviewed	0
853035_reviewed	856186_reviewed	1
852755_reviewed	853439_reviewed	0
851259_reviewed	853363_reviewed	0
850358_reviewed	853351_reviewed	0
850549_reviewed	850688_reviewed	1
855090_reviewed	855726_reviewed	1
854776_reviewed	851568_reviewed	1
856603_reviewed	854263_reviewed	1
851126_reviewed	855897_reviewed	0
851517_reviewed	855968_reviewed	0
856481_reviewed	856709_reviewed	0
854948_reviewed	855836_reviewed	0
855524_reviewed	856381_reviewed	1
854229_reviewed	854372_reviewed	0
853856_reviewed	856301_reviewed	0
854527_reviewed	856169_reviewed	0
852780_reviewed	852951_reviewed	0
852757_reviewed	855155_reviewed	0
854701_reviewed	855580_reviewed	0
854245_reviewed	855957_reviewed	0
851548_reviewed	852305_reviewed	1
853350_reviewed	854119_reviewed	0
855409_reviewed	850585_reviewed	1
851394_reviewed	851071_reviewed	1
853870_reviewed	854889_reviewed	0
850612_reviewed	850682_reviewed	0
850771_reviewed	850771_reviewed	1
853808_reviewed	855184_reviewed	0
851394_reviewed	853748_reviewed	1
851499_reviewed	853062_reviewed	0
850966_reviewed	854212_reviewed	0
853554_reviewed	855449_reviewed	0
855554_reviewed	850445_reviewed	1
852319_reviewed	855682_reviewed	0
850983_reviewed	851648_reviewed	0
851544_reviewed	855324_reviewed	0
852703_reviewed	853808_reviewed	1
852556_reviewed	852556_reviewed	1
853376_reviewed	856463_reviewed	0
850612_reviewed	854669_reviewed	0
853194_reviewed	851777_reviewed	1
851394_reviewed	856223_reviewed	1
854769_reviewed	852821_reviewed	1
854912_reviewed	850419_reviewed	1
853857_reviewed	853946_reviewed	0
850734_reviewed	850909_reviewed	1
854989_reviewed	856716_reviewed	1
852431_reviewed	854084_reviewed	0
851906_reviewed	854102_reviewed	0
851394_reviewed	853949_reviewed	1
852740_reviewed	856014_reviewed	0
851408_reviewed	855040_reviewed	1
854315_reviewed	852383_reviewed	1
854731_reviewed	853397_reviewed	1
851471_reviewed	855155_reviewed	1
853576_reviewed	855470_reviewed	0
853538_reviewed	856587_reviewed	0
856498_reviewed	856311_reviewed	1
852896_reviewed	855130_reviewed	0
851259_reviewed	856142_reviewed	0
851318_reviewed	855253_reviewed	1
852553_reviewed	854586_reviewed	0
854408_reviewed	853956_reviewed	1
851394_reviewed	851431_reviewed	1
851500_reviewed	853814_reviewed	0
852662_reviewed	853406_reviewed	1
852001_reviewed	855965_reviewed	0
856723_reviewed	855539_reviewed	1
851513_reviewed	856870_reviewed	0
856126_reviewed	856488_reviewed	1
855664_reviewed	854381_reviewed	1
856924_reviewed	850585_reviewed	1
855068_reviewed	853860_reviewed	1
851223_reviewed	855082_reviewed	1
851225_reviewed	853325_reviewed	0
856220_reviewed	856367_reviewed	0
855013_reviewed	855533_reviewed	0
851394_reviewed	851325_reviewed	1
852371_reviewed	855224_reviewed	1
855068_reviewed	856449_reviewed	1
851025_reviewed	854322_reviewed	0
852918_reviewed	856680_reviewed	0
853445_reviewed	854487_reviewed	1
850298_reviewed	855730_reviewed	0
853029_reviewed	855512_reviewed	1
856580_reviewed	855830_reviewed	1
851632_reviewed	854881_reviewed	1
851394_reviewed	854901_reviewed	1
850756_reviewed	852921_reviewed	0
855547_reviewed	856012_reviewed	1
852419_reviewed	852443_reviewed	0
854583_reviewed	855886_reviewed	1
850647_reviewed	851063_reviewed	1
850973_reviewed	855541_reviewed	0
851488_reviewed	856141_reviewed	0
850607_reviewed	856089_reviewed	1
856263_reviewed	854889_reviewed	1
850650_reviewed	854208_reviewed	1
856607_reviewed	852037_reviewed	1
852404_reviewed	854085_reviewed	0
851313_reviewed	856267_reviewed	0
850422_reviewed	856255_reviewed	1
854192_reviewed	856320_reviewed	0
853089_reviewed	854436_reviewed	0
854828_reviewed	855532_reviewed	1
852860_reviewed	856437_reviewed	1
850769_reviewed	850496_reviewed	1
852780_reviewed	854242_reviewed	1
852688_reviewed	854627_reviewed	1
856508_reviewed	856663_reviewed	0
854427_reviewed	851521_reviewed	1
854138_reviewed	855253_reviewed	0
856425_reviewed	850785_reviewed	1
853170_reviewed	855675_reviewed	0
853369_reviewed	856863_reviewed	0
856751_reviewed	852896_reviewed	1
850441_reviewed	852522_reviewed	1
852100_reviewed	850793_reviewed	1
850422_reviewed	855158_reviewed	1
852918_reviewed	855586_reviewed	0
850782_reviewed	854444_reviewed	0
854245_reviewed	856815_reviewed	1
851660_reviewed	854381_reviewed	1
851224_reviewed	855201_reviewed	1
853353_reviewed	852018_reviewed	1
853167_reviewed	854315_reviewed	0
850647_reviewed	851022_reviewed	1
855426_reviewed	856604_reviewed	0
854162_reviewed	856264_reviewed	0
853359_reviewed	852398_reviewed	1
852755_reviewed	856912_reviewed	1
851479_reviewed	853355_reviewed	0
850551_reviewed	850551_reviewed	1
852512_reviewed	854933_reviewed	0
853641_reviewed	854191_reviewed	1
853728_reviewed	856677_reviewed	0
852767_reviewed	853029_reviewed	0
856169_reviewed	855981_reviewed	1
852194_reviewed	855836_reviewed	0
851259_reviewed	854119_reviewed	0
853908_reviewed	855669_reviewed	0
852782_reviewed	854327_reviewed	0
851394_reviewed	850799_reviewed	1
855836_reviewed	856186_reviewed	0
851513_reviewed	856035_reviewed	0
850647_reviewed	851507_reviewed	1
852373_reviewed	855005_reviewed	1
856831_reviewed	852365_reviewed	1
854245_reviewed	856095_reviewed	1
851394_reviewed	851694_reviewed	1
850568_reviewed	851676_reviewed	1
855838_reviewed	856691_reviewed	0
853458_reviewed	855335_reviewed	0
853868_reviewed	853398_reviewed	1
852404_reviewed	854085_reviewed	0
851394_reviewed	853050_reviewed	1
854245_reviewed	855884_reviewed	1
855155_reviewed	854379_reviewed	1
852673_reviewed	855404_reviewed	0
851259_reviewed	856677_reviewed	0
855158_reviewed	855335_reviewed	1
852938_reviewed	853060_reviewed	1
851196_reviewed	851259_reviewed	0
856680_reviewed	852673_reviewed	1
852457_reviewed	850306_reviewed	1
852277_reviewed	854680_reviewed	1
851389_reviewed	855357_reviewed	0
851874_reviewed	853774_reviewed	0
853168_reviewed	851394_reviewed	1
850647_reviewed	856859_reviewed	1
850741_reviewed	853824_reviewed	0
850714_reviewed	854229_reviewed	0
854059_reviewed	855448_reviewed	0
850647_reviewed	854978_reviewed	1
853504_reviewed	855460_reviewed	1
855547_reviewed	856063_reviewed	1
852212_reviewed	855224_reviewed	1
852439_reviewed	853682_reviewed	1
852660_reviewed	852721_reviewed	0
854966_reviewed	856219_reviewed	0
854315_reviewed	855460_reviewed	0
850712_reviewed	855543_reviewed	0
851029_reviewed	856892_reviewed	1
850620_reviewed	853654_reviewed	0
851102_reviewed	852369_reviewed	0
851924_reviewed	856863_reviewed	0
852049_reviewed	854827_reviewed	1
851394_reviewed	851893_reviewed	1
852127_reviewed	854026_reviewed	1
854333_reviewed	854333_reviewed	1
851756_reviewed	855155_reviewed	0
852592_reviewed	854956_reviewed	0
852228_reviewed	853734_reviewed	0
851032_reviewed	851988_reviewed	0
853442_reviewed	854656_reviewed	0
850298_reviewed	856217_reviewed	1
851394_reviewed	851069_reviewed	1
850440_reviewed	856836_reviewed	0
853350_reviewed	850521_reviewed	1
854322_reviewed	854749_reviewed	0
852452_reviewed	855952_reviewed	0
855448_reviewed	850297_reviewed	1
851206_reviewed	851988_reviewed	1
855319_reviewed	856607_reviewed	1
853320_reviewed	855616_reviewed	0
854212_reviewed	856272_reviewed	0
850920_reviewed	853381_reviewed	0
852071_reviewed	853364_reviewed	0
850647_reviewed	850983_reviewed	1
851483_reviewed	851788_reviewed	1
851944_reviewed	855453_reviewed	0
850647_reviewed	851322_reviewed	1
856854_reviewed	853805_reviewed	1
855466_reviewed	853071_reviewed	1
855952_reviewed	855888_reviewed	1
852060_reviewed	853682_reviewed	0
851226_reviewed	853307_reviewed	0
853041_reviewed	851495_reviewed	1
850505_reviewed	855180_reviewed	0
852996_reviewed	854791_reviewed	1
852967_reviewed	855469_reviewed	0
853743_reviewed	856231_reviewed	1
854284_reviewed	854939_reviewed	0
850682_reviewed	852042_reviewed	0
854123_reviewed	855144_reviewed	1
851362_reviewed	851139_reviewed	1
850360_reviewed	855716_reviewed	0
855646_reviewed	856861_reviewed	0
852194_reviewed	854843_reviewed	1
852057_reviewed	855323_reviewed	0
850767_reviewed	852662_reviewed	0
850419_reviewed	852762_reviewed	0
852697_reviewed	852269_reviewed	1
851265_reviewed	852472_reviewed	1
854966_reviewed	855155_reviewed	0
851136_reviewed	851136_reviewed	1
853811_reviewed	856918_reviewed	1
851897_reviewed	852547_reviewed	1
854181_reviewed	855412_reviewed	0
851217_reviewed	851421_reviewed	1
852230_reviewed	852660_reviewed	1
850554_reviewed	850633_reviewed	1
850968_reviewed	850968_reviewed	1
851960_reviewed	856508_reviewed	0
852025_reviewed	853192_reviewed	0
853681_reviewed	856911_reviewed	0
853566_reviewed	854243_reviewed	0
853922_reviewed	855530_reviewed	0
851034_reviewed	851819_reviewed	1
855675_reviewed	852688_reviewed	1
853880_reviewed	854382_reviewed	0
850304_reviewed	855158_reviewed	0
852464_reviewed	855512_reviewed	1
856042_reviewed	856042_reviewed	1
851109_reviewed	856737_reviewed	0
854843_reviewed	856571_reviewed	1
853912_reviewed	852876_reviewed	1
851259_reviewed	852371_reviewed	1
851671_reviewed	855228_reviewed	1
850909_reviewed	855013_reviewed	0
854543_reviewed	852039_reviewed	1
850598_reviewed	855049_reviewed	1
851265_reviewed	850702_reviewed	1
852560_reviewed	854702_reviewed	0
851394_reviewed	850601_reviewed	1
853136_reviewed	854666_reviewed	0
852728_reviewed	854806_reviewed	0
851771_reviewed	856453_reviewed	0
852042_reviewed	855143_reviewed	0
851761_reviewed	852322_reviewed	0
851399_reviewed	856141_reviewed	1
853780_reviewed	854881_reviewed	0
851819_reviewed	855306_reviewed	0
853876_reviewed	852369_reviewed	1
851482_reviewed	850779_reviewed	1
851394_reviewed	855463_reviewed	1
852569_reviewed	853922_reviewed	1
853946_reviewed	855116_reviewed	0
851212_reviewed	852053_reviewed	1
851406_reviewed	855954_reviewed	0
852665_reviewed	855061_reviewed	0
852665_reviewed	852814_reviewed	0
856607_reviewed	852003_reviewed	1
853320_reviewed	855964_reviewed	0
853581_reviewed	854503_reviewed	0
852541_reviewed	854229_reviewed	0
852681_reviewed	852814_reviewed	0
851394_reviewed	851107_reviewed	1
851240_reviewed	855789_reviewed	1
850763_reviewed	853160_reviewed	1
856862_reviewed	856837_reviewed	1
855048_reviewed	856887_reviewed	1
851804_reviewed	853552_reviewed	0
853304_reviewed	853304_reviewed	1
855897_reviewed	856870_reviewed	0
853922_reviewed	854379_reviewed	0
854382_reviewed	852582_reviewed	1
851266_reviewed	853030_reviewed	0
852553_reviewed	855585_reviewed	1
854286_reviewed	854286_reviewed	1
853796_reviewed	855978_reviewed	1
852398_reviewed	852618_reviewed	1
854993_reviewed	855757_reviewed	0
852767_reviewed	853674_reviewed	1
854497_reviewed	855745_reviewed	0
851337_reviewed	855943_reviewed	0
853774_reviewed	853774_reviewed	1
852194_reviewed	852992_reviewed	0
854138_reviewed	854379_reviewed	0
850454_reviewed	855642_reviewed	1
854647_reviewed	854647_reviewed	1
851259_reviewed	856141_reviewed	0
850549_reviewed	856063_reviewed	1
851206_reviewed	855539_reviewed	0
855386_reviewed	852392_reviewed	1
850367_reviewed	854889_reviewed	0
850647_reviewed	852113_reviewed	1
853811_reviewed	855981_reviewed	1
853783_reviewed	855449_reviewed	1
854497_reviewed	855144_reviewed	0
851030_reviewed	852258_reviewed	1
851259_reviewed	854973_reviewed	1
852452_reviewed	852697_reviewed	0
852975_reviewed	853230_reviewed	0
854937_reviewed	852352_reviewed	1
851329_reviewed	852177_reviewed	0
852778_reviewed	854265_reviewed	0
852305_reviewed	855066_reviewed	1
854669_reviewed	853585_reviewed	1
853601_reviewed	853834_reviewed	1
851394_reviewed	850753_reviewed	1
850803_reviewed	854249_reviewed	1
854675_reviewed	853609_reviewed	1
851994_reviewed	855889_reviewed	0
853886_reviewed	855176_reviewed	1
855602_reviewed	855705_reviewed	0
856842_reviewed	852788_reviewed	1
852013_reviewed	855055_reviewed	1
856458_reviewed	850585_reviewed	1
852661_reviewed	855224_reviewed	0
854964_reviewed	852269_reviewed	1
853418_reviewed	856611_reviewed	0
852726_reviewed	854550_reviewed	0
855013_reviewed	851250_reviewed	1
853419_reviewed	851548_reviewed	1
855013_reviewed	856263_reviewed	0
852003_reviewed	852037_reviewed	1
852079_reviewed	852394_reviewed	0
851404_reviewed	856223_reviewed	0
851219_reviewed	856387_reviewed	0
855261_reviewed	856148_reviewed	1
851212_reviewed	855253_reviewed	0
854263_reviewed	856186_reviewed	1
851028_reviewed	850934_reviewed	1
851678_reviewed	855362_reviewed	0
854359_reviewed	855866_reviewed	0
856237_reviewed	850768_reviewed	1
853985_reviewed	852053_reviewed	1
855836_reviewed	855728_reviewed	1
850330_reviewed	856892_reviewed	1
856856_reviewed	852403_reviewed	1
851005_reviewed	855264_reviewed	0
855386_reviewed	855097_reviewed	1
853712_reviewed	854249_reviewed	0
851688_reviewed	851688_reviewed	1
851678_reviewed	856731_reviewed	0
851005_reviewed	854034_reviewed	0
856009_reviewed	856429_reviewed	0
854063_reviewed	854706_reviewed	0
851259_reviewed	855543_reviewed	1
853371_reviewed	850775_reviewed	1
854487_reviewed	856063_reviewed	0
852194_reviewed	855836_reviewed	0
855449_reviewed	855620_reviewed	1
852549_reviewed	855628_reviewed	1
853463_reviewed	856746_reviewed	1
853649_reviewed	855620_reviewed	0
851469_reviewed	856431_reviewed	0
852053_reviewed	853133_reviewed	0
851394_reviewed	850520_reviewed	1
851394_reviewed	853718_reviewed	1
851904_reviewed	853539_reviewed	1
850496_reviewed	850496_reviewed	1
851800_reviewed	853535_reviewed	0
851025_reviewed	854937_reviewed	0
850914_reviewed	851928_reviewed	0
850450_reviewed	854819_reviewed	1
850998_reviewed	853416_reviewed	0
851408_reviewed	852372_reviewed	1
851052_reviewed	852423_reviewed	0
850694_reviewed	853886_reviewed	0
853743_reviewed	854462_reviewed	1
853692_reviewed	856671_reviewed	0
850506_reviewed	854889_reviewed	1
851161_reviewed	855463_reviewed	1
855861_reviewed	850585_reviewed	1
853851_reviewed	855828_reviewed	0
851962_reviewed	852258_reviewed	0
851424_reviewed	853178_reviewed	0
855586_reviewed	852885_reviewed	1
851923_reviewed	856702_reviewed	0
854328_reviewed	854435_reviewed	1
855076_reviewed	851168_reviewed	1
852371_reviewed	854263_reviewed	0
851259_reviewed	855633_reviewed	1
850314_reviewed	854909_reviewed	1
854780_reviewed	850320_reviewed	1
850647_reviewed	854887_reviewed	1
854691_reviewed	854977_reviewed	0
852276_reviewed	850753_reviewed	1
853400_reviewed	856293_reviewed	1
853743_reviewed	855495_reviewed	1
856042_reviewed	853503_reviewed	1
851834_reviewed	852664_reviewed	1
851666_reviewed	850430_reviewed	1
853922_reviewed	856320_reviewed	0
850607_reviewed	852512_reviewed	1
851495_reviewed	856723_reviewed	0
852427_reviewed	855180_reviewed	0
852697_reviewed	851870_reviewed	1
851143_reviewed	851201_reviewed	1
854550_reviewed	855328_reviewed	0
852575_reviewed	853128_reviewed	0
851279_reviewed	856698_reviewed	0
851921_reviewed	852553_reviewed	0
852726_reviewed	854322_reviewed	0
852549_reviewed	856466_reviewed	0
855974_reviewed	851771_reviewed	1
856863_reviewed	853682_reviewed	1
851394_reviewed	853071_reviewed	1
856076_reviewed	851126_reviewed	1
850829_reviewed	855355_reviewed	0
853416_reviewed	855929_reviewed	1
852088_reviewed	855500_reviewed	0
852084_reviewed	855506_reviewed	0
852230_reviewed	853287_reviewed	0
856758_reviewed	851196_reviewed	1
851394_reviewed	855605_reviewed	1
854827_reviewed	856571_reviewed	0
852757_reviewed	854791_reviewed	0
851266_reviewed	851897_reviewed	0
854252_reviewed	855412_reviewed	0
850647_reviewed	855726_reviewed	1
852079_reviewed	850782_reviewed	1
850552_reviewed	851263_reviewed	0
851647_reviewed	856044_reviewed	0
851988_reviewed	854550_reviewed	0
851708_reviewed	854827_reviewed	1
850947_reviewed	851544_reviewed	0
855958_reviewed	856677_reviewed	0
853688_reviewed	854778_reviewed	1
851342_reviewed	853876_reviewed	0
852726_reviewed	856680_reviewed	0
851710_reviewed	853237_reviewed	1
850888_reviewed	854018_reviewed	1
850562_reviewed	852037_reviewed	1
853503_reviewed	854740_reviewed	1
856140_reviewed	854977_reviewed	1
855650_reviewed	855833_reviewed	0
853658_reviewed	856291_reviewed	0
855897_reviewed	856515_reviewed	0
851935_reviewed	853283_reviewed	1
852385_reviewed	854480_reviewed	0
856254_reviewed	852245_reviewed	1
852371_reviewed	853361_reviewed	0
854247_reviewed	854283_reviewed	0
853072_reviewed	855841_reviewed	1
850372_reviewed	850970_reviewed	1
850683_reviewed	852989_reviewed	1
855820_reviewed	855820_reviewed	1
850647_reviewed	856230_reviewed	1
851475_reviewed	856481_reviewed	0
852091_reviewed	856130_reviewed	0
856254_reviewed	853880_reviewed	1
851738_reviewed	856241_reviewed	0
852214_reviewed	853167_reviewed	0
852568_reviewed	856716_reviewed	0
852014_reviewed	854667_reviewed	0
855605_reviewed	856700_reviewed	1
855136_reviewed	851051_reviewed	1
856267_reviewed	851548_reviewed	1
853566_reviewed	856249_reviewed	0
851653_reviewed	851855_reviewed	0
852819_reviewed	856518_reviewed	0
850806_reviewed	852512_reviewed	0
851394_reviewed	853155_reviewed	1
856709_reviewed	856437_reviewed	1
856854_reviewed	853281_reviewed	1
850744_reviewed	854656_reviewed	0
851996_reviewed	856862_reviewed	1
853202_reviewed	853631_reviewed	0
850401_reviewed	852501_reviewed	0
852410_reviewed	855161_reviewed	0
855539_reviewed	856012_reviewed	1
853047_reviewed	855611_reviewed	0
854680_reviewed	855035_reviewed	0
855739_reviewed	855739_reviewed	1
853029_reviewed	850919_reviewed	1
852762_reviewed	851798_reviewed	1
850779_reviewed	851223_reviewed	0
853743_reviewed	856801_reviewed	1
853589_reviewed	856400_reviewed	1
852675_reviewed	854997_reviewed	1
850893_reviewed	854078_reviewed	1
854290_reviewed	855841_reviewed	0
853170_reviewed	855751_reviewed	0
851399_reviewed	855611_reviewed	0
853445_reviewed	856228_reviewed	1
851469_reviewed	856304_reviewed	0
853682_reviewed	855158_reviewed	0
852528_reviewed	851818_reviewed	1
851562_reviewed	854675_reviewed	0
852453_reviewed	853427_reviewed	0
851259_reviewed	852697_reviewed	0
852378_reviewed	853701_reviewed	0
853434_reviewed	854974_reviewed	0
853912_reviewed	854772_reviewed	1
854119_reviewed	855466_reviewed	0
853169_reviewed	854079_reviewed	0
852228_reviewed	851177_reviewed	1
850774_reviewed	856186_reviewed	0
850409_reviewed	853397_reviewed	0
851559_reviewed	855485_reviewed	1
852688_reviewed	855752_reviewed	1
852814_reviewed	853064_reviewed	0
851737_reviewed	854431_reviewed	1
853153_reviewed	851209_reviewed	1
852451_reviewed	852512_reviewed	0
856267_reviewed	850883_reviewed	1
856731_reviewed	854433_reviewed	1
850930_reviewed	853638_reviewed	0
854240_reviewed	854179_reviewed	1
852646_reviewed	855116_reviewed	0
852880_reviewed	854433_reviewed	1
850630_reviewed	851399_reviewed	0
851404_reviewed	853909_reviewed	0
850698_reviewed	850698_reviewed	1
850647_reviewed	854648_reviewed	1
853445_reviewed	852549_reviewed	1
852697_reviewed	855952_reviewed	0
855263_reviewed	856709_reviewed	0
851143_reviewed	851583_reviewed	0
851670_reviewed	854106_reviewed	0
854227_reviewed	852371_reviewed	1
851042_reviewed	855478_reviewed	0
851530_reviewed	850549_reviewed	1
851457_reviewed	851800_reviewed	1
852422_reviewed	851643_reviewed	1
850647_reviewed	854186_reviewed	1
851036_reviewed	855023_reviewed	0
855888_reviewed	855950_reviewed	0
853734_reviewed	856437_reviewed	0
850647_reviewed	852866_reviewed	1
850836_reviewed	853849_reviewed	0
853922_reviewed	855972_reviewed	0
856449_reviewed	854119_reviewed	1
851933_reviewed	853774_reviewed	0
852868_reviewed	854369_reviewed	1
855264_reviewed	852700_reviewed	1
856398_reviewed	856398_reviewed	1
850744_reviewed	851841_reviewed	0
850505_reviewed	853082_reviewed	1
853376_reviewed	854078_reviewed	0
851696_reviewed	852563_reviewed	0
853295_reviewed	855949_reviewed	1
850647_reviewed	855985_reviewed	1
855524_reviewed	854076_reviewed	1
853712_reviewed	855998_reviewed	0
851988_reviewed	851716_reviewed	1
855022_reviewed	855830_reviewed	0
856607_reviewed	851461_reviewed	1
850298_reviewed	853682_reviewed	0
853796_reviewed	854265_reviewed	0
853222_reviewed	855142_reviewed	0
855807_reviewed	855284_reviewed	1
854999_reviewed	852665_reviewed	1
856862_reviewed	853972_reviewed	1
851369_reviewed	856352_reviewed	0
856384_reviewed	855226_reviewed	1
854740_reviewed	855585_reviewed	1
851456_reviewed	852497_reviewed	0
850506_reviewed	853870_reviewed	0
851708_reviewed	851788_reviewed	0
856130_reviewed	850297_reviewed	1
850825_reviewed	851768_reviewed	0
850298_reviewed	852995_reviewed	0
851557_reviewed	852700_reviewed	0
854474_reviewed	856891_reviewed	1
853499_reviewed	855159_reviewed	0
850320_reviewed	851369_reviewed	1
853355_reviewed	853373_reviewed	1
853576_reviewed	856738_reviewed	1
856815_reviewed	851548_reviewed	1
855161_reviewed	856223_reviewed	0
855836_reviewed	856429_reviewed	1
851671_reviewed	852385_reviewed	1
852189_reviewed	854444_reviewed	0
853554_reviewed	855570_reviewed	0
851450_reviewed	854937_reviewed	0
851475_reviewed	852373_reviewed	0
852239_reviewed	852873_reviewed	1
850793_reviewed	851404_reviewed	0
855423_reviewed	850639_reviewed	1
850351_reviewed	850713_reviewed	0
850298_reviewed	850649_reviewed	1
852382_reviewed	854170_reviewed	0
853034_reviewed	853477_reviewed	0
853397_reviewed	854034_reviewed	1
853994_reviewed	853994_reviewed	1
855730_reviewed	855903_reviewed	1
850774_reviewed	855731_reviewed	0
853320_reviewed	856723_reviewed	1
852492_reviewed	853649_reviewed	0
854023_reviewed	856862_reviewed	0
852870_reviewed	851212_reviewed	1
851798_reviewed	852319_reviewed	0
855161_reviewed	854229_reviewed	1
851543_reviewed	852567_reviewed	0
855104_reviewed	851077_reviewed	1
854243_reviewed	856203_reviewed	0
853817_reviewed	855974_reviewed	0
851676_reviewed	854817_reviewed	0
854937_reviewed	855655_reviewed	1
852275_reviewed	854497_reviewed	0
853942_reviewed	852016_reviewed	1
851482_reviewed	856702_reviewed	0
850495_reviewed	855092_reviewed	0
856425_reviewed	856502_reviewed	1
852536_reviewed	853856_reviewed	1
851000_reviewed	854691_reviewed	1
850440_reviewed	850440_reviewed	1
852549_reviewed	855890_reviewed	0
850647_reviewed	853374_reviewed	1
852269_reviewed	854229_reviewed	0
850647_reviewed	850694_reviewed	1
854680_reviewed	856891_reviewed	0
853682_reviewed	856095_reviewed	1
851125_reviewed	852007_reviewed	0
850361_reviewed	851752_reviewed	0
853871_reviewed	851998_reviewed	1
851530_reviewed	855789_reviewed	0
853194_reviewed	854673_reviewed	0
851099_reviewed	854985_reviewed	1
851803_reviewed	853161_reviewed	0
854680_reviewed	856453_reviewed	1
853767_reviewed	854675_reviewed	0
852697_reviewed	854710_reviewed	0
853109_reviewed	856076_reviewed	0
856387_reviewed	856644_reviewed	0
855066_reviewed	856842_reviewed	1
856294_reviewed	854302_reviewed	1
851219_reviewed	854763_reviewed	0
856057_reviewed	856675_reviewed	1
852982_reviewed	855118_reviewed	0
855035_reviewed	856216_reviewed	0
851962_reviewed	856290_reviewed	0
850611_reviewed	855833_reviewed	0
853540_reviewed	855224_reviewed	1
851394_reviewed	853735_reviewed	1
856267_reviewed	853934_reviewed	1
851197_reviewed	854662_reviewed	1
850982_reviewed	855118_reviewed	0
856713_reviewed	856702_reviewed	1
854647_reviewed	855048_reviewed	1
851928_reviewed	856208_reviewed	0
853154_reviewed	856746_reviewed	0
856575_reviewed	855934_reviewed	1
851177_reviewed	851962_reviewed	0
855836_reviewed	854673_reviewed	1
853552_reviewed	854183_reviewed	0
856603_reviewed	853587_reviewed	1
854956_reviewed	856085_reviewed	0
853681_reviewed	854960_reviewed	0
850554_reviewed	854732_reviewed	1
855974_reviewed	853364_reviewed	1
853743_reviewed	854088_reviewed	1
850920_reviewed	855281_reviewed	0
855785_reviewed	855844_reviewed	1
851399_reviewed	853811_reviewed	0
856351_reviewed	850872_reviewed	1
850647_reviewed	856516_reviewed	1
856148_reviewed	856148_reviewed	1
853364_reviewed	850534_reviewed	1
852896_reviewed	854119_reviewed	0
854985_reviewed	856760_reviewed	1
850647_reviewed	853320_reviewed	1
850320_reviewed	855841_reviewed	1
853941_reviewed	856270_reviewed	0
850318_reviewed	856484_reviewed	0
851394_reviewed	855280_reviewed	1
856537_reviewed	856231_reviewed	1
855828_reviewed	854192_reviewed	1
856263_reviewed	854085_reviewed	1
852457_reviewed	850768_reviewed	1
850702_reviewed	854230_reviewed	0
853364_reviewed	854999_reviewed	0
851542_reviewed	856607_reviewed	1
853098_reviewed	855888_reviewed	0
853641_reviewed	856223_reviewed	0
851162_reviewed	853106_reviewed	0
851513_reviewed	852834_reviewed	0
855068_reviewed	852995_reviewed	1
856096_reviewed	856183_reviewed	0
851120_reviewed	852261_reviewed	0
850647_reviewed	855768_reviewed	1
850712_reviewed	855173_reviewed	0
851394_reviewed	852296_reviewed	1
852416_reviewed	852996_reviewed	0
853871_reviewed	852939_reviewed	1
852649_reviewed	853017_reviewed	1
850549_reviewed	855547_reviewed	1
852549_reviewed	852757_reviewed	1
852180_reviewed	850775_reviewed	1
851542_reviewed	854735_reviewed	1
853534_reviewed	855356_reviewed	0
856702_reviewed	853876_reviewed	1
851406_reviewed	854072_reviewed	0
850934_reviewed	856426_reviewed	0
853673_reviewed	855037_reviewed	0
853011_reviewed	854351_reviewed	0
856223_reviewed	854435_reviewed	1
855281_reviewed	850808_reviewed	1
853877_reviewed	856146_reviewed	1
855842_reviewed	855842_reviewed	1
850695_reviewed	855789_reviewed	1
855224_reviewed	851303_reviewed	1
855950_reviewed	850358_reviewed	1
855468_reviewed	856455_reviewed	0
855836_reviewed	855836_reviewed	1
855730_reviewed	856255_reviewed	0
851259_reviewed	852896_reviewed	0
850536_reviewed	851328_reviewed	0
855836_reviewed	856866_reviewed	0
851048_reviewed	851441_reviewed	0
856130_reviewed	855621_reviewed	1
856463_reviewed	850652_reviewed	1
851447_reviewed	855952_reviewed	0
854749_reviewed	855319_reviewed	0
852060_reviewed	854116_reviewed	0
853191_reviewed	855974_reviewed	1
854350_reviewed	856870_reviewed	1
852697_reviewed	853191_reviewed	1
853758_reviewed	853758_reviewed	1
851557_reviewed	852881_reviewed	0
856668_reviewed	856668_reviewed	1
851452_reviewed	856604_reviewed	0
855554_reviewed	852410_reviewed	1
854850_reviewed	854850_reviewed	1
853320_reviewed	854874_reviewed	0
852700_reviewed	855607_reviewed	1
850951_reviewed	852974_reviewed	0
852474_reviewed	852474_reviewed	1
852932_reviewed	855110_reviewed	0
850647_reviewed	852202_reviewed	1
852373_reviewed	856158_reviewed	0
851005_reviewed	852766_reviewed	0
850923_reviewed	851404_reviewed	0
855532_reviewed	852663_reviewed	1
853847_reviewed	856863_reviewed	0
852119_reviewed	852697_reviewed	0
850744_reviewed	856680_reviewed	0
852740_reviewed	855994_reviewed	0
852042_reviewed	850807_reviewed	1
852313_reviewed	852754_reviewed	0
851394_reviewed	853028_reviewed	1
853434_reviewed	855724_reviewed	0
854042_reviewed	855005_reviewed	0
854042_reviewed	853723_reviewed	1
856208_reviewed	856862_reviewed	0
852896_reviewed	853857_reviewed	1
851520_reviewed	855664_reviewed	0
850520_reviewed	853041_reviewed	0
851394_reviewed	850916_reviewed	1
856140_reviewed	851819_reviewed	1
851071_reviewed	853817_reviewed	0
852802_reviewed	853445_reviewed	0
851471_reviewed	852896_reviewed	1
852681_reviewed	854725_reviewed	0
852685_reviewed	853527_reviewed	1
855925_reviewed	852042_reviewed	1
850554_reviewed	854068_reviewed	1
851746_reviewed	852440_reviewed	0
851394_reviewed	853814_reviewed	1
850649_reviewed	856255_reviewed	0
854717_reviewed	855068_reviewed	0
853264_reviewed	854485_reviewed	0
850837_reviewed	851200_reviewed	1
854747_reviewed	854918_reviewed	1
854744_reviewed	856163_reviewed	0
854904_reviewed	855687_reviewed	1
852697_reviewed	852777_reviewed	1
852250_reviewed	854627_reviewed	0
851832_reviewed	853256_reviewed	1
851411_reviewed	853774_reviewed	0
856237_reviewed	852457_reviewed	1
853369_reviewed	856119_reviewed	1
850521_reviewed	852697_reviewed	0
853675_reviewed	856901_reviewed	0
850623_reviewed	851671_reviewed	0
853682_reviewed	855158_reviewed	0
851758_reviewed	854601_reviewed	0
850941_reviewed	851207_reviewed	0
852351_reviewed	852276_reviewed	1
851924_reviewed	853160_reviewed	0
853922_reviewed	854402_reviewed	0
850504_reviewed	850506_reviewed	0
853743_reviewed	855502_reviewed	1
855925_reviewed	851531_reviewed	1
855514_reviewed	853714_reviewed	1
852660_reviewed	856649_reviewed	0
850647_reviewed	853540_reviewed	1
851255_reviewed	856918_reviewed	0
850647_reviewed	851937_reviewed	1
856012_reviewed	852767_reviewed	1
852665_reviewed	855485_reviewed	0
851212_reviewed	855611_reviewed	0
854933_reviewed	856793_reviewed	0
855532_reviewed	853183_reviewed	1
853554_reviewed	855834_reviewed	1
850346_reviewed	851988_reviewed	1
850405_reviewed	852932_reviewed	1
850825_reviewed	852896_reviewed	0
850554_reviewed	856742_reviewed	1
852553_reviewed	854321_reviewed	0
850647_reviewed	852721_reviewed	1
856870_reviewed	851676_reviewed	1
852822_reviewed	851485_reviewed	1
853658_reviewed	854382_reviewed	0
853639_reviewed	856042_reviewed	0
854283_reviewed	852451_reviewed	1
854966_reviewed	851115_reviewed	1
854508_reviewed	851649_reviewed	1
851676_reviewed	852371_reviewed	0
851222_reviewed	852096_reviewed	1
854673_reviewed	855655_reviewed	1
852697_reviewed	852497_reviewed	1
852512_reviewed	852145_reviewed	1
852995_reviewed	850304_reviewed	1
852059_reviewed	856696_reviewed	0
852039_reviewed	853971_reviewed	0
853886_reviewed	856601_reviewed	0
855470_reviewed	856481_reviewed	0
855790_reviewed	851548_reviewed	1
850647_reviewed	854258_reviewed	1
852060_reviewed	856226_reviewed	0
852834_reviewed	855788_reviewed	0
852451_reviewed	853422_reviewed	0
853160_reviewed	852779_reviewed	1
856422_reviewed	852037_reviewed	1
850604_reviewed	853461_reviewed	1
856654_reviewed	850638_reviewed	1
855897_reviewed	856700_reviewed	1
853318_reviewed	855104_reviewed	1
851408_reviewed	856731_reviewed	1
852547_reviewed	854791_reviewed	0
851213_reviewed	851557_reviewed	0
854487_reviewed	854263_reviewed	1
851394_reviewed	853365_reviewed	1
854265_reviewed	855934_reviewed	1
851136_reviewed	854322_reviewed	1
851259_reviewed	853955_reviewed	0
851394_reviewed	853682_reviewed	1
853271_reviewed	852013_reviewed	1
854255_reviewed	854255_reviewed	1
851394_reviewed	850744_reviewed	1
850647_reviewed	853392_reviewed	1
852468_reviewed	852939_reviewed	1
856862_reviewed	854206_reviewed	1
852757_reviewed	854702_reviewed	0
855788_reviewed	856799_reviewed	1
851379_reviewed	853318_reviewed	0
855751_reviewed	853939_reviewed	1
854937_reviewed	855535_reviewed	0
850808_reviewed	854075_reviewed	0
853692_reviewed	856671_reviewed	0
854978_reviewed	855752_reviewed	0
852501_reviewed	851576_reviewed	1
850598_reviewed	855263_reviewed	0
855425_reviewed	852876_reviewed	1
851394_reviewed	855239_reviewed	1
855822_reviewed	850506_reviewed	1
853438_reviewed	853333_reviewed	1
850767_reviewed	851286_reviewed	0
852372_reviewed	854286_reviewed	0
851618_reviewed	855143_reviewed	0
855974_reviewed	854791_reviewed	1
855097_reviewed	855964_reviewed	1
855116_reviewed	854680_reviewed	1
850919_reviewed	851632_reviewed	0
851845_reviewed	852834_reviewed	1
854142_reviewed	851591_reviewed	1
852549_reviewed	856466_reviewed	0
850585_reviewed	852352_reviewed	1
851495_reviewed	851495_reviewed	1
852575_reviewed	855492_reviewed	0
854656_reviewed	850995_reviewed	1
851400_reviewed	855861_reviewed	1
851394_reviewed	855254_reviewed	1
856607_reviewed	853587_reviewed	1
851756_reviewed	856251_reviewed	0
850422_reviewed	853458_reviewed	1
851394_reviewed	855522_reviewed	1
854382_reviewed	855758_reviewed	0
851723_reviewed	855821_reviewed	1
850647_reviewed	855639_reviewed	1
852090_reviewed	854018_reviewed	0
852042_reviewed	856799_reviewed	0
854748_reviewed	851085_reviewed	1
851394_reviewed	854732_reviewed	1
851140_reviewed	856607_reviewed	1
854978_reviewed	856689_reviewed	1
850950_reviewed	854119_reviewed	0
850930_reviewed	854294_reviewed	1
852697_reviewed	853594_reviewed	1
856351_reviewed	856575_reviewed	0
856012_reviewed	856489_reviewed	0
854697_reviewed	854902_reviewed	0
855155_reviewed	856891_reviewed	0
854085_reviewed	854085_reviewed	1
853090_reviewed	853985_reviewed	0
850683_reviewed	851373_reviewed	0
855466_reviewed	855984_reviewed	1
851404_reviewed	855439_reviewed	0
852451_reviewed	855144_reviewed	0
851394_reviewed	850401_reviewed	1
854418_reviewed	856490_reviewed	1
851908_reviewed	855970_reviewed	1
852880_reviewed	856153_reviewed	0
856076_reviewed	853148_reviewed	1
851335_reviewed	855906_reviewed	0
855631_reviewed	854552_reviewed	1
852322_reviewed	854966_reviewed	0
850798_reviewed	852385_reviewed	0
854353_reviewed	854353_reviewed	1
851645_reviewed	852392_reviewed	0
855271_reviewed	855271_reviewed	1
850347_reviewed	855305_reviewed	0
851532_reviewed	853433_reviewed	0
850440_reviewed	850764_reviewed	1
851339_reviewed	855841_reviewed	1
852039_reviewed	852501_reviewed	0
853357_reviewed	855993_reviewed	1
856376_reviewed	856836_reviewed	0
855136_reviewed	853528_reviewed	1
851318_reviewed	853681_reviewed	1
853379_reviewed	855752_reviewed	0
850955_reviewed	855585_reviewed	0
850868_reviewed	856862_reviewed	0
850623_reviewed	851531_reviewed	1
851394_reviewed	854461_reviewed	1
853886_reviewed	853886_reviewed	1
853396_reviewed	855863_reviewed	0
852308_reviewed	854954_reviewed	1
851394_reviewed	851789_reviewed	1
855836_reviewed	856589_reviewed	1
851596_reviewed	856888_reviewed	1
850620_reviewed	854664_reviewed	0
852457_reviewed	856571_reviewed	1
850647_reviewed	854329_reviewed	1
851136_reviewed	855841_reviewed	0
851450_reviewed	851988_reviewed	0
850744_reviewed	851841_reviewed	0
854926_reviewed	854981_reviewed	0
853373_reviewed	855166_reviewed	0
850808_reviewed	855332_reviewed	1
852688_reviewed	856042_reviewed	0
852697_reviewed	851504_reviewed	1
853178_reviewed	854543_reviewed	0
854681_reviewed	851726_reviewed	1
856863_reviewed	853160_reviewed	1
851985_reviewed	854889_reviewed	0
850963_reviewed	850963_reviewed	1
853713_reviewed	854382_reviewed	1
854938_reviewed	851274_reviewed	1
853836_reviewed	855974_reviewed	0
851756_reviewed	855974_reviewed	0
850785_reviewed	851700_reviewed	0
853750_reviewed	851100_reviewed	1
851204_reviewed	852193_reviewed	0
855466_reviewed	855489_reviewed	0
856425_reviewed	856484_reviewed	1
852697_reviewed	851220_reviewed	1
852265_reviewed	852416_reviewed	0
855533_reviewed	856577_reviewed	1
852697_reviewed	850918_reviewed	1
851817_reviewed	852483_reviewed	1
851266_reviewed	852728_reviewed	1
851923_reviewed	850840_reviewed	1
856565_reviewed	852724_reviewed	1
855473_reviewed	852451_reviewed	1
852641_reviewed	856437_reviewed	0
851333_reviewed	853638_reviewed	0
853090_reviewed	852404_reviewed	1
851923_reviewed	853267_reviewed	0
855836_reviewed	854732_reviewed	1
856741_reviewed	851527_reviewed	1
855066_reviewed	854279_reviewed	1
853419_reviewed	854487_reviewed	0
850914_reviewed	852896_reviewed	0
852757_reviewed	851548_reviewed	1
851132_reviewed	851132_reviewed	1
852947_reviewed	853877_reviewed	1
852100_reviewed	852931_reviewed	0
850601_reviewed	850620_reviewed	0
853847_reviewed	855591_reviewed	0
851797_reviewed	855149_reviewed	0
855253_reviewed	855512_reviewed	0
852060_reviewed	853048_reviewed	1
854251_reviewed	854251_reviewed	1
853851_reviewed	850983_reviewed	1
855621_reviewed	853718_reviewed	1
851313_reviewed	851548_reviewed	0
851394_reviewed	853419_reviewed	1
850577_reviewed	851102_reviewed	1
851447_reviewed	852779_reviewed	0
851259_reviewed	854673_reviewed	1
852880_reviewed	853320_reviewed	0
855054_reviewed	855054_reviewed	1
856751_reviewed	854960_reviewed	1
852697_reviewed	852362_reviewed	1
851969_reviewed	856012_reviewed	0
855428_reviewed	851389_reviewed	1
852532_reviewed	854786_reviewed	0
851805_reviewed	854883_reviewed	0
851369_reviewed	852233_reviewed	0
855448_reviewed	852258_reviewed	1
852121_reviewed	856560_reviewed	0
851831_reviewed	853463_reviewed	0
851126_reviewed	856143_reviewed	0
852624_reviewed	854795_reviewed	1
852984_reviewed	855622_reviewed	1
850297_reviewed	854999_reviewed	0
850694_reviewed	854790_reviewed	1
851342_reviewed	854444_reviewed	1
855888_reviewed	851471_reviewed	1
852549_reviewed	853062_reviewed	0
855828_reviewed	852059_reviewed	1
850795_reviewed	851267_reviewed	1
852896_reviewed	855725_reviewed	0
851916_reviewed	854388_reviewed	0
851394_reviewed	854379_reviewed	1
852223_reviewed	856862_reviewed	0
851255_reviewed	851988_reviewed	0
853174_reviewed	854725_reviewed	0
852660_reviewed	854284_reviewed	1
856119_reviewed	853734_reviewed	1
853351_reviewed	853539_reviewed	0
851394_reviewed	854664_reviewed	1
856458_reviewed	853513_reviewed	1
850647_reviewed	850321_reviewed	1
853133_reviewed	854019_reviewed	0
854149_reviewed	855343_reviewed	1
854937_reviewed	856732_reviewed	0
855155_reviewed	851061_reviewed	1
854290_reviewed	854933_reviewed	1
852362_reviewed	853201_reviewed	0
852847_reviewed	854732_reviewed	0
851817_reviewed	855347_reviewed	0
854282_reviewed	855258_reviewed	1
851394_reviewed	853649_reviewed	1
851521_reviewed	852229_reviewed	0
856912_reviewed	851259_reviewed	1
850612_reviewed	856097_reviewed	1
850934_reviewed	856426_reviewed	0
855925_reviewed	853071_reviewed	1
852740_reviewed	854734_reviewed	1
850705_reviewed	851441_reviewed	1
851803_reviewed	853531_reviewed	0
853423_reviewed	853418_reviewed	1
851394_reviewed	853086_reviewed	1
856723_reviewed	850688_reviewed	1
850445_reviewed	855976_reviewed	0
853767_reviewed	855264_reviewed	0
853048_reviewed	855789_reviewed	0
853683_reviewed	851311_reviewed	1
851271_reviewed	856870_reviewed	1
854245_reviewed	853029_reviewed	1
851142_reviewed	856315_reviewed	1
851627_reviewed	856438_reviewed	0
852100_reviewed	854933_reviewed	1
851394_reviewed	854016_reviewed	1
853036_reviewed	850708_reviewed	1
852697_reviewed	854679_reviewed	1
852100_reviewed	855621_reviewed	1
853555_reviewed	856667_reviewed	0
852575_reviewed	854023_reviewed	0
856654_reviewed	856518_reviewed	1
853293_reviewed	855311_reviewed	1
855208_reviewed	856317_reviewed	1
854938_reviewed	855077_reviewed	1
853922_reviewed	856876_reviewed	0
851680_reviewed	854387_reviewed	1
855841_reviewed	854889_reviewed	1
850702_reviewed	854940_reviewed	0
856425_reviewed	854450_reviewed	1
855640_reviewed	853157_reviewed	1
850647_reviewed	852250_reviewed	1
852453_reviewed	856485_reviewed	0
856203_reviewed	853737_reviewed	1
854407_reviewed	856087_reviewed	1
852262_reviewed	853851_reviewed	0
852755_reviewed	854684_reviewed	0
854322_reviewed	855116_reviewed	0
851924_reviewed	856449_reviewed	0
851752_reviewed	855972_reviewed	0
852722_reviewed	853589_reviewed	0
854353_reviewed	856287_reviewed	1
854431_reviewed	855533_reviewed	1
854485_reviewed	854937_reviewed	0
855489_reviewed	855836_reviewed	0
851394_reviewed	853312_reviewed	1
851113_reviewed	851113_reviewed	1
851399_reviewed	852319_reviewed	0
851259_reviewed	853712_reviewed	0
852209_reviewed	852897_reviewed	0
855861_reviewed	856924_reviewed	1
851403_reviewed	854152_reviewed	0
852532_reviewed	855821_reviewed	0
850409_reviewed	855017_reviewed	1
854543_reviewed	851196_reviewed	1
853563_reviewed	855410_reviewed	0
855746_reviewed	856758_reviewed	0
852754_reviewed	855143_reviewed	1
851394_reviewed	851765_reviewed	1
850820_reviewed	855730_reviewed	0
852416_reviewed	855460_reviewed	0
851632_reviewed	856815_reviewed	0
852996_reviewed	852492_reviewed	1
853701_reviewed	853578_reviewed	1
853871_reviewed	856076_reviewed	1
851447_reviewed	852611_reviewed	0
856848_reviewed	852697_reviewed	1
856862_reviewed	851757_reviewed	1
856409_reviewed	855230_reviewed	1
852983_reviewed	854453_reviewed	0
855739_reviewed	856505_reviewed	0
851394_reviewed	850614_reviewed	1
850399_reviewed	851617_reviewed	0
852457_reviewed	851209_reviewed	1
856159_reviewed	852404_reviewed	1
852100_reviewed	852258_reviewed	1
855335_reviewed	856267_reviewed	0
855925_reviewed	854497_reviewed	1
853539_reviewed	850334_reviewed	1
854084_reviewed	855449_reviewed	0
850968_reviewed	852624_reviewed	0
853252_reviewed	856236_reviewed	1
850623_reviewed	854656_reviewed	0
856267_reviewed	855591_reviewed	1
851125_reviewed	855977_reviewed	0
855950_reviewed	856572_reviewed	0
850719_reviewed	851495_reviewed	1
851742_reviewed	854742_reviewed	1
851482_reviewed	855261_reviewed	0
852785_reviewed	855897_reviewed	0
855170_reviewed	854093_reviewed	1
852649_reviewed	856354_reviewed	0
855036_reviewed	854149_reviewed	1
851109_reviewed	854598_reviewed	0
856494_reviewed	856494_reviewed	1
852472_reviewed	850702_reviewed	1
855950_reviewed	851457_reviewed	1
855245_reviewed	855613_reviewed	0
852062_reviewed	852492_reviewed	0
854331_reviewed	854265_reviewed	1
856732_reviewed	856908_reviewed	0
852953_reviewed	851817_reviewed	1
851645_reviewed	856146_reviewed	1
852169_reviewed	852241_reviewed	1
850677_reviewed	850677_reviewed	1
850647_reviewed	851137_reviewed	1
850682_reviewed	850869_reviewed	0
851394_reviewed	853762_reviewed	1
851266_reviewed	856674_reviewed	0
851745_reviewed	853167_reviewed	1
853886_reviewed	854930_reviewed	0
856847_reviewed	852457_reviewed	1
856012_reviewed	856255_reviewed	0
855840_reviewed	855343_reviewed	1
852042_reviewed	853194_reviewed	0
853104_reviewed	853312_reviewed	0
850504_reviewed	853783_reviewed	0
855561_reviewed	850785_reviewed	1
850554_reviewed	853395_reviewed	1
851756_reviewed	855102_reviewed	0
850764_reviewed	855962_reviewed	0
850647_reviewed	852259_reviewed	1
854700_reviewed	851394_reviewed	1
856154_reviewed	853463_reviewed	1
855524_reviewed	855748_reviewed	1
855473_reviewed	856119_reviewed	1
850793_reviewed	853824_reviewed	0
856677_reviewed	853534_reviewed	1
853023_reviewed	854999_reviewed	0
852100_reviewed	850980_reviewed	1
851255_reviewed	851964_reviewed	0
852062_reviewed	852377_reviewed	0
856470_reviewed	850790_reviewed	1
855710_reviewed	851889_reviewed	1
852697_reviewed	856696_reviewed	1
853540_reviewed	853926_reviewed	0
856255_reviewed	853458_reviewed	1
855533_reviewed	855820_reviewed	0
851858_reviewed	852090_reviewed	0
850760_reviewed	856908_reviewed	0
854444_reviewed	856702_reviewed	0
855570_reviewed	852457_reviewed	1
853713_reviewed	855005_reviewed	0
855945_reviewed	853922_reviewed	1
854992_reviewed	852046_reviewed	1
851752_reviewed	856095_reviewed	0
850361_reviewed	850361_reviewed	1
851442_reviewed	854322_reviewed	1
853539_reviewed	851495_reviewed	1
856367_reviewed	850510_reviewed	1
852973_reviewed	855243_reviewed	1
851784_reviewed	856862_reviewed	0
855963_reviewed	853350_reviewed	1
851564_reviewed	856329_reviewed	0
856854_reviewed	855570_reviewed	1
850298_reviewed	852021_reviewed	0
852326_reviewed	855834_reviewed	1
854084_reviewed	855834_reviewed	0
854370_reviewed	854370_reviewed	1
853912_reviewed	854949_reviewed	1
850703_reviewed	852846_reviewed	0
850496_reviewed	851410_reviewed	1
855920_reviewed	853167_reviewed	1
851394_reviewed	851636_reviewed	1
852044_reviewed	852883_reviewed	0
851259_reviewed	855512_reviewed	0
852424_reviewed	854831_reviewed	0
852100_reviewed	856680_reviewed	1
851394_reviewed	852650_reviewed	1
851394_reviewed	854314_reviewed	1
853751_reviewed	852614_reviewed	1
854713_reviewed	856409_reviewed	0
852007_reviewed	852995_reviewed	0
850682_reviewed	853922_reviewed	0
856723_reviewed	856126_reviewed	1
854066_reviewed	850620_reviewed	1
851255_reviewed	855920_reviewed	0
850966_reviewed	856537_reviewed	0
852697_reviewed	851313_reviewed	1
851335_reviewed	855429_reviewed	1
851874_reviewed	852982_reviewed	1
850712_reviewed	856862_reviewed	0
854423_reviewed	850792_reviewed	1
851823_reviewed	856384_reviewed	0
852457_reviewed	853824_reviewed	1
851407_reviewed	853956_reviewed	0
851636_reviewed	855016_reviewed	0
851025_reviewed	852084_reviewed	0
852740_reviewed	855171_reviewed	0
852424_reviewed	851342_reviewed	1
850447_reviewed	850775_reviewed	1
852233_reviewed	856862_reviewed	0
851030_reviewed	852673_reviewed	1
850347_reviewed	854933_reviewed	0
851265_reviewed	855059_reviewed	0
853743_reviewed	852523_reviewed	1
852697_reviewed	855489_reviewed	0
850872_reviewed	852107_reviewed	1
853016_reviewed	851441_reviewed	1
852452_reviewed	853489_reviewed	1
850330_reviewed	853539_reviewed	0
854487_reviewed	851636_reviewed	1
850896_reviewed	855440_reviewed	0
850647_reviewed	850733_reviewed	1
851513_reviewed	852372_reviewed	0
851394_reviewed	856828_reviewed	1
854882_reviewed	855978_reviewed	0
850894_reviewed	852767_reviewed	0
852700_reviewed	855994_reviewed	0
856918_reviewed	850691_reviewed	1
851624_reviewed	851676_reviewed	0
851259_reviewed	856819_reviewed	1
855041_reviewed	854018_reviewed	1
854469_reviewed	853682_reviewed	1
851988_reviewed	852888_reviewed	0
850580_reviewed	855633_reviewed	0
851720_reviewed	856565_reviewed	1
852968_reviewed	854251_reviewed	0
856119_reviewed	856463_reviewed	0
850713_reviewed	854183_reviewed	0
852071_reviewed	855981_reviewed	1
854387_reviewed	856537_reviewed	1
852492_reviewed	854894_reviewed	0
851259_reviewed	852243_reviewed	1
851394_reviewed	854740_reviewed	1
850504_reviewed	855339_reviewed	0
853244_reviewed	855409_reviewed	1
850580_reviewed	851467_reviewed	0
852659_reviewed	851114_reviewed	1
852755_reviewed	851212_reviewed	1
854381_reviewed	855118_reviewed	0
855739_reviewed	856303_reviewed	0
853714_reviewed	856024_reviewed	1
852734_reviewed	854135_reviewed	0
850298_reviewed	856603_reviewed	0
852569_reviewed	852697_reviewed	0
851745_reviewed	852373_reviewed	1
851010_reviewed	854922_reviewed	0
854292_reviewed	856042_reviewed	0
855077_reviewed	855557_reviewed	0
854742_reviewed	852618_reviewed	1
854322_reviewed	854702_reviewed	0
851406_reviewed	851151_reviewed	1
850822_reviewed	854985_reviewed	0
850930_reviewed	856458_reviewed	1
850620_reviewed	852768_reviewed	1
852451_reviewed	855821_reviewed	0
852796_reviewed	854666_reviewed	0
853010_reviewed	851142_reviewed	1
856079_reviewed	856746_reviewed	0
851196_reviewed	853181_reviewed	0
854697_reviewed	854742_reviewed	0
850763_reviewed	851678_reviewed	1
852697_reviewed	855613_reviewed	1
854162_reviewed	854487_reviewed	0
851716_reviewed	852885_reviewed	0
853157_reviewed	856850_reviewed	0
853442_reviewed	855468_reviewed	0
851532_reviewed	855630_reviewed	0
851399_reviewed	853447_reviewed	1
852881_reviewed	856870_reviewed	0
852972_reviewed	856463_reviewed	0
851259_reviewed	856024_reviewed	0
852042_reviewed	855466_reviewed	0
851964_reviewed	855281_reviewed	0
852982_reviewed	853682_reviewed	0
850695_reviewed	856841_reviewed	0
853906_reviewed	853825_reviewed	1
852133_reviewed	854119_reviewed	0
850647_reviewed	852842_reviewed	1
855602_reviewed	855669_reviewed	1
854076_reviewed	855580_reviewed	0
850863_reviewed	854742_reviewed	1
852704_reviewed	854245_reviewed	0
856027_reviewed	854601_reviewed	1
852892_reviewed	855844_reviewed	1
850950_reviewed	855284_reviewed	1
855387_reviewed	854113_reviewed	1
852193_reviewed	854931_reviewed	1
854713_reviewed	852276_reviewed	1
851161_reviewed	853638_reviewed	1
854372_reviewed	851751_reviewed	1
851170_reviewed	851471_reviewed	0
852787_reviewed	855640_reviewed	1
855828_reviewed	856749_reviewed	1
855035_reviewed	855035_reviewed	1
854835_reviewed	854835_reviewed	1
850695_reviewed	856870_reviewed	0
853036_reviewed	856106_reviewed	0
852996_reviewed	853327_reviewed	0
851447_reviewed	855903_reviewed	0
851266_reviewed	854469_reviewed	0
851394_reviewed	856098_reviewed	1
852697_reviewed	851374_reviewed	1
853712_reviewed	850554_reviewed	1
855737_reviewed	856226_reviewed	1
851921_reviewed	855727_reviewed	1
852834_reviewed	855967_reviewed	0
855068_reviewed	856723_reviewed	1
850297_reviewed	854841_reviewed	0
852492_reviewed	854203_reviewed	0
851267_reviewed	855099_reviewed	0
851219_reviewed	855207_reviewed	0
856518_reviewed	850656_reviewed	1
851592_reviewed	852860_reviewed	0
853746_reviewed	856696_reviewed	0
852452_reviewed	852697_reviewed	0
853071_reviewed	855253_reviewed	0
851450_reviewed	854351_reviewed	0
850314_reviewed	855254_reviewed	0
852757_reviewed	851319_reviewed	1
852492_reviewed	852624_reviewed	0
853901_reviewed	853488_reviewed	1
852100_reviewed	853364_reviewed	0
852088_reviewed	855716_reviewed	0
850399_reviewed	850983_reviewed	0
851543_reviewed	853912_reviewed	0
856232_reviewed	854883_reviewed	1
855524_reviewed	852238_reviewed	1
853884_reviewed	854552_reviewed	1
852265_reviewed	856091_reviewed	0
854200_reviewed	854278_reviewed	0
852926_reviewed	855342_reviewed	1
851408_reviewed	850613_reviewed	1
851740_reviewed	851533_reviewed	1
851908_reviewed	852097_reviewed	0
851530_reviewed	856119_reviewed	0
850440_reviewed	850889_reviewed	0
855950_reviewed	850879_reviewed	1
850647_reviewed	855508_reviewed	1
851255_reviewed	856891_reviewed	0
852767_reviewed	853029_reviewed	0
851163_reviewed	852145_reviewed	0
855428_reviewed	856186_reviewed	1
856091_reviewed	850495_reviewed	1
854827_reviewed	856571_reviewed	0
852697_reviewed	852782_reviewed	1
851549_reviewed	854976_reviewed	1
853355_reviewed	854680_reviewed	0
855613_reviewed	855335_reviewed	1
851404_reviewed	855821_reviewed	0
851263_reviewed	853796_reviewed	0
852188_reviewed	853875_reviewed	0
851908_reviewed	852097_reviewed	0
854776_reviewed	852865_reviewed	1
853041_reviewed	856771_reviewed	1
856463_reviewed	856449_reviewed	1
852697_reviewed	853686_reviewed	0
850510_reviewed	855683_reviewed	0
851520_reviewed	856574_reviewed	0
853100_reviewed	854191_reviewed	1
851259_reviewed	856704_reviewed	0
854142_reviewed	853261_reviewed	1
856463_reviewed	855730_reviewed	1
855950_reviewed	853554_reviewed	1
850330_reviewed	854201_reviewed	0
853743_reviewed	854221_reviewed	1
852665_reviewed	853767_reviewed	0
851897_reviewed	855974_reviewed	0
853327_reviewed	853857_reviewed	0
850507_reviewed	853221_reviewed	0
852650_reviewed	855613_reviewed	0
851249_reviewed	852915_reviewed	0
851964_reviewed	856920_reviewed	0
854286_reviewed	855957_reviewed	1
851061_reviewed	853409_reviewed	1
851918_reviewed	855512_reviewed	0
852834_reviewed	855177_reviewed	0
853442_reviewed	855155_reviewed	0
851928_reviewed	855356_reviewed	0
854149_reviewed	856398_reviewed	0
853041_reviewed	853191_reviewed	0
851005_reviewed	856146_reviewed	0
851561_reviewed	854123_reviewed	0
851394_reviewed	855934_reviewed	1
850837_reviewed	855660_reviewed	0
853409_reviewed	853409_reviewed	1
851337_reviewed	855319_reviewed	1
850930_reviewed	853285_reviewed	0
855506_reviewed	850504_reviewed	1
850647_reviewed	856509_reviewed	1
851259_reviewed	853737_reviewed	0
854656_reviewed	855399_reviewed	0
854372_reviewed	852740_reviewed	1
856168_reviewed	851744_reviewed	1
850585_reviewed	853513_reviewed	1
851364_reviewed	852042_reviewed	0
856384_reviewed	853701_reviewed	1
855059_reviewed	854874_reviewed	1
851620_reviewed	855224_reviewed	1
851394_reviewed	854940_reviewed	1
853458_reviewed	853376_reviewed	1
851407_reviewed	850883_reviewed	1
850594_reviewed	852575_reviewed	0
853839_reviewed	854556_reviewed	0
855471_reviewed	856183_reviewed	0
850656_reviewed	856743_reviewed	0
850551_reviewed	851319_reviewed	0
855619_reviewed	854275_reviewed	1
856856_reviewed	851034_reviewed	1
852088_reviewed	853509_reviewed	0
853705_reviewed	854543_reviewed	0
852392_reviewed	855263_reviewed	0
853895_reviewed	854382_reviewed	1
853071_reviewed	856154_reviewed	1
851371_reviewed	853364_reviewed	0
850607_reviewed	854469_reviewed	0
853712_reviewed	855728_reviewed	0
850554_reviewed	854882_reviewed	1
851752_reviewed	855897_reviewed	0
855621_reviewed	855843_reviewed	0
852319_reviewed	854206_reviewed	0
851279_reviewed	852805_reviewed	0
853539_reviewed	855013_reviewed	1
852003_reviewed	855489_reviewed	0
851430_reviewed	855466_reviewed	0
851030_reviewed	854059_reviewed	0
855473_reviewed	856012_reviewed	0
850657_reviewed	855557_reviewed	0
855066_reviewed	855275_reviewed	1
851000_reviewed	856926_reviewed	0
854195_reviewed	855422_reviewed	1
855076_reviewed	856148_reviewed	1
852649_reviewed	856287_reviewed	0
852665_reviewed	854423_reviewed	0
850734_reviewed	851495_reviewed	1
854518_reviewed	850872_reviewed	1
852392_reviewed	855920_reviewed	1
850647_reviewed	853640_reviewed	1
851771_reviewed	855030_reviewed	0
852258_reviewed	854933_reviewed	1
854875_reviewed	851745_reviewed	1
853350_reviewed	853922_reviewed	0
852665_reviewed	852228_reviewed	1
855898_reviewed	854307_reviewed	1
852239_reviewed	855362_reviewed	1
855017_reviewed	851723_reviewed	1
852495_reviewed	855838_reviewed	0
852497_reviewed	854469_reviewed	0
850647_reviewed	855480_reviewed	1
851219_reviewed	855207_reviewed	0
853773_reviewed	855843_reviewed	1
854793_reviewed	856267_reviewed	1
851431_reviewed	856434_reviewed	0
856422_reviewed	851408_reviewed	1
854322_reviewed	853301_reviewed	1
852697_reviewed	855312_reviewed	1
854247_reviewed	854966_reviewed	0
852675_reviewed	852862_reviewed	0
854937_reviewed	855888_reviewed	0
850298_reviewed	855335_reviewed	1
851084_reviewed	851437_reviewed	0
851425_reviewed	855039_reviewed	0
851520_reviewed	853419_reviewed	0
851988_reviewed	853851_reviewed	0
850551_reviewed	852767_reviewed	0
856751_reviewed	854497_reviewed	1
850693_reviewed	854424_reviewed	0
853456_reviewed	855362_reviewed	1
850647_reviewed	855439_reviewed	1
855066_reviewed	852778_reviewed	1
855512_reviewed	855705_reviewed	1
856208_reviewed	852451_reviewed	1
853009_reviewed	854649_reviewed	1
853877_reviewed	853167_reviewed	1
851135_reviewed	852804_reviewed	0
852749_reviewed	855364_reviewed	0
853372_reviewed	853434_reviewed	1
850762_reviewed	852801_reviewed	0
856891_reviewed	853191_reviewed	1
851884_reviewed	855241_reviewed	0
851394_reviewed	855889_reviewed	1
854373_reviewed	855640_reviewed	1
850793_reviewed	852871_reviewed	0
851700_reviewed	852892_reviewed	1
852787_reviewed	856680_reviewed	0
852806_reviewed	851259_reviewed	1
850647_reviewed	851256_reviewed	1
852501_reviewed	852834_reviewed	0
852715_reviewed	855221_reviewed	0
851482_reviewed	853735_reviewed	0
852042_reviewed	855891_reviewed	0
851318_reviewed	854999_reviewed	0
850647_reviewed	854734_reviewed	1
850647_reviewed	853202_reviewed	1
851874_reviewed	856320_reviewed	0
856486_reviewed	856912_reviewed	1
852357_reviewed	855952_reviewed	1
852860_reviewed	855710_reviewed	0
851394_reviewed	855497_reviewed	1
856854_reviewed	855048_reviewed	1
851132_reviewed	856537_reviewed	0
855925_reviewed	856216_reviewed	1
854431_reviewed	853033_reviewed	1
856420_reviewed	856420_reviewed	1
851969_reviewed	856255_reviewed	0
852218_reviewed	854666_reviewed	0
853641_reviewed	856870_reviewed	1
856267_reviewed	856553_reviewed	0
851394_reviewed	856270_reviewed	1
855386_reviewed	855920_reviewed	1
852610_reviewed	854395_reviewed	0
855622_reviewed	856148_reviewed	0
850837_reviewed	856459_reviewed	1
853712_reviewed	855512_reviewed	0
852740_reviewed	855967_reviewed	0
851201_reviewed	856763_reviewed	0
852980_reviewed	855180_reviewed	0
851762_reviewed	852025_reviewed	0
850785_reviewed	851700_reviewed	0
852410_reviewed	852860_reviewed	1
854739_reviewed	851408_reviewed	1
852697_reviewed	855496_reviewed	1
851171_reviewed	852939_reviewed	1
856607_reviewed	850499_reviewed	1
856393_reviewed	855201_reviewed	1
855104_reviewed	855605_reviewed	1
851906_reviewed	856723_reviewed	0
852834_reviewed	853527_reviewed	0
851075_reviewed	855613_reviewed	0
851882_reviewed	856360_reviewed	0
856553_reviewed	855649_reviewed	1
852740_reviewed	854834_reviewed	0
850767_reviewed	850973_reviewed	1
852697_reviewed	856467_reviewed	1
851394_reviewed	854980_reviewed	1
851471_reviewed	855460_reviewed	0
850422_reviewed	852704_reviewed	0
854993_reviewed	855965_reviewed	0
852995_reviewed	855158_reviewed	0
850554_reviewed	856589_reviewed	1
855223_reviewed	855066_reviewed	1
854487_reviewed	856463_reviewed	0
851724_reviewed	856918_reviewed	0
853098_reviewed	855067_reviewed	0
851888_reviewed	853800_reviewed	0
855524_reviewed	852402_reviewed	1
850587_reviewed	855393_reviewed	0
854327_reviewed	855706_reviewed	0
851666_reviewed	853463_reviewed	0
852084_reviewed	855155_reviewed	0
853746_reviewed	855263_reviewed	0
851756_reviewed	852871_reviewed	1
854078_reviewed	854245_reviewed	0
853880_reviewed	853985_reviewed	0
852099_reviewed	856736_reviewed	0
852697_reviewed	854825_reviewed	1
851052_reviewed	856846_reviewed	0
851549_reviewed	850406_reviewed	1
853478_reviewed	853851_reviewed	0
851557_reviewed	856876_reviewed	0
850611_reviewed	856320_reviewed	0
856508_reviewed	856663_reviewed	0
853638_reviewed	853990_reviewed	0
851394_reviewed	856261_reviewed	1
853729_reviewed	853350_reviewed	1
850900_reviewed	852921_reviewed	0
852611_reviewed	854423_reviewed	1
852995_reviewed	854152_reviewed	0
853192_reviewed	855144_reviewed	0
855739_reviewed	856303_reviewed	0
852996_reviewed	854345_reviewed	1
852129_reviewed	851459_reviewed	1
855066_reviewed	854691_reviewed	1
850435_reviewed	851632_reviewed	0
851821_reviewed	854527_reviewed	0
855468_reviewed	855471_reviewed	0
850998_reviewed	856744_reviewed	1
856267_reviewed	856463_reviewed	0
852311_reviewed	856741_reviewed	0
856315_reviewed	851153_reviewed	1
851834_reviewed	856231_reviewed	1
851394_reviewed	856777_reviewed	1
853629_reviewed	853781_reviewed	0
853922_reviewed	855489_reviewed	0
853708_reviewed	853767_reviewed	0
851678_reviewed	855964_reviewed	0
855925_reviewed	856895_reviewed	1
851369_reviewed	853106_reviewed	1
852088_reviewed	856352_reviewed	1
856264_reviewed	856012_reviewed	1
852697_reviewed	856870_reviewed	0
852697_reviewed	856402_reviewed	1
855683_reviewed	852567_reviewed	1
852676_reviewed	850505_reviewed	1
854550_reviewed	854550_reviewed	1
851394_reviewed	856246_reviewed	1
851284_reviewed	851431_reviewed	0
853167_reviewed	851788_reviewed	1
851207_reviewed	853346_reviewed	0
851477_reviewed	852697_reviewed	0
852726_reviewed	853133_reviewed	0
851933_reviewed	855512_reviewed	0
853016_reviewed	854977_reviewed	0
853128_reviewed	856141_reviewed	0
855838_reviewed	856677_reviewed	1
854957_reviewed	854995_reviewed	0
851005_reviewed	855828_reviewed	0
850638_reviewed	856674_reviewed	0
853369_reviewed	853880_reviewed	1
852233_reviewed	853546_reviewed	0
851818_reviewed	856399_reviewed	0
850623_reviewed	851991_reviewed	0
851259_reviewed	852730_reviewed	1
852003_reviewed	855836_reviewed	0
850973_reviewed	852731_reviewed	0
852003_reviewed	854458_reviewed	0
852728_reviewed	855276_reviewed	0
851678_reviewed	854882_reviewed	0
851580_reviewed	854200_reviewed	0
851803_reviewed	855049_reviewed	0
852701_reviewed	853774_reviewed	0
851394_reviewed	852824_reviewed	1
854509_reviewed	856148_reviewed	1
852373_reviewed	852763_reviewed	0
852007_reviewed	855730_reviewed	0
850734_reviewed	854889_reviewed	1
851957_reviewed	855496_reviewed	1
852982_reviewed	855591_reviewed	1
852088_reviewed	854317_reviewed	0
852319_reviewed	856521_reviewed	0
852071_reviewed	852819_reviewed	0
850522_reviewed	853997_reviewed	0
852109_reviewed	854957_reviewed	0
856228_reviewed	850298_reviewed	1
853531_reviewed	854059_reviewed	1
850808_reviewed	855061_reviewed	0
852059_reviewed	855017_reviewed	0
852248_reviewed	854170_reviewed	1
856837_reviewed	852019_reviewed	1
853463_reviewed	852974_reviewed	1
852258_reviewed	852819_reviewed	0
850894_reviewed	855957_reviewed	0
853912_reviewed	856600_reviewed	1
851071_reviewed	855979_reviewed	0
852921_reviewed	855592_reviewed	1
852982_reviewed	854776_reviewed	1
855687_reviewed	855676_reviewed	1
855524_reviewed	851644_reviewed	1
851335_reviewed	851714_reviewed	0
852881_reviewed	856236_reviewed	1
851680_reviewed	852018_reviewed	0
850326_reviewed	850920_reviewed	1
852549_reviewed	853062_reviewed	0
852500_reviewed	852939_reviewed	1
850631_reviewed	854253_reviewed	0
853194_reviewed	854726_reviewed	1
851259_reviewed	853666_reviewed	1
852421_reviewed	854019_reviewed	0
853359_reviewed	852618_reviewed	1
855078_reviewed	855751_reviewed	0
850647_reviewed	856132_reviewed	1
852290_reviewed	855458_reviewed	0
856680_reviewed	851520_reviewed	1
856607_reviewed	854433_reviewed	1
853047_reviewed	853047_reviewed	1
852423_reviewed	855512_reviewed	1
856604_reviewed	851632_reviewed	1
850347_reviewed	854351_reviewed	0
853576_reviewed	855821_reviewed	0
852947_reviewed	853817_reviewed	0
852787_reviewed	852787_reviewed	1
852676_reviewed	855022_reviewed	0
850607_reviewed	854085_reviewed	1
853133_reviewed	855399_reviewed	0
853320_reviewed	855957_reviewed	1
856367_reviewed	856141_reviewed	1
853908_reviewed	852053_reviewed	1
850370_reviewed	853318_reviewed	1
856743_reviewed	853174_reviewed	1
851666_reviewed	855838_reviewed	0
851264_reviewed	852403_reviewed	0
851221_reviewed	855607_reviewed	0
854697_reviewed	855788_reviewed	0
851678_reviewed	854328_reviewed	0
850580_reviewed	851696_reviewed	0
853373_reviewed	855092_reviewed	0
852755_reviewed	856169_reviewed	0
855068_reviewed	852757_reviewed	1
855730_reviewed	854373_reviewed	1
853397_reviewed	854680_reviewed	0
852559_reviewed	852559_reviewed	1
853377_reviewed	855725_reviewed	0
851532_reviewed	853528_reviewed	1
851212_reviewed	854939_reviewed	0
851827_reviewed	853788_reviewed	1
850923_reviewed	852071_reviewed	0
853713_reviewed	856226_reviewed	1
853956_reviewed	852319_reviewed	1
854713_reviewed	856409_reviewed	0
853552_reviewed	855221_reviewed	0
851394_reviewed	851457_reviewed	1
850961_reviewed	851059_reviewed	1
853824_reviewed	854786_reviewed	0
853877_reviewed	851071_reviewed	1
850656_reviewed	851964_reviewed	0
853796_reviewed	851678_reviewed	1
852439_reviewed	855977_reviewed	0
854072_reviewed	852721_reviewed	1
851204_reviewed	852427_reviewed	1
855532_reviewed	856486_reviewed	1
853877_reviewed	854912_reviewed	1
853743_reviewed	854852_reviewed	1
850530_reviewed	855772_reviewed	0
852451_reviewed	853090_reviewed	0
850826_reviewed	853355_reviewed	1
852497_reviewed	854283_reviewed	0
852472_reviewed	856519_reviewed	1
853650_reviewed	855323_reviewed	0
851369_reviewed	853805_reviewed	1
856267_reviewed	852060_reviewed	1
855223_reviewed	856155_reviewed	0
850613_reviewed	856223_reviewed	1
850818_reviewed	852785_reviewed	0
850941_reviewed	851207_reviewed	0
853714_reviewed	853128_reviewed	1
853364_reviewed	854933_reviewed	0
850521_reviewed	850908_reviewed	0
851430_reviewed	853195_reviewed	0
851154_reviewed	852194_reviewed	0
850563_reviewed	854842_reviewed	0
851696_reviewed	854423_reviewed	1
852039_reviewed	853195_reviewed	0
851782_reviewed	856848_reviewed	0
851394_reviewed	854421_reviewed	1
850534_reviewed	851771_reviewed	1
851509_reviewed	855470_reviewed	0
854256_reviewed	856505_reviewed	0
852088_reviewed	856866_reviewed	1
853364_reviewed	856920_reviewed	0
855541_reviewed	856507_reviewed	0
853167_reviewed	853757_reviewed	1
855335_reviewed	856255_reviewed	0
855836_reviewed	850846_reviewed	1
851394_reviewed	856260_reviewed	1
850620_reviewed	854243_reviewed	0
852646_reviewed	851052_reviewed	1
856012_reviewed	851530_reviewed	1
851788_reviewed	852392_reviewed	1
852982_reviewed	855335_reviewed	0
851259_reviewed	855639_reviewed	1
853178_reviewed	855998_reviewed	0
856489_reviewed	855466_reviewed	1
850806_reviewed	856870_reviewed	1
854199_reviewed	854342_reviewed	1
850719_reviewed	855116_reviewed	0
850623_reviewed	856275_reviewed	1
853364_reviewed	853824_reviewed	0
851394_reviewed	855789_reviewed	1
851259_reviewed	851643_reviewed	1
850807_reviewed	851771_reviewed	0
851969_reviewed	853682_reviewed	0
851406_reviewed	853758_reviewed	1
851005_reviewed	851753_reviewed	0
851318_reviewed	852025_reviewed	1
850793_reviewed	851485_reviewed	0
851140_reviewed	856315_reviewed	0
853552_reviewed	855844_reviewed	0
852757_reviewed	853555_reviewed	0
856409_reviewed	850836_reviewed	1
854247_reviewed	852258_reviewed	1
856220_reviewed	853416_reviewed	1
851494_reviewed	856320_reviewed	0
854925_reviewed	856057_reviewed	1
851665_reviewed	855461_reviewed	1
852039_reviewed	853535_reviewed	0
853048_reviewed	854487_reviewed	0
852575_reviewed	854284_reviewed	1
854379_reviewed	854820_reviewed	0
850552_reviewed	854977_reviewed	1
851814_reviewed	852665_reviewed	0
851784_reviewed	853406_reviewed	0
852033_reviewed	855357_reviewed	0
852890_reviewed	853959_reviewed	0
852060_reviewed	850820_reviewed	1
850440_reviewed	850970_reviewed	0
851217_reviewed	854931_reviewed	1
854407_reviewed	856180_reviewed	0
852088_reviewed	852763_reviewed	1
853463_reviewed	855149_reviewed	0
852169_reviewed	852169_reviewed	1
851259_reviewed	852697_reviewed	0
856723_reviewed	853860_reviewed	1
851359_reviewed	856035_reviewed	1
856576_reviewed	856576_reviewed	1
850875_reviewed	852319_reviewed	0
853667_reviewed	850620_reviewed	1
856758_reviewed	854258_reviewed	1
853090_reviewed	853817_reviewed	1
852439_reviewed	853160_reviewed	0
855739_reviewed	856387_reviewed	1
850863_reviewed	856726_reviewed	1
854424_reviewed	856254_reviewed	0
851036_reviewed	853671_reviewed	0
851738_reviewed	855580_reviewed	0
850520_reviewed	854791_reviewed	0
856255_reviewed	851407_reviewed	1
853167_reviewed	855843_reviewed	0
852665_reviewed	851266_reviewed	1
854093_reviewed	852211_reviewed	1
851259_reviewed	856758_reviewed	0
850580_reviewed	853712_reviewed	0
856012_reviewed	850304_reviewed	1
850530_reviewed	856365_reviewed	0
852982_reviewed	856863_reviewed	0
852100_reviewed	856723_reviewed	0
854372_reviewed	856521_reviewed	0
852257_reviewed	852982_reviewed	0
855017_reviewed	851212_reviewed	1
855607_reviewed	851666_reviewed	1
855499_reviewed	856823_reviewed	0
852418_reviewed	856145_reviewed	0
856279_reviewed	856741_reviewed	0
850872_reviewed	855664_reviewed	0
851152_reviewed	851152_reviewed	1
850603_reviewed	851264_reviewed	0
855745_reviewed	855332_reviewed	1
856089_reviewed	856228_reviewed	0
855613_reviewed	850304_reviewed	1
852995_reviewed	851052_reviewed	1
851247_reviewed	853817_reviewed	0
850647_reviewed	852823_reviewed	1
855957_reviewed	856429_reviewed	1
852787_reviewed	854370_reviewed	1
855116_reviewed	854912_reviewed	1
852556_reviewed	854898_reviewed	1
852757_reviewed	854034_reviewed	1
855836_reviewed	856320_reviewed	0
850763_reviewed	853956_reviewed	1
852042_reviewed	852896_reviewed	0
850919_reviewed	855591_reviewed	0
853361_reviewed	856876_reviewed	0
854483_reviewed	855478_reviewed	0
852319_reviewed	855016_reviewed	0
850803_reviewed	854822_reviewed	1
854872_reviewed	854902_reviewed	0
853369_reviewed	853682_reviewed	0
853438_reviewed	856846_reviewed	0
852512_reviewed	854085_reviewed	1
852194_reviewed	856571_reviewed	1
856485_reviewed	856751_reviewed	0
852392_reviewed	855950_reviewed	0
855836_reviewed	851751_reviewed	1
852399_reviewed	854694_reviewed	1
850585_reviewed	851209_reviewed	1
851394_reviewed	855504_reviewed	1
856723_reviewed	855957_reviewed	1
851982_reviewed	856884_reviewed	0
852740_reviewed	856565_reviewed	0
851782_reviewed	854075_reviewed	0
851259_reviewed	850314_reviewed	1
852403_reviewed	851891_reviewed	1
853256_reviewed	853983_reviewed	0
851757_reviewed	850620_reviewed	1
851320_reviewed	851470_reviewed	0
850401_reviewed	853674_reviewed	0
852088_reviewed	854664_reviewed	0
850343_reviewed	851937_reviewed	0
854543_reviewed	855316_reviewed	0
853817_reviewed	855116_reviewed	0
852694_reviewed	853806_reviewed	0
852697_reviewed	850401_reviewed	1
853100_reviewed	856228_reviewed	0
852767_reviewed	853029_reviewed	0
850818_reviewed	851874_reviewed	0
853264_reviewed	854527_reviewed	0
852996_reviewed	855636_reviewed	0
850630_reviewed	851399_reviewed	0
851676_reviewed	851708_reviewed	1
853638_reviewed	854701_reviewed	0
852352_reviewed	850808_reviewed	1
853537_reviewed	853846_reviewed	0
850518_reviewed	855090_reviewed	0
853254_reviewed	854646_reviewed	0
852083_reviewed	854282_reviewed	1
856277_reviewed	850620_reviewed	1
856837_reviewed	855147_reviewed	1
851394_reviewed	853828_reviewed	1
852439_reviewed	853458_reviewed	0
851533_reviewed	855897_reviewed	1
852059_reviewed	851737_reviewed	1
852319_reviewed	856095_reviewed	0
851259_reviewed	853477_reviewed	1
854084_reviewed	855646_reviewed	1
855386_reviewed	855305_reviewed	1
852755_reviewed	853192_reviewed	0
851071_reviewed	852806_reviewed	0
852049_reviewed	850447_reviewed	1
854667_reviewed	856506_reviewed	0
851568_reviewed	856226_reviewed	1
856607_reviewed	851193_reviewed	1
850695_reviewed	856320_reviewed	0
851895_reviewed	852673_reviewed	0
852662_reviewed	853675_reviewed	0
853555_reviewed	851255_reviewed	1
851985_reviewed	855409_reviewed	1
851135_reviewed	854317_reviewed	0
851708_reviewed	851916_reviewed	1
851819_reviewed	851819_reviewed	1
854738_reviewed	850968_reviewed	1
852995_reviewed	856267_reviewed	0
853071_reviewed	855929_reviewed	0
850633_reviewed	851458_reviewed	1
853392_reviewed	856243_reviewed	0
851000_reviewed	852726_reviewed	0
851807_reviewed	856366_reviewed	0
853450_reviewed	856815_reviewed	0
851678_reviewed	850435_reviewed	1
850639_reviewed	850639_reviewed	1
851752_reviewed	853654_reviewed	0
852569_reviewed	855512_reviewed	0
854331_reviewed	856911_reviewed	0
852275_reviewed	856099_reviewed	0
852193_reviewed	856566_reviewed	0
855972_reviewed	856126_reviewed	1
856201_reviewed	856405_reviewed	0
851216_reviewed	855836_reviewed	0
855974_reviewed	856360_reviewed	1
852003_reviewed	851557_reviewed	1
854855_reviewed	856105_reviewed	0
851212_reviewed	854243_reviewed	0
855687_reviewed	856367_reviewed	0
851394_reviewed	856429_reviewed	1
854691_reviewed	854691_reviewed	1
850916_reviewed	851738_reviewed	0
856076_reviewed	856136_reviewed	1
853458_reviewed	854078_reviewed	0
852569_reviewed	855447_reviewed	0
856130_reviewed	856604_reviewed	0
856159_reviewed	851991_reviewed	1
856351_reviewed	853365_reviewed	1
851723_reviewed	850744_reviewed	1
851724_reviewed	856223_reviewed	0
855439_reviewed	855500_reviewed	1
851678_reviewed	851052_reviewed	1
851394_reviewed	854731_reviewed	1
852007_reviewed	855547_reviewed	0
851394_reviewed	854851_reviewed	1
855705_reviewed	855669_reviewed	1
852549_reviewed	856815_reviewed	1
855897_reviewed	851158_reviewed	1
850763_reviewed	854841_reviewed	0
850422_reviewed	850894_reviewed	0
850399_reviewed	856891_reviewed	0
852392_reviewed	854087_reviewed	0
854483_reviewed	855478_reviewed	0
850607_reviewed	850720_reviewed	0
850520_reviewed	855264_reviewed	0
854875_reviewed	855663_reviewed	0
854827_reviewed	853090_reviewed	1
852549_reviewed	856574_reviewed	1
851161_reviewed	852883_reviewed	0
851394_reviewed	856665_reviewed	1
851337_reviewed	852743_reviewed	0
856126_reviewed	850435_reviewed	1
852385_reviewed	853555_reviewed	0
854170_reviewed	855631_reviewed	0
851085_reviewed	851130_reviewed	0
853870_reviewed	851996_reviewed	1
854119_reviewed	853036_reviewed	1
854669_reviewed	855862_reviewed	0
850647_reviewed	851164_reviewed	1
853826_reviewed	854740_reviewed	0
854487_reviewed	850872_reviewed	1
856530_reviewed	856724_reviewed	0
850786_reviewed	851928_reviewed	1
855907_reviewed	856009_reviewed	0
852553_reviewed	856475_reviewed	0
850777_reviewed	851095_reviewed	0
852107_reviewed	856723_reviewed	1
850793_reviewed	850980_reviewed	1
850435_reviewed	851520_reviewed	0
852814_reviewed	856680_reviewed	0
855532_reviewed	850401_reviewed	1
850840_reviewed	851653_reviewed	1
851243_reviewed	856231_reviewed	0
850495_reviewed	855539_reviewed	0
852088_reviewed	853774_reviewed	0
851394_reviewed	850911_reviewed	1
851394_reviewed	854165_reviewed	1
855888_reviewed	854749_reviewed	1
850774_reviewed	851259_reviewed	0
851204_reviewed	852193_reviewed	0
851394_reviewed	850366_reviewed	1
855836_reviewed	856044_reviewed	0
850824_reviewed	851575_reviewed	0
856912_reviewed	852533_reviewed	1
855620_reviewed	856852_reviewed	0
852938_reviewed	855642_reviewed	0
850587_reviewed	853285_reviewed	1
851440_reviewed	855570_reviewed	1
853109_reviewed	854229_reviewed	0
855705_reviewed	852973_reviewed	1
855929_reviewed	852547_reviewed	1
851559_reviewed	856743_reviewed	1
855822_reviewed	854889_reviewed	1
855253_reviewed	856069_reviewed	0
855343_reviewed	853418_reviewed	1
851802_reviewed	854322_reviewed	0
851152_reviewed	853997_reviewed	0
851359_reviewed	854503_reviewed	1
852611_reviewed	850818_reviewed	1
856743_reviewed	852013_reviewed	1
850872_reviewed	856603_reviewed	0
853035_reviewed	856799_reviewed	1
850647_reviewed	853578_reviewed	1
850607_reviewed	853681_reviewed	0
851776_reviewed	853555_reviewed	1
853397_reviewed	854102_reviewed	0
854825_reviewed	855621_reviewed	1
854113_reviewed	855991_reviewed	0
853540_reviewed	853716_reviewed	0
853191_reviewed	854912_reviewed	0
852497_reviewed	850620_reviewed	1
853860_reviewed	856352_reviewed	1
851841_reviewed	852145_reviewed	0
853098_reviewed	855974_reviewed	1
850808_reviewed	851782_reviewed	0
856148_reviewed	856702_reviewed	0
851544_reviewed	856510_reviewed	1
855005_reviewed	856732_reviewed	0
854424_reviewed	854663_reviewed	0
851394_reviewed	850945_reviewed	1
850818_reviewed	854286_reviewed	0
854487_reviewed	856912_reviewed	1
853857_reviewed	854937_reviewed	0
855613_reviewed	851530_reviewed	1
852624_reviewed	854875_reviewed	0
850440_reviewed	850500_reviewed	0
851678_reviewed	856731_reviewed	0
851196_reviewed	852107_reviewed	1
850720_reviewed	854680_reviewed	1
850764_reviewed	854263_reviewed	0
852685_reviewed	855316_reviewed	1
853293_reviewed	854518_reviewed	1
852697_reviewed	856404_reviewed	1
853009_reviewed	855675_reviewed	1
855981_reviewed	855981_reviewed	1
851518_reviewed	854392_reviewed	0
852882_reviewed	853702_reviewed	0
853060_reviewed	850983_reviewed	1
852582_reviewed	855841_reviewed	0
850799_reviewed	853922_reviewed	0
852506_reviewed	855483_reviewed	1
855012_reviewed	852428_reviewed	1
854507_reviewed	856381_reviewed	0
852480_reviewed	856751_reviewed	0
851042_reviewed	856537_reviewed	1
851246_reviewed	851264_reviewed	0
851394_reviewed	853575_reviewed	1
851394_reviewed	854542_reviewed	1
854221_reviewed	855897_reviewed	1
852100_reviewed	855144_reviewed	0
851834_reviewed	851928_reviewed	0
852685_reviewed	855136_reviewed	1
850440_reviewed	852697_reviewed	0
851771_reviewed	856763_reviewed	0
850549_reviewed	854518_reviewed	0
850808_reviewed	855535_reviewed	0
850647_reviewed	856099_reviewed	1
851259_reviewed	856876_reviewed	0
850630_reviewed	852501_reviewed	0
851247_reviewed	854485_reviewed	0
855158_reviewed	853956_reviewed	1
850767_reviewed	856225_reviewed	0
852177_reviewed	854231_reviewed	0
854960_reviewed	856481_reviewed	0
850868_reviewed	852311_reviewed	1
851259_reviewed	856815_reviewed	1
853904_reviewed	852133_reviewed	1
856126_reviewed	854673_reviewed	1
851457_reviewed	856604_reviewed	0
855898_reviewed	855543_reviewed	1
851723_reviewed	854956_reviewed	0
850611_reviewed	851676_reviewed	0
854407_reviewed	856180_reviewed	0
854735_reviewed	854810_reviewed	1
856575_reviewed	856012_reviewed	1
850409_reviewed	851708_reviewed	0
850693_reviewed	855621_reviewed	0
851607_reviewed	852372_reviewed	0
853010_reviewed	851782_reviewed	1
855466_reviewed	853192_reviewed	1
850657_reviewed	855077_reviewed	0
854557_reviewed	853318_reviewed	1
854057_reviewed	855142_reviewed	0
852416_reviewed	850807_reviewed	1
854263_reviewed	854866_reviewed	0
853071_reviewed	853509_reviewed	0
850806_reviewed	853167_reviewed	0
855843_reviewed	853090_reviewed	1
850806_reviewed	852385_reviewed	0
855943_reviewed	851394_reviewed	1
853327_reviewed	854388_reviewed	1
856783_reviewed	853247_reviewed	1
856815_reviewed	852319_reviewed	1
851539_reviewed	851767_reviewed	0
852392_reviewed	856297_reviewed	0
851925_reviewed	850775_reviewed	1
854662_reviewed	852348_reviewed	1
853762_reviewed	855730_reviewed	0
854966_reviewed	856360_reviewed	0
851508_reviewed	853941_reviewed	0
850298_reviewed	852319_reviewed	1
856674_reviewed	856886_reviewed	1
852398_reviewed	850863_reviewed	1
852697_reviewed	854033_reviewed	1
856321_reviewed	854583_reviewed	1
851696_reviewed	856351_reviewed	0
853062_reviewed	855890_reviewed	0
854669_reviewed	855428_reviewed	0
850568_reviewed	856897_reviewed	1
854261_reviewed	853770_reviewed	1
853090_reviewed	851991_reviewed	1
851928_reviewed	854673_reviewed	0
852424_reviewed	855271_reviewed	0
855136_reviewed	855584_reviewed	0
853922_reviewed	854742_reviewed	0
850894_reviewed	855730_reviewed	0
850694_reviewed	856432_reviewed	0
851733_reviewed	853712_reviewed	0
850554_reviewed	856830_reviewed	1
853667_reviewed	854351_reviewed	0
856925_reviewed	854769_reviewed	1
852311_reviewed	854170_reviewed	0
852382_reviewed	853638_reviewed	0
850647_reviewed	856153_reviewed	1
853922_reviewed	855836_reviewed	0
856351_reviewed	855730_reviewed	1
851077_reviewed	854068_reviewed	0
854113_reviewed	851831_reviewed	1
853857_reviewed	854999_reviewed	1
852348_reviewed	852697_reviewed	0
853369_reviewed	853682_reviewed	0
856236_reviewed	852457_reviewed	1
851306_reviewed	854931_reviewed	1
851156_reviewed	854229_reviewed	0
855490_reviewed	856470_reviewed	0
851533_reviewed	854976_reviewed	1
856787_reviewed	856076_reviewed	1
850879_reviewed	856425_reviewed	1
850820_reviewed	851520_reviewed	0
855920_reviewed	851788_reviewed	1
856384_reviewed	854329_reviewed	1
852819_reviewed	856732_reviewed	0
852450_reviewed	852450_reviewed	1
850824_reviewed	855512_reviewed	0
851788_reviewed	854656_reviewed	0
852697_reviewed	855652_reviewed	1
850863_reviewed	851744_reviewed	1
851665_reviewed	854939_reviewed	1
851431_reviewed	852835_reviewed	0
851781_reviewed	852469_reviewed	0
851222_reviewed	856852_reviewed	0
850297_reviewed	850763_reviewed	0
850808_reviewed	852091_reviewed	0
853976_reviewed	854937_reviewed	1
856862_reviewed	852042_reviewed	1
855613_reviewed	856095_reviewed	1
850647_reviewed	852310_reviewed	1
854229_reviewed	856141_reviewed	0
854786_reviewed	850540_reviewed	1
851259_reviewed	855661_reviewed	1
853267_reviewed	854918_reviewed	0
856723_reviewed	851530_reviewed	1
850620_reviewed	853509_reviewed	0
853109_reviewed	856575_reviewed	0
851207_reviewed	852079_reviewed	0
853419_reviewed	856603_reviewed	0
850983_reviewed	854424_reviewed	1
854668_reviewed	854668_reviewed	1
851445_reviewed	853082_reviewed	1
856472_reviewed	853668_reviewed	1
856409_reviewed	856514_reviewed	0
852766_reviewed	852814_reviewed	1
851224_reviewed	851226_reviewed	0
855964_reviewed	856731_reviewed	0
853859_reviewed	852834_reviewed	1
850552_reviewed	851048_reviewed	0
856831_reviewed	851266_reviewed	1
851329_reviewed	854649_reviewed	0
855611_reviewed	856862_reviewed	0
856674_reviewed	850613_reviewed	1
851632_reviewed	852995_reviewed	1
854827_reviewed	856571_reviewed	0
852697_reviewed	856572_reviewed	1
854317_reviewed	855360_reviewed	0
851008_reviewed	851008_reviewed	1
852224_reviewed	854379_reviewed	0
852780_reviewed	853638_reviewed	1
852501_reviewed	854019_reviewed	1
853539_reviewed	850358_reviewed	1
851746_reviewed	853274_reviewed	1
853293_reviewed	856119_reviewed	1
856063_reviewed	856063_reviewed	1
853373_reviewed	851576_reviewed	1
854875_reviewed	855276_reviewed	1
851259_reviewed	856799_reviewed	1
851452_reviewed	854388_reviewed	0
851513_reviewed	852678_reviewed	1
856317_reviewed	856799_reviewed	0
853376_reviewed	856063_reviewed	0
854453_reviewed	855636_reviewed	0
854550_reviewed	855621_reviewed	0
850367_reviewed	850504_reviewed	0
851255_reviewed	856222_reviewed	1
851394_reviewed	853707_reviewed	1
854583_reviewed	855347_reviewed	0
856667_reviewed	854309_reviewed	1
851392_reviewed	854294_reviewed	1
852059_reviewed	856763_reviewed	0
852852_reviewed	853304_reviewed	0
853167_reviewed	856455_reviewed	0
855787_reviewed	856351_reviewed	1
854964_reviewed	853428_reviewed	1
855068_reviewed	855613_reviewed	1
851153_reviewed	854946_reviewed	1
854243_reviewed	855897_reviewed	0
851158_reviewed	851752_reviewed	0
855602_reviewed	855705_reviewed	0
853539_reviewed	855555_reviewed	1
850695_reviewed	855253_reviewed	0
856709_reviewed	855757_reviewed	1
850647_reviewed	856521_reviewed	1
854796_reviewed	854229_reviewed	1
853364_reviewed	856518_reviewed	0
853641_reviewed	854993_reviewed	0
855897_reviewed	855862_reviewed	1
856126_reviewed	856863_reviewed	1
854881_reviewed	854381_reviewed	1
855412_reviewed	855502_reviewed	0
853355_reviewed	852110_reviewed	1
851643_reviewed	852119_reviewed	0
852818_reviewed	855466_reviewed	0
851562_reviewed	855976_reviewed	0
855586_reviewed	855616_reviewed	1
854408_reviewed	853513_reviewed	1
855828_reviewed	856918_reviewed	0
856841_reviewed	855404_reviewed	1
852960_reviewed	852865_reviewed	1
853048_reviewed	854078_reviewed	0
853167_reviewed	856130_reviewed	0
851745_reviewed	851756_reviewed	1
850647_reviewed	851313_reviewed	1
853016_reviewed	855934_reviewed	1
854331_reviewed	851000_reviewed	1
852265_reviewed	855264_reviewed	0
852419_reviewed	852816_reviewed	0
850631_reviewed	855478_reviewed	0
852617_reviewed	855543_reviewed	0
851461_reviewed	853147_reviewed	1
856141_reviewed	853589_reviewed	1
851962_reviewed	856065_reviewed	0
850734_reviewed	855496_reviewed	0
856743_reviewed	852726_reviewed	1
851621_reviewed	855836_reviewed	0
850692_reviewed	853712_reviewed	0
854387_reviewed	856382_reviewed	1
854791_reviewed	854327_reviewed	1
852399_reviewed	852860_reviewed	0
850320_reviewed	854543_reviewed	0
852434_reviewed	856476_reviewed	0
850647_reviewed	853308_reviewed	1
853638_reviewed	853884_reviewed	0
850879_reviewed	853475_reviewed	1
852697_reviewed	855332_reviewed	1
850399_reviewed	854063_reviewed	0
852373_reviewed	853090_reviewed	0
850620_reviewed	856141_reviewed	0
856836_reviewed	856870_reviewed	0
851475_reviewed	855468_reviewed	1
856429_reviewed	856731_reviewed	0
850505_reviewed	852545_reviewed	0
852857_reviewed	855306_reviewed	0
851394_reviewed	853929_reviewed	1
854381_reviewed	853894_reviewed	1
856854_reviewed	850370_reviewed	1
853956_reviewed	850682_reviewed	1
854981_reviewed	856436_reviewed	0
856862_reviewed	856870_reviewed	0
855083_reviewed	851255_reviewed	1
856267_reviewed	856449_reviewed	0
855013_reviewed	855533_reviewed	0
852659_reviewed	856319_reviewed	1
853836_reviewed	854937_reviewed	0
854904_reviewed	852649_reviewed	1
855751_reviewed	850694_reviewed	1
854806_reviewed	854806_reviewed	1
853178_reviewed	853910_reviewed	1
852305_reviewed	853774_reviewed	0
855836_reviewed	852875_reviewed	1
855897_reviewed	856277_reviewed	0
852987_reviewed	856352_reviewed	0
856360_reviewed	853192_reviewed	1
851897_reviewed	852794_reviewed	0
850905_reviewed	850905_reviewed	1
852984_reviewed	855567_reviewed	1
851752_reviewed	852779_reviewed	0
856089_reviewed	856130_reviewed	0
851530_reviewed	856063_reviewed	1
852805_reviewed	854864_reviewed	0
855751_reviewed	854407_reviewed	1
852576_reviewed	856366_reviewed	0
850518_reviewed	852897_reviewed	0
856723_reviewed	851678_reviewed	1
856891_reviewed	856709_reviewed	1
855621_reviewed	854933_reviewed	1
852427_reviewed	853650_reviewed	1
856076_reviewed	856504_reviewed	0
850551_reviewed	856603_reviewed	0
853376_reviewed	855158_reviewed	0
852996_reviewed	853985_reviewed	1
852516_reviewed	852983_reviewed	0
851416_reviewed	851814_reviewed	0
852697_reviewed	851212_reviewed	1
853364_reviewed	855976_reviewed	1
850982_reviewed	856815_reviewed	0
856223_reviewed	856891_reviewed	0
853811_reviewed	855006_reviewed	0
851394_reviewed	854306_reviewed	1
855492_reviewed	855836_reviewed	0
853851_reviewed	854106_reviewed	0
850623_reviewed	853353_reviewed	0
850872_reviewed	851754_reviewed	0
853227_reviewed	855888_reviewed	1
853509_reviewed	854229_reviewed	0
852945_reviewed	852945_reviewed	1
852545_reviewed	852362_reviewed	1
851714_reviewed	850728_reviewed	1
850330_reviewed	854647_reviewed	1
854084_reviewed	855570_reviewed	0
851326_reviewed	851813_reviewed	0
855834_reviewed	855945_reviewed	0
855356_reviewed	856095_reviewed	1
855524_reviewed	856644_reviewed	1
852879_reviewed	856753_reviewed	0
851394_reviewed	855256_reviewed	1
851394_reviewed	855882_reviewed	1
852451_reviewed	854933_reviewed	0
855567_reviewed	852468_reviewed	1
854946_reviewed	855836_reviewed	1
854725_reviewed	851220_reviewed	1
851222_reviewed	856751_reviewed	0
851071_reviewed	852392_reviewed	0
854976_reviewed	855404_reviewed	1
852377_reviewed	856891_reviewed	0
851994_reviewed	852395_reviewed	1
852757_reviewed	853681_reviewed	1
854258_reviewed	851195_reviewed	1
854726_reviewed	855613_reviewed	0
852972_reviewed	856095_reviewed	1
855543_reviewed	856315_reviewed	0
854322_reviewed	852665_reviewed	1
851064_reviewed	851064_reviewed	1
853636_reviewed	855639_reviewed	0
853942_reviewed	852083_reviewed	1
851771_reviewed	856674_reviewed	0
851458_reviewed	854335_reviewed	1
852697_reviewed	856528_reviewed	1
851437_reviewed	854407_reviewed	0
851771_reviewed	852787_reviewed	0
855102_reviewed	856305_reviewed	1
854229_reviewed	855171_reviewed	0
851394_reviewed	853851_reviewed	1
851394_reviewed	854653_reviewed	1
855836_reviewed	852042_reviewed	1
855668_reviewed	855624_reviewed	1
853503_reviewed	854303_reviewed	0
853671_reviewed	854907_reviewed	0
853851_reviewed	856222_reviewed	1
855862_reviewed	856095_reviewed	1
852728_reviewed	856290_reviewed	0
852235_reviewed	855778_reviewed	0
851140_reviewed	854119_reviewed	0
851494_reviewed	851928_reviewed	0
854882_reviewed	856830_reviewed	1
853638_reviewed	854212_reviewed	0
851720_reviewed	855387_reviewed	0
850361_reviewed	850768_reviewed	0
856603_reviewed	852982_reviewed	1
855836_reviewed	851800_reviewed	1
851259_reviewed	855136_reviewed	1
851196_reviewed	852575_reviewed	0
853036_reviewed	853168_reviewed	0
850442_reviewed	853681_reviewed	0
850696_reviewed	854999_reviewed	1
853774_reviewed	854776_reviewed	1
851193_reviewed	854980_reviewed	1
850793_reviewed	852258_reviewed	1
855613_reviewed	855650_reviewed	0
854673_reviewed	855357_reviewed	0
851787_reviewed	855017_reviewed	0
856449_reviewed	854381_reviewed	1
850358_reviewed	852504_reviewed	0
851394_reviewed	852019_reviewed	1
853185_reviewed	854291_reviewed	1
851394_reviewed	852447_reviewed	1
853320_reviewed	856218_reviewed	0
853478_reviewed	855665_reviewed	0
852794_reviewed	855426_reviewed	0
850647_reviewed	854929_reviewed	1
853733_reviewed	855466_reviewed	0
855836_reviewed	850440_reviewed	1
850358_reviewed	851566_reviewed	0
853674_reviewed	856093_reviewed	0
851406_reviewed	855954_reviewed	0
850874_reviewed	851557_reviewed	0
850298_reviewed	852060_reviewed	1
853954_reviewed	855897_reviewed	0
850518_reviewed	856828_reviewed	0
850584_reviewed	850744_reviewed	0
854714_reviewed	856365_reviewed	0
851394_reviewed	852171_reviewed	1
850534_reviewed	853191_reviewed	0
852351_reviewed	855449_reviewed	1
852665_reviewed	852757_reviewed	0
853772_reviewed	850620_reviewed	1
853500_reviewed	854725_reviewed	0
850405_reviewed	853554_reviewed	1
851069_reviewed	851454_reviewed	0
852773_reviewed	854372_reviewed	1
850440_reviewed	855440_reviewed	0
852549_reviewed	855512_reviewed	1
853796_reviewed	856844_reviewed	0
850793_reviewed	856680_reviewed	1
851085_reviewed	851985_reviewed	0
852497_reviewed	855470_reviewed	0
855013_reviewed	851061_reviewed	1
854742_reviewed	855613_reviewed	0
854200_reviewed	856095_reviewed	0
856076_reviewed	850514_reviewed	1
853400_reviewed	854091_reviewed	1
854999_reviewed	855220_reviewed	0
853682_reviewed	855730_reviewed	1
853636_reviewed	852724_reviewed	1
853320_reviewed	854328_reviewed	0
853288_reviewed	855149_reviewed	1
851399_reviewed	856351_reviewed	0
854381_reviewed	853780_reviewed	1
851394_reviewed	855143_reviewed	1
851803_reviewed	853846_reviewed	0
855925_reviewed	852896_reviewed	1
853796_reviewed	853796_reviewed	1
851643_reviewed	854023_reviewed	0
851678_reviewed	855655_reviewed	1
850830_reviewed	856042_reviewed	0
855061_reviewed	855982_reviewed	0
853967_reviewed	852757_reviewed	1
852834_reviewed	853651_reviewed	0
850447_reviewed	853880_reviewed	1
856130_reviewed	852501_reviewed	1
853201_reviewed	855463_reviewed	0
853418_reviewed	856611_reviewed	0
854063_reviewed	855404_reviewed	0
851437_reviewed	856402_reviewed	0
856863_reviewed	856063_reviewed	1
854138_reviewed	855253_reviewed	0
855603_reviewed	856758_reviewed	0
850647_reviewed	852651_reviewed	1
851819_reviewed	852675_reviewed	0
852180_reviewed	856723_reviewed	0
856751_reviewed	852749_reviewed	1
856870_reviewed	850304_reviewed	1
853709_reviewed	856321_reviewed	0
852404_reviewed	852809_reviewed	1
853438_reviewed	853774_reviewed	0
852697_reviewed	851371_reviewed	1
853109_reviewed	854405_reviewed	0
852269_reviewed	855613_reviewed	0
852305_reviewed	853796_reviewed	1
856065_reviewed	850445_reviewed	1
850504_reviewed	850506_reviewed	0
851814_reviewed	853871_reviewed	1
854748_reviewed	853528_reviewed	1
852258_reviewed	854656_reviewed	1
855226_reviewed	855508_reviewed	0
852416_reviewed	855495_reviewed	0
855668_reviewed	855699_reviewed	1
852258_reviewed	855320_reviewed	0
850298_reviewed	854881_reviewed	1
852382_reviewed	853056_reviewed	0
852697_reviewed	854138_reviewed	0
850647_reviewed	855727_reviewed	1
850639_reviewed	854406_reviewed	1
852728_reviewed	855506_reviewed	1
854446_reviewed	855664_reviewed	0
855104_reviewed	851752_reviewed	1
853064_reviewed	854156_reviewed	1
855607_reviewed	855607_reviewed	1
856603_reviewed	851162_reviewed	1
856267_reviewed	855862_reviewed	1
851788_reviewed	855950_reviewed	0
851115_reviewed	851371_reviewed	0
851061_reviewed	854691_reviewed	1
853281_reviewed	856546_reviewed	0
851988_reviewed	855055_reviewed	0
852457_reviewed	850515_reviewed	1
852096_reviewed	855319_reviewed	0
852697_reviewed	852077_reviewed	1
852860_reviewed	853318_reviewed	0
853537_reviewed	855950_reviewed	0
851683_reviewed	855948_reviewed	0
856360_reviewed	856738_reviewed	0
854993_reviewed	852766_reviewed	1
851781_reviewed	855596_reviewed	1
852968_reviewed	853575_reviewed	0
856924_reviewed	850647_reviewed	1
850440_reviewed	851394_reviewed	1
852938_reviewed	851964_reviewed	1
852326_reviewed	855844_reviewed	0
852814_reviewed	855099_reviewed	0
854687_reviewed	854999_reviewed	0
856203_reviewed	854229_reviewed	1
855514_reviewed	856095_reviewed	1
851845_reviewed	856399_reviewed	0
856663_reviewed	853076_reviewed	1
851671_reviewed	855067_reviewed	0
854790_reviewed	853503_reviewed	1
852982_reviewed	853097_reviewed	1
850647_reviewed	854839_reviewed	1
851174_reviewed	853133_reviewed	0
851557_reviewed	854698_reviewed	0
852492_reviewed	852860_reviewed	1
855974_reviewed	853264_reviewed	1
853432_reviewed	853503_reviewed	0
854388_reviewed	855055_reviewed	0
850760_reviewed	856453_reviewed	0
852392_reviewed	855520_reviewed	0
852096_reviewed	855841_reviewed	1
850440_reviewed	855253_reviewed	0
855620_reviewed	850620_reviewed	1
854819_reviewed	855136_reviewed	0
851394_reviewed	852890_reviewed	1
853376_reviewed	856012_reviewed	0
853376_reviewed	853376_reviewed	1
856891_reviewed	855312_reviewed	1
850551_reviewed	853458_reviewed	0
852675_reviewed	854796_reviewed	0
854469_reviewed	856217_reviewed	1
854336_reviewed	856716_reviewed	0
851441_reviewed	853385_reviewed	1
852039_reviewed	853922_reviewed	0
850572_reviewed	854835_reviewed	0
850840_reviewed	851112_reviewed	1
854434_reviewed	850998_reviewed	1
855253_reviewed	856317_reviewed	0
851969_reviewed	855158_reviewed	0
851007_reviewed	853196_reviewed	0
851404_reviewed	854382_reviewed	1
851160_reviewed	851454_reviewed	0
854382_reviewed	856437_reviewed	0
850298_reviewed	853587_reviewed	1
852766_reviewed	853630_reviewed	0
856422_reviewed	852403_reviewed	1
850318_reviewed	854656_reviewed	0
851259_reviewed	854068_reviewed	0
851740_reviewed	852790_reviewed	0
853535_reviewed	856076_reviewed	0
851091_reviewed	856831_reviewed	1
853242_reviewed	851431_reviewed	1
852995_reviewed	855335_reviewed	1
856736_reviewed	855238_reviewed	1
856012_reviewed	856719_reviewed	1
853638_reviewed	856241_reviewed	0
853149_reviewed	856846_reviewed	0
850999_reviewed	856144_reviewed	0
853990_reviewed	856741_reviewed	0
854780_reviewed	852049_reviewed	1
853823_reviewed	856099_reviewed	0
852697_reviewed	854697_reviewed	0
851672_reviewed	852809_reviewed	1
850347_reviewed	851723_reviewed	1
856553_reviewed	856863_reviewed	0
850387_reviewed	853539_reviewed	0
852697_reviewed	854734_reviewed	0
854567_reviewed	855728_reviewed	0
855149_reviewed	855387_reviewed	0
851457_reviewed	854791_reviewed	0
852449_reviewed	855888_reviewed	1
853531_reviewed	855426_reviewed	1
850889_reviewed	853301_reviewed	1
853191_reviewed	854926_reviewed	1
852987_reviewed	854243_reviewed	1
851475_reviewed	853478_reviewed	0
855048_reviewed	855945_reviewed	1
853774_reviewed	855836_reviewed	0
852972_reviewed	856449_reviewed	0
851394_reviewed	852324_reviewed	1
851895_reviewed	853133_reviewed	0
855449_reviewed	851482_reviewed	1
850647_reviewed	851204_reviewed	1
852697_reviewed	854138_reviewed	0
850647_reviewed	854511_reviewed	1
855067_reviewed	855092_reviewed	0
850688_reviewed	851969_reviewed	0
856908_reviewed	854204_reviewed	1
852767_reviewed	856063_reviewed	0
855037_reviewed	856347_reviewed	0
856731_reviewed	855362_reviewed	1
853854_reviewed	853880_reviewed	0
852013_reviewed	853738_reviewed	1
852885_reviewed	854418_reviewed	1
851132_reviewed	856537_reviewed	0
855221_reviewed	854273_reviewed	1
855276_reviewed	850347_reviewed	1
855689_reviewed	856891_reviewed	1
854922_reviewed	855356_reviewed	0
855013_reviewed	856263_reviewed	0
851782_reviewed	856519_reviewed	0
853376_reviewed	856119_reviewed	0
852119_reviewed	854085_reviewed	1
851259_reviewed	854243_reviewed	0
853985_reviewed	854497_reviewed	0
855971_reviewed	856042_reviewed	0
853133_reviewed	850422_reviewed	1
852765_reviewed	856891_reviewed	0
850435_reviewed	855408_reviewed	0
850962_reviewed	854541_reviewed	0
854198_reviewed	856091_reviewed	0
850877_reviewed	850747_reviewed	1
852938_reviewed	850983_reviewed	1
854212_reviewed	854688_reviewed	0
850584_reviewed	853434_reviewed	1
851207_reviewed	854475_reviewed	0
853167_reviewed	856169_reviewed	0
854198_reviewed	855520_reviewed	0
856293_reviewed	856831_reviewed	0
851969_reviewed	853956_reviewed	0
855066_reviewed	851320_reviewed	1
851827_reviewed	853857_reviewed	1
853908_reviewed	855602_reviewed	0
852106_reviewed	854369_reviewed	0
850647_reviewed	854820_reviewed	1
850539_reviewed	851115_reviewed	0
851530_reviewed	856119_reviewed	0
851450_reviewed	853817_reviewed	0
851201_reviewed	851897_reviewed	0
855489_reviewed	850401_reviewed	1
853857_reviewed	856455_reviewed	0
852532_reviewed	850504_reviewed	1
850401_reviewed	853922_reviewed	0
853638_reviewed	855844_reviewed	1
855600_reviewed	856115_reviewed	0
851071_reviewed	854912_reviewed	1
855263_reviewed	856723_reviewed	0
853585_reviewed	852327_reviewed	1
854806_reviewed	855470_reviewed	0
850872_reviewed	854162_reviewed	0
850683_reviewed	850713_reviewed	0
856854_reviewed	856618_reviewed	1
850313_reviewed	856135_reviewed	1
852457_reviewed	855239_reviewed	1
853191_reviewed	856201_reviewed	1
851196_reviewed	855447_reviewed	0
853613_reviewed	855836_reviewed	0
850898_reviewed	853150_reviewed	0
854018_reviewed	854368_reviewed	0
854446_reviewed	850682_reviewed	1
851369_reviewed	852319_reviewed	0
852662_reviewed	853017_reviewed	0
851686_reviewed	854898_reviewed	1
851979_reviewed	855454_reviewed	1
851988_reviewed	854123_reviewed	0
851338_reviewed	856226_reviewed	1
853090_reviewed	854059_reviewed	0
852660_reviewed	855075_reviewed	1
852779_reviewed	856476_reviewed	0
852235_reviewed	856884_reviewed	1
852371_reviewed	852749_reviewed	0
851897_reviewed	855998_reviewed	1
853898_reviewed	851041_reviewed	1
854435_reviewed	854284_reviewed	1
852977_reviewed	854682_reviewed	0
851005_reviewed	855399_reviewed	0
854714_reviewed	855836_reviewed	1
853956_reviewed	850549_reviewed	1
852439_reviewed	853780_reviewed	0
855471_reviewed	855264_reviewed	1
851266_reviewed	851318_reviewed	0
851259_reviewed	855360_reviewed	0
850422_reviewed	855977_reviewed	1
850652_reviewed	856553_reviewed	0
851318_reviewed	854319_reviewed	1
851781_reviewed	854149_reviewed	0
850713_reviewed	854925_reviewed	1
851482_reviewed	854831_reviewed	0
855616_reviewed	856002_reviewed	0
851557_reviewed	856317_reviewed	0
856563_reviewed	851222_reviewed	1
851109_reviewed	853033_reviewed	0
852018_reviewed	852385_reviewed	1
851947_reviewed	853256_reviewed	0
850352_reviewed	853135_reviewed	0
854039_reviewed	855306_reviewed	0
855616_reviewed	856429_reviewed	0
852549_reviewed	851939_reviewed	1
851776_reviewed	854114_reviewed	0
855022_reviewed	855830_reviewed	0
851266_reviewed	852931_reviewed	0
851542_reviewed	855532_reviewed	1
852779_reviewed	853071_reviewed	0
853350_reviewed	854119_reviewed	0
851754_reviewed	856463_reviewed	0
855950_reviewed	856481_reviewed	0
854017_reviewed	853167_reviewed	1
850647_reviewed	850713_reviewed	1
851461_reviewed	854284_reviewed	1
851394_reviewed	855999_reviewed	1
850504_reviewed	853870_reviewed	0
855055_reviewed	854791_reviewed	1
853681_reviewed	856751_reviewed	1
853956_reviewed	851530_reviewed	1
852258_reviewed	855099_reviewed	0
856409_reviewed	854458_reviewed	1
852688_reviewed	853392_reviewed	0
852553_reviewed	854165_reviewed	0
851768_reviewed	852194_reviewed	0
853783_reviewed	852547_reviewed	1
851874_reviewed	856319_reviewed	1
850620_reviewed	856305_reviewed	0
855276_reviewed	851756_reviewed	1
851279_reviewed	852805_reviewed	0
853318_reviewed	856848_reviewed	1
851623_reviewed	852352_reviewed	1
852728_reviewed	855264_reviewed	0
855664_reviewed	851632_reviewed	1
851771_reviewed	855505_reviewed	0
852348_reviewed	854673_reviewed	0
851709_reviewed	852660_reviewed	0
851394_reviewed	851897_reviewed	1
851108_reviewed	851784_reviewed	0
852657_reviewed	851259_reviewed	1
850396_reviewed	854084_reviewed	0
853503_reviewed	856925_reviewed	0
855161_reviewed	855730_reviewed	1
851665_reviewed	852804_reviewed	1
855066_reviewed	853385_reviewed	1
855705_reviewed	856721_reviewed	0
850695_reviewed	851200_reviewed	0
850905_reviewed	856311_reviewed	1
852655_reviewed	854889_reviewed	1
856854_reviewed	850785_reviewed	1
852662_reviewed	853675_reviewed	0
851048_reviewed	852778_reviewed	0
853806_reviewed	850983_reviewed	1
851962_reviewed	853751_reviewed	0
851988_reviewed	853442_reviewed	0
852697_reviewed	853065_reviewed	0
855836_reviewed	856822_reviewed	1
853174_reviewed	855737_reviewed	0
852352_reviewed	850656_reviewed	1
856518_reviewed	856237_reviewed	1
851394_reviewed	855023_reviewed	1
851171_reviewed	854252_reviewed	0
852697_reviewed	856575_reviewed	0
855357_reviewed	856870_reviewed	0
850713_reviewed	852675_reviewed	1
851394_reviewed	852985_reviewed	1
852352_reviewed	854656_reviewed	1
856289_reviewed	856746_reviewed	0
856807_reviewed	852265_reviewed	1
850568_reviewed	850438_reviewed	1
851771_reviewed	853877_reviewed	0
851005_reviewed	854382_reviewed	0
854392_reviewed	856891_reviewed	0
851513_reviewed	855157_reviewed	0
851115_reviewed	852025_reviewed	0
853072_reviewed	854444_reviewed	0
855203_reviewed	856223_reviewed	0
850734_reviewed	855013_reviewed	0
853681_reviewed	855950_reviewed	0
856182_reviewed	850838_reviewed	1
855727_reviewed	852419_reviewed	1
851338_reviewed	854023_reviewed	0
855828_reviewed	854433_reviewed	1
851494_reviewed	852790_reviewed	0
850647_reviewed	855931_reviewed	1
855836_reviewed	856076_reviewed	0
852996_reviewed	855485_reviewed	1
855281_reviewed	855332_reviewed	1
852697_reviewed	855500_reviewed	0
850594_reviewed	851935_reviewed	1
850818_reviewed	853846_reviewed	1
856126_reviewed	856719_reviewed	1
850760_reviewed	854345_reviewed	1
854084_reviewed	855834_reviewed	0
850930_reviewed	851042_reviewed	0
850998_reviewed	851831_reviewed	0
855621_reviewed	852258_reviewed	1
856351_reviewed	855836_reviewed	1
854993_reviewed	851723_reviewed	1
856117_reviewed	856290_reviewed	0
851394_reviewed	850963_reviewed	1
851772_reviewed	854315_reviewed	0
851994_reviewed	855737_reviewed	0
855968_reviewed	850343_reviewed	1
852269_reviewed	853892_reviewed	0
853011_reviewed	856251_reviewed	1
850401_reviewed	851369_reviewed	0
851369_reviewed	853639_reviewed	1
854113_reviewed	852724_reviewed	1
853192_reviewed	853877_reviewed	1
854283_reviewed	854680_reviewed	1
854283_reviewed	855475_reviewed	0
851559_reviewed	855737_reviewed	0
852352_reviewed	852646_reviewed	0
853036_reviewed	856830_reviewed	0
850422_reviewed	855884_reviewed	1
851224_reviewed	856716_reviewed	0
850297_reviewed	851000_reviewed	0
850554_reviewed	850611_reviewed	1
851259_reviewed	852452_reviewed	1
851774_reviewed	854265_reviewed	0
850505_reviewed	854336_reviewed	0
852938_reviewed	852947_reviewed	0
852265_reviewed	855116_reviewed	0
854023_reviewed	855253_reviewed	0
853010_reviewed	854791_reviewed	0
852842_reviewed	852842_reviewed	1
851394_reviewed	856723_reviewed	1
850549_reviewed	856553_reviewed	0
855841_reviewed	851771_reviewed	1
855920_reviewed	852410_reviewed	1
850713_reviewed	856675_reviewed	1
853478_reviewed	856201_reviewed	0
856613_reviewed	854659_reviewed	1
851394_reviewed	853010_reviewed	1
854427_reviewed	856404_reviewed	1
852121_reviewed	854978_reviewed	0
852003_reviewed	852512_reviewed	1
853651_reviewed	855386_reviewed	0
851776_reviewed	850983_reviewed	1
851000_reviewed	854749_reviewed	0
856184_reviewed	856184_reviewed	1
851394_reviewed	853871_reviewed	1
854487_reviewed	855884_reviewed	1
851313_reviewed	856463_reviewed	0
854477_reviewed	852932_reviewed	1
853029_reviewed	852986_reviewed	1
850422_reviewed	855789_reviewed	0
851745_reviewed	856920_reviewed	0
851454_reviewed	852188_reviewed	0
856674_reviewed	856674_reviewed	1
852694_reviewed	851259_reviewed	1
851005_reviewed	854749_reviewed	1
852963_reviewed	856360_reviewed	0
851754_reviewed	852007_reviewed	0
852987_reviewed	856352_reviewed	0
850647_reviewed	855276_reviewed	1
852932_reviewed	856345_reviewed	0
850947_reviewed	853668_reviewed	0
852947_reviewed	853192_reviewed	1
851394_reviewed	854408_reviewed	1
855357_reviewed	855143_reviewed	1
856425_reviewed	851960_reviewed	1
851158_reviewed	854758_reviewed	0
853499_reviewed	853957_reviewed	1
855512_reviewed	856846_reviewed	0
851576_reviewed	856254_reviewed	1
856862_reviewed	852593_reviewed	1
851394_reviewed	854662_reviewed	1
855116_reviewed	851897_reviewed	1
854933_reviewed	854204_reviewed	1
856713_reviewed	852801_reviewed	1
851592_reviewed	851988_reviewed	0
856129_reviewed	853976_reviewed	1
854381_reviewed	854487_reviewed	0
850647_reviewed	851173_reviewed	1
850695_reviewed	856846_reviewed	0
855114_reviewed	855751_reviewed	0
850647_reviewed	853379_reviewed	1
850900_reviewed	852250_reviewed	0
852987_reviewed	855498_reviewed	0
850445_reviewed	855067_reviewed	0
856329_reviewed	851559_reviewed	1
855350_reviewed	851156_reviewed	1
850504_reviewed	854889_reviewed	0
851813_reviewed	853871_reviewed	0
851399_reviewed	850598_reviewed	1
853860_reviewed	856063_reviewed	0
850908_reviewed	852697_reviewed	0
850435_reviewed	851893_reviewed	0
851220_reviewed	854882_reviewed	0
856490_reviewed	851962_reviewed	1
853350_reviewed	854319_reviewed	0
851688_reviewed	853880_reviewed	1
853353_reviewed	851495_reviewed	1
855356_reviewed	856087_reviewed	1
851389_reviewed	856186_reviewed	1
854183_reviewed	855844_reviewed	0
851802_reviewed	855888_reviewed	0
853638_reviewed	856828_reviewed	0
852697_reviewed	853796_reviewed	1
852995_reviewed	854381_reviewed	1
856862_reviewed	850768_reviewed	1
851254_reviewed	854714_reviewed	0
851513_reviewed	856044_reviewed	0
850945_reviewed	851575_reviewed	0
851320_reviewed	852788_reviewed	1
856924_reviewed	854198_reviewed	1
852685_reviewed	854664_reviewed	1
855599_reviewed	856489_reviewed	1
852607_reviewed	855841_reviewed	0
855466_reviewed	852242_reviewed	1
853638_reviewed	855422_reviewed	0
852646_reviewed	854213_reviewed	1
852814_reviewed	855089_reviewed	0
854235_reviewed	854235_reviewed	1
854983_reviewed	852419_reviewed	1
852762_reviewed	856237_reviewed	1
852512_reviewed	853817_reviewed	1
856870_reviewed	856886_reviewed	0
854749_reviewed	855155_reviewed	1
851471_reviewed	852262_reviewed	0
853503_reviewed	850963_reviewed	1
851042_reviewed	854076_reviewed	0
852743_reviewed	856799_reviewed	0
856891_reviewed	851071_reviewed	1
855741_reviewed	856376_reviewed	0
852665_reviewed	853364_reviewed	0
851813_reviewed	853708_reviewed	0
852995_reviewed	856723_reviewed	1
852489_reviewed	853535_reviewed	0
850647_reviewed	852755_reviewed	1
852457_reviewed	853846_reviewed	1
850688_reviewed	851407_reviewed	0
856422_reviewed	855319_reviewed	1
852258_reviewed	851623_reviewed	1
851627_reviewed	854989_reviewed	0
856848_reviewed	853071_reviewed	1
852688_reviewed	854407_reviewed	1
854153_reviewed	851223_reviewed	1
852987_reviewed	855489_reviewed	1
852931_reviewed	851396_reviewed	1
855360_reviewed	855489_reviewed	0
853535_reviewed	855836_reviewed	1
853332_reviewed	855082_reviewed	0
851576_reviewed	855621_reviewed	1
852001_reviewed	853373_reviewed	0
852248_reviewed	851394_reviewed	1
853756_reviewed	856331_reviewed	0
853743_reviewed	853934_reviewed	1
851207_reviewed	853898_reviewed	0
853438_reviewed	854206_reviewed	0
851084_reviewed	853107_reviewed	0
850320_reviewed	851447_reviewed	0
850764_reviewed	852515_reviewed	0
851461_reviewed	851408_reviewed	1
851318_reviewed	853064_reviewed	0
851897_reviewed	855049_reviewed	1
853090_reviewed	856089_reviewed	1
852747_reviewed	855320_reviewed	0
855942_reviewed	851740_reviewed	1
850734_reviewed	852655_reviewed	1
855570_reviewed	856754_reviewed	0
850795_reviewed	856022_reviewed	1
856716_reviewed	854428_reviewed	1
855837_reviewed	855543_reviewed	1
853195_reviewed	850808_reviewed	1
852683_reviewed	852348_reviewed	1
851768_reviewed	854229_reviewed	0
850527_reviewed	854839_reviewed	0
852456_reviewed	850998_reviewed	1
852018_reviewed	852989_reviewed	0
850722_reviewed	852794_reviewed	0
851740_reviewed	851558_reviewed	1
852766_reviewed	856848_reviewed	0
850795_reviewed	856908_reviewed	0
851394_reviewed	853453_reviewed	1
855567_reviewed	856208_reviewed	0
853767_reviewed	855264_reviewed	0
851905_reviewed	855460_reviewed	1
854662_reviewed	850589_reviewed	1
850522_reviewed	856579_reviewed	0
856305_reviewed	851699_reviewed	1
850695_reviewed	854278_reviewed	0
853381_reviewed	851699_reviewed	1
854153_reviewed	855602_reviewed	0
855489_reviewed	856277_reviewed	0
852881_reviewed	852762_reviewed	1
851161_reviewed	856184_reviewed	0
851890_reviewed	854525_reviewed	0
852322_reviewed	853167_reviewed	0
852747_reviewed	855873_reviewed	1
850908_reviewed	852501_reviewed	0
851733_reviewed	852399_reviewed	1
856303_reviewed	856505_reviewed	0
851716_reviewed	854940_reviewed	1
856320_reviewed	856351_reviewed	0
853798_reviewed	853798_reviewed	1
853106_reviewed	853712_reviewed	0
851158_reviewed	855006_reviewed	0
850808_reviewed	853824_reviewed	0
850888_reviewed	854647_reviewed	1
854331_reviewed	852042_reviewed	1
851217_reviewed	851339_reviewed	1
856842_reviewed	855184_reviewed	1
851559_reviewed	852860_reviewed	1
852982_reviewed	853587_reviewed	1
851212_reviewed	851259_reviewed	0
852697_reviewed	853567_reviewed	0
851929_reviewed	854368_reviewed	0
851196_reviewed	853922_reviewed	0
854827_reviewed	851197_reviewed	1
855981_reviewed	856743_reviewed	0
855953_reviewed	853922_reviewed	1
852275_reviewed	853091_reviewed	0
850695_reviewed	854669_reviewed	0
851847_reviewed	850818_reviewed	1
855237_reviewed	852230_reviewed	1
854960_reviewed	856695_reviewed	0
850409_reviewed	852766_reviewed	1
853048_reviewed	855977_reviewed	0
850584_reviewed	851266_reviewed	0
850522_reviewed	851152_reviewed	0
851745_reviewed	850347_reviewed	1
856012_reviewed	854901_reviewed	1
853674_reviewed	853932_reviewed	0
850983_reviewed	856680_reviewed	0
852001_reviewed	854017_reviewed	1
850643_reviewed	855357_reviewed	0
855504_reviewed	856659_reviewed	0
856126_reviewed	856119_reviewed	1
851841_reviewed	853904_reviewed	0
851394_reviewed	854883_reviewed	1
853292_reviewed	851928_reviewed	1
852984_reviewed	851306_reviewed	1
851771_reviewed	856890_reviewed	0
851394_reviewed	853418_reviewed	1
850898_reviewed	855751_reviewed	0
855428_reviewed	852053_reviewed	1
856559_reviewed	854123_reviewed	1
855929_reviewed	856530_reviewed	1
851568_reviewed	853114_reviewed	0
852616_reviewed	853563_reviewed	0
856463_reviewed	856488_reviewed	1
856303_reviewed	856505_reviewed	0
854713_reviewed	854748_reviewed	0
851143_reviewed	853892_reviewed	1
850330_reviewed	850713_reviewed	0
855067_reviewed	852501_reviewed	1
854487_reviewed	851548_reviewed	1
853806_reviewed	856870_reviewed	1
856870_reviewed	853851_reviewed	1
850745_reviewed	855242_reviewed	0
855621_reviewed	855626_reviewed	0
851928_reviewed	854306_reviewed	0
855013_reviewed	854786_reviewed	1
856394_reviewed	851458_reviewed	1
854487_reviewed	856264_reviewed	0
855104_reviewed	855428_reviewed	0
854918_reviewed	856686_reviewed	0
854063_reviewed	856085_reviewed	1
855428_reviewed	855613_reviewed	0
856511_reviewed	853434_reviewed	1
851708_reviewed	852787_reviewed	1
850347_reviewed	852814_reviewed	1
850454_reviewed	855821_reviewed	0
853482_reviewed	855891_reviewed	0
853957_reviewed	855159_reviewed	0
850314_reviewed	853418_reviewed	0
853168_reviewed	853320_reviewed	0
854810_reviewed	852834_reviewed	1
852695_reviewed	850505_reviewed	1
851403_reviewed	851125_reviewed	1
855934_reviewed	855925_reviewed	1
851890_reviewed	852419_reviewed	1
854404_reviewed	853427_reviewed	1
850399_reviewed	851318_reviewed	0
855132_reviewed	851813_reviewed	1
850720_reviewed	851988_reviewed	0
854929_reviewed	850540_reviewed	1
854674_reviewed	851567_reviewed	1
851394_reviewed	853261_reviewed	1
850580_reviewed	850580_reviewed	1
855356_reviewed	850552_reviewed	1
853160_reviewed	856723_reviewed	1
852222_reviewed	853327_reviewed	0
851394_reviewed	853045_reviewed	1
853053_reviewed	855325_reviewed	0
852239_reviewed	854544_reviewed	1
854245_reviewed	856553_reviewed	1
853895_reviewed	855404_reviewed	0
855104_reviewed	856575_reviewed	1
853167_reviewed	856732_reviewed	0
850580_reviewed	850836_reviewed	1
851100_reviewed	855173_reviewed	0
852722_reviewed	853849_reviewed	1
851549_reviewed	853523_reviewed	0
852497_reviewed	850744_reviewed	1
853857_reviewed	856891_reviewed	0
850712_reviewed	855316_reviewed	0
852457_reviewed	856742_reviewed	1
854138_reviewed	853062_reviewed	1
851102_reviewed	855392_reviewed	1
855320_reviewed	856201_reviewed	0
850872_reviewed	852060_reviewed	0
853546_reviewed	851310_reviewed	1
850504_reviewed	854889_reviewed	0
851381_reviewed	852128_reviewed	0
852230_reviewed	852372_reviewed	1
852119_reviewed	853712_reviewed	0
855217_reviewed	852881_reviewed	1
854815_reviewed	856409_reviewed	0
850620_reviewed	855177_reviewed	0
852451_reviewed	855828_reviewed	0
852943_reviewed	853578_reviewed	0
852643_reviewed	856558_reviewed	1
851576_reviewed	853909_reviewed	0
851813_reviewed	856364_reviewed	0
853031_reviewed	855144_reviewed	1
851264_reviewed	852020_reviewed	0
856409_reviewed	852405_reviewed	1
852881_reviewed	856461_reviewed	0
851259_reviewed	853654_reviewed	1
851968_reviewed	853708_reviewed	0
852987_reviewed	853438_reviewed	0
850647_reviewed	856658_reviewed	1
850879_reviewed	855897_reviewed	1
853416_reviewed	856746_reviewed	0
853820_reviewed	854342_reviewed	0
852947_reviewed	851032_reviewed	1
851025_reviewed	855706_reviewed	0
852394_reviewed	852670_reviewed	0
856862_reviewed	854876_reviewed	1
852673_reviewed	851576_reviewed	1
851404_reviewed	852512_reviewed	0
850638_reviewed	855979_reviewed	0
854791_reviewed	856723_reviewed	0
850992_reviewed	851596_reviewed	0
854398_reviewed	854796_reviewed	0
851906_reviewed	856920_reviewed	0
852059_reviewed	856732_reviewed	0
850499_reviewed	854263_reviewed	0
851409_reviewed	854168_reviewed	0
851263_reviewed	851441_reviewed	1
852694_reviewed	850657_reviewed	1
854372_reviewed	851259_reviewed	1
853098_reviewed	853356_reviewed	0
851071_reviewed	855049_reviewed	1
856147_reviewed	855836_reviewed	1
855332_reviewed	855535_reviewed	0
856070_reviewed	854229_reviewed	1
852250_reviewed	854583_reviewed	0
850298_reviewed	852439_reviewed	0
850325_reviewed	856854_reviewed	1
851467_reviewed	854831_reviewed	1
850594_reviewed	856201_reviewed	1
854123_reviewed	856459_reviewed	0
855570_reviewed	851996_reviewed	1
856686_reviewed	855842_reviewed	1
854229_reviewed	854980_reviewed	0
853638_reviewed	855463_reviewed	1
851699_reviewed	854480_reviewed	1
853071_reviewed	853811_reviewed	0
851394_reviewed	854864_reviewed	1
852697_reviewed	852426_reviewed	1
853169_reviewed	855466_reviewed	0
851404_reviewed	851562_reviewed	0
852528_reviewed	855751_reviewed	0
852088_reviewed	853733_reviewed	0
853149_reviewed	855624_reviewed	0
851115_reviewed	856129_reviewed	0
850551_reviewed	856723_reviewed	1
854023_reviewed	856758_reviewed	0
855836_reviewed	853447_reviewed	1
854825_reviewed	853821_reviewed	1
850620_reviewed	856320_reviewed	0
850539_reviewed	851771_reviewed	0
856911_reviewed	852865_reviewed	1
856169_reviewed	850691_reviewed	1
856307_reviewed	852344_reviewed	1
850422_reviewed	854881_reviewed	0
852079_reviewed	854142_reviewed	1
851509_reviewed	852410_reviewed	0
856862_reviewed	851108_reviewed	1
854283_reviewed	856320_reviewed	1
851394_reviewed	856743_reviewed	1
852106_reviewed	852697_reviewed	0
851394_reviewed	853847_reviewed	1
851369_reviewed	852820_reviewed	0
855466_reviewed	854673_reviewed	1
850396_reviewed	855449_reviewed	0
856709_reviewed	851723_reviewed	1
850894_reviewed	852007_reviewed	0
851196_reviewed	851364_reviewed	0
853318_reviewed	856912_reviewed	1
851394_reviewed	856315_reviewed	1
856313_reviewed	856675_reviewed	0
852059_reviewed	852744_reviewed	0
853788_reviewed	855332_reviewed	1
852209_reviewed	853136_reviewed	0
851482_reviewed	852424_reviewed	1
850656_reviewed	856291_reviewed	1
850422_reviewed	854317_reviewed	1
855387_reviewed	852724_reviewed	1
852193_reviewed	854084_reviewed	1
852325_reviewed	854318_reviewed	0
851318_reviewed	851841_reviewed	0
851782_reviewed	854999_reviewed	0
852518_reviewed	854071_reviewed	0
850695_reviewed	851557_reviewed	0
853181_reviewed	854068_reviewed	0
851221_reviewed	856317_reviewed	0
851005_reviewed	854327_reviewed	0
851482_reviewed	855261_reviewed	0
850601_reviewed	853169_reviewed	0
850499_reviewed	851424_reviewed	0
851590_reviewed	855118_reviewed	0
851741_reviewed	852080_reviewed	0
854407_reviewed	854897_reviewed	0
850691_reviewed	851255_reviewed	0
851782_reviewed	855982_reviewed	0
851925_reviewed	850589_reviewed	1
856870_reviewed	856449_reviewed	1
850521_reviewed	855104_reviewed	0
851335_reviewed	852462_reviewed	0
851645_reviewed	855049_reviewed	1
852763_reviewed	852766_reviewed	0
851394_reviewed	856912_reviewed	1
853114_reviewed	856830_reviewed	0
852421_reviewed	854675_reviewed	0
854776_reviewed	850920_reviewed	1
852059_reviewed	855888_reviewed	0
851143_reviewed	855253_reviewed	1
852371_reviewed	855177_reviewed	1
856093_reviewed	856870_reviewed	0
851399_reviewed	856909_reviewed	0
850647_reviewed	852483_reviewed	1
853667_reviewed	854995_reviewed	1
854601_reviewed	854627_reviewed	1
853922_reviewed	855836_reviewed	0
851200_reviewed	851676_reviewed	0
854444_reviewed	856362_reviewed	0
855728_reviewed	856351_reviewed	0
853912_reviewed	855707_reviewed	1
851632_reviewed	855068_reviewed	1
852250_reviewed	854627_reviewed	0
855836_reviewed	855626_reviewed	1
852697_reviewed	855466_reviewed	0
851647_reviewed	855520_reviewed	1
855066_reviewed	852021_reviewed	1
852878_reviewed	853876_reviewed	1
855155_reviewed	855586_reviewed	0
856059_reviewed	856731_reviewed	0
850387_reviewed	856507_reviewed	0
851928_reviewed	852896_reviewed	0
852398_reviewed	851744_reviewed	1
855689_reviewed	852938_reviewed	1
853252_reviewed	852431_reviewed	1
851720_reviewed	854646_reviewed	1
856019_reviewed	855360_reviewed	1
855405_reviewed	854736_reviewed	1
856732_reviewed	855952_reviewed	1
854956_reviewed	855663_reviewed	0
856311_reviewed	854282_reviewed	1
854937_reviewed	852501_reviewed	1
852079_reviewed	853890_reviewed	1
851723_reviewed	852373_reviewed	1
852329_reviewed	856261_reviewed	0
853033_reviewed	855751_reviewed	0
852133_reviewed	855836_reviewed	0
853856_reviewed	856409_reviewed	0
853041_reviewed	853576_reviewed	0
851359_reviewed	851142_reviewed	1
850554_reviewed	850643_reviewed	1
854038_reviewed	852434_reviewed	1
850347_reviewed	856908_reviewed	0
855844_reviewed	856381_reviewed	0
851500_reviewed	856831_reviewed	0
850607_reviewed	851991_reviewed	1
851411_reviewed	854383_reviewed	0
856422_reviewed	852313_reviewed	1
855319_reviewed	855319_reviewed	1
855752_reviewed	856689_reviewed	1
853922_reviewed	854673_reviewed	0
852982_reviewed	853160_reviewed	0
852349_reviewed	852487_reviewed	0
855005_reviewed	850347_reviewed	1
854023_reviewed	856208_reviewed	0
851000_reviewed	856146_reviewed	0
852697_reviewed	852459_reviewed	1
852673_reviewed	853857_reviewed	0
853149_reviewed	853438_reviewed	0
852974_reviewed	855639_reviewed	0
853016_reviewed	856844_reviewed	0
855276_reviewed	855974_reviewed	1
852697_reviewed	855466_reviewed	0
855076_reviewed	855739_reviewed	0
851394_reviewed	853887_reviewed	1
853361_reviewed	856862_reviewed	1
853961_reviewed	853509_reviewed	1
851394_reviewed	855264_reviewed	1
852697_reviewed	853868_reviewed	0
850647_reviewed	854083_reviewed	1
850347_reviewed	855899_reviewed	0
851768_reviewed	853651_reviewed	0
853946_reviewed	856275_reviewed	0
852079_reviewed	852892_reviewed	1
855505_reviewed	856751_reviewed	0
851544_reviewed	854149_reviewed	0
853371_reviewed	856181_reviewed	1
856384_reviewed	851948_reviewed	1
851549_reviewed	853531_reviewed	0
851394_reviewed	854922_reviewed	1
851207_reviewed	850456_reviewed	1
852042_reviewed	855104_reviewed	0
853851_reviewed	853555_reviewed	1
853886_reviewed	855592_reviewed	1
850714_reviewed	856886_reviewed	0
853106_reviewed	853288_reviewed	0
851539_reviewed	856758_reviewed	0
852697_reviewed	852755_reviewed	1
856920_reviewed	852383_reviewed	1
851394_reviewed	853821_reviewed	1
852395_reviewed	850826_reviewed	1
853523_reviewed	856481_reviewed	0
855077_reviewed	854555_reviewed	1
852517_reviewed	856870_reviewed	0
851775_reviewed	851845_reviewed	0
852651_reviewed	853510_reviewed	0
850695_reviewed	853587_reviewed	0
853017_reviewed	855683_reviewed	0
851437_reviewed	856078_reviewed	0
852728_reviewed	852763_reviewed	0
852719_reviewed	852265_reviewed	1
853100_reviewed	855155_reviewed	0
856604_reviewed	856743_reviewed	0
852021_reviewed	855473_reviewed	0
851314_reviewed	851314_reviewed	1
850793_reviewed	855448_reviewed	1
851190_reviewed	854387_reviewed	1
854152_reviewed	855884_reviewed	1
854230_reviewed	855974_reviewed	1
853956_reviewed	854116_reviewed	1
856075_reviewed	856862_reviewed	0
854119_reviewed	855862_reviewed	0
852697_reviewed	852873_reviewed	0
850520_reviewed	854418_reviewed	1
851394_reviewed	855803_reviewed	1
854535_reviewed	855466_reviewed	0
851394_reviewed	855640_reviewed	1
851039_reviewed	852893_reviewed	1
850549_reviewed	856863_reviewed	1
850963_reviewed	853826_reviewed	0
854066_reviewed	854543_reviewed	0
852984_reviewed	855953_reviewed	1
855066_reviewed	851737_reviewed	1
855473_reviewed	856063_reviewed	0
851266_reviewed	855704_reviewed	0
850715_reviewed	850962_reviewed	0
850502_reviewed	853638_reviewed	0
853320_reviewed	853160_reviewed	1
851834_reviewed	852852_reviewed	0
852184_reviewed	856297_reviewed	1
853851_reviewed	854423_reviewed	0
856218_reviewed	853036_reviewed	1
855499_reviewed	854351_reviewed	1
853318_reviewed	855605_reviewed	1
855892_reviewed	854309_reviewed	1
852489_reviewed	855998_reviewed	0
852675_reviewed	850905_reviewed	1
855836_reviewed	852685_reviewed	1
851394_reviewed	855099_reviewed	1
853516_reviewed	856436_reviewed	1
853537_reviewed	855843_reviewed	0
851000_reviewed	853904_reviewed	0
852880_reviewed	856422_reviewed	1
850505_reviewed	852427_reviewed	0
851030_reviewed	856183_reviewed	0
852506_reviewed	854068_reviewed	1
855787_reviewed	855143_reviewed	1
852995_reviewed	855789_reviewed	1
855328_reviewed	855132_reviewed	1
856746_reviewed	856154_reviewed	1
851113_reviewed	852697_reviewed	0
855946_reviewed	855946_reviewed	1
852421_reviewed	853133_reviewed	0
852352_reviewed	855515_reviewed	0
852697_reviewed	853966_reviewed	0
853906_reviewed	853906_reviewed	1
850601_reviewed	851259_reviewed	0
852549_reviewed	852549_reviewed	1
855945_reviewed	855646_reviewed	1
853780_reviewed	850551_reviewed	1
852697_reviewed	852975_reviewed	1
850647_reviewed	852822_reviewed	1
855956_reviewed	851335_reviewed	1
853191_reviewed	854663_reviewed	0
851008_reviewed	855836_reviewed	0
851394_reviewed	855243_reviewed	1
851468_reviewed	856886_reviewed	0
856723_reviewed	855890_reviewed	1
855458_reviewed	852567_reviewed	1
851494_reviewed	856186_reviewed	0
852348_reviewed	854664_reviewed	0
851517_reviewed	851102_reviewed	1
850360_reviewed	855423_reviewed	0
851112_reviewed	852721_reviewed	0
852265_reviewed	851996_reviewed	1
856912_reviewed	855716_reviewed	1
856437_reviewed	853811_reviewed	1
856918_reviewed	851450_reviewed	1
850442_reviewed	856065_reviewed	1
853373_reviewed	854656_reviewed	1
856412_reviewed	856746_reviewed	0
851125_reviewed	856119_reviewed	0
855602_reviewed	856483_reviewed	0
850587_reviewed	850587_reviewed	1
852398_reviewed	856168_reviewed	1
851740_reviewed	854036_reviewed	1
851988_reviewed	855950_reviewed	0
854663_reviewed	854999_reviewed	0
855357_reviewed	855177_reviewed	1
852419_reviewed	855088_reviewed	0
855417_reviewed	853397_reviewed	1
854878_reviewed	856085_reviewed	1
856505_reviewed	853082_reviewed	1
856837_reviewed	856837_reviewed	1
855788_reviewed	852984_reviewed	1
851752_reviewed	853587_reviewed	0
850822_reviewed	851889_reviewed	1
851874_reviewed	856466_reviewed	1
852767_reviewed	856126_reviewed	1
851394_reviewed	853169_reviewed	1
850808_reviewed	852782_reviewed	0
853106_reviewed	855040_reviewed	0
850585_reviewed	856518_reviewed	1
855664_reviewed	856488_reviewed	0
851259_reviewed	856119_reviewed	1
853877_reviewed	856559_reviewed	0
851834_reviewed	852214_reviewed	1
855144_reviewed	855144_reviewed	1
851733_reviewed	855357_reviewed	0
853419_reviewed	855664_reviewed	0
851143_reviewed	852820_reviewed	0
851724_reviewed	852062_reviewed	0
850611_reviewed	855360_reviewed	0
856389_reviewed	856303_reviewed	1
856307_reviewed	854485_reviewed	1
855515_reviewed	855515_reviewed	1
854697_reviewed	855613_reviewed	0
856449_reviewed	855611_reviewed	1
852987_reviewed	854162_reviewed	1
852697_reviewed	855597_reviewed	1
854839_reviewed	855824_reviewed	0
851882_reviewed	855099_reviewed	0
853135_reviewed	852967_reviewed	1
855883_reviewed	852675_reviewed	1
851482_reviewed	855673_reviewed	0
854978_reviewed	856321_reviewed	1
851924_reviewed	853458_reviewed	1
852369_reviewed	853441_reviewed	0
851450_reviewed	855706_reviewed	1
854447_reviewed	856537_reviewed	0
851611_reviewed	851948_reviewed	0
856862_reviewed	852377_reviewed	1
852697_reviewed	855821_reviewed	1
851394_reviewed	850709_reviewed	1
853773_reviewed	854227_reviewed	1
851978_reviewed	851978_reviewed	1
851916_reviewed	856089_reviewed	1
854513_reviewed	856145_reviewed	0
854192_reviewed	851259_reviewed	1
853535_reviewed	855897_reviewed	0
851494_reviewed	855198_reviewed	1
855305_reviewed	855626_reviewed	1
852638_reviewed	853576_reviewed	0
851394_reviewed	854872_reviewed	1
853133_reviewed	853814_reviewed	0
853936_reviewed	854663_reviewed	1
853133_reviewed	854691_reviewed	1
852439_reviewed	854446_reviewed	1
851531_reviewed	851518_reviewed	1
854075_reviewed	855908_reviewed	0
855929_reviewed	854662_reviewed	1
856870_reviewed	851202_reviewed	1
855123_reviewed	855751_reviewed	0
850909_reviewed	856263_reviewed	0
854827_reviewed	856571_reviewed	0
856449_reviewed	855957_reviewed	1
852107_reviewed	856351_reviewed	1
851394_reviewed	856799_reviewed	1
855836_reviewed	850643_reviewed	1
856019_reviewed	855897_reviewed	1
853196_reviewed	854564_reviewed	0
856384_reviewed	853578_reviewed	1
850647_reviewed	853574_reviewed	1
852088_reviewed	852088_reviewed	1
853729_reviewed	856409_reviewed	0
855101_reviewed	853825_reviewed	1
854745_reviewed	853908_reviewed	1
854085_reviewed	855339_reviewed	1
851841_reviewed	851025_reviewed	1
852697_reviewed	853860_reviewed	1
851303_reviewed	852749_reviewed	0
852248_reviewed	853650_reviewed	1
850440_reviewed	856315_reviewed	0
853638_reviewed	854701_reviewed	0
853563_reviewed	855421_reviewed	0
850677_reviewed	856530_reviewed	1
851400_reviewed	850585_reviewed	1
850584_reviewed	853390_reviewed	0
855649_reviewed	850919_reviewed	1
853523_reviewed	853681_reviewed	0
852512_reviewed	855305_reviewed	0
851889_reviewed	854966_reviewed	0
853568_reviewed	853631_reviewed	0
855466_reviewed	855728_reviewed	0
855489_reviewed	853109_reviewed	1
855726_reviewed	855922_reviewed	0
850683_reviewed	854851_reviewed	0
854469_reviewed	855522_reviewed	0
852039_reviewed	854379_reviewed	1
851394_reviewed	853097_reviewed	1
850713_reviewed	851770_reviewed	1
851431_reviewed	855089_reviewed	1
854335_reviewed	851259_reviewed	1
854179_reviewed	854669_reviewed	0
850399_reviewed	854191_reviewed	0
853419_reviewed	855547_reviewed	0
850905_reviewed	853808_reviewed	1
852938_reviewed	852838_reviewed	1
852421_reviewed	853851_reviewed	0
852329_reviewed	853768_reviewed	1
854937_reviewed	856604_reviewed	0
851815_reviewed	855271_reviewed	0
852277_reviewed	853681_reviewed	0
851544_reviewed	854781_reviewed	0
855974_reviewed	854106_reviewed	1
852549_reviewed	856466_reviewed	0
852762_reviewed	855554_reviewed	0
851988_reviewed	853767_reviewed	0
850884_reviewed	851153_reviewed	1
851632_reviewed	855890_reviewed	1
854549_reviewed	856409_reviewed	0
850427_reviewed	855950_reviewed	0
851212_reviewed	855613_reviewed	0
855836_reviewed	856677_reviewed	1
852697_reviewed	852007_reviewed	1
855355_reviewed	852675_reviewed	1
855449_reviewed	856861_reviewed	0
854667_reviewed	854883_reviewed	0
854622_reviewed	855675_reviewed	0
850709_reviewed	852989_reviewed	0
854106_reviewed	856709_reviewed	1
851394_reviewed	853950_reviewed	1
851113_reviewed	855466_reviewed	0
853638_reviewed	855355_reviewed	0
850860_reviewed	853586_reviewed	0
850647_reviewed	850872_reviewed	1
850785_reviewed	851700_reviewed	0
850951_reviewed	851260_reviewed	1
852431_reviewed	855646_reviewed	0
853351_reviewed	854195_reviewed	0
851394_reviewed	855894_reviewed	1
851771_reviewed	851772_reviewed	0
851306_reviewed	855621_reviewed	1
850647_reviewed	855401_reviewed	1
854116_reviewed	854078_reviewed	1
852373_reviewed	854322_reviewed	0
850611_reviewed	855958_reviewed	0
854119_reviewed	856830_reviewed	1
850520_reviewed	852410_reviewed	0
856106_reviewed	856830_reviewed	0
853298_reviewed	856898_reviewed	0
853109_reviewed	855158_reviewed	1
854843_reviewed	850792_reviewed	1
851653_reviewed	851653_reviewed	1
856732_reviewed	852025_reviewed	1
855356_reviewed	854042_reviewed	1
851802_reviewed	852059_reviewed	0
856680_reviewed	856680_reviewed	1
850438_reviewed	856505_reviewed	0
851916_reviewed	851197_reviewed	1
850647_reviewed	852491_reviewed	1
855155_reviewed	856290_reviewed	1
850620_reviewed	851930_reviewed	1
851394_reviewed	852892_reviewed	1
852233_reviewed	850620_reviewed	1
851815_reviewed	853982_reviewed	0
851303_reviewed	854834_reviewed	0
850647_reviewed	852221_reviewed	1
856017_reviewed	856017_reviewed	1
852108_reviewed	856345_reviewed	0
850551_reviewed	853029_reviewed	0
850584_reviewed	850584_reviewed	1
850846_reviewed	851193_reviewed	1
853811_reviewed	854761_reviewed	0
853076_reviewed	855258_reviewed	1
851143_reviewed	851933_reviewed	0
850607_reviewed	851115_reviewed	0
851394_reviewed	856572_reviewed	1
853450_reviewed	854446_reviewed	0
853713_reviewed	856752_reviewed	0
852996_reviewed	855706_reviewed	1
852755_reviewed	850843_reviewed	1
851708_reviewed	854019_reviewed	0
854203_reviewed	854999_reviewed	0
852032_reviewed	856305_reviewed	0
852782_reviewed	851048_reviewed	1
854263_reviewed	855512_reviewed	0
851441_reviewed	852703_reviewed	1
854279_reviewed	856186_reviewed	0
853762_reviewed	854078_reviewed	0
854999_reviewed	856752_reviewed	0
851957_reviewed	856577_reviewed	1
852695_reviewed	854072_reviewed	1
855237_reviewed	853638_reviewed	1
850807_reviewed	856201_reviewed	0
850445_reviewed	852757_reviewed	0
855356_reviewed	856208_reviewed	1
851671_reviewed	856130_reviewed	0
851394_reviewed	851815_reviewed	1
850889_reviewed	855836_reviewed	0
852057_reviewed	852392_reviewed	0
856481_reviewed	856466_reviewed	1
856607_reviewed	851259_reviewed	1
856354_reviewed	851770_reviewed	1
855144_reviewed	856754_reviewed	1
855616_reviewed	856009_reviewed	0
855104_reviewed	855428_reviewed	0
854086_reviewed	854283_reviewed	0
850709_reviewed	851337_reviewed	0
856226_reviewed	856317_reviewed	1
850367_reviewed	851585_reviewed	0
854379_reviewed	854742_reviewed	0
852423_reviewed	854697_reviewed	0
854735_reviewed	851140_reviewed	1
852296_reviewed	853589_reviewed	0
850832_reviewed	855312_reviewed	1
851821_reviewed	852352_reviewed	0
855499_reviewed	851895_reviewed	1
852938_reviewed	856613_reviewed	0
855319_reviewed	854206_reviewed	1
850440_reviewed	856589_reviewed	0
851606_reviewed	852188_reviewed	0
850695_reviewed	856463_reviewed	1
852271_reviewed	854935_reviewed	0
852896_reviewed	856521_reviewed	0
852119_reviewed	853728_reviewed	0
855636_reviewed	855821_reviewed	0
850930_reviewed	854212_reviewed	0
850423_reviewed	852133_reviewed	0
852977_reviewed	855110_reviewed	1
853433_reviewed	854549_reviewed	0
851539_reviewed	851928_reviewed	0
855539_reviewed	851142_reviewed	1
852492_reviewed	854869_reviewed	0
852681_reviewed	856364_reviewed	0
852088_reviewed	856846_reviewed	0
854161_reviewed	854742_reviewed	0
851394_reviewed	852569_reviewed	1
851394_reviewed	853149_reviewed	1
854997_reviewed	854697_reviewed	1
850793_reviewed	856181_reviewed	0
853782_reviewed	851168_reviewed	1
850553_reviewed	853556_reviewed	0
852896_reviewed	853350_reviewed	0
852365_reviewed	854976_reviewed	0
850297_reviewed	855166_reviewed	0
851394_reviewed	855092_reviewed	1
853089_reviewed	856351_reviewed	0
852963_reviewed	853817_reviewed	0
852319_reviewed	853852_reviewed	0
855532_reviewed	853116_reviewed	1
854387_reviewed	853283_reviewed	1
851708_reviewed	856223_reviewed	0
853886_reviewed	856483_reviewed	1
851452_reviewed	855499_reviewed	0
855664_reviewed	856126_reviewed	1
850832_reviewed	852767_reviewed	0
853281_reviewed	856671_reviewed	0
850495_reviewed	851708_reviewed	0
850559_reviewed	855596_reviewed	1
852042_reviewed	852987_reviewed	0
853327_reviewed	855974_reviewed	0
856537_reviewed	854525_reviewed	1
853133_reviewed	854042_reviewed	0
850613_reviewed	852037_reviewed	1
850623_reviewed	851592_reviewed	0
853170_reviewed	856042_reviewed	0
850304_reviewed	856449_reviewed	0
852787_reviewed	853871_reviewed	0
850620_reviewed	856607_reviewed	1
852060_reviewed	850883_reviewed	1
854740_reviewed	853349_reviewed	1
850983_reviewed	856482_reviewed	0
854919_reviewed	856132_reviewed	0
855626_reviewed	856201_reviewed	0
852352_reviewed	853555_reviewed	0
852193_reviewed	856566_reviewed	0
856220_reviewed	851445_reviewed	1
851933_reviewed	852697_reviewed	0
856162_reviewed	855937_reviewed	1
854650_reviewed	856870_reviewed	0
851042_reviewed	853912_reviewed	0
854734_reviewed	854734_reviewed	1
851394_reviewed	856584_reviewed	1
852726_reviewed	854226_reviewed	0
852025_reviewed	854392_reviewed	0
853471_reviewed	855558_reviewed	0
852088_reviewed	855788_reviewed	0
851394_reviewed	856175_reviewed	1
854582_reviewed	856384_reviewed	0
856891_reviewed	856891_reviewed	1
852184_reviewed	855005_reviewed	1
852949_reviewed	856799_reviewed	0
852020_reviewed	852576_reviewed	1
853041_reviewed	855646_reviewed	1
852275_reviewed	852516_reviewed	1
853528_reviewed	853856_reviewed	1
854937_reviewed	856518_reviewed	1
850413_reviewed	854415_reviewed	0
850966_reviewed	856191_reviewed	0
854878_reviewed	856481_reviewed	0
853147_reviewed	856422_reviewed	1
850623_reviewed	851394_reviewed	1
853714_reviewed	853133_reviewed	1
850872_reviewed	855408_reviewed	1
856351_reviewed	850346_reviewed	1
850695_reviewed	851221_reviewed	0
851477_reviewed	852697_reviewed	0
851394_reviewed	855994_reviewed	1
850843_reviewed	855357_reviewed	0
851737_reviewed	853409_reviewed	1
853712_reviewed	854026_reviewed	0
853639_reviewed	856432_reviewed	0
856366_reviewed	856076_reviewed	1
850399_reviewed	854680_reviewed	0
851394_reviewed	852846_reviewed	1
856709_reviewed	854284_reviewed	1
856012_reviewed	856012_reviewed	1
852766_reviewed	855471_reviewed	0
855613_reviewed	855730_reviewed	1
854985_reviewed	856831_reviewed	0
852193_reviewed	850930_reviewed	1
853450_reviewed	856488_reviewed	0
856644_reviewed	851649_reviewed	1
853254_reviewed	854646_reviewed	0
854119_reviewed	852873_reviewed	1
851447_reviewed	855356_reviewed	0
852697_reviewed	852870_reviewed	1
851224_reviewed	854772_reviewed	0
850623_reviewed	853227_reviewed	1
851533_reviewed	852787_reviewed	1
853598_reviewed	855258_reviewed	0
852757_reviewed	853817_reviewed	0
851259_reviewed	852349_reviewed	0
854935_reviewed	854935_reviewed	1
851061_reviewed	852804_reviewed	0
851475_reviewed	853264_reviewed	0
854381_reviewed	850304_reviewed	1
853587_reviewed	856203_reviewed	0
852695_reviewed	853758_reviewed	1
852749_reviewed	853892_reviewed	1
855957_reviewed	850304_reviewed	1
852088_reviewed	855897_reviewed	0
851394_reviewed	854263_reviewed	1
854202_reviewed	854790_reviewed	0
856063_reviewed	856723_reviewed	1
851874_reviewed	853994_reviewed	0
850647_reviewed	850756_reviewed	1
851559_reviewed	855942_reviewed	0
851842_reviewed	855788_reviewed	0
852121_reviewed	854978_reviewed	0
850584_reviewed	855981_reviewed	0
851894_reviewed	851894_reviewed	1
851259_reviewed	851768_reviewed	0
853150_reviewed	853639_reviewed	0
850647_reviewed	851737_reviewed	1
854977_reviewed	855066_reviewed	0
853201_reviewed	856510_reviewed	1
852697_reviewed	850656_reviewed	1
855884_reviewed	856846_reviewed	0
850983_reviewed	855281_reviewed	0
851660_reviewed	854162_reviewed	0
854622_reviewed	854627_reviewed	1
852721_reviewed	854071_reviewed	1
853922_reviewed	855104_reviewed	0
851196_reviewed	855836_reviewed	0
850585_reviewed	855859_reviewed	1
852439_reviewed	855335_reviewed	1
856731_reviewed	852239_reviewed	1
850505_reviewed	854796_reviewed	0
850720_reviewed	855974_reviewed	0
851379_reviewed	852757_reviewed	0
854881_reviewed	853458_reviewed	1
850358_reviewed	850713_reviewed	0
851259_reviewed	854359_reviewed	1
852918_reviewed	856891_reviewed	0
854673_reviewed	856498_reviewed	0
855605_reviewed	854016_reviewed	1
856449_reviewed	851660_reviewed	1
851988_reviewed	854725_reviewed	0
850347_reviewed	856065_reviewed	0
856486_reviewed	851005_reviewed	1
851207_reviewed	855393_reviewed	1
851740_reviewed	855836_reviewed	0
855496_reviewed	853824_reviewed	1
855836_reviewed	850905_reviewed	1
851319_reviewed	850872_reviewed	1
850584_reviewed	852385_reviewed	1
853523_reviewed	854806_reviewed	0
851170_reviewed	854357_reviewed	0
851394_reviewed	850992_reviewed	1
856126_reviewed	850716_reviewed	1
853514_reviewed	855271_reviewed	0
850422_reviewed	852757_reviewed	1
855613_reviewed	856147_reviewed	0
855725_reviewed	855972_reviewed	0
852697_reviewed	851855_reviewed	1
851576_reviewed	854966_reviewed	0
856862_reviewed	851509_reviewed	1
852352_reviewed	852614_reviewed	0
851645_reviewed	856360_reviewed	1
850656_reviewed	855620_reviewed	0
854284_reviewed	852097_reviewed	1
851394_reviewed	855875_reviewed	1
856674_reviewed	856891_reviewed	1
852852_reviewed	855972_reviewed	0
851928_reviewed	853226_reviewed	1
852258_reviewed	852451_reviewed	0
856255_reviewed	855884_reviewed	1
851996_reviewed	850450_reviewed	1
852434_reviewed	855884_reviewed	0
852469_reviewed	851095_reviewed	1
852757_reviewed	853364_reviewed	0
852362_reviewed	852835_reviewed	1
850385_reviewed	856241_reviewed	1
851924_reviewed	855790_reviewed	0
855884_reviewed	851125_reviewed	1
853540_reviewed	854672_reviewed	0
854926_reviewed	856219_reviewed	0
851988_reviewed	854985_reviewed	0
851394_reviewed	852427_reviewed	1
854063_reviewed	855499_reviewed	0
853824_reviewed	853824_reviewed	1
853168_reviewed	853456_reviewed	0
852312_reviewed	853886_reviewed	0
854748_reviewed	855630_reviewed	0
855404_reviewed	850430_reviewed	1
854472_reviewed	854790_reviewed	0
851424_reviewed	853892_reviewed	0
853712_reviewed	855833_reviewed	0
853010_reviewed	852453_reviewed	1
852209_reviewed	854916_reviewed	0
851471_reviewed	852838_reviewed	0
851394_reviewed	854295_reviewed	1
851482_reviewed	850647_reviewed	1
854662_reviewed	854085_reviewed	1
851513_reviewed	854243_reviewed	0
851222_reviewed	853144_reviewed	0
852938_reviewed	855636_reviewed	0
850612_reviewed	853774_reviewed	0
855836_reviewed	852382_reviewed	1
850973_reviewed	855221_reviewed	1
852084_reviewed	856307_reviewed	1
854933_reviewed	855049_reviewed	0
850326_reviewed	855068_reviewed	0
856466_reviewed	854023_reviewed	1
850782_reviewed	854273_reviewed	1
854487_reviewed	850649_reviewed	1
851965_reviewed	854544_reviewed	0
856076_reviewed	855239_reviewed	1
855925_reviewed	851821_reviewed	1
854843_reviewed	852611_reviewed	1
851394_reviewed	856746_reviewed	1
854017_reviewed	855241_reviewed	0
850741_reviewed	851206_reviewed	0
851394_reviewed	854144_reviewed	1
855426_reviewed	856254_reviewed	0
851568_reviewed	854328_reviewed	0
852250_reviewed	852688_reviewed	1
853851_reviewed	853871_reviewed	1
852809_reviewed	852991_reviewed	0
851969_reviewed	854162_reviewed	0
854933_reviewed	856455_reviewed	0
851931_reviewed	856595_reviewed	1
850298_reviewed	853029_reviewed	0
853041_reviewed	853422_reviewed	0
852553_reviewed	855088_reviewed	0
855950_reviewed	850793_reviewed	1
851754_reviewed	856119_reviewed	0
856255_reviewed	851636_reviewed	1
852172_reviewed	853261_reviewed	1
850370_reviewed	850843_reviewed	0
851359_reviewed	853824_reviewed	1
852325_reviewed	853298_reviewed	0
856742_reviewed	853147_reviewed	1
850647_reviewed	850695_reviewed	1
852497_reviewed	852497_reviewed	1
851928_reviewed	854229_reviewed	0
853133_reviewed	854749_reviewed	0
854057_reviewed	853170_reviewed	1
856463_reviewed	851632_reviewed	1
851197_reviewed	851841_reviewed	1
851430_reviewed	851996_reviewed	1
851904_reviewed	856507_reviewed	1
852453_reviewed	852453_reviewed	1
853650_reviewed	855888_reviewed	0
855161_reviewed	855706_reviewed	0
851042_reviewed	855625_reviewed	1
850347_reviewed	854230_reviewed	0
854485_reviewed	852416_reviewed	1
853583_reviewed	853997_reviewed	1
851726_reviewed	850527_reviewed	1
853811_reviewed	855440_reviewed	0
851394_reviewed	854642_reviewed	1
854469_reviewed	855972_reviewed	1
851115_reviewed	854426_reviewed	0
855836_reviewed	852694_reviewed	1
851222_reviewed	851471_reviewed	0
852457_reviewed	855052_reviewed	1
855925_reviewed	855155_reviewed	1
855656_reviewed	856130_reviewed	0
853922_reviewed	855836_reviewed	0
854376_reviewed	854681_reviewed	0
855449_reviewed	855570_reviewed	0
851042_reviewed	855631_reviewed	0
853884_reviewed	855110_reviewed	0
851259_reviewed	856063_reviewed	1
850793_reviewed	852542_reviewed	0
851587_reviewed	856691_reviewed	0
851000_reviewed	851565_reviewed	1
851399_reviewed	855094_reviewed	1
854912_reviewed	855017_reviewed	0
854742_reviewed	853359_reviewed	1
852109_reviewed	853581_reviewed	0
850995_reviewed	854550_reviewed	1
852665_reviewed	852258_reviewed	1
852088_reviewed	853843_reviewed	0
853540_reviewed	854601_reviewed	0
851884_reviewed	854213_reviewed	1
852084_reviewed	852451_reviewed	0
852097_reviewed	855101_reviewed	0
850505_reviewed	850754_reviewed	0
852538_reviewed	854999_reviewed	1
854937_reviewed	855017_reviewed	0
851115_reviewed	855061_reviewed	0
854142_reviewed	851458_reviewed	1
851513_reviewed	852487_reviewed	0
853896_reviewed	852573_reviewed	1
851708_reviewed	855264_reviewed	0
851754_reviewed	854315_reviewed	1
853767_reviewed	854063_reviewed	0
855649_reviewed	856863_reviewed	0
850554_reviewed	851431_reviewed	1
853744_reviewed	855836_reviewed	0
851217_reviewed	855512_reviewed	1
853906_reviewed	850712_reviewed	1
852028_reviewed	850620_reviewed	1
852838_reviewed	856085_reviewed	0
851146_reviewed	854978_reviewed	0
856096_reviewed	855267_reviewed	1
851456_reviewed	853462_reviewed	1
855664_reviewed	852995_reviewed	1
855683_reviewed	856354_reviewed	0
855636_reviewed	851988_reviewed	1
855048_reviewed	852984_reviewed	1
852915_reviewed	852915_reviewed	1
850520_reviewed	856696_reviewed	1
850806_reviewed	852757_reviewed	0
851032_reviewed	853167_reviewed	0
853365_reviewed	850764_reviewed	1
852822_reviewed	850430_reviewed	1
854449_reviewed	855492_reviewed	0
853932_reviewed	854539_reviewed	0
852697_reviewed	852512_reviewed	1
854106_reviewed	852871_reviewed	1
851369_reviewed	852697_reviewed	0
852996_reviewed	850760_reviewed	1
855621_reviewed	856030_reviewed	0
856891_reviewed	851771_reviewed	1
855276_reviewed	854926_reviewed	1
851475_reviewed	855499_reviewed	0
852722_reviewed	855230_reviewed	0
851499_reviewed	856466_reviewed	0
855471_reviewed	852003_reviewed	1
851817_reviewed	852250_reviewed	0
855316_reviewed	855512_reviewed	0
854170_reviewed	856600_reviewed	1
856862_reviewed	852715_reviewed	1
851411_reviewed	851411_reviewed	1
854776_reviewed	851947_reviewed	1
855099_reviewed	850540_reviewed	1
852740_reviewed	856886_reviewed	0
850647_reviewed	856384_reviewed	1
851895_reviewed	852451_reviewed	0
853035_reviewed	853468_reviewed	1
856523_reviewed	855593_reviewed	1
851753_reviewed	855059_reviewed	1
851394_reviewed	856603_reviewed	1
852762_reviewed	855276_reviewed	0
851500_reviewed	851645_reviewed	0
850799_reviewed	851933_reviewed	0
852440_reviewed	855500_reviewed	0
851767_reviewed	856594_reviewed	0
852766_reviewed	855263_reviewed	1
850625_reviewed	852995_reviewed	0
850358_reviewed	855555_reviewed	1
851061_reviewed	855532_reviewed	1
852697_reviewed	852779_reviewed	0
853458_reviewed	853956_reviewed	0
852457_reviewed	851724_reviewed	1
856103_reviewed	853715_reviewed	1
850973_reviewed	855156_reviewed	0
851337_reviewed	853128_reviewed	0
853458_reviewed	856063_reviewed	0
850612_reviewed	856024_reviewed	0
853546_reviewed	856498_reviewed	0
852766_reviewed	850347_reviewed	1
851884_reviewed	851884_reviewed	1
853877_reviewed	854993_reviewed	0
853011_reviewed	855319_reviewed	0
850693_reviewed	853327_reviewed	0
856696_reviewed	850504_reviewed	1
851394_reviewed	854680_reviewed	1
852665_reviewed	856453_reviewed	0
854978_reviewed	852250_reviewed	1
850878_reviewed	852697_reviewed	0
856924_reviewed	850572_reviewed	1
850808_reviewed	852322_reviewed	0
851371_reviewed	854322_reviewed	0
855524_reviewed	850631_reviewed	1
850422_reviewed	851162_reviewed	1
853552_reviewed	856647_reviewed	1
852743_reviewed	855833_reviewed	0
850298_reviewed	851407_reviewed	1
852833_reviewed	855297_reviewed	0
853320_reviewed	855616_reviewed	0
854691_reviewed	856842_reviewed	0
851212_reviewed	855897_reviewed	0
851988_reviewed	853871_reviewed	0
853630_reviewed	855689_reviewed	0
856675_reviewed	856716_reviewed	0
850328_reviewed	856129_reviewed	1
856724_reviewed	856422_reviewed	1
852569_reviewed	853629_reviewed	0
850744_reviewed	855460_reviewed	0
851404_reviewed	856320_reviewed	1
854372_reviewed	854554_reviewed	0
855836_reviewed	856856_reviewed	1
851161_reviewed	852926_reviewed	0
850647_reviewed	854359_reviewed	1
851224_reviewed	854149_reviewed	0
851212_reviewed	851539_reviewed	1
852440_reviewed	854229_reviewed	0
852549_reviewed	853062_reviewed	0
851143_reviewed	851874_reviewed	0
852848_reviewed	852410_reviewed	1
854319_reviewed	855745_reviewed	1
854791_reviewed	856297_reviewed	0
855144_reviewed	856507_reviewed	1
850983_reviewed	855144_reviewed	0
853599_reviewed	854662_reviewed	0
855828_reviewed	852834_reviewed	1
855083_reviewed	855399_reviewed	1
852757_reviewed	856117_reviewed	0
851394_reviewed	851626_reviewed	1
856607_reviewed	855224_reviewed	1
855613_reviewed	855539_reviewed	1
853636_reviewed	854113_reviewed	1
850875_reviewed	853922_reviewed	0
855836_reviewed	856143_reviewed	0
852311_reviewed	852932_reviewed	0
850587_reviewed	850930_reviewed	0
855116_reviewed	856843_reviewed	0
852885_reviewed	853227_reviewed	0
852228_reviewed	855471_reviewed	0
852311_reviewed	853346_reviewed	1
851893_reviewed	853860_reviewed	0
856924_reviewed	852989_reviewed	1
852580_reviewed	856709_reviewed	0
853546_reviewed	856862_reviewed	0
851196_reviewed	856155_reviewed	0
850695_reviewed	850549_reviewed	1
853373_reviewed	852100_reviewed	1
852392_reviewed	855964_reviewed	1
853500_reviewed	855267_reviewed	0
851772_reviewed	852100_reviewed	0
853922_reviewed	854742_reviewed	0
851754_reviewed	855957_reviewed	0
854243_reviewed	851447_reviewed	1
851204_reviewed	856850_reviewed	0
856575_reviewed	852569_reviewed	1
853098_reviewed	854912_reviewed	0
852676_reviewed	851657_reviewed	1
851720_reviewed	853896_reviewed	0
851500_reviewed	853353_reviewed	1
852399_reviewed	855950_reviewed	0
855728_reviewed	851988_reviewed	1
853539_reviewed	856029_reviewed	0
851897_reviewed	856297_reviewed	0
851259_reviewed	854679_reviewed	1
852931_reviewed	850516_reviewed	1
851701_reviewed	852947_reviewed	0
851813_reviewed	855499_reviewed	0
856398_reviewed	853581_reviewed	1
852042_reviewed	856315_reviewed	0
856846_reviewed	856866_reviewed	0
854446_reviewed	852767_reviewed	1
850890_reviewed	854231_reviewed	0
854656_reviewed	856065_reviewed	0
852436_reviewed	855343_reviewed	0
853416_reviewed	853017_reviewed	1
855090_reviewed	854076_reviewed	1
852883_reviewed	856184_reviewed	0
850647_reviewed	852443_reviewed	1
850877_reviewed	854431_reviewed	1
855836_reviewed	855929_reviewed	0
850683_reviewed	852715_reviewed	0
851457_reviewed	852673_reviewed	0
855561_reviewed	850508_reviewed	1
851944_reviewed	856260_reviewed	0
852403_reviewed	852586_reviewed	1
851562_reviewed	852547_reviewed	0
850620_reviewed	855836_reviewed	0
854777_reviewed	854777_reviewed	1
854938_reviewed	854938_reviewed	1
853817_reviewed	855979_reviewed	0
855242_reviewed	855242_reviewed	1
851874_reviewed	853868_reviewed	0
851509_reviewed	855833_reviewed	1
855512_reviewed	851964_reviewed	1
853080_reviewed	855457_reviewed	1
852088_reviewed	850297_reviewed	1
850832_reviewed	854470_reviewed	1
852835_reviewed	852835_reviewed	1
855771_reviewed	853856_reviewed	1
851310_reviewed	851759_reviewed	1
851394_reviewed	854503_reviewed	1
852100_reviewed	856254_reviewed	1
852977_reviewed	855137_reviewed	0
851394_reviewed	856711_reviewed	1
854886_reviewed	856422_reviewed	1
854113_reviewed	855991_reviewed	0
853154_reviewed	856691_reviewed	0
852931_reviewed	854966_reviewed	0
851918_reviewed	853077_reviewed	1
853825_reviewed	850712_reviewed	1
852110_reviewed	852110_reviewed	1
856463_reviewed	853956_reviewed	1
855737_reviewed	855974_reviewed	0
856098_reviewed	856749_reviewed	0
852881_reviewed	854820_reviewed	0
851996_reviewed	852499_reviewed	0
856563_reviewed	855154_reviewed	1
851259_reviewed	852119_reviewed	0
850620_reviewed	852987_reviewed	0
855787_reviewed	854487_reviewed	1
850904_reviewed	853418_reviewed	1
850803_reviewed	856854_reviewed	1
850966_reviewed	851591_reviewed	1
852762_reviewed	855238_reviewed	0
852071_reviewed	852258_reviewed	0
855836_reviewed	851303_reviewed	1
852119_reviewed	851740_reviewed	1
852371_reviewed	855126_reviewed	0
855404_reviewed	856751_reviewed	0
854138_reviewed	855104_reviewed	0
854485_reviewed	856134_reviewed	0
853144_reviewed	854193_reviewed	1
850656_reviewed	854956_reviewed	0
852536_reviewed	854353_reviewed	1
854034_reviewed	856146_reviewed	0
850647_reviewed	853930_reviewed	1
851313_reviewed	852995_reviewed	0
851723_reviewed	856848_reviewed	0
853252_reviewed	853824_reviewed	1
852418_reviewed	852986_reviewed	0
851897_reviewed	851071_reviewed	1
855424_reviewed	855974_reviewed	0
850647_reviewed	850413_reviewed	1
856267_reviewed	851636_reviewed	1
852007_reviewed	856063_reviewed	0
852697_reviewed	856698_reviewed	1
854084_reviewed	856861_reviewed	0
850930_reviewed	855942_reviewed	1
855143_reviewed	856749_reviewed	0
852018_reviewed	850630_reviewed	1
851897_reviewed	855332_reviewed	0
850580_reviewed	856846_reviewed	0
855683_reviewed	850505_reviewed	1
851212_reviewed	852984_reviewed	1
851394_reviewed	853845_reviewed	1
852697_reviewed	856208_reviewed	0
850563_reviewed	855705_reviewed	1
850504_reviewed	850506_reviewed	0
853860_reviewed	854793_reviewed	0
850580_reviewed	855466_reviewed	0
850647_reviewed	856581_reviewed	1
850652_reviewed	853498_reviewed	0
853681_reviewed	856852_reviewed	0
852549_reviewed	853062_reviewed	0
852915_reviewed	855705_reviewed	0
855470_reviewed	854034_reviewed	1
850930_reviewed	855568_reviewed	0
854817_reviewed	853071_reviewed	1
850652_reviewed	851548_reviewed	0
851660_reviewed	856119_reviewed	0
852233_reviewed	856217_reviewed	0
856723_reviewed	856760_reviewed	0
850607_reviewed	856738_reviewed	1
854776_reviewed	855208_reviewed	1
851250_reviewed	853598_reviewed	1
853100_reviewed	853649_reviewed	0
850888_reviewed	854973_reviewed	1
856129_reviewed	851762_reviewed	1
851030_reviewed	852624_reviewed	0
853035_reviewed	855489_reviewed	0
851266_reviewed	850980_reviewed	1
852611_reviewed	855512_reviewed	0
854026_reviewed	854671_reviewed	0
851632_reviewed	855789_reviewed	1
852245_reviewed	854656_reviewed	0
850450_reviewed	855136_reviewed	0
850620_reviewed	852697_reviewed	0
853811_reviewed	854023_reviewed	0
854776_reviewed	854901_reviewed	1
856603_reviewed	856815_reviewed	1
851544_reviewed	852951_reviewed	0
851407_reviewed	855977_reviewed	1
851409_reviewed	852371_reviewed	0
852497_reviewed	853806_reviewed	0
851544_reviewed	852882_reviewed	1
852767_reviewed	853029_reviewed	0
856870_reviewed	855967_reviewed	1
851768_reviewed	856895_reviewed	1
851520_reviewed	853376_reviewed	0
853729_reviewed	855771_reviewed	0
851406_reviewed	854071_reviewed	0
850422_reviewed	856449_reviewed	0
851394_reviewed	854245_reviewed	1
853075_reviewed	855585_reviewed	1
851452_reviewed	851827_reviewed	0
850435_reviewed	852982_reviewed	0
853576_reviewed	856201_reviewed	0
856147_reviewed	856351_reviewed	0
854423_reviewed	855332_reviewed	0
855013_reviewed	854370_reviewed	1
850647_reviewed	851921_reviewed	1
855650_reviewed	851153_reviewed	1
852982_reviewed	853029_reviewed	1
856519_reviewed	856519_reviewed	1
854395_reviewed	856504_reviewed	0
852688_reviewed	853639_reviewed	0
854586_reviewed	856372_reviewed	0
850983_reviewed	854926_reviewed	0
853198_reviewed	855230_reviewed	1
853033_reviewed	853170_reviewed	0
850760_reviewed	852492_reviewed	1
850549_reviewed	850894_reviewed	0
850450_reviewed	852276_reviewed	1
851394_reviewed	854151_reviewed	1
850520_reviewed	855017_reviewed	0
855253_reviewed	856090_reviewed	0
854957_reviewed	854957_reviewed	1
853701_reviewed	855436_reviewed	0
856559_reviewed	856918_reviewed	0
853826_reviewed	851820_reviewed	1
850298_reviewed	856449_reviewed	0
851931_reviewed	851931_reviewed	1
851933_reviewed	853350_reviewed	0
852305_reviewed	855143_reviewed	0
855499_reviewed	856870_reviewed	1
856862_reviewed	850538_reviewed	1
850620_reviewed	856704_reviewed	0
851394_reviewed	853432_reviewed	1
855049_reviewed	856436_reviewed	0
855726_reviewed	855922_reviewed	0
850977_reviewed	850589_reviewed	1
850594_reviewed	854161_reviewed	1
850605_reviewed	855253_reviewed	0
851394_reviewed	852360_reviewed	1
852681_reviewed	855399_reviewed	0
851408_reviewed	855362_reviewed	1
856891_reviewed	852269_reviewed	1
856895_reviewed	856891_reviewed	1
851475_reviewed	854327_reviewed	0
856862_reviewed	851324_reviewed	1
852762_reviewed	854283_reviewed	0
856760_reviewed	854123_reviewed	1
850950_reviewed	854183_reviewed	1
851041_reviewed	852394_reviewed	0
851100_reviewed	856019_reviewed	1
850505_reviewed	854552_reviewed	1
852501_reviewed	853373_reviewed	1
853442_reviewed	855571_reviewed	1
854019_reviewed	854993_reviewed	0
851561_reviewed	856058_reviewed	0
852032_reviewed	853363_reviewed	0
852129_reviewed	856311_reviewed	1
856891_reviewed	852373_reviewed	1
851648_reviewed	854687_reviewed	0
856607_reviewed	851000_reviewed	1
852439_reviewed	853956_reviewed	0
852171_reviewed	852838_reviewed	0
852834_reviewed	853361_reviewed	0
854229_reviewed	855836_reviewed	0
850930_reviewed	850966_reviewed	0
855833_reviewed	856351_reviewed	0
851847_reviewed	851696_reviewed	1
853898_reviewed	853346_reviewed	1
854162_reviewed	856012_reviewed	0
851671_reviewed	856743_reviewed	0
850647_reviewed	852553_reviewed	1
854017_reviewed	854017_reviewed	1
851394_reviewed	852856_reviewed	1
853576_reviewed	851889_reviewed	1
852577_reviewed	850585_reviewed	1
855535_reviewed	852982_reviewed	1
852194_reviewed	856076_reviewed	0
851319_reviewed	853860_reviewed	0
853293_reviewed	856226_reviewed	0
853552_reviewed	854183_reviewed	0
851051_reviewed	853729_reviewed	1
855428_reviewed	855428_reviewed	1
853167_reviewed	856891_reviewed	0
853857_reviewed	856481_reviewed	0
852697_reviewed	856489_reviewed	1
851406_reviewed	855012_reviewed	1
852972_reviewed	853682_reviewed	0
854026_reviewed	855177_reviewed	0
852234_reviewed	854999_reviewed	1
853313_reviewed	854032_reviewed	0
855068_reviewed	856226_reviewed	0
852385_reviewed	856723_reviewed	0
852617_reviewed	853994_reviewed	0
854119_reviewed	854882_reviewed	1
856537_reviewed	853198_reviewed	1
854102_reviewed	854545_reviewed	0
854901_reviewed	850551_reviewed	1
856169_reviewed	852071_reviewed	1
852001_reviewed	852385_reviewed	0
851259_reviewed	853737_reviewed	0
851998_reviewed	852096_reviewed	0
852697_reviewed	855883_reviewed	1
852949_reviewed	853037_reviewed	1
855036_reviewed	850620_reviewed	1
854284_reviewed	856263_reviewed	1
851545_reviewed	855950_reviewed	1
850754_reviewed	856140_reviewed	0
851723_reviewed	855942_reviewed	0
851949_reviewed	853638_reviewed	0
850647_reviewed	851890_reviewed	1
851504_reviewed	855841_reviewed	1
853825_reviewed	853868_reviewed	1
851495_reviewed	854283_reviewed	0
852977_reviewed	853715_reviewed	1
855925_reviewed	856486_reviewed	1
854021_reviewed	854381_reviewed	0
851140_reviewed	852881_reviewed	0
850500_reviewed	851431_reviewed	1
854674_reviewed	856846_reviewed	0
854353_reviewed	850580_reviewed	1
854153_reviewed	854670_reviewed	0
851513_reviewed	854664_reviewed	1
856356_reviewed	850457_reviewed	1
851190_reviewed	853283_reviewed	1
851461_reviewed	850554_reviewed	1
853036_reviewed	855616_reviewed	0
852767_reviewed	851632_reviewed	1
850872_reviewed	856063_reviewed	1
852059_reviewed	852814_reviewed	1
856148_reviewed	856722_reviewed	1
853161_reviewed	854382_reviewed	1
856563_reviewed	854443_reviewed	1
853701_reviewed	854883_reviewed	0
853702_reviewed	854935_reviewed	0
852757_reviewed	855611_reviewed	1
855925_reviewed	855599_reviewed	1
852003_reviewed	852700_reviewed	0
854656_reviewed	855950_reviewed	0
851259_reviewed	855509_reviewed	0
855228_reviewed	856012_reviewed	0
850303_reviewed	853192_reviewed	0
856218_reviewed	853168_reviewed	1
850792_reviewed	854835_reviewed	0
852344_reviewed	856223_reviewed	0
856219_reviewed	856490_reviewed	0
851098_reviewed	854582_reviewed	1
855110_reviewed	856103_reviewed	1
852697_reviewed	856229_reviewed	1
851250_reviewed	851018_reviewed	1
856354_reviewed	850973_reviewed	1
853298_reviewed	850694_reviewed	1
850826_reviewed	850879_reviewed	0
852972_reviewed	856463_reviewed	0
855974_reviewed	852888_reviewed	1
855184_reviewed	855184_reviewed	1
851998_reviewed	855495_reviewed	0
855132_reviewed	850934_reviewed	1
853191_reviewed	854993_reviewed	1
852697_reviewed	854165_reviewed	1
851431_reviewed	856366_reviewed	0
850883_reviewed	850883_reviewed	1
855789_reviewed	856604_reviewed	1
854995_reviewed	856681_reviewed	0
856254_reviewed	856254_reviewed	1
850396_reviewed	851042_reviewed	1
853512_reviewed	852886_reviewed	1
856255_reviewed	855118_reviewed	1
853017_reviewed	855022_reviewed	0
856449_reviewed	850611_reviewed	1
850808_reviewed	853681_reviewed	1
852697_reviewed	853194_reviewed	0
852834_reviewed	853712_reviewed	1
852449_reviewed	856751_reviewed	1
851774_reviewed	856842_reviewed	0
855066_reviewed	852703_reviewed	1
851716_reviewed	856572_reviewed	1
851143_reviewed	853811_reviewed	0
850401_reviewed	856076_reviewed	0
854866_reviewed	855833_reviewed	1
852395_reviewed	854424_reviewed	0
854431_reviewed	853106_reviewed	1
855068_reviewed	856719_reviewed	0
851247_reviewed	851756_reviewed	0
850347_reviewed	854106_reviewed	0
855406_reviewed	855623_reviewed	0
853774_reviewed	855222_reviewed	0
852996_reviewed	850442_reviewed	1
850360_reviewed	851596_reviewed	1
853847_reviewed	856126_reviewed	1
851394_reviewed	851527_reviewed	1
851894_reviewed	856317_reviewed	0
851259_reviewed	851874_reviewed	0
851454_reviewed	851611_reviewed	0
852688_reviewed	854790_reviewed	0
850900_reviewed	854627_reviewed	1
850647_reviewed	855641_reviewed	1
854353_reviewed	851532_reviewed	1
853934_reviewed	856063_reviewed	0
851136_reviewed	856201_reviewed	1
850760_reviewed	851000_reviewed	0
855836_reviewed	856145_reviewed	1
855055_reviewed	853301_reviewed	1
856085_reviewed	856891_reviewed	0
855613_reviewed	855957_reviewed	1
851432_reviewed	851432_reviewed	1
856076_reviewed	854761_reviewed	1
851468_reviewed	853849_reviewed	1
850298_reviewed	850820_reviewed	1
852697_reviewed	853353_reviewed	1
856607_reviewed	856862_reviewed	1
853682_reviewed	854162_reviewed	0
850504_reviewed	853870_reviewed	0
853090_reviewed	855454_reviewed	0
851576_reviewed	856918_reviewed	0
851250_reviewed	853513_reviewed	1
852757_reviewed	854019_reviewed	0
851061_reviewed	852788_reviewed	1
853109_reviewed	856870_reviewed	0
850647_reviewed	856085_reviewed	1
852194_reviewed	852881_reviewed	1
856478_reviewed	856478_reviewed	1
851000_reviewed	854675_reviewed	0
851224_reviewed	855180_reviewed	0
856179_reviewed	856104_reviewed	1
850334_reviewed	855945_reviewed	0
853133_reviewed	855404_reviewed	0
850760_reviewed	851025_reviewed	0
854263_reviewed	856351_reviewed	0
855836_reviewed	850747_reviewed	1
852834_reviewed	856329_reviewed	0
854713_reviewed	856301_reviewed	0
853884_reviewed	853082_reviewed	1
852275_reviewed	856891_reviewed	0
856559_reviewed	856760_reviewed	1
851318_reviewed	853030_reviewed	1
855925_reviewed	855470_reviewed	1
853718_reviewed	852088_reviewed	1
850647_reviewed	853631_reviewed	1
851259_reviewed	854093_reviewed	0
855906_reviewed	853177_reviewed	1
851962_reviewed	854247_reviewed	0
851255_reviewed	856091_reviewed	0
855836_reviewed	850764_reviewed	1
851342_reviewed	852506_reviewed	0
854544_reviewed	853168_reviewed	1
850346_reviewed	852353_reviewed	0
855957_reviewed	856267_reviewed	0
852881_reviewed	851676_reviewed	1
850298_reviewed	855143_reviewed	1
852119_reviewed	855836_reviewed	0
855267_reviewed	856613_reviewed	0
850440_reviewed	850716_reviewed	0
855561_reviewed	850306_reviewed	1
851414_reviewed	855611_reviewed	0
851431_reviewed	855073_reviewed	0
856862_reviewed	855478_reviewed	1
851447_reviewed	854284_reviewed	0
852983_reviewed	856429_reviewed	1
852057_reviewed	856572_reviewed	0
851394_reviewed	852495_reviewed	1
852592_reviewed	856146_reviewed	1
850647_reviewed	853191_reviewed	1
854221_reviewed	855862_reviewed	1
851756_reviewed	852728_reviewed	0
850580_reviewed	856677_reviewed	0
853364_reviewed	854213_reviewed	0
855613_reviewed	856862_reviewed	0
855974_reviewed	854322_reviewed	1
850782_reviewed	856088_reviewed	0
852757_reviewed	853892_reviewed	1
851303_reviewed	851259_reviewed	1
850584_reviewed	851598_reviewed	0
850633_reviewed	856289_reviewed	1
855428_reviewed	856862_reviewed	0
851394_reviewed	854895_reviewed	1
852457_reviewed	851708_reviewed	1
850647_reviewed	852616_reviewed	1
851562_reviewed	853734_reviewed	0
852487_reviewed	853712_reviewed	0
856603_reviewed	855862_reviewed	1
851723_reviewed	853167_reviewed	1
850518_reviewed	856828_reviewed	0
855136_reviewed	856409_reviewed	0
854449_reviewed	855836_reviewed	0
851394_reviewed	854509_reviewed	1
852697_reviewed	851145_reviewed	1
852697_reviewed	854278_reviewed	0
856751_reviewed	854749_reviewed	1
853320_reviewed	853803_reviewed	0
856226_reviewed	856267_reviewed	0
855836_reviewed	856649_reviewed	1
851897_reviewed	854999_reviewed	0
856563_reviewed	853153_reviewed	1
856611_reviewed	850314_reviewed	1
855154_reviewed	856856_reviewed	1
855979_reviewed	850328_reviewed	1
853811_reviewed	854206_reviewed	0
855476_reviewed	856559_reviewed	0
851399_reviewed	854742_reviewed	0
850823_reviewed	850623_reviewed	1
850713_reviewed	853552_reviewed	0
850320_reviewed	855624_reviewed	0
850872_reviewed	853956_reviewed	0
851499_reviewed	855890_reviewed	0
851394_reviewed	856700_reviewed	1
855044_reviewed	855596_reviewed	1
854021_reviewed	856267_reviewed	0
853857_reviewed	855710_reviewed	0
854418_reviewed	855586_reviewed	1
855676_reviewed	856220_reviewed	1
856422_reviewed	856223_reviewed	1
853133_reviewed	855950_reviewed	0
851542_reviewed	850613_reviewed	1
851394_reviewed	850951_reviewed	1
851699_reviewed	856751_reviewed	0
855339_reviewed	855645_reviewed	0
852665_reviewed	853041_reviewed	0
851369_reviewed	855788_reviewed	0
851263_reviewed	855532_reviewed	1
852755_reviewed	855925_reviewed	1
853566_reviewed	855173_reviewed	0
856519_reviewed	856908_reviewed	0
852385_reviewed	853355_reviewed	0
852556_reviewed	851833_reviewed	1
851095_reviewed	851314_reviewed	0
850562_reviewed	851557_reviewed	1
851259_reviewed	852896_reviewed	0
851447_reviewed	851539_reviewed	0
853470_reviewed	855463_reviewed	0
851249_reviewed	855082_reviewed	0
852982_reviewed	853160_reviewed	0
850843_reviewed	854543_reviewed	0
851952_reviewed	855754_reviewed	0
854198_reviewed	856709_reviewed	0
850894_reviewed	854381_reviewed	0
852592_reviewed	856723_reviewed	0
855470_reviewed	856490_reviewed	0
850974_reviewed	854344_reviewed	1
856862_reviewed	852837_reviewed	1
850939_reviewed	855221_reviewed	0
852106_reviewed	852896_reviewed	0
851394_reviewed	854286_reviewed	1
850691_reviewed	851906_reviewed	1
850846_reviewed	855998_reviewed	1
851394_reviewed	851112_reviewed	1
852982_reviewed	853860_reviewed	0
852881_reviewed	853447_reviewed	0
855281_reviewed	855888_reviewed	1
856723_reviewed	854446_reviewed	1
855555_reviewed	856642_reviewed	0
852088_reviewed	853712_reviewed	0
852995_reviewed	854229_reviewed	1
851195_reviewed	854068_reviewed	0
851676_reviewed	850874_reviewed	1
852834_reviewed	855998_reviewed	0
852088_reviewed	856749_reviewed	1
852697_reviewed	852881_reviewed	1
854822_reviewed	853729_reviewed	1
852980_reviewed	855412_reviewed	0
851776_reviewed	853806_reviewed	1
855077_reviewed	856458_reviewed	1
850647_reviewed	855722_reviewed	1
852500_reviewed	856510_reviewed	0
850584_reviewed	852512_reviewed	0
851776_reviewed	853264_reviewed	0
855888_reviewed	852357_reviewed	1
854243_reviewed	854284_reviewed	0
855828_reviewed	855828_reviewed	1
855836_reviewed	856422_reviewed	1
850872_reviewed	853956_reviewed	0
850919_reviewed	852995_reviewed	0
855706_reviewed	856216_reviewed	0
850763_reviewed	856449_reviewed	1
856449_reviewed	855890_reviewed	1
852071_reviewed	854966_reviewed	0
852866_reviewed	855968_reviewed	1
855836_reviewed	851643_reviewed	1
852549_reviewed	853062_reviewed	0
856870_reviewed	856031_reviewed	1
851222_reviewed	852258_reviewed	0
852787_reviewed	855155_reviewed	0
852864_reviewed	856817_reviewed	1
854922_reviewed	856912_reviewed	1
850647_reviewed	850955_reviewed	1
850297_reviewed	853364_reviewed	0
854985_reviewed	856216_reviewed	0
850785_reviewed	856311_reviewed	1
851337_reviewed	852697_reviewed	0
854231_reviewed	856042_reviewed	0
851314_reviewed	854970_reviewed	1
853743_reviewed	852128_reviewed	1
855636_reviewed	854327_reviewed	1
852053_reviewed	853537_reviewed	0
850872_reviewed	855158_reviewed	0
855580_reviewed	850872_reviewed	1
856449_reviewed	852107_reviewed	1
850438_reviewed	854763_reviewed	0
855048_reviewed	852326_reviewed	1
851592_reviewed	853191_reviewed	0
852996_reviewed	853133_reviewed	0
852879_reviewed	856753_reviewed	0
853300_reviewed	855788_reviewed	1
852762_reviewed	854315_reviewed	0
856866_reviewed	856866_reviewed	1
852580_reviewed	851699_reviewed	1
852497_reviewed	856201_reviewed	0
853168_reviewed	854119_reviewed	1
854156_reviewed	856320_reviewed	1
853488_reviewed	853896_reviewed	0
851981_reviewed	854919_reviewed	0
854749_reviewed	852322_reviewed	1
854113_reviewed	851858_reviewed	1
851471_reviewed	855710_reviewed	0
851115_reviewed	853100_reviewed	0
852880_reviewed	853147_reviewed	1
856751_reviewed	855925_reviewed	1
852569_reviewed	856870_reviewed	0
852583_reviewed	852436_reviewed	1
851475_reviewed	856518_reviewed	0
855925_reviewed	855476_reviewed	1
851394_reviewed	856347_reviewed	1
854509_reviewed	855271_reviewed	0
853071_reviewed	851152_reviewed	1
851752_reviewed	853528_reviewed	1
854999_reviewed	855055_reviewed	1
855512_reviewed	855707_reviewed	0
854138_reviewed	854162_reviewed	1
850734_reviewed	856263_reviewed	0
852787_reviewed	855005_reviewed	0
851408_reviewed	856223_reviewed	1
852583_reviewed	851424_reviewed	1
853416_reviewed	853488_reviewed	0
850430_reviewed	854485_reviewed	0
853654_reviewed	854093_reviewed	1
854232_reviewed	856847_reviewed	1
852881_reviewed	853475_reviewed	0
850620_reviewed	856095_reviewed	0
851212_reviewed	855500_reviewed	0
851996_reviewed	854889_reviewed	0
853036_reviewed	854328_reviewed	1
856481_reviewed	855489_reviewed	1
851024_reviewed	850358_reviewed	1
850744_reviewed	852001_reviewed	1
850554_reviewed	850733_reviewed	1
850320_reviewed	851824_reviewed	0
855512_reviewed	854669_reviewed	1
852879_reviewed	853497_reviewed	0
851708_reviewed	853353_reviewed	0
853729_reviewed	854777_reviewed	0
856218_reviewed	856830_reviewed	1
856876_reviewed	855012_reviewed	1
856483_reviewed	855705_reviewed	1
853587_reviewed	856594_reviewed	0
855166_reviewed	852402_reviewed	1
855950_reviewed	851373_reviewed	1
852039_reviewed	854449_reviewed	0
855103_reviewed	856220_reviewed	0
850628_reviewed	851064_reviewed	1
851221_reviewed	851221_reviewed	1
852262_reviewed	852385_reviewed	1
850930_reviewed	855478_reviewed	0
850442_reviewed	851844_reviewed	0
850409_reviewed	853946_reviewed	0
853313_reviewed	850803_reviewed	1
852258_reviewed	852258_reviewed	1
854976_reviewed	856848_reviewed	0
851262_reviewed	852938_reviewed	1
855888_reviewed	852896_reviewed	1
851160_reviewed	853960_reviewed	0
853956_reviewed	856864_reviewed	0
855405_reviewed	856317_reviewed	0
853385_reviewed	853796_reviewed	1
854116_reviewed	855335_reviewed	0
853682_reviewed	854116_reviewed	1
853327_reviewed	851126_reviewed	1
852184_reviewed	853985_reviewed	1
853675_reviewed	855676_reviewed	0
851632_reviewed	856603_reviewed	0
850973_reviewed	852731_reviewed	0
850785_reviewed	851700_reviewed	0
853418_reviewed	853434_reviewed	1
850713_reviewed	853539_reviewed	0
855821_reviewed	855974_reviewed	0
850647_reviewed	851329_reviewed	1
851120_reviewed	850351_reviewed	1
856908_reviewed	854776_reviewed	1
852003_reviewed	856019_reviewed	0
852404_reviewed	854085_reviewed	0
854933_reviewed	855460_reviewed	0
850440_reviewed	853365_reviewed	1
853133_reviewed	851338_reviewed	1
853423_reviewed	852095_reviewed	1
855613_reviewed	855836_reviewed	0
851394_reviewed	852861_reviewed	1
854106_reviewed	851723_reviewed	1
856751_reviewed	852757_reviewed	1
852918_reviewed	855899_reviewed	0
853160_reviewed	856719_reviewed	0
852697_reviewed	856516_reviewed	0
852697_reviewed	855360_reviewed	0
851052_reviewed	856876_reviewed	0
853397_reviewed	853956_reviewed	1
855925_reviewed	853227_reviewed	1
852763_reviewed	851369_reviewed	1
850810_reviewed	855143_reviewed	0
856484_reviewed	853952_reviewed	1
850695_reviewed	853966_reviewed	0
851109_reviewed	853585_reviewed	1
856738_reviewed	855339_reviewed	1
852962_reviewed	855975_reviewed	1
852060_reviewed	854679_reviewed	0
852697_reviewed	854713_reviewed	1
851125_reviewed	856119_reviewed	0
852416_reviewed	854034_reviewed	0
852575_reviewed	850613_reviewed	1
850329_reviewed	855607_reviewed	0
853434_reviewed	855724_reviewed	0
852697_reviewed	854229_reviewed	0
852787_reviewed	855448_reviewed	0
852577_reviewed	851803_reviewed	1
852549_reviewed	852754_reviewed	1
852989_reviewed	855706_reviewed	1
850304_reviewed	855664_reviewed	0
855613_reviewed	856870_reviewed	0
852019_reviewed	854398_reviewed	0
851618_reviewed	851618_reviewed	1
851771_reviewed	853851_reviewed	0
851259_reviewed	854229_reviewed	0
856366_reviewed	856434_reviewed	0
854256_reviewed	851261_reviewed	1
851025_reviewed	856674_reviewed	0
851335_reviewed	851953_reviewed	0
853712_reviewed	853733_reviewed	0
852018_reviewed	855652_reviewed	0
851745_reviewed	852277_reviewed	0
852497_reviewed	853364_reviewed	0
851000_reviewed	852352_reviewed	0
852059_reviewed	853649_reviewed	0
852451_reviewed	853301_reviewed	1
855496_reviewed	854062_reviewed	1
850409_reviewed	856254_reviewed	0
851592_reviewed	856916_reviewed	0
856267_reviewed	851924_reviewed	1
855158_reviewed	855408_reviewed	0
850594_reviewed	856404_reviewed	0
850904_reviewed	855458_reviewed	0
856091_reviewed	855049_reviewed	1
853409_reviewed	854691_reviewed	1
856565_reviewed	855507_reviewed	1
854382_reviewed	856831_reviewed	0
850695_reviewed	853733_reviewed	0
852424_reviewed	853490_reviewed	1
855836_reviewed	852146_reviewed	1
855547_reviewed	854487_reviewed	1
853909_reviewed	856222_reviewed	0
851483_reviewed	854102_reviewed	0
853770_reviewed	853056_reviewed	1
853641_reviewed	855821_reviewed	0
851160_reviewed	854983_reviewed	0
850505_reviewed	856393_reviewed	0
852250_reviewed	854930_reviewed	0
851928_reviewed	852804_reviewed	0
850760_reviewed	856183_reviewed	1
854683_reviewed	856618_reviewed	0
853774_reviewed	854229_reviewed	0
853851_reviewed	855399_reviewed	1
851916_reviewed	853060_reviewed	0
852983_reviewed	853681_reviewed	1
852639_reviewed	852492_reviewed	1
852371_reviewed	856147_reviewed	0
855649_reviewed	851548_reviewed	1
856384_reviewed	852975_reviewed	1
851462_reviewed	855180_reviewed	0
855828_reviewed	855661_reviewed	1
852569_reviewed	852569_reviewed	1
850763_reviewed	854106_reviewed	0
853364_reviewed	856696_reviewed	1
853071_reviewed	854664_reviewed	0
852069_reviewed	853434_reviewed	0
851834_reviewed	855177_reviewed	0
851108_reviewed	855952_reviewed	0
853364_reviewed	854309_reviewed	1
855470_reviewed	856912_reviewed	1
853300_reviewed	856924_reviewed	1
854875_reviewed	856065_reviewed	0
851084_reviewed	855651_reviewed	0
855136_reviewed	856409_reviewed	0
850349_reviewed	856021_reviewed	1
854673_reviewed	855952_reviewed	0
851255_reviewed	854656_reviewed	0
855424_reviewed	855899_reviewed	0
852492_reviewed	854086_reviewed	0
851259_reviewed	856155_reviewed	0
850633_reviewed	854556_reviewed	1
850520_reviewed	854747_reviewed	0
851559_reviewed	852996_reviewed	1
851136_reviewed	855911_reviewed	0
852765_reviewed	856680_reviewed	1
850504_reviewed	856724_reviewed	0
852834_reviewed	853683_reviewed	0
850297_reviewed	852814_reviewed	0
851676_reviewed	855454_reviewed	1
850810_reviewed	854188_reviewed	0
854992_reviewed	853946_reviewed	1
851723_reviewed	853985_reviewed	0
852778_reviewed	853982_reviewed	1
852896_reviewed	856799_reviewed	0
852697_reviewed	856155_reviewed	0
851259_reviewed	854734_reviewed	0
851482_reviewed	854444_reviewed	0
855787_reviewed	854379_reviewed	1
856607_reviewed	852804_reviewed	1
853450_reviewed	853956_reviewed	0
851559_reviewed	854999_reviewed	0
851678_reviewed	856731_reviewed	0
850647_reviewed	855962_reviewed	1
850521_reviewed	851061_reviewed	0
854544_reviewed	855616_reviewed	0
853743_reviewed	855424_reviewed	1
856724_reviewed	851424_reviewed	1
852516_reviewed	853133_reviewed	0
850647_reviewed	854130_reviewed	1
854622_reviewed	855348_reviewed	0
851097_reviewed	854085_reviewed	0
852100_reviewed	852931_reviewed	0
851928_reviewed	852042_reviewed	0
856183_reviewed	856455_reviewed	1
856862_reviewed	856142_reviewed	1
852311_reviewed	855568_reviewed	0
853016_reviewed	855066_reviewed	0
852549_reviewed	852704_reviewed	1
850647_reviewed	851262_reviewed	1
855466_reviewed	855838_reviewed	1
854827_reviewed	856571_reviewed	0
850767_reviewed	850713_reviewed	1
856208_reviewed	852013_reviewed	1
851259_reviewed	853361_reviewed	1
853327_reviewed	855157_reviewed	1
856815_reviewed	850919_reviewed	1
851521_reviewed	853288_reviewed	0
854978_reviewed	854622_reviewed	1
851394_reviewed	854155_reviewed	1
856254_reviewed	851030_reviewed	1
853089_reviewed	855628_reviewed	0
850504_reviewed	851707_reviewed	1
855787_reviewed	855357_reviewed	1
856848_reviewed	855605_reviewed	1
852697_reviewed	852258_reviewed	1
851761_reviewed	856089_reviewed	1
851495_reviewed	854388_reviewed	0
854446_reviewed	855890_reviewed	1
854066_reviewed	856758_reviewed	0
851394_reviewed	855410_reviewed	1
851151_reviewed	853261_reviewed	1
854646_reviewed	854852_reviewed	0
853880_reviewed	854806_reviewed	0
853682_reviewed	856255_reviewed	0
850500_reviewed	851337_reviewed	1
852947_reviewed	853767_reviewed	0
851394_reviewed	856861_reviewed	1
850973_reviewed	856507_reviewed	0
851201_reviewed	853192_reviewed	0
852577_reviewed	853836_reviewed	0
850346_reviewed	856093_reviewed	0
852885_reviewed	856696_reviewed	1
850968_reviewed	856870_reviewed	1
851855_reviewed	852660_reviewed	0
850792_reviewed	854379_reviewed	0
852697_reviewed	854206_reviewed	0
853712_reviewed	856870_reviewed	0
856076_reviewed	851373_reviewed	1
853712_reviewed	855650_reviewed	0
855466_reviewed	856024_reviewed	1
851716_reviewed	852582_reviewed	1
852417_reviewed	852816_reviewed	0
851369_reviewed	855316_reviewed	1
852951_reviewed	856398_reviewed	1
856674_reviewed	851557_reviewed	1
850837_reviewed	852715_reviewed	0
850792_reviewed	852569_reviewed	0
850647_reviewed	855205_reviewed	1
851140_reviewed	852003_reviewed	1
851874_reviewed	853892_reviewed	0
854487_reviewed	855789_reviewed	0
851240_reviewed	852004_reviewed	1
852091_reviewed	853500_reviewed	0
851745_reviewed	855620_reviewed	0
850822_reviewed	851975_reviewed	0
850516_reviewed	856186_reviewed	0
852697_reviewed	855466_reviewed	0
853860_reviewed	855158_reviewed	0
852129_reviewed	854697_reviewed	1
851559_reviewed	853010_reviewed	0
850647_reviewed	852809_reviewed	1
850837_reviewed	856507_reviewed	0
851987_reviewed	856329_reviewed	0
855925_reviewed	855253_reviewed	1
853712_reviewed	854221_reviewed	1
850435_reviewed	850435_reviewed	1
851303_reviewed	852987_reviewed	0
855676_reviewed	856367_reviewed	0
856146_reviewed	853264_reviewed	1
851259_reviewed	850630_reviewed	1
854956_reviewed	856572_reviewed	0
854518_reviewed	855158_reviewed	0
853608_reviewed	856716_reviewed	0
851929_reviewed	852724_reviewed	0
854773_reviewed	851389_reviewed	1
850647_reviewed	851565_reviewed	1
855836_reviewed	855669_reviewed	1
856208_reviewed	854791_reviewed	1
851063_reviewed	854842_reviewed	0
850955_reviewed	852553_reviewed	0
850647_reviewed	850343_reviewed	1
852080_reviewed	856096_reviewed	0
850767_reviewed	856849_reviewed	0
855828_reviewed	856012_reviewed	1
852697_reviewed	856317_reviewed	0
853157_reviewed	856850_reviewed	0
850647_reviewed	851611_reviewed	1
852553_reviewed	855436_reviewed	0
850720_reviewed	853191_reviewed	0
851494_reviewed	854543_reviewed	0
855785_reviewed	851742_reviewed	1
851125_reviewed	856553_reviewed	0
850647_reviewed	854883_reviewed	1
853365_reviewed	855143_reviewed	1
852870_reviewed	851371_reviewed	1
856724_reviewed	850613_reviewed	1
856723_reviewed	856831_reviewed	0
855180_reviewed	855874_reviewed	0
851327_reviewed	856723_reviewed	0
856409_reviewed	851409_reviewed	1
855819_reviewed	851145_reviewed	1
854418_reviewed	855496_reviewed	1
854933_reviewed	856455_reviewed	0
852974_reviewed	856289_reviewed	0
856153_reviewed	856731_reviewed	0
856831_reviewed	851567_reviewed	1
851100_reviewed	851494_reviewed	0
854106_reviewed	856297_reviewed	1
855116_reviewed	855264_reviewed	0
853712_reviewed	856329_reviewed	0
852968_reviewed	855041_reviewed	1
850760_reviewed	856918_reviewed	0
856218_reviewed	854328_reviewed	1
854042_reviewed	856360_reviewed	0
851223_reviewed	855243_reviewed	1
854995_reviewed	856510_reviewed	0
853327_reviewed	855950_reviewed	1
851720_reviewed	855350_reviewed	0
854918_reviewed	856148_reviewed	0
855616_reviewed	855512_reviewed	1
851259_reviewed	850894_reviewed	1
852697_reviewed	850694_reviewed	1
853784_reviewed	856119_reviewed	0
855025_reviewed	856799_reviewed	0
851645_reviewed	854019_reviewed	0
855584_reviewed	855584_reviewed	1
851224_reviewed	852980_reviewed	0
851818_reviewed	853503_reviewed	0
854247_reviewed	851928_reviewed	1
852567_reviewed	855478_reviewed	0
853956_reviewed	850652_reviewed	1
853555_reviewed	856674_reviewed	0
855836_reviewed	851636_reviewed	1
856615_reviewed	851013_reviewed	1
853784_reviewed	855535_reviewed	1
850992_reviewed	851596_reviewed	0
854749_reviewed	855620_reviewed	0
850647_reviewed	856763_reviewed	1
852229_reviewed	853945_reviewed	0
850647_reviewed	854980_reviewed	1
854322_reviewed	856667_reviewed	0
851752_reviewed	852018_reviewed	0
851700_reviewed	855561_reviewed	1
855568_reviewed	856741_reviewed	0
853712_reviewed	852607_reviewed	1
852779_reviewed	850695_reviewed	1
852258_reviewed	856518_reviewed	1
850598_reviewed	853824_reviewed	0
855066_reviewed	851774_reviewed	1
853718_reviewed	854928_reviewed	1
851394_reviewed	853877_reviewed	1
855360_reviewed	856594_reviewed	1
855925_reviewed	853666_reviewed	1
855586_reviewed	853364_reviewed	1
851681_reviewed	852950_reviewed	0
851259_reviewed	853748_reviewed	1
852688_reviewed	853298_reviewed	0
850904_reviewed	851626_reviewed	0
852697_reviewed	856351_reviewed	0
855898_reviewed	853164_reviewed	1
853090_reviewed	856613_reviewed	0
855449_reviewed	850543_reviewed	1
851678_reviewed	856731_reviewed	0
855630_reviewed	851248_reviewed	1
854791_reviewed	856751_reviewed	0
852423_reviewed	852423_reviewed	1
854093_reviewed	856758_reviewed	0
854315_reviewed	853531_reviewed	1
851469_reviewed	852805_reviewed	0
850768_reviewed	850539_reviewed	1
855958_reviewed	856575_reviewed	0
853097_reviewed	853144_reviewed	1
855841_reviewed	852983_reviewed	1
852654_reviewed	853908_reviewed	0
855906_reviewed	851653_reviewed	1
854827_reviewed	852787_reviewed	1
851424_reviewed	854032_reviewed	0
851394_reviewed	855940_reviewed	1
852732_reviewed	852109_reviewed	1
855884_reviewed	855730_reviewed	1
851882_reviewed	850693_reviewed	1
852371_reviewed	851665_reviewed	1
851613_reviewed	855888_reviewed	0
852449_reviewed	855067_reviewed	0
856642_reviewed	856642_reviewed	1
856844_reviewed	851441_reviewed	1
855524_reviewed	856793_reviewed	1
852235_reviewed	852921_reviewed	1
855728_reviewed	856572_reviewed	1
850807_reviewed	855499_reviewed	0
852697_reviewed	852987_reviewed	0
850919_reviewed	851548_reviewed	0
856918_reviewed	852003_reviewed	1
852809_reviewed	852809_reviewed	1
850764_reviewed	852039_reviewed	0
851988_reviewed	852885_reviewed	0
854071_reviewed	854072_reviewed	0
851751_reviewed	851751_reviewed	1
850405_reviewed	851067_reviewed	1
852697_reviewed	850773_reviewed	1
850580_reviewed	851212_reviewed	0
853030_reviewed	854940_reviewed	0
853886_reviewed	855243_reviewed	1
853434_reviewed	853434_reviewed	1
850297_reviewed	854933_reviewed	0
853462_reviewed	856743_reviewed	0
855836_reviewed	856226_reviewed	1
851407_reviewed	855158_reviewed	1
854243_reviewed	855104_reviewed	0
850694_reviewed	853503_reviewed	1
855049_reviewed	855328_reviewed	0
855305_reviewed	854725_reviewed	1
851259_reviewed	856320_reviewed	0
851467_reviewed	855512_reviewed	0
851095_reviewed	854997_reviewed	1
850601_reviewed	854243_reviewed	0
850521_reviewed	856095_reviewed	0
853365_reviewed	856912_reviewed	1
852141_reviewed	855999_reviewed	0
852995_reviewed	850695_reviewed	1
850950_reviewed	853169_reviewed	0
853011_reviewed	855974_reviewed	0
852127_reviewed	853318_reviewed	1
851051_reviewed	855048_reviewed	1
852697_reviewed	854240_reviewed	1
853767_reviewed	851201_reviewed	1
855282_reviewed	856897_reviewed	0
856382_reviewed	851740_reviewed	1
853037_reviewed	856277_reviewed	1
853041_reviewed	856754_reviewed	1
853513_reviewed	855557_reviewed	1
850763_reviewed	855155_reviewed	0
851493_reviewed	856895_reviewed	1
853500_reviewed	854667_reviewed	1
855788_reviewed	851389_reviewed	1
852457_reviewed	851655_reviewed	1
851678_reviewed	855356_reviewed	1
856463_reviewed	856723_reviewed	1
850806_reviewed	856674_reviewed	0
851481_reviewed	853034_reviewed	0
852880_reviewed	856106_reviewed	0
852697_reviewed	854680_reviewed	1
856183_reviewed	856732_reviewed	0
852194_reviewed	852834_reviewed	0
853041_reviewed	856604_reviewed	0
851199_reviewed	854068_reviewed	1
855897_reviewed	852678_reviewed	1
851884_reviewed	852757_reviewed	0
855841_reviewed	855665_reviewed	1
851678_reviewed	851113_reviewed	1
851761_reviewed	852757_reviewed	0
851394_reviewed	853893_reviewed	1
855925_reviewed	851518_reviewed	1
851394_reviewed	852921_reviewed	1
854381_reviewed	856352_reviewed	1
850677_reviewed	855929_reviewed	1
852660_reviewed	854273_reviewed	1
851471_reviewed	852416_reviewed	1
851204_reviewed	853157_reviewed	0
852697_reviewed	851782_reviewed	1
852136_reviewed	853997_reviewed	0
854843_reviewed	853846_reviewed	1
852042_reviewed	854229_reviewed	0
855757_reviewed	856559_reviewed	0
856436_reviewed	856429_reviewed	1
851680_reviewed	852265_reviewed	1
854116_reviewed	856863_reviewed	0
855974_reviewed	850760_reviewed	1
853846_reviewed	851696_reviewed	1
854527_reviewed	850620_reviewed	1
851699_reviewed	852744_reviewed	1
851204_reviewed	856850_reviewed	0
852403_reviewed	856313_reviewed	0
851969_reviewed	856603_reviewed	0
850612_reviewed	853535_reviewed	0
854021_reviewed	850918_reviewed	1
850647_reviewed	855039_reviewed	1
851394_reviewed	856036_reviewed	1
851406_reviewed	854072_reviewed	0
856918_reviewed	854663_reviewed	1
851424_reviewed	855613_reviewed	0
856422_reviewed	856674_reviewed	1
852931_reviewed	853556_reviewed	0
855613_reviewed	856267_reviewed	1
852610_reviewed	855897_reviewed	0
851834_reviewed	853482_reviewed	1
853133_reviewed	856751_reviewed	0
854212_reviewed	853828_reviewed	1
855335_reviewed	856864_reviewed	0
851440_reviewed	855048_reviewed	1
851212_reviewed	853035_reviewed	1
850836_reviewed	851933_reviewed	0
851431_reviewed	851618_reviewed	1
854556_reviewed	854740_reviewed	0
853650_reviewed	854937_reviewed	0
852457_reviewed	850429_reviewed	1
852492_reviewed	854993_reviewed	0
854198_reviewed	854063_reviewed	1
852703_reviewed	852703_reviewed	1
850879_reviewed	855407_reviewed	1
851171_reviewed	852500_reviewed	0
852746_reviewed	855214_reviewed	1
854212_reviewed	852088_reviewed	1
850754_reviewed	850904_reviewed	0
851824_reviewed	854734_reviewed	1
853896_reviewed	850998_reviewed	1
855386_reviewed	854725_reviewed	1
850620_reviewed	855739_reviewed	1
853398_reviewed	852069_reviewed	1
852352_reviewed	852995_reviewed	1
851874_reviewed	851447_reviewed	1
855631_reviewed	856828_reviewed	0
852234_reviewed	855520_reviewed	1
856267_reviewed	851125_reviewed	1
855888_reviewed	851518_reviewed	1
852697_reviewed	851396_reviewed	1
854119_reviewed	854544_reviewed	1
850440_reviewed	856521_reviewed	0
856891_reviewed	853161_reviewed	1
855897_reviewed	850962_reviewed	1
852580_reviewed	853576_reviewed	0
856099_reviewed	852352_reviewed	1
851261_reviewed	855271_reviewed	1
851755_reviewed	855135_reviewed	0
854102_reviewed	852512_reviewed	1
851394_reviewed	856539_reviewed	1
855836_reviewed	853064_reviewed	1
850580_reviewed	855230_reviewed	1
850973_reviewed	854271_reviewed	0
853666_reviewed	854875_reviewed	0
856303_reviewed	855456_reviewed	1
853181_reviewed	854243_reviewed	0
855221_reviewed	855844_reviewed	1
851776_reviewed	856613_reviewed	0
855836_reviewed	853149_reviewed	1
851394_reviewed	856028_reviewed	1
856267_reviewed	856449_reviewed	0
856455_reviewed	856743_reviewed	1
851371_reviewed	852245_reviewed	0
854026_reviewed	855489_reviewed	0
853908_reviewed	854153_reviewed	0
850930_reviewed	851738_reviewed	0
852349_reviewed	856203_reviewed	0
855053_reviewed	856218_reviewed	0
856130_reviewed	851576_reviewed	1
855828_reviewed	856201_reviewed	1
850346_reviewed	851126_reviewed	0
852319_reviewed	856076_reviewed	0
851745_reviewed	856696_reviewed	0
853840_reviewed	856223_reviewed	0
855524_reviewed	855389_reviewed	1
855836_reviewed	850585_reviewed	1
852757_reviewed	850808_reviewed	1
851752_reviewed	855478_reviewed	1
853062_reviewed	854243_reviewed	1
850401_reviewed	851928_reviewed	0
855013_reviewed	854780_reviewed	1
851771_reviewed	853537_reviewed	0
851776_reviewed	852497_reviewed	0
856079_reviewed	856746_reviewed	0
851827_reviewed	852180_reviewed	0
853442_reviewed	854382_reviewed	1
851034_reviewed	851034_reviewed	1
855836_reviewed	854509_reviewed	1
852697_reviewed	851222_reviewed	1
853091_reviewed	854805_reviewed	0
850394_reviewed	853198_reviewed	0
850549_reviewed	851893_reviewed	0
851115_reviewed	851988_reviewed	0
853817_reviewed	853371_reviewed	1
850620_reviewed	855607_reviewed	0
855356_reviewed	853409_reviewed	1
851520_reviewed	852767_reviewed	0
850955_reviewed	855513_reviewed	0
856891_reviewed	855276_reviewed	1
851061_reviewed	855489_reviewed	0
851716_reviewed	856222_reviewed	0
855862_reviewed	856862_reviewed	0
854102_reviewed	855267_reviewed	0
852989_reviewed	855836_reviewed	0
850874_reviewed	852755_reviewed	1
852469_reviewed	854781_reviewed	0
851577_reviewed	851975_reviewed	0
852001_reviewed	852787_reviewed	0
852931_reviewed	856219_reviewed	0
855842_reviewed	856659_reviewed	0
855423_reviewed	854256_reviewed	1
855541_reviewed	856004_reviewed	1
850792_reviewed	855501_reviewed	0
856106_reviewed	856291_reviewed	1
851533_reviewed	855836_reviewed	1
852580_reviewed	856305_reviewed	1
852059_reviewed	854082_reviewed	1
853667_reviewed	852468_reviewed	1
854372_reviewed	851052_reviewed	1
852248_reviewed	855066_reviewed	1
855253_reviewed	856579_reviewed	0
856360_reviewed	856146_reviewed	1
853916_reviewed	855669_reviewed	0
853857_reviewed	855706_reviewed	0
854627_reviewed	856042_reviewed	0
856089_reviewed	854085_reviewed	1
850607_reviewed	854662_reviewed	1
851904_reviewed	855570_reviewed	0
852032_reviewed	856143_reviewed	0
854734_reviewed	855429_reviewed	1
851222_reviewed	850774_reviewed	1
851196_reviewed	853438_reviewed	0
851646_reviewed	854872_reviewed	1
852296_reviewed	856846_reviewed	0
852897_reviewed	856537_reviewed	0
850554_reviewed	856268_reviewed	1
852591_reviewed	853598_reviewed	0
855399_reviewed	856891_reviewed	0
851814_reviewed	852421_reviewed	0
856563_reviewed	851271_reviewed	1
855586_reviewed	851962_reviewed	1
855271_reviewed	856062_reviewed	1
853017_reviewed	855830_reviewed	0
854978_reviewed	854231_reviewed	1
851678_reviewed	856218_reviewed	0
855025_reviewed	856870_reviewed	0
855841_reviewed	853839_reviewed	1
854284_reviewed	855440_reviewed	0
855524_reviewed	851430_reviewed	1
856519_reviewed	850702_reviewed	1
851457_reviewed	852983_reviewed	0
855689_reviewed	856723_reviewed	0
852184_reviewed	855950_reviewed	0
852825_reviewed	852825_reviewed	1
852996_reviewed	855448_reviewed	0
853320_reviewed	853670_reviewed	0
853729_reviewed	856514_reviewed	0
852042_reviewed	852042_reviewed	1
852695_reviewed	852695_reviewed	1
852392_reviewed	853353_reviewed	0
850963_reviewed	856399_reviewed	0
852214_reviewed	856908_reviewed	0
852697_reviewed	856083_reviewed	0
855449_reviewed	852618_reviewed	1
855470_reviewed	855320_reviewed	1
854888_reviewed	854888_reviewed	1
854231_reviewed	855675_reviewed	0
850950_reviewed	850950_reviewed	1
851988_reviewed	853167_reviewed	0
852766_reviewed	856254_reviewed	0
850920_reviewed	851723_reviewed	0
850359_reviewed	854415_reviewed	0
856486_reviewed	853857_reviewed	1
852081_reviewed	852477_reviewed	1
854925_reviewed	855753_reviewed	0
852059_reviewed	852532_reviewed	0
851893_reviewed	852995_reviewed	0
851424_reviewed	855316_reviewed	0
854201_reviewed	852785_reviewed	1
856247_reviewed	852322_reviewed	1
852779_reviewed	852822_reviewed	0
855925_reviewed	854960_reviewed	1
852624_reviewed	851378_reviewed	1
852391_reviewed	854284_reviewed	0
856854_reviewed	856155_reviewed	1
851653_reviewed	855012_reviewed	1
851819_reviewed	856837_reviewed	0
853072_reviewed	855390_reviewed	0
850500_reviewed	853106_reviewed	0
854256_reviewed	855739_reviewed	0
851551_reviewed	856533_reviewed	0
855664_reviewed	854078_reviewed	1
855276_reviewed	856183_reviewed	0
852039_reviewed	856351_reviewed	0
853814_reviewed	856297_reviewed	0
852007_reviewed	854116_reviewed	0
851905_reviewed	851905_reviewed	1
854179_reviewed	856249_reviewed	0
851125_reviewed	855228_reviewed	0
853752_reviewed	856891_reviewed	0
851568_reviewed	852880_reviewed	0
850647_reviewed	854321_reviewed	1
854713_reviewed	855478_reviewed	1
851394_reviewed	851485_reviewed	1
852649_reviewed	853675_reviewed	0
851394_reviewed	855395_reviewed	1
856031_reviewed	852977_reviewed	1
852697_reviewed	855504_reviewed	1
851207_reviewed	852079_reviewed	0
854277_reviewed	852938_reviewed	1
852403_reviewed	855463_reviewed	0
855836_reviewed	855891_reviewed	0
853899_reviewed	854379_reviewed	0
854777_reviewed	856409_reviewed	0
850647_reviewed	851325_reviewed	1
851499_reviewed	855890_reviewed	0
853712_reviewed	851095_reviewed	1
855626_reviewed	854725_reviewed	1
851988_reviewed	855155_reviewed	0
851742_reviewed	855221_reviewed	1
854725_reviewed	856169_reviewed	0
853478_reviewed	856223_reviewed	0
850632_reviewed	853121_reviewed	0
852865_reviewed	856891_reviewed	1
850406_reviewed	854960_reviewed	0
850657_reviewed	853513_reviewed	0
856303_reviewed	850712_reviewed	1
856888_reviewed	851036_reviewed	1
850793_reviewed	856305_reviewed	1
851969_reviewed	853458_reviewed	0
855836_reviewed	855257_reviewed	1
853857_reviewed	855448_reviewed	0
856081_reviewed	852214_reviewed	1
850555_reviewed	852383_reviewed	0
851842_reviewed	854929_reviewed	0
852778_reviewed	856647_reviewed	1
850647_reviewed	855754_reviewed	1
852424_reviewed	855395_reviewed	0
850767_reviewed	851259_reviewed	1
853048_reviewed	856063_reviewed	0
850587_reviewed	856537_reviewed	0
851261_reviewed	856062_reviewed	1
852896_reviewed	855836_reviewed	0
855509_reviewed	851768_reviewed	1
4036073_reviewed	850807_reviewed	0
851678_reviewed	856485_reviewed	1
852439_reviewed	852319_reviewed	1
855154_reviewed	856892_reviewed	1
852755_reviewed	854993_reviewed	0
854085_reviewed	853783_reviewed	1
852779_reviewed	850764_reviewed	1
850605_reviewed	852319_reviewed	0
852419_reviewed	852816_reviewed	0
855561_reviewed	855449_reviewed	1
851250_reviewed	856577_reviewed	1
853851_reviewed	854985_reviewed	0
852814_reviewed	854675_reviewed	0
851533_reviewed	850607_reviewed	1
854080_reviewed	855411_reviewed	1
855827_reviewed	855230_reviewed	1
855833_reviewed	856277_reviewed	0
854874_reviewed	855060_reviewed	1
852352_reviewed	855460_reviewed	1
853712_reviewed	854435_reviewed	1
850348_reviewed	852419_reviewed	0
855783_reviewed	855862_reviewed	0
853160_reviewed	853956_reviewed	0
850521_reviewed	856594_reviewed	0
856490_reviewed	856134_reviewed	1
850695_reviewed	854732_reviewed	0
851548_reviewed	853458_reviewed	1
852020_reviewed	854488_reviewed	0
852618_reviewed	856726_reviewed	1
853355_reviewed	855155_reviewed	0
854745_reviewed	855669_reviewed	0
850438_reviewed	855830_reviewed	1
850601_reviewed	852740_reviewed	0
853910_reviewed	854972_reviewed	1
850793_reviewed	851576_reviewed	1
856365_reviewed	856660_reviewed	0
852697_reviewed	852779_reviewed	0
851708_reviewed	855208_reviewed	0
851893_reviewed	854487_reviewed	0
852416_reviewed	852416_reviewed	1
850550_reviewed	852947_reviewed	0
856460_reviewed	856460_reviewed	1
856220_reviewed	852649_reviewed	1
855584_reviewed	856409_reviewed	0
850580_reviewed	856539_reviewed	0
853875_reviewed	856819_reviewed	0
856412_reviewed	856607_reviewed	1
851798_reviewed	852683_reviewed	0
855665_reviewed	856709_reviewed	0
853490_reviewed	853782_reviewed	1
850539_reviewed	856223_reviewed	0
853264_reviewed	856751_reviewed	0
851928_reviewed	855300_reviewed	1
855103_reviewed	856901_reviewed	0
855950_reviewed	856847_reviewed	1
851648_reviewed	856223_reviewed	0
856449_reviewed	851548_reviewed	1
851678_reviewed	856731_reviewed	0
855927_reviewed	852593_reviewed	1
851209_reviewed	854408_reviewed	1
852512_reviewed	855888_reviewed	0
853585_reviewed	855836_reviewed	1
850720_reviewed	850419_reviewed	1
850649_reviewed	851548_reviewed	0
853298_reviewed	856042_reviewed	1
853275_reviewed	855897_reviewed	0
851249_reviewed	850654_reviewed	1
852546_reviewed	856351_reviewed	0
850869_reviewed	851513_reviewed	0
853376_reviewed	856603_reviewed	0
854083_reviewed	855107_reviewed	0
854881_reviewed	856012_reviewed	0
851479_reviewed	852542_reviewed	1
850325_reviewed	850325_reviewed	1
856859_reviewed	851824_reviewed	1
850580_reviewed	855836_reviewed	0
852814_reviewed	851756_reviewed	1
851636_reviewed	852202_reviewed	0
853728_reviewed	854138_reviewed	0
850580_reviewed	853922_reviewed	0
851313_reviewed	856255_reviewed	0
856674_reviewed	850554_reviewed	1
852838_reviewed	853397_reviewed	0
855774_reviewed	856476_reviewed	1
852697_reviewed	856680_reviewed	1
853192_reviewed	854680_reviewed	1
850677_reviewed	855806_reviewed	1
856267_reviewed	852319_reviewed	1
855620_reviewed	855640_reviewed	1
853048_reviewed	855957_reviewed	0
850758_reviewed	851820_reviewed	0
852773_reviewed	852606_reviewed	1
851539_reviewed	852896_reviewed	0
851787_reviewed	854016_reviewed	1
853298_reviewed	853939_reviewed	1
853555_reviewed	854525_reviewed	0
852385_reviewed	854019_reviewed	0
850695_reviewed	851399_reviewed	0
855535_reviewed	851813_reviewed	1
851723_reviewed	854966_reviewed	0
851247_reviewed	856130_reviewed	0
851754_reviewed	851939_reviewed	0
856711_reviewed	856870_reviewed	0
855466_reviewed	854796_reviewed	1
851624_reviewed	854543_reviewed	0
850607_reviewed	853064_reviewed	0
852235_reviewed	850694_reviewed	1
855562_reviewed	856454_reviewed	0
851991_reviewed	852692_reviewed	0
853912_reviewed	854170_reviewed	0
851921_reviewed	855231_reviewed	0
856680_reviewed	856743_reviewed	0
852512_reviewed	855515_reviewed	0
854976_reviewed	856485_reviewed	0
853737_reviewed	855891_reviewed	1
851204_reviewed	854200_reviewed	1
855386_reviewed	856249_reviewed	0
855466_reviewed	856866_reviewed	0
850298_reviewed	851924_reviewed	1
854349_reviewed	854555_reviewed	1
853062_reviewed	855890_reviewed	0
852697_reviewed	852549_reviewed	1
854431_reviewed	851193_reviewed	1
853868_reviewed	854567_reviewed	0
850536_reviewed	854081_reviewed	0
854948_reviewed	855836_reviewed	0
853982_reviewed	852170_reviewed	1
851195_reviewed	851730_reviewed	1
856422_reviewed	851461_reviewed	1
851394_reviewed	855258_reviewed	1
851996_reviewed	856530_reviewed	0
853846_reviewed	855203_reviewed	0
850620_reviewed	853202_reviewed	0
851394_reviewed	850761_reviewed	1
854737_reviewed	856558_reviewed	1
850719_reviewed	856453_reviewed	0
852560_reviewed	852755_reviewed	0
853064_reviewed	856695_reviewed	0
850601_reviewed	851399_reviewed	0
856891_reviewed	851756_reviewed	1
852755_reviewed	853161_reviewed	1
850683_reviewed	850939_reviewed	0
851212_reviewed	851513_reviewed	0
852434_reviewed	852434_reviewed	1
856449_reviewed	856449_reviewed	1
852860_reviewed	855067_reviewed	0
854093_reviewed	854939_reviewed	0
850521_reviewed	853109_reviewed	0
855568_reviewed	855568_reviewed	1
856743_reviewed	852996_reviewed	1
851201_reviewed	851500_reviewed	0
852033_reviewed	853475_reviewed	0
855957_reviewed	855957_reviewed	1
850695_reviewed	851874_reviewed	0
852194_reviewed	856076_reviewed	0
853109_reviewed	855543_reviewed	0
852697_reviewed	856862_reviewed	0
851858_reviewed	852466_reviewed	0
855305_reviewed	855920_reviewed	1
851259_reviewed	853109_reviewed	0
852457_reviewed	854449_reviewed	1
856021_reviewed	856021_reviewed	1
853254_reviewed	854646_reviewed	0
854345_reviewed	855204_reviewed	0
851544_reviewed	855324_reviewed	0
850654_reviewed	851462_reviewed	0
856404_reviewed	851521_reviewed	1
851416_reviewed	854203_reviewed	0
850422_reviewed	856863_reviewed	0
852995_reviewed	853682_reviewed	1
851136_reviewed	854933_reviewed	1
852865_reviewed	852371_reviewed	1
853043_reviewed	855725_reviewed	1
851259_reviewed	855613_reviewed	0
851259_reviewed	851379_reviewed	1
856498_reviewed	851513_reviewed	1
850385_reviewed	853396_reviewed	0
850445_reviewed	856674_reviewed	0
854791_reviewed	853301_reviewed	1
850654_reviewed	852019_reviewed	0
851259_reviewed	851052_reviewed	1
856575_reviewed	850682_reviewed	1
852549_reviewed	853062_reviewed	0
854245_reviewed	856063_reviewed	0
853029_reviewed	853956_reviewed	0
852101_reviewed	853688_reviewed	1
850401_reviewed	853744_reviewed	0
853555_reviewed	854059_reviewed	0
852948_reviewed	853854_reviewed	1
852516_reviewed	853167_reviewed	0
851559_reviewed	854322_reviewed	0
854381_reviewed	855946_reviewed	0
850712_reviewed	854449_reviewed	1
854518_reviewed	856267_reviewed	0
850551_reviewed	853029_reviewed	0
853796_reviewed	854691_reviewed	1
851212_reviewed	853574_reviewed	0
855828_reviewed	851745_reviewed	1
851113_reviewed	851557_reviewed	0
851703_reviewed	853075_reviewed	0
856604_reviewed	856674_reviewed	0
851195_reviewed	851557_reviewed	0
851424_reviewed	850768_reviewed	1
850807_reviewed	853806_reviewed	0
853671_reviewed	856260_reviewed	0
854827_reviewed	851991_reviewed	1
853445_reviewed	856449_reviewed	0
852439_reviewed	853369_reviewed	0
853355_reviewed	853752_reviewed	1
851266_reviewed	851471_reviewed	0
852025_reviewed	855264_reviewed	0
852044_reviewed	850777_reviewed	1
851110_reviewed	851879_reviewed	1
854970_reviewed	855676_reviewed	0
852452_reviewed	853099_reviewed	1
852624_reviewed	853752_reviewed	0
853192_reviewed	855116_reviewed	1
852918_reviewed	852996_reviewed	0
852787_reviewed	856751_reviewed	0
854273_reviewed	853177_reviewed	1
852424_reviewed	856659_reviewed	1
851576_reviewed	855319_reviewed	0
852014_reviewed	852943_reviewed	0
852714_reviewed	853106_reviewed	0
855514_reviewed	853133_reviewed	1
850554_reviewed	854328_reviewed	1
851969_reviewed	851548_reviewed	1
853857_reviewed	853857_reviewed	1
850768_reviewed	855171_reviewed	0
855473_reviewed	854518_reviewed	1
856351_reviewed	851548_reviewed	1
850343_reviewed	851778_reviewed	0
856508_reviewed	856663_reviewed	0
850442_reviewed	853327_reviewed	0
852371_reviewed	856862_reviewed	0
850647_reviewed	855787_reviewed	1
850720_reviewed	850977_reviewed	0
850904_reviewed	856057_reviewed	0
855622_reviewed	855673_reviewed	0
851533_reviewed	855979_reviewed	1
852897_reviewed	853884_reviewed	0
853743_reviewed	851377_reviewed	1
852695_reviewed	854525_reviewed	1
853071_reviewed	853922_reviewed	0
850608_reviewed	850608_reviewed	1
854740_reviewed	854897_reviewed	0
850647_reviewed	853875_reviewed	1
854327_reviewed	855539_reviewed	0
850647_reviewed	854184_reviewed	1
851645_reviewed	856674_reviewed	0
851318_reviewed	856518_reviewed	0
852885_reviewed	855616_reviewed	1
851549_reviewed	853023_reviewed	0
852697_reviewed	852897_reviewed	1
851170_reviewed	852694_reviewed	0
855653_reviewed	856615_reviewed	0
856758_reviewed	854673_reviewed	1
852233_reviewed	854138_reviewed	0
852416_reviewed	856751_reviewed	1
852971_reviewed	853783_reviewed	0
851407_reviewed	856119_reviewed	0
856320_reviewed	853161_reviewed	1
855964_reviewed	851220_reviewed	1
852361_reviewed	855023_reviewed	0
850806_reviewed	853854_reviewed	0
852242_reviewed	855772_reviewed	0
854915_reviewed	856736_reviewed	0
850734_reviewed	855013_reviewed	0
850647_reviewed	856605_reviewed	1
851530_reviewed	851924_reviewed	0
853856_reviewed	854713_reviewed	0
852675_reviewed	854935_reviewed	0
851412_reviewed	854379_reviewed	0
851921_reviewed	852419_reviewed	1
851548_reviewed	856012_reviewed	0
851000_reviewed	854747_reviewed	1
852762_reviewed	853422_reviewed	1
855751_reviewed	855754_reviewed	0
855147_reviewed	855036_reviewed	1
852536_reviewed	854748_reviewed	1
852731_reviewed	853552_reviewed	0
852839_reviewed	850744_reviewed	1
852060_reviewed	852439_reviewed	0
851723_reviewed	856536_reviewed	0
852235_reviewed	855675_reviewed	1
851752_reviewed	850329_reviewed	1
851259_reviewed	850963_reviewed	1
852235_reviewed	854231_reviewed	1
852497_reviewed	855203_reviewed	0
852042_reviewed	855613_reviewed	0
854765_reviewed	856076_reviewed	0
852037_reviewed	856223_reviewed	1
851404_reviewed	852996_reviewed	0
854310_reviewed	853159_reviewed	1
852951_reviewed	854149_reviewed	0
850962_reviewed	854766_reviewed	1
853748_reviewed	854527_reviewed	0
851897_reviewed	854063_reviewed	0
856422_reviewed	850554_reviewed	1
856862_reviewed	855149_reviewed	1
851326_reviewed	854675_reviewed	0
851467_reviewed	852042_reviewed	0
851394_reviewed	851086_reviewed	1
853649_reviewed	854331_reviewed	0
852059_reviewed	853877_reviewed	0
855639_reviewed	850963_reviewed	1
851933_reviewed	854119_reviewed	0
852234_reviewed	856484_reviewed	0
850760_reviewed	856065_reviewed	1
852814_reviewed	856891_reviewed	0
851061_reviewed	853016_reviewed	1
855828_reviewed	852766_reviewed	1
856723_reviewed	855335_reviewed	1
851000_reviewed	856223_reviewed	0
852866_reviewed	856419_reviewed	0
855737_reviewed	856290_reviewed	0
852458_reviewed	852324_reviewed	1
854245_reviewed	850298_reviewed	1
850719_reviewed	854527_reviewed	1
854149_reviewed	855242_reviewed	0
852556_reviewed	854282_reviewed	1
850923_reviewed	855238_reviewed	0
852778_reviewed	853385_reviewed	0
853010_reviewed	855828_reviewed	0
851594_reviewed	851457_reviewed	1
851833_reviewed	852083_reviewed	1
855489_reviewed	856807_reviewed	0
853035_reviewed	853587_reviewed	0
852248_reviewed	852905_reviewed	1
855602_reviewed	855705_reviewed	0
850435_reviewed	852995_reviewed	1
852996_reviewed	855757_reviewed	0
851721_reviewed	852665_reviewed	1
853997_reviewed	855143_reviewed	0
855828_reviewed	855843_reviewed	0
855897_reviewed	856870_reviewed	0
856674_reviewed	855981_reviewed	1
851259_reviewed	851494_reviewed	0
856731_reviewed	853036_reviewed	1
852228_reviewed	853824_reviewed	0
854488_reviewed	855324_reviewed	0
855224_reviewed	852327_reviewed	1
851061_reviewed	854265_reviewed	1
855771_reviewed	852536_reviewed	1
852697_reviewed	854379_reviewed	0
850585_reviewed	852881_reviewed	1
854106_reviewed	855470_reviewed	0
851975_reviewed	856848_reviewed	0
856429_reviewed	854487_reviewed	1
854977_reviewed	853434_reviewed	1
850647_reviewed	850505_reviewed	1
852697_reviewed	851860_reviewed	1
851562_reviewed	853364_reviewed	1
851576_reviewed	852542_reviewed	0
850445_reviewed	850445_reviewed	1
850612_reviewed	856320_reviewed	0
851964_reviewed	854678_reviewed	0
851394_reviewed	853674_reviewed	1
851928_reviewed	856870_reviewed	0
853016_reviewed	851048_reviewed	1
851470_reviewed	853499_reviewed	0
856692_reviewed	856692_reviewed	1
856098_reviewed	850620_reviewed	1
852916_reviewed	854257_reviewed	0
851988_reviewed	852779_reviewed	1
854487_reviewed	856553_reviewed	1
855613_reviewed	856063_reviewed	1
856381_reviewed	856888_reviewed	0
853029_reviewed	856063_reviewed	0
853121_reviewed	854303_reviewed	0
854265_reviewed	853649_reviewed	1
855466_reviewed	855772_reviewed	1
851259_reviewed	852749_reviewed	0
855068_reviewed	850652_reviewed	1
851259_reviewed	852678_reviewed	0
850647_reviewed	855421_reviewed	1
856065_reviewed	852984_reviewed	1
851408_reviewed	851140_reviewed	1
854042_reviewed	851701_reviewed	1
851152_reviewed	852852_reviewed	0
852582_reviewed	854791_reviewed	1
851968_reviewed	854656_reviewed	0
856835_reviewed	854066_reviewed	1
852311_reviewed	852897_reviewed	0
851028_reviewed	854806_reviewed	1
854515_reviewed	856911_reviewed	0
853167_reviewed	852059_reviewed	1
855860_reviewed	853041_reviewed	1
856870_reviewed	854652_reviewed	1
851676_reviewed	856095_reviewed	0
853298_reviewed	855751_reviewed	1
855888_reviewed	856918_reviewed	0
855789_reviewed	856352_reviewed	1
856422_reviewed	851557_reviewed	1
854882_reviewed	855616_reviewed	0
850370_reviewed	850401_reviewed	0
856856_reviewed	853800_reviewed	1
854827_reviewed	852794_reviewed	1
851928_reviewed	854372_reviewed	0
852497_reviewed	851756_reviewed	1
855303_reviewed	855303_reviewed	1
850920_reviewed	851531_reviewed	0
855512_reviewed	856143_reviewed	1
854790_reviewed	855348_reviewed	0
851319_reviewed	855358_reviewed	1
851676_reviewed	856862_reviewed	0
851036_reviewed	856494_reviewed	0
852984_reviewed	853336_reviewed	1
855567_reviewed	850620_reviewed	1
851500_reviewed	851500_reviewed	1
853871_reviewed	853060_reviewed	1
855005_reviewed	855356_reviewed	1
852549_reviewed	851407_reviewed	1
854351_reviewed	856360_reviewed	0
853834_reviewed	855897_reviewed	0
852896_reviewed	854243_reviewed	0
851259_reviewed	850649_reviewed	1
853922_reviewed	854168_reviewed	0
852462_reviewed	851018_reviewed	1
851271_reviewed	855093_reviewed	1
854647_reviewed	851029_reviewed	1
853381_reviewed	853806_reviewed	0
852096_reviewed	852377_reviewed	0
850983_reviewed	856052_reviewed	0
856895_reviewed	854673_reviewed	1
850647_reviewed	850614_reviewed	1
850594_reviewed	851798_reviewed	0
855836_reviewed	852403_reviewed	1
850647_reviewed	854790_reviewed	1
852703_reviewed	851048_reviewed	1
853546_reviewed	856158_reviewed	1
855737_reviewed	854283_reviewed	1
851752_reviewed	854138_reviewed	0
856305_reviewed	854019_reviewed	1
855888_reviewed	851005_reviewed	1
855158_reviewed	854381_reviewed	1
850409_reviewed	852084_reviewed	0
851771_reviewed	854675_reviewed	0
854734_reviewed	856208_reviewed	0
854791_reviewed	854322_reviewed	1
854106_reviewed	855485_reviewed	1
854149_reviewed	856478_reviewed	0
851222_reviewed	856297_reviewed	0
850623_reviewed	855499_reviewed	0
854434_reviewed	853896_reviewed	1
851678_reviewed	855957_reviewed	1
851583_reviewed	852818_reviewed	0
856854_reviewed	854360_reviewed	1
853743_reviewed	853738_reviewed	1
851005_reviewed	854791_reviewed	0
850549_reviewed	853048_reviewed	0
856294_reviewed	851086_reviewed	1
856237_reviewed	854937_reviewed	1
851504_reviewed	854543_reviewed	0
853752_reviewed	853814_reviewed	0
855512_reviewed	855889_reviewed	1
856229_reviewed	856748_reviewed	0
854781_reviewed	856478_reviewed	0
850904_reviewed	856837_reviewed	0
855892_reviewed	853771_reviewed	1
854078_reviewed	855890_reviewed	1
854017_reviewed	856117_reviewed	0
852673_reviewed	853373_reviewed	1
851678_reviewed	855362_reviewed	0
853072_reviewed	856148_reviewed	0
851482_reviewed	852989_reviewed	1
851335_reviewed	854391_reviewed	1
850657_reviewed	855077_reviewed	0
851113_reviewed	853651_reviewed	0
853031_reviewed	855047_reviewed	1
851447_reviewed	853050_reviewed	0
850837_reviewed	855500_reviewed	1
852697_reviewed	852900_reviewed	1
852404_reviewed	856513_reviewed	1
850744_reviewed	851450_reviewed	0
856012_reviewed	850695_reviewed	1
850714_reviewed	852697_reviewed	0
853160_reviewed	856463_reviewed	0
852824_reviewed	855492_reviewed	0
851064_reviewed	852109_reviewed	0
851627_reviewed	851627_reviewed	1
856709_reviewed	856360_reviewed	1
850647_reviewed	852506_reviewed	1
852053_reviewed	852646_reviewed	0
852880_reviewed	851408_reviewed	1
851561_reviewed	851577_reviewed	1
853985_reviewed	852492_reviewed	1
853034_reviewed	854852_reviewed	0
850440_reviewed	854286_reviewed	0
856403_reviewed	853287_reviewed	1
850708_reviewed	854882_reviewed	1
851042_reviewed	856241_reviewed	0
851379_reviewed	852673_reviewed	0
852245_reviewed	855621_reviewed	1
850620_reviewed	852896_reviewed	0
850686_reviewed	855705_reviewed	0
856604_reviewed	852319_reviewed	1
851259_reviewed	853781_reviewed	0
855746_reviewed	856870_reviewed	0
852245_reviewed	852392_reviewed	0
850551_reviewed	854162_reviewed	0
850589_reviewed	850775_reviewed	1
850334_reviewed	852431_reviewed	0
853029_reviewed	853097_reviewed	1
856603_reviewed	856863_reviewed	0
851399_reviewed	851024_reviewed	1
852184_reviewed	852592_reviewed	0
851928_reviewed	850921_reviewed	1
851771_reviewed	852757_reviewed	0
851568_reviewed	854328_reviewed	0
852416_reviewed	855925_reviewed	1
854242_reviewed	851770_reviewed	1
851394_reviewed	856453_reviewed	1
851457_reviewed	853568_reviewed	1
851394_reviewed	850387_reviewed	1
851394_reviewed	855461_reviewed	1
854966_reviewed	855621_reviewed	0
853334_reviewed	855600_reviewed	0
851643_reviewed	854200_reviewed	0
852497_reviewed	853904_reviewed	0
854179_reviewed	851217_reviewed	1
854673_reviewed	855716_reviewed	0
852489_reviewed	854243_reviewed	0
853774_reviewed	856589_reviewed	0
855836_reviewed	851425_reviewed	1
856603_reviewed	855884_reviewed	1
856463_reviewed	850982_reviewed	1
851827_reviewed	852416_reviewed	1
851000_reviewed	851542_reviewed	0
853565_reviewed	854182_reviewed	0
851394_reviewed	852382_reviewed	1
854165_reviewed	854165_reviewed	1
852809_reviewed	854791_reviewed	0
851095_reviewed	851314_reviewed	0
852636_reviewed	853135_reviewed	0
853114_reviewed	856731_reviewed	0
852767_reviewed	850982_reviewed	1
851936_reviewed	855930_reviewed	0
852472_reviewed	852860_reviewed	0
850684_reviewed	852518_reviewed	1
852931_reviewed	853442_reviewed	0
854966_reviewed	855515_reviewed	0
852757_reviewed	852765_reviewed	0
851071_reviewed	852025_reviewed	0
853824_reviewed	855155_reviewed	0
851140_reviewed	854669_reviewed	0
856449_reviewed	850652_reviewed	1
852697_reviewed	856320_reviewed	0
856898_reviewed	852014_reviewed	1
853774_reviewed	855466_reviewed	0
854162_reviewed	856489_reviewed	0
851394_reviewed	850517_reviewed	1
853149_reviewed	854876_reviewed	0
856382_reviewed	856382_reviewed	1
854253_reviewed	855355_reviewed	0
852697_reviewed	852724_reviewed	1
854776_reviewed	854543_reviewed	1
851788_reviewed	854423_reviewed	0
856732_reviewed	853030_reviewed	1
856519_reviewed	856920_reviewed	0
851259_reviewed	851636_reviewed	1
853503_reviewed	855824_reviewed	0
851671_reviewed	856572_reviewed	0
853275_reviewed	855844_reviewed	1
853191_reviewed	853192_reviewed	0
850298_reviewed	853860_reviewed	0
851190_reviewed	851680_reviewed	1
856514_reviewed	855630_reviewed	1
855676_reviewed	853017_reviewed	1
854749_reviewed	852896_reviewed	1
852001_reviewed	855710_reviewed	0
856854_reviewed	850621_reviewed	1
852060_reviewed	853956_reviewed	0
852778_reviewed	853808_reviewed	1
851960_reviewed	851335_reviewed	1
852249_reviewed	854889_reviewed	1
852322_reviewed	856891_reviewed	0
850900_reviewed	852688_reviewed	0
856351_reviewed	850893_reviewed	1
853682_reviewed	854381_reviewed	1
854327_reviewed	855017_reviewed	0
853513_reviewed	854555_reviewed	1
855083_reviewed	852838_reviewed	1
856537_reviewed	851857_reviewed	1
853957_reviewed	854977_reviewed	0
853743_reviewed	853845_reviewed	1
850840_reviewed	850840_reviewed	1
850695_reviewed	856352_reviewed	1
852060_reviewed	856553_reviewed	1
856674_reviewed	852037_reviewed	1
853504_reviewed	856130_reviewed	1
850647_reviewed	851517_reviewed	1
851379_reviewed	855166_reviewed	0
852180_reviewed	850589_reviewed	1
853876_reviewed	855271_reviewed	0
855316_reviewed	851339_reviewed	1
856062_reviewed	851112_reviewed	1
854765_reviewed	850620_reviewed	1
853535_reviewed	852451_reviewed	1
853743_reviewed	856352_reviewed	1
853811_reviewed	853811_reviewed	1
850620_reviewed	850682_reviewed	0
856154_reviewed	850889_reviewed	1
852765_reviewed	853355_reviewed	1
852358_reviewed	852088_reviewed	1
856360_reviewed	856674_reviewed	1
851394_reviewed	853646_reviewed	1
851196_reviewed	851874_reviewed	0
852037_reviewed	856742_reviewed	1
856236_reviewed	850768_reviewed	1
856490_reviewed	856696_reviewed	1
851125_reviewed	856719_reviewed	0
853910_reviewed	856155_reviewed	0
850620_reviewed	855428_reviewed	0
850647_reviewed	855567_reviewed	1
852326_reviewed	856507_reviewed	0
850370_reviewed	850440_reviewed	1
850861_reviewed	853886_reviewed	0
850900_reviewed	856898_reviewed	0
851955_reviewed	856506_reviewed	1
853877_reviewed	855522_reviewed	0
854795_reviewed	855950_reviewed	0
851467_reviewed	856799_reviewed	0
851624_reviewed	850539_reviewed	1
853148_reviewed	854161_reviewed	1
851762_reviewed	852673_reviewed	0
850422_reviewed	851924_reviewed	1
851592_reviewed	852516_reviewed	0
854418_reviewed	850504_reviewed	1
853956_reviewed	851170_reviewed	1
851746_reviewed	855836_reviewed	1
854835_reviewed	853675_reviewed	1
853667_reviewed	852222_reviewed	1
850598_reviewed	850419_reviewed	1
851259_reviewed	855466_reviewed	0
852184_reviewed	854106_reviewed	1
851827_reviewed	854663_reviewed	0
852258_reviewed	854019_reviewed	1
851670_reviewed	856298_reviewed	1
850580_reviewed	854206_reviewed	1
855950_reviewed	856455_reviewed	0
851661_reviewed	853555_reviewed	0
855621_reviewed	854656_reviewed	1
855208_reviewed	856751_reviewed	0
855706_reviewed	856425_reviewed	1
851411_reviewed	855440_reviewed	0
854740_reviewed	856078_reviewed	0
854997_reviewed	856311_reviewed	1
851394_reviewed	855250_reviewed	1
852780_reviewed	852109_reviewed	1
850695_reviewed	856231_reviewed	0
851531_reviewed	852673_reviewed	0
852861_reviewed	855840_reviewed	0
852676_reviewed	852676_reviewed	1
856723_reviewed	856604_reviewed	1
852540_reviewed	854790_reviewed	0
850756_reviewed	852235_reviewed	0
852697_reviewed	855427_reviewed	0
855221_reviewed	856726_reviewed	1
851782_reviewed	852322_reviewed	0
852025_reviewed	852451_reviewed	0
856603_reviewed	855591_reviewed	1
854791_reviewed	852888_reviewed	1
853846_reviewed	851554_reviewed	1
852880_reviewed	853456_reviewed	0
852732_reviewed	852926_reviewed	0
855118_reviewed	853458_reviewed	1
855060_reviewed	856484_reviewed	1
856507_reviewed	856507_reviewed	1
850806_reviewed	855888_reviewed	0
851394_reviewed	856908_reviewed	1
852421_reviewed	853334_reviewed	0
850654_reviewed	852109_reviewed	0
852610_reviewed	852018_reviewed	1
850388_reviewed	854769_reviewed	0
850440_reviewed	852042_reviewed	0
856351_reviewed	852767_reviewed	1
851706_reviewed	856362_reviewed	1
851768_reviewed	855836_reviewed	1
851394_reviewed	855620_reviewed	1
851394_reviewed	856815_reviewed	1
850898_reviewed	854930_reviewed	1
854168_reviewed	855224_reviewed	1
851394_reviewed	851752_reviewed	1
851559_reviewed	855950_reviewed	0
850684_reviewed	854072_reviewed	0
851716_reviewed	854388_reviewed	0
851342_reviewed	851482_reviewed	0
852439_reviewed	850551_reviewed	1
851407_reviewed	853419_reviewed	0
850627_reviewed	852202_reviewed	0
856267_reviewed	855977_reviewed	1
851831_reviewed	851481_reviewed	1
850549_reviewed	855790_reviewed	0
853796_reviewed	855934_reviewed	1
853670_reviewed	854328_reviewed	0
851785_reviewed	852953_reviewed	0
856519_reviewed	852080_reviewed	1
852918_reviewed	856459_reviewed	1
854284_reviewed	856358_reviewed	0
855524_reviewed	852189_reviewed	1
851890_reviewed	854680_reviewed	0
852888_reviewed	852582_reviewed	1
853589_reviewed	854278_reviewed	1
853144_reviewed	854322_reviewed	0
854543_reviewed	854543_reviewed	1
850562_reviewed	856607_reviewed	1
851032_reviewed	855950_reviewed	0
854278_reviewed	854278_reviewed	1
851660_reviewed	853860_reviewed	0
853406_reviewed	853438_reviewed	0
853671_reviewed	854781_reviewed	1
851394_reviewed	855137_reviewed	1
851394_reviewed	852589_reviewed	1
852500_reviewed	851431_reviewed	1
850396_reviewed	850396_reviewed	1
856290_reviewed	850923_reviewed	1
850422_reviewed	855790_reviewed	1
853712_reviewed	852575_reviewed	1
855204_reviewed	851928_reviewed	1
852553_reviewed	853565_reviewed	1
855929_reviewed	855929_reviewed	1
853806_reviewed	851255_reviewed	1
852640_reviewed	855648_reviewed	1
850968_reviewed	852184_reviewed	0
851259_reviewed	852982_reviewed	1
854247_reviewed	854805_reviewed	0
852820_reviewed	855143_reviewed	0
855390_reviewed	856659_reviewed	0
852649_reviewed	856367_reviewed	0
855144_reviewed	854085_reviewed	1
850818_reviewed	852194_reviewed	1
855048_reviewed	850358_reviewed	1
852096_reviewed	852963_reviewed	0
851369_reviewed	855613_reviewed	0
855405_reviewed	855613_reviewed	0
853713_reviewed	853871_reviewed	0
851819_reviewed	851259_reviewed	1
852499_reviewed	853783_reviewed	0
856731_reviewed	854435_reviewed	1
851219_reviewed	856505_reviewed	0
850358_reviewed	854201_reviewed	0
851776_reviewed	855083_reviewed	1
856159_reviewed	851197_reviewed	1
852258_reviewed	853133_reviewed	0
850916_reviewed	856191_reviewed	0
854544_reviewed	853456_reviewed	1
852780_reviewed	856716_reviewed	0
851399_reviewed	854284_reviewed	0
852861_reviewed	856659_reviewed	0
855143_reviewed	855408_reviewed	1
851337_reviewed	855143_reviewed	0
853230_reviewed	856819_reviewed	0
851471_reviewed	853318_reviewed	0
852582_reviewed	855841_reviewed	0
853712_reviewed	855500_reviewed	0
850702_reviewed	853851_reviewed	1
854076_reviewed	854688_reviewed	0
853670_reviewed	850620_reviewed	1
852726_reviewed	856183_reviewed	1
852553_reviewed	852975_reviewed	1
850888_reviewed	850888_reviewed	1
851407_reviewed	855591_reviewed	1
853010_reviewed	853909_reviewed	1
855405_reviewed	853869_reviewed	1
850695_reviewed	855783_reviewed	0
853644_reviewed	851153_reviewed	1
851394_reviewed	856059_reviewed	1
851161_reviewed	852109_reviewed	1
855836_reviewed	853477_reviewed	1
855758_reviewed	854162_reviewed	1
851447_reviewed	856846_reviewed	0
855237_reviewed	855237_reviewed	1
855306_reviewed	855036_reviewed	1
851645_reviewed	855757_reviewed	1
850793_reviewed	850297_reviewed	1
852724_reviewed	852968_reviewed	1
850647_reviewed	855366_reviewed	1
851255_reviewed	853390_reviewed	0
852352_reviewed	852908_reviewed	1
856723_reviewed	855730_reviewed	1
852007_reviewed	853458_reviewed	1
855448_reviewed	850980_reviewed	1
851394_reviewed	856412_reviewed	1
850521_reviewed	854379_reviewed	0
850741_reviewed	855281_reviewed	0
852996_reviewed	856201_reviewed	1
856449_reviewed	850435_reviewed	1
853071_reviewed	854379_reviewed	1
854019_reviewed	855017_reviewed	0
852881_reviewed	854673_reviewed	0
854732_reviewed	855498_reviewed	0
852037_reviewed	852372_reviewed	1
853733_reviewed	850683_reviewed	1
852592_reviewed	855276_reviewed	0
851259_reviewed	856870_reviewed	0
852740_reviewed	855884_reviewed	0
851988_reviewed	852787_reviewed	0
854453_reviewed	851905_reviewed	1
853427_reviewed	855621_reviewed	0
854827_reviewed	853576_reviewed	1
850963_reviewed	854740_reviewed	0
850585_reviewed	852794_reviewed	1
852624_reviewed	854230_reviewed	0
851788_reviewed	856926_reviewed	0
854882_reviewed	854328_reviewed	1
851394_reviewed	854068_reviewed	1
851924_reviewed	852439_reviewed	0
853922_reviewed	852610_reviewed	1
850551_reviewed	855228_reviewed	0
850598_reviewed	855758_reviewed	0
856463_reviewed	856603_reviewed	0
852973_reviewed	855592_reviewed	1
850303_reviewed	851040_reviewed	0
851371_reviewed	851962_reviewed	0
850709_reviewed	855512_reviewed	1
852025_reviewed	854747_reviewed	0
856751_reviewed	853227_reviewed	1
851143_reviewed	856922_reviewed	0
853327_reviewed	853271_reviewed	1
852697_reviewed	856362_reviewed	1
855758_reviewed	853109_reviewed	1
853227_reviewed	851531_reviewed	1
854211_reviewed	855543_reviewed	1
852982_reviewed	852865_reviewed	1
851797_reviewed	855639_reviewed	0
853016_reviewed	855159_reviewed	0
851965_reviewed	856830_reviewed	0
851372_reviewed	852462_reviewed	1
854933_reviewed	856674_reviewed	0
854691_reviewed	850636_reviewed	1
850682_reviewed	855423_reviewed	0
851212_reviewed	851928_reviewed	0
850647_reviewed	851309_reviewed	1
856680_reviewed	853373_reviewed	1
852638_reviewed	852723_reviewed	1
854428_reviewed	854428_reviewed	1
853056_reviewed	850930_reviewed	1
853912_reviewed	855355_reviewed	1
852881_reviewed	855952_reviewed	0
851209_reviewed	856563_reviewed	1
851394_reviewed	855389_reviewed	1
851636_reviewed	852039_reviewed	0
855964_reviewed	855626_reviewed	1
853728_reviewed	853728_reviewed	1
850713_reviewed	853884_reviewed	1
850580_reviewed	851409_reviewed	1
856267_reviewed	856449_reviewed	0
854406_reviewed	852119_reviewed	1
854831_reviewed	854990_reviewed	0
850440_reviewed	851494_reviewed	0
851753_reviewed	855144_reviewed	0
854307_reviewed	856924_reviewed	1
851100_reviewed	855543_reviewed	0
851048_reviewed	853499_reviewed	0
853065_reviewed	856575_reviewed	0
854827_reviewed	852145_reviewed	1
853851_reviewed	856604_reviewed	0
850435_reviewed	855335_reviewed	0
850539_reviewed	853462_reviewed	0
850523_reviewed	854017_reviewed	0
850598_reviewed	852451_reviewed	0
851394_reviewed	855998_reviewed	1
856126_reviewed	853956_reviewed	1
850826_reviewed	850879_reviewed	0
851061_reviewed	855104_reviewed	0
854018_reviewed	851494_reviewed	1
852982_reviewed	851924_reviewed	1
854881_reviewed	855789_reviewed	0
856455_reviewed	854345_reviewed	1
851776_reviewed	853871_reviewed	1
850647_reviewed	856560_reviewed	1
853029_reviewed	853419_reviewed	0
856738_reviewed	852059_reviewed	1
851632_reviewed	856449_reviewed	1
851061_reviewed	853852_reviewed	0
855496_reviewed	855496_reviewed	1
850346_reviewed	856234_reviewed	0
853504_reviewed	852501_reviewed	1
850441_reviewed	855653_reviewed	1
854275_reviewed	855930_reviewed	0
850720_reviewed	854912_reviewed	1
852697_reviewed	852455_reviewed	1
853556_reviewed	856918_reviewed	0
852004_reviewed	851509_reviewed	1
856607_reviewed	851408_reviewed	1
851817_reviewed	854598_reviewed	1
853475_reviewed	853848_reviewed	1
850768_reviewed	855943_reviewed	0
854745_reviewed	850686_reviewed	1
852676_reviewed	854904_reviewed	0
851762_reviewed	854388_reviewed	1
850647_reviewed	855914_reviewed	1
852373_reviewed	853167_reviewed	1
853191_reviewed	851754_reviewed	1
854855_reviewed	855005_reviewed	1
854245_reviewed	852982_reviewed	1
851495_reviewed	851787_reviewed	0
852650_reviewed	854026_reviewed	0
852697_reviewed	853252_reviewed	1
851479_reviewed	856604_reviewed	0
850878_reviewed	856024_reviewed	0
851539_reviewed	852846_reviewed	1
853650_reviewed	854940_reviewed	0
850686_reviewed	850686_reviewed	1
856484_reviewed	852547_reviewed	1
851394_reviewed	851410_reviewed	1
852931_reviewed	851843_reviewed	1
852492_reviewed	856297_reviewed	1
850612_reviewed	854229_reviewed	0
853956_reviewed	855649_reviewed	0
853554_reviewed	854437_reviewed	0
851264_reviewed	854997_reviewed	1
853811_reviewed	855788_reviewed	1
852995_reviewed	853029_reviewed	0
851813_reviewed	851000_reviewed	1
854937_reviewed	851988_reviewed	1
855205_reviewed	855356_reviewed	0
851562_reviewed	850534_reviewed	1
851503_reviewed	852258_reviewed	0
856076_reviewed	851887_reviewed	1
856557_reviewed	851688_reviewed	1
853895_reviewed	854981_reviewed	0
853728_reviewed	854243_reviewed	0
854539_reviewed	854068_reviewed	1
852697_reviewed	856351_reviewed	0
852322_reviewed	855515_reviewed	0
855730_reviewed	855957_reviewed	0
853364_reviewed	855648_reviewed	0
850695_reviewed	853774_reviewed	0
854191_reviewed	855426_reviewed	0
856901_reviewed	853017_reviewed	1
855788_reviewed	855428_reviewed	1
852018_reviewed	852779_reviewed	0
850435_reviewed	853956_reviewed	1
851394_reviewed	853469_reviewed	1
850647_reviewed	851861_reviewed	1
851394_reviewed	856169_reviewed	1
851394_reviewed	851721_reviewed	1
851255_reviewed	851255_reviewed	1
851431_reviewed	856366_reviewed	0
855891_reviewed	856801_reviewed	0
855844_reviewed	856349_reviewed	0
855104_reviewed	855253_reviewed	0
850647_reviewed	856820_reviewed	1
850654_reviewed	851223_reviewed	1
852404_reviewed	852031_reviewed	1
853114_reviewed	854882_reviewed	0
850454_reviewed	852080_reviewed	0
852871_reviewed	853060_reviewed	0
851928_reviewed	851709_reviewed	1
853712_reviewed	856742_reviewed	1
855752_reviewed	855886_reviewed	0
851948_reviewed	852636_reviewed	0
855263_reviewed	851745_reviewed	1
855561_reviewed	850822_reviewed	1
850647_reviewed	850603_reviewed	1
853681_reviewed	855055_reviewed	0
853397_reviewed	855203_reviewed	0
852403_reviewed	852825_reviewed	1
853956_reviewed	853682_reviewed	1
853353_reviewed	851994_reviewed	1
851782_reviewed	856016_reviewed	0
852462_reviewed	851207_reviewed	1
850637_reviewed	850753_reviewed	0
855512_reviewed	855836_reviewed	0
850521_reviewed	854382_reviewed	1
856264_reviewed	855335_reviewed	1
852326_reviewed	852715_reviewed	0
856746_reviewed	850998_reviewed	1
851200_reviewed	856846_reviewed	0
851399_reviewed	855952_reviewed	0
850919_reviewed	851520_reviewed	0
856862_reviewed	853212_reviewed	1
850930_reviewed	854170_reviewed	0
852665_reviewed	855515_reviewed	0
851412_reviewed	851768_reviewed	1
850647_reviewed	855049_reviewed	1
853076_reviewed	854282_reviewed	1
850643_reviewed	852697_reviewed	0
851225_reviewed	854722_reviewed	1
851061_reviewed	854258_reviewed	0
850720_reviewed	852765_reviewed	0
852372_reviewed	856035_reviewed	0
852688_reviewed	856689_reviewed	1
855356_reviewed	851988_reviewed	1
855118_reviewed	856119_reviewed	0
853071_reviewed	851195_reviewed	1
853244_reviewed	850585_reviewed	1
852897_reviewed	856191_reviewed	1
854740_reviewed	855727_reviewed	1
851897_reviewed	853877_reviewed	1
855143_reviewed	850320_reviewed	1
851259_reviewed	851169_reviewed	1
856613_reviewed	856613_reviewed	1
850647_reviewed	851335_reviewed	1
853361_reviewed	853461_reviewed	1
853743_reviewed	856464_reviewed	1
851201_reviewed	855888_reviewed	1
852724_reviewed	851831_reviewed	1
851991_reviewed	856183_reviewed	0
851394_reviewed	854874_reviewed	1
851000_reviewed	853353_reviewed	0
852982_reviewed	856488_reviewed	0
856723_reviewed	856012_reviewed	1
850601_reviewed	851259_reviewed	0
855336_reviewed	851153_reviewed	1
852014_reviewed	852553_reviewed	0
851224_reviewed	856837_reviewed	0
850826_reviewed	850879_reviewed	0
856422_reviewed	856422_reviewed	1
852258_reviewed	856667_reviewed	0
850695_reviewed	851369_reviewed	0
850872_reviewed	850320_reviewed	1
850705_reviewed	855066_reviewed	0
856228_reviewed	852982_reviewed	1
851373_reviewed	855803_reviewed	0
853202_reviewed	854674_reviewed	0
853683_reviewed	855897_reviewed	1
851324_reviewed	852949_reviewed	1
856012_reviewed	851660_reviewed	1
852248_reviewed	854669_reviewed	1
850445_reviewed	853857_reviewed	0
850549_reviewed	854116_reviewed	1
850647_reviewed	851371_reviewed	1
854875_reviewed	855974_reviewed	1
853121_reviewed	853503_reviewed	0
854851_reviewed	854851_reviewed	1
853133_reviewed	853877_reviewed	0
853136_reviewed	853345_reviewed	0
852931_reviewed	853922_reviewed	1
853373_reviewed	850793_reviewed	1
855771_reviewed	856409_reviewed	0
852001_reviewed	855821_reviewed	1
856731_reviewed	853168_reviewed	1
856267_reviewed	852007_reviewed	1
850695_reviewed	850435_reviewed	1
854544_reviewed	855907_reviewed	0
851335_reviewed	856722_reviewed	0
852766_reviewed	852059_reviewed	1
851162_reviewed	855897_reviewed	0
853071_reviewed	853674_reviewed	0
854541_reviewed	855350_reviewed	0
854556_reviewed	854740_reviewed	0
851048_reviewed	851320_reviewed	0
850968_reviewed	854063_reviewed	0
851143_reviewed	855952_reviewed	1
850649_reviewed	852007_reviewed	0
856607_reviewed	854263_reviewed	1
852275_reviewed	852410_reviewed	1
851394_reviewed	850702_reviewed	1
851059_reviewed	853062_reviewed	1
853186_reviewed	850419_reviewed	1
854284_reviewed	855900_reviewed	0
851327_reviewed	853871_reviewed	0
851453_reviewed	852996_reviewed	0
855204_reviewed	856309_reviewed	0
856486_reviewed	850440_reviewed	1
853922_reviewed	854739_reviewed	0
850712_reviewed	853398_reviewed	1
850808_reviewed	851962_reviewed	0
852425_reviewed	850941_reviewed	1
850872_reviewed	856267_reviewed	0
854345_reviewed	856696_reviewed	0
855836_reviewed	850348_reviewed	1
856002_reviewed	856731_reviewed	0
850585_reviewed	855979_reviewed	1
856846_reviewed	851162_reviewed	1
852767_reviewed	854245_reviewed	0
852497_reviewed	854106_reviewed	0
854999_reviewed	854322_reviewed	1
854309_reviewed	850504_reviewed	1
851928_reviewed	850972_reviewed	1
850396_reviewed	855646_reviewed	0
853186_reviewed	851177_reviewed	1
854933_reviewed	855758_reviewed	0
851678_reviewed	855362_reviewed	0
851061_reviewed	852703_reviewed	1
852457_reviewed	852352_reviewed	1
851143_reviewed	852847_reviewed	0
852947_reviewed	856146_reviewed	1
853254_reviewed	856162_reviewed	1
856781_reviewed	856870_reviewed	1
850422_reviewed	850982_reviewed	0
850686_reviewed	855705_reviewed	0
854376_reviewed	855190_reviewed	0
852385_reviewed	854059_reviewed	1
852084_reviewed	852084_reviewed	1
853668_reviewed	854989_reviewed	0
853851_reviewed	856891_reviewed	0
850689_reviewed	855060_reviewed	0
851259_reviewed	853712_reviewed	0
850719_reviewed	852385_reviewed	1
856912_reviewed	852440_reviewed	1
854653_reviewed	855616_reviewed	0
852547_reviewed	856201_reviewed	0
853275_reviewed	856186_reviewed	0
856604_reviewed	855957_reviewed	1
853500_reviewed	854423_reviewed	0
853675_reviewed	854904_reviewed	0
851152_reviewed	855836_reviewed	0
850793_reviewed	856484_reviewed	0
854446_reviewed	856449_reviewed	1
854791_reviewed	855539_reviewed	0
850611_reviewed	851412_reviewed	0
852611_reviewed	851696_reviewed	1
852322_reviewed	852755_reviewed	1
851394_reviewed	855903_reviewed	1
852501_reviewed	856677_reviewed	0
851259_reviewed	855107_reviewed	1
851000_reviewed	854550_reviewed	0
852097_reviewed	855101_reviewed	0
855774_reviewed	850918_reviewed	1
852660_reviewed	853758_reviewed	0
853041_reviewed	851549_reviewed	1
851071_reviewed	855399_reviewed	0
850599_reviewed	852322_reviewed	0
851394_reviewed	851162_reviewed	1
851996_reviewed	856301_reviewed	1
856463_reviewed	856603_reviewed	0
851400_reviewed	852984_reviewed	1
851988_reviewed	855017_reviewed	0
850973_reviewed	853539_reviewed	0
853353_reviewed	856453_reviewed	0
856709_reviewed	855276_reviewed	1
852860_reviewed	855264_reviewed	0
850549_reviewed	855730_reviewed	1
851394_reviewed	854747_reviewed	1
853712_reviewed	854093_reviewed	0
852794_reviewed	855161_reviewed	0
850598_reviewed	851457_reviewed	0
855613_reviewed	856430_reviewed	0
854335_reviewed	856846_reviewed	0
851161_reviewed	856140_reviewed	0
852610_reviewed	856201_reviewed	1
856891_reviewed	852610_reviewed	1
855143_reviewed	853811_reviewed	1
854487_reviewed	850919_reviewed	1
850510_reviewed	852676_reviewed	0
853212_reviewed	853671_reviewed	0
851222_reviewed	852492_reviewed	0
856815_reviewed	855591_reviewed	1
851740_reviewed	855630_reviewed	1
851394_reviewed	855217_reviewed	1
851222_reviewed	852377_reviewed	0
851279_reviewed	851469_reviewed	0
851759_reviewed	855836_reviewed	0
852556_reviewed	855258_reviewed	1
855789_reviewed	854229_reviewed	1
852762_reviewed	853630_reviewed	0
851394_reviewed	853102_reviewed	1
851488_reviewed	851115_reviewed	1
852785_reviewed	855489_reviewed	0
851756_reviewed	855132_reviewed	0
850787_reviewed	853327_reviewed	0
855532_reviewed	856763_reviewed	1
851061_reviewed	856870_reviewed	0
850349_reviewed	850810_reviewed	1
855044_reviewed	855836_reviewed	0
854265_reviewed	851441_reviewed	1
850623_reviewed	855253_reviewed	1
853167_reviewed	856572_reviewed	0
851394_reviewed	851803_reviewed	1
856317_reviewed	856320_reviewed	1
850419_reviewed	855049_reviewed	1
851394_reviewed	854235_reviewed	1
850893_reviewed	853682_reviewed	1
856303_reviewed	856303_reviewed	1
851394_reviewed	856068_reviewed	1
851369_reviewed	855143_reviewed	0
853133_reviewed	855758_reviewed	0
852971_reviewed	854915_reviewed	0
853272_reviewed	853186_reviewed	1
852211_reviewed	852896_reviewed	0
850795_reviewed	852497_reviewed	0
851568_reviewed	856830_reviewed	0
851061_reviewed	855613_reviewed	0
856422_reviewed	851140_reviewed	1
852607_reviewed	855841_reviewed	0
852977_reviewed	854495_reviewed	0
851441_reviewed	853808_reviewed	1
851442_reviewed	853301_reviewed	1
853826_reviewed	851013_reviewed	1
854327_reviewed	854497_reviewed	0
854317_reviewed	856320_reviewed	0
851259_reviewed	855669_reviewed	1
850956_reviewed	854675_reviewed	0
855158_reviewed	853458_reviewed	1
854841_reviewed	855426_reviewed	0
851469_reviewed	851034_reviewed	1
850884_reviewed	855447_reviewed	0
851394_reviewed	853199_reviewed	1
851485_reviewed	854993_reviewed	0
855386_reviewed	856069_reviewed	0
853585_reviewed	854601_reviewed	1
851394_reviewed	851775_reviewed	1
850782_reviewed	851706_reviewed	0
854034_reviewed	856604_reviewed	0
852834_reviewed	853587_reviewed	0
854918_reviewed	856659_reviewed	0
851320_reviewed	853796_reviewed	1
853509_reviewed	855952_reviewed	0
854827_reviewed	854102_reviewed	1
855665_reviewed	850741_reviewed	1
855466_reviewed	855276_reviewed	1
851834_reviewed	854284_reviewed	0
851772_reviewed	852492_reviewed	0
856281_reviewed	855725_reviewed	1
853922_reviewed	855044_reviewed	0
851636_reviewed	855104_reviewed	1
852673_reviewed	853164_reviewed	0
856065_reviewed	856674_reviewed	0
855426_reviewed	856129_reviewed	0
850539_reviewed	853283_reviewed	1
854307_reviewed	852410_reviewed	1
851928_reviewed	855819_reviewed	1
852457_reviewed	853712_reviewed	1
852382_reviewed	853056_reviewed	0
850401_reviewed	855952_reviewed	0
851394_reviewed	852261_reviewed	1
852549_reviewed	856466_reviewed	0
851394_reviewed	852980_reviewed	1
851337_reviewed	852468_reviewed	1
854918_reviewed	855922_reviewed	1
851041_reviewed	851041_reviewed	1
856746_reviewed	850912_reviewed	1
853990_reviewed	856537_reviewed	0
852470_reviewed	855613_reviewed	0
851549_reviewed	856852_reviewed	1
852931_reviewed	856723_reviewed	0
852468_reviewed	854149_reviewed	1
851530_reviewed	854487_reviewed	0
850445_reviewed	855132_reviewed	0
851394_reviewed	852039_reviewed	1
850872_reviewed	854881_reviewed	0
852916_reviewed	852916_reviewed	1
855946_reviewed	856489_reviewed	0
853871_reviewed	856222_reviewed	1
851482_reviewed	855977_reviewed	1
851874_reviewed	854554_reviewed	0
851394_reviewed	854541_reviewed	1
851339_reviewed	855043_reviewed	1
853041_reviewed	853551_reviewed	1
851878_reviewed	853876_reviewed	0
855950_reviewed	853186_reviewed	1
852001_reviewed	854933_reviewed	0
850554_reviewed	854980_reviewed	1
856848_reviewed	856848_reviewed	1
850647_reviewed	855238_reviewed	1
856360_reviewed	856916_reviewed	0
850716_reviewed	855356_reviewed	0
852329_reviewed	852977_reviewed	0
851394_reviewed	852113_reviewed	1
854527_reviewed	853500_reviewed	1
855758_reviewed	855489_reviewed	1
851394_reviewed	851729_reviewed	1
852184_reviewed	853041_reviewed	0
852688_reviewed	854583_reviewed	1
852470_reviewed	853631_reviewed	1
856746_reviewed	851196_reviewed	1
854083_reviewed	853709_reviewed	1
852084_reviewed	856891_reviewed	0
851542_reviewed	853390_reviewed	0
851576_reviewed	856485_reviewed	0
855386_reviewed	856846_reviewed	0
853504_reviewed	852258_reviewed	1
852980_reviewed	853668_reviewed	0
852050_reviewed	855571_reviewed	0
854480_reviewed	854068_reviewed	1
855471_reviewed	855471_reviewed	1
850647_reviewed	855025_reviewed	1
850298_reviewed	851548_reviewed	1
851676_reviewed	854179_reviewed	0
856478_reviewed	856716_reviewed	0
856229_reviewed	856748_reviewed	0
852019_reviewed	855180_reviewed	0
855253_reviewed	855888_reviewed	1
853445_reviewed	853064_reviewed	1
856223_reviewed	854284_reviewed	1
852536_reviewed	855630_reviewed	0
851789_reviewed	855442_reviewed	0
853681_reviewed	854937_reviewed	0
852697_reviewed	856529_reviewed	1
852403_reviewed	854979_reviewed	0
850647_reviewed	853153_reviewed	1
852931_reviewed	855448_reviewed	0
854662_reviewed	852145_reviewed	1
855674_reviewed	856425_reviewed	1
852986_reviewed	856145_reviewed	0
851908_reviewed	855101_reviewed	0
855873_reviewed	850445_reviewed	1
855965_reviewed	856089_reviewed	0
854937_reviewed	854937_reviewed	1
851320_reviewed	854977_reviewed	0
855012_reviewed	851482_reviewed	1
851782_reviewed	854123_reviewed	0
850647_reviewed	856481_reviewed	1
854227_reviewed	854286_reviewed	1
855466_reviewed	850346_reviewed	1
850647_reviewed	853775_reviewed	1
851064_reviewed	855180_reviewed	0
850768_reviewed	853071_reviewed	0
852697_reviewed	853481_reviewed	1
852607_reviewed	854776_reviewed	1
854739_reviewed	855222_reviewed	0
851708_reviewed	851708_reviewed	1
853349_reviewed	855930_reviewed	0
851389_reviewed	851389_reviewed	1
851636_reviewed	853589_reviewed	0
852995_reviewed	853293_reviewed	0
850691_reviewed	854663_reviewed	1
855843_reviewed	852512_reviewed	1
852457_reviewed	856754_reviewed	1
851399_reviewed	855509_reviewed	1
852697_reviewed	850551_reviewed	1
856824_reviewed	853669_reviewed	1
853997_reviewed	855884_reviewed	0
855642_reviewed	854063_reviewed	1
856537_reviewed	855201_reviewed	1
851085_reviewed	855339_reviewed	0
851284_reviewed	851807_reviewed	0
851391_reviewed	856920_reviewed	1
852871_reviewed	854976_reviewed	0
852871_reviewed	856455_reviewed	0
850543_reviewed	854353_reviewed	1
852305_reviewed	852697_reviewed	0
855819_reviewed	851431_reviewed	1
852697_reviewed	854119_reviewed	0
852703_reviewed	852778_reviewed	0
853011_reviewed	852665_reviewed	1
854691_reviewed	855275_reviewed	1
856709_reviewed	852592_reviewed	1
851394_reviewed	851676_reviewed	1
852767_reviewed	856863_reviewed	1
852352_reviewed	853010_reviewed	0
852184_reviewed	856852_reviewed	0
855937_reviewed	851585_reviewed	1
851394_reviewed	851267_reviewed	1
850325_reviewed	854387_reviewed	1
851888_reviewed	856140_reviewed	0
852028_reviewed	852385_reviewed	1
854488_reviewed	856681_reviewed	0
851394_reviewed	856228_reviewed	1
850387_reviewed	856029_reviewed	0
851394_reviewed	850827_reviewed	1
850647_reviewed	852883_reviewed	1
851394_reviewed	852593_reviewed	1
852371_reviewed	851196_reviewed	1
850909_reviewed	855496_reviewed	0
852194_reviewed	854023_reviewed	0
854977_reviewed	851441_reviewed	1
855037_reviewed	855930_reviewed	0
851222_reviewed	856484_reviewed	0
850760_reviewed	853100_reviewed	0
854078_reviewed	855730_reviewed	1
851814_reviewed	850806_reviewed	1
852224_reviewed	853226_reviewed	0
855649_reviewed	853458_reviewed	1
854321_reviewed	856506_reviewed	0
852697_reviewed	850623_reviewed	1
851495_reviewed	851771_reviewed	0
850647_reviewed	5814844_reviewed	1
852982_reviewed	853160_reviewed	0
852614_reviewed	854540_reviewed	1
852838_reviewed	855116_reviewed	0
850607_reviewed	855323_reviewed	0
855884_reviewed	856870_reviewed	0
855676_reviewed	856901_reviewed	1
850612_reviewed	851369_reviewed	0
851660_reviewed	855118_reviewed	0
856863_reviewed	856012_reviewed	1
853646_reviewed	854535_reviewed	1
851206_reviewed	854976_reviewed	1
853369_reviewed	851590_reviewed	1
851678_reviewed	856002_reviewed	0
850430_reviewed	851495_reviewed	1
854749_reviewed	854999_reviewed	0
856076_reviewed	855706_reviewed	1
855499_reviewed	855539_reviewed	0
851306_reviewed	851306_reviewed	1
851624_reviewed	854742_reviewed	0
856303_reviewed	856644_reviewed	0
852170_reviewed	856647_reviewed	1
853583_reviewed	853555_reviewed	1
850505_reviewed	851161_reviewed	0
850683_reviewed	850713_reviewed	0
856389_reviewed	851042_reviewed	1
853922_reviewed	855836_reviewed	0
851485_reviewed	851964_reviewed	0
851109_reviewed	852953_reviewed	0
850872_reviewed	853419_reviewed	0
851000_reviewed	851897_reviewed	0
852697_reviewed	854796_reviewed	1
856536_reviewed	856674_reviewed	0
852262_reviewed	852577_reviewed	0
851030_reviewed	856926_reviewed	0
855073_reviewed	855044_reviewed	1
852766_reviewed	856723_reviewed	0
855599_reviewed	850872_reviewed	1
851632_reviewed	853445_reviewed	0
850440_reviewed	855357_reviewed	0
854231_reviewed	855751_reviewed	0
852275_reviewed	855203_reviewed	0
854382_reviewed	855821_reviewed	0
855347_reviewed	856737_reviewed	0
850647_reviewed	855348_reviewed	1
853100_reviewed	856146_reviewed	0
852416_reviewed	853397_reviewed	0
850304_reviewed	855664_reviewed	0
852834_reviewed	853534_reviewed	0
854918_reviewed	856702_reviewed	0
853846_reviewed	856360_reviewed	0
852888_reviewed	851212_reviewed	1
851259_reviewed	852575_reviewed	0
852881_reviewed	854669_reviewed	0
850623_reviewed	854327_reviewed	0
856162_reviewed	850505_reviewed	1
853364_reviewed	856223_reviewed	0
852090_reviewed	856140_reviewed	1
855778_reviewed	856689_reviewed	0
850504_reviewed	850506_reviewed	0
856070_reviewed	856186_reviewed	1
855834_reviewed	855048_reviewed	1
855067_reviewed	852673_reviewed	1
853535_reviewed	856870_reviewed	0
851163_reviewed	854656_reviewed	1
851740_reviewed	856870_reviewed	0
850554_reviewed	853272_reviewed	1
854993_reviewed	855460_reviewed	0
855836_reviewed	852740_reviewed	1
850409_reviewed	854993_reviewed	1
851265_reviewed	851788_reviewed	0
856014_reviewed	856014_reviewed	1
850647_reviewed	855088_reviewed	1
855280_reviewed	853293_reviewed	1
852549_reviewed	856466_reviewed	0
853861_reviewed	856393_reviewed	0
853376_reviewed	854881_reviewed	1
851678_reviewed	850764_reviewed	1
856317_reviewed	856922_reviewed	0
854919_reviewed	854919_reviewed	1
855144_reviewed	856738_reviewed	1
855155_reviewed	856667_reviewed	0
850623_reviewed	852385_reviewed	0
856603_reviewed	851407_reviewed	1
850709_reviewed	853922_reviewed	0
851394_reviewed	850863_reviewed	1
852697_reviewed	855555_reviewed	0
853264_reviewed	855757_reviewed	1
851470_reviewed	854691_reviewed	0
854256_reviewed	854552_reviewed	1
852881_reviewed	855350_reviewed	1
852457_reviewed	855686_reviewed	1
856277_reviewed	855230_reviewed	1
850998_reviewed	855838_reviewed	1
854855_reviewed	854932_reviewed	1
856862_reviewed	852276_reviewed	1
853254_reviewed	853870_reviewed	1
853275_reviewed	856317_reviewed	0
855136_reviewed	852609_reviewed	1
855524_reviewed	851440_reviewed	1
851399_reviewed	854161_reviewed	0
855888_reviewed	856130_reviewed	0
850647_reviewed	856419_reviewed	1
852044_reviewed	856716_reviewed	0
856508_reviewed	851731_reviewed	1
850485_reviewed	855120_reviewed	1
853895_reviewed	855689_reviewed	1
851394_reviewed	850329_reviewed	1
856895_reviewed	851162_reviewed	1
850620_reviewed	853475_reviewed	0
851195_reviewed	853275_reviewed	0
853503_reviewed	853826_reviewed	0
855155_reviewed	856481_reviewed	0
851394_reviewed	851813_reviewed	1
851394_reviewed	850495_reviewed	1
853433_reviewed	855771_reviewed	0
852757_reviewed	856863_reviewed	1
853922_reviewed	855897_reviewed	0
852322_reviewed	853098_reviewed	0
854673_reviewed	854673_reviewed	1
855836_reviewed	855891_reviewed	0
854102_reviewed	852665_reviewed	1
853060_reviewed	853681_reviewed	0
850442_reviewed	852053_reviewed	1
851280_reviewed	855504_reviewed	0
853955_reviewed	853955_reviewed	1
850422_reviewed	852257_reviewed	0
852001_reviewed	856146_reviewed	0
853338_reviewed	856524_reviewed	1
855821_reviewed	856743_reviewed	0
851590_reviewed	856815_reviewed	0
850950_reviewed	854742_reviewed	0
855618_reviewed	856301_reviewed	1
854095_reviewed	855224_reviewed	0
854443_reviewed	850328_reviewed	1
851453_reviewed	855499_reviewed	0
851394_reviewed	855263_reviewed	1
851532_reviewed	856409_reviewed	0
854781_reviewed	856837_reviewed	1
852100_reviewed	853144_reviewed	0
853191_reviewed	853364_reviewed	0
851259_reviewed	853587_reviewed	0
854138_reviewed	855718_reviewed	0
851326_reviewed	852885_reviewed	0
850422_reviewed	856574_reviewed	0
850973_reviewed	854273_reviewed	1
856329_reviewed	856329_reviewed	1
856862_reviewed	853037_reviewed	1
854149_reviewed	852939_reviewed	1
854881_reviewed	852982_reviewed	1
852780_reviewed	855463_reviewed	1
852107_reviewed	850551_reviewed	1
851142_reviewed	855937_reviewed	1
852697_reviewed	856118_reviewed	1
850534_reviewed	856852_reviewed	0
852695_reviewed	855937_reviewed	1
853846_reviewed	856222_reviewed	0
852472_reviewed	853851_reviewed	1
851450_reviewed	853767_reviewed	0
853819_reviewed	855512_reviewed	1
852825_reviewed	854935_reviewed	0
850734_reviewed	855496_reviewed	0
856680_reviewed	852501_reviewed	1
851394_reviewed	854336_reviewed	1
850909_reviewed	855013_reviewed	0
854242_reviewed	852109_reviewed	1
853144_reviewed	854271_reviewed	1
851671_reviewed	854063_reviewed	1
855602_reviewed	855705_reviewed	0
851025_reviewed	851827_reviewed	0
851671_reviewed	854327_reviewed	0
852402_reviewed	850504_reviewed	1
851329_reviewed	852994_reviewed	0
854586_reviewed	855772_reviewed	0
850584_reviewed	854999_reviewed	0
851648_reviewed	853133_reviewed	0
850505_reviewed	856595_reviewed	0
851158_reviewed	856019_reviewed	0
853016_reviewed	853796_reviewed	0
850445_reviewed	850806_reviewed	0
852258_reviewed	854678_reviewed	0
853160_reviewed	856603_reviewed	0
854078_reviewed	855512_reviewed	1
854407_reviewed	856402_reviewed	0
850329_reviewed	850401_reviewed	0
851482_reviewed	852369_reviewed	0
853729_reviewed	853433_reviewed	1
852697_reviewed	856351_reviewed	0
851394_reviewed	854447_reviewed	1
855737_reviewed	856320_reviewed	1
850908_reviewed	852119_reviewed	0
850719_reviewed	851222_reviewed	0
856862_reviewed	856865_reviewed	0
851929_reviewed	852724_reviewed	0
854649_reviewed	854598_reviewed	1
851326_reviewed	851743_reviewed	1
856144_reviewed	856846_reviewed	0
853174_reviewed	854940_reviewed	0
850888_reviewed	851244_reviewed	0
850320_reviewed	851061_reviewed	0
850623_reviewed	853681_reviewed	1
853796_reviewed	850905_reviewed	1
851802_reviewed	853397_reviewed	0
850837_reviewed	854851_reviewed	0
853666_reviewed	851475_reviewed	1
855524_reviewed	851522_reviewed	1
855897_reviewed	852526_reviewed	1
851206_reviewed	856085_reviewed	1
853641_reviewed	851313_reviewed	1
852880_reviewed	854435_reviewed	1
851557_reviewed	856476_reviewed	0
853048_reviewed	856553_reviewed	0
851665_reviewed	852697_reviewed	0
851368_reviewed	851399_reviewed	0
854997_reviewed	850905_reviewed	1
855836_reviewed	850649_reviewed	1
851821_reviewed	854525_reviewed	0
850647_reviewed	856317_reviewed	1
850422_reviewed	851636_reviewed	1
851562_reviewed	855841_reviewed	1
850580_reviewed	853712_reviewed	0
853009_reviewed	854811_reviewed	0
855356_reviewed	854265_reviewed	1
850785_reviewed	851700_reviewed	0
851723_reviewed	855505_reviewed	0
855180_reviewed	855463_reviewed	0
851891_reviewed	852732_reviewed	0
856267_reviewed	850919_reviewed	1
850520_reviewed	855061_reviewed	0
852556_reviewed	852083_reviewed	1
851164_reviewed	853212_reviewed	0
851249_reviewed	855082_reviewed	0
854245_reviewed	852549_reviewed	1
856553_reviewed	853458_reviewed	1
851771_reviewed	856696_reviewed	0
853144_reviewed	854937_reviewed	0
853147_reviewed	854433_reviewed	1
852439_reviewed	855789_reviewed	0
852094_reviewed	851978_reviewed	1
852660_reviewed	856649_reviewed	0
850604_reviewed	853723_reviewed	1
854739_reviewed	853463_reviewed	1
855789_reviewed	856463_reviewed	0
856862_reviewed	856870_reviewed	0
854243_reviewed	850401_reviewed	1
852100_reviewed	852100_reviewed	1
854933_reviewed	856096_reviewed	0
855790_reviewed	853048_reviewed	1
856303_reviewed	853906_reviewed	1
850647_reviewed	853563_reviewed	1
854235_reviewed	853287_reviewed	1
852440_reviewed	854457_reviewed	0
855421_reviewed	856819_reviewed	0
850551_reviewed	850652_reviewed	1
850656_reviewed	854382_reviewed	0
852456_reviewed	854503_reviewed	0
853589_reviewed	856044_reviewed	0
851196_reviewed	851665_reviewed	0
851394_reviewed	855498_reviewed	1
853563_reviewed	856384_reviewed	0
851670_reviewed	850521_reviewed	1
850598_reviewed	854123_reviewed	0
850623_reviewed	855097_reviewed	0
852202_reviewed	853712_reviewed	0
854791_reviewed	851442_reviewed	1
856842_reviewed	853499_reviewed	1
854284_reviewed	855788_reviewed	0
855625_reviewed	850947_reviewed	1
854449_reviewed	856317_reviewed	0
854667_reviewed	855135_reviewed	0
855892_reviewed	854827_reviewed	1
850843_reviewed	855836_reviewed	0
856431_reviewed	856698_reviewed	0
851827_reviewed	852896_reviewed	1
854673_reviewed	854229_reviewed	1
853599_reviewed	854662_reviewed	0
850346_reviewed	854539_reviewed	0
856572_reviewed	856572_reviewed	1
853513_reviewed	855077_reviewed	1
855962_reviewed	856870_reviewed	0
850623_reviewed	856360_reviewed	0
851318_reviewed	856297_reviewed	0
851369_reviewed	853155_reviewed	1
855538_reviewed	852088_reviewed	1
851394_reviewed	854213_reviewed	1
851250_reviewed	855496_reviewed	0
855753_reviewed	854802_reviewed	1
852258_reviewed	851266_reviewed	1
852084_reviewed	855049_reviewed	0
854487_reviewed	850820_reviewed	1
851143_reviewed	856751_reviewed	1
856183_reviewed	856297_reviewed	1
851061_reviewed	851676_reviewed	0
855473_reviewed	856603_reviewed	0
852576_reviewed	851431_reviewed	1
850808_reviewed	856130_reviewed	0
851369_reviewed	852852_reviewed	0
854999_reviewed	852766_reviewed	1
854673_reviewed	856886_reviewed	0
851394_reviewed	852269_reviewed	1
854407_reviewed	854740_reviewed	0
855399_reviewed	853060_reviewed	1
855118_reviewed	856095_reviewed	1
850498_reviewed	851611_reviewed	0
851678_reviewed	852880_reviewed	0
855974_reviewed	855841_reviewed	1
850806_reviewed	855495_reviewed	0
855706_reviewed	856360_reviewed	0
851461_reviewed	854433_reviewed	1
853729_reviewed	854748_reviewed	0
855561_reviewed	856502_reviewed	1
853728_reviewed	856155_reviewed	0
855470_reviewed	855554_reviewed	0
851407_reviewed	852767_reviewed	0
853149_reviewed	853546_reviewed	0
851394_reviewed	851819_reviewed	1
850728_reviewed	856753_reviewed	0
851200_reviewed	855500_reviewed	1
855439_reviewed	856459_reviewed	1
851266_reviewed	856223_reviewed	0
851676_reviewed	855501_reviewed	0
851318_reviewed	853195_reviewed	1
850520_reviewed	854203_reviewed	0
854398_reviewed	855180_reviewed	0
851636_reviewed	855988_reviewed	0
851220_reviewed	851678_reviewed	0
851745_reviewed	855276_reviewed	1
851152_reviewed	855897_reviewed	0
853332_reviewed	855706_reviewed	1
852697_reviewed	854470_reviewed	1
851424_reviewed	850790_reviewed	1
854748_reviewed	856409_reviewed	0
854683_reviewed	854836_reviewed	0
850647_reviewed	854135_reviewed	1
855170_reviewed	855336_reviewed	1
852996_reviewed	856490_reviewed	0
855171_reviewed	855613_reviewed	0
854162_reviewed	852418_reviewed	1
851259_reviewed	851435_reviewed	1
853308_reviewed	853716_reviewed	0
854485_reviewed	855281_reviewed	1
855570_reviewed	852326_reviewed	1
850633_reviewed	850499_reviewed	1
856562_reviewed	851040_reviewed	1
852982_reviewed	853293_reviewed	0
855950_reviewed	851648_reviewed	1
851815_reviewed	856148_reviewed	0
852457_reviewed	853552_reviewed	1
850702_reviewed	851404_reviewed	0
852575_reviewed	852873_reviewed	0
850508_reviewed	854700_reviewed	1
853082_reviewed	856817_reviewed	0
855466_reviewed	855466_reviewed	1
852091_reviewed	852931_reviewed	1
850409_reviewed	854786_reviewed	0
851507_reviewed	852773_reviewed	0
851394_reviewed	855417_reviewed	1
853109_reviewed	850401_reviewed	1
856862_reviewed	853267_reviewed	1
850647_reviewed	856352_reviewed	1
851369_reviewed	851013_reviewed	1
850749_reviewed	855607_reviewed	0
855253_reviewed	851968_reviewed	1
856517_reviewed	851259_reviewed	1
851893_reviewed	853956_reviewed	0
852767_reviewed	854487_reviewed	0
852451_reviewed	856911_reviewed	0
853364_reviewed	854017_reviewed	0
854819_reviewed	856409_reviewed	0
851083_reviewed	855224_reviewed	0
853886_reviewed	854583_reviewed	0
853178_reviewed	854972_reviewed	1
850747_reviewed	852440_reviewed	0
855158_reviewed	856226_reviewed	0
851706_reviewed	855673_reviewed	0
853782_reviewed	855622_reviewed	0
851406_reviewed	852518_reviewed	0
853080_reviewed	855683_reviewed	0
855263_reviewed	855745_reviewed	0
852888_reviewed	854875_reviewed	0
852972_reviewed	856063_reviewed	0
854353_reviewed	856514_reviewed	1
854290_reviewed	852607_reviewed	1
852624_reviewed	855998_reviewed	1
852790_reviewed	856098_reviewed	0
850682_reviewed	851752_reviewed	0
851587_reviewed	856289_reviewed	0
850647_reviewed	852967_reviewed	1
853846_reviewed	851847_reviewed	1
853364_reviewed	856117_reviewed	0
854993_reviewed	854926_reviewed	1
852995_reviewed	856267_reviewed	0
855500_reviewed	852560_reviewed	1
852419_reviewed	855135_reviewed	0
854985_reviewed	856572_reviewed	0
853806_reviewed	856096_reviewed	0
851559_reviewed	853630_reviewed	0
853729_reviewed	856409_reviewed	0
853199_reviewed	853616_reviewed	0
852193_reviewed	856850_reviewed	1
851827_reviewed	853681_reviewed	0
854926_reviewed	856459_reviewed	0
855613_reviewed	856488_reviewed	1
850695_reviewed	855972_reviewed	0
854662_reviewed	856159_reviewed	0
852416_reviewed	852896_reviewed	1
852969_reviewed	854879_reviewed	1
851645_reviewed	855460_reviewed	0
851394_reviewed	855320_reviewed	1
856351_reviewed	855903_reviewed	1
856058_reviewed	852091_reviewed	1
851196_reviewed	853728_reviewed	0
852766_reviewed	853364_reviewed	0
853244_reviewed	853271_reviewed	0
852592_reviewed	855485_reviewed	0
851500_reviewed	853011_reviewed	0
856267_reviewed	856024_reviewed	1
851889_reviewed	856760_reviewed	0
851759_reviewed	854032_reviewed	1
852439_reviewed	855068_reviewed	1
856862_reviewed	856188_reviewed	1
851952_reviewed	852235_reviewed	0
850843_reviewed	855952_reviewed	0
851394_reviewed	850956_reviewed	1
852809_reviewed	853840_reviewed	0
854485_reviewed	855828_reviewed	0
850652_reviewed	853860_reviewed	0
852697_reviewed	856846_reviewed	0
852440_reviewed	855104_reviewed	1
851059_reviewed	852697_reviewed	0
852995_reviewed	856603_reviewed	0
855520_reviewed	855981_reviewed	0
850507_reviewed	851775_reviewed	1
851042_reviewed	851738_reviewed	0
853886_reviewed	853639_reviewed	1
853712_reviewed	854671_reviewed	0
851163_reviewed	851255_reviewed	0
852275_reviewed	856360_reviewed	0
854138_reviewed	854243_reviewed	1
850367_reviewed	851051_reviewed	0
851963_reviewed	852042_reviewed	0
852697_reviewed	853823_reviewed	1
852888_reviewed	855264_reviewed	0
852352_reviewed	854106_reviewed	0
853300_reviewed	855829_reviewed	1
854598_reviewed	852688_reviewed	1
852373_reviewed	855263_reviewed	1
853712_reviewed	856356_reviewed	0
852091_reviewed	855532_reviewed	1
852042_reviewed	856320_reviewed	0
853475_reviewed	854286_reviewed	0
852439_reviewed	855664_reviewed	1
854827_reviewed	856571_reviewed	0
851259_reviewed	855512_reviewed	0
852982_reviewed	855862_reviewed	1
852665_reviewed	854776_reviewed	1
851136_reviewed	854020_reviewed	1
850654_reviewed	851171_reviewed	0
853327_reviewed	851762_reviewed	1
851220_reviewed	854882_reviewed	0
851678_reviewed	853670_reviewed	0
851100_reviewed	856515_reviewed	0
854938_reviewed	853798_reviewed	1
854162_reviewed	855591_reviewed	0
855506_reviewed	855841_reviewed	1
854345_reviewed	852860_reviewed	1
851906_reviewed	855974_reviewed	0
852834_reviewed	854765_reviewed	0
850598_reviewed	856768_reviewed	0
854773_reviewed	856870_reviewed	0
852685_reviewed	853438_reviewed	1
854245_reviewed	854446_reviewed	0
855626_reviewed	855987_reviewed	0
852697_reviewed	856090_reviewed	0
855116_reviewed	856723_reviewed	0
851646_reviewed	855440_reviewed	0
851969_reviewed	856449_reviewed	0
855012_reviewed	853287_reviewed	1
853957_reviewed	854691_reviewed	0
852540_reviewed	855142_reviewed	0
850601_reviewed	856315_reviewed	0
856532_reviewed	856862_reviewed	1
855237_reviewed	856062_reviewed	1
853811_reviewed	851906_reviewed	1
855485_reviewed	856843_reviewed	0
851071_reviewed	851500_reviewed	1
851857_reviewed	854763_reviewed	1
852512_reviewed	856089_reviewed	1
852996_reviewed	856723_reviewed	0
853859_reviewed	850620_reviewed	1
851437_reviewed	852522_reviewed	0
855836_reviewed	852039_reviewed	1
854978_reviewed	854598_reviewed	1
851494_reviewed	856246_reviewed	1
856130_reviewed	856920_reviewed	0
851530_reviewed	853682_reviewed	1
852385_reviewed	852885_reviewed	0
851394_reviewed	851688_reviewed	1
852421_reviewed	852938_reviewed	1
854255_reviewed	855842_reviewed	0
850585_reviewed	850822_reviewed	1
851817_reviewed	853298_reviewed	0
851394_reviewed	853908_reviewed	1
855751_reviewed	854790_reviewed	1
852673_reviewed	855263_reviewed	0
851457_reviewed	851500_reviewed	0
850869_reviewed	850869_reviewed	1
853522_reviewed	855171_reviewed	1
852169_reviewed	856393_reviewed	1
852403_reviewed	854957_reviewed	0
850808_reviewed	855263_reviewed	0
851696_reviewed	855512_reviewed	0
854265_reviewed	855066_reviewed	0
852439_reviewed	854381_reviewed	1
855102_reviewed	855515_reviewed	0
853839_reviewed	854769_reviewed	0
851394_reviewed	852794_reviewed	1
852963_reviewed	853133_reviewed	0
853033_reviewed	853146_reviewed	1
852106_reviewed	853712_reviewed	0
856862_reviewed	852960_reviewed	1
852515_reviewed	855836_reviewed	0
851407_reviewed	854679_reviewed	0
854817_reviewed	853165_reviewed	1
851897_reviewed	852184_reviewed	0
853256_reviewed	856587_reviewed	0
850495_reviewed	855520_reviewed	0
852773_reviewed	856791_reviewed	0
851706_reviewed	850905_reviewed	1
851548_reviewed	854381_reviewed	0
851457_reviewed	855267_reviewed	0
852867_reviewed	855543_reviewed	0
852700_reviewed	855836_reviewed	0
851204_reviewed	853728_reviewed	1
851824_reviewed	855427_reviewed	0
852665_reviewed	853227_reviewed	0
850613_reviewed	856742_reviewed	1
856429_reviewed	855841_reviewed	1
854229_reviewed	855466_reviewed	0
853191_reviewed	852059_reviewed	1
852976_reviewed	854379_reviewed	0
853956_reviewed	856863_reviewed	1
854935_reviewed	855458_reviewed	0
852382_reviewed	853503_reviewed	1
851221_reviewed	853071_reviewed	0
854731_reviewed	855897_reviewed	0
850521_reviewed	852173_reviewed	0
853631_reviewed	856886_reviewed	0
852873_reviewed	853036_reviewed	1
851264_reviewed	852926_reviewed	0
852547_reviewed	856763_reviewed	0
851775_reviewed	852821_reviewed	0
852245_reviewed	854825_reviewed	1
852171_reviewed	852383_reviewed	0
851738_reviewed	856191_reviewed	0
851247_reviewed	852352_reviewed	0
856758_reviewed	853202_reviewed	1
851394_reviewed	853059_reviewed	1
850440_reviewed	850843_reviewed	0
856052_reviewed	856146_reviewed	0
852234_reviewed	853576_reviewed	0
852697_reviewed	855498_reviewed	0
851394_reviewed	855500_reviewed	1
856394_reviewed	856263_reviewed	1
856130_reviewed	854825_reviewed	1
856624_reviewed	856862_reviewed	0
855357_reviewed	856208_reviewed	0
851486_reviewed	856854_reviewed	1
853554_reviewed	854084_reviewed	0
851394_reviewed	852090_reviewed	1
850534_reviewed	850504_reviewed	1
852018_reviewed	853229_reviewed	0
852766_reviewed	856674_reviewed	0
853552_reviewed	855239_reviewed	1
853752_reviewed	856515_reviewed	1
855505_reviewed	856752_reviewed	0
852248_reviewed	853796_reviewed	1
852427_reviewed	852980_reviewed	0
850422_reviewed	856267_reviewed	1
851874_reviewed	854535_reviewed	0
850786_reviewed	852418_reviewed	1
850554_reviewed	854284_reviewed	1
854450_reviewed	856358_reviewed	0
854087_reviewed	852171_reviewed	1
850554_reviewed	854735_reviewed	1
853682_reviewed	855664_reviewed	0
851878_reviewed	851878_reviewed	1
850554_reviewed	856895_reviewed	1
851338_reviewed	852042_reviewed	0
852947_reviewed	851897_reviewed	1
851394_reviewed	855104_reviewed	1
854192_reviewed	850633_reviewed	1
850396_reviewed	855834_reviewed	0
852107_reviewed	854078_reviewed	1
851666_reviewed	853636_reviewed	0
851557_reviewed	854138_reviewed	0
851845_reviewed	853839_reviewed	0
850961_reviewed	855783_reviewed	0
856862_reviewed	853626_reviewed	1
850607_reviewed	852787_reviewed	1
852547_reviewed	854123_reviewed	0
850647_reviewed	855202_reviewed	1
850637_reviewed	856846_reviewed	1
854976_reviewed	856674_reviewed	0
855836_reviewed	855972_reviewed	0
851394_reviewed	854437_reviewed	1
852060_reviewed	853956_reviewed	0
852749_reviewed	853834_reviewed	0
852457_reviewed	854554_reviewed	1
850824_reviewed	856862_reviewed	0
851678_reviewed	853036_reviewed	0
853438_reviewed	851412_reviewed	1
851100_reviewed	855360_reviewed	1
851371_reviewed	852497_reviewed	0
854380_reviewed	855508_reviewed	0
853609_reviewed	856682_reviewed	0
853292_reviewed	851424_reviewed	1
852697_reviewed	855533_reviewed	1
852039_reviewed	855205_reviewed	0
850810_reviewed	853997_reviewed	0
852427_reviewed	853690_reviewed	0
854827_reviewed	852404_reviewed	1
855356_reviewed	853010_reviewed	1
851752_reviewed	856317_reviewed	0
852963_reviewed	855104_reviewed	1
853865_reviewed	855399_reviewed	0
856862_reviewed	852290_reviewed	1
855524_reviewed	852663_reviewed	1
852487_reviewed	852575_reviewed	0
852322_reviewed	856130_reviewed	0
851005_reviewed	852001_reviewed	0
851394_reviewed	851346_reviewed	1
850430_reviewed	850719_reviewed	1
851424_reviewed	851874_reviewed	0
853147_reviewed	854435_reviewed	1
852743_reviewed	850962_reviewed	1
855842_reviewed	856362_reviewed	0
850785_reviewed	856914_reviewed	1
851115_reviewed	851561_reviewed	0
850647_reviewed	853718_reviewed	1
856267_reviewed	851893_reviewed	1
852871_reviewed	855097_reviewed	0
850656_reviewed	852410_reviewed	0
855013_reviewed	852700_reviewed	1
856255_reviewed	856603_reviewed	1
851030_reviewed	852416_reviewed	0
851262_reviewed	853937_reviewed	0
851627_reviewed	855411_reviewed	0
851721_reviewed	851306_reviewed	1
854037_reviewed	855829_reviewed	0
851756_reviewed	856696_reviewed	0
856709_reviewed	856709_reviewed	1
852424_reviewed	856362_reviewed	0
854300_reviewed	854235_reviewed	1
851759_reviewed	855040_reviewed	1
851259_reviewed	853274_reviewed	1
854307_reviewed	855499_reviewed	0
851731_reviewed	853723_reviewed	1
855347_reviewed	855347_reviewed	1
853782_reviewed	854509_reviewed	1
854550_reviewed	856519_reviewed	0
852512_reviewed	856891_reviewed	0
851746_reviewed	853587_reviewed	0
852489_reviewed	855952_reviewed	0
851889_reviewed	852410_reviewed	0
851532_reviewed	851406_reviewed	1
855963_reviewed	850329_reviewed	1
853780_reviewed	856449_reviewed	0
851450_reviewed	852053_reviewed	0
854123_reviewed	856848_reviewed	0
850422_reviewed	856553_reviewed	1
850963_reviewed	851098_reviewed	0
850930_reviewed	856850_reviewed	1
850767_reviewed	855676_reviewed	0
853275_reviewed	852193_reviewed	1
855048_reviewed	853539_reviewed	1
856519_reviewed	855965_reviewed	1
852697_reviewed	853638_reviewed	1
853288_reviewed	854834_reviewed	0
851394_reviewed	853671_reviewed	1
854243_reviewed	855836_reviewed	0
854292_reviewed	856884_reviewed	0
852243_reviewed	853723_reviewed	0
851632_reviewed	850982_reviewed	1
855524_reviewed	854811_reviewed	1
853796_reviewed	855356_reviewed	1
854291_reviewed	854306_reviewed	1
851394_reviewed	851994_reviewed	1
856210_reviewed	856870_reviewed	0
852512_reviewed	852728_reviewed	0
851831_reviewed	852974_reviewed	0
852624_reviewed	856254_reviewed	0
850885_reviewed	850885_reviewed	1
856012_reviewed	854229_reviewed	1
852697_reviewed	851201_reviewed	1
850694_reviewed	852540_reviewed	0
851447_reviewed	853071_reviewed	0
851394_reviewed	852681_reviewed	1
852416_reviewed	854063_reviewed	0
856751_reviewed	855888_reviewed	1
851394_reviewed	853894_reviewed	1
850298_reviewed	856864_reviewed	1
853823_reviewed	855920_reviewed	0
851906_reviewed	855017_reviewed	0
852582_reviewed	855841_reviewed	0
853033_reviewed	856689_reviewed	0
855460_reviewed	850656_reviewed	1
850505_reviewed	852825_reviewed	0
852349_reviewed	850620_reviewed	1
852563_reviewed	853136_reviewed	1
851216_reviewed	850297_reviewed	1
851394_reviewed	850647_reviewed	1
854780_reviewed	852487_reviewed	1
851394_reviewed	850654_reviewed	1
851557_reviewed	856097_reviewed	0
850695_reviewed	854243_reviewed	0
856886_reviewed	856422_reviewed	1
851407_reviewed	854263_reviewed	1
853481_reviewed	856725_reviewed	0
851818_reviewed	852522_reviewed	0
852749_reviewed	850808_reviewed	1
854245_reviewed	853458_reviewed	1
850977_reviewed	856696_reviewed	0
856183_reviewed	856848_reviewed	0
853886_reviewed	854649_reviewed	0
850298_reviewed	852704_reviewed	1
853010_reviewed	853817_reviewed	1
855836_reviewed	855998_reviewed	1
852088_reviewed	855104_reviewed	0
851180_reviewed	852805_reviewed	1
851399_reviewed	852569_reviewed	0
852651_reviewed	853075_reviewed	0
853188_reviewed	851548_reviewed	1
852477_reviewed	851083_reviewed	1
851547_reviewed	852020_reviewed	0
856425_reviewed	850297_reviewed	1
851394_reviewed	852317_reviewed	1
850500_reviewed	854319_reviewed	0
852311_reviewed	852311_reviewed	1
850966_reviewed	856537_reviewed	0
851823_reviewed	852975_reviewed	0
851400_reviewed	852881_reviewed	1
850647_reviewed	853358_reviewed	1
852451_reviewed	854966_reviewed	0
851596_reviewed	855562_reviewed	0
854084_reviewed	852499_reviewed	1
856409_reviewed	856514_reviewed	0
856076_reviewed	850962_reviewed	1
852258_reviewed	853161_reviewed	0
852549_reviewed	854939_reviewed	1
852518_reviewed	851142_reviewed	1
851394_reviewed	853971_reviewed	1
851259_reviewed	852846_reviewed	1
856912_reviewed	856912_reviewed	1
851394_reviewed	851315_reviewed	1
852322_reviewed	856489_reviewed	1
856076_reviewed	852657_reviewed	1
855512_reviewed	856799_reviewed	0
854243_reviewed	856320_reviewed	0
852785_reviewed	854192_reviewed	0
852532_reviewed	851771_reviewed	1
854255_reviewed	855261_reviewed	0
852697_reviewed	854229_reviewed	0
852995_reviewed	854446_reviewed	1
853005_reviewed	855836_reviewed	0
851394_reviewed	854221_reviewed	1
850647_reviewed	856240_reviewed	1
853956_reviewed	856449_reviewed	1
852091_reviewed	853555_reviewed	0
851394_reviewed	851645_reviewed	1
850612_reviewed	855253_reviewed	0
851262_reviewed	853937_reviewed	0
850807_reviewed	851776_reviewed	0
855118_reviewed	856012_reviewed	0
851255_reviewed	856096_reviewed	0
851259_reviewed	852816_reviewed	1
855592_reviewed	855243_reviewed	1
851471_reviewed	851813_reviewed	0
852995_reviewed	856267_reviewed	0
856723_reviewed	855972_reviewed	1
850447_reviewed	852501_reviewed	1
850584_reviewed	852096_reviewed	0
852457_reviewed	854232_reviewed	1
851259_reviewed	852697_reviewed	0
850413_reviewed	855727_reviewed	0
856105_reviewed	856040_reviewed	1
850980_reviewed	852258_reviewed	1
850624_reviewed	854487_reviewed	0
850749_reviewed	852896_reviewed	0
851263_reviewed	855159_reviewed	0
851125_reviewed	856226_reviewed	0
850763_reviewed	851509_reviewed	1
854284_reviewed	855836_reviewed	1
856076_reviewed	850594_reviewed	1
852640_reviewed	852665_reviewed	1
852860_reviewed	855888_reviewed	0
851099_reviewed	853244_reviewed	0
855979_reviewed	856089_reviewed	0
850896_reviewed	851643_reviewed	0
851678_reviewed	854229_reviewed	1
851076_reviewed	851076_reviewed	1
851137_reviewed	854229_reviewed	0
852697_reviewed	852277_reviewed	1
856360_reviewed	856752_reviewed	0
852673_reviewed	855208_reviewed	0
853137_reviewed	854627_reviewed	1
856481_reviewed	852987_reviewed	1
850554_reviewed	852875_reviewed	1
851259_reviewed	855297_reviewed	0
852755_reviewed	853192_reviewed	0
851962_reviewed	853583_reviewed	0
851342_reviewed	856148_reviewed	1
852088_reviewed	853071_reviewed	0
851369_reviewed	852976_reviewed	0
851686_reviewed	855937_reviewed	0
850447_reviewed	854780_reviewed	1
850647_reviewed	855383_reviewed	1
851394_reviewed	853717_reviewed	1
852931_reviewed	856828_reviewed	1
851328_reviewed	851944_reviewed	0
856590_reviewed	856590_reviewed	1
851099_reviewed	856760_reviewed	1
851394_reviewed	851560_reviewed	1
855983_reviewed	851074_reviewed	1
851266_reviewed	853064_reviewed	0
852344_reviewed	856751_reviewed	1
853583_reviewed	854423_reviewed	0
852449_reviewed	856183_reviewed	0
850594_reviewed	856870_reviewed	0
852697_reviewed	853155_reviewed	0
855505_reviewed	855873_reviewed	0
851559_reviewed	854956_reviewed	0
850693_reviewed	855097_reviewed	0
852697_reviewed	854258_reviewed	0
851592_reviewed	852344_reviewed	0
851450_reviewed	851803_reviewed	0
850983_reviewed	855920_reviewed	0
855745_reviewed	856146_reviewed	0
852569_reviewed	850695_reviewed	1
856277_reviewed	854372_reviewed	1
851928_reviewed	852455_reviewed	1
852547_reviewed	855888_reviewed	0
851107_reviewed	851649_reviewed	0
852881_reviewed	854379_reviewed	0
851318_reviewed	853555_reviewed	0
852457_reviewed	852112_reviewed	1
851373_reviewed	856507_reviewed	1
851724_reviewed	853442_reviewed	0
850647_reviewed	853170_reviewed	1
851266_reviewed	854345_reviewed	0
853974_reviewed	851452_reviewed	1
850298_reviewed	851388_reviewed	1
851392_reviewed	850620_reviewed	1
850783_reviewed	855952_reviewed	0
853509_reviewed	856352_reviewed	0
852322_reviewed	852322_reviewed	1
852451_reviewed	851442_reviewed	1
852848_reviewed	855665_reviewed	0
852021_reviewed	856488_reviewed	0
852084_reviewed	855757_reviewed	0
851988_reviewed	855281_reviewed	0
853419_reviewed	850894_reviewed	1
851394_reviewed	853166_reviewed	1
851303_reviewed	856876_reviewed	0
856140_reviewed	856510_reviewed	0
850457_reviewed	855624_reviewed	1
850872_reviewed	852995_reviewed	0
850612_reviewed	854734_reviewed	1
855208_reviewed	855055_reviewed	1
856247_reviewed	856700_reviewed	1
852477_reviewed	851431_reviewed	1
851394_reviewed	856141_reviewed	1
850684_reviewed	851406_reviewed	0
854034_reviewed	854331_reviewed	0
852567_reviewed	855442_reviewed	0
853922_reviewed	853503_reviewed	1
851407_reviewed	856095_reviewed	1
853109_reviewed	855628_reviewed	0
856422_reviewed	853712_reviewed	1
850539_reviewed	851772_reviewed	1
852322_reviewed	855161_reviewed	0
852451_reviewed	853144_reviewed	0
851113_reviewed	851759_reviewed	0
850623_reviewed	852996_reviewed	0
850611_reviewed	851507_reviewed	0
854444_reviewed	856686_reviewed	1
851759_reviewed	855466_reviewed	0
850733_reviewed	850843_reviewed	0
854019_reviewed	856843_reviewed	0
853023_reviewed	854322_reviewed	0
851557_reviewed	852173_reviewed	0
851513_reviewed	855613_reviewed	0
851482_reviewed	856659_reviewed	0
853922_reviewed	855613_reviewed	0
853350_reviewed	851558_reviewed	1
853327_reviewed	856106_reviewed	1
850982_reviewed	853160_reviewed	0
853320_reviewed	855616_reviewed	0
853566_reviewed	856076_reviewed	0
850837_reviewed	850973_reviewed	0
852501_reviewed	854179_reviewed	0
850647_reviewed	853050_reviewed	1
851262_reviewed	853937_reviewed	0
851813_reviewed	856842_reviewed	1
852995_reviewed	850652_reviewed	1
850783_reviewed	854229_reviewed	0
854407_reviewed	854407_reviewed	1
852918_reviewed	850934_reviewed	1
853191_reviewed	855276_reviewed	1
855399_reviewed	850983_reviewed	1
851507_reviewed	856521_reviewed	1
851485_reviewed	856052_reviewed	1
853041_reviewed	855204_reviewed	1
855497_reviewed	856143_reviewed	0
851813_reviewed	854993_reviewed	0
852258_reviewed	853010_reviewed	0
853589_reviewed	854876_reviewed	0
850703_reviewed	852701_reviewed	1
853161_reviewed	853364_reviewed	0
853463_reviewed	856289_reviewed	0
852407_reviewed	852407_reviewed	1
852462_reviewed	856691_reviewed	1
850435_reviewed	855118_reviewed	0
853313_reviewed	851740_reviewed	1
851335_reviewed	855906_reviewed	0
852088_reviewed	854229_reviewed	0
852451_reviewed	856613_reviewed	0
856005_reviewed	856573_reviewed	0
856912_reviewed	854016_reviewed	1
850554_reviewed	850620_reviewed	1
852757_reviewed	850298_reviewed	1
856831_reviewed	854976_reviewed	1
850632_reviewed	853826_reviewed	1
851359_reviewed	855820_reviewed	1
855144_reviewed	850607_reviewed	1
851745_reviewed	855305_reviewed	0
855974_reviewed	856091_reviewed	1
854245_reviewed	855118_reviewed	1
851394_reviewed	851592_reviewed	1
850396_reviewed	850580_reviewed	1
850447_reviewed	850447_reviewed	1
850934_reviewed	854806_reviewed	1
851623_reviewed	854675_reviewed	1
853353_reviewed	854480_reviewed	0
852002_reviewed	854583_reviewed	0
850577_reviewed	854072_reviewed	0
851223_reviewed	856483_reviewed	1
852018_reviewed	851495_reviewed	1
852265_reviewed	855281_reviewed	0
850980_reviewed	851576_reviewed	1
851394_reviewed	851575_reviewed	1
851841_reviewed	856848_reviewed	0
853683_reviewed	856886_reviewed	0
850647_reviewed	850308_reviewed	1
854553_reviewed	854734_reviewed	0
854162_reviewed	854023_reviewed	1
854543_reviewed	852371_reviewed	1
851041_reviewed	854475_reviewed	1
851394_reviewed	853780_reviewed	1
852665_reviewed	854960_reviewed	0
851319_reviewed	851313_reviewed	1
852222_reviewed	854786_reviewed	0
852881_reviewed	853922_reviewed	1
851647_reviewed	854999_reviewed	1
853350_reviewed	851660_reviewed	1
851259_reviewed	853089_reviewed	1
852371_reviewed	855897_reviewed	0
853870_reviewed	856736_reviewed	0
850327_reviewed	851394_reviewed	1
851671_reviewed	856695_reviewed	0
855049_reviewed	854680_reviewed	1
853060_reviewed	854019_reviewed	0
851696_reviewed	851696_reviewed	1
852003_reviewed	856320_reviewed	0
855253_reviewed	856751_reviewed	1
850761_reviewed	852862_reviewed	0
854179_reviewed	856575_reviewed	0
856255_reviewed	852982_reviewed	1
854663_reviewed	853288_reviewed	1
853455_reviewed	854989_reviewed	1
856384_reviewed	851611_reviewed	1
852732_reviewed	856057_reviewed	0
851527_reviewed	854170_reviewed	0
854827_reviewed	853010_reviewed	1
856027_reviewed	853853_reviewed	1
851369_reviewed	854957_reviewed	1
850623_reviewed	855281_reviewed	1
851549_reviewed	853817_reviewed	1
851399_reviewed	855636_reviewed	1
851394_reviewed	854141_reviewed	1
851263_reviewed	855159_reviewed	0
853023_reviewed	854926_reviewed	0
851632_reviewed	855335_reviewed	1
856267_reviewed	855649_reviewed	1
852697_reviewed	855624_reviewed	0
854078_reviewed	854793_reviewed	0
852995_reviewed	855118_reviewed	0
852773_reviewed	854671_reviewed	0
854781_reviewed	854995_reviewed	1
854212_reviewed	855478_reviewed	0
852258_reviewed	854485_reviewed	0
853463_reviewed	855387_reviewed	0
851623_reviewed	855950_reviewed	1
855047_reviewed	852977_reviewed	1
851143_reviewed	856216_reviewed	1
854768_reviewed	855669_reviewed	0
853191_reviewed	853191_reviewed	1
851359_reviewed	854555_reviewed	1
850423_reviewed	850504_reviewed	1
855664_reviewed	852982_reviewed	1
854659_reviewed	854820_reviewed	1
854317_reviewed	854881_reviewed	1
853767_reviewed	852025_reviewed	1
855399_reviewed	855539_reviewed	0
851394_reviewed	855926_reviewed	1
852697_reviewed	853956_reviewed	1
853376_reviewed	850820_reviewed	1
851988_reviewed	855920_reviewed	0
851745_reviewed	856146_reviewed	0
855448_reviewed	856667_reviewed	0
851746_reviewed	856076_reviewed	0
851212_reviewed	856866_reviewed	0
850562_reviewed	856742_reviewed	1
855241_reviewed	852411_reviewed	1
851562_reviewed	850741_reviewed	1
856449_reviewed	853847_reviewed	1
852365_reviewed	855049_reviewed	0
853192_reviewed	850598_reviewed	1
851407_reviewed	856488_reviewed	0
852747_reviewed	853144_reviewed	0
850507_reviewed	850758_reviewed	0
854322_reviewed	855267_reviewed	0
854697_reviewed	856870_reviewed	0
851858_reviewed	852090_reviewed	0
855567_reviewed	851431_reviewed	1
851219_reviewed	855237_reviewed	1
850760_reviewed	853098_reviewed	0
853128_reviewed	853262_reviewed	0
852839_reviewed	852947_reviewed	0
852713_reviewed	853192_reviewed	0
856891_reviewed	856918_reviewed	0
853034_reviewed	854352_reviewed	0
853186_reviewed	852665_reviewed	1
854086_reviewed	856536_reviewed	0
851678_reviewed	852239_reviewed	0
850647_reviewed	853082_reviewed	1
852193_reviewed	855154_reviewed	1
852665_reviewed	852665_reviewed	1
852996_reviewed	853904_reviewed	0
855783_reviewed	856141_reviewed	0
852018_reviewed	854263_reviewed	0
850499_reviewed	852697_reviewed	0
852385_reviewed	854749_reviewed	0
855958_reviewed	856217_reviewed	0
851259_reviewed	853712_reviewed	0
852250_reviewed	855751_reviewed	1
856183_reviewed	856437_reviewed	0
853957_reviewed	853385_reviewed	1
852816_reviewed	853578_reviewed	0
853152_reviewed	854652_reviewed	1
854706_reviewed	855276_reviewed	0
851897_reviewed	854680_reviewed	1
850559_reviewed	856159_reviewed	1
853071_reviewed	855686_reviewed	0
856505_reviewed	852676_reviewed	1
853177_reviewed	856859_reviewed	0
851768_reviewed	856711_reviewed	0
853576_reviewed	853576_reviewed	1
855514_reviewed	854317_reviewed	1
851965_reviewed	856218_reviewed	0
851587_reviewed	853154_reviewed	1
853527_reviewed	853899_reviewed	0
855496_reviewed	855979_reviewed	1
851113_reviewed	853128_reviewed	0
851394_reviewed	855039_reviewed	1
855888_reviewed	852416_reviewed	1
850367_reviewed	856736_reviewed	0
852556_reviewed	851686_reviewed	1
855158_reviewed	854469_reviewed	1
853997_reviewed	856677_reviewed	0
855883_reviewed	853104_reviewed	1
852457_reviewed	851452_reviewed	1
855788_reviewed	856142_reviewed	0
851052_reviewed	854697_reviewed	0
855789_reviewed	856485_reviewed	1
850790_reviewed	852862_reviewed	0
851782_reviewed	856481_reviewed	0
850360_reviewed	851928_reviewed	0
856738_reviewed	856738_reviewed	1
850435_reviewed	853376_reviewed	0
850830_reviewed	850861_reviewed	0
854933_reviewed	854776_reviewed	1
851399_reviewed	851768_reviewed	1
854485_reviewed	856908_reviewed	0
852757_reviewed	850346_reviewed	1
850919_reviewed	850820_reviewed	1
854138_reviewed	856320_reviewed	1
852995_reviewed	850551_reviewed	1
851394_reviewed	852401_reviewed	1
853555_reviewed	856738_reviewed	0
854999_reviewed	855083_reviewed	1
851660_reviewed	855789_reviewed	0
850396_reviewed	854353_reviewed	1
851259_reviewed	852364_reviewed	1
851394_reviewed	853952_reviewed	1
854252_reviewed	852862_reviewed	1
851404_reviewed	856317_reviewed	1
855436_reviewed	855985_reviewed	0
850552_reviewed	852778_reviewed	0
856801_reviewed	856801_reviewed	1
855897_reviewed	855543_reviewed	1
850793_reviewed	854019_reviewed	1
851874_reviewed	852987_reviewed	1
850326_reviewed	853458_reviewed	0
852667_reviewed	851831_reviewed	1
854229_reviewed	854820_reviewed	0
852439_reviewed	856255_reviewed	0
852755_reviewed	855060_reviewed	0
850647_reviewed	851110_reviewed	1
855524_reviewed	850609_reviewed	1
853419_reviewed	855335_reviewed	1
853170_reviewed	854583_reviewed	0
855332_reviewed	856732_reviewed	0
853181_reviewed	854192_reviewed	0
850767_reviewed	852649_reviewed	0
851394_reviewed	855253_reviewed	1
852688_reviewed	854978_reviewed	1
852039_reviewed	855512_reviewed	0
850499_reviewed	854229_reviewed	0
856731_reviewed	851259_reviewed	1
851968_reviewed	854680_reviewed	0
853315_reviewed	852547_reviewed	1
852398_reviewed	852398_reviewed	1
856163_reviewed	856657_reviewed	1
853782_reviewed	854141_reviewed	0
854034_reviewed	855417_reviewed	1
855676_reviewed	855676_reviewed	1
851775_reviewed	854740_reviewed	0
852060_reviewed	852704_reviewed	1
850767_reviewed	854697_reviewed	1
851788_reviewed	855116_reviewed	0
856891_reviewed	854926_reviewed	1
851678_reviewed	854829_reviewed	1
852404_reviewed	853599_reviewed	1
851788_reviewed	855499_reviewed	0
851313_reviewed	855884_reviewed	1
856862_reviewed	855806_reviewed	1
851404_reviewed	852938_reviewed	1
850401_reviewed	856498_reviewed	0
852097_reviewed	855101_reviewed	0
852096_reviewed	854322_reviewed	0
854034_reviewed	856751_reviewed	0
852782_reviewed	856604_reviewed	0
851897_reviewed	856254_reviewed	0
851855_reviewed	852721_reviewed	0
850601_reviewed	853674_reviewed	0
852311_reviewed	856828_reviewed	0
853598_reviewed	855906_reviewed	0
856305_reviewed	850297_reviewed	1
852039_reviewed	856866_reviewed	0
854133_reviewed	851928_reviewed	1
852987_reviewed	854673_reviewed	0
851394_reviewed	855836_reviewed	1
853167_reviewed	855025_reviewed	1
851758_reviewed	854601_reviewed	0
853509_reviewed	856351_reviewed	0
850875_reviewed	855836_reviewed	0
850652_reviewed	855473_reviewed	0
853503_reviewed	856419_reviewed	0
852987_reviewed	855758_reviewed	1
851369_reviewed	855836_reviewed	0
854827_reviewed	850607_reviewed	1
851557_reviewed	855613_reviewed	0
855836_reviewed	856317_reviewed	0
852803_reviewed	856279_reviewed	1
850554_reviewed	853456_reviewed	1
851831_reviewed	856746_reviewed	0
855611_reviewed	855512_reviewed	1
852861_reviewed	855271_reviewed	0
852673_reviewed	854550_reviewed	0
851671_reviewed	853356_reviewed	0
851752_reviewed	854286_reviewed	0
851052_reviewed	853226_reviewed	0
853009_reviewed	850900_reviewed	1
853191_reviewed	854806_reviewed	0
852451_reviewed	852888_reviewed	1
854113_reviewed	855041_reviewed	0
850623_reviewed	852416_reviewed	1
850320_reviewed	854026_reviewed	1
854282_reviewed	854898_reviewed	1
856144_reviewed	855844_reviewed	1
850652_reviewed	854152_reviewed	0
852258_reviewed	854749_reviewed	0
850980_reviewed	856130_reviewed	1
852402_reviewed	851477_reviewed	1
855228_reviewed	855264_reviewed	1
851580_reviewed	856098_reviewed	0
852697_reviewed	853922_reviewed	0
856162_reviewed	851445_reviewed	1
854085_reviewed	856159_reviewed	0
851204_reviewed	856850_reviewed	0
855646_reviewed	856861_reviewed	0
853682_reviewed	854327_reviewed	1
855836_reviewed	855883_reviewed	1
856486_reviewed	853681_reviewed	1
852177_reviewed	851259_reviewed	1
856422_reviewed	854435_reviewed	1
854598_reviewed	855778_reviewed	0
852453_reviewed	854315_reviewed	0
851394_reviewed	850861_reviewed	1
853099_reviewed	853099_reviewed	1
850422_reviewed	856603_reviewed	1
854993_reviewed	855586_reviewed	0
853439_reviewed	856891_reviewed	0
851778_reviewed	852811_reviewed	0
851774_reviewed	851678_reviewed	1
855263_reviewed	855263_reviewed	1
851745_reviewed	856096_reviewed	1
854138_reviewed	855758_reviewed	1
853713_reviewed	855263_reviewed	0
853509_reviewed	855952_reviewed	0
851195_reviewed	851696_reviewed	0
853735_reviewed	854509_reviewed	0
850401_reviewed	855512_reviewed	0
855524_reviewed	851061_reviewed	1
850594_reviewed	856870_reviewed	0
856895_reviewed	854072_reviewed	1
853997_reviewed	855716_reviewed	0
851177_reviewed	853752_reviewed	0
850963_reviewed	853826_reviewed	0
854357_reviewed	855356_reviewed	1
851069_reviewed	854883_reviewed	0
852700_reviewed	856076_reviewed	0
851196_reviewed	856352_reviewed	0
854283_reviewed	853895_reviewed	1
851095_reviewed	854252_reviewed	1
854701_reviewed	855680_reviewed	1
854353_reviewed	853729_reviewed	1
850539_reviewed	851724_reviewed	1
852860_reviewed	854331_reviewed	0
853399_reviewed	853728_reviewed	1
850450_reviewed	855618_reviewed	1
850807_reviewed	855737_reviewed	0
851213_reviewed	856870_reviewed	0
850930_reviewed	851190_reviewed	1
855514_reviewed	854939_reviewed	1
855613_reviewed	856449_reviewed	1
853589_reviewed	856155_reviewed	0
853581_reviewed	853690_reviewed	0
851627_reviewed	854995_reviewed	1
851394_reviewed	853447_reviewed	1
851929_reviewed	855244_reviewed	1
854263_reviewed	856513_reviewed	0
853516_reviewed	855908_reviewed	1
852382_reviewed	854170_reviewed	0
854191_reviewed	854675_reviewed	0
852512_reviewed	853748_reviewed	0
854938_reviewed	856058_reviewed	1
853912_reviewed	856241_reviewed	0
856426_reviewed	852385_reviewed	1
855312_reviewed	853428_reviewed	1
852755_reviewed	854663_reviewed	0
850720_reviewed	855049_reviewed	1
851071_reviewed	854680_reviewed	1
854229_reviewed	854450_reviewed	0
851906_reviewed	856891_reviewed	0
854918_reviewed	856362_reviewed	0
854295_reviewed	855512_reviewed	1
852685_reviewed	852169_reviewed	1
850584_reviewed	851030_reviewed	1
855788_reviewed	856317_reviewed	0
850330_reviewed	856117_reviewed	1
854258_reviewed	856208_reviewed	0
852755_reviewed	852755_reviewed	1
850939_reviewed	855044_reviewed	1
856604_reviewed	855972_reviewed	1
851483_reviewed	855499_reviewed	0
850713_reviewed	855683_reviewed	1
852569_reviewed	854817_reviewed	0
851259_reviewed	853106_reviewed	1
852697_reviewed	856883_reviewed	1
852025_reviewed	854680_reviewed	0
855401_reviewed	853585_reviewed	1
856912_reviewed	851509_reviewed	1
852740_reviewed	853712_reviewed	0
855012_reviewed	855271_reviewed	1
856449_reviewed	855789_reviewed	1
856758_reviewed	856126_reviewed	1
851249_reviewed	855669_reviewed	0
852757_reviewed	853877_reviewed	0
855897_reviewed	856352_reviewed	0
851928_reviewed	855555_reviewed	0
855524_reviewed	856887_reviewed	1
852697_reviewed	856831_reviewed	1
853461_reviewed	853723_reviewed	0
850647_reviewed	852771_reviewed	1
854869_reviewed	855515_reviewed	1
853011_reviewed	854063_reviewed	0
851318_reviewed	856130_reviewed	0
852697_reviewed	850333_reviewed	1
851379_reviewed	853373_reviewed	0
856521_reviewed	855565_reviewed	1
851817_reviewed	854622_reviewed	1
856382_reviewed	852431_reviewed	1
856511_reviewed	856511_reviewed	1
852109_reviewed	855463_reviewed	1
851632_reviewed	856264_reviewed	1
851394_reviewed	853836_reviewed	1
854079_reviewed	854980_reviewed	0
856169_reviewed	856309_reviewed	0
852322_reviewed	853708_reviewed	0
850598_reviewed	852947_reviewed	1
851814_reviewed	852053_reviewed	0
853954_reviewed	853222_reviewed	1
851482_reviewed	853408_reviewed	1
856422_reviewed	850562_reviewed	1
850347_reviewed	852762_reviewed	0
851518_reviewed	851771_reviewed	0
852401_reviewed	853150_reviewed	0
855836_reviewed	853267_reviewed	1
855591_reviewed	855789_reviewed	0
854168_reviewed	856097_reviewed	0
851180_reviewed	856846_reviewed	1
850647_reviewed	852975_reviewed	1
853114_reviewed	856594_reviewed	1
856409_reviewed	853545_reviewed	1
850744_reviewed	854017_reviewed	1
856854_reviewed	853616_reviewed	1
851394_reviewed	852937_reviewed	1
852031_reviewed	854087_reviewed	0
856731_reviewed	853712_reviewed	1
851221_reviewed	856870_reviewed	0
852697_reviewed	856575_reviewed	0
850387_reviewed	850973_reviewed	0
852834_reviewed	855716_reviewed	0
851412_reviewed	853712_reviewed	0
852697_reviewed	852834_reviewed	0
854985_reviewed	856695_reviewed	1
850712_reviewed	855356_reviewed	0
853318_reviewed	856604_reviewed	0
851784_reviewed	853712_reviewed	0
850647_reviewed	856372_reviewed	1
852258_reviewed	854327_reviewed	0
852881_reviewed	856870_reviewed	0
856557_reviewed	850447_reviewed	1
854675_reviewed	854875_reviewed	0
850875_reviewed	851894_reviewed	1
855524_reviewed	853950_reviewed	1
853846_reviewed	854327_reviewed	0
850623_reviewed	855332_reviewed	1
853191_reviewed	853422_reviewed	0
855470_reviewed	856709_reviewed	0
851482_reviewed	851112_reviewed	1
853081_reviewed	854556_reviewed	0
853432_reviewed	855968_reviewed	0
854710_reviewed	855166_reviewed	1
855950_reviewed	856405_reviewed	0
855836_reviewed	852986_reviewed	1
851212_reviewed	856862_reviewed	0
851827_reviewed	854749_reviewed	1
853320_reviewed	856153_reviewed	0
853796_reviewed	856846_reviewed	1
851163_reviewed	855889_reviewed	0
856846_reviewed	853016_reviewed	1
850647_reviewed	856737_reviewed	1
850440_reviewed	851928_reviewed	0
851222_reviewed	852532_reviewed	1
851700_reviewed	854072_reviewed	1
852312_reviewed	855623_reviewed	0
850647_reviewed	852824_reviewed	1
851032_reviewed	855281_reviewed	0
851394_reviewed	852771_reviewed	1
851394_reviewed	850747_reviewed	1
851678_reviewed	856126_reviewed	1
852697_reviewed	853031_reviewed	1
850713_reviewed	856354_reviewed	1
852451_reviewed	852577_reviewed	0
852311_reviewed	855478_reviewed	0
850584_reviewed	855332_reviewed	0
850947_reviewed	854039_reviewed	1
855514_reviewed	852754_reviewed	1
852995_reviewed	854152_reviewed	0
850607_reviewed	851000_reviewed	0
850349_reviewed	856387_reviewed	1
850914_reviewed	853922_reviewed	0
856425_reviewed	855963_reviewed	1
850343_reviewed	854586_reviewed	0
850521_reviewed	850620_reviewed	0
852296_reviewed	852319_reviewed	0
853191_reviewed	853880_reviewed	0
850539_reviewed	856709_reviewed	1
853089_reviewed	850843_reviewed	1
851532_reviewed	853856_reviewed	1
851416_reviewed	853537_reviewed	0
852532_reviewed	856518_reviewed	0
855950_reviewed	850297_reviewed	1
852088_reviewed	853932_reviewed	0
855276_reviewed	853167_reviewed	1
852732_reviewed	853668_reviewed	0
852926_reviewed	851634_reviewed	1
854869_reviewed	856916_reviewed	0
856226_reviewed	856449_reviewed	0
852410_reviewed	852757_reviewed	0
853169_reviewed	853169_reviewed	1
853718_reviewed	852042_reviewed	1
853555_reviewed	854203_reviewed	0
850620_reviewed	851746_reviewed	0
852344_reviewed	853227_reviewed	0
855386_reviewed	856472_reviewed	0
855356_reviewed	852972_reviewed	1
850647_reviewed	851098_reviewed	1
856329_reviewed	851337_reviewed	1
854126_reviewed	853418_reviewed	1
856136_reviewed	852071_reviewed	1
851424_reviewed	855613_reviewed	0
853851_reviewed	855476_reviewed	0
856862_reviewed	854387_reviewed	1
856731_reviewed	853629_reviewed	1
851389_reviewed	856024_reviewed	0
851723_reviewed	856918_reviewed	0
853361_reviewed	856807_reviewed	0
850799_reviewed	855897_reviewed	0
851632_reviewed	853160_reviewed	0
851327_reviewed	853859_reviewed	1
852945_reviewed	855512_reviewed	1
850549_reviewed	852007_reviewed	0
850612_reviewed	854168_reviewed	0
854487_reviewed	850298_reviewed	1
853352_reviewed	853912_reviewed	0
851606_reviewed	854667_reviewed	0
851196_reviewed	855543_reviewed	0
851549_reviewed	855033_reviewed	0
852782_reviewed	854960_reviewed	0
855512_reviewed	856292_reviewed	1
855751_reviewed	855592_reviewed	1
852501_reviewed	850793_reviewed	1
851887_reviewed	851887_reviewed	1
854284_reviewed	855251_reviewed	0
850554_reviewed	852372_reviewed	1
855775_reviewed	851153_reviewed	1
851470_reviewed	852703_reviewed	0
850822_reviewed	851542_reviewed	0
851262_reviewed	851964_reviewed	1
855836_reviewed	855025_reviewed	1
851437_reviewed	854347_reviewed	1
850647_reviewed	856824_reviewed	1
852553_reviewed	856365_reviewed	0
854162_reviewed	855158_reviewed	0
855669_reviewed	856422_reviewed	1
851143_reviewed	851369_reviewed	0
851319_reviewed	856012_reviewed	0
856866_reviewed	854776_reviewed	1
850758_reviewed	852553_reviewed	0
852762_reviewed	855471_reviewed	0
855836_reviewed	853089_reviewed	1
852982_reviewed	852060_reviewed	1
852329_reviewed	852977_reviewed	0
855013_reviewed	850657_reviewed	1
851559_reviewed	853985_reviewed	1
853275_reviewed	855592_reviewed	1
851441_reviewed	850552_reviewed	1
851359_reviewed	856590_reviewed	1
851303_reviewed	852039_reviewed	0
854245_reviewed	855158_reviewed	1
855478_reviewed	855711_reviewed	1
851399_reviewed	852371_reviewed	0
852457_reviewed	850584_reviewed	1
850807_reviewed	852470_reviewed	1
855651_reviewed	856925_reviewed	0
852766_reviewed	853100_reviewed	0
855207_reviewed	856644_reviewed	0
856603_reviewed	852007_reviewed	1
856065_reviewed	856437_reviewed	0
855603_reviewed	852661_reviewed	1
850367_reviewed	855827_reviewed	1
851338_reviewed	851976_reviewed	0
850552_reviewed	855184_reviewed	1
852501_reviewed	852501_reviewed	1
851394_reviewed	853351_reviewed	1
854149_reviewed	851757_reviewed	1
853029_reviewed	855664_reviewed	0
851369_reviewed	852575_reviewed	0
852544_reviewed	852544_reviewed	1
855737_reviewed	855571_reviewed	1
850298_reviewed	850883_reviewed	1
852921_reviewed	855754_reviewed	0
856162_reviewed	856162_reviewed	1
850587_reviewed	852218_reviewed	0
850747_reviewed	851557_reviewed	0
852984_reviewed	855739_reviewed	1
855158_reviewed	856226_reviewed	0
852755_reviewed	855033_reviewed	0
852512_reviewed	853167_reviewed	0
853961_reviewed	856732_reviewed	1
856674_reviewed	854284_reviewed	1
856575_reviewed	852852_reviewed	1
854368_reviewed	855041_reviewed	0
855458_reviewed	850505_reviewed	1
852059_reviewed	852516_reviewed	0
851624_reviewed	854855_reviewed	0
850440_reviewed	850712_reviewed	0
851482_reviewed	851482_reviewed	1
851499_reviewed	853062_reviewed	0
855890_reviewed	856012_reviewed	1
856275_reviewed	856579_reviewed	1
851051_reviewed	855478_reviewed	1
856183_reviewed	854345_reviewed	1
852538_reviewed	853522_reviewed	0
856849_reviewed	855830_reviewed	1
856255_reviewed	851548_reviewed	1
856870_reviewed	855838_reviewed	1
851678_reviewed	856218_reviewed	0
850824_reviewed	856862_reviewed	0
850763_reviewed	850435_reviewed	1
853774_reviewed	853946_reviewed	1
851557_reviewed	855357_reviewed	0
856719_reviewed	854078_reviewed	1
853167_reviewed	855245_reviewed	1
852440_reviewed	854229_reviewed	0
854977_reviewed	856842_reviewed	0
853369_reviewed	850585_reviewed	1
851259_reviewed	853922_reviewed	0
854242_reviewed	852732_reviewed	1
851112_reviewed	856533_reviewed	0
853531_reviewed	852383_reviewed	1
852088_reviewed	856624_reviewed	1
852013_reviewed	854322_reviewed	1
852536_reviewed	856301_reviewed	0
852193_reviewed	851742_reviewed	1
856351_reviewed	853133_reviewed	1
852697_reviewed	856351_reviewed	0
4036073_reviewed	851265_reviewed	0
855499_reviewed	856201_reviewed	1
851924_reviewed	852972_reviewed	0
852779_reviewed	853397_reviewed	1
850930_reviewed	853638_reviewed	0
853650_reviewed	854993_reviewed	0
853535_reviewed	854436_reviewed	1
850947_reviewed	855458_reviewed	0
854294_reviewed	851222_reviewed	1
852042_reviewed	852088_reviewed	0
850549_reviewed	854229_reviewed	1
852021_reviewed	856603_reviewed	0
851776_reviewed	853840_reviewed	0
853174_reviewed	854063_reviewed	1
854793_reviewed	856255_reviewed	0
853198_reviewed	853638_reviewed	0
856895_reviewed	851431_reviewed	1
851259_reviewed	855428_reviewed	0
854119_reviewed	853712_reviewed	1
855362_reviewed	856153_reviewed	0
851530_reviewed	852439_reviewed	1
851678_reviewed	856106_reviewed	0
851495_reviewed	853713_reviewed	0
853186_reviewed	854322_reviewed	1
851482_reviewed	851751_reviewed	1
852426_reviewed	856279_reviewed	0
852700_reviewed	854458_reviewed	0
855836_reviewed	855177_reviewed	1
852951_reviewed	853861_reviewed	0
852536_reviewed	851085_reviewed	1
850638_reviewed	854545_reviewed	0
851916_reviewed	854675_reviewed	0
852351_reviewed	852233_reviewed	1
851416_reviewed	856667_reviewed	0
851513_reviewed	856870_reviewed	0
854428_reviewed	851095_reviewed	1
855417_reviewed	856449_reviewed	0
853191_reviewed	855920_reviewed	0
854138_reviewed	856870_reviewed	0
850647_reviewed	850779_reviewed	1
855136_reviewed	855711_reviewed	0
853675_reviewed	853675_reviewed	1
851916_reviewed	854827_reviewed	1
851161_reviewed	852020_reviewed	0
851834_reviewed	855171_reviewed	1
851533_reviewed	853824_reviewed	1
851394_reviewed	853281_reviewed	1
853017_reviewed	856367_reviewed	0
855049_reviewed	855757_reviewed	0
852322_reviewed	853877_reviewed	0
854191_reviewed	853439_reviewed	1
851761_reviewed	852885_reviewed	0
850682_reviewed	851212_reviewed	0
855841_reviewed	853128_reviewed	1
851645_reviewed	851753_reviewed	0
851745_reviewed	856181_reviewed	0
851112_reviewed	850782_reviewed	1
853029_reviewed	853956_reviewed	0
853186_reviewed	851897_reviewed	1
853945_reviewed	854817_reviewed	0
853681_reviewed	854999_reviewed	0
856463_reviewed	851530_reviewed	1
853649_reviewed	855737_reviewed	0
853317_reviewed	854933_reviewed	0
856828_reviewed	855726_reviewed	1
850860_reviewed	853826_reviewed	0
853728_reviewed	856356_reviewed	0
855571_reviewed	856674_reviewed	0
851745_reviewed	855399_reviewed	0
852697_reviewed	854093_reviewed	0
852522_reviewed	854769_reviewed	0
851527_reviewed	856828_reviewed	0
852457_reviewed	853503_reviewed	1
852980_reviewed	853690_reviewed	0
850734_reviewed	855496_reviewed	0
855844_reviewed	856507_reviewed	0
850620_reviewed	852697_reviewed	0
850347_reviewed	852050_reviewed	0
855789_reviewed	855539_reviewed	1
850409_reviewed	856709_reviewed	0
851259_reviewed	852697_reviewed	0
851399_reviewed	851447_reviewed	0
855276_reviewed	855404_reviewed	0
854663_reviewed	855981_reviewed	1
851369_reviewed	850570_reviewed	1
853886_reviewed	855669_reviewed	1
855605_reviewed	856247_reviewed	1
853434_reviewed	855724_reviewed	0
852885_reviewed	851771_reviewed	1
852171_reviewed	850803_reviewed	1
853692_reviewed	856671_reviewed	0
850713_reviewed	854935_reviewed	1
854669_reviewed	856799_reviewed	0
855580_reviewed	852796_reviewed	1
855728_reviewed	856886_reviewed	0
850682_reviewed	850818_reviewed	0
851447_reviewed	855512_reviewed	0
853675_reviewed	856162_reviewed	1
855836_reviewed	851342_reviewed	1
856870_reviewed	852340_reviewed	1
854275_reviewed	854380_reviewed	0
851545_reviewed	852501_reviewed	1
852541_reviewed	853712_reviewed	0
856674_reviewed	851461_reviewed	1
850553_reviewed	851549_reviewed	0
851513_reviewed	855356_reviewed	0
850782_reviewed	852369_reviewed	0
855060_reviewed	855426_reviewed	0
851262_reviewed	854277_reviewed	1
852806_reviewed	854350_reviewed	1
851483_reviewed	853523_reviewed	0
851259_reviewed	856870_reviewed	0
855013_reviewed	850585_reviewed	1
854681_reviewed	856819_reviewed	0
850551_reviewed	851170_reviewed	1
851259_reviewed	853682_reviewed	1
854646_reviewed	854852_reviewed	0
856486_reviewed	852833_reviewed	1
855022_reviewed	854235_reviewed	1
850623_reviewed	850623_reviewed	1
852361_reviewed	853671_reviewed	0
852697_reviewed	855958_reviewed	0
851437_reviewed	850343_reviewed	1
850947_reviewed	854979_reviewed	0
853114_reviewed	855360_reviewed	1
852439_reviewed	852767_reviewed	1
853029_reviewed	851924_reviewed	1
852646_reviewed	853937_reviewed	1
853034_reviewed	853034_reviewed	1
856463_reviewed	855335_reviewed	1
854781_reviewed	851431_reviewed	1
852962_reviewed	853060_reviewed	0
856115_reviewed	856281_reviewed	0
852506_reviewed	850502_reviewed	1
850799_reviewed	852740_reviewed	0
851313_reviewed	851969_reviewed	0
852145_reviewed	856848_reviewed	0
852819_reviewed	853871_reviewed	0
851709_reviewed	852660_reviewed	0
853160_reviewed	850435_reviewed	1
851208_reviewed	852762_reviewed	0
851379_reviewed	853133_reviewed	0
852611_reviewed	853892_reviewed	0
850450_reviewed	854458_reviewed	1
851394_reviewed	853473_reviewed	1
851543_reviewed	853136_reviewed	0
852817_reviewed	855421_reviewed	0
852262_reviewed	852755_reviewed	0
854329_reviewed	851142_reviewed	1
850623_reviewed	856891_reviewed	0
851758_reviewed	853540_reviewed	0
852569_reviewed	855836_reviewed	0
853767_reviewed	856482_reviewed	0
851407_reviewed	855649_reviewed	0
851222_reviewed	855888_reviewed	0
852504_reviewed	854183_reviewed	0
850647_reviewed	855086_reviewed	1
856399_reviewed	856399_reviewed	1
856458_reviewed	856507_reviewed	1
850567_reviewed	856459_reviewed	0
853638_reviewed	855110_reviewed	0
850836_reviewed	852569_reviewed	0
852992_reviewed	850543_reviewed	1
852536_reviewed	855136_reviewed	0
853828_reviewed	852492_reviewed	1
856277_reviewed	854698_reviewed	1
856537_reviewed	854349_reviewed	1
854379_reviewed	855613_reviewed	0
854227_reviewed	851520_reviewed	1
854116_reviewed	855335_reviewed	0
853666_reviewed	856920_reviewed	0
854875_reviewed	856096_reviewed	1
850647_reviewed	856443_reviewed	1
853252_reviewed	851271_reviewed	1
852567_reviewed	855442_reviewed	0
854286_reviewed	855386_reviewed	0
853702_reviewed	853702_reviewed	1
850695_reviewed	855972_reviewed	0
850623_reviewed	850427_reviewed	1
855466_reviewed	852487_reviewed	1
850818_reviewed	856571_reviewed	1
852947_reviewed	856453_reviewed	1
856859_reviewed	855429_reviewed	1
855466_reviewed	851319_reviewed	1
855143_reviewed	856317_reviewed	0
852477_reviewed	853332_reviewed	0
852697_reviewed	854290_reviewed	1
852744_reviewed	855828_reviewed	0
851774_reviewed	854977_reviewed	0
850539_reviewed	855399_reviewed	0
855041_reviewed	853034_reviewed	1
851776_reviewed	856870_reviewed	1
852779_reviewed	853860_reviewed	1
851074_reviewed	852394_reviewed	1
850388_reviewed	854407_reviewed	0
856098_reviewed	851431_reviewed	1
855633_reviewed	853787_reviewed	1
852424_reviewed	853782_reviewed	1
854748_reviewed	856301_reviewed	0
854290_reviewed	855841_reviewed	0
852880_reviewed	854284_reviewed	1
850647_reviewed	855243_reviewed	1
855836_reviewed	853830_reviewed	1
856103_reviewed	855880_reviewed	1
855228_reviewed	855203_reviewed	1
853195_reviewed	855903_reviewed	0
850930_reviewed	854666_reviewed	1
852660_reviewed	855271_reviewed	1
852982_reviewed	855730_reviewed	0
850647_reviewed	851681_reviewed	1
850764_reviewed	855746_reviewed	0
852258_reviewed	853752_reviewed	1
855429_reviewed	856097_reviewed	1
852982_reviewed	856574_reviewed	0
855888_reviewed	851821_reviewed	1
853466_reviewed	854650_reviewed	0
850909_reviewed	854555_reviewed	0
854938_reviewed	851039_reviewed	1
855522_reviewed	856751_reviewed	0
850422_reviewed	856012_reviewed	0
852549_reviewed	853674_reviewed	1
851676_reviewed	855628_reviewed	0
852404_reviewed	856089_reviewed	1
851392_reviewed	854822_reviewed	1
851259_reviewed	852351_reviewed	1
851988_reviewed	854680_reviewed	0
855838_reviewed	856511_reviewed	0
850896_reviewed	855356_reviewed	0
852697_reviewed	856130_reviewed	1
850982_reviewed	856255_reviewed	0
850808_reviewed	856524_reviewed	0
851841_reviewed	854102_reviewed	1
854162_reviewed	855158_reviewed	0
851745_reviewed	852059_reviewed	1
855356_reviewed	855066_reviewed	1
851394_reviewed	854075_reviewed	1
851158_reviewed	856575_reviewed	0
856866_reviewed	852032_reviewed	1
850694_reviewed	853886_reviewed	0
851645_reviewed	855305_reviewed	0
854068_reviewed	856147_reviewed	0
852088_reviewed	852697_reviewed	0
852982_reviewed	856863_reviewed	0
851376_reviewed	853503_reviewed	0
853919_reviewed	855025_reviewed	0
855470_reviewed	856466_reviewed	1
854497_reviewed	854956_reviewed	1
851394_reviewed	853766_reviewed	1
854284_reviewed	855104_reviewed	0
851495_reviewed	855017_reviewed	0
851170_reviewed	854894_reviewed	0
852583_reviewed	855581_reviewed	1
850872_reviewed	853376_reviewed	0
851482_reviewed	854162_reviewed	1
853048_reviewed	856815_reviewed	0
850818_reviewed	850792_reviewed	1
855221_reviewed	852892_reviewed	1
851394_reviewed	851920_reviewed	1
853871_reviewed	855161_reviewed	0
851171_reviewed	851431_reviewed	1
851032_reviewed	851567_reviewed	0
856012_reviewed	855789_reviewed	1
851745_reviewed	856455_reviewed	0
852982_reviewed	855977_reviewed	1
856848_reviewed	851394_reviewed	1
854017_reviewed	856297_reviewed	0
852678_reviewed	854066_reviewed	0
850973_reviewed	853351_reviewed	0
850551_reviewed	854673_reviewed	1
856854_reviewed	856147_reviewed	1
855586_reviewed	856134_reviewed	1
850612_reviewed	852033_reviewed	0
850647_reviewed	856075_reviewed	1
852373_reviewed	852497_reviewed	1
851813_reviewed	852860_reviewed	0
853854_reviewed	853854_reviewed	1
854273_reviewed	855271_reviewed	1
855925_reviewed	851827_reviewed	1
855512_reviewed	855952_reviewed	0
856386_reviewed	856675_reviewed	0
852382_reviewed	856241_reviewed	0
855237_reviewed	854201_reviewed	1
851741_reviewed	852885_reviewed	0
851394_reviewed	853196_reviewed	1
855253_reviewed	852749_reviewed	1
852434_reviewed	852700_reviewed	0
850297_reviewed	853836_reviewed	0
852649_reviewed	850713_reviewed	1
855253_reviewed	855952_reviewed	1
855076_reviewed	855739_reviewed	0
853629_reviewed	850896_reviewed	1
850647_reviewed	851987_reviewed	1
850623_reviewed	852794_reviewed	0
850607_reviewed	851827_reviewed	0
854827_reviewed	856089_reviewed	1
852275_reviewed	852275_reviewed	1
856732_reviewed	855925_reviewed	1
853160_reviewed	853376_reviewed	0
850506_reviewed	851683_reviewed	0
853796_reviewed	852788_reviewed	1
850872_reviewed	853293_reviewed	0
850551_reviewed	855335_reviewed	1
854662_reviewed	855144_reviewed	1
856409_reviewed	852541_reviewed	1
851335_reviewed	853177_reviewed	0
853350_reviewed	854406_reviewed	1
851929_reviewed	855991_reviewed	0
856884_reviewed	856884_reviewed	1
852265_reviewed	853658_reviewed	0
851708_reviewed	851782_reviewed	1
852501_reviewed	855297_reviewed	0
851280_reviewed	854141_reviewed	0
853670_reviewed	851757_reviewed	1
852184_reviewed	855241_reviewed	0
852001_reviewed	855470_reviewed	0
856736_reviewed	856736_reviewed	1
852391_reviewed	856700_reviewed	1
856002_reviewed	856594_reviewed	1
855357_reviewed	856472_reviewed	0
851676_reviewed	856175_reviewed	0
851259_reviewed	851592_reviewed	1
855725_reviewed	855725_reviewed	1
854796_reviewed	856716_reviewed	0
851660_reviewed	851924_reviewed	0
851207_reviewed	852079_reviewed	0
852020_reviewed	850904_reviewed	1
854678_reviewed	855404_reviewed	0
851399_reviewed	854229_reviewed	0
850829_reviewed	855110_reviewed	0
851874_reviewed	854023_reviewed	1
854023_reviewed	854243_reviewed	1
852885_reviewed	851222_reviewed	1
855357_reviewed	854543_reviewed	1
854247_reviewed	856891_reviewed	0
853458_reviewed	853682_reviewed	0
855653_reviewed	855968_reviewed	0
853674_reviewed	855788_reviewed	0
855263_reviewed	852497_reviewed	1
850539_reviewed	851671_reviewed	0
852697_reviewed	855571_reviewed	1
856483_reviewed	854888_reviewed	1
852697_reviewed	852228_reviewed	1
855253_reviewed	856575_reviewed	0
856604_reviewed	853320_reviewed	1
856126_reviewed	854446_reviewed	1
855866_reviewed	852700_reviewed	1
851517_reviewed	853839_reviewed	0
851399_reviewed	854664_reviewed	1
856162_reviewed	851142_reviewed	1
853840_reviewed	854322_reviewed	0
850554_reviewed	855319_reviewed	1
852873_reviewed	855104_reviewed	0
856065_reviewed	856455_reviewed	0
850695_reviewed	851113_reviewed	1
852344_reviewed	852694_reviewed	0
851249_reviewed	853908_reviewed	0
852385_reviewed	852860_reviewed	0
856572_reviewed	851988_reviewed	1
852638_reviewed	853840_reviewed	0
853365_reviewed	855836_reviewed	1
851310_reviewed	854739_reviewed	1
852697_reviewed	852008_reviewed	1
851745_reviewed	855758_reviewed	0
850450_reviewed	855136_reviewed	0
850905_reviewed	853957_reviewed	1
852177_reviewed	852483_reviewed	0
850734_reviewed	854085_reviewed	1
854068_reviewed	855253_reviewed	0
852088_reviewed	853106_reviewed	0
852146_reviewed	852146_reviewed	1
852080_reviewed	855505_reviewed	0
851774_reviewed	853957_reviewed	1
855656_reviewed	856096_reviewed	0
855613_reviewed	856315_reviewed	0
851745_reviewed	854322_reviewed	0
851771_reviewed	855626_reviewed	0
853942_reviewed	851686_reviewed	1
851259_reviewed	850682_reviewed	1
851450_reviewed	850691_reviewed	1
851394_reviewed	854102_reviewed	1
853814_reviewed	852819_reviewed	1
856354_reviewed	856753_reviewed	0
854434_reviewed	854434_reviewed	1
850637_reviewed	850753_reviewed	0
854778_reviewed	851368_reviewed	1
853552_reviewed	851870_reviewed	1
850326_reviewed	850422_reviewed	1
852694_reviewed	850580_reviewed	1
855524_reviewed	856349_reviewed	1
854878_reviewed	854063_reviewed	1
851207_reviewed	853346_reviewed	0
851678_reviewed	850682_reviewed	1
852697_reviewed	854449_reviewed	0
852468_reviewed	854995_reviewed	1
854072_reviewed	852518_reviewed	1
852980_reviewed	853201_reviewed	0
850908_reviewed	850908_reviewed	1
856354_reviewed	853638_reviewed	1
853670_reviewed	856731_reviewed	0
855423_reviewed	850966_reviewed	1
851813_reviewed	856290_reviewed	0
851544_reviewed	852951_reviewed	0
851814_reviewed	852838_reviewed	1
854068_reviewed	856208_reviewed	0
854811_reviewed	856135_reviewed	0
851878_reviewed	856088_reviewed	0
855538_reviewed	851381_reviewed	1
851904_reviewed	855945_reviewed	0
853555_reviewed	851895_reviewed	1
855888_reviewed	853681_reviewed	1
851640_reviewed	851640_reviewed	1
851212_reviewed	851259_reviewed	0
851191_reviewed	853439_reviewed	1
852885_reviewed	855841_reviewed	1
851549_reviewed	853327_reviewed	0
856449_reviewed	851530_reviewed	1
853109_reviewed	856155_reviewed	0
854034_reviewed	851379_reviewed	1
852728_reviewed	854999_reviewed	0
850760_reviewed	856297_reviewed	1
856732_reviewed	856918_reviewed	0
851921_reviewed	851823_reviewed	1
852060_reviewed	852767_reviewed	0
852371_reviewed	856912_reviewed	1
852582_reviewed	854999_reviewed	1
850387_reviewed	853552_reviewed	0
851475_reviewed	856169_reviewed	0
850703_reviewed	851399_reviewed	0
852987_reviewed	853712_reviewed	0
856130_reviewed	852673_reviewed	1
852766_reviewed	852497_reviewed	1
854042_reviewed	854525_reviewed	1
851520_reviewed	853106_reviewed	1
851798_reviewed	853509_reviewed	0
851092_reviewed	851259_reviewed	1
851201_reviewed	852031_reviewed	0
853895_reviewed	855161_reviewed	0
851700_reviewed	856563_reviewed	1
855116_reviewed	851071_reviewed	1
850683_reviewed	854992_reviewed	1
850808_reviewed	856201_reviewed	0
852501_reviewed	852673_reviewed	1
855466_reviewed	854509_reviewed	1
853854_reviewed	853909_reviewed	0
855687_reviewed	856220_reviewed	0
853641_reviewed	851771_reviewed	1
852421_reviewed	852726_reviewed	0
852050_reviewed	852373_reviewed	0
851401_reviewed	850545_reviewed	1
850496_reviewed	853261_reviewed	1
851030_reviewed	854933_reviewed	1
850440_reviewed	854379_reviewed	0
855144_reviewed	856680_reviewed	0
854915_reviewed	850506_reviewed	1
851660_reviewed	856815_reviewed	0
851467_reviewed	853832_reviewed	1
850649_reviewed	853682_reviewed	0
850686_reviewed	855602_reviewed	0
855253_reviewed	852357_reviewed	1
851337_reviewed	853568_reviewed	0
854827_reviewed	851212_reviewed	1
851102_reviewed	851102_reviewed	1
854038_reviewed	855661_reviewed	1
851394_reviewed	855788_reviewed	1
851190_reviewed	852193_reviewed	1
853109_reviewed	855836_reviewed	0
851503_reviewed	852497_reviewed	0
850691_reviewed	851471_reviewed	0
852499_reviewed	852971_reviewed	0
852512_reviewed	855460_reviewed	0
850900_reviewed	856243_reviewed	0
851701_reviewed	856201_reviewed	1
854827_reviewed	856571_reviewed	0
851216_reviewed	856289_reviewed	1
851309_reviewed	854790_reviewed	0
850450_reviewed	854549_reviewed	1
851008_reviewed	855929_reviewed	0
856602_reviewed	856702_reviewed	1
854078_reviewed	855547_reviewed	0
851394_reviewed	852370_reviewed	1
854168_reviewed	855998_reviewed	1
854247_reviewed	856254_reviewed	1
851259_reviewed	851800_reviewed	1
855616_reviewed	851222_reviewed	1
851752_reviewed	852881_reviewed	0
851761_reviewed	850540_reviewed	1
853373_reviewed	853650_reviewed	0
855819_reviewed	851424_reviewed	1
855012_reviewed	856062_reviewed	1
852098_reviewed	855746_reviewed	0
855512_reviewed	856612_reviewed	1
854487_reviewed	856226_reviewed	0
851125_reviewed	852549_reviewed	1
856223_reviewed	856680_reviewed	0
852014_reviewed	851160_reviewed	1
855170_reviewed	853922_reviewed	1
855468_reviewed	856183_reviewed	0
854977_reviewed	851180_reviewed	1
851404_reviewed	855276_reviewed	0
853636_reviewed	851831_reviewed	1
850580_reviewed	854026_reviewed	0
852172_reviewed	853675_reviewed	0
856862_reviewed	856865_reviewed	0
853135_reviewed	852816_reviewed	1
850874_reviewed	854379_reviewed	0
852081_reviewed	855602_reviewed	1
852497_reviewed	853974_reviewed	0
853500_reviewed	855305_reviewed	0
856819_reviewed	856819_reviewed	1
856384_reviewed	855585_reviewed	1
852119_reviewed	851024_reviewed	1
851513_reviewed	856677_reviewed	0
851394_reviewed	856367_reviewed	1
854181_reviewed	854781_reviewed	0
852779_reviewed	856575_reviewed	1
850861_reviewed	851981_reviewed	0
855514_reviewed	855897_reviewed	1
852202_reviewed	852440_reviewed	0
856162_reviewed	850686_reviewed	1
853528_reviewed	853729_reviewed	0
856751_reviewed	854485_reviewed	1
856201_reviewed	856297_reviewed	1
852338_reviewed	852451_reviewed	0
851771_reviewed	853871_reviewed	0
851394_reviewed	851858_reviewed	1
853500_reviewed	855263_reviewed	0
852972_reviewed	855068_reviewed	0
856409_reviewed	852694_reviewed	1
851346_reviewed	855897_reviewed	0
855952_reviewed	856019_reviewed	0
855951_reviewed	851339_reviewed	1
854778_reviewed	855224_reviewed	1
852088_reviewed	854192_reviewed	0
853434_reviewed	851813_reviewed	1
850843_reviewed	852785_reviewed	0
850647_reviewed	851694_reviewed	1
854212_reviewed	855631_reviewed	0
853775_reviewed	856321_reviewed	0
852767_reviewed	850549_reviewed	1
853226_reviewed	851207_reviewed	1
854211_reviewed	854691_reviewed	1
854156_reviewed	855448_reviewed	1
853192_reviewed	854912_reviewed	1
854828_reviewed	855907_reviewed	0
851394_reviewed	853089_reviewed	1
851342_reviewed	853514_reviewed	0
853199_reviewed	853199_reviewed	1
852758_reviewed	854472_reviewed	0
855991_reviewed	855991_reviewed	1
855102_reviewed	855426_reviewed	1
852399_reviewed	856613_reviewed	0
856221_reviewed	852326_reviewed	1
851720_reviewed	853896_reviewed	0
853581_reviewed	854992_reviewed	1
851042_reviewed	851738_reviewed	0
853458_reviewed	854381_reviewed	0
855934_reviewed	852547_reviewed	1
850306_reviewed	850508_reviewed	1
850734_reviewed	855013_reviewed	0
856912_reviewed	851752_reviewed	1
856255_reviewed	855158_reviewed	1
856862_reviewed	852654_reviewed	1
855068_reviewed	856012_reviewed	1
851530_reviewed	851893_reviewed	0
851342_reviewed	851482_reviewed	0
854017_reviewed	855950_reviewed	0
851394_reviewed	853355_reviewed	1
855155_reviewed	851716_reviewed	1
852809_reviewed	856911_reviewed	0
855228_reviewed	856083_reviewed	1
851745_reviewed	852624_reviewed	0
852767_reviewed	856063_reviewed	0
851678_reviewed	854544_reviewed	0
855512_reviewed	856870_reviewed	0
854369_reviewed	856891_reviewed	1
854480_reviewed	856723_reviewed	0
855158_reviewed	850414_reviewed	1
850348_reviewed	856232_reviewed	0
854791_reviewed	855642_reviewed	0
853712_reviewed	854243_reviewed	0
850440_reviewed	850601_reviewed	0
852563_reviewed	855897_reviewed	0
852983_reviewed	853397_reviewed	0
852881_reviewed	854192_reviewed	0
852250_reviewed	856689_reviewed	1
856018_reviewed	856478_reviewed	0
852106_reviewed	855897_reviewed	0
853796_reviewed	853808_reviewed	1
852610_reviewed	852697_reviewed	0
850872_reviewed	856012_reviewed	0
850367_reviewed	852405_reviewed	1
852947_reviewed	855116_reviewed	1
851280_reviewed	851706_reviewed	0
853743_reviewed	856243_reviewed	1
855836_reviewed	851894_reviewed	1
850500_reviewed	852697_reviewed	0
854331_reviewed	855586_reviewed	0
850647_reviewed	852419_reviewed	1
853922_reviewed	855836_reviewed	0
852097_reviewed	855101_reviewed	0
854924_reviewed	856783_reviewed	0
851136_reviewed	852607_reviewed	1
853458_reviewed	854446_reviewed	0
852547_reviewed	853814_reviewed	0
850647_reviewed	851823_reviewed	1
855470_reviewed	855950_reviewed	0
855613_reviewed	850652_reviewed	1
852703_reviewed	853409_reviewed	1
851394_reviewed	850518_reviewed	1
855466_reviewed	855730_reviewed	1
851161_reviewed	854957_reviewed	0
852645_reviewed	852805_reviewed	0
854749_reviewed	853857_reviewed	1
853016_reviewed	855066_reviewed	0
852665_reviewed	853023_reviewed	0
854866_reviewed	854922_reviewed	0
852778_reviewed	853385_reviewed	0
851424_reviewed	852575_reviewed	0
852326_reviewed	852731_reviewed	0
850733_reviewed	854206_reviewed	0
853857_reviewed	853909_reviewed	0
851320_reviewed	851441_reviewed	0
853940_reviewed	853940_reviewed	1
851559_reviewed	856437_reviewed	1
853500_reviewed	855204_reviewed	0
853133_reviewed	856709_reviewed	0
850401_reviewed	850440_reviewed	0
851256_reviewed	854935_reviewed	1
850919_reviewed	853860_reviewed	0
853192_reviewed	850495_reviewed	1
852457_reviewed	855407_reviewed	1
853743_reviewed	856815_reviewed	1
854940_reviewed	851475_reviewed	1
850296_reviewed	856702_reviewed	1
852018_reviewed	853568_reviewed	0
854116_reviewed	854446_reviewed	0
851197_reviewed	852512_reviewed	1
854500_reviewed	856862_reviewed	1
854776_reviewed	853555_reviewed	1
852697_reviewed	851953_reviewed	1
851774_reviewed	853796_reviewed	0
851052_reviewed	856799_reviewed	0
850767_reviewed	855676_reviewed	0
853133_reviewed	851494_reviewed	1
851284_reviewed	852835_reviewed	0
854212_reviewed	855478_reviewed	0
850884_reviewed	855833_reviewed	0
855787_reviewed	850843_reviewed	1
850450_reviewed	856301_reviewed	0
853442_reviewed	854993_reviewed	0
854653_reviewed	856218_reviewed	0
852980_reviewed	856675_reviewed	0
855012_reviewed	853393_reviewed	1
854388_reviewed	856843_reviewed	0
850782_reviewed	850713_reviewed	1
851319_reviewed	856012_reviewed	0
853030_reviewed	855470_reviewed	0
856866_reviewed	850585_reviewed	1
850702_reviewed	855965_reviewed	1
856126_reviewed	855512_reviewed	1
854116_reviewed	854487_reviewed	0
852881_reviewed	856924_reviewed	1
856731_reviewed	851461_reviewed	1
856483_reviewed	855243_reviewed	1
850504_reviewed	851997_reviewed	0
856537_reviewed	852755_reviewed	1
852248_reviewed	850705_reviewed	1
853445_reviewed	851924_reviewed	1
852547_reviewed	856146_reviewed	0
852423_reviewed	851646_reviewed	1
851520_reviewed	853956_reviewed	0
856914_reviewed	856563_reviewed	1
851607_reviewed	854229_reviewed	0
851394_reviewed	855041_reviewed	1
856218_reviewed	852873_reviewed	1
852834_reviewed	856208_reviewed	0
850298_reviewed	856226_reviewed	0
853188_reviewed	856449_reviewed	0
855264_reviewed	856130_reviewed	0
852549_reviewed	856466_reviewed	0
852549_reviewed	855890_reviewed	0
852678_reviewed	852846_reviewed	0
851191_reviewed	853283_reviewed	1
851394_reviewed	856756_reviewed	1
852497_reviewed	853985_reviewed	0
853535_reviewed	853133_reviewed	1
856458_reviewed	853539_reviewed	1
850763_reviewed	856863_reviewed	1
856264_reviewed	855730_reviewed	1
850695_reviewed	851513_reviewed	0
851394_reviewed	851190_reviewed	1
856911_reviewed	852547_reviewed	1
850878_reviewed	851259_reviewed	0
855728_reviewed	856351_reviewed	0
853743_reviewed	855335_reviewed	1
850695_reviewed	853438_reviewed	0
851494_reviewed	853587_reviewed	0
852787_reviewed	852512_reviewed	1
851394_reviewed	851559_reviewed	1
853071_reviewed	853994_reviewed	0
852995_reviewed	853860_reviewed	1
853036_reviewed	850620_reviewed	1
856891_reviewed	854017_reviewed	1
854431_reviewed	854347_reviewed	1
855950_reviewed	855975_reviewed	1
851518_reviewed	855665_reviewed	0
854725_reviewed	856089_reviewed	0
851162_reviewed	853527_reviewed	0
855897_reviewed	851100_reviewed	1
852194_reviewed	856870_reviewed	0
851394_reviewed	856594_reviewed	1
852665_reviewed	853191_reviewed	0
851394_reviewed	856420_reviewed	1
851335_reviewed	851418_reviewed	1
855170_reviewed	856836_reviewed	1
850401_reviewed	856317_reviewed	0
850696_reviewed	851531_reviewed	0
851394_reviewed	854116_reviewed	1
855080_reviewed	856888_reviewed	1
850423_reviewed	852678_reviewed	0
853222_reviewed	855125_reviewed	1
850863_reviewed	850863_reviewed	1
856746_reviewed	852974_reviewed	1
851177_reviewed	854937_reviewed	0
853029_reviewed	856119_reviewed	0
851935_reviewed	851371_reviewed	1
851259_reviewed	852033_reviewed	0
853133_reviewed	851774_reviewed	1
854245_reviewed	851924_reviewed	1
853275_reviewed	851193_reviewed	1
851858_reviewed	851831_reviewed	1
855789_reviewed	856603_reviewed	0
853503_reviewed	855824_reviewed	0
852042_reviewed	852755_reviewed	1
853287_reviewed	854876_reviewed	1
4036073_reviewed	4036073_reviewed	1
855787_reviewed	851259_reviewed	1
852411_reviewed	854999_reviewed	0
851259_reviewed	852987_reviewed	0
852431_reviewed	855646_reviewed	0
852697_reviewed	856673_reviewed	1
852697_reviewed	852021_reviewed	1
853009_reviewed	854598_reviewed	1
853589_reviewed	855836_reviewed	0
853100_reviewed	854806_reviewed	0
851136_reviewed	854999_reviewed	1
853166_reviewed	856449_reviewed	0
854381_reviewed	855976_reviewed	1
854273_reviewed	851653_reviewed	1
850409_reviewed	850827_reviewed	0
850792_reviewed	851259_reviewed	0
853212_reviewed	854139_reviewed	0
851559_reviewed	852451_reviewed	0
854398_reviewed	854949_reviewed	0
852592_reviewed	850495_reviewed	1
854247_reviewed	856216_reviewed	0
856854_reviewed	856382_reviewed	1
853922_reviewed	852119_reviewed	1
854875_reviewed	856186_reviewed	1
852649_reviewed	855830_reviewed	0
853896_reviewed	855149_reviewed	0
850320_reviewed	852403_reviewed	1
853671_reviewed	855453_reviewed	0
855836_reviewed	851887_reviewed	1
850716_reviewed	852678_reviewed	0
854533_reviewed	854533_reviewed	1
852276_reviewed	854353_reviewed	1
852532_reviewed	854937_reviewed	0
853154_reviewed	853416_reviewed	0
854229_reviewed	855836_reviewed	0
852834_reviewed	856891_reviewed	1
852794_reviewed	851889_reviewed	1
856891_reviewed	855017_reviewed	1
850647_reviewed	856574_reviewed	1
852697_reviewed	852353_reviewed	1
852224_reviewed	851643_reviewed	1
854152_reviewed	856119_reviewed	0
850320_reviewed	853922_reviewed	1
850863_reviewed	851742_reviewed	1
851000_reviewed	852245_reviewed	0
854284_reviewed	854810_reviewed	1
854286_reviewed	854518_reviewed	1
856267_reviewed	854152_reviewed	1
854211_reviewed	855316_reviewed	1
855907_reviewed	850968_reviewed	1
854114_reviewed	855203_reviewed	1
851061_reviewed	852663_reviewed	1
851819_reviewed	855949_reviewed	1
855836_reviewed	856497_reviewed	1
851394_reviewed	853957_reviewed	1
850440_reviewed	850799_reviewed	0
851962_reviewed	855203_reviewed	0
852532_reviewed	852096_reviewed	1
852499_reviewed	856850_reviewed	1
855357_reviewed	856758_reviewed	0
851394_reviewed	855360_reviewed	1
855281_reviewed	855404_reviewed	0
850647_reviewed	851703_reviewed	1
853167_reviewed	856478_reviewed	1
852059_reviewed	852059_reviewed	1
855724_reviewed	855036_reviewed	1
851962_reviewed	855276_reviewed	0
850298_reviewed	855862_reviewed	1
850973_reviewed	856311_reviewed	1
855532_reviewed	854974_reviewed	1
850658_reviewed	856216_reviewed	0
851394_reviewed	853422_reviewed	1
852007_reviewed	854446_reviewed	0
851470_reviewed	855066_reviewed	0
851259_reviewed	853458_reviewed	1
853167_reviewed	856918_reviewed	0
854230_reviewed	852228_reviewed	1
852451_reviewed	855030_reviewed	0
850505_reviewed	851210_reviewed	0
851394_reviewed	855336_reviewed	1
855706_reviewed	852088_reviewed	1
850297_reviewed	851561_reviewed	0
851369_reviewed	854229_reviewed	0
853244_reviewed	853271_reviewed	0
852868_reviewed	854431_reviewed	0
851000_reviewed	855060_reviewed	0
854387_reviewed	856394_reviewed	1
850760_reviewed	854106_reviewed	1
850445_reviewed	854966_reviewed	0
851988_reviewed	856846_reviewed	1
850803_reviewed	850297_reviewed	1
853922_reviewed	854243_reviewed	0
852582_reviewed	854776_reviewed	1
852109_reviewed	852926_reviewed	0
855758_reviewed	856360_reviewed	0
852090_reviewed	854373_reviewed	1
852049_reviewed	854974_reviewed	1
854680_reviewed	856793_reviewed	0
856854_reviewed	853155_reviewed	1
852705_reviewed	855013_reviewed	0
850980_reviewed	856254_reviewed	1
853702_reviewed	855463_reviewed	0
854273_reviewed	856062_reviewed	1
856126_reviewed	850682_reviewed	1
851376_reviewed	853839_reviewed	0
855355_reviewed	855927_reviewed	0
851207_reviewed	854475_reviewed	0
856860_reviewed	851653_reviewed	1
853376_reviewed	856489_reviewed	0
853133_reviewed	853649_reviewed	0
851125_reviewed	850919_reviewed	1
853649_reviewed	855934_reviewed	1
852951_reviewed	850745_reviewed	1
854315_reviewed	855426_reviewed	1
852918_reviewed	853442_reviewed	0
852222_reviewed	853641_reviewed	1
855066_reviewed	855184_reviewed	1
855836_reviewed	852171_reviewed	1
852697_reviewed	854379_reviewed	0
851327_reviewed	856891_reviewed	0
853017_reviewed	855683_reviewed	0
855570_reviewed	855945_reviewed	0
852457_reviewed	856382_reviewed	1
855171_reviewed	856014_reviewed	0
850819_reviewed	850819_reviewed	1
852501_reviewed	853728_reviewed	0
854379_reviewed	855500_reviewed	0
853114_reviewed	853301_reviewed	1
852549_reviewed	855890_reviewed	0
852457_reviewed	855976_reviewed	1
855843_reviewed	850636_reviewed	1
855275_reviewed	855500_reviewed	0
852434_reviewed	854543_reviewed	0
852697_reviewed	853099_reviewed	1
851394_reviewed	852833_reviewed	1
850872_reviewed	856863_reviewed	0
850554_reviewed	854435_reviewed	1
850623_reviewed	855319_reviewed	0
853904_reviewed	855203_reviewed	0
856731_reviewed	856742_reviewed	1
850611_reviewed	854229_reviewed	0
851394_reviewed	852765_reviewed	1
852385_reviewed	852757_reviewed	0
851709_reviewed	852721_reviewed	0
855386_reviewed	855386_reviewed	1
850744_reviewed	852385_reviewed	0
856153_reviewed	856319_reviewed	0
850682_reviewed	852042_reviewed	0
851965_reviewed	855882_reviewed	0
856140_reviewed	851034_reviewed	1
853376_reviewed	856553_reviewed	0
851394_reviewed	853782_reviewed	1
852703_reviewed	854265_reviewed	0
856842_reviewed	852778_reviewed	1
851394_reviewed	850370_reviewed	1
856091_reviewed	856091_reviewed	1
851394_reviewed	855833_reviewed	1
850995_reviewed	852084_reviewed	0
854084_reviewed	854437_reviewed	0
851259_reviewed	851621_reviewed	1
850695_reviewed	856677_reviewed	0
852549_reviewed	851636_reviewed	1
852385_reviewed	852383_reviewed	1
852003_reviewed	855230_reviewed	0
854283_reviewed	855033_reviewed	0
854904_reviewed	855676_reviewed	1
850598_reviewed	850598_reviewed	1
850939_reviewed	854201_reviewed	0
851394_reviewed	853396_reviewed	1
851168_reviewed	856088_reviewed	0
851259_reviewed	853178_reviewed	0
4036073_reviewed	852258_reviewed	0
856918_reviewed	851342_reviewed	1
850499_reviewed	855841_reviewed	1
853361_reviewed	854093_reviewed	0
850401_reviewed	852834_reviewed	0
855836_reviewed	850630_reviewed	1
852042_reviewed	852470_reviewed	0
850607_reviewed	851723_reviewed	0
853894_reviewed	854446_reviewed	0
853252_reviewed	851700_reviewed	1
852989_reviewed	854284_reviewed	0
852766_reviewed	850744_reviewed	1
850647_reviewed	852177_reviewed	1
855471_reviewed	856065_reviewed	0
850878_reviewed	853906_reviewed	1
850983_reviewed	855475_reviewed	0
852001_reviewed	854749_reviewed	0
854116_reviewed	850893_reviewed	1
851394_reviewed	850877_reviewed	1
856732_reviewed	856751_reviewed	0
850767_reviewed	852230_reviewed	1
853743_reviewed	852819_reviewed	1
856518_reviewed	856291_reviewed	1
852767_reviewed	854518_reviewed	0
851032_reviewed	856146_reviewed	1
853552_reviewed	854201_reviewed	0
851518_reviewed	853227_reviewed	1
851318_reviewed	853353_reviewed	0
850326_reviewed	852767_reviewed	0
852789_reviewed	854882_reviewed	0
852675_reviewed	854252_reviewed	0
851005_reviewed	856680_reviewed	0
853109_reviewed	853546_reviewed	0
853877_reviewed	856065_reviewed	0
852697_reviewed	852679_reviewed	1
851960_reviewed	856663_reviewed	0
853167_reviewed	854068_reviewed	1
851691_reviewed	856319_reviewed	0
853406_reviewed	856144_reviewed	0
854543_reviewed	851320_reviewed	1
850773_reviewed	856741_reviewed	0
850298_reviewed	851660_reviewed	0
851831_reviewed	853463_reviewed	0
852457_reviewed	852194_reviewed	1
851475_reviewed	854993_reviewed	0
850695_reviewed	851259_reviewed	0
853031_reviewed	854447_reviewed	1
850647_reviewed	854356_reviewed	1
853320_reviewed	856429_reviewed	0
854536_reviewed	856384_reviewed	0
851394_reviewed	851221_reviewed	1
850647_reviewed	851488_reviewed	1
853832_reviewed	856901_reviewed	0
854353_reviewed	856409_reviewed	1
851686_reviewed	852083_reviewed	1
851394_reviewed	850775_reviewed	1
852697_reviewed	852779_reviewed	0
852989_reviewed	855836_reviewed	0
856228_reviewed	856751_reviewed	0
852697_reviewed	850741_reviewed	1
851196_reviewed	853922_reviewed	0
851988_reviewed	855888_reviewed	0
854153_reviewed	855082_reviewed	0
855048_reviewed	853433_reviewed	1
853043_reviewed	856400_reviewed	1
852404_reviewed	854662_reviewed	0
851146_reviewed	851926_reviewed	0
851508_reviewed	853920_reviewed	0
852341_reviewed	854243_reviewed	0
851771_reviewed	853767_reviewed	0
854684_reviewed	855828_reviewed	0
856254_reviewed	856305_reviewed	1
851988_reviewed	852766_reviewed	0
853167_reviewed	853803_reviewed	1
854229_reviewed	855833_reviewed	0
856449_reviewed	853860_reviewed	1
850970_reviewed	853781_reviewed	0
851428_reviewed	855613_reviewed	0
850744_reviewed	852938_reviewed	0
850970_reviewed	850970_reviewed	1
852004_reviewed	855655_reviewed	1
851618_reviewed	856186_reviewed	0
855428_reviewed	856155_reviewed	1
855512_reviewed	852697_reviewed	1
851660_reviewed	855649_reviewed	0
852697_reviewed	853774_reviewed	0
856603_reviewed	856863_reviewed	0
851137_reviewed	853535_reviewed	0
855981_reviewed	856751_reviewed	0
850401_reviewed	850440_reviewed	0
852383_reviewed	855426_reviewed	1
854017_reviewed	855821_reviewed	1
854791_reviewed	855116_reviewed	0
855514_reviewed	856024_reviewed	1
854598_reviewed	854586_reviewed	1
853135_reviewed	855231_reviewed	1
853133_reviewed	851815_reviewed	1
852885_reviewed	855965_reviewed	0
852951_reviewed	856140_reviewed	0
852921_reviewed	855142_reviewed	0
852538_reviewed	855899_reviewed	0
853167_reviewed	854188_reviewed	1
853365_reviewed	855605_reviewed	1
852694_reviewed	854684_reviewed	1
854735_reviewed	853147_reviewed	1
852392_reviewed	853353_reviewed	0
850760_reviewed	851471_reviewed	0
854714_reviewed	856232_reviewed	0
851394_reviewed	851131_reviewed	1
853029_reviewed	852060_reviewed	1
854256_reviewed	856387_reviewed	0
854749_reviewed	852042_reviewed	1
852834_reviewed	854168_reviewed	0
856763_reviewed	852088_reviewed	1
853743_reviewed	854078_reviewed	1
853589_reviewed	855386_reviewed	0
853147_reviewed	854284_reviewed	1
852660_reviewed	851482_reviewed	1
854149_reviewed	856510_reviewed	0
854989_reviewed	855355_reviewed	1
855512_reviewed	855743_reviewed	0
854525_reviewed	855920_reviewed	0
856449_reviewed	856489_reviewed	0
853937_reviewed	856604_reviewed	1
850705_reviewed	851774_reviewed	0
850695_reviewed	851759_reviewed	0
851064_reviewed	854979_reviewed	0
852790_reviewed	851975_reviewed	1
853146_reviewed	856601_reviewed	0
851259_reviewed	855972_reviewed	1
851968_reviewed	850623_reviewed	1
852290_reviewed	855775_reviewed	0
853503_reviewed	854839_reviewed	0
855821_reviewed	856129_reviewed	0
851406_reviewed	854072_reviewed	0
852311_reviewed	853581_reviewed	1
852371_reviewed	856154_reviewed	1
851803_reviewed	854972_reviewed	0
852276_reviewed	855640_reviewed	1
851048_reviewed	856844_reviewed	0
855836_reviewed	853183_reviewed	1
851394_reviewed	853737_reviewed	1
855836_reviewed	855628_reviewed	1
854673_reviewed	856862_reviewed	0
852778_reviewed	854691_reviewed	0
851394_reviewed	856461_reviewed	1
851030_reviewed	856091_reviewed	0
851557_reviewed	853106_reviewed	0
852582_reviewed	852582_reviewed	1
853895_reviewed	855468_reviewed	0
856394_reviewed	856866_reviewed	1
854656_reviewed	856297_reviewed	0
850695_reviewed	852700_reviewed	0
851549_reviewed	855554_reviewed	0
851475_reviewed	856908_reviewed	0
854929_reviewed	856063_reviewed	1
853043_reviewed	852382_reviewed	1
850968_reviewed	856201_reviewed	0
852984_reviewed	851543_reviewed	1
851394_reviewed	852852_reviewed	1
852348_reviewed	852847_reviewed	1
852992_reviewed	856317_reviewed	0
850594_reviewed	850594_reviewed	1
852982_reviewed	851125_reviewed	1
854119_reviewed	855173_reviewed	0
853886_reviewed	855623_reviewed	1
851394_reviewed	854525_reviewed	1
855631_reviewed	853884_reviewed	1
855399_reviewed	855499_reviewed	1
850643_reviewed	855171_reviewed	0
853788_reviewed	852470_reviewed	1
853177_reviewed	855258_reviewed	0
852649_reviewed	855830_reviewed	0
856758_reviewed	853365_reviewed	1
850585_reviewed	850585_reviewed	1
854446_reviewed	855335_reviewed	1
851259_reviewed	853369_reviewed	1
850441_reviewed	852916_reviewed	0
852814_reviewed	856481_reviewed	0
854485_reviewed	854999_reviewed	0
853133_reviewed	854016_reviewed	1
852755_reviewed	855475_reviewed	0
853293_reviewed	854487_reviewed	1
855138_reviewed	855138_reviewed	1
853056_reviewed	851190_reviewed	1
855665_reviewed	854309_reviewed	1
853128_reviewed	853891_reviewed	0
853817_reviewed	853946_reviewed	0
850971_reviewed	854023_reviewed	0
852044_reviewed	853741_reviewed	0
852697_reviewed	855875_reviewed	0
856792_reviewed	851475_reviewed	1
851831_reviewed	856412_reviewed	0
855974_reviewed	855049_reviewed	1
852697_reviewed	852953_reviewed	1
851394_reviewed	853257_reviewed	1
852439_reviewed	854518_reviewed	0
852427_reviewed	854668_reviewed	1
854664_reviewed	856317_reviewed	0
852008_reviewed	856909_reviewed	0
851518_reviewed	852755_reviewed	0
854086_reviewed	850399_reviewed	1
851320_reviewed	853385_reviewed	0
851135_reviewed	856105_reviewed	1
852724_reviewed	854018_reviewed	1
851394_reviewed	853106_reviewed	1
854844_reviewed	856126_reviewed	1
851623_reviewed	850656_reviewed	1
850829_reviewed	852311_reviewed	0
851394_reviewed	855030_reviewed	1
850552_reviewed	852703_reviewed	1
852740_reviewed	856097_reviewed	1
850409_reviewed	852809_reviewed	0
855836_reviewed	852593_reviewed	1
853796_reviewed	850589_reviewed	1
852773_reviewed	855768_reviewed	0
853178_reviewed	856799_reviewed	0
855470_reviewed	855280_reviewed	1
851494_reviewed	856317_reviewed	0
851399_reviewed	856155_reviewed	0
851084_reviewed	851861_reviewed	0
852697_reviewed	854143_reviewed	0
856607_reviewed	850554_reviewed	1
852569_reviewed	852697_reviewed	0
850551_reviewed	851530_reviewed	1
853956_reviewed	850304_reviewed	1
852549_reviewed	853062_reviewed	0
851454_reviewed	852014_reviewed	0
852728_reviewed	854469_reviewed	0
854123_reviewed	851099_reviewed	1
850554_reviewed	856846_reviewed	1
852062_reviewed	855539_reviewed	0
854170_reviewed	856241_reviewed	0
855788_reviewed	855972_reviewed	0
850563_reviewed	851309_reviewed	0
851259_reviewed	853522_reviewed	1
854428_reviewed	853418_reviewed	1
850983_reviewed	856222_reviewed	1
853956_reviewed	852767_reviewed	1
854997_reviewed	856510_reviewed	1
853667_reviewed	856134_reviewed	0
855898_reviewed	854778_reviewed	1
854283_reviewed	856317_reviewed	1
855505_reviewed	855648_reviewed	0
850554_reviewed	853805_reviewed	1
851686_reviewed	850505_reviewed	1
850396_reviewed	856754_reviewed	0
855836_reviewed	856058_reviewed	1
851394_reviewed	853099_reviewed	1
852665_reviewed	856307_reviewed	0
852319_reviewed	855512_reviewed	0
852697_reviewed	850883_reviewed	1
850647_reviewed	856005_reviewed	1
853528_reviewed	856409_reviewed	0
850808_reviewed	852938_reviewed	0
855466_reviewed	850716_reviewed	1
850563_reviewed	855751_reviewed	0
852392_reviewed	854940_reviewed	0
852451_reviewed	854322_reviewed	1
852553_reviewed	851611_reviewed	1
853114_reviewed	856002_reviewed	1
852888_reviewed	853824_reviewed	0
851928_reviewed	856075_reviewed	0
850506_reviewed	855645_reviewed	0
851066_reviewed	851424_reviewed	1
851803_reviewed	855571_reviewed	0
856012_reviewed	856298_reviewed	1
853982_reviewed	851706_reviewed	1
851841_reviewed	853599_reviewed	1
850436_reviewed	853313_reviewed	1
853416_reviewed	852035_reviewed	1
853946_reviewed	856519_reviewed	0
856911_reviewed	854204_reviewed	1
853674_reviewed	855297_reviewed	0
850298_reviewed	851636_reviewed	1
851450_reviewed	855461_reviewed	0
850934_reviewed	856426_reviewed	0
856490_reviewed	855616_reviewed	1
851024_reviewed	853539_reviewed	1
851359_reviewed	853758_reviewed	1
853308_reviewed	854601_reviewed	0
851996_reviewed	856736_reviewed	0
851394_reviewed	856726_reviewed	1
852258_reviewed	855155_reviewed	0
855623_reviewed	855781_reviewed	0
851394_reviewed	852579_reviewed	1
855324_reviewed	856510_reviewed	0
854192_reviewed	855836_reviewed	1
851841_reviewed	852547_reviewed	0
850695_reviewed	855613_reviewed	1
854776_reviewed	850768_reviewed	1
850951_reviewed	853896_reviewed	0
851143_reviewed	855836_reviewed	0
854663_reviewed	856129_reviewed	0
854168_reviewed	850633_reviewed	1
854933_reviewed	855264_reviewed	0
851895_reviewed	853806_reviewed	1
854229_reviewed	855253_reviewed	0
852697_reviewed	856626_reviewed	0
850980_reviewed	856680_reviewed	1
855532_reviewed	852069_reviewed	1
852943_reviewed	850647_reviewed	1
855104_reviewed	855725_reviewed	0
852728_reviewed	854656_reviewed	0
853071_reviewed	855489_reviewed	0
853884_reviewed	855425_reviewed	0
853455_reviewed	856313_reviewed	0
850623_reviewed	855276_reviewed	0
853159_reviewed	855930_reviewed	0
854284_reviewed	851532_reviewed	1
850883_reviewed	856449_reviewed	0
851437_reviewed	853149_reviewed	1
852697_reviewed	853748_reviewed	1
854939_reviewed	855988_reviewed	0
854085_reviewed	856159_reviewed	0
856731_reviewed	856223_reviewed	1
850763_reviewed	855535_reviewed	0
853892_reviewed	854703_reviewed	0
854243_reviewed	856249_reviewed	0
852688_reviewed	853503_reviewed	1
855789_reviewed	856489_reviewed	0
855066_reviewed	851048_reviewed	1
853534_reviewed	856076_reviewed	0
850440_reviewed	851389_reviewed	1
854057_reviewed	854930_reviewed	1
850914_reviewed	853743_reviewed	1
851771_reviewed	854034_reviewed	0
852610_reviewed	852697_reviewed	0
852512_reviewed	856091_reviewed	0
851928_reviewed	853811_reviewed	0
850760_reviewed	856437_reviewed	1
850601_reviewed	852452_reviewed	0
854081_reviewed	856260_reviewed	0
856576_reviewed	852518_reviewed	1
850657_reviewed	853513_reviewed	0
851520_reviewed	850585_reviewed	1
856228_reviewed	851125_reviewed	1
856862_reviewed	852495_reviewed	1
850313_reviewed	852483_reviewed	0
852512_reviewed	852560_reviewed	0
852319_reviewed	854284_reviewed	0
851551_reviewed	851653_reviewed	0
852697_reviewed	855897_reviewed	0
853072_reviewed	855284_reviewed	0
851259_reviewed	854243_reviewed	0
853946_reviewed	853946_reviewed	1
852724_reviewed	855991_reviewed	1
851259_reviewed	855466_reviewed	0
855048_reviewed	856771_reviewed	1
853667_reviewed	851431_reviewed	1
853708_reviewed	856604_reviewed	0
850649_reviewed	855789_reviewed	0
850713_reviewed	852905_reviewed	0
852715_reviewed	853552_reviewed	0
855387_reviewed	853636_reviewed	1
853960_reviewed	856384_reviewed	0
851781_reviewed	850559_reviewed	1
852184_reviewed	852996_reviewed	1
856604_reviewed	850549_reviewed	1
850360_reviewed	852042_reviewed	0
852106_reviewed	850840_reviewed	1
852767_reviewed	855312_reviewed	0
852258_reviewed	855974_reviewed	0
852472_reviewed	855981_reviewed	0
852697_reviewed	854734_reviewed	0
850343_reviewed	855568_reviewed	1
850585_reviewed	856680_reviewed	1
855897_reviewed	850686_reviewed	1
850519_reviewed	856313_reviewed	0
854258_reviewed	851394_reviewed	1
850603_reviewed	854252_reviewed	0
852326_reviewed	850639_reviewed	1
852787_reviewed	853373_reviewed	0
851394_reviewed	855508_reviewed	1
852250_reviewed	856321_reviewed	1
854042_reviewed	855757_reviewed	0
850647_reviewed	855114_reviewed	1
852681_reviewed	852410_reviewed	1
855386_reviewed	853489_reviewed	1
853552_reviewed	851676_reviewed	1
851051_reviewed	856736_reviewed	0
855897_reviewed	853971_reviewed	1
853364_reviewed	854675_reviewed	0
850347_reviewed	850744_reviewed	1
854675_reviewed	855492_reviewed	1
851678_reviewed	853649_reviewed	1
850877_reviewed	854736_reviewed	1
855664_reviewed	852767_reviewed	1
855819_reviewed	852881_reviewed	1
851632_reviewed	854078_reviewed	1
854078_reviewed	856126_reviewed	1
852250_reviewed	853150_reviewed	0
850818_reviewed	851696_reviewed	1
852982_reviewed	854901_reviewed	0
855466_reviewed	853875_reviewed	1
851996_reviewed	850836_reviewed	1
851450_reviewed	853857_reviewed	0
852091_reviewed	852145_reviewed	0
851437_reviewed	855968_reviewed	1
852258_reviewed	854345_reviewed	0
850688_reviewed	851632_reviewed	0
854286_reviewed	856144_reviewed	0
852088_reviewed	852371_reviewed	0
854680_reviewed	855950_reviewed	0
851406_reviewed	855237_reviewed	1
853133_reviewed	851250_reviewed	1
855319_reviewed	855950_reviewed	0
850637_reviewed	851819_reviewed	1
852457_reviewed	855861_reviewed	1
850320_reviewed	850440_reviewed	0
852497_reviewed	852059_reviewed	1
850298_reviewed	855543_reviewed	1
854444_reviewed	855271_reviewed	0
851250_reviewed	855101_reviewed	1
855524_reviewed	852541_reviewed	1
852755_reviewed	856591_reviewed	0
852497_reviewed	855821_reviewed	1
852989_reviewed	856231_reviewed	1
851399_reviewed	855716_reviewed	0
855466_reviewed	855173_reviewed	1
854739_reviewed	855836_reviewed	0
855263_reviewed	852814_reviewed	1
851163_reviewed	855505_reviewed	1
854507_reviewed	855640_reviewed	1
853976_reviewed	851813_reviewed	1
853747_reviewed	852385_reviewed	1
850782_reviewed	853782_reviewed	0
851212_reviewed	856513_reviewed	0
851280_reviewed	856702_reviewed	0
852250_reviewed	856042_reviewed	0
856557_reviewed	855356_reviewed	1
851394_reviewed	854948_reviewed	1
856863_reviewed	853860_reviewed	1
854735_reviewed	854284_reviewed	1
851099_reviewed	853244_reviewed	0
856115_reviewed	856891_reviewed	0
853796_reviewed	853957_reviewed	1
851388_reviewed	856758_reviewed	0
855922_reviewed	853922_reviewed	1
851410_reviewed	854734_reviewed	1
853504_reviewed	855539_reviewed	1
851208_reviewed	852053_reviewed	0
856208_reviewed	856870_reviewed	0
852755_reviewed	854956_reviewed	0
852371_reviewed	853546_reviewed	0
854284_reviewed	856315_reviewed	0
854993_reviewed	855267_reviewed	1
852536_reviewed	855630_reviewed	0
852042_reviewed	852697_reviewed	0
855920_reviewed	856096_reviewed	0
850763_reviewed	852385_reviewed	0
850647_reviewed	851177_reviewed	1
856011_reviewed	854428_reviewed	1
856260_reviewed	856260_reviewed	1
856725_reviewed	853471_reviewed	1
850450_reviewed	856409_reviewed	1
852947_reviewed	853133_reviewed	0
850784_reviewed	852392_reviewed	0
854525_reviewed	856437_reviewed	0
852697_reviewed	854649_reviewed	1
853688_reviewed	855495_reviewed	1
854149_reviewed	851431_reviewed	1
851394_reviewed	850719_reviewed	1
850806_reviewed	851771_reviewed	0
852088_reviewed	854286_reviewed	0
851158_reviewed	856677_reviewed	0
851259_reviewed	851969_reviewed	1
851394_reviewed	851007_reviewed	1
851982_reviewed	855114_reviewed	0
853227_reviewed	854956_reviewed	1
851847_reviewed	851554_reviewed	1
855950_reviewed	853539_reviewed	1
851787_reviewed	853133_reviewed	0
850744_reviewed	852258_reviewed	0
852726_reviewed	856455_reviewed	1
855841_reviewed	854382_reviewed	1
851756_reviewed	855828_reviewed	0
851410_reviewed	850612_reviewed	1
852549_reviewed	856466_reviewed	0
852926_reviewed	853608_reviewed	0
851557_reviewed	855489_reviewed	0
851407_reviewed	852995_reviewed	0
851394_reviewed	856732_reviewed	1
856430_reviewed	855883_reviewed	1
852305_reviewed	852371_reviewed	0
852757_reviewed	854881_reviewed	1
853811_reviewed	855130_reviewed	0
851342_reviewed	855076_reviewed	1
853086_reviewed	852951_reviewed	1
855263_reviewed	855710_reviewed	0
850695_reviewed	853956_reviewed	1
853458_reviewed	855730_reviewed	0
852515_reviewed	850601_reviewed	1
855144_reviewed	856723_reviewed	0
854583_reviewed	854978_reviewed	1
855665_reviewed	850534_reviewed	1
851318_reviewed	855952_reviewed	1
855988_reviewed	856090_reviewed	0
855836_reviewed	853537_reviewed	1
850647_reviewed	850945_reviewed	1
850695_reviewed	856863_reviewed	1
851928_reviewed	855613_reviewed	0
850647_reviewed	852014_reviewed	1
851481_reviewed	854646_reviewed	0
854153_reviewed	856517_reviewed	0
852697_reviewed	852352_reviewed	1
855460_reviewed	856695_reviewed	0
855087_reviewed	852950_reviewed	1
850298_reviewed	853369_reviewed	0
856099_reviewed	856254_reviewed	1
851212_reviewed	851894_reviewed	0
852202_reviewed	855104_reviewed	0
853338_reviewed	850768_reviewed	1
854929_reviewed	853371_reviewed	1
852549_reviewed	853376_reviewed	1
851982_reviewed	853886_reviewed	0
850720_reviewed	855950_reviewed	0
851561_reviewed	854680_reviewed	1
855547_reviewed	854381_reviewed	1
851259_reviewed	854229_reviewed	0
852697_reviewed	855094_reviewed	1
852373_reviewed	850744_reviewed	1
850539_reviewed	852352_reviewed	0
855203_reviewed	852641_reviewed	1
852492_reviewed	855950_reviewed	0
850580_reviewed	856409_reviewed	1
852468_reviewed	850620_reviewed	1
855789_reviewed	855977_reviewed	0
851627_reviewed	854781_reviewed	0
852373_reviewed	852766_reviewed	1
854713_reviewed	856566_reviewed	1
856384_reviewed	852443_reviewed	1
853433_reviewed	854353_reviewed	1
853191_reviewed	851745_reviewed	1
855186_reviewed	850712_reviewed	1
853828_reviewed	856482_reviewed	0
854083_reviewed	855968_reviewed	0
856237_reviewed	852881_reviewed	1
851893_reviewed	852767_reviewed	0
851394_reviewed	852875_reviewed	1
851177_reviewed	852245_reviewed	0
854543_reviewed	856746_reviewed	1
853062_reviewed	850401_reviewed	1
850297_reviewed	851471_reviewed	0
855466_reviewed	855613_reviewed	0
852059_reviewed	854017_reviewed	1
850695_reviewed	856862_reviewed	0
851431_reviewed	856434_reviewed	0
852223_reviewed	855836_reviewed	0
850647_reviewed	854564_reviewed	1
851878_reviewed	854918_reviewed	0
851102_reviewed	852424_reviewed	0
856222_reviewed	853060_reviewed	1
853041_reviewed	855409_reviewed	1
852324_reviewed	851314_reviewed	1
852697_reviewed	854286_reviewed	0
850843_reviewed	856521_reviewed	0
854116_reviewed	854116_reviewed	1
851259_reviewed	852133_reviewed	0
851394_reviewed	850519_reviewed	1
850440_reviewed	855789_reviewed	1
855964_reviewed	856153_reviewed	0
854223_reviewed	856648_reviewed	0
851929_reviewed	851929_reviewed	1
852681_reviewed	854694_reviewed	1
852931_reviewed	856914_reviewed	1
855574_reviewed	854889_reviewed	1
851394_reviewed	854793_reviewed	1
851518_reviewed	855404_reviewed	0
852083_reviewed	852016_reviewed	1
853244_reviewed	850656_reviewed	1
854142_reviewed	853638_reviewed	1
856807_reviewed	850803_reviewed	1
851720_reviewed	855507_reviewed	1
851318_reviewed	852171_reviewed	0
852834_reviewed	853181_reviewed	0
851399_reviewed	851583_reviewed	0
855524_reviewed	855092_reviewed	1
851394_reviewed	854182_reviewed	1
850438_reviewed	851219_reviewed	0
850720_reviewed	856891_reviewed	0
850647_reviewed	855592_reviewed	1
852949_reviewed	855466_reviewed	0
856126_reviewed	852107_reviewed	1
851095_reviewed	852403_reviewed	1
850808_reviewed	853167_reviewed	0
856677_reviewed	856465_reviewed	1
856076_reviewed	856161_reviewed	0
856432_reviewed	856432_reviewed	1
855276_reviewed	854993_reviewed	1
851441_reviewed	855934_reviewed	1
855952_reviewed	856217_reviewed	0
856106_reviewed	850638_reviewed	1
852998_reviewed	856148_reviewed	1
850647_reviewed	851563_reviewed	1
852582_reviewed	855841_reviewed	0
851788_reviewed	852681_reviewed	0
855787_reviewed	856895_reviewed	1
850422_reviewed	852995_reviewed	0
855466_reviewed	855675_reviewed	1
853453_reviewed	856523_reviewed	0
850601_reviewed	850620_reviewed	0
852184_reviewed	855485_reviewed	1
855888_reviewed	851741_reviewed	1
853010_reviewed	855892_reviewed	1
852728_reviewed	852110_reviewed	1
852276_reviewed	856301_reviewed	1
852050_reviewed	852983_reviewed	0
850620_reviewed	852697_reviewed	0
853106_reviewed	855862_reviewed	0
854674_reviewed	851650_reviewed	1
851394_reviewed	855863_reviewed	1
851394_reviewed	856466_reviewed	1
850347_reviewed	852100_reviewed	0
853037_reviewed	851752_reviewed	1
852982_reviewed	856226_reviewed	0
853832_reviewed	855687_reviewed	0
850904_reviewed	855343_reviewed	1
851206_reviewed	850454_reviewed	1
851888_reviewed	852980_reviewed	0
851661_reviewed	853751_reviewed	0
856293_reviewed	851030_reviewed	1
851576_reviewed	855571_reviewed	0
851259_reviewed	854735_reviewed	1
856870_reviewed	852995_reviewed	1
850888_reviewed	855991_reviewed	0
852398_reviewed	851142_reviewed	1
855118_reviewed	856449_reviewed	0
851394_reviewed	851052_reviewed	1
854273_reviewed	853638_reviewed	1
852512_reviewed	851841_reviewed	1
855149_reviewed	855639_reviewed	0
856063_reviewed	850894_reviewed	1
850647_reviewed	856461_reviewed	1
850554_reviewed	851607_reviewed	1
852724_reviewed	855041_reviewed	1
850585_reviewed	852193_reviewed	1
855836_reviewed	853059_reviewed	1
851399_reviewed	856105_reviewed	0
853743_reviewed	850394_reviewed	1
855066_reviewed	850763_reviewed	1
850768_reviewed	851874_reviewed	0
854875_reviewed	854999_reviewed	0
853100_reviewed	852762_reviewed	1
853528_reviewed	854549_reviewed	0
851394_reviewed	852378_reviewed	1
851819_reviewed	856152_reviewed	0
851906_reviewed	856752_reviewed	0
851676_reviewed	852501_reviewed	0
852547_reviewed	851964_reviewed	1
852258_reviewed	853746_reviewed	0
854745_reviewed	854745_reviewed	1
852755_reviewed	855934_reviewed	1
851394_reviewed	852133_reviewed	1
855423_reviewed	850543_reviewed	1
851841_reviewed	856089_reviewed	1
854518_reviewed	854901_reviewed	1
853463_reviewed	853071_reviewed	1
853871_reviewed	855399_reviewed	1
852100_reviewed	852766_reviewed	0
852119_reviewed	856507_reviewed	1
850767_reviewed	854168_reviewed	1
851368_reviewed	856870_reviewed	0
851394_reviewed	855967_reviewed	1
856059_reviewed	856106_reviewed	0
853756_reviewed	853884_reviewed	0
852497_reviewed	851723_reviewed	1
850585_reviewed	855570_reviewed	1
856141_reviewed	856870_reviewed	0
852357_reviewed	850808_reviewed	1
854487_reviewed	850883_reviewed	1
853275_reviewed	850824_reviewed	1
856916_reviewed	853133_reviewed	1
852697_reviewed	851730_reviewed	1
852385_reviewed	852947_reviewed	0
856862_reviewed	856317_reviewed	1
852275_reviewed	853264_reviewed	0
851751_reviewed	856147_reviewed	1
850422_reviewed	853587_reviewed	1
851568_reviewed	851678_reviewed	0
852755_reviewed	851263_reviewed	1
850808_reviewed	852025_reviewed	1
850647_reviewed	854842_reviewed	1
852418_reviewed	852986_reviewed	0
851657_reviewed	852715_reviewed	1
855017_reviewed	852766_reviewed	1
851544_reviewed	852675_reviewed	1
852814_reviewed	853909_reviewed	0
851759_reviewed	854192_reviewed	0
851906_reviewed	852962_reviewed	0
853433_reviewed	855630_reviewed	1
852879_reviewed	856901_reviewed	1
851061_reviewed	855538_reviewed	0
850760_reviewed	856201_reviewed	1
856862_reviewed	855220_reviewed	1
851678_reviewed	855882_reviewed	0
851042_reviewed	853884_reviewed	0
850647_reviewed	855325_reviewed	1
855830_reviewed	856753_reviewed	0
850983_reviewed	854527_reviewed	0
854020_reviewed	852607_reviewed	1
856831_reviewed	856831_reviewed	1
854904_reviewed	856220_reviewed	1
851394_reviewed	853852_reviewed	1
850647_reviewed	855757_reviewed	1
853029_reviewed	856012_reviewed	0
850683_reviewed	856854_reviewed	1
852695_reviewed	851142_reviewed	1
851632_reviewed	852982_reviewed	0
851771_reviewed	854424_reviewed	0
850347_reviewed	850347_reviewed	1
854286_reviewed	854776_reviewed	1
851394_reviewed	853077_reviewed	1
850358_reviewed	851566_reviewed	0
853500_reviewed	854106_reviewed	0
856463_reviewed	856063_reviewed	1
855746_reviewed	851583_reviewed	1
850647_reviewed	850982_reviewed	1
850594_reviewed	852569_reviewed	0
851250_reviewed	855496_reviewed	0
853010_reviewed	853192_reviewed	0
854446_reviewed	850652_reviewed	1
850598_reviewed	852765_reviewed	0
851136_reviewed	852665_reviewed	1
851394_reviewed	856290_reviewed	1
852974_reviewed	855639_reviewed	0
855228_reviewed	855950_reviewed	1
852816_reviewed	855585_reviewed	0
853576_reviewed	854382_reviewed	0
851400_reviewed	852678_reviewed	1
855524_reviewed	856036_reviewed	1
856422_reviewed	856607_reviewed	1
852439_reviewed	853029_reviewed	0
851924_reviewed	855977_reviewed	1
856315_reviewed	856513_reviewed	0
854071_reviewed	855954_reviewed	0
851924_reviewed	854116_reviewed	0
854265_reviewed	854691_reviewed	0
851259_reviewed	852431_reviewed	1
851394_reviewed	853221_reviewed	1
856870_reviewed	851708_reviewed	1
854322_reviewed	856297_reviewed	0
856882_reviewed	853301_reviewed	1
852697_reviewed	855226_reviewed	1
852177_reviewed	854601_reviewed	1
856891_reviewed	856918_reviewed	0
850367_reviewed	854889_reviewed	0
851394_reviewed	854939_reviewed	1
852697_reviewed	855788_reviewed	1
853712_reviewed	854093_reviewed	0
855512_reviewed	855972_reviewed	0
851099_reviewed	853271_reviewed	0
850647_reviewed	855055_reviewed	1
851996_reviewed	856736_reviewed	0
854814_reviewed	852789_reviewed	1
851424_reviewed	852569_reviewed	0
852880_reviewed	856009_reviewed	0
852728_reviewed	854322_reviewed	0
855616_reviewed	851115_reviewed	1
854713_reviewed	855630_reviewed	0
852060_reviewed	855512_reviewed	1
850598_reviewed	856134_reviewed	0
851996_reviewed	853783_reviewed	0
855068_reviewed	854078_reviewed	1
852106_reviewed	853728_reviewed	0
850806_reviewed	853390_reviewed	0
855490_reviewed	856261_reviewed	0
850506_reviewed	850734_reviewed	1
851627_reviewed	855343_reviewed	1
851394_reviewed	854977_reviewed	1
855950_reviewed	856507_reviewed	1
850951_reviewed	850962_reviewed	0
856218_reviewed	854544_reviewed	1
853364_reviewed	853583_reviewed	0
855161_reviewed	856743_reviewed	0
852755_reviewed	854017_reviewed	0
853966_reviewed	855743_reviewed	0
854372_reviewed	855661_reviewed	1
851207_reviewed	852394_reviewed	0
856169_reviewed	855512_reviewed	1
850442_reviewed	852726_reviewed	1
852624_reviewed	852762_reviewed	0
853009_reviewed	856884_reviewed	1
853434_reviewed	855563_reviewed	0
853475_reviewed	856584_reviewed	0
856449_reviewed	853682_reviewed	1
854315_reviewed	856297_reviewed	0
851032_reviewed	852385_reviewed	0
852499_reviewed	851533_reviewed	1
851389_reviewed	855104_reviewed	0
853997_reviewed	852755_reviewed	1
855821_reviewed	855821_reviewed	1
852611_reviewed	854372_reviewed	0
855053_reviewed	856059_reviewed	0
852995_reviewed	853458_reviewed	0
852624_reviewed	852402_reviewed	1
855253_reviewed	855836_reviewed	0
853509_reviewed	853509_reviewed	1
851394_reviewed	856814_reviewed	1
856753_reviewed	856901_reviewed	0
851108_reviewed	853109_reviewed	0
850620_reviewed	856141_reviewed	0
851703_reviewed	855088_reviewed	0
855787_reviewed	856677_reviewed	1
854656_reviewed	856519_reviewed	0
852399_reviewed	856604_reviewed	0
855144_reviewed	852805_reviewed	1
856457_reviewed	851168_reviewed	1
850333_reviewed	856191_reviewed	0
856254_reviewed	856680_reviewed	1
855104_reviewed	853796_reviewed	1
852457_reviewed	854373_reviewed	1
851547_reviewed	856184_reviewed	0
852258_reviewed	856291_reviewed	0
853743_reviewed	850375_reviewed	1
856895_reviewed	851193_reviewed	1
854976_reviewed	853353_reviewed	1
852449_reviewed	852966_reviewed	1
851196_reviewed	851647_reviewed	0
852106_reviewed	851261_reviewed	1
854777_reviewed	855618_reviewed	0
853011_reviewed	854776_reviewed	1
851834_reviewed	853527_reviewed	0
852469_reviewed	850999_reviewed	1
855092_reviewed	856559_reviewed	0
855155_reviewed	852896_reviewed	1
852373_reviewed	854933_reviewed	0
851394_reviewed	856088_reviewed	1
854780_reviewed	854227_reviewed	1
852042_reviewed	854119_reviewed	0
850554_reviewed	854119_reviewed	1
853983_reviewed	856587_reviewed	0
853114_reviewed	854889_reviewed	1
850878_reviewed	850878_reviewed	1
850549_reviewed	850820_reviewed	0
854937_reviewed	856449_reviewed	1
852020_reviewed	852427_reviewed	0
854212_reviewed	856191_reviewed	0
851768_reviewed	854372_reviewed	0
853011_reviewed	854956_reviewed	0
856924_reviewed	851592_reviewed	1
852765_reviewed	852673_reviewed	1
856743_reviewed	856437_reviewed	1
852084_reviewed	852344_reviewed	1
853848_reviewed	851431_reviewed	1
851475_reviewed	854063_reviewed	0
850521_reviewed	851920_reviewed	0
850713_reviewed	853539_reviewed	0
855524_reviewed	853579_reviewed	1
854765_reviewed	851928_reviewed	1
852881_reviewed	855861_reviewed	1
852875_reviewed	854068_reviewed	1
852921_reviewed	850694_reviewed	1
850647_reviewed	850359_reviewed	1
850720_reviewed	856908_reviewed	0
854162_reviewed	855489_reviewed	1
854086_reviewed	855468_reviewed	0
855538_reviewed	855538_reviewed	1
851742_reviewed	855844_reviewed	1
850454_reviewed	850720_reviewed	0
850647_reviewed	853298_reviewed	1
853264_reviewed	856437_reviewed	0
852383_reviewed	854392_reviewed	1
851457_reviewed	856223_reviewed	0
852060_reviewed	853860_reviewed	0
850647_reviewed	856766_reviewed	1
855214_reviewed	855539_reviewed	0
855463_reviewed	850612_reviewed	1
852757_reviewed	855497_reviewed	1
851509_reviewed	856091_reviewed	0
854495_reviewed	852329_reviewed	1
852193_reviewed	856903_reviewed	1
856862_reviewed	851566_reviewed	1
850904_reviewed	851431_reviewed	1
853729_reviewed	854650_reviewed	1
850603_reviewed	856057_reviewed	0
852341_reviewed	852881_reviewed	0
852649_reviewed	852676_reviewed	0
851200_reviewed	852560_reviewed	1
851696_reviewed	850792_reviewed	1
852088_reviewed	855862_reviewed	0
852477_reviewed	853332_reviewed	0
851676_reviewed	854183_reviewed	1
851670_reviewed	853904_reviewed	0
851471_reviewed	854675_reviewed	0
850806_reviewed	851567_reviewed	0
850633_reviewed	851259_reviewed	1
852762_reviewed	856571_reviewed	1
853192_reviewed	855049_reviewed	1
852230_reviewed	853638_reviewed	1
851532_reviewed	856409_reviewed	0
852250_reviewed	856042_reviewed	0
854533_reviewed	854738_reviewed	1
850962_reviewed	855838_reviewed	0
852766_reviewed	854926_reviewed	1
852239_reviewed	853456_reviewed	1
854978_reviewed	855886_reviewed	0
854106_reviewed	852860_reviewed	1
851207_reviewed	855395_reviewed	1
851394_reviewed	850773_reviewed	1
852815_reviewed	855502_reviewed	0
850647_reviewed	855082_reviewed	1
852697_reviewed	856075_reviewed	0
855836_reviewed	856787_reviewed	0
854170_reviewed	854914_reviewed	1
850554_reviewed	853587_reviewed	1
850779_reviewed	853908_reviewed	0
851000_reviewed	855950_reviewed	0
855884_reviewed	855998_reviewed	0
851379_reviewed	853877_reviewed	0
852516_reviewed	854878_reviewed	0
850921_reviewed	856579_reviewed	1
854781_reviewed	855463_reviewed	0
854507_reviewed	856507_reviewed	0
852184_reviewed	856158_reviewed	0
852322_reviewed	851887_reviewed	1
851437_reviewed	854740_reviewed	0
856323_reviewed	856323_reviewed	1
852921_reviewed	853146_reviewed	0
851394_reviewed	852202_reviewed	1
854418_reviewed	851962_reviewed	1
853681_reviewed	856052_reviewed	0
855725_reviewed	856404_reviewed	0
853355_reviewed	852258_reviewed	1
851814_reviewed	855083_reviewed	1
851394_reviewed	851430_reviewed	1
852037_reviewed	851557_reviewed	1
851450_reviewed	851884_reviewed	0
855716_reviewed	851752_reviewed	1
850346_reviewed	855386_reviewed	0
853500_reviewed	853353_reviewed	1
850647_reviewed	855781_reviewed	1
856850_reviewed	851153_reviewed	1
856848_reviewed	854485_reviewed	1
852457_reviewed	850792_reviewed	1
851499_reviewed	855890_reviewed	0
854329_reviewed	852553_reviewed	1
855789_reviewed	856255_reviewed	0
854162_reviewed	854518_reviewed	0
852704_reviewed	856063_reviewed	0
850353_reviewed	850683_reviewed	0
850966_reviewed	853406_reviewed	1
851394_reviewed	851169_reviewed	1
851154_reviewed	855836_reviewed	0
853583_reviewed	853089_reviewed	1
850741_reviewed	854976_reviewed	0
852329_reviewed	852476_reviewed	1
854980_reviewed	851369_reviewed	1
852449_reviewed	855448_reviewed	0
855505_reviewed	856030_reviewed	1
855387_reviewed	855350_reviewed	1
852373_reviewed	852001_reviewed	1
855155_reviewed	855950_reviewed	0
853381_reviewed	853649_reviewed	0
856895_reviewed	854487_reviewed	1
855535_reviewed	856674_reviewed	0
854161_reviewed	856862_reviewed	0
855957_reviewed	856267_reviewed	0
855888_reviewed	856089_reviewed	0
850720_reviewed	851776_reviewed	0
851507_reviewed	854457_reviewed	0
850657_reviewed	855557_reviewed	0
853133_reviewed	856751_reviewed	0
850896_reviewed	856315_reviewed	0
855013_reviewed	855656_reviewed	1
851924_reviewed	855957_reviewed	0
850695_reviewed	856515_reviewed	0
853133_reviewed	855605_reviewed	1
851313_reviewed	852995_reviewed	0
852313_reviewed	854343_reviewed	0
854904_reviewed	852879_reviewed	1
852329_reviewed	854682_reviewed	1
856063_reviewed	850652_reviewed	1
851335_reviewed	853598_reviewed	0
852607_reviewed	852665_reviewed	1
855972_reviewed	856870_reviewed	0
850598_reviewed	854485_reviewed	0
853870_reviewed	852276_reviewed	1
855836_reviewed	852730_reviewed	1
851394_reviewed	851083_reviewed	1
853712_reviewed	852037_reviewed	1
851394_reviewed	850879_reviewed	1
850654_reviewed	852403_reviewed	0
856686_reviewed	856421_reviewed	1
851177_reviewed	856146_reviewed	0
854263_reviewed	856317_reviewed	0
851928_reviewed	854886_reviewed	1
851319_reviewed	853682_reviewed	0
852695_reviewed	855449_reviewed	1
850647_reviewed	854715_reviewed	1
854776_reviewed	854204_reviewed	1
850888_reviewed	851034_reviewed	0
851759_reviewed	853035_reviewed	0
852931_reviewed	851368_reviewed	1
855386_reviewed	855964_reviewed	1
855514_reviewed	854263_reviewed	1
852992_reviewed	855836_reviewed	0
856360_reviewed	856091_reviewed	1
850647_reviewed	851216_reviewed	1
852291_reviewed	854980_reviewed	0
851212_reviewed	851212_reviewed	1
856601_reviewed	854318_reviewed	1
854722_reviewed	855752_reviewed	0
850647_reviewed	852945_reviewed	1
851154_reviewed	855836_reviewed	0
850647_reviewed	851099_reviewed	1
853400_reviewed	856351_reviewed	0
856731_reviewed	853147_reviewed	1
850620_reviewed	855319_reviewed	1
855017_reviewed	855267_reviewed	1
852665_reviewed	854204_reviewed	1
851988_reviewed	856016_reviewed	0
852743_reviewed	856351_reviewed	0
852968_reviewed	850888_reviewed	1
855116_reviewed	855263_reviewed	0
851394_reviewed	852418_reviewed	1
856862_reviewed	852451_reviewed	1
852771_reviewed	854622_reviewed	0
853674_reviewed	854229_reviewed	0
850888_reviewed	851494_reviewed	1
855173_reviewed	856758_reviewed	0
851373_reviewed	853539_reviewed	1
852848_reviewed	852639_reviewed	1
853895_reviewed	856320_reviewed	1
851399_reviewed	851754_reviewed	1
850904_reviewed	854149_reviewed	1
855710_reviewed	855888_reviewed	0
853806_reviewed	855083_reviewed	1
851746_reviewed	854732_reviewed	0
853782_reviewed	853876_reviewed	0
851924_reviewed	856063_reviewed	0
852457_reviewed	850907_reviewed	1
852391_reviewed	856862_reviewed	0
852873_reviewed	850611_reviewed	1
856575_reviewed	851369_reviewed	1
856737_reviewed	853146_reviewed	1
851930_reviewed	852071_reviewed	0
855505_reviewed	856696_reviewed	0
851948_reviewed	854536_reviewed	0
852794_reviewed	853422_reviewed	1
850666_reviewed	850666_reviewed	1
851752_reviewed	852697_reviewed	0
852439_reviewed	852982_reviewed	0
853350_reviewed	850652_reviewed	1
851431_reviewed	856311_reviewed	1
852618_reviewed	850543_reviewed	1
853796_reviewed	856844_reviewed	0
851841_reviewed	852996_reviewed	0
851120_reviewed	856140_reviewed	0
850818_reviewed	852786_reviewed	0
852697_reviewed	856850_reviewed	1
850983_reviewed	852641_reviewed	0
855965_reviewed	853478_reviewed	1
851071_reviewed	855013_reviewed	1
855727_reviewed	851823_reviewed	1
851800_reviewed	856422_reviewed	1
855241_reviewed	855965_reviewed	0
851431_reviewed	852830_reviewed	0
851437_reviewed	851437_reviewed	1
851318_reviewed	856751_reviewed	1
851259_reviewed	855512_reviewed	0
850647_reviewed	853033_reviewed	1
853701_reviewed	851755_reviewed	1
851733_reviewed	854694_reviewed	1
852665_reviewed	856604_reviewed	0
854827_reviewed	856571_reviewed	0
853985_reviewed	855689_reviewed	0
851568_reviewed	854882_reviewed	0
852755_reviewed	854926_reviewed	0
852312_reviewed	854318_reviewed	0
851394_reviewed	851987_reviewed	1
851576_reviewed	854656_reviewed	1
853164_reviewed	854791_reviewed	0
852141_reviewed	853313_reviewed	0
854598_reviewed	855751_reviewed	0
850647_reviewed	855651_reviewed	1
852549_reviewed	855890_reviewed	0
852796_reviewed	855669_reviewed	1
851933_reviewed	852873_reviewed	0
851042_reviewed	853056_reviewed	0
856863_reviewed	850435_reviewed	1
850696_reviewed	852258_reviewed	0
852575_reviewed	853922_reviewed	0
851143_reviewed	852371_reviewed	0
853264_reviewed	850495_reviewed	1
851259_reviewed	853892_reviewed	0
856876_reviewed	853884_reviewed	1
852819_reviewed	853828_reviewed	0
850298_reviewed	853458_reviewed	1
851411_reviewed	852541_reviewed	0
856607_reviewed	851504_reviewed	1
856732_reviewed	855888_reviewed	1
850422_reviewed	854162_reviewed	0
853806_reviewed	855017_reviewed	0
855387_reviewed	851831_reviewed	1
851136_reviewed	855841_reviewed	0
855461_reviewed	855665_reviewed	0
852879_reviewed	855103_reviewed	0
851431_reviewed	853399_reviewed	1
851061_reviewed	851259_reviewed	0
854855_reviewed	855716_reviewed	0
854123_reviewed	856723_reviewed	0
853160_reviewed	856226_reviewed	0
851906_reviewed	854017_reviewed	0
851559_reviewed	856891_reviewed	0
854827_reviewed	856738_reviewed	1
853856_reviewed	853729_reviewed	1
850499_reviewed	850874_reviewed	0
850647_reviewed	855006_reviewed	1
850409_reviewed	851475_reviewed	0
852983_reviewed	854999_reviewed	0
856508_reviewed	855483_reviewed	1
853364_reviewed	855841_reviewed	1
856732_reviewed	852889_reviewed	1
853167_reviewed	850347_reviewed	1
850647_reviewed	856262_reviewed	1
855003_reviewed	855003_reviewed	1
852982_reviewed	856012_reviewed	0
851010_reviewed	853686_reviewed	0
851431_reviewed	851467_reviewed	1
854379_reviewed	855722_reviewed	0
851394_reviewed	852033_reviewed	1
852042_reviewed	852722_reviewed	0
852001_reviewed	853167_reviewed	1
852547_reviewed	853327_reviewed	0
854839_reviewed	854839_reviewed	1
850782_reviewed	853638_reviewed	1
852170_reviewed	850905_reviewed	1
850422_reviewed	856719_reviewed	0
851928_reviewed	855668_reviewed	0
851318_reviewed	855888_reviewed	1
852277_reviewed	852694_reviewed	0
854674_reviewed	856351_reviewed	0
851803_reviewed	851803_reviewed	1
851153_reviewed	853698_reviewed	1
852569_reviewed	856862_reviewed	0
851259_reviewed	854152_reviewed	1
852276_reviewed	855478_reviewed	1
856087_reviewed	855532_reviewed	1
851893_reviewed	852439_reviewed	0
852018_reviewed	856862_reviewed	1
852377_reviewed	856484_reviewed	1
853957_reviewed	854691_reviewed	0
853576_reviewed	855843_reviewed	1
850894_reviewed	853445_reviewed	1
852767_reviewed	856267_reviewed	0
850647_reviewed	853868_reviewed	1
852553_reviewed	852816_reviewed	0
853192_reviewed	854878_reviewed	0
850793_reviewed	854818_reviewed	0
851394_reviewed	852146_reviewed	0
854106_reviewed	855888_reviewed	0
852046_reviewed	854220_reviewed	1
852549_reviewed	856466_reviewed	0
854999_reviewed	853098_reviewed	1
850890_reviewed	853639_reviewed	0
854836_reviewed	854836_reviewed	1
850551_reviewed	856815_reviewed	0
851097_reviewed	854085_reviewed	0
856422_reviewed	854735_reviewed	1
851369_reviewed	852088_reviewed	0
850505_reviewed	853861_reviewed	0
851076_reviewed	855836_reviewed	1
853041_reviewed	856183_reviewed	0
852457_reviewed	853369_reviewed	1
855824_reviewed	855968_reviewed	1
852119_reviewed	852457_reviewed	1
850320_reviewed	856317_reviewed	0
856254_reviewed	850793_reviewed	1
852694_reviewed	855263_reviewed	0
852377_reviewed	853133_reviewed	0
851394_reviewed	850633_reviewed	1
854485_reviewed	856091_reviewed	0
853936_reviewed	854106_reviewed	1
851394_reviewed	850354_reviewed	1
855258_reviewed	856859_reviewed	0
853128_reviewed	855466_reviewed	0
852348_reviewed	855104_reviewed	0
854424_reviewed	852838_reviewed	1
856155_reviewed	851394_reviewed	1
851143_reviewed	855025_reviewed	0
856751_reviewed	855155_reviewed	1
850695_reviewed	856873_reviewed	0
850647_reviewed	854733_reviewed	1
855613_reviewed	856604_reviewed	1
853681_reviewed	856891_reviewed	0
850820_reviewed	855068_reviewed	0
855047_reviewed	856103_reviewed	1
852987_reviewed	853195_reviewed	0
850333_reviewed	850631_reviewed	0
850956_reviewed	854966_reviewed	0
850806_reviewed	853364_reviewed	0
851431_reviewed	856366_reviewed	0
851265_reviewed	851821_reviewed	0
850623_reviewed	851518_reviewed	1
851928_reviewed	855357_reviewed	0
852439_reviewed	856063_reviewed	1
854381_reviewed	855977_reviewed	0
854622_reviewed	856135_reviewed	0
852457_reviewed	854981_reviewed	1
854999_reviewed	855049_reviewed	0
851010_reviewed	851834_reviewed	0
852719_reviewed	855535_reviewed	1
851259_reviewed	852136_reviewed	0
853641_reviewed	855626_reviewed	0
853956_reviewed	855730_reviewed	1
852169_reviewed	856716_reviewed	1
852230_reviewed	854273_reviewed	1
853956_reviewed	855512_reviewed	1
855049_reviewed	853264_reviewed	1
851000_reviewed	855276_reviewed	0
851923_reviewed	853782_reviewed	0
855561_reviewed	856382_reviewed	1
851259_reviewed	851499_reviewed	1
851985_reviewed	856530_reviewed	0
854827_reviewed	854191_reviewed	1
851259_reviewed	852338_reviewed	1
856870_reviewed	852088_reviewed	1
853796_reviewed	852004_reviewed	1
853442_reviewed	855737_reviewed	1
853392_reviewed	853709_reviewed	0
856220_reviewed	853017_reviewed	1
852553_reviewed	853075_reviewed	1
850656_reviewed	856106_reviewed	1
852664_reviewed	853350_reviewed	0
851103_reviewed	856035_reviewed	0
851776_reviewed	853851_reviewed	1
853192_reviewed	856115_reviewed	0
853076_reviewed	852016_reviewed	1
850620_reviewed	854474_reviewed	0
853293_reviewed	856267_reviewed	0
855118_reviewed	855789_reviewed	0
851394_reviewed	850616_reviewed	1
853997_reviewed	855743_reviewed	0
850584_reviewed	853371_reviewed	1
853929_reviewed	855568_reviewed	0
855514_reviewed	852549_reviewed	1
851752_reviewed	855661_reviewed	1
852995_reviewed	852439_reviewed	1
854136_reviewed	856079_reviewed	0
856559_reviewed	851099_reviewed	1
852080_reviewed	853806_reviewed	0
856403_reviewed	854235_reviewed	1
851518_reviewed	853071_reviewed	1
852779_reviewed	850435_reviewed	1
850500_reviewed	852468_reviewed	1
853160_reviewed	854881_reviewed	0
850999_reviewed	852749_reviewed	0
854240_reviewed	850328_reviewed	1
851815_reviewed	854509_reviewed	0
855144_reviewed	855471_reviewed	0
851206_reviewed	850826_reviewed	1
853743_reviewed	855055_reviewed	1
852575_reviewed	856223_reviewed	1
850598_reviewed	855757_reviewed	0
853450_reviewed	854245_reviewed	0
855834_reviewed	855922_reviewed	1
851771_reviewed	854247_reviewed	0
853817_reviewed	856891_reviewed	0
850485_reviewed	855383_reviewed	1
852697_reviewed	855640_reviewed	1
851173_reviewed	852697_reviewed	1
851543_reviewed	855355_reviewed	0
850585_reviewed	851428_reviewed	1
856247_reviewed	854016_reviewed	1
852767_reviewed	852982_reviewed	0
853767_reviewed	855974_reviewed	0
854949_reviewed	856011_reviewed	1
850620_reviewed	853774_reviewed	0
851010_reviewed	851557_reviewed	0
852762_reviewed	853846_reviewed	1
852681_reviewed	856453_reviewed	0
853712_reviewed	855253_reviewed	0
853060_reviewed	855888_reviewed	0
853327_reviewed	856654_reviewed	1
851318_reviewed	852357_reviewed	1
852261_reviewed	852926_reviewed	0
852697_reviewed	852732_reviewed	1
850611_reviewed	856076_reviewed	0
851831_reviewed	853416_reviewed	0
853509_reviewed	855104_reviewed	0
850764_reviewed	854829_reviewed	1
852814_reviewed	856843_reviewed	0
851394_reviewed	852953_reviewed	1
855226_reviewed	855691_reviewed	0
856863_reviewed	855972_reviewed	1
854113_reviewed	854113_reviewed	1
855613_reviewed	853160_reviewed	1
852495_reviewed	855387_reviewed	0
850454_reviewed	853060_reviewed	0
853796_reviewed	855532_reviewed	1
851394_reviewed	851755_reviewed	1
850409_reviewed	855319_reviewed	0
852440_reviewed	852722_reviewed	0
851000_reviewed	856846_reviewed	1
851255_reviewed	853851_reviewed	1
856704_reviewed	856704_reviewed	1
851394_reviewed	851181_reviewed	1
852549_reviewed	854152_reviewed	1
851431_reviewed	856434_reviewed	0
854777_reviewed	856409_reviewed	0
852549_reviewed	856095_reviewed	1
853869_reviewed	850585_reviewed	1
850905_reviewed	851332_reviewed	1
851513_reviewed	854773_reviewed	0
851112_reviewed	853758_reviewed	0
851431_reviewed	852530_reviewed	0
852780_reviewed	854949_reviewed	0
855841_reviewed	855911_reviewed	0
851471_reviewed	855828_reviewed	0
850534_reviewed	854993_reviewed	0
855706_reviewed	852053_reviewed	1
853071_reviewed	855728_reviewed	0
852399_reviewed	852497_reviewed	0
856529_reviewed	855746_reviewed	1
851475_reviewed	853191_reviewed	0
852676_reviewed	852715_reviewed	1
854106_reviewed	855828_reviewed	1
850607_reviewed	854805_reviewed	0
853147_reviewed	851557_reviewed	1
852107_reviewed	852767_reviewed	1
855888_reviewed	854956_reviewed	1
854926_reviewed	856831_reviewed	0
851988_reviewed	855611_reviewed	1
850647_reviewed	852062_reviewed	1
850914_reviewed	854138_reviewed	0
856155_reviewed	856155_reviewed	1
852241_reviewed	850554_reviewed	1
853102_reviewed	853281_reviewed	0
851389_reviewed	851636_reviewed	0
850749_reviewed	850522_reviewed	1
853301_reviewed	856317_reviewed	1
855470_reviewed	856455_reviewed	0
852265_reviewed	853523_reviewed	0
854221_reviewed	854317_reviewed	1
855458_reviewed	853082_reviewed	1
850950_reviewed	854379_reviewed	0
855892_reviewed	852453_reviewed	1
854985_reviewed	856222_reviewed	0
856680_reviewed	854656_reviewed	1
851998_reviewed	852766_reviewed	0
854034_reviewed	856085_reviewed	0
854290_reviewed	855841_reviewed	0
850763_reviewed	856848_reviewed	0
852983_reviewed	854485_reviewed	1
850754_reviewed	854979_reviewed	0
855836_reviewed	856515_reviewed	0
852673_reviewed	855404_reviewed	0
854487_reviewed	855730_reviewed	0
855836_reviewed	855584_reviewed	1
853178_reviewed	853133_reviewed	1
854920_reviewed	850627_reviewed	1
850440_reviewed	855613_reviewed	0
854379_reviewed	855897_reviewed	0
851545_reviewed	856130_reviewed	1
853539_reviewed	854201_reviewed	0
855466_reviewed	855078_reviewed	1
850577_reviewed	854072_reviewed	0
851889_reviewed	856309_reviewed	1
851759_reviewed	856315_reviewed	0
856680_reviewed	856723_reviewed	0
852995_reviewed	854487_reviewed	0
850956_reviewed	856281_reviewed	0
853160_reviewed	852804_reviewed	1
854940_reviewed	856572_reviewed	1
853556_reviewed	854937_reviewed	0
851520_reviewed	854453_reviewed	1
851776_reviewed	850806_reviewed	1
853535_reviewed	854382_reviewed	1
854444_reviewed	851168_reviewed	1
853728_reviewed	854168_reviewed	0
851394_reviewed	855622_reviewed	1
850627_reviewed	851195_reviewed	0
853433_reviewed	855711_reviewed	0
852049_reviewed	855897_reviewed	1
854284_reviewed	855466_reviewed	0
852757_reviewed	855884_reviewed	1
856863_reviewed	854229_reviewed	1
852715_reviewed	853552_reviewed	0
853167_reviewed	851592_reviewed	1
851212_reviewed	853589_reviewed	0
856530_reviewed	856736_reviewed	0
853434_reviewed	855563_reviewed	0
853956_reviewed	855890_reviewed	1
851318_reviewed	851143_reviewed	1
850351_reviewed	850713_reviewed	0
855957_reviewed	856255_reviewed	0
855203_reviewed	855642_reviewed	1
855535_reviewed	854381_reviewed	1
851394_reviewed	854678_reviewed	1
850607_reviewed	853090_reviewed	1
856675_reviewed	853538_reviewed	1
855520_reviewed	854999_reviewed	1
851318_reviewed	852410_reviewed	0
851136_reviewed	855911_reviewed	0
851394_reviewed	853298_reviewed	1
853535_reviewed	854322_reviewed	1
855119_reviewed	854222_reviewed	1
852403_reviewed	851064_reviewed	1
850760_reviewed	851906_reviewed	0
850358_reviewed	852504_reviewed	0
851394_reviewed	851407_reviewed	1
852765_reviewed	853895_reviewed	0
855836_reviewed	853091_reviewed	1
852996_reviewed	853523_reviewed	0
853796_reviewed	855448_reviewed	1
851265_reviewed	855965_reviewed	1
851609_reviewed	855393_reviewed	0
850445_reviewed	851509_reviewed	0
852193_reviewed	853157_reviewed	0
853796_reviewed	852421_reviewed	1
852749_reviewed	853089_reviewed	0
853678_reviewed	852948_reviewed	1
854243_reviewed	856095_reviewed	0
853318_reviewed	851394_reviewed	1
852805_reviewed	855616_reviewed	1
852358_reviewed	852757_reviewed	0
851125_reviewed	853450_reviewed	0
850647_reviewed	855705_reviewed	1
855974_reviewed	855665_reviewed	1
852991_reviewed	853834_reviewed	1
852497_reviewed	853167_reviewed	1
851220_reviewed	856731_reviewed	0
851450_reviewed	853133_reviewed	0
850419_reviewed	851562_reviewed	0
854252_reviewed	855180_reviewed	1
851928_reviewed	851259_reviewed	1
854283_reviewed	855281_reviewed	0
852079_reviewed	852394_reviewed	0
851482_reviewed	853782_reviewed	0
851895_reviewed	856091_reviewed	0
852697_reviewed	856823_reviewed	1
851520_reviewed	855158_reviewed	0
852697_reviewed	856029_reviewed	1
851759_reviewed	854284_reviewed	0
852344_reviewed	853681_reviewed	1
852697_reviewed	853922_reviewed	0
853552_reviewed	854507_reviewed	0
851752_reviewed	853395_reviewed	1
855897_reviewed	856846_reviewed	0
851110_reviewed	851495_reviewed	1
851143_reviewed	855836_reviewed	0
851906_reviewed	854059_reviewed	0
855613_reviewed	856870_reviewed	0
853667_reviewed	856518_reviewed	0
852897_reviewed	853136_reviewed	0
852881_reviewed	854664_reviewed	1
856305_reviewed	856305_reviewed	1
851911_reviewed	854627_reviewed	0
852697_reviewed	856076_reviewed	0
854710_reviewed	856870_reviewed	0
852697_reviewed	850695_reviewed	1
852951_reviewed	854992_reviewed	1
852697_reviewed	850798_reviewed	1
855005_reviewed	856709_reviewed	0
854662_reviewed	854662_reviewed	1
851660_reviewed	856719_reviewed	0
850423_reviewed	853361_reviewed	0
855983_reviewed	852394_reviewed	1
854322_reviewed	856254_reviewed	0
850973_reviewed	856507_reviewed	0
853178_reviewed	854948_reviewed	1
855897_reviewed	856351_reviewed	0
851148_reviewed	851148_reviewed	1
853682_reviewed	853682_reviewed	1
854242_reviewed	850973_reviewed	1
856126_reviewed	850652_reviewed	1
852654_reviewed	851223_reviewed	1
851032_reviewed	854680_reviewed	1
852549_reviewed	855890_reviewed	0
855041_reviewed	851831_reviewed	1
851969_reviewed	853048_reviewed	1
850863_reviewed	853359_reviewed	1
851994_reviewed	855013_reviewed	1
852410_reviewed	852809_reviewed	1
850647_reviewed	853757_reviewed	1
851475_reviewed	851475_reviewed	1
851394_reviewed	856792_reviewed	1
850909_reviewed	855496_reviewed	0
852218_reviewed	853912_reviewed	0
852031_reviewed	856518_reviewed	0
852234_reviewed	852592_reviewed	0
850401_reviewed	853185_reviewed	0
856154_reviewed	851797_reviewed	1
852425_reviewed	852394_reviewed	1
855836_reviewed	856305_reviewed	0
851559_reviewed	853857_reviewed	0
851645_reviewed	855539_reviewed	0
853195_reviewed	850623_reviewed	1
856870_reviewed	854507_reviewed	1
852071_reviewed	852673_reviewed	0
855104_reviewed	855066_reviewed	1
850713_reviewed	852094_reviewed	1
853325_reviewed	855221_reviewed	0
854474_reviewed	856709_reviewed	1
856058_reviewed	856484_reviewed	1
851394_reviewed	851964_reviewed	1
854583_reviewed	854598_reviewed	0
851832_reviewed	856057_reviewed	1
854381_reviewed	850688_reviewed	1
851404_reviewed	852757_reviewed	0
852779_reviewed	855836_reviewed	0
851996_reviewed	850504_reviewed	1
852100_reviewed	856058_reviewed	0
851394_reviewed	851647_reviewed	1
856216_reviewed	852025_reviewed	1
854780_reviewed	855543_reviewed	1
856463_reviewed	854446_reviewed	1
850688_reviewed	855789_reviewed	0
855618_reviewed	855630_reviewed	0
855687_reviewed	853017_reviewed	1
853504_reviewed	852673_reviewed	1
852545_reviewed	855880_reviewed	0
852880_reviewed	854544_reviewed	0
853857_reviewed	853877_reviewed	0
853192_reviewed	855974_reviewed	1
852787_reviewed	856743_reviewed	0
851893_reviewed	853419_reviewed	1
851482_reviewed	856088_reviewed	0
850343_reviewed	851820_reviewed	0
854487_reviewed	856603_reviewed	1
852399_reviewed	853900_reviewed	1
855311_reviewed	855591_reviewed	0
856815_reviewed	855884_reviewed	1
852434_reviewed	854023_reviewed	0
850878_reviewed	856026_reviewed	0
855515_reviewed	850495_reviewed	1
854933_reviewed	852865_reviewed	1
850785_reviewed	851700_reviewed	0
852402_reviewed	851052_reviewed	1
851817_reviewed	854627_reviewed	1
851636_reviewed	854405_reviewed	0
851924_reviewed	855335_reviewed	0
852896_reviewed	854697_reviewed	0
852019_reviewed	852019_reviewed	1
850868_reviewed	852106_reviewed	0
855783_reviewed	852351_reviewed	1
854183_reviewed	856507_reviewed	0
854415_reviewed	856820_reviewed	0
850647_reviewed	851757_reviewed	1
851394_reviewed	855028_reviewed	1
850923_reviewed	853649_reviewed	0
852532_reviewed	855975_reviewed	0
851874_reviewed	855633_reviewed	0
854283_reviewed	855263_reviewed	0
851678_reviewed	852612_reviewed	0
853433_reviewed	856409_reviewed	0
851928_reviewed	856870_reviewed	0
852773_reviewed	852987_reviewed	0
853589_reviewed	856846_reviewed	0
850779_reviewed	855082_reviewed	0
852575_reviewed	856846_reviewed	0
851209_reviewed	855625_reviewed	1
852834_reviewed	851557_reviewed	1
850709_reviewed	851636_reviewed	0
852728_reviewed	852607_reviewed	1
852995_reviewed	854078_reviewed	1
854697_reviewed	854835_reviewed	0
855624_reviewed	855699_reviewed	1
856141_reviewed	856141_reviewed	1
855409_reviewed	854018_reviewed	1
853482_reviewed	856589_reviewed	0
855974_reviewed	856437_reviewed	0
852399_reviewed	850399_reviewed	1
853300_reviewed	852806_reviewed	1
853160_reviewed	854381_reviewed	0
856126_reviewed	855789_reviewed	1
851509_reviewed	855891_reviewed	1
854649_reviewed	850900_reviewed	1
852194_reviewed	855897_reviewed	0
850422_reviewed	853956_reviewed	0
852325_reviewed	854790_reviewed	0
850539_reviewed	852713_reviewed	0
855833_reviewed	856320_reviewed	0
852170_reviewed	856362_reviewed	1
853851_reviewed	854351_reviewed	1
854449_reviewed	855897_reviewed	0
853456_reviewed	856429_reviewed	0
852352_reviewed	852885_reviewed	0
852106_reviewed	855613_reviewed	0
850803_reviewed	854204_reviewed	1
856220_reviewed	851142_reviewed	1
855655_reviewed	856498_reviewed	0
850620_reviewed	850903_reviewed	1
850677_reviewed	851142_reviewed	1
854106_reviewed	854976_reviewed	0
855907_reviewed	850995_reviewed	1
851897_reviewed	856891_reviewed	0
851005_reviewed	851889_reviewed	0
854066_reviewed	854450_reviewed	0
856726_reviewed	856168_reviewed	1
851394_reviewed	852489_reviewed	1
855116_reviewed	850598_reviewed	1
851369_reviewed	852371_reviewed	0
850799_reviewed	852033_reviewed	1
851224_reviewed	852109_reviewed	0
852547_reviewed	852757_reviewed	0
852880_reviewed	853803_reviewed	0
851661_reviewed	853355_reviewed	0
853090_reviewed	853599_reviewed	1
850785_reviewed	856892_reviewed	1
851893_reviewed	854793_reviewed	0
850874_reviewed	855836_reviewed	0
854700_reviewed	855788_reviewed	1
854567_reviewed	856351_reviewed	0
852592_reviewed	855757_reviewed	1
853851_reviewed	854675_reviewed	0
852499_reviewed	856168_reviewed	1
850983_reviewed	851761_reviewed	0
850728_reviewed	855093_reviewed	0
851559_reviewed	851884_reviewed	0
853846_reviewed	854423_reviewed	1
851847_reviewed	852611_reviewed	1
856382_reviewed	851024_reviewed	1
852697_reviewed	855423_reviewed	0
852265_reviewed	854966_reviewed	0
854068_reviewed	855357_reviewed	0
851394_reviewed	855897_reviewed	1
855356_reviewed	855836_reviewed	0
850760_reviewed	852713_reviewed	0
851870_reviewed	851333_reviewed	1
851369_reviewed	853181_reviewed	1
852697_reviewed	854894_reviewed	1
852685_reviewed	851768_reviewed	1
852700_reviewed	851457_reviewed	1
856083_reviewed	850935_reviewed	1
851259_reviewed	852876_reviewed	1
850440_reviewed	851259_reviewed	1
852229_reviewed	855428_reviewed	1
851085_reviewed	856736_reviewed	0
850950_reviewed	854263_reviewed	0
852071_reviewed	855276_reviewed	0
850594_reviewed	851452_reviewed	1
856924_reviewed	852351_reviewed	1
852624_reviewed	851259_reviewed	1
852805_reviewed	856698_reviewed	0
852592_reviewed	853264_reviewed	1
852239_reviewed	852880_reviewed	0
853353_reviewed	854656_reviewed	0
856674_reviewed	852223_reviewed	1
850649_reviewed	853956_reviewed	0
851394_reviewed	852257_reviewed	1
852066_reviewed	851870_reviewed	1
852305_reviewed	852896_reviewed	0
853552_reviewed	850827_reviewed	1
850820_reviewed	851548_reviewed	0
850763_reviewed	854424_reviewed	0
854078_reviewed	854229_reviewed	1
854449_reviewed	855972_reviewed	0
850505_reviewed	854909_reviewed	0
854487_reviewed	854518_reviewed	0
851249_reviewed	856483_reviewed	0
853418_reviewed	855240_reviewed	1
850647_reviewed	855833_reviewed	1
853428_reviewed	855664_reviewed	0
851660_reviewed	852007_reviewed	0
855335_reviewed	856255_reviewed	0
855884_reviewed	856228_reviewed	1
852816_reviewed	856605_reviewed	0
853221_reviewed	853875_reviewed	0
851721_reviewed	851813_reviewed	1
852062_reviewed	855505_reviewed	0
853715_reviewed	856320_reviewed	0
854076_reviewed	854477_reviewed	0
854149_reviewed	851462_reviewed	1
851335_reviewed	851041_reviewed	1
853817_reviewed	854230_reviewed	0
851024_reviewed	855555_reviewed	1
851259_reviewed	856876_reviewed	0
855520_reviewed	854212_reviewed	1
851820_reviewed	854983_reviewed	0
850419_reviewed	854675_reviewed	0
854749_reviewed	856364_reviewed	0
855049_reviewed	856613_reviewed	0
852697_reviewed	853089_reviewed	0
851083_reviewed	854095_reviewed	0
856814_reviewed	854736_reviewed	1
851098_reviewed	853503_reviewed	0
850713_reviewed	856507_reviewed	0
850504_reviewed	851051_reviewed	1
851857_reviewed	854387_reviewed	1
850504_reviewed	851085_reviewed	0
852755_reviewed	856732_reviewed	0
852218_reviewed	856191_reviewed	0
855836_reviewed	852327_reviewed	1
852477_reviewed	854386_reviewed	1
850695_reviewed	851859_reviewed	0
853523_reviewed	856201_reviewed	0
850744_reviewed	851756_reviewed	1
854776_reviewed	853609_reviewed	1
853877_reviewed	852451_reviewed	1
851318_reviewed	856360_reviewed	0
852549_reviewed	856466_reviewed	0
856069_reviewed	856305_reviewed	0
852722_reviewed	854980_reviewed	0
852995_reviewed	853458_reviewed	0
852169_reviewed	850396_reviewed	1
856848_reviewed	856912_reviewed	1
852031_reviewed	856843_reviewed	0
852880_reviewed	851557_reviewed	1
851169_reviewed	852697_reviewed	0
850647_reviewed	854124_reviewed	1
852790_reviewed	854166_reviewed	1
850401_reviewed	852371_reviewed	0
851756_reviewed	854188_reviewed	1
856489_reviewed	856603_reviewed	0
855005_reviewed	856085_reviewed	0
856862_reviewed	850314_reviewed	1
853112_reviewed	855252_reviewed	1
853733_reviewed	854701_reviewed	1
850869_reviewed	851874_reviewed	0
850623_reviewed	853161_reviewed	0
854093_reviewed	854093_reviewed	1
851085_reviewed	851532_reviewed	1
855048_reviewed	854084_reviewed	1
851392_reviewed	852233_reviewed	1
853244_reviewed	852501_reviewed	1
852834_reviewed	854229_reviewed	0
850983_reviewed	856870_reviewed	1
854544_reviewed	855616_reviewed	0
851196_reviewed	856513_reviewed	0
851545_reviewed	851623_reviewed	1
852697_reviewed	850879_reviewed	1
851161_reviewed	854149_reviewed	0
851500_reviewed	855821_reviewed	0
856731_reviewed	856674_reviewed	1
852007_reviewed	853956_reviewed	0
851482_reviewed	855633_reviewed	1
851513_reviewed	850601_reviewed	1
855506_reviewed	850534_reviewed	1
854349_reviewed	851359_reviewed	1
851259_reviewed	852319_reviewed	1
853318_reviewed	855974_reviewed	0
851394_reviewed	850783_reviewed	1
855828_reviewed	856891_reviewed	1
851389_reviewed	852039_reviewed	0
852119_reviewed	854647_reviewed	1
855728_reviewed	856589_reviewed	0
851125_reviewed	856063_reviewed	0
855155_reviewed	851821_reviewed	1
854229_reviewed	856840_reviewed	0
852042_reviewed	856083_reviewed	0
851666_reviewed	850719_reviewed	1
855836_reviewed	851741_reviewed	1
852371_reviewed	852697_reviewed	0
853191_reviewed	853576_reviewed	0
851834_reviewed	851324_reviewed	1
855704_reviewed	856146_reviewed	0
850620_reviewed	855836_reviewed	0
851005_reviewed	854960_reviewed	1
851225_reviewed	856507_reviewed	0
850719_reviewed	856920_reviewed	0
854223_reviewed	856648_reviewed	0
852592_reviewed	855049_reviewed	1
853682_reviewed	856267_reviewed	0
853090_reviewed	853478_reviewed	0
854292_reviewed	855347_reviewed	0
854229_reviewed	854369_reviewed	0
855613_reviewed	855952_reviewed	0
855925_reviewed	853681_reviewed	1
852881_reviewed	854317_reviewed	0
855828_reviewed	855017_reviewed	1
851895_reviewed	855083_reviewed	1
856267_reviewed	851403_reviewed	1
851126_reviewed	852896_reviewed	0
851643_reviewed	856584_reviewed	0
853195_reviewed	854229_reviewed	0
855663_reviewed	854543_reviewed	1
853192_reviewed	856146_reviewed	1
852779_reviewed	852896_reviewed	0
852325_reviewed	854622_reviewed	1
850763_reviewed	856822_reviewed	0
851648_reviewed	851567_reviewed	1
850639_reviewed	856425_reviewed	1
850440_reviewed	856912_reviewed	1
850623_reviewed	851964_reviewed	0
852973_reviewed	854745_reviewed	0
853128_reviewed	853361_reviewed	0
850767_reviewed	853675_reviewed	0
853909_reviewed	855264_reviewed	0
850636_reviewed	851102_reviewed	1
850744_reviewed	856183_reviewed	0
852697_reviewed	856799_reviewed	0
853442_reviewed	853161_reviewed	1
850445_reviewed	852410_reviewed	1
852938_reviewed	854034_reviewed	0
850409_reviewed	855621_reviewed	0
852880_reviewed	856223_reviewed	1
852013_reviewed	852371_reviewed	1
850530_reviewed	852553_reviewed	0
850396_reviewed	853554_reviewed	0
852697_reviewed	855665_reviewed	1
851482_reviewed	855271_reviewed	1
851660_reviewed	851632_reviewed	1
851255_reviewed	855888_reviewed	0
854697_reviewed	856807_reviewed	0
851394_reviewed	852394_reviewed	1
851688_reviewed	856463_reviewed	0
851259_reviewed	855497_reviewed	0
854426_reviewed	856484_reviewed	0
852834_reviewed	850613_reviewed	1
851113_reviewed	851424_reviewed	0
852549_reviewed	850764_reviewed	1
850554_reviewed	851259_reviewed	1
852353_reviewed	854948_reviewed	0
852790_reviewed	854229_reviewed	0
850623_reviewed	855974_reviewed	0
850329_reviewed	850692_reviewed	0
855505_reviewed	851813_reviewed	1
852697_reviewed	853910_reviewed	0
854262_reviewed	854262_reviewed	1
853461_reviewed	853723_reviewed	0
856732_reviewed	851968_reviewed	1
851083_reviewed	855224_reviewed	0
851103_reviewed	854664_reviewed	0
853016_reviewed	853796_reviewed	0
851805_reviewed	851928_reviewed	1
852501_reviewed	854543_reviewed	0
856607_reviewed	855362_reviewed	1
850298_reviewed	853166_reviewed	0
850808_reviewed	852624_reviewed	0
856815_reviewed	851924_reviewed	1
856012_reviewed	850652_reviewed	1
851030_reviewed	851503_reviewed	0
855908_reviewed	852983_reviewed	1
852487_reviewed	854697_reviewed	0
851678_reviewed	854265_reviewed	1
851632_reviewed	853419_reviewed	0
852765_reviewed	855328_reviewed	0
853109_reviewed	856317_reviewed	0
854381_reviewed	850652_reviewed	1
851470_reviewed	854691_reviewed	0
850894_reviewed	854078_reviewed	0
852848_reviewed	852088_reviewed	1
852980_reviewed	852980_reviewed	1
854777_reviewed	856409_reviewed	0
852088_reviewed	852639_reviewed	1
851394_reviewed	850764_reviewed	1
853458_reviewed	855335_reviewed	0
855711_reviewed	853157_reviewed	1
850763_reviewed	850956_reviewed	0
856488_reviewed	855335_reviewed	1
851503_reviewed	854232_reviewed	1
855501_reviewed	856677_reviewed	0
851752_reviewed	855972_reviewed	0
850562_reviewed	850562_reviewed	1
852704_reviewed	853458_reviewed	0
854882_reviewed	852873_reviewed	1
851369_reviewed	855405_reviewed	0
855600_reviewed	856519_reviewed	0
855836_reviewed	851670_reviewed	1
856862_reviewed	850620_reviewed	1
851803_reviewed	852184_reviewed	0
852697_reviewed	853666_reviewed	1
854662_reviewed	851708_reviewed	1
853566_reviewed	856105_reviewed	1
851412_reviewed	853811_reviewed	1
853161_reviewed	852938_reviewed	1
851726_reviewed	856384_reviewed	0
852673_reviewed	853318_reviewed	0
855897_reviewed	853347_reviewed	1
852568_reviewed	854935_reviewed	0
850647_reviewed	855142_reviewed	1
854372_reviewed	856862_reviewed	1
850549_reviewed	853860_reviewed	1
855466_reviewed	856217_reviewed	1
856351_reviewed	855591_reviewed	1
852057_reviewed	851166_reviewed	1
851544_reviewed	854149_reviewed	0
852171_reviewed	856695_reviewed	0
850447_reviewed	854974_reviewed	1
850693_reviewed	855203_reviewed	0
851264_reviewed	853201_reviewed	1
851979_reviewed	851676_reviewed	1
851821_reviewed	852624_reviewed	0
856736_reviewed	854889_reviewed	1
851495_reviewed	854322_reviewed	0
851099_reviewed	853244_reviewed	0
852860_reviewed	856183_reviewed	1
853293_reviewed	855649_reviewed	0
850554_reviewed	853128_reviewed	1
853313_reviewed	855836_reviewed	0
851168_reviewed	855271_reviewed	0
852888_reviewed	856317_reviewed	1
855836_reviewed	854663_reviewed	1
850983_reviewed	853748_reviewed	0
851399_reviewed	852296_reviewed	1
853871_reviewed	851255_reviewed	1
851034_reviewed	854373_reviewed	1
852819_reviewed	855356_reviewed	1
854681_reviewed	850527_reviewed	1
854806_reviewed	856743_reviewed	0
851103_reviewed	852779_reviewed	1
852101_reviewed	856103_reviewed	1
853713_reviewed	855737_reviewed	1
855630_reviewed	850450_reviewed	1
852532_reviewed	855616_reviewed	1
850995_reviewed	854667_reviewed	1
856012_reviewed	853682_reviewed	1
851199_reviewed	856846_reviewed	1
853503_reviewed	856615_reviewed	0
853681_reviewed	854485_reviewed	1
854038_reviewed	851458_reviewed	1
850747_reviewed	853774_reviewed	0
850647_reviewed	852332_reviewed	1
853353_reviewed	852385_reviewed	1
854243_reviewed	855104_reviewed	0
852512_reviewed	855263_reviewed	0
851266_reviewed	854818_reviewed	1
852665_reviewed	852865_reviewed	1
852768_reviewed	854697_reviewed	0
852697_reviewed	851754_reviewed	1
853048_reviewed	853498_reviewed	0
853713_reviewed	855599_reviewed	0
853219_reviewed	852724_reviewed	1
850620_reviewed	851643_reviewed	0
851797_reviewed	853488_reviewed	0
856649_reviewed	851259_reviewed	1
852214_reviewed	856709_reviewed	0
850930_reviewed	855478_reviewed	0
850832_reviewed	855957_reviewed	0
854999_reviewed	853011_reviewed	1
852880_reviewed	854882_reviewed	0
852995_reviewed	854487_reviewed	0
853712_reviewed	850613_reviewed	1
856515_reviewed	850912_reviewed	1
852021_reviewed	855730_reviewed	1
851259_reviewed	856533_reviewed	1
853840_reviewed	853936_reviewed	1
851549_reviewed	852416_reviewed	0
855512_reviewed	854227_reviewed	1
853767_reviewed	850808_reviewed	1
853304_reviewed	854817_reviewed	0
850298_reviewed	850549_reviewed	0
852238_reviewed	853031_reviewed	1
854086_reviewed	855974_reviewed	0
853034_reviewed	853477_reviewed	0
854085_reviewed	852057_reviewed	1
852042_reviewed	856376_reviewed	0
850695_reviewed	852767_reviewed	1
852326_reviewed	856507_reviewed	0
855574_reviewed	854915_reviewed	1
855728_reviewed	856870_reviewed	0
854431_reviewed	854231_reviewed	1
856709_reviewed	856763_reviewed	1
855570_reviewed	855646_reviewed	0
851212_reviewed	855386_reviewed	0
851752_reviewed	855224_reviewed	1
855906_reviewed	853429_reviewed	1
850793_reviewed	855276_reviewed	0
853638_reviewed	852079_reviewed	1
852083_reviewed	853076_reviewed	1
853034_reviewed	854352_reviewed	0
853728_reviewed	856515_reviewed	0
855841_reviewed	856119_reviewed	1
850419_reviewed	854680_reviewed	1
852697_reviewed	853256_reviewed	1
852697_reviewed	855862_reviewed	0
851030_reviewed	850793_reviewed	1
856012_reviewed	850435_reviewed	1
851454_reviewed	856384_reviewed	0
852662_reviewed	855687_reviewed	0
851471_reviewed	856751_reviewed	1
850539_reviewed	853816_reviewed	1
851394_reviewed	854152_reviewed	1
852003_reviewed	856223_reviewed	1
852767_reviewed	854116_reviewed	0
851549_reviewed	853100_reviewed	0
856290_reviewed	850346_reviewed	1
855253_reviewed	856315_reviewed	0
856134_reviewed	856453_reviewed	0
850878_reviewed	852440_reviewed	0
851798_reviewed	856836_reviewed	0
850712_reviewed	852987_reviewed	0
851741_reviewed	856130_reviewed	0
852501_reviewed	854192_reviewed	0
851451_reviewed	852235_reviewed	0
850763_reviewed	856012_reviewed	1
850971_reviewed	851874_reviewed	0
852079_reviewed	851591_reviewed	1
853275_reviewed	854379_reviewed	0
853585_reviewed	851892_reviewed	1
850983_reviewed	854392_reviewed	0
853555_reviewed	856519_reviewed	0
852549_reviewed	853062_reviewed	0
851957_reviewed	853824_reviewed	1
851441_reviewed	855159_reviewed	1
854286_reviewed	851844_reviewed	1
853198_reviewed	854447_reviewed	0
851222_reviewed	850504_reviewed	1
856394_reviewed	851592_reviewed	1
852982_reviewed	854204_reviewed	1
852088_reviewed	854261_reviewed	1
853806_reviewed	853851_reviewed	1
855499_reviewed	850983_reviewed	1
853783_reviewed	856530_reviewed	0
851224_reviewed	853608_reviewed	0
852779_reviewed	855836_reviewed	0
854793_reviewed	856463_reviewed	0
855458_reviewed	856057_reviewed	0
851471_reviewed	854749_reviewed	1
851906_reviewed	854469_reviewed	0
852322_reviewed	856891_reviewed	0
855171_reviewed	856075_reviewed	0
856226_reviewed	851394_reviewed	1
850422_reviewed	855591_reviewed	1
853147_reviewed	856223_reviewed	1
853177_reviewed	853429_reviewed	0
850768_reviewed	853954_reviewed	0
851071_reviewed	851032_reviewed	1
852645_reviewed	856304_reviewed	0
853922_reviewed	856083_reviewed	0
852042_reviewed	855104_reviewed	0
856303_reviewed	856505_reviewed	0
852984_reviewed	853369_reviewed	1
853147_reviewed	850554_reviewed	1
853364_reviewed	853734_reviewed	0
853160_reviewed	851678_reviewed	1
853851_reviewed	855979_reviewed	0
852457_reviewed	851306_reviewed	1
856126_reviewed	850688_reviewed	1
850908_reviewed	852896_reviewed	0
854974_reviewed	853398_reviewed	1
855751_reviewed	852921_reviewed	1
851969_reviewed	855335_reviewed	0
853954_reviewed	855466_reviewed	0
854402_reviewed	856870_reviewed	1
853060_reviewed	856870_reviewed	1
852703_reviewed	854977_reviewed	0
854533_reviewed	850962_reviewed	1
854882_reviewed	852239_reviewed	1
852261_reviewed	856140_reviewed	0
856587_reviewed	856587_reviewed	1
852728_reviewed	852838_reviewed	0
854889_reviewed	854123_reviewed	1
852512_reviewed	856223_reviewed	0
856856_reviewed	851543_reviewed	1
854669_reviewed	850843_reviewed	1
856536_reviewed	851431_reviewed	1
851680_reviewed	855466_reviewed	0
852951_reviewed	856184_reviewed	0
853199_reviewed	856618_reviewed	0
851083_reviewed	852661_reviewed	0
851890_reviewed	850320_reviewed	1
851441_reviewed	851441_reviewed	1
852338_reviewed	856490_reviewed	0
856130_reviewed	854019_reviewed	1
852607_reviewed	854999_reviewed	1
851887_reviewed	850992_reviewed	1
852440_reviewed	851320_reviewed	1
851394_reviewed	853587_reviewed	1
851255_reviewed	852762_reviewed	0
850620_reviewed	856305_reviewed	0
855041_reviewed	851494_reviewed	1
851259_reviewed	853836_reviewed	1
855214_reviewed	855386_reviewed	1
854300_reviewed	855458_reviewed	1
852734_reviewed	854380_reviewed	0
852951_reviewed	855874_reviewed	1
852497_reviewed	856320_reviewed	1
853712_reviewed	851140_reviewed	1
851557_reviewed	854138_reviewed	0
855466_reviewed	850872_reviewed	1
851195_reviewed	854835_reviewed	0
851076_reviewed	851746_reviewed	1
856030_reviewed	855522_reviewed	1
852802_reviewed	856226_reviewed	0
850554_reviewed	851394_reviewed	1
853743_reviewed	850945_reviewed	1
853909_reviewed	854102_reviewed	0
852654_reviewed	856483_reviewed	0
855328_reviewed	851813_reviewed	1
851576_reviewed	852373_reviewed	0
852060_reviewed	851924_reviewed	1
851998_reviewed	852275_reviewed	0
850820_reviewed	854381_reviewed	0
852439_reviewed	855972_reviewed	1
852918_reviewed	851200_reviewed	1
851688_reviewed	853682_reviewed	0
856254_reviewed	856916_reviewed	0
852457_reviewed	855836_reviewed	1
851143_reviewed	851243_reviewed	0
852492_reviewed	856519_reviewed	0
850720_reviewed	851542_reviewed	0
855281_reviewed	854956_reviewed	1
850733_reviewed	851059_reviewed	0
851761_reviewed	855468_reviewed	0
852697_reviewed	855061_reviewed	1
851154_reviewed	852003_reviewed	0
850695_reviewed	856317_reviewed	0
855155_reviewed	855911_reviewed	1
852326_reviewed	853351_reviewed	0
850587_reviewed	854953_reviewed	0
852497_reviewed	854684_reviewed	0
854827_reviewed	856571_reviewed	0
851259_reviewed	851741_reviewed	1
850808_reviewed	856852_reviewed	0
854283_reviewed	851404_reviewed	1
855828_reviewed	856065_reviewed	1
852740_reviewed	851824_reviewed	1
855118_reviewed	852007_reviewed	1
852996_reviewed	856223_reviewed	0
851482_reviewed	852106_reviewed	1
853967_reviewed	854487_reviewed	1
855478_reviewed	850504_reviewed	1
852088_reviewed	855728_reviewed	0
850973_reviewed	854507_reviewed	0
852767_reviewed	854229_reviewed	1
851108_reviewed	855613_reviewed	0
855242_reviewed	856057_reviewed	0
855974_reviewed	856908_reviewed	0
851676_reviewed	856142_reviewed	1
851265_reviewed	852080_reviewed	1
850973_reviewed	852715_reviewed	0
854368_reviewed	854368_reviewed	1
855862_reviewed	856076_reviewed	0
855489_reviewed	854243_reviewed	1
852549_reviewed	852982_reviewed	1
853033_reviewed	854583_reviewed	0
852787_reviewed	855873_reviewed	0
850585_reviewed	850657_reviewed	1
850888_reviewed	852090_reviewed	0
852128_reviewed	856173_reviewed	0
850298_reviewed	856449_reviewed	0
855974_reviewed	851723_reviewed	1
851520_reviewed	854381_reviewed	0
854669_reviewed	856268_reviewed	1
851911_reviewed	853298_reviewed	0
855524_reviewed	853390_reviewed	1
851678_reviewed	855972_reviewed	1
856831_reviewed	855228_reviewed	1
852100_reviewed	854388_reviewed	0
852896_reviewed	855130_reviewed	0
854819_reviewed	856409_reviewed	0
851575_reviewed	854379_reviewed	0
851592_reviewed	856738_reviewed	0
854017_reviewed	855055_reviewed	0
851212_reviewed	854773_reviewed	1
850539_reviewed	851424_reviewed	1
850297_reviewed	852410_reviewed	0
854791_reviewed	854020_reviewed	1
854881_reviewed	856012_reviewed	0
852107_reviewed	853728_reviewed	1
855460_reviewed	856291_reviewed	1
855055_reviewed	855203_reviewed	0
852885_reviewed	850504_reviewed	1
852353_reviewed	856922_reviewed	0
856076_reviewed	855882_reviewed	1
856854_reviewed	854668_reviewed	1
851008_reviewed	851494_reviewed	0
852655_reviewed	850506_reviewed	1
851874_reviewed	855360_reviewed	0
851874_reviewed	853194_reviewed	0
851632_reviewed	854116_reviewed	1
853011_reviewed	853264_reviewed	0
853016_reviewed	855184_reviewed	0
850440_reviewed	853994_reviewed	0
851394_reviewed	854701_reviewed	1
856063_reviewed	851632_reviewed	1
852703_reviewed	854265_reviewed	0
853597_reviewed	856095_reviewed	0
854322_reviewed	856251_reviewed	1
856077_reviewed	856476_reviewed	0
853985_reviewed	856115_reviewed	0
854742_reviewed	854742_reviewed	1
852003_reviewed	852569_reviewed	0
855789_reviewed	855972_reviewed	1
856076_reviewed	856468_reviewed	1
851259_reviewed	856311_reviewed	1
854543_reviewed	855862_reviewed	0
852399_reviewed	855950_reviewed	0
853114_reviewed	856106_reviewed	0
851557_reviewed	854902_reviewed	0
851928_reviewed	852039_reviewed	0
855925_reviewed	851318_reviewed	1
852787_reviewed	853531_reviewed	0
851452_reviewed	851905_reviewed	0
852806_reviewed	853133_reviewed	0
850763_reviewed	856575_reviewed	1
855836_reviewed	851949_reviewed	1
853442_reviewed	856096_reviewed	0
851335_reviewed	855258_reviewed	0
852088_reviewed	852501_reviewed	0
852119_reviewed	851373_reviewed	1
850297_reviewed	853167_reviewed	0
855746_reviewed	856677_reviewed	0
852728_reviewed	852728_reviewed	1
855561_reviewed	854120_reviewed	1
851259_reviewed	852039_reviewed	1
850584_reviewed	851561_reviewed	1
851621_reviewed	852697_reviewed	0
852757_reviewed	853667_reviewed	0
851064_reviewed	853832_reviewed	1
852757_reviewed	852762_reviewed	0
852319_reviewed	855988_reviewed	0
851143_reviewed	853681_reviewed	1
852778_reviewed	855184_reviewed	0
853133_reviewed	854922_reviewed	1
851996_reviewed	852499_reviewed	0
851201_reviewed	852673_reviewed	0
852491_reviewed	853709_reviewed	0
852834_reviewed	854435_reviewed	1
850647_reviewed	853135_reviewed	1
851933_reviewed	852730_reviewed	1
853682_reviewed	855473_reviewed	0
851023_reviewed	851076_reviewed	1
855118_reviewed	856463_reviewed	0
854273_reviewed	853870_reviewed	1
852245_reviewed	854680_reviewed	0
851691_reviewed	853456_reviewed	0
852700_reviewed	855471_reviewed	1
851394_reviewed	850516_reviewed	1
855271_reviewed	856088_reviewed	0
854740_reviewed	855421_reviewed	1
856436_reviewed	854487_reviewed	1
855512_reviewed	856175_reviewed	0
851567_reviewed	852416_reviewed	0
854697_reviewed	854773_reviewed	0
853157_reviewed	856850_reviewed	0
854653_reviewed	856830_reviewed	0
852673_reviewed	853191_reviewed	0
853636_reviewed	855639_reviewed	0
855892_reviewed	855356_reviewed	1
850716_reviewed	852233_reviewed	0
850347_reviewed	851756_reviewed	1
852476_reviewed	852476_reviewed	1
852697_reviewed	854555_reviewed	1
851450_reviewed	852271_reviewed	1
851394_reviewed	855869_reviewed	1
850320_reviewed	850754_reviewed	1
851394_reviewed	856413_reviewed	1
852757_reviewed	855515_reviewed	0
852624_reviewed	853936_reviewed	0
855581_reviewed	856358_reviewed	0
850549_reviewed	852982_reviewed	0
853843_reviewed	856758_reviewed	0
856844_reviewed	853385_reviewed	1
850714_reviewed	855357_reviewed	0
855836_reviewed	856565_reviewed	0
851611_reviewed	852651_reviewed	0
851226_reviewed	854796_reviewed	0
851746_reviewed	854966_reviewed	1
855253_reviewed	850427_reviewed	1
853133_reviewed	856848_reviewed	0
853275_reviewed	855704_reviewed	1
854935_reviewed	856152_reviewed	0
850330_reviewed	854183_reviewed	0
852995_reviewed	853674_reviewed	1
853528_reviewed	851148_reviewed	1
851670_reviewed	854926_reviewed	1
851266_reviewed	853851_reviewed	0
851394_reviewed	855418_reviewed	1
855253_reviewed	851741_reviewed	1
851782_reviewed	856222_reviewed	0
853300_reviewed	855350_reviewed	1
850734_reviewed	855013_reviewed	0
850889_reviewed	856305_reviewed	0
852013_reviewed	856916_reviewed	1
855836_reviewed	855972_reviewed	0
854664_reviewed	856870_reviewed	0
850872_reviewed	854162_reviewed	0
855466_reviewed	855787_reviewed	1
851266_reviewed	854198_reviewed	0
851957_reviewed	851957_reviewed	1
855485_reviewed	855586_reviewed	0
851249_reviewed	856483_reviewed	0
856425_reviewed	852582_reviewed	1
856850_reviewed	855104_reviewed	1
851259_reviewed	852685_reviewed	1
853098_reviewed	856201_reviewed	0
851996_reviewed	853545_reviewed	1
851458_reviewed	854168_reviewed	1
854152_reviewed	854152_reviewed	1
854020_reviewed	852665_reviewed	1
855440_reviewed	856886_reviewed	0
852037_reviewed	851140_reviewed	1
853538_reviewed	856587_reviewed	0
855177_reviewed	855489_reviewed	0
855592_reviewed	854776_reviewed	1
854444_reviewed	852424_reviewed	1
850623_reviewed	854319_reviewed	1
855449_reviewed	850863_reviewed	1
854472_reviewed	853392_reviewed	1
853135_reviewed	854715_reviewed	0
853098_reviewed	854791_reviewed	1
855631_reviewed	856331_reviewed	0
855466_reviewed	856912_reviewed	1
851092_reviewed	855726_reviewed	1
850904_reviewed	851819_reviewed	0
850843_reviewed	854876_reviewed	0
853922_reviewed	855646_reviewed	1
850563_reviewed	850900_reviewed	0
856870_reviewed	854822_reviewed	1
851653_reviewed	853758_reviewed	0
854881_reviewed	855664_reviewed	0
852975_reviewed	855421_reviewed	0
856731_reviewed	853456_reviewed	1
855925_reviewed	855532_reviewed	1
852697_reviewed	852779_reviewed	0
854555_reviewed	853824_reviewed	1
852492_reviewed	856743_reviewed	1
856168_reviewed	854742_reviewed	1
853195_reviewed	854929_reviewed	0
851032_reviewed	855706_reviewed	0
852553_reviewed	854715_reviewed	1
853355_reviewed	854063_reviewed	0
853539_reviewed	855221_reviewed	0
854229_reviewed	855836_reviewed	0
853773_reviewed	854204_reviewed	1
854748_reviewed	855771_reviewed	1
853811_reviewed	855428_reviewed	1
851030_reviewed	856559_reviewed	1
850623_reviewed	852638_reviewed	0
851100_reviewed	851447_reviewed	0
854032_reviewed	851408_reviewed	1
854886_reviewed	854322_reviewed	1
853796_reviewed	850552_reviewed	1
854315_reviewed	851549_reviewed	1
851724_reviewed	856918_reviewed	0
853743_reviewed	850758_reviewed	1
851052_reviewed	856575_reviewed	1
850798_reviewed	851115_reviewed	0
852290_reviewed	852862_reviewed	0
851447_reviewed	851696_reviewed	0
854444_reviewed	854509_reviewed	1
851988_reviewed	855277_reviewed	1
850435_reviewed	854487_reviewed	0
854162_reviewed	853062_reviewed	1
856028_reviewed	851142_reviewed	1
851441_reviewed	856842_reviewed	1
856042_reviewed	855243_reviewed	1
855789_reviewed	855335_reviewed	1
856028_reviewed	852100_reviewed	1
854444_reviewed	856659_reviewed	1
855664_reviewed	850695_reviewed	1
852986_reviewed	854513_reviewed	0
854939_reviewed	855972_reviewed	0
850599_reviewed	853060_reviewed	0
856422_reviewed	850620_reviewed	1
855820_reviewed	855822_reviewed	0
856482_reviewed	855449_reviewed	1
854404_reviewed	854405_reviewed	1
852881_reviewed	855836_reviewed	0
853552_reviewed	854183_reviewed	0
852457_reviewed	853966_reviewed	1
853161_reviewed	855506_reviewed	0
850782_reviewed	856062_reviewed	1
854749_reviewed	856613_reviewed	0
856222_reviewed	851776_reviewed	1
850829_reviewed	851676_reviewed	1
852344_reviewed	854019_reviewed	0
850872_reviewed	855789_reviewed	0
851858_reviewed	855041_reviewed	1
850861_reviewed	850898_reviewed	0
855751_reviewed	850963_reviewed	1
852258_reviewed	852673_reviewed	1
851447_reviewed	855253_reviewed	0
854487_reviewed	854245_reviewed	1
850652_reviewed	850883_reviewed	0
851177_reviewed	852050_reviewed	0
850983_reviewed	853877_reviewed	0
851265_reviewed	855974_reviewed	0
852697_reviewed	855998_reviewed	0
854026_reviewed	856912_reviewed	1
855592_reviewed	855669_reviewed	1
851495_reviewed	854123_reviewed	0
853488_reviewed	856746_reviewed	0
852972_reviewed	856063_reviewed	0
852385_reviewed	855737_reviewed	0
852439_reviewed	851052_reviewed	1
850900_reviewed	854583_reviewed	1
851394_reviewed	851587_reviewed	1
852575_reviewed	851557_reviewed	1
850647_reviewed	853222_reviewed	1
852931_reviewed	854680_reviewed	0
850822_reviewed	852451_reviewed	0
854886_reviewed	851259_reviewed	1
855730_reviewed	850652_reviewed	1
852787_reviewed	856169_reviewed	0
850998_reviewed	853488_reviewed	0
856453_reviewed	856891_reviewed	0
852663_reviewed	856089_reviewed	0
853985_reviewed	852860_reviewed	1
855834_reviewed	850585_reviewed	1
850647_reviewed	854709_reviewed	1
854507_reviewed	854822_reviewed	1
851431_reviewed	852835_reviewed	0
855613_reviewed	856799_reviewed	0
855466_reviewed	855655_reviewed	1
855505_reviewed	851212_reviewed	1
851969_reviewed	856449_reviewed	0
855512_reviewed	855613_reviewed	0
851041_reviewed	852394_reviewed	0
851700_reviewed	851271_reviewed	1
853100_reviewed	855506_reviewed	0
851562_reviewed	850504_reviewed	1
852403_reviewed	855411_reviewed	0
850495_reviewed	852763_reviewed	0
851855_reviewed	852660_reviewed	0
850647_reviewed	852098_reviewed	1
855844_reviewed	855031_reviewed	1
851136_reviewed	856891_reviewed	1
852512_reviewed	855204_reviewed	0
852416_reviewed	851204_reviewed	1
853353_reviewed	854926_reviewed	0
850539_reviewed	851266_reviewed	0
855752_reviewed	854598_reviewed	1
853912_reviewed	851620_reviewed	1
855957_reviewed	853682_reviewed	1
852952_reviewed	851102_reviewed	1
854382_reviewed	852451_reviewed	1
851407_reviewed	855884_reviewed	1
855514_reviewed	850298_reviewed	1
854999_reviewed	854791_reviewed	1
856409_reviewed	855630_reviewed	1
850553_reviewed	853098_reviewed	0
851207_reviewed	852394_reviewed	0
852492_reviewed	853422_reviewed	0
852995_reviewed	855613_reviewed	1
853971_reviewed	854742_reviewed	0
853498_reviewed	853674_reviewed	1
851061_reviewed	855466_reviewed	0
851461_reviewed	856742_reviewed	1
850808_reviewed	851699_reviewed	0
852890_reviewed	855929_reviewed	0
852697_reviewed	856315_reviewed	0
851482_reviewed	856659_reviewed	0
850587_reviewed	851067_reviewed	0
850970_reviewed	853169_reviewed	0
852261_reviewed	856398_reviewed	0
852424_reviewed	856421_reviewed	0
851988_reviewed	854527_reviewed	0
850496_reviewed	856311_reviewed	1
854544_reviewed	856429_reviewed	0
852235_reviewed	856601_reviewed	0
855524_reviewed	855201_reviewed	1
851549_reviewed	856485_reviewed	0
851266_reviewed	852492_reviewed	0
851161_reviewed	854242_reviewed	1
852203_reviewed	855500_reviewed	0
853318_reviewed	850440_reviewed	1
854286_reviewed	856846_reviewed	0
850683_reviewed	850683_reviewed	1
853503_reviewed	855751_reviewed	1
855264_reviewed	854327_reviewed	1
851171_reviewed	854149_reviewed	1
852567_reviewed	855478_reviewed	0
851658_reviewed	856870_reviewed	1
856387_reviewed	854243_reviewed	1
851740_reviewed	856579_reviewed	0
852184_reviewed	854345_reviewed	1
853353_reviewed	855228_reviewed	1
855067_reviewed	852258_reviewed	1
851394_reviewed	853954_reviewed	1
855758_reviewed	856293_reviewed	0
855929_reviewed	852099_reviewed	1
854928_reviewed	851988_reviewed	1
853188_reviewed	855068_reviewed	0
854938_reviewed	853513_reviewed	1
852921_reviewed	854930_reviewed	0
851906_reviewed	853840_reviewed	1
850504_reviewed	850506_reviewed	0
850399_reviewed	855586_reviewed	0
852512_reviewed	853773_reviewed	1
854434_reviewed	856746_reviewed	1
852885_reviewed	855539_reviewed	0
855359_reviewed	856076_reviewed	1
851475_reviewed	855665_reviewed	0
851259_reviewed	852382_reviewed	1
850303_reviewed	855428_reviewed	1
854170_reviewed	855625_reviewed	1
850440_reviewed	854876_reviewed	0
851590_reviewed	851688_reviewed	1
855789_reviewed	855068_reviewed	1
852127_reviewed	853811_reviewed	1
853320_reviewed	854229_reviewed	1
853922_reviewed	856801_reviewed	0
854023_reviewed	855543_reviewed	0
854740_reviewed	856000_reviewed	0
852258_reviewed	855636_reviewed	0
852451_reviewed	853098_reviewed	1
853332_reviewed	854745_reviewed	1
853498_reviewed	853682_reviewed	0
854283_reviewed	856226_reviewed	1
855458_reviewed	853884_reviewed	1
855323_reviewed	855323_reviewed	1
851503_reviewed	856696_reviewed	0
852873_reviewed	856830_reviewed	1
852697_reviewed	855836_reviewed	0
854472_reviewed	854930_reviewed	0
856422_reviewed	856742_reviewed	1
856895_reviewed	856912_reviewed	1
850803_reviewed	856231_reviewed	1
852819_reviewed	855976_reviewed	0
850347_reviewed	856134_reviewed	0
850496_reviewed	855429_reviewed	1
851259_reviewed	855650_reviewed	0
855962_reviewed	851660_reviewed	1
850328_reviewed	854889_reviewed	1
850990_reviewed	854646_reviewed	0
854345_reviewed	856768_reviewed	0
855652_reviewed	856846_reviewed	0
850733_reviewed	856870_reviewed	0
4036073_reviewed	852809_reviewed	0
851216_reviewed	855481_reviewed	0
851071_reviewed	850598_reviewed	1
850440_reviewed	852487_reviewed	1
851548_reviewed	855730_reviewed	0
850995_reviewed	852673_reviewed	0
850652_reviewed	856267_reviewed	0
852547_reviewed	854382_reviewed	1
853133_reviewed	854933_reviewed	0
856924_reviewed	851802_reviewed	1
855253_reviewed	856886_reviewed	0
853463_reviewed	855838_reviewed	1
852779_reviewed	856317_reviewed	0
851921_reviewed	853075_reviewed	0
856218_reviewed	856731_reviewed	1
852053_reviewed	855981_reviewed	0
851756_reviewed	853846_reviewed	0
851306_reviewed	850934_reviewed	1
852697_reviewed	850366_reviewed	1
851592_reviewed	856223_reviewed	0
854322_reviewed	855499_reviewed	1
852059_reviewed	853824_reviewed	0
855013_reviewed	853371_reviewed	1
851109_reviewed	856027_reviewed	1
852477_reviewed	854745_reviewed	0
852697_reviewed	853400_reviewed	0
854933_reviewed	851266_reviewed	1
853539_reviewed	856029_reviewed	0
850768_reviewed	852697_reviewed	0
851892_reviewed	853853_reviewed	1
851408_reviewed	851759_reviewed	1
852049_reviewed	850585_reviewed	1
852456_reviewed	852980_reviewed	0
854156_reviewed	853880_reviewed	1
850900_reviewed	854231_reviewed	0
852258_reviewed	855460_reviewed	1
851399_reviewed	852319_reviewed	0
851721_reviewed	856119_reviewed	1
850647_reviewed	855335_reviewed	1
852223_reviewed	850620_reviewed	1
852592_reviewed	856201_reviewed	0
852371_reviewed	854023_reviewed	0
853800_reviewed	854488_reviewed	0
852491_reviewed	852758_reviewed	0
851042_reviewed	854701_reviewed	0
850720_reviewed	851771_reviewed	0
850647_reviewed	856491_reviewed	1
854898_reviewed	851833_reviewed	1
855974_reviewed	852497_reviewed	1
852042_reviewed	852697_reviewed	0
856486_reviewed	854749_reviewed	1
852767_reviewed	856226_reviewed	0
853375_reviewed	854973_reviewed	1
852001_reviewed	854469_reviewed	0
851394_reviewed	856247_reviewed	1
854019_reviewed	855263_reviewed	0
851394_reviewed	854450_reviewed	1
856814_reviewed	856814_reviewed	1
851819_reviewed	852500_reviewed	0
854669_reviewed	855972_reviewed	1
850495_reviewed	855757_reviewed	1
854211_reviewed	856912_reviewed	1
852697_reviewed	853109_reviewed	0
853198_reviewed	855090_reviewed	0
851125_reviewed	853376_reviewed	1
851394_reviewed	853916_reviewed	1
851467_reviewed	851798_reviewed	0
850347_reviewed	856219_reviewed	0
850507_reviewed	855585_reviewed	0
852880_reviewed	850554_reviewed	1
855068_reviewed	855664_reviewed	1
854223_reviewed	856648_reviewed	0
852395_reviewed	856559_reviewed	1
852996_reviewed	854841_reviewed	0
850320_reviewed	851061_reviewed	0
851746_reviewed	854192_reviewed	1
855049_reviewed	850495_reviewed	1
856358_reviewed	854449_reviewed	1
855348_reviewed	856135_reviewed	0
853106_reviewed	855316_reviewed	0
854345_reviewed	856297_reviewed	1
850715_reviewed	855149_reviewed	1
855161_reviewed	855264_reviewed	0
851996_reviewed	855331_reviewed	1
851318_reviewed	855663_reviewed	0
851389_reviewed	856870_reviewed	0
852352_reviewed	856106_reviewed	1
850585_reviewed	850768_reviewed	1
851470_reviewed	855066_reviewed	0
852982_reviewed	850920_reviewed	1
853585_reviewed	851560_reviewed	1
852951_reviewed	854995_reviewed	0
852362_reviewed	854979_reviewed	0
852457_reviewed	852685_reviewed	1
855387_reviewed	850888_reviewed	1
852880_reviewed	853712_reviewed	1
850563_reviewed	856005_reviewed	0
853082_reviewed	856817_reviewed	0
851259_reviewed	854253_reviewed	1
855350_reviewed	852173_reviewed	1
850793_reviewed	852028_reviewed	0
851399_reviewed	851266_reviewed	1
851212_reviewed	852042_reviewed	0
852258_reviewed	855499_reviewed	0
851266_reviewed	851266_reviewed	1
851462_reviewed	856716_reviewed	1
853133_reviewed	855503_reviewed	0
851802_reviewed	852766_reviewed	1
851754_reviewed	851754_reviewed	1
852753_reviewed	852753_reviewed	1
852811_reviewed	855727_reviewed	0
850872_reviewed	854702_reviewed	1
854381_reviewed	854116_reviewed	1
850719_reviewed	854392_reviewed	0
850504_reviewed	854889_reviewed	0
855613_reviewed	855613_reviewed	1
855048_reviewed	854700_reviewed	1
852873_reviewed	854544_reviewed	1
851933_reviewed	850764_reviewed	1
852042_reviewed	855466_reviewed	0
850504_reviewed	851085_reviewed	0
850647_reviewed	854373_reviewed	1
850787_reviewed	854663_reviewed	0
851030_reviewed	851754_reviewed	1
855641_reviewed	856737_reviewed	0
854503_reviewed	854946_reviewed	1
851889_reviewed	854213_reviewed	0
850643_reviewed	851557_reviewed	0
850554_reviewed	854356_reviewed	1
853133_reviewed	853583_reviewed	0
852239_reviewed	855978_reviewed	0
853713_reviewed	856437_reviewed	0
853244_reviewed	855532_reviewed	1
855651_reviewed	855968_reviewed	0
854085_reviewed	856836_reviewed	1
851259_reviewed	855173_reviewed	1
851085_reviewed	853528_reviewed	1
852726_reviewed	853806_reviewed	0
852995_reviewed	854245_reviewed	0
851406_reviewed	850577_reviewed	1
850647_reviewed	850860_reviewed	1
850549_reviewed	856119_reviewed	0
854123_reviewed	856771_reviewed	1
850346_reviewed	851475_reviewed	1
853997_reviewed	854379_reviewed	0
853114_reviewed	854322_reviewed	1
852713_reviewed	851994_reviewed	1
853956_reviewed	854446_reviewed	1
852814_reviewed	854213_reviewed	0
853304_reviewed	850569_reviewed	1
851388_reviewed	853712_reviewed	0
850693_reviewed	854123_reviewed	1
851394_reviewed	853991_reviewed	1
853503_reviewed	851817_reviewed	1
856488_reviewed	852767_reviewed	1
852060_reviewed	855591_reviewed	1
854543_reviewed	856154_reviewed	1
855532_reviewed	852846_reviewed	1
851925_reviewed	852180_reviewed	1
851394_reviewed	852194_reviewed	1
852014_reviewed	853701_reviewed	0
856119_reviewed	856719_reviewed	0
851130_reviewed	856736_reviewed	0
851394_reviewed	852714_reviewed	1
850785_reviewed	851700_reviewed	0
853442_reviewed	853871_reviewed	0
854874_reviewed	854882_reviewed	0
850836_reviewed	851800_reviewed	0
852553_reviewed	853875_reviewed	0
854382_reviewed	854485_reviewed	0
851394_reviewed	851470_reviewed	1
855442_reviewed	855442_reviewed	1
850894_reviewed	856226_reviewed	0
852612_reviewed	853114_reviewed	0
852053_reviewed	854937_reviewed	0
855033_reviewed	856723_reviewed	0
852549_reviewed	856267_reviewed	1
853320_reviewed	856575_reviewed	1
855836_reviewed	856076_reviewed	0
852860_reviewed	856518_reviewed	0
854912_reviewed	856146_reviewed	1
851759_reviewed	855836_reviewed	0
855836_reviewed	850504_reviewed	1
856709_reviewed	852497_reviewed	1
856303_reviewed	856505_reviewed	0
853713_reviewed	856317_reviewed	1
850422_reviewed	856463_reviewed	0
856485_reviewed	856674_reviewed	0
851906_reviewed	855939_reviewed	0
855616_reviewed	856218_reviewed	0
851532_reviewed	853433_reviewed	0
856908_reviewed	852865_reviewed	1
851500_reviewed	853806_reviewed	0
853715_reviewed	853715_reviewed	1
853638_reviewed	853638_reviewed	1
855136_reviewed	856301_reviewed	0
852352_reviewed	852357_reviewed	0
855897_reviewed	853714_reviewed	1
852697_reviewed	855836_reviewed	0
850314_reviewed	853418_reviewed	0
851513_reviewed	852773_reviewed	0
851996_reviewed	852499_reviewed	0
856267_reviewed	856449_reviewed	0
855066_reviewed	855159_reviewed	1
852402_reviewed	854734_reviewed	1
855836_reviewed	856831_reviewed	1
854315_reviewed	856130_reviewed	0
851716_reviewed	855468_reviewed	1
850551_reviewed	851548_reviewed	0
856604_reviewed	853860_reviewed	1
851470_reviewed	851061_reviewed	1
852100_reviewed	854937_reviewed	0
853442_reviewed	855950_reviewed	0
856901_reviewed	850973_reviewed	1
854930_reviewed	856042_reviewed	0
854162_reviewed	856574_reviewed	0
851394_reviewed	853758_reviewed	1
850824_reviewed	853922_reviewed	1
851267_reviewed	855888_reviewed	0
852766_reviewed	856723_reviewed	0
855264_reviewed	851071_reviewed	1
851841_reviewed	855758_reviewed	0
852987_reviewed	851447_reviewed	1
853713_reviewed	856291_reviewed	0
852834_reviewed	853997_reviewed	0
850900_reviewed	853939_reviewed	0
851564_reviewed	855253_reviewed	0
853860_reviewed	856603_reviewed	0
856384_reviewed	855190_reviewed	1
852311_reviewed	853929_reviewed	0
856228_reviewed	854939_reviewed	1
853817_reviewed	856089_reviewed	1
854359_reviewed	855968_reviewed	0
854681_reviewed	855135_reviewed	0
852879_reviewed	855676_reviewed	1
850551_reviewed	853682_reviewed	1
852639_reviewed	853133_reviewed	1
850554_reviewed	856147_reviewed	1
852100_reviewed	852694_reviewed	0
851092_reviewed	855922_reviewed	1
850456_reviewed	851041_reviewed	0
850347_reviewed	854937_reviewed	0
852522_reviewed	856180_reviewed	0
851259_reviewed	856090_reviewed	0
851440_reviewed	854084_reviewed	1
854170_reviewed	855221_reviewed	1
851549_reviewed	851716_reviewed	0
854434_reviewed	855838_reviewed	1
856574_reviewed	856422_reviewed	1
854555_reviewed	855496_reviewed	1
856870_reviewed	851219_reviewed	1
856012_reviewed	854078_reviewed	1
853985_reviewed	854791_reviewed	0
855426_reviewed	854059_reviewed	1
854656_reviewed	853821_reviewed	1
851000_reviewed	854075_reviewed	0
851561_reviewed	850540_reviewed	1
851450_reviewed	855214_reviewed	0
853119_reviewed	853181_reviewed	0
855787_reviewed	851431_reviewed	1
856659_reviewed	853782_reviewed	1
853796_reviewed	853499_reviewed	1
851962_reviewed	856583_reviewed	0
851567_reviewed	853880_reviewed	0
851034_reviewed	852090_reviewed	1
851576_reviewed	856918_reviewed	0
855920_reviewed	855626_reviewed	1
851394_reviewed	852459_reviewed	1
852008_reviewed	852008_reviewed	1
850647_reviewed	855867_reviewed	1
850940_reviewed	856384_reviewed	0
851827_reviewed	854307_reviewed	0
853157_reviewed	856850_reviewed	0
851494_reviewed	856320_reviewed	0
851371_reviewed	851549_reviewed	0
850370_reviewed	855466_reviewed	0
855253_reviewed	854956_reviewed	1
851632_reviewed	853894_reviewed	0
851906_reviewed	855515_reviewed	0
850540_reviewed	850540_reviewed	1
852767_reviewed	855655_reviewed	1
852060_reviewed	853458_reviewed	1
850620_reviewed	853922_reviewed	0
855730_reviewed	850435_reviewed	1
852229_reviewed	853071_reviewed	0
856758_reviewed	854902_reviewed	1
850920_reviewed	852865_reviewed	1
852995_reviewed	856815_reviewed	0
850868_reviewed	856141_reviewed	1
853170_reviewed	853298_reviewed	0
850966_reviewed	853598_reviewed	1
852088_reviewed	855466_reviewed	0
851928_reviewed	851928_reviewed	1
853649_reviewed	851737_reviewed	1
854444_reviewed	853782_reviewed	1
851394_reviewed	850630_reviewed	1
855203_reviewed	854063_reviewed	1
855066_reviewed	850552_reviewed	1
856267_reviewed	855158_reviewed	1
853956_reviewed	855335_reviewed	1
854675_reviewed	854675_reviewed	1
851821_reviewed	851906_reviewed	0
850797_reviewed	852697_reviewed	0
854656_reviewed	854956_reviewed	0
851152_reviewed	855143_reviewed	0
854258_reviewed	850951_reviewed	1
853029_reviewed	853458_reviewed	1
851568_reviewed	855737_reviewed	1
852726_reviewed	855979_reviewed	0
856310_reviewed	851998_reviewed	1
852497_reviewed	855276_reviewed	1
851359_reviewed	854062_reviewed	1
851548_reviewed	854152_reviewed	0
852088_reviewed	855356_reviewed	0
854283_reviewed	854675_reviewed	0
850647_reviewed	851592_reviewed	1
851391_reviewed	852385_reviewed	1
851817_reviewed	856884_reviewed	0
854017_reviewed	854675_reviewed	0
851645_reviewed	852592_reviewed	1
853638_reviewed	855478_reviewed	0
851000_reviewed	856117_reviewed	0
850777_reviewed	851095_reviewed	0
853427_reviewed	855920_reviewed	0
855272_reviewed	850367_reviewed	1
853029_reviewed	855228_reviewed	0
850639_reviewed	855048_reviewed	1
851756_reviewed	854322_reviewed	0
855987_reviewed	856254_reviewed	0
853170_reviewed	854930_reviewed	1
856267_reviewed	855512_reviewed	1
851653_reviewed	855271_reviewed	1
853830_reviewed	853830_reviewed	1
852457_reviewed	850879_reviewed	1
852834_reviewed	856098_reviewed	0
851259_reviewed	851543_reviewed	1
851030_reviewed	853400_reviewed	1
853160_reviewed	854162_reviewed	0
853327_reviewed	854203_reviewed	1
853023_reviewed	855460_reviewed	0
850647_reviewed	851342_reviewed	1
855929_reviewed	855640_reviewed	1
852728_reviewed	856216_reviewed	0
852697_reviewed	855897_reviewed	0
854966_reviewed	856360_reviewed	0
850779_reviewed	853916_reviewed	0
853029_reviewed	852007_reviewed	1
855332_reviewed	855448_reviewed	0
852325_reviewed	855078_reviewed	0
856815_reviewed	850894_reviewed	1
850720_reviewed	856146_reviewed	1
851259_reviewed	852487_reviewed	1
854018_reviewed	855244_reviewed	0
855281_reviewed	856751_reviewed	1
850872_reviewed	855335_reviewed	1
854673_reviewed	856461_reviewed	0
850807_reviewed	852860_reviewed	0
855306_reviewed	850620_reviewed	1
854810_reviewed	856591_reviewed	1
852888_reviewed	855737_reviewed	0
856854_reviewed	851425_reviewed	1
853675_reviewed	856753_reviewed	0
854827_reviewed	854827_reviewed	1
851482_reviewed	856659_reviewed	0
852660_reviewed	853758_reviewed	0
851924_reviewed	855957_reviewed	0
851930_reviewed	854469_reviewed	0
851933_reviewed	854673_reviewed	1
852547_reviewed	856134_reviewed	0
853364_reviewed	850520_reviewed	1
855884_reviewed	856076_reviewed	0
855789_reviewed	856719_reviewed	0
851714_reviewed	855512_reviewed	1
851204_reviewed	852193_reviewed	0
851389_reviewed	854739_reviewed	0
850682_reviewed	855893_reviewed	0
851834_reviewed	852422_reviewed	1
854854_reviewed	854854_reviewed	1
856236_reviewed	853922_reviewed	1
850422_reviewed	856095_reviewed	1
851190_reviewed	851985_reviewed	1
851407_reviewed	855068_reviewed	0
851369_reviewed	854449_reviewed	0
854534_reviewed	856143_reviewed	0
851394_reviewed	856219_reviewed	1
856065_reviewed	855706_reviewed	1
851394_reviewed	853553_reviewed	1
851255_reviewed	853010_reviewed	0
850603_reviewed	856287_reviewed	1
854544_reviewed	854874_reviewed	0
855925_reviewed	852833_reviewed	1
855965_reviewed	853851_reviewed	1
856870_reviewed	850569_reviewed	1
851259_reviewed	855143_reviewed	0
855230_reviewed	855555_reviewed	0
856846_reviewed	851774_reviewed	1
850347_reviewed	852885_reviewed	0
853497_reviewed	851458_reviewed	1
852193_reviewed	855646_reviewed	1
854434_reviewed	855639_reviewed	0
856607_reviewed	853465_reviewed	1
850563_reviewed	853222_reviewed	0
856019_reviewed	856002_reviewed	1
852403_reviewed	856398_reviewed	1
855241_reviewed	856052_reviewed	0
852071_reviewed	852888_reviewed	0
851259_reviewed	851424_reviewed	0
856229_reviewed	853434_reviewed	1
853355_reviewed	851576_reviewed	1
850554_reviewed	856924_reviewed	1
850647_reviewed	855436_reviewed	1
851720_reviewed	852724_reviewed	1
851494_reviewed	856870_reviewed	0
851988_reviewed	854976_reviewed	0
855977_reviewed	856449_reviewed	0
852888_reviewed	853301_reviewed	1
851503_reviewed	850879_reviewed	1
852248_reviewed	852755_reviewed	1
852423_reviewed	852779_reviewed	0
853313_reviewed	854939_reviewed	0
856841_reviewed	851266_reviewed	1
851163_reviewed	854960_reviewed	0
852872_reviewed	854336_reviewed	0
851394_reviewed	856305_reviewed	1
852995_reviewed	856126_reviewed	1
855061_reviewed	856129_reviewed	0
850654_reviewed	855464_reviewed	0
850808_reviewed	856216_reviewed	1
853429_reviewed	856859_reviewed	0
851678_reviewed	852239_reviewed	0
851841_reviewed	852184_reviewed	0
850549_reviewed	853682_reviewed	1
850930_reviewed	855988_reviewed	1
850818_reviewed	856320_reviewed	0
853555_reviewed	855083_reviewed	1
855836_reviewed	856095_reviewed	0
851617_reviewed	851988_reviewed	0
852224_reviewed	853119_reviewed	1
850505_reviewed	854909_reviewed	0
854347_reviewed	854347_reviewed	1
856886_reviewed	854886_reviewed	1
853675_reviewed	851782_reviewed	1
851000_reviewed	852451_reviewed	0
852416_reviewed	852512_reviewed	0
855253_reviewed	851201_reviewed	1
853641_reviewed	856183_reviewed	0
851957_reviewed	855979_reviewed	1
851032_reviewed	856604_reviewed	0
855897_reviewed	855104_reviewed	1
851394_reviewed	854318_reviewed	1
851394_reviewed	852870_reviewed	1
853318_reviewed	853904_reviewed	0
851140_reviewed	854284_reviewed	1
850909_reviewed	856577_reviewed	1
855836_reviewed	851564_reviewed	1
854068_reviewed	855613_reviewed	0
852582_reviewed	852607_reviewed	1
852685_reviewed	854931_reviewed	1
856815_reviewed	851125_reviewed	1
851733_reviewed	852697_reviewed	0
851561_reviewed	856667_reviewed	0
853434_reviewed	856115_reviewed	1
853160_reviewed	852995_reviewed	1
855390_reviewed	856702_reviewed	1
850328_reviewed	856736_reviewed	1
850623_reviewed	854485_reviewed	1
853326_reviewed	856552_reviewed	0
855836_reviewed	851010_reviewed	1
851394_reviewed	855716_reviewed	1
852805_reviewed	856431_reviewed	0
851847_reviewed	851847_reviewed	1
851665_reviewed	855633_reviewed	0
851200_reviewed	851859_reviewed	0
854249_reviewed	856035_reviewed	0
852697_reviewed	855625_reviewed	1
856317_reviewed	854322_reviewed	1
851726_reviewed	854715_reviewed	0
850647_reviewed	851632_reviewed	1
851678_reviewed	855882_reviewed	0
851431_reviewed	851777_reviewed	0
851394_reviewed	852616_reviewed	1
852848_reviewed	856518_reviewed	0
856466_reviewed	851447_reviewed	1
852972_reviewed	854446_reviewed	0
853010_reviewed	854999_reviewed	0
851259_reviewed	852804_reviewed	1
853503_reviewed	854586_reviewed	1
854020_reviewed	855841_reviewed	0
852258_reviewed	856134_reviewed	0
851032_reviewed	854912_reviewed	1
851916_reviewed	853576_reviewed	1
851394_reviewed	852838_reviewed	1
852852_reviewed	854543_reviewed	0
855979_reviewed	856613_reviewed	0
856574_reviewed	856801_reviewed	1
852003_reviewed	852697_reviewed	0
851745_reviewed	852673_reviewed	0
855155_reviewed	853857_reviewed	1
850445_reviewed	853353_reviewed	0
851874_reviewed	852269_reviewed	0
855013_reviewed	855950_reviewed	1
851394_reviewed	850734_reviewed	1
850554_reviewed	853149_reviewed	1
853275_reviewed	855040_reviewed	0
854866_reviewed	856870_reviewed	0
852033_reviewed	853350_reviewed	0
852889_reviewed	856709_reviewed	0
852763_reviewed	854183_reviewed	1
852881_reviewed	853089_reviewed	0
851660_reviewed	853160_reviewed	0
851809_reviewed	855466_reviewed	0
851160_reviewed	852483_reviewed	1
854814_reviewed	855364_reviewed	0
852371_reviewed	853475_reviewed	0
856016_reviewed	856425_reviewed	1
851482_reviewed	850840_reviewed	1
853065_reviewed	852685_reviewed	1
856303_reviewed	856387_reviewed	0
856264_reviewed	854776_reviewed	1
850612_reviewed	851372_reviewed	1
855203_reviewed	850722_reviewed	1
850782_reviewed	854444_reviewed	0
853342_reviewed	854983_reviewed	0
855407_reviewed	856846_reviewed	0
851025_reviewed	855332_reviewed	0
852416_reviewed	855281_reviewed	0
851665_reviewed	855836_reviewed	0
852088_reviewed	852569_reviewed	0
852326_reviewed	853539_reviewed	0
855132_reviewed	856696_reviewed	0
852980_reviewed	854149_reviewed	0
856498_reviewed	854697_reviewed	1
852766_reviewed	853880_reviewed	0
851424_reviewed	851709_reviewed	1
852665_reviewed	856751_reviewed	0
856514_reviewed	850767_reviewed	1
850918_reviewed	851548_reviewed	0
852649_reviewed	853675_reviewed	0
853884_reviewed	851261_reviewed	1
852322_reviewed	851548_reviewed	1
851964_reviewed	851754_reviewed	1
851394_reviewed	851744_reviewed	1
852369_reviewed	856421_reviewed	0
851988_reviewed	852755_reviewed	1
851259_reviewed	856863_reviewed	1
850620_reviewed	850764_reviewed	0
851255_reviewed	856228_reviewed	0
853576_reviewed	852512_reviewed	1
851542_reviewed	854912_reviewed	0
851359_reviewed	855496_reviewed	1
856294_reviewed	852169_reviewed	1
855524_reviewed	854964_reviewed	1
855144_reviewed	856065_reviewed	0
852726_reviewed	854106_reviewed	1
852319_reviewed	856208_reviewed	0
856613_reviewed	856848_reviewed	0
852395_reviewed	856852_reviewed	0
855950_reviewed	851024_reviewed	1
850889_reviewed	853195_reviewed	0
850647_reviewed	855911_reviewed	1
850715_reviewed	853636_reviewed	0
852449_reviewed	852547_reviewed	0
851061_reviewed	852106_reviewed	0
855552_reviewed	855552_reviewed	1
853877_reviewed	854999_reviewed	0
852740_reviewed	853363_reviewed	0
855957_reviewed	850872_reviewed	1
851210_reviewed	852732_reviewed	0
851263_reviewed	851737_reviewed	1
850554_reviewed	850370_reviewed	1
851965_reviewed	854544_reviewed	0
851152_reviewed	851894_reviewed	0
853640_reviewed	856402_reviewed	0
851394_reviewed	851156_reviewed	1
851369_reviewed	856400_reviewed	1
852766_reviewed	853030_reviewed	0
853320_reviewed	856731_reviewed	0
850843_reviewed	853035_reviewed	0
854243_reviewed	855177_reviewed	0
852947_reviewed	854485_reviewed	0
851900_reviewed	851424_reviewed	1
852943_reviewed	850585_reviewed	1
856267_reviewed	856095_reviewed	1
850741_reviewed	853877_reviewed	0
854138_reviewed	854258_reviewed	0
854446_reviewed	851660_reviewed	1
852451_reviewed	855276_reviewed	0
851558_reviewed	854352_reviewed	0
850422_reviewed	854021_reviewed	0
856422_reviewed	854544_reviewed	1
850647_reviewed	852188_reviewed	1
851394_reviewed	850506_reviewed	1
850995_reviewed	854937_reviewed	0
852882_reviewed	856675_reviewed	0
855897_reviewed	854071_reviewed	1
852787_reviewed	854791_reviewed	0
853565_reviewed	855585_reviewed	0
855547_reviewed	853860_reviewed	1
850505_reviewed	852020_reviewed	0
854068_reviewed	854929_reviewed	0
855954_reviewed	852518_reviewed	1
852248_reviewed	853409_reviewed	1
851337_reviewed	852873_reviewed	0
850518_reviewed	852311_reviewed	0
851113_reviewed	855512_reviewed	0
854697_reviewed	855883_reviewed	1
851279_reviewed	852805_reviewed	0
850605_reviewed	852584_reviewed	1
853033_reviewed	854231_reviewed	0
854446_reviewed	855664_reviewed	0
852472_reviewed	855976_reviewed	0
854881_reviewed	856264_reviewed	0
851784_reviewed	855466_reviewed	0
851052_reviewed	856076_reviewed	0
851042_reviewed	853912_reviewed	0
854446_reviewed	855730_reviewed	1
856731_reviewed	854328_reviewed	1
851394_reviewed	850971_reviewed	1
856153_reviewed	851421_reviewed	1
851870_reviewed	851647_reviewed	1
852416_reviewed	855155_reviewed	1
851219_reviewed	854201_reviewed	1
854016_reviewed	855104_reviewed	1
854229_reviewed	854263_reviewed	0
851030_reviewed	850894_reviewed	1
854966_reviewed	856695_reviewed	0
851048_reviewed	856842_reviewed	0
851266_reviewed	853871_reviewed	0
854379_reviewed	855952_reviewed	0
853071_reviewed	850320_reviewed	1
852582_reviewed	855841_reviewed	0
853029_reviewed	853498_reviewed	0
853846_reviewed	855503_reviewed	0
855934_reviewed	852778_reviewed	1
855332_reviewed	854956_reviewed	1
853133_reviewed	855745_reviewed	0
855228_reviewed	856574_reviewed	0
850807_reviewed	854322_reviewed	0
853373_reviewed	853767_reviewed	0
851259_reviewed	856389_reviewed	0
856577_reviewed	855597_reviewed	1
850767_reviewed	855676_reviewed	0
854106_reviewed	856183_reviewed	1
856862_reviewed	855411_reviewed	1
851720_reviewed	853488_reviewed	0
852357_reviewed	852728_reviewed	0
852457_reviewed	854249_reviewed	1
851723_reviewed	854017_reviewed	1
856607_reviewed	856223_reviewed	1
852373_reviewed	850347_reviewed	1
851162_reviewed	852740_reviewed	0
855613_reviewed	856870_reviewed	0
852451_reviewed	855950_reviewed	0
855335_reviewed	856267_reviewed	0
850872_reviewed	856463_reviewed	0
852660_reviewed	856649_reviewed	0
851064_reviewed	851467_reviewed	1
852258_reviewed	855888_reviewed	0
851394_reviewed	855355_reviewed	1
851259_reviewed	855686_reviewed	0
856321_reviewed	854231_reviewed	1
856895_reviewed	851771_reviewed	1
851086_reviewed	855438_reviewed	1
850694_reviewed	850830_reviewed	0
855485_reviewed	855665_reviewed	0
856709_reviewed	855640_reviewed	1
851369_reviewed	856579_reviewed	1
851164_reviewed	851944_reviewed	0
850647_reviewed	853639_reviewed	1
851716_reviewed	855399_reviewed	0
850764_reviewed	852697_reviewed	0
855981_reviewed	856667_reviewed	0
852492_reviewed	855055_reviewed	0
853275_reviewed	853482_reviewed	0
855620_reviewed	855620_reviewed	1
852982_reviewed	850883_reviewed	1
854072_reviewed	854072_reviewed	1
852007_reviewed	853188_reviewed	0
852020_reviewed	854957_reviewed	0
852468_reviewed	852500_reviewed	1
850587_reviewed	856537_reviewed	0
853523_reviewed	853041_reviewed	1
852697_reviewed	854068_reviewed	0
856076_reviewed	853744_reviewed	1
852276_reviewed	850620_reviewed	1
853985_reviewed	855506_reviewed	0
855068_reviewed	852767_reviewed	1
851761_reviewed	855979_reviewed	0
852995_reviewed	855532_reviewed	1
855524_reviewed	853428_reviewed	1
855524_reviewed	855987_reviewed	1
854063_reviewed	856911_reviewed	0
852766_reviewed	856743_reviewed	0
855836_reviewed	853803_reviewed	1
850950_reviewed	854669_reviewed	0
852667_reviewed	854352_reviewed	0
850330_reviewed	856854_reviewed	1
852382_reviewed	855568_reviewed	0
850760_reviewed	855663_reviewed	0
850505_reviewed	852500_reviewed	0
851161_reviewed	852951_reviewed	0
851520_reviewed	854381_reviewed	0
852090_reviewed	854113_reviewed	0
854675_reviewed	854818_reviewed	1
852805_reviewed	852805_reviewed	1
851723_reviewed	856680_reviewed	0
851561_reviewed	853767_reviewed	0
856912_reviewed	855104_reviewed	1
853364_reviewed	856058_reviewed	0
854656_reviewed	854656_reviewed	1
856027_reviewed	851892_reviewed	1
850785_reviewed	856563_reviewed	1
851394_reviewed	851326_reviewed	1
856454_reviewed	851458_reviewed	1
856863_reviewed	854381_reviewed	1
851781_reviewed	854149_reviewed	0
855013_reviewed	856263_reviewed	0
851471_reviewed	856222_reviewed	0
854249_reviewed	850879_reviewed	1
856012_reviewed	856119_reviewed	0
854136_reviewed	856746_reviewed	0
854057_reviewed	850898_reviewed	1
851207_reviewed	852079_reviewed	0
853177_reviewed	856722_reviewed	0
852697_reviewed	855716_reviewed	0
853934_reviewed	856063_reviewed	0
851394_reviewed	850534_reviewed	1
851259_reviewed	855649_reviewed	1
855357_reviewed	850889_reviewed	1
854278_reviewed	855104_reviewed	0
853886_reviewed	855602_reviewed	1
851723_reviewed	856751_reviewed	0
856848_reviewed	855466_reviewed	1
855060_reviewed	855506_reviewed	0
851708_reviewed	854085_reviewed	1
850677_reviewed	851683_reviewed	1
851240_reviewed	854068_reviewed	1
853640_reviewed	855653_reviewed	0
853064_reviewed	856484_reviewed	0
855466_reviewed	856208_reviewed	0
852660_reviewed	852721_reviewed	0
853392_reviewed	851309_reviewed	1
855754_reviewed	854601_reviewed	1
855043_reviewed	856153_reviewed	1
852193_reviewed	856861_reviewed	1
854226_reviewed	854999_reviewed	0
855253_reviewed	852025_reviewed	1
850763_reviewed	854747_reviewed	0
853320_reviewed	856731_reviewed	0
850696_reviewed	851306_reviewed	1
855136_reviewed	855618_reviewed	0
851250_reviewed	856263_reviewed	0
851424_reviewed	854539_reviewed	0
851906_reviewed	852983_reviewed	0
851399_reviewed	855404_reviewed	1
856486_reviewed	855155_reviewed	1
851259_reviewed	855628_reviewed	1
850504_reviewed	855645_reviewed	1
854183_reviewed	851944_reviewed	1
852480_reviewed	855506_reviewed	0
854671_reviewed	856317_reviewed	0
855945_reviewed	854084_reviewed	1
851061_reviewed	855006_reviewed	0
852001_reviewed	852765_reviewed	0
851266_reviewed	852110_reviewed	1
851823_reviewed	853875_reviewed	0
856898_reviewed	854601_reviewed	1
852982_reviewed	856267_reviewed	1
855500_reviewed	852918_reviewed	1
852806_reviewed	853023_reviewed	1
852703_reviewed	856842_reviewed	0
850782_reviewed	856148_reviewed	0
852692_reviewed	854937_reviewed	0
855630_reviewed	855771_reviewed	0
854434_reviewed	851797_reviewed	1
856254_reviewed	856920_reviewed	0
853682_reviewed	856815_reviewed	0
852765_reviewed	856130_reviewed	1
855897_reviewed	851513_reviewed	1
850647_reviewed	852839_reviewed	1
851394_reviewed	852428_reviewed	1
851143_reviewed	850808_reviewed	1
850539_reviewed	852744_reviewed	0
850505_reviewed	854957_reviewed	0
850435_reviewed	855591_reviewed	0
854424_reviewed	854485_reviewed	0
855343_reviewed	856478_reviewed	1
854376_reviewed	855086_reviewed	0
853275_reviewed	854778_reviewed	1
851998_reviewed	853397_reviewed	0
852568_reviewed	855411_reviewed	0
850598_reviewed	851776_reviewed	0
853877_reviewed	854191_reviewed	0
853285_reviewed	855080_reviewed	0
850539_reviewed	851396_reviewed	1
851394_reviewed	853025_reviewed	1
851025_reviewed	851771_reviewed	0
850585_reviewed	856764_reviewed	1
852697_reviewed	854230_reviewed	1
851125_reviewed	851530_reviewed	0
851394_reviewed	851754_reviewed	1
855357_reviewed	856498_reviewed	0
850360_reviewed	852697_reviewed	0
854306_reviewed	855509_reviewed	0
851069_reviewed	854376_reviewed	0
851453_reviewed	856695_reviewed	1
850647_reviewed	854939_reviewed	1
850912_reviewed	855440_reviewed	0
851559_reviewed	854497_reviewed	0
855305_reviewed	856831_reviewed	0
853114_reviewed	856019_reviewed	1
856870_reviewed	853463_reviewed	1
851928_reviewed	855884_reviewed	0
852049_reviewed	851469_reviewed	1
853744_reviewed	854929_reviewed	0
852349_reviewed	855364_reviewed	0
856222_reviewed	855499_reviewed	1
852755_reviewed	856169_reviewed	0
851112_reviewed	853758_reviewed	0
855224_reviewed	853604_reviewed	1
855017_reviewed	855144_reviewed	0
853422_reviewed	856743_reviewed	0
851923_reviewed	855271_reviewed	1
856063_reviewed	856012_reviewed	1
852697_reviewed	856026_reviewed	1
855166_reviewed	856016_reviewed	0
850647_reviewed	855751_reviewed	1
850422_reviewed	855335_reviewed	1
853356_reviewed	852088_reviewed	1
850995_reviewed	854485_reviewed	0
852319_reviewed	855897_reviewed	0
854283_reviewed	854382_reviewed	1
853252_reviewed	855836_reviewed	1
851706_reviewed	852170_reviewed	1
854119_reviewed	854119_reviewed	1
853556_reviewed	851788_reviewed	1
855974_reviewed	852228_reviewed	1
850441_reviewed	852916_reviewed	0
852532_reviewed	854102_reviewed	0
854381_reviewed	855730_reviewed	1
852700_reviewed	855998_reviewed	0
852088_reviewed	855171_reviewed	1
852822_reviewed	855624_reviewed	0
854776_reviewed	851119_reviewed	1
853712_reviewed	855230_reviewed	0
852982_reviewed	855118_reviewed	0
851335_reviewed	852462_reviewed	0
850623_reviewed	850611_reviewed	1
855507_reviewed	851494_reviewed	1
850930_reviewed	856241_reviewed	0
851394_reviewed	853174_reviewed	1
854357_reviewed	856436_reviewed	0
853434_reviewed	855147_reviewed	0
854772_reviewed	855463_reviewed	0
850500_reviewed	853109_reviewed	0
851895_reviewed	856524_reviewed	0
854379_reviewed	851320_reviewed	1
851691_reviewed	852612_reviewed	0
856093_reviewed	856870_reviewed	0
853531_reviewed	854392_reviewed	1
853047_reviewed	856876_reviewed	0
855974_reviewed	854926_reviewed	1
851431_reviewed	855665_reviewed	1
854979_reviewed	852500_reviewed	1
851649_reviewed	855018_reviewed	0
854449_reviewed	855836_reviewed	0
853017_reviewed	855830_reviewed	0
852100_reviewed	853030_reviewed	0
850504_reviewed	851985_reviewed	0
851394_reviewed	856800_reviewed	1
855253_reviewed	853681_reviewed	1
851678_reviewed	855730_reviewed	1
852090_reviewed	851369_reviewed	1
853155_reviewed	854192_reviewed	0
854527_reviewed	854725_reviewed	0
851394_reviewed	854717_reviewed	1
852995_reviewed	852767_reviewed	1
856604_reviewed	855730_reviewed	1
851223_reviewed	856517_reviewed	0
851624_reviewed	856862_reviewed	0
854431_reviewed	850657_reviewed	1
852547_reviewed	853364_reviewed	0
851495_reviewed	851024_reviewed	1
850874_reviewed	856351_reviewed	0
853033_reviewed	854583_reviewed	0
850613_reviewed	856731_reviewed	1
850992_reviewed	851596_reviewed	0
853149_reviewed	855500_reviewed	0
852410_reviewed	856831_reviewed	0
850320_reviewed	855628_reviewed	0
854372_reviewed	855512_reviewed	0
852311_reviewed	852360_reviewed	0
855897_reviewed	856095_reviewed	0
851817_reviewed	852758_reviewed	0
852037_reviewed	854284_reviewed	1
850620_reviewed	856387_reviewed	1
855524_reviewed	852032_reviewed	1
855116_reviewed	856490_reviewed	0
853186_reviewed	852547_reviewed	1
856159_reviewed	851841_reviewed	1
856840_reviewed	851935_reviewed	1
850360_reviewed	850620_reviewed	0
853824_reviewed	853877_reviewed	0
853100_reviewed	854123_reviewed	0
854286_reviewed	855201_reviewed	1
850962_reviewed	853932_reviewed	1
850894_reviewed	851632_reviewed	0
854533_reviewed	856028_reviewed	1
856255_reviewed	852060_reviewed	1
852879_reviewed	856287_reviewed	0
851407_reviewed	851162_reviewed	1
853109_reviewed	853155_reviewed	0
851596_reviewed	852459_reviewed	0
851394_reviewed	854828_reviewed	1
851394_reviewed	851364_reviewed	1
856437_reviewed	856918_reviewed	0
851216_reviewed	851824_reviewed	0
856290_reviewed	855728_reviewed	1
850808_reviewed	854351_reviewed	0
850900_reviewed	854622_reviewed	1
850330_reviewed	850609_reviewed	0
853836_reviewed	853106_reviewed	1
851678_reviewed	855616_reviewed	0
851394_reviewed	851844_reviewed	1
852931_reviewed	855988_reviewed	1
852079_reviewed	854475_reviewed	0
851924_reviewed	856449_reviewed	0
851394_reviewed	854305_reviewed	1
851670_reviewed	853767_reviewed	0
850419_reviewed	854247_reviewed	0
852383_reviewed	856146_reviewed	0
851091_reviewed	854674_reviewed	1
855496_reviewed	855820_reviewed	0
853811_reviewed	855998_reviewed	1
851561_reviewed	851962_reviewed	0
854165_reviewed	854586_reviewed	0
853803_reviewed	854874_reviewed	0
851723_reviewed	854453_reviewed	0
852549_reviewed	853029_reviewed	1
851394_reviewed	854954_reviewed	1
851933_reviewed	854229_reviewed	1
850868_reviewed	851733_reviewed	0
850585_reviewed	851274_reviewed	1
853102_reviewed	855780_reviewed	0
851102_reviewed	851168_reviewed	0
851873_reviewed	854063_reviewed	0
851678_reviewed	852880_reviewed	0
850647_reviewed	855268_reviewed	1
851548_reviewed	855591_reviewed	0
851364_reviewed	855836_reviewed	0
850713_reviewed	852504_reviewed	0
852806_reviewed	855454_reviewed	0
850647_reviewed	852675_reviewed	1
852500_reviewed	854149_reviewed	1
852743_reviewed	856076_reviewed	1
850549_reviewed	855335_reviewed	1
854443_reviewed	854443_reviewed	1
851708_reviewed	856674_reviewed	0
852421_reviewed	851262_reviewed	1
852697_reviewed	855699_reviewed	0
852109_reviewed	850973_reviewed	1
850552_reviewed	854691_reviewed	0
853909_reviewed	851782_reviewed	1
851733_reviewed	855841_reviewed	1
852258_reviewed	852352_reviewed	1
850409_reviewed	853814_reviewed	0
855897_reviewed	856115_reviewed	1
852427_reviewed	856393_reviewed	0
850763_reviewed	856455_reviewed	0
851924_reviewed	854881_reviewed	1
852007_reviewed	852995_reviewed	0
854247_reviewed	851988_reviewed	1
851394_reviewed	852889_reviewed	1
852987_reviewed	853705_reviewed	0
850712_reviewed	853573_reviewed	0
852133_reviewed	852697_reviewed	0
851196_reviewed	855357_reviewed	1
850703_reviewed	851874_reviewed	0
850930_reviewed	855418_reviewed	1
853743_reviewed	851126_reviewed	1
851212_reviewed	853071_reviewed	0
850973_reviewed	854697_reviewed	1
853385_reviewed	853385_reviewed	1
852697_reviewed	851326_reviewed	1
853555_reviewed	855399_reviewed	1
850722_reviewed	856709_reviewed	0
856148_reviewed	856647_reviewed	0
851115_reviewed	852451_reviewed	0
851996_reviewed	852541_reviewed	1
854085_reviewed	855929_reviewed	1
853285_reviewed	856741_reviewed	0
851126_reviewed	854835_reviewed	0
855974_reviewed	856743_reviewed	1
851933_reviewed	855972_reviewed	1
851499_reviewed	852972_reviewed	1
851000_reviewed	852057_reviewed	0
852963_reviewed	854656_reviewed	0
850647_reviewed	854407_reviewed	1
852039_reviewed	855613_reviewed	0
850734_reviewed	855013_reviewed	0
850521_reviewed	854372_reviewed	0
853029_reviewed	856264_reviewed	0
856382_reviewed	850930_reviewed	1
856758_reviewed	856870_reviewed	0
855613_reviewed	855836_reviewed	0
852457_reviewed	853650_reviewed	1
853160_reviewed	855335_reviewed	0
854827_reviewed	855843_reviewed	1
854713_reviewed	856409_reviewed	0
851143_reviewed	854739_reviewed	0
850760_reviewed	855471_reviewed	0
851696_reviewed	851554_reviewed	1
851824_reviewed	852088_reviewed	0
853908_reviewed	855669_reviewed	0
851259_reviewed	851399_reviewed	0
851756_reviewed	853010_reviewed	0
851557_reviewed	852569_reviewed	0
851394_reviewed	852970_reviewed	1
854229_reviewed	854286_reviewed	0
851633_reviewed	854536_reviewed	0
850520_reviewed	856134_reviewed	1
856751_reviewed	856912_reviewed	1
852834_reviewed	856186_reviewed	0
855920_reviewed	856811_reviewed	0
852276_reviewed	851409_reviewed	1
853191_reviewed	852766_reviewed	1
853840_reviewed	854933_reviewed	0
851212_reviewed	853774_reviewed	0
851696_reviewed	852697_reviewed	0
852497_reviewed	855888_reviewed	0
850647_reviewed	855177_reviewed	1
851061_reviewed	851346_reviewed	0
851988_reviewed	851991_reviewed	0
854036_reviewed	851558_reviewed	1
853140_reviewed	852762_reviewed	1
856815_reviewed	853029_reviewed	1
852344_reviewed	852547_reviewed	0
854495_reviewed	856470_reviewed	0
856815_reviewed	855118_reviewed	1
853638_reviewed	855580_reviewed	0
852640_reviewed	852373_reviewed	1
853846_reviewed	856891_reviewed	0
850647_reviewed	854013_reviewed	1
850793_reviewed	853191_reviewed	0
853499_reviewed	852703_reviewed	1
856063_reviewed	854078_reviewed	1
854353_reviewed	855640_reviewed	1
851407_reviewed	853029_reviewed	1
853896_reviewed	856412_reviewed	0
851453_reviewed	852497_reviewed	0
852053_reviewed	853537_reviewed	0
854151_reviewed	854659_reviewed	0
850346_reviewed	855468_reviewed	1
851504_reviewed	856422_reviewed	1
853133_reviewed	856293_reviewed	1
856463_reviewed	852767_reviewed	1
852031_reviewed	852755_reviewed	0
851264_reviewed	856597_reviewed	0
851399_reviewed	854710_reviewed	0
852553_reviewed	854667_reviewed	0
850686_reviewed	855669_reviewed	0
853041_reviewed	856604_reviewed	0
855948_reviewed	850328_reviewed	1
852404_reviewed	851841_reviewed	1
850832_reviewed	853458_reviewed	0
850883_reviewed	852704_reviewed	0
855335_reviewed	855335_reviewed	1
851460_reviewed	855522_reviewed	0
852119_reviewed	851782_reviewed	1
856449_reviewed	856603_reviewed	0
850720_reviewed	851318_reviewed	0
851335_reviewed	854734_reviewed	1
851181_reviewed	853201_reviewed	0
853458_reviewed	850883_reviewed	1
850883_reviewed	853934_reviewed	0
851404_reviewed	855974_reviewed	0
855469_reviewed	856384_reviewed	0
851421_reviewed	851670_reviewed	1
852697_reviewed	852873_reviewed	0
850609_reviewed	855221_reviewed	0
853714_reviewed	851636_reviewed	1
850941_reviewed	852079_reviewed	0
852766_reviewed	855950_reviewed	0
850318_reviewed	852713_reviewed	0
853442_reviewed	856226_reviewed	1
851776_reviewed	855399_reviewed	1
855281_reviewed	856134_reviewed	0
851548_reviewed	855158_reviewed	0
854431_reviewed	853712_reviewed	1
852592_reviewed	856360_reviewed	1
852451_reviewed	853523_reviewed	0
853875_reviewed	855727_reviewed	0
851255_reviewed	853100_reviewed	0
851394_reviewed	855596_reviewed	1
855859_reviewed	850328_reviewed	1
852697_reviewed	852820_reviewed	0
854102_reviewed	854702_reviewed	0
851567_reviewed	855267_reviewed	0
851447_reviewed	855356_reviewed	0
853406_reviewed	852066_reviewed	1
850764_reviewed	853601_reviewed	0
854327_reviewed	854749_reviewed	0
852404_reviewed	852512_reviewed	1
850656_reviewed	855132_reviewed	0
850440_reviewed	855605_reviewed	1
853455_reviewed	853581_reviewed	0
855836_reviewed	852128_reviewed	1
852361_reviewed	853312_reviewed	0
854322_reviewed	854993_reviewed	0
853499_reviewed	853808_reviewed	1
851676_reviewed	851752_reviewed	0
854290_reviewed	855841_reviewed	0
850584_reviewed	851255_reviewed	0
851840_reviewed	852896_reviewed	0
856310_reviewed	851495_reviewed	1
855836_reviewed	852351_reviewed	1
856709_reviewed	852860_reviewed	1
850919_reviewed	855977_reviewed	0
850632_reviewed	856491_reviewed	0
853814_reviewed	855506_reviewed	0
854431_reviewed	853543_reviewed	1
851076_reviewed	855942_reviewed	1
850734_reviewed	855496_reviewed	0
855789_reviewed	856488_reviewed	0
851897_reviewed	854937_reviewed	0
851095_reviewed	851314_reviewed	0
851152_reviewed	856865_reviewed	0
851394_reviewed	854924_reviewed	1
851924_reviewed	856655_reviewed	1
855580_reviewed	854509_reviewed	1
856115_reviewed	853371_reviewed	1
850973_reviewed	851373_reviewed	0
852947_reviewed	851500_reviewed	1
855473_reviewed	856317_reviewed	1
853566_reviewed	851135_reviewed	1
850396_reviewed	851596_reviewed	1
853017_reviewed	852518_reviewed	1
854352_reviewed	850990_reviewed	1
850966_reviewed	855568_reviewed	0
854085_reviewed	852097_reviewed	1
853733_reviewed	851926_reviewed	1
852088_reviewed	855725_reviewed	1
852258_reviewed	854345_reviewed	0
852806_reviewed	853364_reviewed	0
850554_reviewed	856044_reviewed	1
852586_reviewed	853201_reviewed	1
853469_reviewed	851720_reviewed	1
851557_reviewed	853534_reviewed	0
855836_reviewed	856076_reviewed	0
851745_reviewed	856219_reviewed	0
850613_reviewed	851461_reviewed	1
855616_reviewed	856059_reviewed	0
850647_reviewed	852833_reviewed	1
855512_reviewed	853537_reviewed	1
853857_reviewed	854042_reviewed	0
854902_reviewed	856351_reviewed	0
855136_reviewed	854748_reviewed	1
853959_reviewed	855731_reviewed	1
852348_reviewed	854441_reviewed	0
850647_reviewed	851845_reviewed	1
854735_reviewed	856223_reviewed	1
851371_reviewed	854203_reviewed	0
851313_reviewed	854152_reviewed	1
851394_reviewed	850513_reviewed	1
850539_reviewed	850807_reviewed	0
853856_reviewed	854353_reviewed	1
851030_reviewed	856484_reviewed	0
852995_reviewed	855972_reviewed	1
856575_reviewed	850695_reviewed	1
851632_reviewed	854162_reviewed	0
851921_reviewed	856384_reviewed	0
853509_reviewed	856351_reviewed	0
852804_reviewed	855613_reviewed	0
856463_reviewed	855890_reviewed	1
852426_reviewed	853285_reviewed	0
852395_reviewed	855399_reviewed	0
852660_reviewed	855458_reviewed	1
851998_reviewed	851495_reviewed	1
850647_reviewed	853342_reviewed	1
854554_reviewed	856320_reviewed	0
856563_reviewed	850639_reviewed	1
852001_reviewed	852100_reviewed	0
856490_reviewed	850520_reviewed	1
851394_reviewed	851173_reviewed	1
855568_reviewed	852606_reviewed	1
854382_reviewed	854706_reviewed	0
850647_reviewed	852041_reviewed	1
851394_reviewed	853423_reviewed	1
854586_reviewed	855513_reviewed	0
855828_reviewed	852088_reviewed	1
851394_reviewed	850620_reviewed	1
853369_reviewed	855977_reviewed	0
851936_reviewed	852553_reviewed	0
854443_reviewed	851222_reviewed	1
851394_reviewed	854113_reviewed	1
853011_reviewed	853133_reviewed	0
852577_reviewed	855620_reviewed	0
856895_reviewed	850843_reviewed	1
852982_reviewed	852704_reviewed	1
850682_reviewed	853922_reviewed	0
851125_reviewed	856863_reviewed	0
852782_reviewed	854956_reviewed	0
854119_reviewed	853456_reviewed	1
853167_reviewed	855460_reviewed	0
850990_reviewed	854852_reviewed	0
851259_reviewed	854284_reviewed	1
853576_reviewed	855828_reviewed	0
850554_reviewed	854828_reviewed	1
855819_reviewed	855524_reviewed	1
851548_reviewed	853934_reviewed	0
856647_reviewed	856702_reviewed	0
856089_reviewed	851273_reviewed	1
852451_reviewed	856119_reviewed	1
855256_reviewed	850580_reviewed	1
855013_reviewed	855822_reviewed	0
851394_reviewed	851646_reviewed	1
855500_reviewed	855788_reviewed	0
853133_reviewed	853650_reviewed	0
850385_reviewed	855023_reviewed	0
850297_reviewed	856680_reviewed	1
851988_reviewed	856528_reviewed	1
855335_reviewed	856255_reviewed	0
850846_reviewed	850877_reviewed	1
851335_reviewed	856912_reviewed	1
854663_reviewed	855965_reviewed	0
851533_reviewed	854827_reviewed	1
855171_reviewed	856575_reviewed	0
852995_reviewed	852995_reviewed	1
853743_reviewed	850689_reviewed	1
852233_reviewed	853598_reviewed	1
852654_reviewed	854153_reviewed	1
856255_reviewed	853587_reviewed	1
854265_reviewed	851259_reviewed	1
854082_reviewed	851737_reviewed	1
851752_reviewed	851752_reviewed	1
850712_reviewed	853774_reviewed	0
855888_reviewed	853857_reviewed	1
851431_reviewed	852222_reviewed	1
855745_reviewed	856743_reviewed	0
850973_reviewed	852892_reviewed	1
852457_reviewed	856680_reviewed	1
850647_reviewed	854915_reviewed	1
850654_reviewed	855242_reviewed	0
850647_reviewed	850799_reviewed	1
852042_reviewed	851827_reviewed	1
852549_reviewed	851924_reviewed	1
854670_reviewed	855669_reviewed	1
853877_reviewed	855520_reviewed	0
851404_reviewed	855399_reviewed	0
855114_reviewed	856135_reviewed	0
850691_reviewed	852996_reviewed	0
854793_reviewed	852549_reviewed	1
850505_reviewed	852044_reviewed	0
853119_reviewed	856565_reviewed	0
851813_reviewed	856763_reviewed	0
854034_reviewed	854731_reviewed	1
853327_reviewed	852275_reviewed	1
853893_reviewed	854136_reviewed	0
850951_reviewed	851831_reviewed	0
851394_reviewed	856681_reviewed	1
855841_reviewed	855224_reviewed	1
851259_reviewed	851676_reviewed	1
855925_reviewed	855332_reviewed	1
852726_reviewed	855439_reviewed	0
851394_reviewed	853899_reviewed	1
854458_reviewed	854458_reviewed	1
855892_reviewed	853041_reviewed	1
850741_reviewed	853364_reviewed	0
851255_reviewed	853060_reviewed	1
855158_reviewed	855730_reviewed	0
851681_reviewed	856590_reviewed	0
854286_reviewed	856862_reviewed	0
854543_reviewed	856186_reviewed	0
851650_reviewed	852782_reviewed	0
852003_reviewed	856317_reviewed	0
851399_reviewed	851412_reviewed	1
850963_reviewed	852866_reviewed	0
854941_reviewed	852385_reviewed	1
850647_reviewed	850306_reviewed	1
853499_reviewed	854265_reviewed	0
854999_reviewed	855281_reviewed	0
854869_reviewed	852385_reviewed	1
850702_reviewed	852385_reviewed	0
851394_reviewed	855196_reviewed	1
852767_reviewed	855473_reviewed	0
850549_reviewed	856723_reviewed	1
851394_reviewed	851196_reviewed	1
853576_reviewed	852805_reviewed	1
851169_reviewed	852987_reviewed	0
850939_reviewed	855596_reviewed	1
852694_reviewed	853090_reviewed	0
855843_reviewed	851841_reviewed	1
855605_reviewed	855605_reviewed	1
854327_reviewed	853133_reviewed	1
856463_reviewed	853682_reviewed	1
850973_reviewed	854201_reviewed	0
855460_reviewed	856426_reviewed	1
855925_reviewed	851005_reviewed	1
852700_reviewed	853109_reviewed	0
855263_reviewed	855821_reviewed	1
854740_reviewed	856112_reviewed	0
851373_reviewed	854183_reviewed	0
850654_reviewed	856398_reviewed	0
853535_reviewed	856882_reviewed	1
855319_reviewed	856717_reviewed	1
850607_reviewed	853599_reviewed	1
4036073_reviewed	856831_reviewed	1
852740_reviewed	855356_reviewed	0
852728_reviewed	854999_reviewed	0
856247_reviewed	855512_reviewed	1
851399_reviewed	856226_reviewed	1
852675_reviewed	856837_reviewed	0
855421_reviewed	852259_reviewed	1
853048_reviewed	855335_reviewed	0
854666_reviewed	854701_reviewed	0
855511_reviewed	851827_reviewed	1
851259_reviewed	852870_reviewed	1
850656_reviewed	853746_reviewed	0
851924_reviewed	856449_reviewed	0
856513_reviewed	856513_reviewed	1
852837_reviewed	855422_reviewed	1
852672_reviewed	852672_reviewed	1
850760_reviewed	854545_reviewed	0
851416_reviewed	853041_reviewed	1
855899_reviewed	855899_reviewed	1
850747_reviewed	855357_reviewed	0
850647_reviewed	856433_reviewed	1
854243_reviewed	852659_reviewed	1
854382_reviewed	856751_reviewed	0
850367_reviewed	856736_reviewed	0
853060_reviewed	854327_reviewed	0
852649_reviewed	856367_reviewed	0
856367_reviewed	856901_reviewed	0
853307_reviewed	853702_reviewed	0
852025_reviewed	853030_reviewed	1
854518_reviewed	855730_reviewed	0
852931_reviewed	850310_reviewed	1
852088_reviewed	854450_reviewed	0
850806_reviewed	852352_reviewed	0
855539_reviewed	855950_reviewed	0
854286_reviewed	856305_reviewed	0
855237_reviewed	853589_reviewed	1
854379_reviewed	856515_reviewed	0
850956_reviewed	852819_reviewed	0
854888_reviewed	855149_reviewed	1
851394_reviewed	852636_reviewed	1
851618_reviewed	852372_reviewed	0
852549_reviewed	855335_reviewed	1
851259_reviewed	851259_reviewed	1
851259_reviewed	855728_reviewed	1
851738_reviewed	850587_reviewed	1
856841_reviewed	851061_reviewed	1
855466_reviewed	852039_reviewed	1
854179_reviewed	855466_reviewed	0
855166_reviewed	854795_reviewed	1
852477_reviewed	853332_reviewed	0
850683_reviewed	854716_reviewed	0
850422_reviewed	855789_reviewed	0
850587_reviewed	850966_reviewed	0
851533_reviewed	851957_reviewed	1
855466_reviewed	853202_reviewed	1
855539_reviewed	850656_reviewed	1
851425_reviewed	856475_reviewed	0
852373_reviewed	855460_reviewed	0
854662_reviewed	853909_reviewed	1
851627_reviewed	850904_reviewed	1
851485_reviewed	856667_reviewed	0
856218_reviewed	852239_reviewed	1
851724_reviewed	851776_reviewed	0
850607_reviewed	851771_reviewed	0
852434_reviewed	854286_reviewed	0
851394_reviewed	851597_reviewed	1
852060_reviewed	854381_reviewed	0
850647_reviewed	853939_reviewed	1
854170_reviewed	854533_reviewed	1
854381_reviewed	853860_reviewed	1
851832_reviewed	853538_reviewed	1
850620_reviewed	852881_reviewed	0
853477_reviewed	854852_reviewed	0
856648_reviewed	851250_reviewed	1
853098_reviewed	852888_reviewed	1
851906_reviewed	855950_reviewed	0
853062_reviewed	855890_reviewed	0
856449_reviewed	854116_reviewed	1
854018_reviewed	854018_reviewed	1
853081_reviewed	853503_reviewed	0
853716_reviewed	851758_reviewed	1
855276_reviewed	856146_reviewed	0
853540_reviewed	854601_reviewed	0
850643_reviewed	855466_reviewed	0
853576_reviewed	855238_reviewed	1
850808_reviewed	854203_reviewed	0
850656_reviewed	851723_reviewed	0
852013_reviewed	856882_reviewed	1
851052_reviewed	855611_reviewed	0
852003_reviewed	855972_reviewed	0
854666_reviewed	855631_reviewed	0
851255_reviewed	856484_reviewed	0
852649_reviewed	856901_reviewed	1
852938_reviewed	850806_reviewed	1
856604_reviewed	856891_reviewed	0
853064_reviewed	855505_reviewed	0
851671_reviewed	853609_reviewed	1
852457_reviewed	856425_reviewed	1
851782_reviewed	852100_reviewed	0
850900_reviewed	854598_reviewed	1
850387_reviewed	854802_reviewed	0
855466_reviewed	854939_reviewed	1
852189_reviewed	855284_reviewed	0
851394_reviewed	854377_reviewed	1
851259_reviewed	851890_reviewed	1
850768_reviewed	853712_reviewed	0
853871_reviewed	854922_reviewed	1
851394_reviewed	851836_reviewed	1
854446_reviewed	856553_reviewed	0
851061_reviewed	855447_reviewed	0
852697_reviewed	854648_reviewed	1
850760_reviewed	850956_reviewed	0
850638_reviewed	856297_reviewed	0
855253_reviewed	856732_reviewed	1
856129_reviewed	855157_reviewed	1
851143_reviewed	855836_reviewed	0
853160_reviewed	855972_reviewed	1
853438_reviewed	851798_reviewed	1
850347_reviewed	855061_reviewed	0
850914_reviewed	851259_reviewed	1
851714_reviewed	852591_reviewed	0
851259_reviewed	855952_reviewed	0
852873_reviewed	855362_reviewed	1
850392_reviewed	854170_reviewed	0
851041_reviewed	852311_reviewed	1
853461_reviewed	853723_reviewed	0
855173_reviewed	855512_reviewed	0
852728_reviewed	856848_reviewed	0
854691_reviewed	855934_reviewed	1
851394_reviewed	856825_reviewed	1
851776_reviewed	853144_reviewed	0
850763_reviewed	856126_reviewed	1
851000_reviewed	851774_reviewed	1
851318_reviewed	850623_reviewed	1
853304_reviewed	853527_reviewed	0
851969_reviewed	851893_reviewed	1
850647_reviewed	850988_reviewed	1
851219_reviewed	856505_reviewed	0
854543_reviewed	855838_reviewed	1
855873_reviewed	856891_reviewed	0
850623_reviewed	854956_reviewed	1
855561_reviewed	851887_reviewed	1
850422_reviewed	856024_reviewed	1
850995_reviewed	851988_reviewed	0
850430_reviewed	851670_reviewed	0
856002_reviewed	856830_reviewed	0
852457_reviewed	856518_reviewed	1
851061_reviewed	855428_reviewed	0
856846_reviewed	854939_reviewed	1
851821_reviewed	852896_reviewed	1
853994_reviewed	851458_reviewed	1
852790_reviewed	851143_reviewed	1
852373_reviewed	855665_reviewed	0
854198_reviewed	855471_reviewed	0
854739_reviewed	854032_reviewed	1
852439_reviewed	854116_reviewed	1
850601_reviewed	851259_reviewed	0
850830_reviewed	855114_reviewed	0
853462_reviewed	854985_reviewed	0
854827_reviewed	856159_reviewed	1
853954_reviewed	855125_reviewed	1
854381_reviewed	851530_reviewed	1
855897_reviewed	854072_reviewed	1
850334_reviewed	856507_reviewed	1
851000_reviewed	853596_reviewed	1
854856_reviewed	855830_reviewed	1
851394_reviewed	856241_reviewed	1
853160_reviewed	855539_reviewed	1
853884_reviewed	854253_reviewed	0
852223_reviewed	853288_reviewed	0
850713_reviewed	855237_reviewed	1
851632_reviewed	854469_reviewed	1
853345_reviewed	854353_reviewed	1
852528_reviewed	856321_reviewed	0
852091_reviewed	852497_reviewed	0
851499_reviewed	855862_reviewed	1
851841_reviewed	856743_reviewed	0
851957_reviewed	850909_reviewed	1
852499_reviewed	850863_reviewed	1
852755_reviewed	856723_reviewed	0
850647_reviewed	851346_reviewed	1
855203_reviewed	855939_reviewed	1
851647_reviewed	853654_reviewed	0
851394_reviewed	853148_reviewed	1
850900_reviewed	852921_reviewed	0
854663_reviewed	854999_reviewed	0
855663_reviewed	855177_reviewed	1
852497_reviewed	854818_reviewed	0
852042_reviewed	853109_reviewed	0
852095_reviewed	851591_reviewed	1
854032_reviewed	856305_reviewed	0
855898_reviewed	855171_reviewed	1
856607_reviewed	853147_reviewed	1
856677_reviewed	856799_reviewed	0
853433_reviewed	855771_reviewed	0
852039_reviewed	856746_reviewed	1
850553_reviewed	853641_reviewed	1
851691_reviewed	855964_reviewed	0
855862_reviewed	856320_reviewed	0
850554_reviewed	852873_reviewed	1
852530_reviewed	851807_reviewed	1
854322_reviewed	852838_reviewed	1
851813_reviewed	853523_reviewed	1
854223_reviewed	856648_reviewed	0
851254_reviewed	852636_reviewed	0
855136_reviewed	856472_reviewed	1
852371_reviewed	853238_reviewed	0
852383_reviewed	852665_reviewed	0
852972_reviewed	854793_reviewed	0
851394_reviewed	854806_reviewed	1
855281_reviewed	855599_reviewed	0
851520_reviewed	852982_reviewed	0
853922_reviewed	854227_reviewed	1
851632_reviewed	854446_reviewed	1
851678_reviewed	853670_reviewed	0
854820_reviewed	855929_reviewed	0
852697_reviewed	853836_reviewed	1
855157_reviewed	854388_reviewed	1
851152_reviewed	855836_reviewed	0
850607_reviewed	854678_reviewed	0
851716_reviewed	852171_reviewed	0
851399_reviewed	855386_reviewed	0
852457_reviewed	856648_reviewed	1
852697_reviewed	855716_reviewed	0
852013_reviewed	853264_reviewed	1
855159_reviewed	850552_reviewed	1
850793_reviewed	852757_reviewed	0
852487_reviewed	856317_reviewed	0
852499_reviewed	853870_reviewed	0
851329_reviewed	854622_reviewed	0
850930_reviewed	853198_reviewed	0
854978_reviewed	854627_reviewed	1
850580_reviewed	853545_reviewed	1
850860_reviewed	856112_reviewed	0
853531_reviewed	856130_reviewed	0
856901_reviewed	850713_reviewed	1
850694_reviewed	854057_reviewed	0
854168_reviewed	851752_reviewed	1
851408_reviewed	853147_reviewed	1
850409_reviewed	855267_reviewed	1
854882_reviewed	854544_reviewed	1
853985_reviewed	854663_reviewed	0
851776_reviewed	855281_reviewed	0
850720_reviewed	851025_reviewed	0
854162_reviewed	856603_reviewed	0
853016_reviewed	854977_reviewed	0
854701_reviewed	855393_reviewed	0
855471_reviewed	855535_reviewed	0
851342_reviewed	854918_reviewed	0
851359_reviewed	851866_reviewed	1
855661_reviewed	855661_reviewed	1
855439_reviewed	852560_reviewed	1
854382_reviewed	855888_reviewed	0
850652_reviewed	851939_reviewed	0
850824_reviewed	851259_reviewed	0
852697_reviewed	855836_reviewed	0
853824_reviewed	855640_reviewed	1
854487_reviewed	852982_reviewed	1
855974_reviewed	852766_reviewed	1
856663_reviewed	853942_reviewed	1
852549_reviewed	852992_reviewed	1
850883_reviewed	851893_reviewed	0
851103_reviewed	855718_reviewed	0
853009_reviewed	856432_reviewed	0
850298_reviewed	853376_reviewed	0
856505_reviewed	852715_reviewed	1
855427_reviewed	854197_reviewed	1
851394_reviewed	852136_reviewed	1
853191_reviewed	855144_reviewed	0
852365_reviewed	855908_reviewed	0
856267_reviewed	853188_reviewed	1
851399_reviewed	853438_reviewed	1
855253_reviewed	855332_reviewed	1
850657_reviewed	853513_reviewed	0
851259_reviewed	852489_reviewed	1
850388_reviewed	850963_reviewed	0
851030_reviewed	851152_reviewed	1
855862_reviewed	856846_reviewed	0
853922_reviewed	850658_reviewed	1
855585_reviewed	851611_reviewed	1
854450_reviewed	856886_reviewed	0
850554_reviewed	851557_reviewed	1
852222_reviewed	853523_reviewed	0
852704_reviewed	853956_reviewed	0
855758_reviewed	855470_reviewed	1
853880_reviewed	856891_reviewed	0
852457_reviewed	856764_reviewed	1
852968_reviewed	851831_reviewed	1
851259_reviewed	854650_reviewed	0
852728_reviewed	854309_reviewed	1
852003_reviewed	854433_reviewed	1
853589_reviewed	853077_reviewed	1
851266_reviewed	853806_reviewed	0
851271_reviewed	851776_reviewed	1
851266_reviewed	855404_reviewed	1
855836_reviewed	850733_reviewed	1
855346_reviewed	855346_reviewed	1
855649_reviewed	851924_reviewed	1
851676_reviewed	855318_reviewed	1
851447_reviewed	852697_reviewed	0
850980_reviewed	854019_reviewed	1
850820_reviewed	853369_reviewed	0
850298_reviewed	855789_reviewed	0
853114_reviewed	850506_reviewed	1
851325_reviewed	856660_reviewed	0
855836_reviewed	854901_reviewed	1
852782_reviewed	855532_reviewed	1
852547_reviewed	855843_reviewed	0
855155_reviewed	853071_reviewed	1
852492_reviewed	855263_reviewed	0
851074_reviewed	856194_reviewed	1
852549_reviewed	850894_reviewed	1
856012_reviewed	855335_reviewed	1
853851_reviewed	850806_reviewed	1
854691_reviewed	855184_reviewed	0
855427_reviewed	856076_reviewed	1
856226_reviewed	853895_reviewed	1
854286_reviewed	856317_reviewed	0
854536_reviewed	854135_reviewed	1
855104_reviewed	855836_reviewed	0
850572_reviewed	851539_reviewed	0
851013_reviewed	851013_reviewed	1
851933_reviewed	854093_reviewed	0
850320_reviewed	855466_reviewed	1
853275_reviewed	853688_reviewed	1
850734_reviewed	850328_reviewed	1
850647_reviewed	852105_reviewed	1
851557_reviewed	855897_reviewed	0
850782_reviewed	853782_reviewed	0
851596_reviewed	852459_reviewed	0
853774_reviewed	855356_reviewed	0
853985_reviewed	854068_reviewed	1
850995_reviewed	856519_reviewed	1
851314_reviewed	852121_reviewed	1
852549_reviewed	855890_reviewed	0
854935_reviewed	855463_reviewed	0
856576_reviewed	855741_reviewed	1
854059_reviewed	854315_reviewed	1
850647_reviewed	856112_reviewed	1
851394_reviewed	850409_reviewed	1
851394_reviewed	851884_reviewed	1
855772_reviewed	856384_reviewed	0
852697_reviewed	852970_reviewed	1
851201_reviewed	850623_reviewed	1
852697_reviewed	851691_reviewed	1
850658_reviewed	855475_reviewed	1
850647_reviewed	852900_reviewed	1
855532_reviewed	853728_reviewed	1
855892_reviewed	853551_reviewed	1
850623_reviewed	852749_reviewed	1
854768_reviewed	855705_reviewed	0
853860_reviewed	855977_reviewed	0
852607_reviewed	855841_reviewed	0
855836_reviewed	855408_reviewed	1
851517_reviewed	854769_reviewed	0
855524_reviewed	851786_reviewed	1
853030_reviewed	855460_reviewed	0
853819_reviewed	853941_reviewed	0
850440_reviewed	855177_reviewed	0
855987_reviewed	855987_reviewed	1
852549_reviewed	853062_reviewed	0
855116_reviewed	850419_reviewed	1
851102_reviewed	853072_reviewed	0
854186_reviewed	854673_reviewed	0
855532_reviewed	854138_reviewed	1
851394_reviewed	853053_reviewed	1
851632_reviewed	856267_reviewed	1
851530_reviewed	856226_reviewed	0
854303_reviewed	855841_reviewed	1
851320_reviewed	851441_reviewed	0
852348_reviewed	856476_reviewed	0
850977_reviewed	853030_reviewed	0
850872_reviewed	856119_reviewed	1
855836_reviewed	851771_reviewed	1
851115_reviewed	851723_reviewed	1
855524_reviewed	856482_reviewed	1
854179_reviewed	851421_reviewed	1
850712_reviewed	855891_reviewed	0
852670_reviewed	853393_reviewed	1
853438_reviewed	850506_reviewed	1
851823_reviewed	852748_reviewed	0
850823_reviewed	852385_reviewed	0
851469_reviewed	853369_reviewed	1
855789_reviewed	856267_reviewed	0
850647_reviewed	853565_reviewed	1
851752_reviewed	851532_reviewed	1
851874_reviewed	854162_reviewed	1
851394_reviewed	851477_reviewed	1
853828_reviewed	852639_reviewed	1
851394_reviewed	853578_reviewed	1
852754_reviewed	854384_reviewed	0
852258_reviewed	855319_reviewed	0
856680_reviewed	853811_reviewed	1
854192_reviewed	854372_reviewed	0
851724_reviewed	856743_reviewed	1
853774_reviewed	855650_reviewed	0
855263_reviewed	850620_reviewed	1
856485_reviewed	855539_reviewed	1
856186_reviewed	856799_reviewed	1
855613_reviewed	854469_reviewed	1
851394_reviewed	852074_reviewed	1
854737_reviewed	850968_reviewed	1
852416_reviewed	854960_reviewed	1
853065_reviewed	853347_reviewed	1
851250_reviewed	851250_reviewed	1
856481_reviewed	850401_reviewed	1
851996_reviewed	855339_reviewed	0
851220_reviewed	854328_reviewed	0
850908_reviewed	853509_reviewed	0
851204_reviewed	852193_reviewed	0
854777_reviewed	856409_reviewed	0
852042_reviewed	853589_reviewed	0
850806_reviewed	856129_reviewed	0
852382_reviewed	855478_reviewed	0
855460_reviewed	856891_reviewed	0
854168_reviewed	854168_reviewed	1
851520_reviewed	852814_reviewed	1
855524_reviewed	852697_reviewed	1
854627_reviewed	855754_reviewed	0
851212_reviewed	853908_reviewed	1
852697_reviewed	856351_reviewed	0
851399_reviewed	852697_reviewed	0
856222_reviewed	853555_reviewed	1
851660_reviewed	852767_reviewed	1
855263_reviewed	855305_reviewed	0
850647_reviewed	854105_reviewed	1
853318_reviewed	854525_reviewed	0
855602_reviewed	856483_reviewed	0
851761_reviewed	852726_reviewed	0
855073_reviewed	855073_reviewed	1
854827_reviewed	851097_reviewed	1
852758_reviewed	855142_reviewed	0
855611_reviewed	856565_reviewed	0
855466_reviewed	853780_reviewed	1
852560_reviewed	852918_reviewed	1
852457_reviewed	853327_reviewed	1
855104_reviewed	855538_reviewed	0
855092_reviewed	855758_reviewed	0
852319_reviewed	853728_reviewed	0
850554_reviewed	853418_reviewed	1
854487_reviewed	852757_reviewed	1
851259_reviewed	853262_reviewed	1
854780_reviewed	856044_reviewed	1
850347_reviewed	856604_reviewed	0
852848_reviewed	854875_reviewed	0
853886_reviewed	854627_reviewed	0
855418_reviewed	851190_reviewed	1
851509_reviewed	854322_reviewed	0
856159_reviewed	852512_reviewed	1
851394_reviewed	854748_reviewed	1
853734_reviewed	855055_reviewed	0
853458_reviewed	855335_reviewed	0
855580_reviewed	853348_reviewed	1
852996_reviewed	856183_reviewed	1
850950_reviewed	852611_reviewed	0
856870_reviewed	852086_reviewed	1
856852_reviewed	855859_reviewed	1
855613_reviewed	850625_reviewed	1
852754_reviewed	855104_reviewed	0
850620_reviewed	851800_reviewed	0
851394_reviewed	854290_reviewed	1
855836_reviewed	856315_reviewed	0
851250_reviewed	850909_reviewed	1
852549_reviewed	855890_reviewed	0
852060_reviewed	855473_reviewed	0
850647_reviewed	853186_reviewed	1
851259_reviewed	853183_reviewed	1
853814_reviewed	851782_reviewed	1
855386_reviewed	855836_reviewed	0
855466_reviewed	851548_reviewed	1
852421_reviewed	854277_reviewed	1
852385_reviewed	852385_reviewed	1
853128_reviewed	853202_reviewed	0
851893_reviewed	853048_reviewed	1
852234_reviewed	855758_reviewed	0
855273_reviewed	856870_reviewed	0
854912_reviewed	854999_reviewed	0
852313_reviewed	855428_reviewed	0
855616_reviewed	851962_reviewed	1
851771_reviewed	856130_reviewed	0
853471_reviewed	855998_reviewed	0
852752_reviewed	856084_reviewed	1
851737_reviewed	852868_reviewed	0
851518_reviewed	856751_reviewed	1
851821_reviewed	851930_reviewed	0
852419_reviewed	853578_reviewed	0
856886_reviewed	851371_reviewed	1
852546_reviewed	856351_reviewed	0
850920_reviewed	851030_reviewed	0
856425_reviewed	854406_reviewed	1
850647_reviewed	851911_reviewed	1
851817_reviewed	855751_reviewed	0
851520_reviewed	856012_reviewed	0
850792_reviewed	852173_reviewed	0
852982_reviewed	856553_reviewed	1
856837_reviewed	855724_reviewed	1
854827_reviewed	852512_reviewed	1
855988_reviewed	856147_reviewed	0
852757_reviewed	853369_reviewed	1
852499_reviewed	853283_reviewed	1
855716_reviewed	855716_reviewed	1
850647_reviewed	853053_reviewed	1
852088_reviewed	851592_reviewed	1
855836_reviewed	850359_reviewed	1
851683_reviewed	855339_reviewed	1
851969_reviewed	850872_reviewed	1
852825_reviewed	855458_reviewed	0
854379_reviewed	854734_reviewed	0
851266_reviewed	851988_reviewed	0
855962_reviewed	856076_reviewed	0
852697_reviewed	852822_reviewed	0
852404_reviewed	854662_reviewed	0
853576_reviewed	853817_reviewed	1
852697_reviewed	853828_reviewed	1
855136_reviewed	855771_reviewed	0
853723_reviewed	856141_reviewed	1
852995_reviewed	854487_reviewed	0
851008_reviewed	851399_reviewed	0
851921_reviewed	855325_reviewed	0
851263_reviewed	856912_reviewed	1
852106_reviewed	855862_reviewed	0
856565_reviewed	856862_reviewed	0
851558_reviewed	854646_reviewed	0
853364_reviewed	854017_reviewed	0
856351_reviewed	855155_reviewed	1
851259_reviewed	855581_reviewed	0
854791_reviewed	853011_reviewed	1
850919_reviewed	854381_reviewed	0
851143_reviewed	852042_reviewed	0
854796_reviewed	850682_reviewed	1
852785_reviewed	856352_reviewed	0
852248_reviewed	852833_reviewed	1
855449_reviewed	856754_reviewed	0
850554_reviewed	854544_reviewed	1
852202_reviewed	855998_reviewed	0
850647_reviewed	855123_reviewed	1
852088_reviewed	853167_reviewed	1
851920_reviewed	852319_reviewed	0
852080_reviewed	854357_reviewed	0
850808_reviewed	853030_reviewed	1
852963_reviewed	854966_reviewed	0
851259_reviewed	851742_reviewed	1
851756_reviewed	852001_reviewed	1
854257_reviewed	855176_reviewed	0
855751_reviewed	856042_reviewed	1
853535_reviewed	856155_reviewed	0
850396_reviewed	854084_reviewed	0
851259_reviewed	855161_reviewed	1
855228_reviewed	850935_reviewed	1
851530_reviewed	856226_reviewed	0
850934_reviewed	853434_reviewed	1
855974_reviewed	856695_reviewed	0
855836_reviewed	855440_reviewed	1
853167_reviewed	853985_reviewed	0
856449_reviewed	850893_reviewed	1
851495_reviewed	853880_reviewed	1
853041_reviewed	854106_reviewed	0
852407_reviewed	852500_reviewed	0
855041_reviewed	855041_reviewed	1
853735_reviewed	855504_reviewed	0
850354_reviewed	853453_reviewed	0
852392_reviewed	851220_reviewed	1
853353_reviewed	855166_reviewed	0
855567_reviewed	852222_reviewed	1
851335_reviewed	852740_reviewed	1
851648_reviewed	851741_reviewed	0
851394_reviewed	853796_reviewed	1
854656_reviewed	854985_reviewed	0
852457_reviewed	852398_reviewed	1
850607_reviewed	852404_reviewed	1
855836_reviewed	852876_reviewed	1
851168_reviewed	852189_reviewed	0
855565_reviewed	852685_reviewed	1
855730_reviewed	854469_reviewed	1
852258_reviewed	852501_reviewed	1
851740_reviewed	854929_reviewed	0
851407_reviewed	855228_reviewed	0
851618_reviewed	854372_reviewed	0
851005_reviewed	852896_reviewed	1
852694_reviewed	855220_reviewed	0
853185_reviewed	856862_reviewed	1
856736_reviewed	855859_reviewed	1
854791_reviewed	850864_reviewed	1
853780_reviewed	855664_reviewed	0
856659_reviewed	851342_reviewed	1
853598_reviewed	854391_reviewed	1
853639_reviewed	852916_reviewed	1
852248_reviewed	853365_reviewed	1
856654_reviewed	854937_reviewed	1
851069_reviewed	856384_reviewed	0
851265_reviewed	851998_reviewed	0
855636_reviewed	855636_reviewed	1
851394_reviewed	853809_reviewed	1
851222_reviewed	856169_reviewed	0
851032_reviewed	851561_reviewed	0
850722_reviewed	854937_reviewed	0
856559_reviewed	856695_reviewed	1
854290_reviewed	855841_reviewed	0
850568_reviewed	854758_reviewed	1
852766_reviewed	851756_reviewed	1
854168_reviewed	856873_reviewed	0
855309_reviewed	855436_reviewed	0
852983_reviewed	856307_reviewed	1
853099_reviewed	851768_reviewed	1
852553_reviewed	852748_reviewed	1
856404_reviewed	855512_reviewed	1
850878_reviewed	856317_reviewed	0
855005_reviewed	852766_reviewed	1
851672_reviewed	855899_reviewed	1
851201_reviewed	856100_reviewed	0
853956_reviewed	856255_reviewed	0
852575_reviewed	851408_reviewed	1
850970_reviewed	855143_reviewed	0
854931_reviewed	851813_reviewed	1
852790_reviewed	854227_reviewed	1
855819_reviewed	851935_reviewed	1
853089_reviewed	856521_reviewed	1
855053_reviewed	856429_reviewed	0
851394_reviewed	853708_reviewed	1
852697_reviewed	851598_reviewed	1
853177_reviewed	855258_reviewed	0
856208_reviewed	856317_reviewed	1
853178_reviewed	854068_reviewed	0
855409_reviewed	855052_reviewed	1
851450_reviewed	853355_reviewed	0
854674_reviewed	855903_reviewed	0
851627_reviewed	852825_reviewed	0
851475_reviewed	855665_reviewed	0
851246_reviewed	852670_reviewed	1
852757_reviewed	855143_reviewed	1
855224_reviewed	851136_reviewed	1
856607_reviewed	856076_reviewed	1
852697_reviewed	855658_reviewed	0
854162_reviewed	850401_reviewed	1
853599_reviewed	854662_reviewed	0
852088_reviewed	854032_reviewed	0
852549_reviewed	855543_reviewed	1
852001_reviewed	856183_reviewed	0
850318_reviewed	852624_reviewed	1
850400_reviewed	851264_reviewed	0
853458_reviewed	856463_reviewed	0
850654_reviewed	852857_reviewed	0
853490_reviewed	854300_reviewed	0
854162_reviewed	856466_reviewed	1
851494_reviewed	854671_reviewed	0
855957_reviewed	854229_reviewed	1
855253_reviewed	853767_reviewed	1
855897_reviewed	856870_reviewed	0
852088_reviewed	850620_reviewed	1
851431_reviewed	852939_reviewed	1
855264_reviewed	852947_reviewed	1
854543_reviewed	854664_reviewed	0
850454_reviewed	855203_reviewed	1
856895_reviewed	853365_reviewed	1
851318_reviewed	856674_reviewed	0
853800_reviewed	854995_reviewed	0
855360_reviewed	856351_reviewed	0
852106_reviewed	856062_reviewed	1
850647_reviewed	853262_reviewed	1
851394_reviewed	852455_reviewed	1
854416_reviewed	856167_reviewed	1
852373_reviewed	855539_reviewed	0
854351_reviewed	851776_reviewed	1
854023_reviewed	855466_reviewed	0
854081_reviewed	851467_reviewed	1
855473_reviewed	856226_reviewed	1
853109_reviewed	853062_reviewed	1
851874_reviewed	851114_reviewed	1
855208_reviewed	856091_reviewed	0
851259_reviewed	852569_reviewed	0
852184_reviewed	856743_reviewed	1
856126_reviewed	855730_reviewed	1
854882_reviewed	856319_reviewed	0
853458_reviewed	856063_reviewed	0
856063_reviewed	852995_reviewed	1
854231_reviewed	852688_reviewed	1
852918_reviewed	855621_reviewed	0
853851_reviewed	855706_reviewed	0
851226_reviewed	854997_reviewed	1
853071_reviewed	853774_reviewed	0
851394_reviewed	856272_reviewed	1
850695_reviewed	855297_reviewed	0
851048_reviewed	853499_reviewed	0
855950_reviewed	855418_reviewed	1
853100_reviewed	851928_reviewed	1
852088_reviewed	851259_reviewed	1
851263_reviewed	854691_reviewed	0
851532_reviewed	856409_reviewed	0
850647_reviewed	852811_reviewed	1
851897_reviewed	852931_reviewed	0
850647_reviewed	854095_reviewed	1
850440_reviewed	856147_reviewed	0
855925_reviewed	853089_reviewed	1
850768_reviewed	855171_reviewed	0
850840_reviewed	851261_reviewed	1
852265_reviewed	855757_reviewed	0
850720_reviewed	856732_reviewed	0
856691_reviewed	851207_reviewed	1
854179_reviewed	854817_reviewed	0
850785_reviewed	851700_reviewed	0
853320_reviewed	856731_reviewed	0
853342_reviewed	855226_reviewed	0
852439_reviewed	852982_reviewed	0
852584_reviewed	852584_reviewed	1
850912_reviewed	852489_reviewed	0
851313_reviewed	856267_reviewed	0
850647_reviewed	853520_reviewed	1
852763_reviewed	856674_reviewed	0
855836_reviewed	853182_reviewed	1
850422_reviewed	850883_reviewed	1
856425_reviewed	850768_reviewed	1
854827_reviewed	853041_reviewed	1
852757_reviewed	855965_reviewed	0
855342_reviewed	853668_reviewed	1
850539_reviewed	850539_reviewed	1
852549_reviewed	855890_reviewed	0
855950_reviewed	855532_reviewed	1
855836_reviewed	851431_reviewed	1
855532_reviewed	856420_reviewed	1
850763_reviewed	855974_reviewed	0
852712_reviewed	854372_reviewed	0
851225_reviewed	856507_reviewed	0
856351_reviewed	850298_reviewed	1
851152_reviewed	856626_reviewed	1
851399_reviewed	853609_reviewed	1
851471_reviewed	853857_reviewed	1
851394_reviewed	851624_reviewed	1
853848_reviewed	853848_reviewed	1
851371_reviewed	852492_reviewed	0
852184_reviewed	852757_reviewed	0
854739_reviewed	855218_reviewed	0
851782_reviewed	852497_reviewed	0
850877_reviewed	855224_reviewed	1
851394_reviewed	852825_reviewed	1
853456_reviewed	854328_reviewed	1
851335_reviewed	851953_reviewed	0
852547_reviewed	852673_reviewed	0
851831_reviewed	855639_reviewed	0
850549_reviewed	855890_reviewed	1
851196_reviewed	854734_reviewed	0
852265_reviewed	854937_reviewed	0
855142_reviewed	855754_reviewed	0
852410_reviewed	854469_reviewed	0
850647_reviewed	855625_reviewed	1
850358_reviewed	854183_reviewed	0
851576_reviewed	852532_reviewed	0
851932_reviewed	852975_reviewed	0
853675_reviewed	856225_reviewed	0
853836_reviewed	856360_reviewed	0
851782_reviewed	851782_reviewed	1
852418_reviewed	852986_reviewed	0
853713_reviewed	855116_reviewed	0
856065_reviewed	852860_reviewed	1
853498_reviewed	855774_reviewed	1
852983_reviewed	852084_reviewed	1
850720_reviewed	854106_reviewed	0
852392_reviewed	853264_reviewed	0
853714_reviewed	852754_reviewed	1
851394_reviewed	856237_reviewed	1
850694_reviewed	854627_reviewed	0
851066_reviewed	851928_reviewed	1
855204_reviewed	856216_reviewed	0
852683_reviewed	852987_reviewed	0
853811_reviewed	854663_reviewed	1
850549_reviewed	855789_reviewed	1
852762_reviewed	854283_reviewed	0
855730_reviewed	855957_reviewed	0
851394_reviewed	856264_reviewed	1
850760_reviewed	853144_reviewed	0
856518_reviewed	856891_reviewed	0
853650_reviewed	856751_reviewed	0
853199_reviewed	853692_reviewed	0
851259_reviewed	854229_reviewed	0
856106_reviewed	856319_reviewed	0
855439_reviewed	856752_reviewed	0
856758_reviewed	852779_reviewed	1
850647_reviewed	851154_reviewed	1
850534_reviewed	854960_reviewed	0
850930_reviewed	853352_reviewed	0
852757_reviewed	853828_reviewed	0
851389_reviewed	853238_reviewed	0
852804_reviewed	853712_reviewed	0
855500_reviewed	856862_reviewed	0
854243_reviewed	856319_reviewed	1
851517_reviewed	850830_reviewed	1
852457_reviewed	851691_reviewed	1
852721_reviewed	856533_reviewed	0
855439_reviewed	851200_reviewed	1
855602_reviewed	854170_reviewed	1
855331_reviewed	856000_reviewed	0
851394_reviewed	856243_reviewed	1
853972_reviewed	853972_reviewed	1
855170_reviewed	856375_reviewed	1
850695_reviewed	851646_reviewed	0
850722_reviewed	852641_reviewed	1
850649_reviewed	855335_reviewed	0
851135_reviewed	856846_reviewed	0
856508_reviewed	851335_reviewed	1
851032_reviewed	855276_reviewed	0
851408_reviewed	852037_reviewed	1
850347_reviewed	856746_reviewed	1
852259_reviewed	853503_reviewed	0
852987_reviewed	853109_reviewed	1
855836_reviewed	856093_reviewed	0
850329_reviewed	854543_reviewed	0
852569_reviewed	855613_reviewed	0
851707_reviewed	854748_reviewed	1
853106_reviewed	856677_reviewed	0
851482_reviewed	855243_reviewed	1
851532_reviewed	856514_reviewed	0
855985_reviewed	856384_reviewed	0
852676_reviewed	853884_reviewed	1
850522_reviewed	852700_reviewed	0
851064_reviewed	851171_reviewed	0
851741_reviewed	855843_reviewed	0
851421_reviewed	854931_reviewed	1
853327_reviewed	850638_reviewed	1
850440_reviewed	852697_reviewed	0
856603_reviewed	851548_reviewed	1
851029_reviewed	851029_reviewed	1
850298_reviewed	852972_reviewed	1
850900_reviewed	852325_reviewed	0
850647_reviewed	853075_reviewed	1
851213_reviewed	856711_reviewed	0
851980_reviewed	855788_reviewed	1
851408_reviewed	854284_reviewed	1
850435_reviewed	855957_reviewed	1
851250_reviewed	855496_reviewed	0
856351_reviewed	855173_reviewed	1
856507_reviewed	855555_reviewed	1
851906_reviewed	856130_reviewed	0
4036073_reviewed	852497_reviewed	0
851557_reviewed	855613_reviewed	0
856846_reviewed	854265_reviewed	1
851259_reviewed	853830_reviewed	1
855836_reviewed	856352_reviewed	1
850941_reviewed	856394_reviewed	1
854598_reviewed	855675_reviewed	1
851394_reviewed	856468_reviewed	1
853048_reviewed	856449_reviewed	0
851784_reviewed	852834_reviewed	0
850314_reviewed	850314_reviewed	1
851507_reviewed	856234_reviewed	0
850714_reviewed	850768_reviewed	0
851771_reviewed	856130_reviewed	0
852665_reviewed	852582_reviewed	1
851756_reviewed	852947_reviewed	0
853523_reviewed	854485_reviewed	0
853946_reviewed	856674_reviewed	0
852499_reviewed	854889_reviewed	0
850733_reviewed	853361_reviewed	0
853712_reviewed	854735_reviewed	1
852916_reviewed	854950_reviewed	0
855649_reviewed	856463_reviewed	0
853108_reviewed	855836_reviewed	0
851327_reviewed	852888_reviewed	0
851335_reviewed	851714_reviewed	0
850298_reviewed	852982_reviewed	1
856089_reviewed	856738_reviewed	0
856225_reviewed	856287_reviewed	0
851279_reviewed	852805_reviewed	0
855214_reviewed	855626_reviewed	0
855492_reviewed	855492_reviewed	1
850822_reviewed	853133_reviewed	1
854315_reviewed	855515_reviewed	1
855836_reviewed	854200_reviewed	1
853640_reviewed	855299_reviewed	0
851394_reviewed	855543_reviewed	1
852744_reviewed	852947_reviewed	0
855470_reviewed	851379_reviewed	1
850647_reviewed	853310_reviewed	1
850585_reviewed	855892_reviewed	1
850613_reviewed	854433_reviewed	1
850970_reviewed	856320_reviewed	0
855114_reviewed	856689_reviewed	0
854093_reviewed	856105_reviewed	0
854322_reviewed	855028_reviewed	0
852403_reviewed	853800_reviewed	0
856575_reviewed	853133_reviewed	1
852107_reviewed	855335_reviewed	1
850966_reviewed	852095_reviewed	1
850577_reviewed	854072_reviewed	0
852497_reviewed	852814_reviewed	1
851882_reviewed	851453_reviewed	1
853956_reviewed	855664_reviewed	1
851895_reviewed	855399_reviewed	1
855789_reviewed	855957_reviewed	1
851005_reviewed	851723_reviewed	0
853589_reviewed	855567_reviewed	0
851335_reviewed	854261_reviewed	0
855716_reviewed	853071_reviewed	1
853252_reviewed	850585_reviewed	1
853666_reviewed	853767_reviewed	0
852697_reviewed	853109_reviewed	0
852697_reviewed	856648_reviewed	1
852100_reviewed	855102_reviewed	0
855013_reviewed	850540_reviewed	1
851678_reviewed	853114_reviewed	0
852569_reviewed	854263_reviewed	0
852754_reviewed	854068_reviewed	0
852403_reviewed	856783_reviewed	1
854966_reviewed	853364_reviewed	1
851042_reviewed	851148_reviewed	1
851315_reviewed	852189_reviewed	0
852697_reviewed	853442_reviewed	1
855785_reviewed	855221_reviewed	1
850647_reviewed	852325_reviewed	1
851494_reviewed	854023_reviewed	0
855466_reviewed	852203_reviewed	1
852995_reviewed	856352_reviewed	1
851394_reviewed	851665_reviewed	1
854249_reviewed	856498_reviewed	0
853326_reviewed	853510_reviewed	0
855237_reviewed	852660_reviewed	1
854780_reviewed	851162_reviewed	1
854758_reviewed	856430_reviewed	0
851475_reviewed	853806_reviewed	0
855017_reviewed	856926_reviewed	0
851125_reviewed	855730_reviewed	0
853308_reviewed	854601_reviewed	0
850554_reviewed	852986_reviewed	1
855836_reviewed	855092_reviewed	1
852947_reviewed	855060_reviewed	0
854142_reviewed	855237_reviewed	1
856847_reviewed	856425_reviewed	1
851394_reviewed	850890_reviewed	1
850793_reviewed	856146_reviewed	0
850682_reviewed	856141_reviewed	0
852553_reviewed	851755_reviewed	1
854647_reviewed	853929_reviewed	1
850297_reviewed	855974_reviewed	0
851834_reviewed	854650_reviewed	1
853884_reviewed	855927_reviewed	0
851646_reviewed	853350_reviewed	0
856483_reviewed	855669_reviewed	1
853900_reviewed	854694_reviewed	1
852013_reviewed	854999_reviewed	1
851437_reviewed	853503_reviewed	0
851482_reviewed	856659_reviewed	0
854142_reviewed	851335_reviewed	1
854985_reviewed	851495_reviewed	1
854780_reviewed	850843_reviewed	1
856422_reviewed	854284_reviewed	1
853743_reviewed	855606_reviewed	1
852762_reviewed	856236_reviewed	1
853650_reviewed	855264_reviewed	0
855427_reviewed	856515_reviewed	1
854989_reviewed	855180_reviewed	1
854749_reviewed	855828_reviewed	0
851143_reviewed	855998_reviewed	0
850760_reviewed	854087_reviewed	0
852697_reviewed	851032_reviewed	1
852918_reviewed	855267_reviewed	0
851752_reviewed	852697_reviewed	0
854937_reviewed	856291_reviewed	1
852456_reviewed	853581_reviewed	0
850419_reviewed	852592_reviewed	0
853806_reviewed	853060_reviewed	1
855466_reviewed	852424_reviewed	1
854383_reviewed	856425_reviewed	1
854138_reviewed	855958_reviewed	0
856709_reviewed	856743_reviewed	1
855538_reviewed	856749_reviewed	1
855934_reviewed	856912_reviewed	1
852881_reviewed	853846_reviewed	1
855929_reviewed	856870_reviewed	0
851394_reviewed	852487_reviewed	1
856575_reviewed	856870_reviewed	0
853264_reviewed	854972_reviewed	0
852766_reviewed	856751_reviewed	0
851559_reviewed	856183_reviewed	1
850733_reviewed	851052_reviewed	0
850399_reviewed	852547_reviewed	0
852399_reviewed	852681_reviewed	1
851136_reviewed	855841_reviewed	0
850963_reviewed	854740_reviewed	0
856898_reviewed	854622_reviewed	1
851394_reviewed	852169_reviewed	1
851143_reviewed	855897_reviewed	0
856563_reviewed	851250_reviewed	1
851680_reviewed	855466_reviewed	0
850683_reviewed	852326_reviewed	0
851485_reviewed	856091_reviewed	0
854977_reviewed	855066_reviewed	0
854487_reviewed	855118_reviewed	1
850908_reviewed	854168_reviewed	0
854381_reviewed	854446_reviewed	1
852834_reviewed	850554_reviewed	1
852248_reviewed	851107_reviewed	1
853036_reviewed	855616_reviewed	0
850799_reviewed	852088_reviewed	0
852726_reviewed	853846_reviewed	0
853714_reviewed	854317_reviewed	1
855836_reviewed	851412_reviewed	1
855841_reviewed	855143_reviewed	1
852834_reviewed	856677_reviewed	0
851733_reviewed	851928_reviewed	0
854423_reviewed	856891_reviewed	0
850647_reviewed	854536_reviewed	1
853016_reviewed	852703_reviewed	1
856850_reviewed	851742_reviewed	1
851549_reviewed	853936_reviewed	0
851071_reviewed	856709_reviewed	0
850647_reviewed	853174_reviewed	1
851740_reviewed	853811_reviewed	0
851394_reviewed	854515_reviewed	1
852982_reviewed	855730_reviewed	0
853712_reviewed	855836_reviewed	0
851467_reviewed	856225_reviewed	1
851394_reviewed	852125_reviewed	1
855102_reviewed	852383_reviewed	1
853071_reviewed	856870_reviewed	0
855602_reviewed	855592_reviewed	1
852788_reviewed	853499_reviewed	1
852921_reviewed	856898_reviewed	0
855836_reviewed	855972_reviewed	0
851485_reviewed	853871_reviewed	0
855253_reviewed	856870_reviewed	0
850296_reviewed	854831_reviewed	0
851437_reviewed	856402_reviewed	0
851259_reviewed	854742_reviewed	0
853359_reviewed	856726_reviewed	1
855013_reviewed	855496_reviewed	1
852499_reviewed	851190_reviewed	1
853538_reviewed	853983_reviewed	0
852984_reviewed	855201_reviewed	1
851585_reviewed	853870_reviewed	0
855155_reviewed	856738_reviewed	0
852258_reviewed	852497_reviewed	0
853712_reviewed	854433_reviewed	1
852494_reviewed	856129_reviewed	1
854791_reviewed	852451_reviewed	1
851000_reviewed	852610_reviewed	1
852235_reviewed	853298_reviewed	1
850762_reviewed	852801_reviewed	0
851048_reviewed	851369_reviewed	1
850914_reviewed	852697_reviewed	0
852003_reviewed	853868_reviewed	0
850430_reviewed	856723_reviewed	0
852007_reviewed	852995_reviewed	0
851812_reviewed	852974_reviewed	0
850450_reviewed	856301_reviewed	0
852697_reviewed	851267_reviewed	1
850763_reviewed	856222_reviewed	0
855515_reviewed	850598_reviewed	1
852211_reviewed	852697_reviewed	0
851140_reviewed	852785_reviewed	0
856095_reviewed	856175_reviewed	0
852971_reviewed	855584_reviewed	1
852697_reviewed	855891_reviewed	0
851890_reviewed	854345_reviewed	0
852385_reviewed	856751_reviewed	0
850585_reviewed	855077_reviewed	1
850930_reviewed	854659_reviewed	0
850966_reviewed	853423_reviewed	1
851768_reviewed	855512_reviewed	1
852889_reviewed	853767_reviewed	0
854149_reviewed	851627_reviewed	1
854256_reviewed	856505_reviewed	0
851678_reviewed	852995_reviewed	1
853641_reviewed	854940_reviewed	0
852697_reviewed	856180_reviewed	1
851310_reviewed	851408_reviewed	1
852834_reviewed	856223_reviewed	1
851494_reviewed	853288_reviewed	0
855836_reviewed	853748_reviewed	1
850840_reviewed	854273_reviewed	1
853566_reviewed	854817_reviewed	0
851561_reviewed	854786_reviewed	1
855859_reviewed	851495_reviewed	1
853826_reviewed	856180_reviewed	1
856130_reviewed	855067_reviewed	1
853029_reviewed	853029_reviewed	1
853244_reviewed	855539_reviewed	1
852694_reviewed	853157_reviewed	1
851676_reviewed	851564_reviewed	1
853160_reviewed	856012_reviewed	1
856184_reviewed	856716_reviewed	0
850520_reviewed	853133_reviewed	0
852703_reviewed	852788_reviewed	1
855836_reviewed	853811_reviewed	1
854822_reviewed	852276_reviewed	1
851142_reviewed	853017_reviewed	1
850744_reviewed	852275_reviewed	0
853295_reviewed	855224_reviewed	1
851337_reviewed	850620_reviewed	1
850553_reviewed	856870_reviewed	1
851611_reviewed	854883_reviewed	0
852403_reviewed	852780_reviewed	0
855005_reviewed	856908_reviewed	0
855466_reviewed	854487_reviewed	1
851624_reviewed	854543_reviewed	0
851447_reviewed	852768_reviewed	0
853433_reviewed	853433_reviewed	1
850399_reviewed	851561_reviewed	0
851797_reviewed	852974_reviewed	1
851394_reviewed	855886_reviewed	1
852250_reviewed	853170_reviewed	0
855771_reviewed	853528_reviewed	1
851420_reviewed	853109_reviewed	0
852697_reviewed	854223_reviewed	1
856255_reviewed	855591_reviewed	1
854263_reviewed	856376_reviewed	0
853109_reviewed	853811_reviewed	0
853320_reviewed	852995_reviewed	1
854827_reviewed	856571_reviewed	0
852060_reviewed	854078_reviewed	0
856002_reviewed	856002_reviewed	1
853219_reviewed	851831_reviewed	1
855275_reviewed	851000_reviewed	1
856076_reviewed	851000_reviewed	1
850520_reviewed	855475_reviewed	0
856449_reviewed	856126_reviewed	1
851437_reviewed	852866_reviewed	0
856360_reviewed	855757_reviewed	1
854284_reviewed	855988_reviewed	0
850966_reviewed	851714_reviewed	1
850539_reviewed	856723_reviewed	0
851113_reviewed	855066_reviewed	1
856382_reviewed	855819_reviewed	1
850406_reviewed	855060_reviewed	1
852059_reviewed	852100_reviewed	0
850441_reviewed	856925_reviewed	1
851394_reviewed	853805_reviewed	1
854487_reviewed	855335_reviewed	1
854827_reviewed	853817_reviewed	1
852984_reviewed	852435_reviewed	1
852532_reviewed	852766_reviewed	0
853090_reviewed	853877_reviewed	0
852553_reviewed	855410_reviewed	1
851394_reviewed	856793_reviewed	1
850760_reviewed	856743_reviewed	1
852697_reviewed	853527_reviewed	0
853814_reviewed	853010_reviewed	1
850656_reviewed	856604_reviewed	0
850968_reviewed	854749_reviewed	0
850756_reviewed	852250_reviewed	0
850647_reviewed	854501_reviewed	1
852937_reviewed	853939_reviewed	0
853029_reviewed	853376_reviewed	1
851140_reviewed	851477_reviewed	0
854292_reviewed	854057_reviewed	1
855471_reviewed	856848_reviewed	0
850551_reviewed	855730_reviewed	1
851410_reviewed	851824_reviewed	1
853846_reviewed	854213_reviewed	0
851678_reviewed	851678_reviewed	1
854192_reviewed	855357_reviewed	0
853102_reviewed	853199_reviewed	0
854462_reviewed	855254_reviewed	0
850916_reviewed	854170_reviewed	0
851204_reviewed	856850_reviewed	0
852757_reviewed	854106_reviewed	0
851895_reviewed	853576_reviewed	0
851916_reviewed	851988_reviewed	0
850649_reviewed	851754_reviewed	0
853191_reviewed	855515_reviewed	0
850385_reviewed	854199_reviewed	0
852395_reviewed	853355_reviewed	1
854979_reviewed	851627_reviewed	1
854487_reviewed	856255_reviewed	1
852880_reviewed	853168_reviewed	0
854555_reviewed	855533_reviewed	0
851814_reviewed	854059_reviewed	0
850712_reviewed	856677_reviewed	0
855474_reviewed	855474_reviewed	1
850790_reviewed	855306_reviewed	0
850872_reviewed	856255_reviewed	0
853890_reviewed	851591_reviewed	1
851740_reviewed	855222_reviewed	0
850298_reviewed	856352_reviewed	1
850347_reviewed	851471_reviewed	0
855863_reviewed	856260_reviewed	0
850763_reviewed	852532_reviewed	0
856751_reviewed	851460_reviewed	1
852809_reviewed	856085_reviewed	0
852697_reviewed	851698_reviewed	1
850647_reviewed	852418_reviewed	1
854898_reviewed	855258_reviewed	1
851962_reviewed	855737_reviewed	0
854431_reviewed	856674_reviewed	1
850549_reviewed	852995_reviewed	1
851784_reviewed	856870_reviewed	0
851645_reviewed	853264_reviewed	1
854647_reviewed	853783_reviewed	1
851313_reviewed	853956_reviewed	1
851394_reviewed	851271_reviewed	1
856695_reviewed	852610_reviewed	1
850440_reviewed	852697_reviewed	0
851834_reviewed	850437_reviewed	1
856076_reviewed	856498_reviewed	0
850764_reviewed	851140_reviewed	0
854876_reviewed	856870_reviewed	0
854088_reviewed	856317_reviewed	0
850734_reviewed	854915_reviewed	1
851196_reviewed	856799_reviewed	0
851266_reviewed	851962_reviewed	1
852088_reviewed	850879_reviewed	1
851400_reviewed	852457_reviewed	1
853922_reviewed	855489_reviewed	0
853301_reviewed	855357_reviewed	1
851520_reviewed	854656_reviewed	1
854213_reviewed	856852_reviewed	0
850768_reviewed	852896_reviewed	0
851893_reviewed	855335_reviewed	0
852757_reviewed	855828_reviewed	0
850440_reviewed	856700_reviewed	1
851410_reviewed	856097_reviewed	1
855596_reviewed	855073_reviewed	1
851263_reviewed	851061_reviewed	1
852491_reviewed	854231_reviewed	0
854827_reviewed	854662_reviewed	1
855448_reviewed	856723_reviewed	0
852713_reviewed	856911_reviewed	0
853365_reviewed	851575_reviewed	1
850563_reviewed	852483_reviewed	0
850553_reviewed	852931_reviewed	0
852348_reviewed	852348_reviewed	1
851988_reviewed	855934_reviewed	1
850520_reviewed	850623_reviewed	0
850613_reviewed	851557_reviewed	1
852971_reviewed	850504_reviewed	1
855245_reviewed	853155_reviewed	1
852233_reviewed	852976_reviewed	0
853817_reviewed	853817_reviewed	1
851200_reviewed	855104_reviewed	0
852088_reviewed	855006_reviewed	1
851827_reviewed	856674_reviewed	0
850330_reviewed	850973_reviewed	0
851399_reviewed	856208_reviewed	0
856709_reviewed	852373_reviewed	1
850763_reviewed	856723_reviewed	1
851025_reviewed	851988_reviewed	0
853293_reviewed	856012_reviewed	0
851784_reviewed	852424_reviewed	1
850554_reviewed	856579_reviewed	1
851542_reviewed	853712_reviewed	1
856507_reviewed	855048_reviewed	1
853160_reviewed	853922_reviewed	1
854656_reviewed	855821_reviewed	0
851259_reviewed	851624_reviewed	0
856667_reviewed	850741_reviewed	1
856778_reviewed	856778_reviewed	1
854018_reviewed	854113_reviewed	0
850422_reviewed	852549_reviewed	1
853160_reviewed	853860_reviewed	0
855683_reviewed	855683_reviewed	1
852042_reviewed	855489_reviewed	0
854882_reviewed	853036_reviewed	1
851112_reviewed	854201_reviewed	1
851456_reviewed	851559_reviewed	0
851394_reviewed	856801_reviewed	1
852229_reviewed	852319_reviewed	0
850612_reviewed	855429_reviewed	1
851259_reviewed	852575_reviewed	0
851394_reviewed	856147_reviewed	1
852996_reviewed	855821_reviewed	0
851266_reviewed	852814_reviewed	0
850347_reviewed	853985_reviewed	0
852020_reviewed	856675_reviewed	0
850647_reviewed	855481_reviewed	1
851018_reviewed	854391_reviewed	1
853149_reviewed	856758_reviewed	0
853244_reviewed	850980_reviewed	1
852193_reviewed	856382_reviewed	1
851874_reviewed	854243_reviewed	1
855906_reviewed	856859_reviewed	0
851034_reviewed	852724_reviewed	0
854201_reviewed	855807_reviewed	0
853332_reviewed	855669_reviewed	0
854431_reviewed	856909_reviewed	1
853908_reviewed	855669_reviewed	0
852242_reviewed	854983_reviewed	1
850607_reviewed	854875_reviewed	0
852703_reviewed	852778_reviewed	0
851259_reviewed	851369_reviewed	0
855836_reviewed	851536_reviewed	1
851115_reviewed	855404_reviewed	0
855449_reviewed	855945_reviewed	0
851319_reviewed	851548_reviewed	1
852373_reviewed	854926_reviewed	0
854675_reviewed	855704_reviewed	0
853877_reviewed	855539_reviewed	0
851319_reviewed	854245_reviewed	0
852703_reviewed	855356_reviewed	1
852194_reviewed	851847_reviewed	1
851109_reviewed	855754_reviewed	1
851224_reviewed	856393_reviewed	1
850709_reviewed	854229_reviewed	0
854472_reviewed	851309_reviewed	1
851389_reviewed	856026_reviewed	0
851212_reviewed	851564_reviewed	0
852982_reviewed	851636_reviewed	1
850808_reviewed	852762_reviewed	0
851112_reviewed	853758_reviewed	0
854382_reviewed	853877_reviewed	1
851259_reviewed	856498_reviewed	1
851223_reviewed	855705_reviewed	1
852369_reviewed	852369_reviewed	1
850955_reviewed	856506_reviewed	0
852766_reviewed	855737_reviewed	0
851394_reviewed	856607_reviewed	1
852857_reviewed	851256_reviewed	1
851097_reviewed	856089_reviewed	1
850950_reviewed	853746_reviewed	1
855356_reviewed	850585_reviewed	1
851568_reviewed	856731_reviewed	0
852767_reviewed	850688_reviewed	1
853089_reviewed	856870_reviewed	0
852553_reviewed	851948_reviewed	1
850507_reviewed	855985_reviewed	0
855276_reviewed	854017_reviewed	1
852322_reviewed	856674_reviewed	0
853729_reviewed	854647_reviewed	1
852501_reviewed	854567_reviewed	0
850712_reviewed	852501_reviewed	0
853796_reviewed	851935_reviewed	1
850505_reviewed	854181_reviewed	0
853956_reviewed	854229_reviewed	1
851052_reviewed	851680_reviewed	0
855155_reviewed	855155_reviewed	1
850918_reviewed	851754_reviewed	0
852697_reviewed	853071_reviewed	0
856303_reviewed	855101_reviewed	1
853877_reviewed	855626_reviewed	0
853114_reviewed	851100_reviewed	1
851071_reviewed	853895_reviewed	0
850703_reviewed	851061_reviewed	0
851988_reviewed	856912_reviewed	1
850330_reviewed	850837_reviewed	0
850347_reviewed	852497_reviewed	1
855716_reviewed	854817_reviewed	1
851259_reviewed	850585_reviewed	1
851212_reviewed	855154_reviewed	1
853673_reviewed	855231_reviewed	0
854245_reviewed	855649_reviewed	0
853397_reviewed	851379_reviewed	1
851394_reviewed	853167_reviewed	1
855974_reviewed	851645_reviewed	1
852753_reviewed	851482_reviewed	1
856267_reviewed	856864_reviewed	1
850298_reviewed	855977_reviewed	1
852427_reviewed	855056_reviewed	0
852088_reviewed	852494_reviewed	0
851933_reviewed	850620_reviewed	1
851259_reviewed	851564_reviewed	0
850720_reviewed	851549_reviewed	0
852322_reviewed	851339_reviewed	1
851259_reviewed	851221_reviewed	1
852591_reviewed	854261_reviewed	0
856218_reviewed	850611_reviewed	1
855238_reviewed	856263_reviewed	1
853416_reviewed	856511_reviewed	0
851874_reviewed	850401_reviewed	1
853098_reviewed	853397_reviewed	0
851115_reviewed	853364_reviewed	1
851430_reviewed	856862_reviewed	0
852014_reviewed	855930_reviewed	1
853638_reviewed	854170_reviewed	0
854979_reviewed	851431_reviewed	1
852785_reviewed	854142_reviewed	1
850950_reviewed	856461_reviewed	0
855264_reviewed	855974_reviewed	0
851339_reviewed	853252_reviewed	1
853752_reviewed	854841_reviewed	0
850719_reviewed	856360_reviewed	0
850318_reviewed	851842_reviewed	1
854656_reviewed	856291_reviewed	0
851201_reviewed	854869_reviewed	0
853264_reviewed	854993_reviewed	0
851394_reviewed	850353_reviewed	1
853114_reviewed	853320_reviewed	0
855925_reviewed	855911_reviewed	1
851394_reviewed	854513_reviewed	1
856169_reviewed	856591_reviewed	0
853758_reviewed	852721_reviewed	1
850695_reviewed	853860_reviewed	1
851217_reviewed	855951_reviewed	1
850539_reviewed	851928_reviewed	1
850983_reviewed	854322_reviewed	0
850950_reviewed	854379_reviewed	0
851099_reviewed	853244_reviewed	0
853956_reviewed	850893_reviewed	1
850580_reviewed	856301_reviewed	1
854211_reviewed	851737_reviewed	1
851262_reviewed	853937_reviewed	0
853743_reviewed	850388_reviewed	1
851834_reviewed	854088_reviewed	0
852451_reviewed	850521_reviewed	1
851394_reviewed	852371_reviewed	1
855841_reviewed	852697_reviewed	1
856912_reviewed	855730_reviewed	1
855305_reviewed	851220_reviewed	1
853275_reviewed	855613_reviewed	0
855613_reviewed	852757_reviewed	1
852821_reviewed	856615_reviewed	0
854229_reviewed	855567_reviewed	0
851259_reviewed	851239_reviewed	1
854407_reviewed	856078_reviewed	0
850930_reviewed	851420_reviewed	1
851394_reviewed	853876_reviewed	1
855116_reviewed	856100_reviewed	0
854017_reviewed	854966_reviewed	0
853956_reviewed	851575_reviewed	1
854918_reviewed	853876_reviewed	1
852229_reviewed	856320_reviewed	0
851592_reviewed	855470_reviewed	0
856236_reviewed	856847_reviewed	1
855888_reviewed	855925_reviewed	1
852499_reviewed	855339_reviewed	0
856183_reviewed	853167_reviewed	1
852636_reviewed	854376_reviewed	0
851319_reviewed	855068_reviewed	1
852348_reviewed	854543_reviewed	0
852823_reviewed	854978_reviewed	0
856677_reviewed	856677_reviewed	1
856846_reviewed	856870_reviewed	0
855228_reviewed	856449_reviewed	0
852763_reviewed	852763_reviewed	1
853133_reviewed	855539_reviewed	0
856518_reviewed	856518_reviewed	1
854119_reviewed	855364_reviewed	0
850995_reviewed	851500_reviewed	0
851874_reviewed	855501_reviewed	0
851471_reviewed	853191_reviewed	0
851394_reviewed	854999_reviewed	1
852607_reviewed	852457_reviewed	1
853681_reviewed	855005_reviewed	0
850793_reviewed	852673_reviewed	1
852660_reviewed	856649_reviewed	0
856760_reviewed	856891_reviewed	0
854907_reviewed	850829_reviewed	1
852728_reviewed	856768_reviewed	0
850435_reviewed	856603_reviewed	0
853036_reviewed	853114_reviewed	0
850419_reviewed	856146_reviewed	1
852610_reviewed	856208_reviewed	1
856091_reviewed	853192_reviewed	1
851394_reviewed	852119_reviewed	1
850741_reviewed	855841_reviewed	1
851359_reviewed	850787_reviewed	1
851394_reviewed	851330_reviewed	1
851532_reviewed	851771_reviewed	1
854162_reviewed	851061_reviewed	1
851700_reviewed	853153_reviewed	1
856012_reviewed	850688_reviewed	1
853100_reviewed	855281_reviewed	0
854744_reviewed	856801_reviewed	1
854700_reviewed	851533_reviewed	1
853406_reviewed	856870_reviewed	0
854192_reviewed	854734_reviewed	0
856575_reviewed	856677_reviewed	0
851394_reviewed	856766_reviewed	1
854999_reviewed	855220_reviewed	0
852119_reviewed	856862_reviewed	0
851559_reviewed	854106_reviewed	1
851696_reviewed	852224_reviewed	0
853364_reviewed	852096_reviewed	1
850971_reviewed	856677_reviewed	0
850539_reviewed	854480_reviewed	0
854691_reviewed	853649_reviewed	1
852319_reviewed	852896_reviewed	0
851126_reviewed	855836_reviewed	0
852088_reviewed	854710_reviewed	0
851376_reviewed	856399_reviewed	0
853099_reviewed	856589_reviewed	0
855458_reviewed	856753_reviewed	1
851394_reviewed	852424_reviewed	1
850504_reviewed	855948_reviewed	0
851394_reviewed	855302_reviewed	1
850346_reviewed	851152_reviewed	1
856240_reviewed	853554_reviewed	1
852622_reviewed	856153_reviewed	1
856870_reviewed	852767_reviewed	1
853650_reviewed	856843_reviewed	0
853264_reviewed	853649_reviewed	0
856059_reviewed	856731_reviewed	0
850720_reviewed	851930_reviewed	0
852060_reviewed	855664_reviewed	0
853811_reviewed	855491_reviewed	1
856870_reviewed	855488_reviewed	1
851613_reviewed	852410_reviewed	1
851042_reviewed	854170_reviewed	0
850625_reviewed	850872_reviewed	0
854381_reviewed	854487_reviewed	0
852947_reviewed	856134_reviewed	0
855066_reviewed	851935_reviewed	1
851000_reviewed	855005_reviewed	0
851197_reviewed	856089_reviewed	1
851895_reviewed	855828_reviewed	0
853734_reviewed	854327_reviewed	0
855836_reviewed	851193_reviewed	1
853315_reviewed	855217_reviewed	1
855836_reviewed	851259_reviewed	1
852003_reviewed	853712_reviewed	0
853353_reviewed	856490_reviewed	0
853160_reviewed	855730_reviewed	1
850396_reviewed	854084_reviewed	0
853128_reviewed	856217_reviewed	0
851470_reviewed	855184_reviewed	1
851061_reviewed	853997_reviewed	0
851197_reviewed	855144_reviewed	1
852987_reviewed	853712_reviewed	0
854856_reviewed	854856_reviewed	1
852971_reviewed	854777_reviewed	1
854926_reviewed	855267_reviewed	1
852650_reviewed	854016_reviewed	1
854434_reviewed	853463_reviewed	1
851874_reviewed	852610_reviewed	0
851895_reviewed	853734_reviewed	0
850647_reviewed	854376_reviewed	1
855466_reviewed	855862_reviewed	1
853554_reviewed	856754_reviewed	0
852329_reviewed	856470_reviewed	1
853997_reviewed	856579_reviewed	0
852697_reviewed	852322_reviewed	1
851112_reviewed	854273_reviewed	1
853932_reviewed	855489_reviewed	0
851895_reviewed	856911_reviewed	0
852100_reviewed	855017_reviewed	0
856667_reviewed	852728_reviewed	1
853568_reviewed	855489_reviewed	0
852033_reviewed	853712_reviewed	0
855428_reviewed	856799_reviewed	1
850539_reviewed	851318_reviewed	0
850504_reviewed	856736_reviewed	0
854883_reviewed	855325_reviewed	0
851653_reviewed	856649_reviewed	0
853244_reviewed	853271_reviewed	0
855305_reviewed	856459_reviewed	0
855158_reviewed	855158_reviewed	1
851342_reviewed	853782_reviewed	1
851394_reviewed	855669_reviewed	1
853353_reviewed	854019_reviewed	0
851431_reviewed	852835_reviewed	0
854119_reviewed	855728_reviewed	0
851879_reviewed	854085_reviewed	1
856027_reviewed	853585_reviewed	1
850709_reviewed	852319_reviewed	0
856760_reviewed	856831_reviewed	0
853010_reviewed	856723_reviewed	0
852885_reviewed	852532_reviewed	1
850962_reviewed	853154_reviewed	0
854136_reviewed	855350_reviewed	0
851168_reviewed	855504_reviewed	0
855836_reviewed	856090_reviewed	0
850647_reviewed	850633_reviewed	1
852457_reviewed	850657_reviewed	1
854435_reviewed	855362_reviewed	1
851823_reviewed	853875_reviewed	0
851074_reviewed	852079_reviewed	0
854827_reviewed	854370_reviewed	1
856223_reviewed	856743_reviewed	0
851394_reviewed	850982_reviewed	1
852549_reviewed	856466_reviewed	0
850367_reviewed	850504_reviewed	0
854162_reviewed	855470_reviewed	1
854381_reviewed	851170_reviewed	1
851814_reviewed	852665_reviewed	0
855897_reviewed	854655_reviewed	1
850879_reviewed	853596_reviewed	0
853191_reviewed	852547_reviewed	1
852700_reviewed	851975_reviewed	1
853353_reviewed	856918_reviewed	0
852106_reviewed	854284_reviewed	0
850712_reviewed	851196_reviewed	0
853144_reviewed	856914_reviewed	1
856040_reviewed	850810_reviewed	1
851259_reviewed	855408_reviewed	1
850760_reviewed	852762_reviewed	0
853714_reviewed	855862_reviewed	1
852695_reviewed	855957_reviewed	1
852802_reviewed	855730_reviewed	0
851617_reviewed	851988_reviewed	0
856291_reviewed	856654_reviewed	1
851647_reviewed	853202_reviewed	0
850521_reviewed	850714_reviewed	0
855950_reviewed	851803_reviewed	1
855387_reviewed	855387_reviewed	1
854543_reviewed	856317_reviewed	0
851136_reviewed	855841_reviewed	0
853098_reviewed	855320_reviewed	1
851539_reviewed	854023_reviewed	0
854912_reviewed	856738_reviewed	0
856822_reviewed	853275_reviewed	1
851520_reviewed	856449_reviewed	0
851259_reviewed	856352_reviewed	0
851933_reviewed	852319_reviewed	1
850563_reviewed	853392_reviewed	0
850877_reviewed	851193_reviewed	1
855253_reviewed	855998_reviewed	0
853539_reviewed	853539_reviewed	1
851577_reviewed	852983_reviewed	0
853639_reviewed	856884_reviewed	0
851691_reviewed	854544_reviewed	0
852758_reviewed	852758_reviewed	1
854201_reviewed	855660_reviewed	0
851346_reviewed	852501_reviewed	0
850534_reviewed	855426_reviewed	0
851394_reviewed	854931_reviewed	1
850450_reviewed	852536_reviewed	0
856216_reviewed	856360_reviewed	0
853985_reviewed	850442_reviewed	1
852059_reviewed	853871_reviewed	0
851059_reviewed	855428_reviewed	0
853442_reviewed	854453_reviewed	0
850806_reviewed	853871_reviewed	1
851162_reviewed	854820_reviewed	0
852697_reviewed	853601_reviewed	0
850803_reviewed	854776_reviewed	1
856076_reviewed	854249_reviewed	1
856012_reviewed	856815_reviewed	0
850783_reviewed	854731_reviewed	0
852697_reviewed	856870_reviewed	0
851394_reviewed	851146_reviewed	1
853271_reviewed	853301_reviewed	1
850904_reviewed	852427_reviewed	0
850803_reviewed	851263_reviewed	1
853016_reviewed	855184_reviewed	0
851431_reviewed	850934_reviewed	1
855836_reviewed	856461_reviewed	1
850907_reviewed	850768_reviewed	1
850346_reviewed	855500_reviewed	0
852755_reviewed	855159_reviewed	1
851978_reviewed	853668_reviewed	1
856130_reviewed	854933_reviewed	1
852879_reviewed	856220_reviewed	1
853083_reviewed	851730_reviewed	1
855836_reviewed	855409_reviewed	1
853192_reviewed	853478_reviewed	0
853670_reviewed	856731_reviewed	0
851240_reviewed	855356_reviewed	1
856360_reviewed	855049_reviewed	1
854418_reviewed	855505_reviewed	1
853498_reviewed	854021_reviewed	1
850973_reviewed	852946_reviewed	0
850702_reviewed	852080_reviewed	1
853857_reviewed	854791_reviewed	0
851678_reviewed	853456_reviewed	0
852697_reviewed	852050_reviewed	1
851115_reviewed	851771_reviewed	1
852755_reviewed	855461_reviewed	0
854937_reviewed	853244_reviewed	1
852755_reviewed	853041_reviewed	0
851394_reviewed	852888_reviewed	1
855253_reviewed	853195_reviewed	1
851099_reviewed	851453_reviewed	1
854119_reviewed	854206_reviewed	0
853832_reviewed	855676_reviewed	0
855222_reviewed	856317_reviewed	0
851889_reviewed	856918_reviewed	0
854555_reviewed	851957_reviewed	1
855423_reviewed	856143_reviewed	0
852573_reviewed	854701_reviewed	1
854059_reviewed	854075_reviewed	0
855571_reviewed	854382_reviewed	1
853219_reviewed	851858_reviewed	1
852947_reviewed	850419_reviewed	1
855067_reviewed	856216_reviewed	0
851897_reviewed	853650_reviewed	0
852518_reviewed	856162_reviewed	1
855974_reviewed	856680_reviewed	0
850803_reviewed	852989_reviewed	1
854038_reviewed	854168_reviewed	1
851212_reviewed	853922_reviewed	0
851882_reviewed	856695_reviewed	1
853318_reviewed	851607_reviewed	1
851495_reviewed	853442_reviewed	0
851394_reviewed	851280_reviewed	1
853840_reviewed	855506_reviewed	0
856063_reviewed	856449_reviewed	1
851771_reviewed	851988_reviewed	0
855836_reviewed	856027_reviewed	1
855788_reviewed	856186_reviewed	1
850539_reviewed	851005_reviewed	0
851394_reviewed	852987_reviewed	1
852059_reviewed	851756_reviewed	1
853133_reviewed	855974_reviewed	0
851716_reviewed	851212_reviewed	1
852184_reviewed	856183_reviewed	1
851394_reviewed	852139_reviewed	1
855048_reviewed	855013_reviewed	1
852258_reviewed	856089_reviewed	0
852449_reviewed	854485_reviewed	1
854656_reviewed	856831_reviewed	0
850905_reviewed	852778_reviewed	1
850304_reviewed	854881_reviewed	0
851817_reviewed	855754_reviewed	0
851394_reviewed	856392_reviewed	1
850713_reviewed	853638_reviewed	1
850620_reviewed	852846_reviewed	0
854106_reviewed	855264_reviewed	0
853956_reviewed	851660_reviewed	1
852697_reviewed	856671_reviewed	1
852697_reviewed	852069_reviewed	1
850798_reviewed	850798_reviewed	1
852083_reviewed	855258_reviewed	1
854320_reviewed	854957_reviewed	0
852947_reviewed	855399_reviewed	0
855841_reviewed	851548_reviewed	1
855263_reviewed	852001_reviewed	1
851259_reviewed	855613_reviewed	0
855836_reviewed	854360_reviewed	1
855017_reviewed	856178_reviewed	0
854203_reviewed	852275_reviewed	1
852822_reviewed	853670_reviewed	1
851102_reviewed	856362_reviewed	0
850632_reviewed	853081_reviewed	0
854674_reviewed	851648_reviewed	1
852757_reviewed	853682_reviewed	1
853381_reviewed	856058_reviewed	0
854188_reviewed	854192_reviewed	0
851394_reviewed	856691_reviewed	1
855144_reviewed	850325_reviewed	1
852673_reviewed	856723_reviewed	0
855925_reviewed	855281_reviewed	1
856807_reviewed	856425_reviewed	1
854424_reviewed	855599_reviewed	0
852794_reviewed	853877_reviewed	0
855013_reviewed	855822_reviewed	0
854229_reviewed	855929_reviewed	0
854748_reviewed	853856_reviewed	1
854284_reviewed	855224_reviewed	1
850896_reviewed	855836_reviewed	0
851752_reviewed	850633_reviewed	1
853409_reviewed	850552_reviewed	1
854290_reviewed	852582_reviewed	1
852766_reviewed	854191_reviewed	0
853498_reviewed	856719_reviewed	0
852880_reviewed	854653_reviewed	0
855999_reviewed	855177_reviewed	1
854487_reviewed	855977_reviewed	1
852931_reviewed	855843_reviewed	1
853439_reviewed	853817_reviewed	0
850445_reviewed	855710_reviewed	1
852462_reviewed	856210_reviewed	1
853227_reviewed	854976_reviewed	0
851716_reviewed	852694_reviewed	0
854675_reviewed	855175_reviewed	1
852235_reviewed	853137_reviewed	0
852233_reviewed	852697_reviewed	0
851394_reviewed	856153_reviewed	1
856536_reviewed	853667_reviewed	1
855155_reviewed	856912_reviewed	1
853712_reviewed	855836_reviewed	0
854513_reviewed	855619_reviewed	0
852740_reviewed	855788_reviewed	0
851113_reviewed	853568_reviewed	0
851657_reviewed	853017_reviewed	0
851774_reviewed	854691_reviewed	0
853320_reviewed	856449_reviewed	1
856519_reviewed	853851_reviewed	1
854327_reviewed	856223_reviewed	0
853956_reviewed	854078_reviewed	1
850843_reviewed	851874_reviewed	0
850883_reviewed	856012_reviewed	0
854020_reviewed	855841_reviewed	0
855539_reviewed	852258_reviewed	1
854827_reviewed	851841_reviewed	1
855884_reviewed	856862_reviewed	0
850810_reviewed	852987_reviewed	0
850894_reviewed	856463_reviewed	0
856751_reviewed	856763_reviewed	0
853161_reviewed	855737_reviewed	1
851190_reviewed	856850_reviewed	1
851255_reviewed	851776_reviewed	1
850647_reviewed	854093_reviewed	1
851897_reviewed	856091_reviewed	0
856449_reviewed	852439_reviewed	1
856854_reviewed	856191_reviewed	1
855458_reviewed	855012_reviewed	1
851394_reviewed	855711_reviewed	1
851454_reviewed	856384_reviewed	0
856076_reviewed	851996_reviewed	1
854446_reviewed	850688_reviewed	1
850423_reviewed	852457_reviewed	1
851841_reviewed	852694_reviewed	0
854284_reviewed	853434_reviewed	1
854827_reviewed	856571_reviewed	0
854646_reviewed	854646_reviewed	1
851394_reviewed	853932_reviewed	1
853118_reviewed	856019_reviewed	0
856912_reviewed	854817_reviewed	1
851259_reviewed	856217_reviewed	1
852373_reviewed	852814_reviewed	1
853589_reviewed	854306_reviewed	0
856303_reviewed	856505_reviewed	0
853036_reviewed	856153_reviewed	0
852497_reviewed	856134_reviewed	0
851745_reviewed	856695_reviewed	0
853520_reviewed	853369_reviewed	1
852042_reviewed	852749_reviewed	0
850713_reviewed	856311_reviewed	1
856449_reviewed	854673_reviewed	1
851226_reviewed	852019_reviewed	0
850328_reviewed	855922_reviewed	1
851568_reviewed	851678_reviewed	0
851632_reviewed	856255_reviewed	0
855237_reviewed	851482_reviewed	1
852385_reviewed	854392_reviewed	1
855599_reviewed	855939_reviewed	0
850656_reviewed	854019_reviewed	0
852763_reviewed	856866_reviewed	1
855570_reviewed	850639_reviewed	1
855489_reviewed	856791_reviewed	0
850747_reviewed	853712_reviewed	0
852673_reviewed	856696_reviewed	0
854152_reviewed	856012_reviewed	0
851996_reviewed	852241_reviewed	1
854424_reviewed	855920_reviewed	0
854918_reviewed	856702_reviewed	0
850761_reviewed	856517_reviewed	1
851583_reviewed	853178_reviewed	0
853733_reviewed	851539_reviewed	1
851394_reviewed	855724_reviewed	1
852469_reviewed	853702_reviewed	0
851988_reviewed	852592_reviewed	0
852673_reviewed	853909_reviewed	0
853434_reviewed	854047_reviewed	1
851884_reviewed	854956_reviewed	0
853169_reviewed	855492_reviewed	0
852765_reviewed	855981_reviewed	0
856607_reviewed	853705_reviewed	1
853264_reviewed	856751_reviewed	0
851223_reviewed	854670_reviewed	0
855144_reviewed	851533_reviewed	1
852728_reviewed	851431_reviewed	1
855253_reviewed	856216_reviewed	1
856863_reviewed	851678_reviewed	1
851394_reviewed	853393_reviewed	1
851335_reviewed	852591_reviewed	0
856226_reviewed	854518_reviewed	1
854956_reviewed	855319_reviewed	0
852451_reviewed	856536_reviewed	0
854978_reviewed	850712_reviewed	1
852654_reviewed	856392_reviewed	0
855836_reviewed	854359_reviewed	1
851394_reviewed	851710_reviewed	1
852982_reviewed	855158_reviewed	1
854328_reviewed	856830_reviewed	1
856895_reviewed	856521_reviewed	1
855613_reviewed	856358_reviewed	0
851394_reviewed	854398_reviewed	1
851507_reviewed	854243_reviewed	0
854066_reviewed	856019_reviewed	0
856764_reviewed	851549_reviewed	1
852319_reviewed	856862_reviewed	0
852419_reviewed	854310_reviewed	0
851962_reviewed	852451_reviewed	0
851988_reviewed	853167_reviewed	0
853275_reviewed	853300_reviewed	1
851394_reviewed	855470_reviewed	1
855470_reviewed	854791_reviewed	1
856505_reviewed	852504_reviewed	1
856908_reviewed	852673_reviewed	1
850623_reviewed	856559_reviewed	0
850647_reviewed	853349_reviewed	1
854999_reviewed	855621_reviewed	1
855836_reviewed	854679_reviewed	1
851996_reviewed	856168_reviewed	1
855828_reviewed	854954_reviewed	1
853576_reviewed	855471_reviewed	1
850807_reviewed	855049_reviewed	0
851394_reviewed	856360_reviewed	1
850585_reviewed	851396_reviewed	1
851532_reviewed	855630_reviewed	0
855409_reviewed	852526_reviewed	1
852526_reviewed	852678_reviewed	1
850695_reviewed	855836_reviewed	0
851394_reviewed	851259_reviewed	1
854062_reviewed	854062_reviewed	1
852982_reviewed	853762_reviewed	0
851482_reviewed	853982_reviewed	0
855155_reviewed	855470_reviewed	1
854353_reviewed	852499_reviewed	1
850763_reviewed	855319_reviewed	0
853017_reviewed	853675_reviewed	0
852512_reviewed	856100_reviewed	0
850763_reviewed	853320_reviewed	1
855253_reviewed	856862_reviewed	0
852675_reviewed	856675_reviewed	0
851499_reviewed	856466_reviewed	0
856376_reviewed	856376_reviewed	1
852107_reviewed	852107_reviewed	1
854549_reviewed	850504_reviewed	1
854675_reviewed	855439_reviewed	0
852549_reviewed	851499_reviewed	1
853554_reviewed	854084_reviewed	0
856583_reviewed	856674_reviewed	0
851399_reviewed	852119_reviewed	0
852194_reviewed	855633_reviewed	0
853880_reviewed	855238_reviewed	0
851320_reviewed	856842_reviewed	0
851670_reviewed	853167_reviewed	0
856012_reviewed	853780_reviewed	1
850734_reviewed	856736_reviewed	1
850623_reviewed	856360_reviewed	0
853868_reviewed	850712_reviewed	1
851928_reviewed	855613_reviewed	0
851964_reviewed	852059_reviewed	0
850401_reviewed	851752_reviewed	0
851394_reviewed	850298_reviewed	1
854500_reviewed	855958_reviewed	0
852694_reviewed	854937_reviewed	0
851928_reviewed	851784_reviewed	1
852995_reviewed	851660_reviewed	1
850695_reviewed	856389_reviewed	0
850879_reviewed	855743_reviewed	1
854203_reviewed	854485_reviewed	0
856862_reviewed	854291_reviewed	1
853956_reviewed	856226_reviewed	0
852982_reviewed	854381_reviewed	1
852501_reviewed	854669_reviewed	0
850623_reviewed	855520_reviewed	0
851716_reviewed	851895_reviewed	0
855836_reviewed	856059_reviewed	1
851075_reviewed	850768_reviewed	1
851325_reviewed	855401_reviewed	0
850536_reviewed	854080_reviewed	0
851100_reviewed	856594_reviewed	1
851394_reviewed	852146_reviewed	0
856012_reviewed	856449_reviewed	1
854152_reviewed	854487_reviewed	0
851394_reviewed	856606_reviewed	1
852258_reviewed	854791_reviewed	0
853023_reviewed	855836_reviewed	1
852766_reviewed	855144_reviewed	0
851532_reviewed	854822_reviewed	1
853439_reviewed	853422_reviewed	1
855276_reviewed	856096_reviewed	1
856485_reviewed	856604_reviewed	1
855263_reviewed	856065_reviewed	0
852382_reviewed	852426_reviewed	0
853860_reviewed	856815_reviewed	0
852697_reviewed	853128_reviewed	0
851221_reviewed	852697_reviewed	0
856511_reviewed	855306_reviewed	1
850297_reviewed	855965_reviewed	0
855013_reviewed	852881_reviewed	1
855656_reviewed	855060_reviewed	1
850539_reviewed	856449_reviewed	1
850656_reviewed	850760_reviewed	0
853178_reviewed	853509_reviewed	0
853381_reviewed	854480_reviewed	1
850973_reviewed	851373_reviewed	0
852921_reviewed	854790_reviewed	1
855520_reviewed	855974_reviewed	0
851678_reviewed	851691_reviewed	0
851928_reviewed	850768_reviewed	1
851335_reviewed	856691_reviewed	1
851475_reviewed	856831_reviewed	0
853438_reviewed	854939_reviewed	0
854697_reviewed	850713_reviewed	1
853011_reviewed	853641_reviewed	0
855836_reviewed	856331_reviewed	1
854875_reviewed	851212_reviewed	1
850982_reviewed	852439_reviewed	1
852982_reviewed	853458_reviewed	1
851212_reviewed	851928_reviewed	0
850930_reviewed	851949_reviewed	0
851399_reviewed	855836_reviewed	0
850918_reviewed	853498_reviewed	1
851714_reviewed	855906_reviewed	0
850956_reviewed	854388_reviewed	0
851335_reviewed	855277_reviewed	1
852569_reviewed	851103_reviewed	1
850440_reviewed	850768_reviewed	0
851557_reviewed	854735_reviewed	1
856911_reviewed	852665_reviewed	1
854418_reviewed	855512_reviewed	1
855836_reviewed	853942_reviewed	1
851369_reviewed	856210_reviewed	1
852382_reviewed	853990_reviewed	0
852972_reviewed	855514_reviewed	1
850712_reviewed	851372_reviewed	0
852995_reviewed	856226_reviewed	0
850298_reviewed	855649_reviewed	0
852569_reviewed	854765_reviewed	0
852039_reviewed	852098_reviewed	0
851394_reviewed	856804_reviewed	1
851342_reviewed	851706_reviewed	0
854192_reviewed	854192_reviewed	1
851266_reviewed	851061_reviewed	1
853877_reviewed	850419_reviewed	1
853956_reviewed	855473_reviewed	0
853555_reviewed	853060_reviewed	1
854066_reviewed	855836_reviewed	0
850783_reviewed	851259_reviewed	0
852453_reviewed	855102_reviewed	0
851250_reviewed	855496_reviewed	0
854978_reviewed	856931_reviewed	0
854709_reviewed	854983_reviewed	0
851259_reviewed	852209_reviewed	1
855689_reviewed	856183_reviewed	0
853355_reviewed	854019_reviewed	1
853023_reviewed	855224_reviewed	1
853409_reviewed	853385_reviewed	1
856449_reviewed	850872_reviewed	1
851592_reviewed	855099_reviewed	0
851874_reviewed	853109_reviewed	1
850763_reviewed	855102_reviewed	0
853168_reviewed	850708_reviewed	1
855013_reviewed	856263_reviewed	0
852100_reviewed	855155_reviewed	0
850777_reviewed	851095_reviewed	0
851338_reviewed	852987_reviewed	0
850598_reviewed	853880_reviewed	0
852806_reviewed	854878_reviewed	0
853555_reviewed	854999_reviewed	0
855163_reviewed	853478_reviewed	1
853667_reviewed	855535_reviewed	0
855237_reviewed	851653_reviewed	1
851064_reviewed	851634_reviewed	1
854993_reviewed	856709_reviewed	0
852497_reviewed	856058_reviewed	0
850608_reviewed	853613_reviewed	0
850297_reviewed	852258_reviewed	1
850521_reviewed	855836_reviewed	0
851112_reviewed	852721_reviewed	0
851798_reviewed	853071_reviewed	0
853438_reviewed	855611_reviewed	0
850734_reviewed	856263_reviewed	0
851567_reviewed	851645_reviewed	0
851424_reviewed	852697_reviewed	0
852013_reviewed	852888_reviewed	1
853808_reviewed	853957_reviewed	1
853433_reviewed	855136_reviewed	1
851259_reviewed	856575_reviewed	0
852418_reviewed	855619_reviewed	0
854023_reviewed	855836_reviewed	0
856674_reviewed	853712_reviewed	1
851339_reviewed	855512_reviewed	1
855726_reviewed	855922_reviewed	0
851532_reviewed	854748_reviewed	1
851100_reviewed	852133_reviewed	0
855836_reviewed	855543_reviewed	1
850347_reviewed	851456_reviewed	0
855844_reviewed	856886_reviewed	1
856911_reviewed	851771_reviewed	1
852697_reviewed	855006_reviewed	0
850647_reviewed	856180_reviewed	1
854020_reviewed	852582_reviewed	1
851545_reviewed	850980_reviewed	1
851259_reviewed	854930_reviewed	1
852549_reviewed	855862_reviewed	1
855633_reviewed	855428_reviewed	1
850647_reviewed	856160_reviewed	1
853308_reviewed	854601_reviewed	0
852938_reviewed	856293_reviewed	0
851394_reviewed	853522_reviewed	1
852499_reviewed	853350_reviewed	1
851025_reviewed	856436_reviewed	0
852697_reviewed	854245_reviewed	1
855466_reviewed	856575_reviewed	0
850905_reviewed	851441_reviewed	1
854796_reviewed	851259_reviewed	1
851394_reviewed	856859_reviewed	1
854748_reviewed	856514_reviewed	0
856731_reviewed	850896_reviewed	1
852766_reviewed	853167_reviewed	1
853168_reviewed	853320_reviewed	0
851424_reviewed	852873_reviewed	0
854382_reviewed	856317_reviewed	1
851543_reviewed	854701_reviewed	0
855683_reviewed	850966_reviewed	1
856575_reviewed	853649_reviewed	1
853186_reviewed	854240_reviewed	0
855158_reviewed	855957_reviewed	0
855925_reviewed	853788_reviewed	1
852771_reviewed	856897_reviewed	0
854972_reviewed	856891_reviewed	0
851394_reviewed	856864_reviewed	1
851969_reviewed	855158_reviewed	0
852740_reviewed	856749_reviewed	0
852974_reviewed	853416_reviewed	0
851624_reviewed	855498_reviewed	0
852276_reviewed	855618_reviewed	1
851394_reviewed	850544_reviewed	1
852697_reviewed	855253_reviewed	0
850973_reviewed	856507_reviewed	0
855957_reviewed	856603_reviewed	0
852497_reviewed	855665_reviewed	0
851318_reviewed	853767_reviewed	1
852814_reviewed	850744_reviewed	1
854095_reviewed	855224_reviewed	0
853458_reviewed	854381_reviewed	0
855017_reviewed	856100_reviewed	0
852512_reviewed	855144_reviewed	1
850539_reviewed	851716_reviewed	0
854102_reviewed	854663_reviewed	0
850504_reviewed	850506_reviewed	0
855524_reviewed	851836_reviewed	1
856126_reviewed	856604_reviewed	1
855929_reviewed	855339_reviewed	1
854843_reviewed	851696_reviewed	1
854748_reviewed	856409_reviewed	0
855925_reviewed	853767_reviewed	1
851688_reviewed	852767_reviewed	0
856505_reviewed	855830_reviewed	1
852234_reviewed	856158_reviewed	0
853320_reviewed	855362_reviewed	0
853868_reviewed	856870_reviewed	0
854701_reviewed	855580_reviewed	0
856485_reviewed	855730_reviewed	1
852547_reviewed	854143_reviewed	1
853847_reviewed	852995_reviewed	1
852794_reviewed	853100_reviewed	1
855841_reviewed	855911_reviewed	0
854149_reviewed	854995_reviewed	1
851797_reviewed	856412_reviewed	0
852688_reviewed	855142_reviewed	0
851928_reviewed	855360_reviewed	0
852740_reviewed	853475_reviewed	0
851812_reviewed	853416_reviewed	0
854497_reviewed	854702_reviewed	0
850647_reviewed	852915_reviewed	1
851407_reviewed	856815_reviewed	0
851369_reviewed	850647_reviewed	1
851394_reviewed	852553_reviewed	1
850506_reviewed	852499_reviewed	0
854243_reviewed	856305_reviewed	0
853856_reviewed	854713_reviewed	0
851509_reviewed	856831_reviewed	0
855319_reviewed	851140_reviewed	1
853133_reviewed	850440_reviewed	1
850346_reviewed	856572_reviewed	1
855470_reviewed	855470_reviewed	1
854791_reviewed	855161_reviewed	0
852697_reviewed	856711_reviewed	0
850346_reviewed	855934_reviewed	1
851660_reviewed	854881_reviewed	0
852582_reviewed	855911_reviewed	0
854827_reviewed	851782_reviewed	1
852547_reviewed	856360_reviewed	0
851445_reviewed	853416_reviewed	1
850297_reviewed	856743_reviewed	0
851928_reviewed	851772_reviewed	1
852532_reviewed	854966_reviewed	1
851372_reviewed	852229_reviewed	0
852697_reviewed	856870_reviewed	0
851562_reviewed	851562_reviewed	1
850554_reviewed	850504_reviewed	1
851548_reviewed	854245_reviewed	0
851666_reviewed	853463_reviewed	0
854983_reviewed	853875_reviewed	1
856425_reviewed	851163_reviewed	1
852053_reviewed	854382_reviewed	0
853100_reviewed	853100_reviewed	1
855616_reviewed	856429_reviewed	0
853743_reviewed	852818_reviewed	1
851671_reviewed	854515_reviewed	0
851032_reviewed	853576_reviewed	0
856463_reviewed	855068_reviewed	1
852549_reviewed	855890_reviewed	0
856844_reviewed	853409_reviewed	1
855920_reviewed	851220_reviewed	1
852755_reviewed	854162_reviewed	1
852749_reviewed	853781_reviewed	0
852938_reviewed	853381_reviewed	0
854713_reviewed	856301_reviewed	0
854965_reviewed	854965_reviewed	1
851071_reviewed	851255_reviewed	0
853884_reviewed	854170_reviewed	0
855514_reviewed	855862_reviewed	1
855068_reviewed	856298_reviewed	0
851394_reviewed	851644_reviewed	1
851263_reviewed	856846_reviewed	1
855836_reviewed	856095_reviewed	0
853552_reviewed	854525_reviewed	1
851136_reviewed	852582_reviewed	1
850888_reviewed	851034_reviewed	0
853846_reviewed	856571_reviewed	1
851991_reviewed	856455_reviewed	0
850643_reviewed	850695_reviewed	0
851985_reviewed	851153_reviewed	1
850647_reviewed	851212_reviewed	1
851064_reviewed	854995_reviewed	0
855066_reviewed	852705_reviewed	1
856891_reviewed	854993_reviewed	1
855389_reviewed	856546_reviewed	0
852681_reviewed	856201_reviewed	0
854021_reviewed	855730_reviewed	0
855463_reviewed	852732_reviewed	1
856129_reviewed	856518_reviewed	0
850763_reviewed	852560_reviewed	0
852497_reviewed	855620_reviewed	0
850445_reviewed	851475_reviewed	0
853896_reviewed	853896_reviewed	1
853539_reviewed	854201_reviewed	0
851738_reviewed	853638_reviewed	0
853912_reviewed	854483_reviewed	0
853997_reviewed	855104_reviewed	1
856924_reviewed	856850_reviewed	1
852549_reviewed	856228_reviewed	1
853174_reviewed	851906_reviewed	1
850554_reviewed	850554_reviewed	1
851562_reviewed	852728_reviewed	1
851424_reviewed	851545_reviewed	1
851431_reviewed	851807_reviewed	0
855118_reviewed	855730_reviewed	0
850409_reviewed	851745_reviewed	1
850992_reviewed	851596_reviewed	0
853185_reviewed	856076_reviewed	0
855203_reviewed	855203_reviewed	1
850422_reviewed	856012_reviewed	0
853147_reviewed	850613_reviewed	1
851724_reviewed	856130_reviewed	0
855471_reviewed	851457_reviewed	1
855925_reviewed	853857_reviewed	1
851647_reviewed	855950_reviewed	1
851457_reviewed	851518_reviewed	0
855135_reviewed	855512_reviewed	1
856005_reviewed	855754_reviewed	1
853504_reviewed	852352_reviewed	1
851740_reviewed	854543_reviewed	0
851394_reviewed	851618_reviewed	1
855067_reviewed	850297_reviewed	1
850504_reviewed	850506_reviewed	0
854057_reviewed	856042_reviewed	0
854434_reviewed	855639_reviewed	0
850695_reviewed	856317_reviewed	0
854763_reviewed	855739_reviewed	0
852892_reviewed	854742_reviewed	1
851632_reviewed	856488_reviewed	0
853264_reviewed	855161_reviewed	0
851774_reviewed	851441_reviewed	1
852003_reviewed	855668_reviewed	0
856741_reviewed	851243_reviewed	1
850620_reviewed	855357_reviewed	0
853264_reviewed	854469_reviewed	0
850962_reviewed	851720_reviewed	0
853714_reviewed	855543_reviewed	1
855892_reviewed	855302_reviewed	1
854666_reviewed	855478_reviewed	0
855532_reviewed	852639_reviewed	1
852403_reviewed	854149_reviewed	0
851197_reviewed	856738_reviewed	1
854327_reviewed	855448_reviewed	0
850808_reviewed	854956_reviewed	1
850963_reviewed	856160_reviewed	0
852740_reviewed	855104_reviewed	0
851259_reviewed	856476_reviewed	0
852512_reviewed	853397_reviewed	0
854966_reviewed	855841_reviewed	1
853692_reviewed	854836_reviewed	0
856603_reviewed	856267_reviewed	1
850658_reviewed	854017_reviewed	0
854119_reviewed	852239_reviewed	1
853743_reviewed	854717_reviewed	1
855979_reviewed	856228_reviewed	0
852041_reviewed	854950_reviewed	0
854322_reviewed	854663_reviewed	0
854706_reviewed	856674_reviewed	0
855828_reviewed	856572_reviewed	0
851259_reviewed	855143_reviewed	0
852235_reviewed	856321_reviewed	1
850806_reviewed	854392_reviewed	0
853939_reviewed	856042_reviewed	1
851259_reviewed	854901_reviewed	1
851774_reviewed	854977_reviewed	0
855965_reviewed	852080_reviewed	1
852947_reviewed	850720_reviewed	1
853461_reviewed	853723_reviewed	0
856287_reviewed	856901_reviewed	0
851633_reviewed	851703_reviewed	0
852410_reviewed	852762_reviewed	0
851394_reviewed	856091_reviewed	1
856862_reviewed	852173_reviewed	1
855758_reviewed	851447_reviewed	1
853846_reviewed	850792_reviewed	1
856908_reviewed	850638_reviewed	1
851284_reviewed	851431_reviewed	0
851858_reviewed	852090_reviewed	0
851394_reviewed	855942_reviewed	1
852451_reviewed	856130_reviewed	0
854543_reviewed	856024_reviewed	0
853821_reviewed	855621_reviewed	1
854930_reviewed	856737_reviewed	0
853347_reviewed	854227_reviewed	1
850504_reviewed	850506_reviewed	0
855841_reviewed	850504_reviewed	1
851394_reviewed	853181_reviewed	1
850551_reviewed	852982_reviewed	0
850585_reviewed	855312_reviewed	1
855013_reviewed	856263_reviewed	0
850367_reviewed	851130_reviewed	0
851988_reviewed	852833_reviewed	1
852755_reviewed	852763_reviewed	0
850647_reviewed	853146_reviewed	1
850623_reviewed	856891_reviewed	0
855512_reviewed	855836_reviewed	0
853222_reviewed	854627_reviewed	0
851064_reviewed	854398_reviewed	1
852766_reviewed	854327_reviewed	0
850540_reviewed	856890_reviewed	1
853956_reviewed	856488_reviewed	1
851686_reviewed	851833_reviewed	1
850346_reviewed	851716_reviewed	1
856382_reviewed	854768_reviewed	1
852697_reviewed	856263_reviewed	1
850440_reviewed	850712_reviewed	0
850620_reviewed	852194_reviewed	0
850647_reviewed	854441_reviewed	1
850909_reviewed	855597_reviewed	1
852184_reviewed	853060_reviewed	0
856731_reviewed	850636_reviewed	1
851827_reviewed	856743_reviewed	0
852416_reviewed	851821_reviewed	1
852660_reviewed	850782_reviewed	1
850691_reviewed	850806_reviewed	0
853364_reviewed	854388_reviewed	0
853029_reviewed	855957_reviewed	0
851394_reviewed	852881_reviewed	1
852083_reviewed	852083_reviewed	1
850966_reviewed	852311_reviewed	0
850504_reviewed	851532_reviewed	1
850695_reviewed	852088_reviewed	0
855466_reviewed	855836_reviewed	1
853355_reviewed	854424_reviewed	0
851259_reviewed	852757_reviewed	1
850419_reviewed	851032_reviewed	1
853409_reviewed	853649_reviewed	1
854791_reviewed	854940_reviewed	0
851406_reviewed	856162_reviewed	1
856870_reviewed	850521_reviewed	1
851450_reviewed	853641_reviewed	0
850754_reviewed	851767_reviewed	1
853281_reviewed	854683_reviewed	0
853638_reviewed	856279_reviewed	0
855689_reviewed	854382_reviewed	1
852088_reviewed	853509_reviewed	0
856603_reviewed	856228_reviewed	1
856305_reviewed	851576_reviewed	1
851708_reviewed	853851_reviewed	0
850691_reviewed	852938_reviewed	0
852763_reviewed	854441_reviewed	1
852042_reviewed	855768_reviewed	0
851408_reviewed	851431_reviewed	1
850440_reviewed	851920_reviewed	0
852352_reviewed	853334_reviewed	0
851100_reviewed	855044_reviewed	0
852982_reviewed	853956_reviewed	0
850962_reviewed	853416_reviewed	0
852003_reviewed	852233_reviewed	0
851447_reviewed	855833_reviewed	0
851394_reviewed	855962_reviewed	1
851745_reviewed	854392_reviewed	0
852497_reviewed	853667_reviewed	0
851071_reviewed	852184_reviewed	0
851025_reviewed	851756_reviewed	0
856856_reviewed	851286_reviewed	1
851745_reviewed	855821_reviewed	1
855512_reviewed	856226_reviewed	1
850620_reviewed	855836_reviewed	0
851408_reviewed	853456_reviewed	1
856449_reviewed	856553_reviewed	0
851407_reviewed	854470_reviewed	0
855952_reviewed	854201_reviewed	1
852987_reviewed	855633_reviewed	0
855957_reviewed	852852_reviewed	1
850712_reviewed	853194_reviewed	0
851112_reviewed	852721_reviewed	0
853860_reviewed	855512_reviewed	1
850516_reviewed	851928_reviewed	0
851394_reviewed	851377_reviewed	1
853865_reviewed	856293_reviewed	0
851065_reviewed	851065_reviewed	1
853860_reviewed	855972_reviewed	1
855580_reviewed	853441_reviewed	1
853089_reviewed	855725_reviewed	0
856076_reviewed	855704_reviewed	1
854999_reviewed	852888_reviewed	1
854306_reviewed	855512_reviewed	0
851461_reviewed	854435_reviewed	1
850744_reviewed	852996_reviewed	0
853877_reviewed	853877_reviewed	1
854204_reviewed	855208_reviewed	1
851833_reviewed	854282_reviewed	1
852982_reviewed	854518_reviewed	0
853638_reviewed	855631_reviewed	0
853133_reviewed	856768_reviewed	0
851824_reviewed	853546_reviewed	0
853075_reviewed	853374_reviewed	0
854102_reviewed	854933_reviewed	1
856463_reviewed	851660_reviewed	1
851495_reviewed	855888_reviewed	0
850647_reviewed	856011_reviewed	1
853371_reviewed	850589_reviewed	1
852547_reviewed	855061_reviewed	1
851049_reviewed	854162_reviewed	0
853747_reviewed	850970_reviewed	1
855166_reviewed	855168_reviewed	0
851259_reviewed	853427_reviewed	1
851389_reviewed	855512_reviewed	0
855242_reviewed	855502_reviewed	0
851394_reviewed	852332_reviewed	1
853942_reviewed	854282_reviewed	1
855543_reviewed	855613_reviewed	0
854937_reviewed	856091_reviewed	0
850656_reviewed	851518_reviewed	0
851337_reviewed	853966_reviewed	0
851259_reviewed	852457_reviewed	1
851461_reviewed	851140_reviewed	1
850647_reviewed	850758_reviewed	1
851136_reviewed	855911_reviewed	0
851376_reviewed	851517_reviewed	0
852399_reviewed	851813_reviewed	1
855974_reviewed	856146_reviewed	1
852003_reviewed	856922_reviewed	0
854866_reviewed	856351_reviewed	0
850808_reviewed	852059_reviewed	0
852755_reviewed	855505_reviewed	0
851201_reviewed	852860_reviewed	0
855636_reviewed	856572_reviewed	0
853192_reviewed	852592_reviewed	1
852592_reviewed	856091_reviewed	1
852071_reviewed	856793_reviewed	0
851906_reviewed	853192_reviewed	0
851208_reviewed	854381_reviewed	1
853743_reviewed	852837_reviewed	1
852975_reviewed	853053_reviewed	0
851827_reviewed	853133_reviewed	0
853201_reviewed	855411_reviewed	0
850401_reviewed	856404_reviewed	0
855118_reviewed	856863_reviewed	0
852403_reviewed	856438_reviewed	0
855263_reviewed	856811_reviewed	0
856449_reviewed	850695_reviewed	1
856315_reviewed	851406_reviewed	1
855836_reviewed	855619_reviewed	1
851969_reviewed	851052_reviewed	1
851394_reviewed	854557_reviewed	1
853713_reviewed	856732_reviewed	0
850422_reviewed	853048_reviewed	1
850620_reviewed	850539_reviewed	1
852688_reviewed	852771_reviewed	0
853733_reviewed	855301_reviewed	0
853226_reviewed	854543_reviewed	0
852766_reviewed	853537_reviewed	0
856870_reviewed	851488_reviewed	1
851394_reviewed	856075_reviewed	1
854549_reviewed	856409_reviewed	0
852080_reviewed	855621_reviewed	0
853229_reviewed	855788_reviewed	0
851592_reviewed	854791_reviewed	0
851207_reviewed	853288_reviewed	1
853767_reviewed	855737_reviewed	0
855524_reviewed	853518_reviewed	1
851052_reviewed	854535_reviewed	0
851394_reviewed	854183_reviewed	1
855457_reviewed	855856_reviewed	1
852931_reviewed	851558_reviewed	1
852416_reviewed	853364_reviewed	0
852313_reviewed	856090_reviewed	0
855066_reviewed	853499_reviewed	1
851743_reviewed	854114_reviewed	0
852492_reviewed	856559_reviewed	0
851424_reviewed	856922_reviewed	0
853160_reviewed	855068_reviewed	0
854335_reviewed	854372_reviewed	0
852766_reviewed	855821_reviewed	1
855281_reviewed	856254_reviewed	0
856208_reviewed	855787_reviewed	1
855819_reviewed	855988_reviewed	1
851212_reviewed	855428_reviewed	1
855066_reviewed	853133_reviewed	1
855820_reviewed	855979_reviewed	1
855836_reviewed	853587_reviewed	1
856429_reviewed	850401_reviewed	1
852794_reviewed	854791_reviewed	0
850930_reviewed	855393_reviewed	0
851400_reviewed	850822_reviewed	1
851064_reviewed	855306_reviewed	0
851048_reviewed	851320_reviewed	0
850785_reviewed	851700_reviewed	0
855276_reviewed	851723_reviewed	1
851250_reviewed	855820_reviewed	0
852265_reviewed	852410_reviewed	0
855291_reviewed	855291_reviewed	1
852938_reviewed	856831_reviewed	0
856716_reviewed	852403_reviewed	1
853064_reviewed	855460_reviewed	0
851513_reviewed	856870_reviewed	0
853698_reviewed	853644_reviewed	1
850647_reviewed	855524_reviewed	1
851874_reviewed	855143_reviewed	0
850803_reviewed	854232_reviewed	1
852995_reviewed	856267_reviewed	0
856191_reviewed	850325_reviewed	1
856455_reviewed	856437_reviewed	1
851576_reviewed	852794_reviewed	0
851394_reviewed	854835_reviewed	1
853438_reviewed	853712_reviewed	0
851206_reviewed	853098_reviewed	0
850554_reviewed	855224_reviewed	1
850808_reviewed	856201_reviewed	0
850898_reviewed	855751_reviewed	0
851817_reviewed	852250_reviewed	0
856012_reviewed	856604_reviewed	1
855945_reviewed	856294_reviewed	1
852819_reviewed	856169_reviewed	0
852665_reviewed	853840_reviewed	1
851369_reviewed	851842_reviewed	0
853650_reviewed	855626_reviewed	1
850387_reviewed	850973_reviewed	0
852697_reviewed	853818_reviewed	1
855613_reviewed	856870_reviewed	0
853682_reviewed	856815_reviewed	0
851962_reviewed	852497_reviewed	0
851152_reviewed	851557_reviewed	0
852042_reviewed	854243_reviewed	0
855066_reviewed	851061_reviewed	1
854057_reviewed	851259_reviewed	1
853985_reviewed	854345_reviewed	1
854487_reviewed	851125_reviewed	1
851394_reviewed	855102_reviewed	1
852062_reviewed	853192_reviewed	0
850320_reviewed	854791_reviewed	1
853945_reviewed	856161_reviewed	1
851052_reviewed	856862_reviewed	0
853682_reviewed	856267_reviewed	0
855276_reviewed	855979_reviewed	0
851394_reviewed	854402_reviewed	1
854739_reviewed	855040_reviewed	1
855524_reviewed	855453_reviewed	1
850733_reviewed	852088_reviewed	0
852084_reviewed	854912_reviewed	0
853922_reviewed	855224_reviewed	1
855066_reviewed	853957_reviewed	1
856089_reviewed	851545_reviewed	1
852794_reviewed	854933_reviewed	0
850872_reviewed	856267_reviewed	0
853442_reviewed	854786_reviewed	0
850846_reviewed	852113_reviewed	1
850686_reviewed	851223_reviewed	0
851471_reviewed	851964_reviewed	0
855836_reviewed	850499_reviewed	1
854543_reviewed	855177_reviewed	1
852569_reviewed	851678_reviewed	1
851680_reviewed	852931_reviewed	1
852896_reviewed	853715_reviewed	0
851394_reviewed	851103_reviewed	1
852427_reviewed	855458_reviewed	0
852755_reviewed	852762_reviewed	0
855066_reviewed	850905_reviewed	1
853985_reviewed	856183_reviewed	1
850909_reviewed	855496_reviewed	0
854701_reviewed	854701_reviewed	1
850790_reviewed	852500_reviewed	0
851813_reviewed	852860_reviewed	0
853942_reviewed	855258_reviewed	1
851071_reviewed	854469_reviewed	0
853546_reviewed	856320_reviewed	0
854381_reviewed	856119_reviewed	0
855102_reviewed	856709_reviewed	0
850409_reviewed	854926_reviewed	1
852169_reviewed	851224_reviewed	1
851708_reviewed	856852_reviewed	0
852230_reviewed	853287_reviewed	0
855828_reviewed	851723_reviewed	1
851678_reviewed	855789_reviewed	1
854487_reviewed	855591_reviewed	1
855981_reviewed	856437_reviewed	0
852714_reviewed	854229_reviewed	0
852575_reviewed	856422_reviewed	1
854019_reviewed	852100_reviewed	1
851947_reviewed	852865_reviewed	1
851259_reviewed	855613_reviewed	0
853188_reviewed	856351_reviewed	1
851364_reviewed	852785_reviewed	0
851394_reviewed	852146_reviewed	0
850837_reviewed	852326_reviewed	0
853509_reviewed	855613_reviewed	0
853031_reviewed	856103_reviewed	1
856387_reviewed	856862_reviewed	1
853734_reviewed	855974_reviewed	0
850563_reviewed	852953_reviewed	0
851250_reviewed	850734_reviewed	1
852042_reviewed	855897_reviewed	0
856303_reviewed	856021_reviewed	1
851745_reviewed	854034_reviewed	0
856307_reviewed	850623_reviewed	1
852209_reviewed	853638_reviewed	0
853167_reviewed	855049_reviewed	0
854068_reviewed	855788_reviewed	0
851561_reviewed	852848_reviewed	0
851110_reviewed	852643_reviewed	1
853674_reviewed	856846_reviewed	0
852697_reviewed	856455_reviewed	1
852697_reviewed	856862_reviewed	0
851860_reviewed	855481_reviewed	1
851785_reviewed	853709_reviewed	0
856667_reviewed	850504_reviewed	1
852107_reviewed	855730_reviewed	1
851788_reviewed	854725_reviewed	1
850829_reviewed	850829_reviewed	1
853133_reviewed	856155_reviewed	1
852995_reviewed	852319_reviewed	1
852119_reviewed	853539_reviewed	1
850691_reviewed	855155_reviewed	0
850647_reviewed	855056_reviewed	1
854113_reviewed	855507_reviewed	1
855745_reviewed	851318_reviewed	1
851752_reviewed	854284_reviewed	0
851431_reviewed	855073_reviewed	0
851115_reviewed	851222_reviewed	1
852624_reviewed	853705_reviewed	1
854780_reviewed	851477_reviewed	1
851407_reviewed	850919_reviewed	1
855746_reviewed	855746_reviewed	1
853516_reviewed	851548_reviewed	1
851394_reviewed	854902_reviewed	1
855466_reviewed	853051_reviewed	1
856236_reviewed	855532_reviewed	1
852660_reviewed	856062_reviewed	1
850523_reviewed	854106_reviewed	0
853010_reviewed	853041_reviewed	1
851623_reviewed	854656_reviewed	1
852018_reviewed	853774_reviewed	0
852305_reviewed	851774_reviewed	1
852763_reviewed	856749_reviewed	1
850647_reviewed	851451_reviewed	1
851424_reviewed	850819_reviewed	1
854255_reviewed	854444_reviewed	0
851624_reviewed	851624_reviewed	1
853638_reviewed	850973_reviewed	1
851025_reviewed	854937_reviewed	0
854966_reviewed	851771_reviewed	1
851508_reviewed	856270_reviewed	0
851929_reviewed	852090_reviewed	0
852685_reviewed	851798_reviewed	1
850719_reviewed	854725_reviewed	0
854138_reviewed	855489_reviewed	1
854540_reviewed	856848_reviewed	0
851394_reviewed	852037_reviewed	1
855243_reviewed	855082_reviewed	1
850930_reviewed	856537_reviewed	0
851530_reviewed	854487_reviewed	0
850440_reviewed	856476_reviewed	0
855512_reviewed	854162_reviewed	1
854555_reviewed	855820_reviewed	0
853743_reviewed	856838_reviewed	1
850298_reviewed	854381_reviewed	0
855705_reviewed	855082_reviewed	1
852032_reviewed	855512_reviewed	0
850647_reviewed	853463_reviewed	1
853912_reviewed	856828_reviewed	0
850647_reviewed	853853_reviewed	1
853222_reviewed	855778_reviewed	0
851206_reviewed	852762_reviewed	0
851394_reviewed	852313_reviewed	1
852494_reviewed	852949_reviewed	0
855350_reviewed	851831_reviewed	1
854806_reviewed	854956_reviewed	0
853743_reviewed	855970_reviewed	1
853133_reviewed	852703_reviewed	1
853167_reviewed	854480_reviewed	0
851000_reviewed	851991_reviewed	0
851495_reviewed	853373_reviewed	0
851485_reviewed	851895_reviewed	0
851740_reviewed	853275_reviewed	0
853219_reviewed	854113_reviewed	0
854166_reviewed	855665_reviewed	0
851617_reviewed	853748_reviewed	0
850649_reviewed	854881_reviewed	1
855202_reviewed	856321_reviewed	0
851653_reviewed	851112_reviewed	1
851259_reviewed	852136_reviewed	0
851676_reviewed	853674_reviewed	0
852133_reviewed	853109_reviewed	0
856267_reviewed	854245_reviewed	1
850695_reviewed	856376_reviewed	0
853539_reviewed	855942_reviewed	1
851532_reviewed	853729_reviewed	0
852228_reviewed	854382_reviewed	0
852451_reviewed	854678_reviewed	0
853733_reviewed	853811_reviewed	0
850647_reviewed	855422_reviewed	1
851559_reviewed	856065_reviewed	1
856559_reviewed	852529_reviewed	1
854249_reviewed	853475_reviewed	1
850647_reviewed	850507_reviewed	1
850683_reviewed	853539_reviewed	0
850422_reviewed	856226_reviewed	0
850551_reviewed	856267_reviewed	0
852101_reviewed	856612_reviewed	1
856924_reviewed	854819_reviewed	1
851226_reviewed	852675_reviewed	1
856815_reviewed	850820_reviewed	1
851388_reviewed	855862_reviewed	1
853503_reviewed	855651_reviewed	0
850998_reviewed	852974_reviewed	1
854485_reviewed	856486_reviewed	1
851394_reviewed	852522_reviewed	1
853683_reviewed	855316_reviewed	0
855897_reviewed	850647_reviewed	1
855942_reviewed	856751_reviewed	0
856854_reviewed	852670_reviewed	1
854286_reviewed	856677_reviewed	0
850872_reviewed	853934_reviewed	0
850658_reviewed	853439_reviewed	0
852931_reviewed	853091_reviewed	0
855897_reviewed	853114_reviewed	1
851369_reviewed	853133_reviewed	1
852972_reviewed	853128_reviewed	1
855602_reviewed	854670_reviewed	1
856815_reviewed	852982_reviewed	1
854535_reviewed	856502_reviewed	1
856076_reviewed	854161_reviewed	1
850456_reviewed	851074_reviewed	0
851542_reviewed	852399_reviewed	0
851143_reviewed	852025_reviewed	1
854026_reviewed	854379_reviewed	1
850440_reviewed	853527_reviewed	0
854119_reviewed	855362_reviewed	1
851895_reviewed	852410_reviewed	0
855466_reviewed	854790_reviewed	1
851441_reviewed	855532_reviewed	1
852880_reviewed	856218_reviewed	0
854912_reviewed	854680_reviewed	1
851399_reviewed	851798_reviewed	1
854229_reviewed	856024_reviewed	0
852228_reviewed	855626_reviewed	0
856434_reviewed	854997_reviewed	1
855356_reviewed	856143_reviewed	0
855613_reviewed	850298_reviewed	1
850520_reviewed	855535_reviewed	0
856315_reviewed	851585_reviewed	1
852457_reviewed	855013_reviewed	1
854265_reviewed	855066_reviewed	0
852662_reviewed	855830_reviewed	0
855475_reviewed	855475_reviewed	1
850594_reviewed	854732_reviewed	0
850396_reviewed	855834_reviewed	0
852079_reviewed	855277_reviewed	0
855311_reviewed	856863_reviewed	0
850900_reviewed	851911_reviewed	1
851991_reviewed	856201_reviewed	0
856267_reviewed	851407_reviewed	1
853985_reviewed	855908_reviewed	0
855013_reviewed	854555_reviewed	1
854017_reviewed	856667_reviewed	0
851447_reviewed	851928_reviewed	0
851874_reviewed	854068_reviewed	0
851441_reviewed	853957_reviewed	1
852457_reviewed	850607_reviewed	1
851988_reviewed	854485_reviewed	0
856862_reviewed	853848_reviewed	1
851813_reviewed	852265_reviewed	0
855968_reviewed	856925_reviewed	0
855888_reviewed	851531_reviewed	1
853922_reviewed	854168_reviewed	0
851632_reviewed	852982_reviewed	0
852582_reviewed	855841_reviewed	0
851284_reviewed	851431_reviewed	0
856505_reviewed	855458_reviewed	1
850883_reviewed	851520_reviewed	0
851547_reviewed	855463_reviewed	0
855524_reviewed	854296_reviewed	1
854106_reviewed	855636_reviewed	0
854999_reviewed	852451_reviewed	1
856680_reviewed	854019_reviewed	1
852697_reviewed	853974_reviewed	1
852258_reviewed	856680_reviewed	1
853011_reviewed	853064_reviewed	0
852222_reviewed	855470_reviewed	0
852385_reviewed	855888_reviewed	0
853985_reviewed	854106_reviewed	1
852982_reviewed	854263_reviewed	1
851259_reviewed	851696_reviewed	0
854322_reviewed	856099_reviewed	0
854827_reviewed	851025_reviewed	1
851212_reviewed	853651_reviewed	0
851483_reviewed	855386_reviewed	1
851163_reviewed	856918_reviewed	0
853860_reviewed	854487_reviewed	0
855309_reviewed	856552_reviewed	0
854981_reviewed	855979_reviewed	0
851032_reviewed	854725_reviewed	0
850605_reviewed	850605_reviewed	1
854286_reviewed	855256_reviewed	1
852233_reviewed	856866_reviewed	0
852697_reviewed	856035_reviewed	0
850887_reviewed	850887_reviewed	1
855155_reviewed	856183_reviewed	0
851259_reviewed	850846_reviewed	1
851774_reviewed	856842_reviewed	0
850741_reviewed	855974_reviewed	0
853650_reviewed	854747_reviewed	0
856595_reviewed	850777_reviewed	1
851819_reviewed	856057_reviewed	0
851259_reviewed	850500_reviewed	1
851222_reviewed	855841_reviewed	1
850422_reviewed	851319_reviewed	0
851394_reviewed	856032_reviewed	1
851752_reviewed	855998_reviewed	1
850430_reviewed	855706_reviewed	0
851394_reviewed	856354_reviewed	1
850818_reviewed	856579_reviewed	0
853728_reviewed	856317_reviewed	0
852779_reviewed	853649_reviewed	1
852209_reviewed	854170_reviewed	0
850445_reviewed	852860_reviewed	1
850347_reviewed	853555_reviewed	0
853372_reviewed	853418_reviewed	1
853157_reviewed	856850_reviewed	0
855543_reviewed	855532_reviewed	1
856603_reviewed	856863_reviewed	0
853144_reviewed	856425_reviewed	1
850785_reviewed	851700_reviewed	0
851441_reviewed	851470_reviewed	1
851201_reviewed	853751_reviewed	0
851318_reviewed	853509_reviewed	1
852042_reviewed	855155_reviewed	1
856098_reviewed	851618_reviewed	1
856267_reviewed	850820_reviewed	1
855539_reviewed	856916_reviewed	0
850330_reviewed	851202_reviewed	1
850647_reviewed	850830_reviewed	1
852675_reviewed	855775_reviewed	0
850806_reviewed	851255_reviewed	1
850409_reviewed	852947_reviewed	0
851468_reviewed	855836_reviewed	0
855457_reviewed	856217_reviewed	0
852416_reviewed	852757_reviewed	0
855621_reviewed	852665_reviewed	1
851878_reviewed	855271_reviewed	0
852512_reviewed	854331_reviewed	0
855836_reviewed	851928_reviewed	1
854765_reviewed	851624_reviewed	1
853922_reviewed	851180_reviewed	1
851874_reviewed	853062_reviewed	1
850754_reviewed	851095_reviewed	1
853316_reviewed	853534_reviewed	0
851768_reviewed	855500_reviewed	0
853377_reviewed	853377_reviewed	1
853877_reviewed	855049_reviewed	1
852322_reviewed	852888_reviewed	0
850647_reviewed	855299_reviewed	1
853985_reviewed	856065_reviewed	1
852021_reviewed	853956_reviewed	1
851107_reviewed	855018_reviewed	0
855512_reviewed	852402_reviewed	1
850763_reviewed	856911_reviewed	0
851249_reviewed	853332_reviewed	0
852172_reviewed	856753_reviewed	0
850298_reviewed	856012_reviewed	0
852428_reviewed	852753_reviewed	1
851394_reviewed	855624_reviewed	1
853767_reviewed	853681_reviewed	1
854113_reviewed	855244_reviewed	0
850647_reviewed	853108_reviewed	1
851653_reviewed	853758_reviewed	0
854201_reviewed	853638_reviewed	1
855276_reviewed	855821_reviewed	1
855097_reviewed	855097_reviewed	1
851594_reviewed	855620_reviewed	0
853806_reviewed	856222_reviewed	1
852385_reviewed	850430_reviewed	1
851647_reviewed	852234_reviewed	1
850549_reviewed	850820_reviewed	0
851557_reviewed	854243_reviewed	0
854211_reviewed	855297_reviewed	1
850607_reviewed	850784_reviewed	0
853675_reviewed	854391_reviewed	1
850734_reviewed	854662_reviewed	1
852371_reviewed	856186_reviewed	0
856741_reviewed	856260_reviewed	1
852846_reviewed	854650_reviewed	0
856612_reviewed	851568_reviewed	1
854918_reviewed	853714_reviewed	1
851895_reviewed	853373_reviewed	0
852373_reviewed	856223_reviewed	0
850647_reviewed	851782_reviewed	1
851030_reviewed	853439_reviewed	0
853682_reviewed	854717_reviewed	0
850716_reviewed	853400_reviewed	0
851632_reviewed	850918_reviewed	1
850966_reviewed	853638_reviewed	0
851084_reviewed	854769_reviewed	0
850647_reviewed	854343_reviewed	1
851394_reviewed	854511_reviewed	1
853434_reviewed	855724_reviewed	0
851143_reviewed	852042_reviewed	0
853128_reviewed	854284_reviewed	0
851918_reviewed	852697_reviewed	0
850638_reviewed	851895_reviewed	0
856537_reviewed	856797_reviewed	0
856076_reviewed	850572_reviewed	1
854063_reviewed	855974_reviewed	0
852591_reviewed	854261_reviewed	0
853737_reviewed	856069_reviewed	0
851224_reviewed	852951_reviewed	0
851745_reviewed	852258_reviewed	0
852697_reviewed	855976_reviewed	1
854697_reviewed	856870_reviewed	0
851052_reviewed	856909_reviewed	0
850741_reviewed	853713_reviewed	0
851503_reviewed	853828_reviewed	0
850872_reviewed	855068_reviewed	0
856096_reviewed	851723_reviewed	1
850720_reviewed	850720_reviewed	1
850941_reviewed	850908_reviewed	1
855982_reviewed	856275_reviewed	0
850506_reviewed	854123_reviewed	1
850713_reviewed	852230_reviewed	1
850771_reviewed	852697_reviewed	0
850970_reviewed	855836_reviewed	0
850782_reviewed	856647_reviewed	0
850869_reviewed	853568_reviewed	0
856255_reviewed	856864_reviewed	0
853353_reviewed	854213_reviewed	0
851394_reviewed	854687_reviewed	1
855561_reviewed	850325_reviewed	1
850793_reviewed	852084_reviewed	0
852697_reviewed	852744_reviewed	1
852497_reviewed	856096_reviewed	1
854079_reviewed	856249_reviewed	1
851039_reviewed	854243_reviewed	0
851784_reviewed	853106_reviewed	0
850920_reviewed	853824_reviewed	0
855863_reviewed	855863_reviewed	1
854742_reviewed	856075_reviewed	0
853173_reviewed	854627_reviewed	0
853199_reviewed	856671_reviewed	0
854424_reviewed	851814_reviewed	1
852371_reviewed	856799_reviewed	0
850598_reviewed	851206_reviewed	0
852857_reviewed	854989_reviewed	0
850654_reviewed	850654_reviewed	1
851962_reviewed	852765_reviewed	0
855757_reviewed	856228_reviewed	0
856908_reviewed	856571_reviewed	1
853219_reviewed	853034_reviewed	1
855972_reviewed	856449_reviewed	1
852411_reviewed	852938_reviewed	0
852611_reviewed	853846_reviewed	1
851318_reviewed	856732_reviewed	1
855495_reviewed	852569_reviewed	1
855177_reviewed	853463_reviewed	1
851394_reviewed	854020_reviewed	1
854294_reviewed	855646_reviewed	1
850803_reviewed	852809_reviewed	1
853871_reviewed	853806_reviewed	1
851394_reviewed	853909_reviewed	1
853743_reviewed	851481_reviewed	1
851688_reviewed	856226_reviewed	0
853316_reviewed	853316_reviewed	1
853034_reviewed	854646_reviewed	0
851988_reviewed	855664_reviewed	1
855386_reviewed	855950_reviewed	1
850504_reviewed	855117_reviewed	1
851557_reviewed	855998_reviewed	0
856267_reviewed	856815_reviewed	1
855466_reviewed	850864_reviewed	1
856791_reviewed	855900_reviewed	1
855771_reviewed	856409_reviewed	0
851964_reviewed	856920_reviewed	0
856908_reviewed	853011_reviewed	1
856562_reviewed	856364_reviewed	1
850611_reviewed	856830_reviewed	1
851678_reviewed	853036_reviewed	0
851724_reviewed	855758_reviewed	0
850454_reviewed	856891_reviewed	0
852921_reviewed	851309_reviewed	1
856870_reviewed	850437_reviewed	1
851259_reviewed	852212_reviewed	1
851557_reviewed	855489_reviewed	0
851788_reviewed	856201_reviewed	0
855005_reviewed	856297_reviewed	0
850688_reviewed	853188_reviewed	0
851394_reviewed	856345_reviewed	1
855884_reviewed	855952_reviewed	0
851394_reviewed	854327_reviewed	1
851627_reviewed	853418_reviewed	1
851161_reviewed	854149_reviewed	0
852235_reviewed	854978_reviewed	1
855790_reviewed	850298_reviewed	1
851394_reviewed	856398_reviewed	1
852731_reviewed	851544_reviewed	1
856226_reviewed	855571_reviewed	1
851975_reviewed	854937_reviewed	0
851255_reviewed	851895_reviewed	1
850440_reviewed	851424_reviewed	0
850695_reviewed	854381_reviewed	1
854993_reviewed	856096_reviewed	1
855925_reviewed	855952_reviewed	1
853106_reviewed	853106_reviewed	1
851962_reviewed	852614_reviewed	0
855013_reviewed	853434_reviewed	1
850422_reviewed	855118_reviewed	1
850647_reviewed	855368_reviewed	1
853667_reviewed	852939_reviewed	1
851113_reviewed	851259_reviewed	0
851394_reviewed	852146_reviewed	0
852013_reviewed	850702_reviewed	1
853320_reviewed	850435_reviewed	1
855616_reviewed	855841_reviewed	1
852915_reviewed	856517_reviewed	0
853796_reviewed	850636_reviewed	1
850820_reviewed	855591_reviewed	0
850314_reviewed	853418_reviewed	0
852660_reviewed	853758_reviewed	0
853509_reviewed	856862_reviewed	0
855957_reviewed	856574_reviewed	0
853956_reviewed	854381_reviewed	1
850372_reviewed	852245_reviewed	0
854722_reviewed	854978_reviewed	0
852402_reviewed	854795_reviewed	1
852194_reviewed	850792_reviewed	1
853109_reviewed	854243_reviewed	1
850543_reviewed	856144_reviewed	1
853868_reviewed	853906_reviewed	1
852740_reviewed	854855_reviewed	0
851391_reviewed	856915_reviewed	0
856895_reviewed	855143_reviewed	1
853589_reviewed	856594_reviewed	0
853631_reviewed	855357_reviewed	0
853137_reviewed	854598_reviewed	1
853500_reviewed	852385_reviewed	1
850639_reviewed	851440_reviewed	1
850598_reviewed	855950_reviewed	0
853904_reviewed	853904_reviewed	1
851424_reviewed	852487_reviewed	0
852688_reviewed	855751_reviewed	1
855228_reviewed	856463_reviewed	0
852403_reviewed	856494_reviewed	1
855954_reviewed	851142_reviewed	1
850879_reviewed	852665_reviewed	1
851394_reviewed	851425_reviewed	1
855836_reviewed	853997_reviewed	1
853107_reviewed	856925_reviewed	0
856409_reviewed	853133_reviewed	1
851206_reviewed	854878_reviewed	1
851394_reviewed	852146_reviewed	0
851255_reviewed	850983_reviewed	1
852763_reviewed	853851_reviewed	0
852532_reviewed	855841_reviewed	1
851678_reviewed	854673_reviewed	1
852416_reviewed	853728_reviewed	1
853320_reviewed	855789_reviewed	1
851320_reviewed	851320_reviewed	1
850923_reviewed	851645_reviewed	0
853651_reviewed	853651_reviewed	1
855489_reviewed	856351_reviewed	0
853041_reviewed	853133_reviewed	0
853373_reviewed	854019_reviewed	1
852582_reviewed	855841_reviewed	0
855499_reviewed	853555_reviewed	1
851893_reviewed	854881_reviewed	0
852697_reviewed	855836_reviewed	0
850998_reviewed	856035_reviewed	1
852765_reviewed	850980_reviewed	1
852921_reviewed	856689_reviewed	0
852489_reviewed	854193_reviewed	0
852676_reviewed	855830_reviewed	0
851206_reviewed	851741_reviewed	0
850551_reviewed	856063_reviewed	1
854518_reviewed	856863_reviewed	0
853186_reviewed	855515_reviewed	1
850334_reviewed	854084_reviewed	0
4036073_reviewed	853327_reviewed	0
851819_reviewed	855683_reviewed	1
850983_reviewed	856604_reviewed	0
852785_reviewed	853728_reviewed	0
851543_reviewed	854447_reviewed	0
852995_reviewed	851548_reviewed	1
851394_reviewed	854405_reviewed	1
851161_reviewed	852926_reviewed	0
850714_reviewed	850714_reviewed	1
853060_reviewed	856100_reviewed	0
854286_reviewed	855841_reviewed	1
853734_reviewed	853817_reviewed	0
851274_reviewed	851274_reviewed	1
851548_reviewed	855977_reviewed	0
856297_reviewed	856485_reviewed	0
852180_reviewed	856572_reviewed	0
855332_reviewed	855920_reviewed	0
854966_reviewed	855049_reviewed	0
851431_reviewed	852835_reviewed	0
854878_reviewed	855241_reviewed	1
856303_reviewed	856505_reviewed	0
851576_reviewed	852258_reviewed	1
854461_reviewed	854487_reviewed	0
854331_reviewed	856065_reviewed	0
851394_reviewed	856093_reviewed	1
850298_reviewed	851052_reviewed	1
853871_reviewed	850983_reviewed	1
855436_reviewed	856433_reviewed	0
850977_reviewed	850775_reviewed	1
850879_reviewed	853966_reviewed	1
851933_reviewed	856862_reviewed	0
855914_reviewed	850518_reviewed	1
851394_reviewed	854108_reviewed	1
850429_reviewed	851691_reviewed	0
855427_reviewed	853535_reviewed	1
855458_reviewed	850543_reviewed	1
856154_reviewed	855177_reviewed	1
853651_reviewed	856351_reviewed	0
852880_reviewed	853036_reviewed	0
853814_reviewed	853909_reviewed	1
851204_reviewed	852193_reviewed	0
851824_reviewed	854138_reviewed	0
853743_reviewed	854384_reviewed	1
853160_reviewed	855790_reviewed	0
850633_reviewed	850614_reviewed	1
855771_reviewed	856409_reviewed	0
856508_reviewed	855454_reviewed	1
853534_reviewed	854263_reviewed	0
850320_reviewed	854450_reviewed	1
850543_reviewed	850585_reviewed	1
856604_reviewed	854446_reviewed	1
850894_reviewed	856489_reviewed	0
851394_reviewed	855968_reviewed	1
851882_reviewed	852757_reviewed	0
856484_reviewed	855356_reviewed	1
853743_reviewed	850714_reviewed	1
853433_reviewed	854819_reviewed	1
852549_reviewed	850298_reviewed	1
855281_reviewed	856674_reviewed	0
856602_reviewed	851547_reviewed	1
854567_reviewed	856862_reviewed	1
851963_reviewed	855893_reviewed	1
855524_reviewed	854343_reviewed	1
852755_reviewed	856844_reviewed	1
850647_reviewed	853081_reviewed	1
856275_reviewed	852042_reviewed	1
851212_reviewed	855466_reviewed	0
854446_reviewed	856119_reviewed	0
852614_reviewed	851142_reviewed	1
855429_reviewed	853488_reviewed	1
852697_reviewed	853922_reviewed	0
851782_reviewed	856723_reviewed	0
852377_reviewed	855821_reviewed	0
856364_reviewed	856364_reviewed	1
852382_reviewed	853884_reviewed	0
853466_reviewed	853466_reviewed	1
855297_reviewed	852755_reviewed	1
855787_reviewed	851988_reviewed	1
850580_reviewed	855630_reviewed	1
853106_reviewed	855613_reviewed	0
855532_reviewed	853047_reviewed	1
850647_reviewed	853701_reviewed	1
854353_reviewed	850323_reviewed	1
855547_reviewed	852107_reviewed	1
854678_reviewed	856089_reviewed	0
852765_reviewed	855665_reviewed	0
854424_reviewed	856360_reviewed	0
851196_reviewed	852873_reviewed	0
853489_reviewed	855492_reviewed	1
853957_reviewed	854691_reviewed	0
854844_reviewed	856575_reviewed	1
851688_reviewed	855664_reviewed	0
852896_reviewed	854673_reviewed	0
851115_reviewed	852865_reviewed	1
850647_reviewed	856018_reviewed	1
853528_reviewed	854819_reviewed	0
851394_reviewed	850609_reviewed	1
852369_reviewed	853072_reviewed	1
852451_reviewed	856519_reviewed	0
853868_reviewed	855101_reviewed	1
851770_reviewed	852230_reviewed	1
851213_reviewed	852697_reviewed	0
851548_reviewed	854461_reviewed	0
850647_reviewed	856644_reviewed	1
852938_reviewed	855208_reviewed	0
851306_reviewed	851813_reviewed	1
852532_reviewed	854869_reviewed	0
855276_reviewed	855267_reviewed	1
850647_reviewed	851071_reviewed	1
852685_reviewed	851339_reviewed	1
852873_reviewed	855836_reviewed	0
851404_reviewed	854999_reviewed	0
856130_reviewed	856254_reviewed	1
856572_reviewed	855925_reviewed	1
851716_reviewed	851475_reviewed	1
850551_reviewed	850549_reviewed	1
852499_reviewed	853783_reviewed	0
854162_reviewed	853397_reviewed	1
851543_reviewed	853638_reviewed	0
855532_reviewed	854265_reviewed	1
851450_reviewed	856169_reviewed	1
852001_reviewed	853133_reviewed	0
850758_reviewed	854310_reviewed	0
852385_reviewed	851456_reviewed	1
855418_reviewed	852499_reviewed	1
851408_reviewed	852873_reviewed	1
851394_reviewed	855911_reviewed	1
851388_reviewed	856095_reviewed	0
850343_reviewed	853135_reviewed	0
856742_reviewed	856223_reviewed	1
854257_reviewed	852617_reviewed	1
852649_reviewed	855103_reviewed	0
853650_reviewed	854933_reviewed	0
850747_reviewed	855357_reviewed	0
850611_reviewed	854544_reviewed	1
852371_reviewed	856677_reviewed	1
853896_reviewed	852974_reviewed	1
853078_reviewed	851335_reviewed	1
854876_reviewed	856807_reviewed	0
853089_reviewed	853089_reviewed	1
854020_reviewed	854776_reviewed	1
851660_reviewed	853458_reviewed	0
850647_reviewed	853148_reviewed	1
852673_reviewed	854019_reviewed	1
854204_reviewed	852865_reviewed	1
853359_reviewed	850930_reviewed	1
854485_reviewed	851531_reviewed	1
856146_reviewed	854680_reviewed	1
855836_reviewed	856076_reviewed	0
852039_reviewed	853594_reviewed	0
854734_reviewed	856870_reviewed	0
851303_reviewed	852749_reviewed	0
850966_reviewed	852897_reviewed	0
852575_reviewed	856742_reviewed	1
854245_reviewed	850894_reviewed	1
850647_reviewed	852417_reviewed	1
851136_reviewed	854106_reviewed	1
850880_reviewed	856751_reviewed	0
853377_reviewed	856217_reviewed	0
853554_reviewed	855449_reviewed	0
851061_reviewed	853796_reviewed	1
852059_reviewed	854656_reviewed	0
854434_reviewed	854541_reviewed	0
852013_reviewed	850440_reviewed	1
854666_reviewed	853554_reviewed	1
851624_reviewed	853400_reviewed	1
853503_reviewed	854839_reviewed	0
853490_reviewed	856659_reviewed	1
855934_reviewed	855066_reviewed	1
854444_reviewed	855842_reviewed	1
850360_reviewed	851259_reviewed	0
850409_reviewed	856183_reviewed	0
851303_reviewed	856186_reviewed	0
850807_reviewed	853788_reviewed	1
852050_reviewed	854247_reviewed	0
850298_reviewed	855664_reviewed	0
851929_reviewed	853254_reviewed	1
855532_reviewed	851048_reviewed	1
854083_reviewed	854124_reviewed	0
852371_reviewed	853674_reviewed	0
850647_reviewed	852322_reviewed	1
851632_reviewed	856095_reviewed	1
851430_reviewed	851724_reviewed	1
854245_reviewed	855957_reviewed	0
854306_reviewed	853185_reviewed	1
852439_reviewed	856012_reviewed	1
852740_reviewed	852779_reviewed	0
854138_reviewed	856677_reviewed	0
852787_reviewed	853318_reviewed	0
854152_reviewed	855158_reviewed	1
851112_reviewed	851112_reviewed	1
851670_reviewed	852665_reviewed	0
851544_reviewed	854398_reviewed	0
852757_reviewed	853197_reviewed	1
850647_reviewed	850874_reviewed	1
850860_reviewed	856399_reviewed	0
850908_reviewed	854243_reviewed	0
850843_reviewed	852003_reviewed	0
851756_reviewed	853751_reviewed	0
855929_reviewed	856801_reviewed	0
852926_reviewed	853470_reviewed	0
854102_reviewed	856743_reviewed	0
855897_reviewed	855184_reviewed	1
856382_reviewed	855884_reviewed	1
854598_reviewed	854695_reviewed	0
853035_reviewed	855836_reviewed	0
853956_reviewed	856267_reviewed	0
852787_reviewed	853100_reviewed	1
852771_reviewed	853886_reviewed	0
850941_reviewed	852394_reviewed	1
855625_reviewed	854268_reviewed	1
852860_reviewed	855067_reviewed	0
851212_reviewed	855613_reviewed	0
854810_reviewed	852003_reviewed	1
850647_reviewed	851388_reviewed	1
851723_reviewed	855620_reviewed	0
854659_reviewed	855631_reviewed	0
851318_reviewed	856216_reviewed	1
851482_reviewed	851261_reviewed	1
851071_reviewed	850419_reviewed	1
856891_reviewed	850409_reviewed	1
851204_reviewed	852193_reviewed	0
853178_reviewed	855489_reviewed	0
855155_reviewed	856158_reviewed	0
851895_reviewed	856709_reviewed	0
856731_reviewed	850562_reviewed	1
850584_reviewed	856183_reviewed	0
854533_reviewed	850968_reviewed	1
855281_reviewed	856222_reviewed	0
851052_reviewed	851933_reviewed	0
853023_reviewed	853681_reviewed	0
854017_reviewed	852814_reviewed	1
850837_reviewed	852918_reviewed	1
856134_reviewed	851962_reviewed	1
851259_reviewed	853071_reviewed	0
856478_reviewed	850513_reviewed	1
850930_reviewed	852382_reviewed	0
851968_reviewed	855925_reviewed	1
853478_reviewed	853478_reviewed	1
856870_reviewed	855068_reviewed	1
852193_reviewed	851658_reviewed	1
852651_reviewed	852651_reviewed	1
853774_reviewed	855357_reviewed	0
850647_reviewed	855076_reviewed	1
850764_reviewed	852834_reviewed	0
850647_reviewed	852242_reviewed	1
854673_reviewed	856846_reviewed	0
851148_reviewed	856075_reviewed	1
853041_reviewed	855119_reviewed	1
852352_reviewed	856518_reviewed	1
851109_reviewed	851892_reviewed	1
852995_reviewed	855118_reviewed	0
851394_reviewed	856140_reviewed	1
851676_reviewed	856498_reviewed	0
856255_reviewed	855862_reviewed	1
851969_reviewed	854487_reviewed	1
854382_reviewed	856891_reviewed	0
851259_reviewed	854093_reviewed	0
851394_reviewed	854554_reviewed	1
851888_reviewed	856716_reviewed	0
851119_reviewed	855726_reviewed	1
853478_reviewed	853877_reviewed	0
853455_reviewed	854149_reviewed	0
853955_reviewed	855466_reviewed	0
851032_reviewed	855621_reviewed	0
854162_reviewed	855774_reviewed	0
850719_reviewed	852492_reviewed	0
851335_reviewed	855258_reviewed	0
851109_reviewed	854601_reviewed	1
853133_reviewed	853192_reviewed	0
850908_reviewed	852032_reviewed	0
852860_reviewed	852726_reviewed	1
852982_reviewed	851893_reviewed	1
856449_reviewed	852767_reviewed	1
854555_reviewed	854700_reviewed	1
851756_reviewed	853713_reviewed	0
853729_reviewed	855136_reviewed	1
855013_reviewed	855532_reviewed	1
854983_reviewed	855513_reviewed	0
851661_reviewed	855950_reviewed	0
851140_reviewed	855725_reviewed	0
856846_reviewed	856862_reviewed	0
855934_reviewed	853499_reviewed	1
855386_reviewed	855626_reviewed	1
851394_reviewed	851013_reviewed	1
850445_reviewed	852025_reviewed	0
855665_reviewed	855506_reviewed	1
854688_reviewed	850785_reviewed	1
851847_reviewed	854423_reviewed	1
852575_reviewed	856607_reviewed	1
852697_reviewed	856752_reviewed	1
853743_reviewed	853209_reviewed	1
852697_reviewed	856319_reviewed	1
851632_reviewed	852439_reviewed	1
852214_reviewed	855144_reviewed	0
850654_reviewed	855880_reviewed	0
850647_reviewed	851755_reviewed	1
855836_reviewed	851052_reviewed	1
852724_reviewed	850888_reviewed	1
853352_reviewed	850803_reviewed	1
855646_reviewed	855170_reviewed	1
851680_reviewed	855819_reviewed	1
856751_reviewed	855332_reviewed	1
855541_reviewed	856029_reviewed	0
850298_reviewed	853369_reviewed	0
850930_reviewed	855834_reviewed	1
850763_reviewed	856291_reviewed	0
852852_reviewed	851052_reviewed	1
855505_reviewed	853264_reviewed	1
850760_reviewed	852001_reviewed	0
850977_reviewed	855055_reviewed	0
851394_reviewed	856644_reviewed	1
856924_reviewed	855386_reviewed	1
852697_reviewed	853865_reviewed	1
851394_reviewed	850733_reviewed	1
852145_reviewed	852787_reviewed	1
851648_reviewed	853353_reviewed	1
852222_reviewed	853327_reviewed	0
850607_reviewed	851782_reviewed	0
855013_reviewed	853817_reviewed	1
850445_reviewed	855460_reviewed	0
851024_reviewed	855077_reviewed	1
852933_reviewed	854818_reviewed	1
854235_reviewed	855512_reviewed	1
854078_reviewed	855335_reviewed	1
852021_reviewed	850549_reviewed	1
852549_reviewed	855890_reviewed	0
850435_reviewed	854487_reviewed	0
851371_reviewed	855356_reviewed	1
856012_reviewed	854381_reviewed	1
852765_reviewed	852258_reviewed	1
854937_reviewed	852457_reviewed	1
855243_reviewed	855705_reviewed	1
850683_reviewed	854271_reviewed	0
852757_reviewed	855116_reviewed	0
852228_reviewed	856696_reviewed	0
850358_reviewed	856507_reviewed	1
855104_reviewed	856846_reviewed	0
856668_reviewed	852980_reviewed	1
854086_reviewed	852399_reviewed	1
851740_reviewed	856677_reviewed	0
850577_reviewed	850601_reviewed	1
855524_reviewed	852269_reviewed	1
850551_reviewed	854078_reviewed	1
853447_reviewed	854697_reviewed	0
851988_reviewed	853895_reviewed	0
855466_reviewed	850298_reviewed	1
851265_reviewed	855468_reviewed	0
850647_reviewed	852748_reviewed	1
853585_reviewed	855224_reviewed	1
853433_reviewed	856409_reviewed	0
851676_reviewed	852714_reviewed	0
852042_reviewed	856404_reviewed	0
852995_reviewed	851530_reviewed	1
850585_reviewed	854555_reviewed	1
850399_reviewed	851549_reviewed	0
851834_reviewed	853712_reviewed	0
853438_reviewed	854664_reviewed	1
855068_reviewed	854381_reviewed	1
852434_reviewed	854161_reviewed	0
856724_reviewed	854119_reviewed	1
851482_reviewed	856148_reviewed	0
852451_reviewed	856293_reviewed	0
853167_reviewed	850506_reviewed	1
852235_reviewed	854583_reviewed	1
851250_reviewed	855597_reviewed	1
850605_reviewed	852697_reviewed	0
851678_reviewed	855021_reviewed	0
853840_reviewed	856219_reviewed	0
855489_reviewed	856076_reviewed	0
851204_reviewed	851204_reviewed	1
852767_reviewed	856267_reviewed	0
852569_reviewed	856909_reviewed	0
855099_reviewed	851561_reviewed	1
853304_reviewed	854734_reviewed	0
851394_reviewed	850504_reviewed	1
851568_reviewed	856731_reviewed	0
853005_reviewed	856677_reviewed	0
850435_reviewed	855068_reviewed	0
851874_reviewed	855158_reviewed	1
852575_reviewed	855836_reviewed	0
851394_reviewed	850317_reviewed	1
851678_reviewed	856012_reviewed	1
851431_reviewed	854995_reviewed	1
851636_reviewed	854450_reviewed	0
850741_reviewed	851756_reviewed	0
850552_reviewed	851320_reviewed	0
851207_reviewed	852394_reviewed	0
851394_reviewed	853688_reviewed	1
855785_reviewed	850543_reviewed	1
851394_reviewed	851507_reviewed	1
851259_reviewed	852678_reviewed	0
854485_reviewed	856572_reviewed	0
854869_reviewed	856129_reviewed	1
854083_reviewed	854303_reviewed	0
851708_reviewed	853010_reviewed	1
854543_reviewed	855466_reviewed	0
852762_reviewed	856667_reviewed	0
851083_reviewed	855224_reviewed	0
851225_reviewed	855844_reviewed	0
853733_reviewed	852926_reviewed	1
856076_reviewed	856515_reviewed	1
852470_reviewed	854229_reviewed	0
851115_reviewed	852947_reviewed	0
851064_reviewed	852926_reviewed	1
856847_reviewed	850879_reviewed	1
855836_reviewed	851676_reviewed	1
852995_reviewed	853369_reviewed	0
850872_reviewed	853458_reviewed	0
855319_reviewed	852037_reviewed	1
851557_reviewed	856098_reviewed	0
856920_reviewed	851457_reviewed	1
851259_reviewed	851607_reviewed	0
851882_reviewed	851099_reviewed	1
850523_reviewed	853192_reviewed	0
853393_reviewed	853287_reviewed	1
852681_reviewed	854656_reviewed	0
851394_reviewed	855957_reviewed	1
852730_reviewed	854317_reviewed	0
851475_reviewed	851988_reviewed	1
850298_reviewed	856063_reviewed	0
851636_reviewed	855512_reviewed	0
855203_reviewed	855942_reviewed	0
850940_reviewed	856819_reviewed	0
851201_reviewed	851059_reviewed	1
855496_reviewed	852457_reviewed	1
851708_reviewed	853814_reviewed	1
851174_reviewed	852053_reviewed	0
853114_reviewed	852451_reviewed	1
852222_reviewed	850553_reviewed	1
853900_reviewed	851733_reviewed	1
851889_reviewed	855155_reviewed	0
851841_reviewed	855263_reviewed	0
851624_reviewed	855104_reviewed	1
856057_reviewed	853538_reviewed	1
851286_reviewed	852649_reviewed	0
852088_reviewed	853365_reviewed	1
850620_reviewed	851389_reviewed	0
851259_reviewed	852403_reviewed	1
855730_reviewed	856864_reviewed	0
853750_reviewed	856862_reviewed	0
851782_reviewed	854059_reviewed	0
853051_reviewed	854543_reviewed	0
854977_reviewed	855184_reviewed	1
854072_reviewed	856162_reviewed	1
854229_reviewed	856870_reviewed	0
854138_reviewed	851874_reviewed	1
851399_reviewed	853466_reviewed	0
851475_reviewed	854230_reviewed	0
852681_reviewed	852755_reviewed	0
853385_reviewed	853808_reviewed	1
854544_reviewed	855362_reviewed	1
852862_reviewed	856716_reviewed	1
855524_reviewed	856529_reviewed	1
850422_reviewed	853029_reviewed	1
850505_reviewed	856140_reviewed	0
856891_reviewed	852497_reviewed	1
852385_reviewed	856052_reviewed	0
854886_reviewed	851424_reviewed	1
852173_reviewed	855836_reviewed	0
852439_reviewed	855730_reviewed	1
853192_reviewed	856743_reviewed	0
854387_reviewed	850518_reviewed	1
852039_reviewed	854773_reviewed	0
854979_reviewed	850904_reviewed	1
850647_reviewed	856748_reviewed	1
852194_reviewed	855253_reviewed	0
851784_reviewed	854509_reviewed	1
851335_reviewed	851824_reviewed	1
851991_reviewed	854019_reviewed	0
853133_reviewed	853649_reviewed	0
850647_reviewed	856402_reviewed	1
851248_reviewed	851420_reviewed	0
855584_reviewed	850504_reviewed	1
855974_reviewed	856130_reviewed	0
853956_reviewed	851678_reviewed	1
852472_reviewed	855965_reviewed	1
852762_reviewed	853439_reviewed	1
853539_reviewed	855221_reviewed	0
853589_reviewed	854201_reviewed	1
855101_reviewed	856105_reviewed	1
855155_reviewed	855532_reviewed	1
852860_reviewed	856743_reviewed	1
853350_reviewed	853712_reviewed	0
855983_reviewed	850941_reviewed	1
851532_reviewed	855630_reviewed	0
856351_reviewed	854373_reviewed	1
850296_reviewed	856148_reviewed	0
851752_reviewed	850450_reviewed	1
851394_reviewed	854256_reviewed	1
852881_reviewed	852987_reviewed	0
852947_reviewed	854912_reviewed	1
852755_reviewed	856099_reviewed	0
855428_reviewed	856575_reviewed	0
850612_reviewed	855489_reviewed	0
852549_reviewed	855890_reviewed	0
851691_reviewed	855769_reviewed	0
851827_reviewed	855899_reviewed	0
853567_reviewed	854734_reviewed	0
850549_reviewed	851319_reviewed	0
856119_reviewed	856119_reviewed	1
852025_reviewed	855471_reviewed	0
852357_reviewed	852713_reviewed	0
856510_reviewed	852675_reviewed	1
852501_reviewed	855360_reviewed	0
854229_reviewed	855386_reviewed	0
850713_reviewed	856349_reviewed	0
851893_reviewed	855473_reviewed	0
853186_reviewed	854240_reviewed	0
853114_reviewed	854791_reviewed	1
851325_reviewed	856605_reviewed	0
850422_reviewed	855649_reviewed	1
852501_reviewed	856711_reviewed	0
853539_reviewed	856507_reviewed	1
852880_reviewed	852037_reviewed	1
855570_reviewed	856754_reviewed	0
850905_reviewed	853499_reviewed	1
855301_reviewed	852353_reviewed	1
850695_reviewed	853774_reviewed	0
851814_reviewed	851895_reviewed	1
853136_reviewed	853912_reviewed	0
856843_reviewed	855897_reviewed	1
851988_reviewed	853666_reviewed	1
855730_reviewed	856255_reviewed	0
851099_reviewed	853244_reviewed	0
850505_reviewed	856306_reviewed	1
855097_reviewed	854791_reviewed	1
855683_reviewed	855412_reviewed	1
853868_reviewed	856303_reviewed	1
854450_reviewed	855741_reviewed	0
851394_reviewed	855061_reviewed	1
852780_reviewed	852732_reviewed	1
855592_reviewed	855705_reviewed	1
852312_reviewed	855406_reviewed	0
851171_reviewed	852883_reviewed	0
850820_reviewed	856119_reviewed	0
851394_reviewed	854892_reviewed	1
852659_reviewed	852351_reviewed	1
856455_reviewed	852492_reviewed	1
852001_reviewed	854956_reviewed	0
853857_reviewed	855448_reviewed	0
854198_reviewed	856484_reviewed	0
853161_reviewed	852582_reviewed	1
850888_reviewed	851929_reviewed	0
852053_reviewed	855426_reviewed	0
855836_reviewed	853128_reviewed	1
850347_reviewed	856030_reviewed	0
854922_reviewed	856862_reviewed	0
855143_reviewed	856799_reviewed	0
850695_reviewed	851636_reviewed	0
851137_reviewed	853587_reviewed	0
855158_reviewed	855789_reviewed	0
851394_reviewed	852900_reviewed	1
850298_reviewed	855774_reviewed	0
854322_reviewed	851814_reviewed	1
855652_reviewed	851873_reviewed	1
852177_reviewed	852921_reviewed	0
852457_reviewed	853252_reviewed	1
850716_reviewed	856305_reviewed	0
851051_reviewed	852499_reviewed	0
851358_reviewed	856294_reviewed	1
851136_reviewed	854791_reviewed	1
854926_reviewed	852497_reviewed	1
850346_reviewed	855836_reviewed	0
855669_reviewed	852088_reviewed	1
852697_reviewed	856431_reviewed	1
856674_reviewed	850620_reviewed	1
853373_reviewed	856254_reviewed	1
852512_reviewed	856751_reviewed	0
853478_reviewed	856768_reviewed	1
852090_reviewed	855041_reviewed	0
852549_reviewed	853062_reviewed	0
856042_reviewed	856884_reviewed	0
850577_reviewed	854072_reviewed	0
855159_reviewed	850705_reviewed	1
851115_reviewed	853011_reviewed	0
855066_reviewed	855978_reviewed	1
854307_reviewed	855332_reviewed	0
853327_reviewed	856183_reviewed	0
851897_reviewed	856604_reviewed	0
855621_reviewed	850980_reviewed	1
850563_reviewed	854627_reviewed	0
851678_reviewed	855512_reviewed	1
855664_reviewed	850894_reviewed	1
852755_reviewed	855499_reviewed	0
851787_reviewed	854017_reviewed	0
851394_reviewed	851160_reviewed	1
853198_reviewed	853198_reviewed	1
851477_reviewed	852372_reviewed	0
852248_reviewed	854265_reviewed	1
852811_reviewed	854536_reviewed	0
851394_reviewed	850510_reviewed	1
852549_reviewed	852487_reviewed	1
852059_reviewed	854188_reviewed	1
854552_reviewed	856306_reviewed	1
852688_reviewed	850343_reviewed	1
854359_reviewed	854897_reviewed	0
855264_reviewed	851495_reviewed	1
856724_reviewed	854889_reviewed	1
852495_reviewed	851369_reviewed	1
853397_reviewed	856485_reviewed	0
851033_reviewed	852492_reviewed	0
856490_reviewed	856591_reviewed	0
852215_reviewed	852215_reviewed	1
852039_reviewed	850889_reviewed	1
855570_reviewed	856754_reviewed	0
851576_reviewed	855332_reviewed	0
851761_reviewed	854791_reviewed	0
850806_reviewed	855035_reviewed	0
850837_reviewed	852089_reviewed	1
853503_reviewed	856007_reviewed	0
853982_reviewed	856362_reviewed	1
850551_reviewed	856463_reviewed	0
851969_reviewed	851988_reviewed	1
850692_reviewed	850436_reviewed	1
851259_reviewed	850348_reviewed	1
850695_reviewed	855543_reviewed	0
851819_reviewed	852044_reviewed	0
851802_reviewed	853191_reviewed	1
851924_reviewed	853780_reviewed	0
855387_reviewed	856511_reviewed	0
851030_reviewed	853264_reviewed	0
850440_reviewed	853834_reviewed	0
854290_reviewed	852665_reviewed	1
855836_reviewed	856870_reviewed	0
855718_reviewed	855897_reviewed	0
854999_reviewed	856119_reviewed	1
850900_reviewed	853033_reviewed	0
851928_reviewed	853128_reviewed	0
853071_reviewed	854026_reviewed	1
850696_reviewed	853373_reviewed	0
856870_reviewed	855399_reviewed	1
855524_reviewed	850783_reviewed	1
856815_reviewed	855977_reviewed	1
856449_reviewed	854229_reviewed	1
855489_reviewed	855903_reviewed	0
851259_reviewed	856589_reviewed	0
850647_reviewed	850497_reviewed	1
850438_reviewed	851219_reviewed	0
851841_reviewed	855049_reviewed	0
851723_reviewed	855485_reviewed	1
851407_reviewed	851893_reviewed	1
850647_reviewed	851724_reviewed	1
854229_reviewed	854450_reviewed	0
851699_reviewed	853641_reviewed	0
850808_reviewed	853857_reviewed	1
852089_reviewed	856695_reviewed	0
852987_reviewed	853594_reviewed	0
855602_reviewed	855243_reviewed	1
856255_reviewed	851924_reviewed	1
850695_reviewed	854276_reviewed	0
853728_reviewed	851095_reviewed	1
856848_reviewed	856751_reviewed	1
851146_reviewed	855752_reviewed	0
852499_reviewed	855948_reviewed	0
850347_reviewed	855404_reviewed	0
852003_reviewed	854284_reviewed	1
850504_reviewed	856736_reviewed	0
852740_reviewed	853955_reviewed	0
852193_reviewed	851744_reviewed	1
855116_reviewed	856453_reviewed	1
853310_reviewed	854983_reviewed	0
854102_reviewed	855737_reviewed	0
850298_reviewed	856267_reviewed	1
850520_reviewed	853748_reviewed	0
852697_reviewed	852896_reviewed	0
855116_reviewed	851032_reviewed	1
850798_reviewed	852416_reviewed	0
852885_reviewed	854480_reviewed	0
854487_reviewed	854379_reviewed	1
855005_reviewed	855758_reviewed	0
851313_reviewed	856267_reviewed	0
856926_reviewed	856926_reviewed	1
855965_reviewed	856134_reviewed	0
851152_reviewed	854948_reviewed	1
850521_reviewed	850712_reviewed	0
854284_reviewed	853675_reviewed	1
851928_reviewed	852042_reviewed	0
856603_reviewed	856095_reviewed	1
855838_reviewed	856154_reviewed	1
856351_reviewed	850682_reviewed	1
850539_reviewed	853641_reviewed	0
851091_reviewed	852096_reviewed	0
853195_reviewed	855731_reviewed	0
851424_reviewed	851624_reviewed	1
850692_reviewed	854286_reviewed	0
850763_reviewed	855899_reviewed	0
850530_reviewed	854681_reviewed	0
850872_reviewed	855311_reviewed	0
854284_reviewed	855897_reviewed	0
852443_reviewed	855585_reviewed	0
850827_reviewed	851753_reviewed	0
850297_reviewed	851916_reviewed	0
853327_reviewed	854063_reviewed	0
850807_reviewed	854926_reviewed	0
850647_reviewed	851508_reviewed	1
855143_reviewed	853587_reviewed	1
852499_reviewed	853359_reviewed	1
851032_reviewed	851266_reviewed	0
851143_reviewed	854543_reviewed	0
854353_reviewed	852977_reviewed	1
851259_reviewed	852697_reviewed	0
852681_reviewed	851733_reviewed	1
853806_reviewed	856216_reviewed	0
853191_reviewed	856709_reviewed	0
853743_reviewed	850709_reviewed	1
851513_reviewed	856320_reviewed	0
851259_reviewed	852678_reviewed	0
850594_reviewed	855356_reviewed	1
854949_reviewed	856716_reviewed	0
852059_reviewed	856481_reviewed	0
854273_reviewed	855237_reviewed	1
850539_reviewed	853698_reviewed	1
851394_reviewed	851607_reviewed	1
850652_reviewed	852802_reviewed	0
853638_reviewed	854764_reviewed	0
850297_reviewed	852222_reviewed	0
854731_reviewed	855884_reviewed	0
850768_reviewed	852822_reviewed	0
855163_reviewed	856604_reviewed	0
852611_reviewed	850792_reviewed	1
852007_reviewed	855408_reviewed	0
854780_reviewed	851665_reviewed	1
851394_reviewed	855562_reviewed	1
851645_reviewed	856091_reviewed	1
850793_reviewed	854345_reviewed	0
850370_reviewed	856922_reviewed	0
850962_reviewed	855838_reviewed	0
852202_reviewed	852834_reviewed	0
852624_reviewed	855276_reviewed	0
855836_reviewed	852296_reviewed	1
853636_reviewed	850888_reviewed	1
852277_reviewed	856891_reviewed	0
856154_reviewed	852833_reviewed	1
852305_reviewed	852888_reviewed	1
851197_reviewed	854085_reviewed	1
856862_reviewed	851716_reviewed	1
855012_reviewed	851112_reviewed	1
851985_reviewed	851985_reviewed	1
852995_reviewed	855890_reviewed	1
851085_reviewed	853856_reviewed	1
852453_reviewed	856743_reviewed	0
852995_reviewed	850682_reviewed	1
852276_reviewed	856409_reviewed	1
851503_reviewed	855743_reviewed	1
850647_reviewed	856752_reviewed	1
855514_reviewed	851162_reviewed	1
851471_reviewed	851005_reviewed	1
852311_reviewed	855422_reviewed	0
850951_reviewed	853154_reviewed	0
850347_reviewed	855281_reviewed	0
854740_reviewed	854701_reviewed	1
852373_reviewed	853191_reviewed	0
852016_reviewed	851833_reviewed	1
851447_reviewed	855126_reviewed	0
851394_reviewed	856119_reviewed	1
851373_reviewed	855221_reviewed	0
853377_reviewed	855970_reviewed	0
852291_reviewed	852291_reviewed	1
852697_reviewed	851647_reviewed	1
851797_reviewed	855149_reviewed	0
852084_reviewed	855144_reviewed	0
852758_reviewed	854130_reviewed	0
852079_reviewed	852670_reviewed	0
851071_reviewed	850720_reviewed	1
852881_reviewed	856014_reviewed	0
855263_reviewed	850744_reviewed	1
851394_reviewed	851208_reviewed	1
856575_reviewed	851678_reviewed	1
852324_reviewed	852862_reviewed	0
851125_reviewed	855118_reviewed	1
850507_reviewed	851694_reviewed	0
850499_reviewed	850695_reviewed	0
851394_reviewed	851374_reviewed	1
851897_reviewed	853192_reviewed	1
855466_reviewed	850963_reviewed	1
851071_reviewed	856732_reviewed	0
855555_reviewed	855555_reviewed	1
853886_reviewed	854790_reviewed	0
852697_reviewed	853712_reviewed	0
854123_reviewed	856831_reviewed	0
850298_reviewed	855789_reviewed	0
851688_reviewed	851520_reviewed	1
853450_reviewed	854928_reviewed	1
853670_reviewed	854328_reviewed	0
850647_reviewed	852973_reviewed	1
851394_reviewed	854488_reviewed	1
850982_reviewed	856449_reviewed	0
850587_reviewed	855080_reviewed	0
851265_reviewed	853851_reviewed	1
854106_reviewed	854345_reviewed	1
852088_reviewed	856612_reviewed	1
851549_reviewed	852018_reviewed	1
853029_reviewed	855158_reviewed	0
856604_reviewed	850688_reviewed	1
853806_reviewed	855656_reviewed	0
852947_reviewed	855620_reviewed	0
853304_reviewed	856758_reviewed	0
851032_reviewed	854322_reviewed	0
854999_reviewed	856481_reviewed	0
854379_reviewed	855836_reviewed	0
851962_reviewed	850504_reviewed	1
851259_reviewed	852042_reviewed	1
855568_reviewed	851857_reviewed	1
851061_reviewed	855897_reviewed	0
851030_reviewed	856099_reviewed	0
854156_reviewed	855273_reviewed	1
851279_reviewed	851279_reviewed	1
852788_reviewed	852788_reviewed	1
851745_reviewed	850744_reviewed	1
851394_reviewed	856886_reviewed	1
850951_reviewed	853488_reviewed	0
856136_reviewed	851450_reviewed	1
850837_reviewed	852560_reviewed	1
851399_reviewed	853333_reviewed	1
853523_reviewed	854834_reviewed	1
852762_reviewed	854664_reviewed	1
855568_reviewed	851126_reviewed	1
856076_reviewed	853361_reviewed	1
851771_reviewed	856364_reviewed	0
855473_reviewed	855473_reviewed	1
851394_reviewed	851620_reviewed	1
850684_reviewed	856576_reviewed	1
850623_reviewed	851723_reviewed	0
851812_reviewed	853896_reviewed	0
855987_reviewed	851263_reviewed	1
851394_reviewed	853065_reviewed	1
855253_reviewed	856711_reviewed	0
853168_reviewed	855362_reviewed	1
850799_reviewed	850799_reviewed	1
851259_reviewed	852701_reviewed	0
852779_reviewed	853922_reviewed	0
850768_reviewed	850803_reviewed	1
851259_reviewed	854449_reviewed	0
850956_reviewed	854034_reviewed	0
853455_reviewed	855180_reviewed	1
855469_reviewed	852419_reviewed	1
853985_reviewed	856743_reviewed	1
852276_reviewed	853185_reviewed	1
851406_reviewed	854697_reviewed	1
855561_reviewed	850585_reviewed	1
856078_reviewed	856925_reviewed	0
851824_reviewed	855429_reviewed	1
852697_reviewed	853071_reviewed	0
851549_reviewed	853880_reviewed	0
856449_reviewed	853712_reviewed	1
852424_reviewed	856148_reviewed	1
853860_reviewed	855730_reviewed	1
853751_reviewed	854540_reviewed	1
852665_reviewed	852765_reviewed	0
854993_reviewed	851754_reviewed	1
855515_reviewed	856254_reviewed	0
850409_reviewed	855116_reviewed	0
850744_reviewed	856275_reviewed	0
851071_reviewed	854937_reviewed	0
854937_reviewed	856106_reviewed	1
855481_reviewed	856749_reviewed	0
850598_reviewed	852814_reviewed	0
852003_reviewed	854436_reviewed	0
852088_reviewed	855613_reviewed	0
852385_reviewed	855505_reviewed	0
853160_reviewed	855789_reviewed	1
851250_reviewed	855496_reviewed	0
850763_reviewed	853860_reviewed	1
851745_reviewed	855737_reviewed	0
855506_reviewed	851771_reviewed	1
852402_reviewed	850963_reviewed	1
850445_reviewed	853264_reviewed	0
853886_reviewed	855705_reviewed	1
856012_reviewed	850549_reviewed	1
852697_reviewed	853545_reviewed	1
853956_reviewed	856723_reviewed	1
853985_reviewed	856455_reviewed	1
853892_reviewed	855489_reviewed	0
856076_reviewed	850887_reviewed	1
856134_reviewed	856604_reviewed	0
851394_reviewed	855173_reviewed	1
852754_reviewed	855428_reviewed	0
853773_reviewed	853576_reviewed	1
851636_reviewed	855218_reviewed	0
854116_reviewed	855417_reviewed	0
853416_reviewed	853636_reviewed	0
852697_reviewed	856870_reviewed	0
851676_reviewed	854079_reviewed	0
853937_reviewed	856012_reviewed	1
850440_reviewed	855512_reviewed	0
856409_reviewed	854206_reviewed	1
852676_reviewed	853017_reviewed	0
856850_reviewed	854931_reviewed	1
851024_reviewed	852950_reviewed	1
852796_reviewed	855393_reviewed	0
850539_reviewed	854382_reviewed	0
850649_reviewed	852439_reviewed	0
850504_reviewed	855948_reviewed	0
852407_reviewed	852675_reviewed	0
855611_reviewed	855535_reviewed	1
855554_reviewed	856723_reviewed	0
855897_reviewed	856208_reviewed	0
851100_reviewed	853089_reviewed	0
852982_reviewed	854116_reviewed	0
853313_reviewed	853363_reviewed	0
851222_reviewed	852025_reviewed	0
851545_reviewed	856680_reviewed	1
851394_reviewed	856587_reviewed	1
854703_reviewed	853643_reviewed	1
855449_reviewed	855449_reviewed	1
852499_reviewed	856724_reviewed	0
850554_reviewed	855943_reviewed	1
852740_reviewed	855463_reviewed	1
856218_reviewed	854882_reviewed	1
851222_reviewed	853681_reviewed	0
851778_reviewed	853053_reviewed	0
854168_reviewed	856305_reviewed	0
853767_reviewed	854331_reviewed	0
853128_reviewed	854138_reviewed	0
852019_reviewed	852403_reviewed	0
852697_reviewed	855929_reviewed	0
851458_reviewed	850973_reviewed	1
850607_reviewed	851025_reviewed	1
851407_reviewed	852995_reviewed	0
852497_reviewed	855499_reviewed	0
850601_reviewed	856153_reviewed	1
850806_reviewed	853840_reviewed	0
851988_reviewed	853071_reviewed	1
850869_reviewed	855489_reviewed	0
854243_reviewed	856203_reviewed	0
855097_reviewed	856275_reviewed	0
853690_reviewed	854989_reviewed	0
850298_reviewed	855158_reviewed	1
851394_reviewed	852860_reviewed	1
851259_reviewed	855547_reviewed	1
852763_reviewed	856891_reviewed	0
851969_reviewed	855158_reviewed	0
850658_reviewed	852322_reviewed	0
851755_reviewed	855086_reviewed	0
856607_reviewed	853106_reviewed	1
856607_reviewed	856731_reviewed	1
851720_reviewed	853463_reviewed	0
853870_reviewed	855339_reviewed	0
851051_reviewed	852499_reviewed	0
854071_reviewed	854072_reviewed	0
850435_reviewed	855649_reviewed	0
852670_reviewed	853346_reviewed	0
853780_reviewed	856063_reviewed	1
851389_reviewed	852305_reviewed	0
855925_reviewed	851471_reviewed	1
850440_reviewed	851636_reviewed	1
851756_reviewed	854017_reviewed	1
852044_reviewed	851931_reviewed	1
856403_reviewed	854300_reviewed	1
851259_reviewed	854068_reviewed	0
855535_reviewed	854487_reviewed	1
855821_reviewed	856604_reviewed	0
853796_reviewed	852778_reviewed	1
854974_reviewed	855724_reviewed	0
851259_reviewed	850919_reviewed	1
852540_reviewed	853009_reviewed	0
855356_reviewed	850649_reviewed	1
852780_reviewed	850973_reviewed	1
852728_reviewed	850504_reviewed	1
854372_reviewed	855897_reviewed	0
851212_reviewed	853005_reviewed	0
854168_reviewed	852434_reviewed	1
853748_reviewed	854776_reviewed	1
850945_reviewed	854284_reviewed	0
851379_reviewed	852512_reviewed	0
855102_reviewed	853531_reviewed	1
854622_reviewed	854583_reviewed	1
850505_reviewed	855463_reviewed	0
850647_reviewed	851160_reviewed	1
855897_reviewed	856591_reviewed	1
855539_reviewed	856891_reviewed	0
850744_reviewed	856201_reviewed	0
852322_reviewed	852728_reviewed	0
855664_reviewed	853860_reviewed	1
852821_reviewed	856180_reviewed	0
853880_reviewed	850585_reviewed	1
852814_reviewed	853167_reviewed	1
851771_reviewed	851394_reviewed	1
851647_reviewed	856836_reviewed	0
851661_reviewed	855888_reviewed	0
854881_reviewed	851162_reviewed	1
851310_reviewed	854032_reviewed	1
855908_reviewed	856429_reviewed	1
854183_reviewed	856507_reviewed	0
850919_reviewed	856463_reviewed	0
856519_reviewed	851193_reviewed	1
850820_reviewed	855730_reviewed	0
852540_reviewed	855675_reviewed	0
853133_reviewed	851565_reviewed	1
855137_reviewed	856270_reviewed	0
853445_reviewed	855068_reviewed	0
856490_reviewed	850504_reviewed	1
850554_reviewed	854433_reviewed	1
850983_reviewed	852673_reviewed	0
852989_reviewed	853109_reviewed	0
853450_reviewed	851988_reviewed	1
850767_reviewed	856354_reviewed	0
852762_reviewed	853041_reviewed	0
850549_reviewed	851548_reviewed	0
853877_reviewed	854875_reviewed	0
851485_reviewed	854480_reviewed	0
852549_reviewed	852972_reviewed	1
852947_reviewed	854976_reviewed	0
850297_reviewed	850520_reviewed	0
853985_reviewed	855485_reviewed	1
853244_reviewed	852352_reviewed	1
853060_reviewed	855499_reviewed	1
852697_reviewed	852746_reviewed	0
855514_reviewed	853128_reviewed	1
851548_reviewed	856719_reviewed	0
850401_reviewed	851389_reviewed	0
850500_reviewed	850620_reviewed	1
851554_reviewed	851757_reviewed	1
856294_reviewed	855316_reviewed	1
851723_reviewed	854926_reviewed	1
851394_reviewed	853670_reviewed	1
855532_reviewed	851092_reviewed	1
851394_reviewed	855025_reviewed	1
855466_reviewed	850893_reviewed	1
851475_reviewed	856201_reviewed	0
851495_reviewed	854818_reviewed	0
854381_reviewed	855228_reviewed	0
851939_reviewed	855118_reviewed	0
854381_reviewed	856488_reviewed	1
850598_reviewed	851576_reviewed	0
850872_reviewed	851548_reviewed	1
854191_reviewed	852794_reviewed	1
851740_reviewed	854543_reviewed	0
850744_reviewed	853167_reviewed	1
850647_reviewed	855611_reviewed	1
853293_reviewed	855158_reviewed	0
854901_reviewed	855730_reviewed	0
851324_reviewed	851086_reviewed	1
856613_reviewed	851363_reviewed	1
850399_reviewed	854694_reviewed	1
850741_reviewed	854309_reviewed	1
851671_reviewed	854527_reviewed	1
853890_reviewed	853423_reviewed	1
852732_reviewed	854979_reviewed	0
852660_reviewed	851250_reviewed	1
851259_reviewed	853669_reviewed	1
856882_reviewed	852451_reviewed	1
850709_reviewed	855890_reviewed	1
851212_reviewed	851389_reviewed	1
853034_reviewed	854646_reviewed	0
851660_reviewed	854229_reviewed	1
853353_reviewed	853854_reviewed	0
851645_reviewed	854966_reviewed	0
852549_reviewed	853062_reviewed	0
852611_reviewed	856571_reviewed	1
850647_reviewed	854165_reviewed	1
853877_reviewed	855974_reviewed	0
856738_reviewed	852348_reviewed	1
855664_reviewed	850549_reviewed	1
852184_reviewed	855586_reviewed	0
855144_reviewed	851879_reviewed	1
854477_reviewed	854666_reviewed	0
854085_reviewed	853153_reviewed	1
855267_reviewed	851115_reviewed	1
851212_reviewed	855984_reviewed	0
851318_reviewed	854960_reviewed	0
850807_reviewed	855276_reviewed	0
853650_reviewed	854933_reviewed	0
851201_reviewed	855319_reviewed	0
850694_reviewed	854622_reviewed	0
851359_reviewed	855979_reviewed	1
852069_reviewed	853434_reviewed	0
852457_reviewed	853283_reviewed	1
852553_reviewed	854983_reviewed	0
851495_reviewed	856223_reviewed	0
850554_reviewed	851068_reviewed	1
850966_reviewed	856876_reviewed	1
853275_reviewed	855952_reviewed	0
851548_reviewed	855335_reviewed	0
856731_reviewed	854735_reviewed	1
851342_reviewed	851168_reviewed	1
855687_reviewed	856220_reviewed	0
853500_reviewed	855621_reviewed	1
851906_reviewed	856559_reviewed	0
855725_reviewed	856846_reviewed	0
850654_reviewed	853609_reviewed	1
854212_reviewed	855422_reviewed	0
851048_reviewed	854265_reviewed	1
855449_reviewed	856861_reviewed	0
856854_reviewed	855364_reviewed	1
856476_reviewed	851752_reviewed	1
851632_reviewed	855417_reviewed	0
852714_reviewed	856382_reviewed	1
853997_reviewed	855386_reviewed	0
850713_reviewed	852326_reviewed	0
852169_reviewed	855180_reviewed	1
854345_reviewed	852492_reviewed	1
856575_reviewed	856126_reviewed	1
851424_reviewed	852834_reviewed	0
855356_reviewed	855628_reviewed	0
853090_reviewed	854102_reviewed	1
852673_reviewed	855005_reviewed	0
851120_reviewed	854995_reviewed	0
850298_reviewed	855789_reviewed	0
852497_reviewed	856831_reviewed	0
850647_reviewed	855778_reviewed	1
850347_reviewed	855499_reviewed	0
854937_reviewed	855460_reviewed	1
856384_reviewed	851755_reviewed	1
850367_reviewed	856862_reviewed	1
851207_reviewed	853668_reviewed	1
853752_reviewed	856237_reviewed	1
851781_reviewed	855073_reviewed	1
855251_reviewed	855836_reviewed	0
850799_reviewed	855836_reviewed	0
853109_reviewed	853966_reviewed	0
853071_reviewed	855972_reviewed	0
850347_reviewed	856016_reviewed	0
850520_reviewed	855616_reviewed	1
853199_reviewed	854836_reviewed	0
850611_reviewed	853456_reviewed	1
855836_reviewed	850685_reviewed	1
853036_reviewed	856319_reviewed	0
856065_reviewed	853356_reviewed	1
854780_reviewed	856449_reviewed	1
853808_reviewed	856842_reviewed	1
851884_reviewed	852059_reviewed	0
850585_reviewed	850447_reviewed	1
852765_reviewed	856490_reviewed	0
851394_reviewed	854372_reviewed	1
852802_reviewed	850298_reviewed	1
855620_reviewed	854834_reviewed	1
852575_reviewed	855836_reviewed	0
852697_reviewed	851936_reviewed	1
856863_reviewed	855789_reviewed	1
855805_reviewed	855806_reviewed	1
851660_reviewed	856815_reviewed	0
855466_reviewed	853609_reviewed	1
851813_reviewed	851991_reviewed	0
852385_reviewed	855144_reviewed	0
855730_reviewed	855730_reviewed	1
851450_reviewed	852743_reviewed	1
850656_reviewed	852512_reviewed	0
851259_reviewed	853712_reviewed	0
855157_reviewed	851762_reviewed	1
853683_reviewed	855492_reviewed	1
854881_reviewed	856012_reviewed	0
851928_reviewed	853041_reviewed	1
851562_reviewed	851762_reviewed	0
852222_reviewed	852766_reviewed	0
851532_reviewed	852536_reviewed	1
854691_reviewed	851320_reviewed	1
855977_reviewed	854317_reviewed	1
851585_reviewed	856736_reviewed	0
850760_reviewed	856751_reviewed	0
856731_reviewed	854284_reviewed	1
851210_reviewed	852675_reviewed	1
850623_reviewed	856732_reviewed	1
851447_reviewed	855929_reviewed	0
853690_reviewed	854997_reviewed	1
850652_reviewed	854162_reviewed	0
852457_reviewed	851957_reviewed	1
852469_reviewed	856675_reviewed	0
850298_reviewed	850982_reviewed	0
851394_reviewed	854841_reviewed	1
856153_reviewed	851339_reviewed	1
852876_reviewed	852876_reviewed	1
853157_reviewed	856850_reviewed	0
852457_reviewed	850909_reviewed	1
856012_reviewed	854469_reviewed	1
851481_reviewed	853034_reviewed	0
852439_reviewed	856863_reviewed	0
851798_reviewed	854876_reviewed	0
852584_reviewed	855053_reviewed	0
854153_reviewed	850654_reviewed	1
852497_reviewed	854017_reviewed	1
855787_reviewed	854673_reviewed	1
852020_reviewed	856595_reviewed	0
853892_reviewed	852273_reviewed	1
851724_reviewed	854469_reviewed	0
855836_reviewed	855908_reviewed	1
852755_reviewed	856099_reviewed	0
851781_reviewed	855044_reviewed	1
852749_reviewed	856870_reviewed	0
852697_reviewed	854249_reviewed	0
850435_reviewed	853419_reviewed	0
854843_reviewed	851847_reviewed	1
852982_reviewed	855473_reviewed	0
854372_reviewed	851431_reviewed	1
852057_reviewed	852838_reviewed	0
851680_reviewed	855230_reviewed	0
851897_reviewed	852763_reviewed	0
855335_reviewed	855649_reviewed	0
850930_reviewed	854036_reviewed	1
852575_reviewed	854435_reviewed	1
856146_reviewed	856437_reviewed	0
851646_reviewed	853922_reviewed	0
850785_reviewed	851700_reviewed	0
852697_reviewed	856076_reviewed	0
851200_reviewed	852697_reviewed	0
854948_reviewed	855223_reviewed	0
852740_reviewed	856103_reviewed	1
852794_reviewed	851142_reviewed	1
850607_reviewed	856591_reviewed	0
855466_reviewed	855613_reviewed	0
855158_reviewed	854881_reviewed	1
855758_reviewed	856481_reviewed	1
850594_reviewed	851430_reviewed	0
854956_reviewed	856490_reviewed	0
851431_reviewed	851807_reviewed	0
852697_reviewed	854539_reviewed	0
851394_reviewed	853016_reviewed	1
852673_reviewed	853681_reviewed	0
852897_reviewed	853912_reviewed	0
851483_reviewed	850787_reviewed	1
854444_reviewed	854444_reviewed	1
850713_reviewed	853552_reviewed	0
855952_reviewed	856862_reviewed	0
852697_reviewed	855428_reviewed	1
853317_reviewed	855621_reviewed	0
856126_reviewed	850551_reviewed	1
852549_reviewed	853062_reviewed	0
850513_reviewed	852322_reviewed	0
852222_reviewed	852809_reviewed	0
850607_reviewed	852885_reviewed	0
853293_reviewed	853860_reviewed	0
854162_reviewed	856063_reviewed	0
855093_reviewed	855683_reviewed	0
855104_reviewed	855492_reviewed	0
853400_reviewed	853781_reviewed	0
850900_reviewed	854601_reviewed	1
851421_reviewed	855596_reviewed	1
852640_reviewed	851996_reviewed	1
855253_reviewed	855745_reviewed	1
852953_reviewed	854649_reviewed	0
850505_reviewed	852951_reviewed	0
853065_reviewed	856147_reviewed	0
854678_reviewed	854937_reviewed	0
850422_reviewed	856012_reviewed	0
851071_reviewed	852947_reviewed	1
853106_reviewed	853899_reviewed	0
850447_reviewed	854827_reviewed	1
852821_reviewed	854740_reviewed	0
852938_reviewed	855621_reviewed	0
852980_reviewed	856263_reviewed	1
853320_reviewed	856153_reviewed	0
852453_reviewed	856743_reviewed	0
853090_reviewed	853439_reviewed	0
851982_reviewed	853298_reviewed	0
854300_reviewed	853082_reviewed	1
850529_reviewed	850529_reviewed	1
853300_reviewed	853300_reviewed	1
851259_reviewed	855386_reviewed	0
855102_reviewed	850344_reviewed	1
852809_reviewed	856183_reviewed	0
855836_reviewed	856866_reviewed	0
855458_reviewed	855683_reviewed	1
855952_reviewed	850623_reviewed	1
852188_reviewed	854883_reviewed	0
851394_reviewed	853650_reviewed	1
853438_reviewed	855967_reviewed	0
854381_reviewed	855972_reviewed	1
853244_reviewed	853504_reviewed	1
852248_reviewed	851470_reviewed	1
852670_reviewed	853890_reviewed	0
854598_reviewed	855754_reviewed	0
853186_reviewed	850720_reviewed	1
851962_reviewed	852352_reviewed	0
853128_reviewed	853509_reviewed	0
854203_reviewed	856307_reviewed	0
851450_reviewed	854345_reviewed	1
854916_reviewed	852403_reviewed	1
852276_reviewed	850396_reviewed	1
856126_reviewed	856012_reviewed	1
851259_reviewed	855897_reviewed	1
850647_reviewed	852288_reviewed	1
852414_reviewed	856188_reviewed	1
850963_reviewed	854897_reviewed	0
855170_reviewed	853556_reviewed	1
852767_reviewed	855972_reviewed	1
856134_reviewed	855964_reviewed	1
852042_reviewed	850346_reviewed	1
851895_reviewed	853060_reviewed	1
852455_reviewed	854119_reviewed	0
854336_reviewed	854336_reviewed	1
855586_reviewed	856089_reviewed	0
850435_reviewed	854487_reviewed	0
851318_reviewed	850808_reviewed	1
855547_reviewed	852995_reviewed	1
855499_reviewed	853851_reviewed	1
854495_reviewed	855600_reviewed	1
855691_reviewed	854303_reviewed	1
851404_reviewed	853264_reviewed	0
854078_reviewed	853682_reviewed	1
853197_reviewed	853458_reviewed	0
850976_reviewed	852757_reviewed	1
855730_reviewed	855972_reviewed	1
850409_reviewed	852728_reviewed	0
855335_reviewed	856603_reviewed	0
851394_reviewed	853552_reviewed	1
855097_reviewed	856134_reviewed	1
855276_reviewed	855017_reviewed	1
856267_reviewed	856489_reviewed	0
851723_reviewed	851756_reviewed	1
854284_reviewed	855144_reviewed	1
851897_reviewed	850419_reviewed	1
850647_reviewed	853470_reviewed	1
850647_reviewed	855776_reviewed	1
854327_reviewed	851024_reviewed	1
854977_reviewed	850705_reviewed	1
855253_reviewed	856870_reviewed	0
853071_reviewed	853229_reviewed	0
851745_reviewed	854017_reviewed	1
851259_reviewed	851447_reviewed	0
855664_reviewed	851660_reviewed	1
853356_reviewed	856749_reviewed	1
856140_reviewed	856837_reviewed	0
851761_reviewed	856723_reviewed	0
853185_reviewed	854758_reviewed	0
852060_reviewed	855118_reviewed	1
853871_reviewed	856823_reviewed	0
851394_reviewed	851125_reviewed	1
856607_reviewed	851557_reviewed	1
852697_reviewed	855820_reviewed	1
851428_reviewed	853774_reviewed	0
855103_reviewed	856475_reviewed	1
852881_reviewed	851935_reviewed	1
851255_reviewed	853010_reviewed	0
851678_reviewed	853114_reviewed	0
856731_reviewed	852873_reviewed	1
852982_reviewed	853048_reviewed	1
850826_reviewed	850879_reviewed	0
856126_reviewed	856126_reviewed	1
851624_reviewed	851928_reviewed	1
851462_reviewed	851210_reviewed	1
851738_reviewed	853285_reviewed	1
850358_reviewed	850837_reviewed	0
850445_reviewed	856604_reviewed	0
852697_reviewed	854674_reviewed	1
851665_reviewed	855357_reviewed	1
856604_reviewed	855335_reviewed	1
850983_reviewed	856918_reviewed	0
851259_reviewed	854026_reviewed	1
850966_reviewed	850728_reviewed	1
854796_reviewed	855463_reviewed	0
850647_reviewed	856007_reviewed	1
852755_reviewed	852983_reviewed	0
851259_reviewed	856862_reviewed	1
852681_reviewed	853900_reviewed	1
852403_reviewed	856279_reviewed	1
854918_reviewed	853072_reviewed	1
854527_reviewed	855828_reviewed	0
854057_reviewed	855781_reviewed	0
854887_reviewed	856888_reviewed	0
850422_reviewed	851548_reviewed	1
854273_reviewed	852372_reviewed	1
854901_reviewed	856187_reviewed	1
856819_reviewed	850963_reviewed	1
856723_reviewed	856908_reviewed	0
851969_reviewed	853160_reviewed	0
850348_reviewed	853053_reviewed	0
853909_reviewed	854203_reviewed	0
852001_reviewed	852385_reviewed	0
855130_reviewed	854076_reviewed	1
850763_reviewed	854229_reviewed	1
850430_reviewed	853060_reviewed	0
853048_reviewed	853934_reviewed	0
850923_reviewed	853462_reviewed	0
855524_reviewed	853049_reviewed	1
856648_reviewed	856648_reviewed	1
851259_reviewed	850951_reviewed	1
850643_reviewed	853919_reviewed	0
853109_reviewed	856466_reviewed	1
851284_reviewed	855073_reviewed	0
853071_reviewed	855200_reviewed	0
852852_reviewed	853922_reviewed	0
851051_reviewed	851996_reviewed	1
856449_reviewed	850549_reviewed	1
851447_reviewed	856862_reviewed	0
852060_reviewed	853369_reviewed	0
851453_reviewed	854247_reviewed	0
853167_reviewed	852421_reviewed	1
852697_reviewed	855659_reviewed	1
856240_reviewed	850405_reviewed	1
850346_reviewed	850580_reviewed	0
852688_reviewed	856897_reviewed	0
852457_reviewed	851403_reviewed	1
854656_reviewed	852385_reviewed	1
851520_reviewed	855311_reviewed	0
851259_reviewed	856076_reviewed	0
853586_reviewed	855651_reviewed	0
851008_reviewed	852987_reviewed	0
856854_reviewed	856873_reviewed	1
850504_reviewed	851029_reviewed	1
850598_reviewed	856222_reviewed	0
852984_reviewed	855783_reviewed	1
851394_reviewed	855661_reviewed	1
854985_reviewed	851549_reviewed	1
851091_reviewed	853895_reviewed	0
851125_reviewed	854381_reviewed	0
853010_reviewed	856848_reviewed	0
851115_reviewed	850504_reviewed	1
854063_reviewed	854485_reviewed	0
853455_reviewed	856716_reviewed	1
851259_reviewed	853083_reviewed	0
851099_reviewed	853271_reviewed	0
851887_reviewed	855659_reviewed	1
854999_reviewed	855828_reviewed	0
852025_reviewed	852665_reviewed	0
853100_reviewed	855485_reviewed	0
855676_reviewed	852649_reviewed	1
853313_reviewed	851076_reviewed	1
852848_reviewed	854999_reviewed	0
852001_reviewed	852265_reviewed	0
850808_reviewed	853509_reviewed	1
850647_reviewed	850963_reviewed	1
850534_reviewed	856709_reviewed	0
851897_reviewed	854869_reviewed	0
851263_reviewed	853016_reviewed	0
852090_reviewed	855041_reviewed	0
852697_reviewed	854421_reviewed	1
855364_reviewed	856862_reviewed	1
856241_reviewed	856537_reviewed	0
852654_reviewed	854670_reviewed	0
851394_reviewed	854483_reviewed	1
853422_reviewed	853857_reviewed	0
853308_reviewed	853926_reviewed	0
853670_reviewed	856731_reviewed	0
852311_reviewed	852218_reviewed	1
851143_reviewed	852371_reviewed	0
854745_reviewed	855669_reviewed	0
852771_reviewed	855282_reviewed	0
856603_reviewed	851924_reviewed	1
854697_reviewed	852326_reviewed	1
856091_reviewed	856723_reviewed	0
852219_reviewed	854261_reviewed	1
852416_reviewed	856604_reviewed	0
856422_reviewed	852372_reviewed	1
851125_reviewed	850422_reviewed	1
850830_reviewed	853137_reviewed	0
850760_reviewed	853301_reviewed	1
853416_reviewed	853636_reviewed	0
850540_reviewed	853371_reviewed	1
856886_reviewed	851431_reviewed	1
851255_reviewed	856870_reviewed	1
856920_reviewed	855426_reviewed	1
852169_reviewed	855201_reviewed	1
852834_reviewed	851408_reviewed	1
851485_reviewed	851559_reviewed	0
856924_reviewed	851440_reviewed	1
852740_reviewed	854319_reviewed	0
853029_reviewed	855118_reviewed	1
851817_reviewed	852994_reviewed	0
851738_reviewed	854170_reviewed	0
850298_reviewed	855068_reviewed	0
852184_reviewed	852726_reviewed	1
851100_reviewed	851399_reviewed	0
854372_reviewed	855836_reviewed	0
851369_reviewed	852822_reviewed	0
851745_reviewed	853098_reviewed	0
851309_reviewed	855971_reviewed	0
855470_reviewed	855911_reviewed	1
850367_reviewed	855512_reviewed	1
852470_reviewed	851212_reviewed	1
851373_reviewed	851566_reviewed	0
852033_reviewed	852719_reviewed	1
851447_reviewed	856141_reviewed	0
851259_reviewed	852987_reviewed	0
853824_reviewed	855979_reviewed	1
851071_reviewed	856058_reviewed	0
851394_reviewed	852497_reviewed	1
854388_reviewed	854926_reviewed	0
853133_reviewed	851000_reviewed	1
854085_reviewed	856159_reviewed	0
854286_reviewed	855836_reviewed	0
851513_reviewed	854669_reviewed	0
852697_reviewed	853934_reviewed	1
853178_reviewed	856626_reviewed	1
854038_reviewed	854335_reviewed	1
852779_reviewed	852569_reviewed	1
856085_reviewed	851266_reviewed	1
851063_reviewed	854627_reviewed	0
851259_reviewed	855929_reviewed	0
850440_reviewed	852697_reviewed	0
851162_reviewed	855972_reviewed	0
852984_reviewed	855280_reviewed	1
854656_reviewed	855099_reviewed	0
853222_reviewed	854842_reviewed	0
855907_reviewed	854550_reviewed	1
850504_reviewed	854668_reviewed	1
851841_reviewed	852673_reviewed	0
850632_reviewed	855968_reviewed	0
851394_reviewed	851699_reviewed	1
853174_reviewed	855737_reviewed	0
856208_reviewed	853301_reviewed	1
856490_reviewed	853364_reviewed	1
850900_reviewed	852177_reviewed	0
853434_reviewed	855724_reviewed	0
851968_reviewed	855974_reviewed	0
850598_reviewed	853857_reviewed	0
856012_reviewed	856815_reviewed	0
855507_reviewed	855507_reviewed	1
850598_reviewed	850763_reviewed	0
850709_reviewed	852896_reviewed	0
850647_reviewed	850499_reviewed	1
853453_reviewed	854697_reviewed	1
856891_reviewed	851115_reviewed	1
851576_reviewed	852100_reviewed	1
851399_reviewed	855686_reviewed	0
856891_reviewed	855974_reviewed	1
856294_reviewed	855942_reviewed	1
851592_reviewed	855448_reviewed	0
850808_reviewed	851452_reviewed	0
851678_reviewed	854544_reviewed	0
852250_reviewed	852483_reviewed	0
856255_reviewed	854152_reviewed	1
855104_reviewed	851887_reviewed	1
853682_reviewed	854487_reviewed	0
851319_reviewed	851924_reviewed	0
850992_reviewed	851596_reviewed	0
850396_reviewed	855646_reviewed	0
854016_reviewed	856700_reviewed	1
852062_reviewed	854485_reviewed	0
850647_reviewed	854380_reviewed	1
850720_reviewed	852533_reviewed	0
851197_reviewed	853090_reviewed	1
851531_reviewed	855332_reviewed	0
851920_reviewed	851920_reviewed	1
853783_reviewed	856162_reviewed	1
851394_reviewed	851130_reviewed	1
853244_reviewed	853271_reviewed	0
852757_reviewed	854286_reviewed	1
854978_reviewed	855886_reviewed	0
853895_reviewed	854999_reviewed	0
850440_reviewed	850580_reviewed	0
852529_reviewed	855706_reviewed	0
853192_reviewed	851032_reviewed	1
852697_reviewed	854927_reviewed	1
854552_reviewed	850543_reviewed	1
852880_reviewed	853456_reviewed	0
853186_reviewed	854240_reviewed	0
853554_reviewed	850358_reviewed	1
856317_reviewed	852013_reviewed	1
850607_reviewed	851716_reviewed	0
850658_reviewed	851201_reviewed	0
852996_reviewed	852582_reviewed	1
856514_reviewed	854650_reviewed	1
856675_reviewed	851832_reviewed	1
851495_reviewed	854976_reviewed	1
854290_reviewed	855841_reviewed	0
852697_reviewed	855543_reviewed	0
852439_reviewed	856863_reviewed	0
853552_reviewed	851904_reviewed	1
852500_reviewed	856681_reviewed	0
851596_reviewed	851042_reviewed	1
850394_reviewed	852426_reviewed	0
850647_reviewed	855472_reviewed	1
853796_reviewed	853133_reviewed	1
850647_reviewed	853149_reviewed	1
850647_reviewed	851494_reviewed	1
852883_reviewed	854781_reviewed	0
850807_reviewed	856752_reviewed	0
852779_reviewed	856352_reviewed	1
851136_reviewed	854290_reviewed	1
856723_reviewed	850304_reviewed	1
851975_reviewed	851266_reviewed	1
851394_reviewed	853994_reviewed	1
855099_reviewed	853371_reviewed	1
855888_reviewed	852025_reviewed	1
851119_reviewed	854552_reviewed	1
852688_reviewed	855971_reviewed	0
850349_reviewed	856040_reviewed	1
851221_reviewed	854450_reviewed	0
856746_reviewed	851797_reviewed	1
855836_reviewed	852423_reviewed	1
852497_reviewed	856437_reviewed	1
854964_reviewed	856488_reviewed	0
853133_reviewed	851592_reviewed	1
852697_reviewed	851906_reviewed	1
853160_reviewed	854078_reviewed	0
850396_reviewed	855449_reviewed	0
854744_reviewed	855897_reviewed	0
852234_reviewed	852421_reviewed	0
851858_reviewed	851858_reviewed	1
856731_reviewed	850620_reviewed	1
851030_reviewed	853555_reviewed	0
856264_reviewed	856449_reviewed	0
856514_reviewed	854276_reviewed	1
852817_reviewed	853510_reviewed	0
850534_reviewed	854309_reviewed	1
850702_reviewed	856604_reviewed	0
852697_reviewed	855972_reviewed	0
854662_reviewed	851533_reviewed	1
855664_reviewed	856226_reviewed	0
855897_reviewed	852233_reviewed	1
850909_reviewed	856263_reviewed	0
852238_reviewed	853104_reviewed	0
852762_reviewed	852787_reviewed	0
851259_reviewed	852018_reviewed	0
855828_reviewed	856732_reviewed	0
856674_reviewed	856607_reviewed	1
854749_reviewed	854749_reviewed	1
851323_reviewed	851323_reviewed	1
852982_reviewed	855730_reviewed	0
852700_reviewed	856862_reviewed	0
853562_reviewed	850620_reviewed	1
851482_reviewed	851815_reviewed	0
851906_reviewed	854072_reviewed	1
854669_reviewed	853118_reviewed	1
853133_reviewed	854485_reviewed	0
853847_reviewed	854487_reviewed	0
851394_reviewed	856488_reviewed	1
854019_reviewed	855974_reviewed	0
855404_reviewed	856926_reviewed	1
856612_reviewed	855554_reviewed	1
855228_reviewed	851495_reviewed	1
851720_reviewed	851831_reviewed	1
852885_reviewed	852096_reviewed	1
852902_reviewed	855836_reviewed	0
854827_reviewed	855126_reviewed	1
853133_reviewed	851893_reviewed	1
851778_reviewed	855088_reviewed	0
854138_reviewed	853109_reviewed	1
851462_reviewed	852857_reviewed	0
851653_reviewed	853758_reviewed	0
851678_reviewed	854874_reviewed	0
851032_reviewed	853364_reviewed	0
852697_reviewed	856351_reviewed	0
852700_reviewed	856515_reviewed	1
851335_reviewed	853346_reviewed	1
855613_reviewed	856863_reviewed	1
855616_reviewed	855907_reviewed	0
856146_reviewed	856918_reviewed	0
853334_reviewed	855710_reviewed	1
850682_reviewed	851676_reviewed	0
853767_reviewed	852757_reviewed	1
852943_reviewed	850327_reviewed	1
851396_reviewed	851396_reviewed	1
851030_reviewed	854373_reviewed	1
853327_reviewed	853851_reviewed	0
851744_reviewed	851744_reviewed	1
851842_reviewed	853932_reviewed	0
852697_reviewed	855538_reviewed	0
850872_reviewed	851125_reviewed	0
851921_reviewed	855469_reviewed	1
852497_reviewed	854664_reviewed	1
850549_reviewed	850304_reviewed	1
852411_reviewed	855228_reviewed	1
852822_reviewed	854229_reviewed	0
850818_reviewed	854423_reviewed	1
852549_reviewed	854317_reviewed	1
852834_reviewed	852037_reviewed	1
852249_reviewed	850506_reviewed	1
851797_reviewed	853463_reviewed	1
855954_reviewed	852695_reviewed	1
850647_reviewed	856042_reviewed	1
855083_reviewed	853060_reviewed	1
851416_reviewed	856360_reviewed	0
853071_reviewed	856912_reviewed	1
850818_reviewed	851369_reviewed	0
851163_reviewed	852480_reviewed	0
854245_reviewed	856255_reviewed	1
852740_reviewed	851161_reviewed	1
855836_reviewed	856217_reviewed	1
854933_reviewed	855636_reviewed	0
856431_reviewed	852645_reviewed	1
854284_reviewed	854543_reviewed	0
850647_reviewed	855469_reviewed	1
852879_reviewed	855687_reviewed	1
855418_reviewed	856507_reviewed	1
851752_reviewed	851259_reviewed	1
853667_reviewed	856604_reviewed	0
855505_reviewed	851174_reviewed	1
850346_reviewed	856076_reviewed	0
851204_reviewed	850504_reviewed	1
854415_reviewed	855727_reviewed	0
852090_reviewed	851193_reviewed	1
854749_reviewed	854960_reviewed	1
856267_reviewed	852757_reviewed	1
850562_reviewed	850554_reviewed	1
856216_reviewed	856751_reviewed	1
855144_reviewed	852097_reviewed	1
851259_reviewed	850843_reviewed	1
852100_reviewed	855067_reviewed	1
850709_reviewed	852697_reviewed	0
851499_reviewed	855890_reviewed	0
856743_reviewed	852888_reviewed	1
854226_reviewed	852765_reviewed	1
856012_reviewed	853860_reviewed	1
852767_reviewed	853860_reviewed	1
856076_reviewed	856836_reviewed	0
852697_reviewed	854246_reviewed	1
854843_reviewed	854423_reviewed	1
852504_reviewed	856587_reviewed	1
854674_reviewed	855836_reviewed	0
853997_reviewed	855962_reviewed	0
852663_reviewed	853227_reviewed	0
855116_reviewed	855920_reviewed	0
852385_reviewed	852681_reviewed	0
850963_reviewed	851775_reviewed	0
852357_reviewed	852410_reviewed	0
855520_reviewed	856360_reviewed	0
855104_reviewed	850346_reviewed	1
851653_reviewed	853758_reviewed	0
850970_reviewed	853353_reviewed	1
850905_reviewed	852788_reviewed	1
855907_reviewed	854667_reviewed	1
853155_reviewed	855555_reviewed	0
856709_reviewed	856091_reviewed	1
851425_reviewed	852553_reviewed	0
855068_reviewed	856603_reviewed	0
852860_reviewed	856751_reviewed	0
854392_reviewed	855426_reviewed	1
853011_reviewed	854933_reviewed	1
853191_reviewed	855263_reviewed	0
856848_reviewed	852084_reviewed	1
854279_reviewed	853630_reviewed	1
852575_reviewed	853195_reviewed	0
852697_reviewed	855607_reviewed	0
854068_reviewed	854229_reviewed	0
850354_reviewed	853453_reviewed	0
852410_reviewed	852171_reviewed	1
856536_reviewed	856536_reviewed	1
855708_reviewed	855897_reviewed	0
855426_reviewed	856169_reviewed	0
853369_reviewed	856267_reviewed	0
855463_reviewed	856393_reviewed	0
852773_reviewed	854229_reviewed	0
854119_reviewed	850611_reviewed	1
850358_reviewed	854201_reviewed	0
853364_reviewed	856134_reviewed	1
851000_reviewed	851645_reviewed	0
855017_reviewed	855505_reviewed	1
853222_reviewed	854622_reviewed	0
854256_reviewed	854876_reviewed	1
853047_reviewed	856095_reviewed	0
854487_reviewed	855957_reviewed	1
854844_reviewed	855934_reviewed	1
852435_reviewed	855897_reviewed	0
854085_reviewed	856159_reviewed	0
856103_reviewed	856103_reviewed	1
851559_reviewed	855276_reviewed	0
854296_reviewed	854261_reviewed	1
856863_reviewed	855730_reviewed	1
856607_reviewed	850733_reviewed	1
856425_reviewed	853654_reviewed	1
851335_reviewed	852462_reviewed	0
851000_reviewed	855535_reviewed	0
852322_reviewed	854373_reviewed	1
856886_reviewed	850620_reviewed	1
852037_reviewed	854433_reviewed	1
851557_reviewed	856095_reviewed	0
852814_reviewed	851723_reviewed	1
852003_reviewed	856846_reviewed	0
853397_reviewed	855399_reviewed	0
853639_reviewed	855347_reviewed	0
851665_reviewed	851752_reviewed	1
855790_reviewed	850820_reviewed	1
851087_reviewed	852732_reviewed	0
851030_reviewed	852100_reviewed	1
853641_reviewed	856743_reviewed	0
851259_reviewed	853047_reviewed	0
850504_reviewed	851085_reviewed	0
854935_reviewed	856675_reviewed	0
855386_reviewed	856134_reviewed	1
853100_reviewed	855920_reviewed	0
856743_reviewed	854791_reviewed	1
850963_reviewed	854407_reviewed	0
855524_reviewed	855440_reviewed	1
852697_reviewed	856846_reviewed	0
853877_reviewed	850720_reviewed	1
850584_reviewed	855099_reviewed	1
850440_reviewed	856320_reviewed	0
852931_reviewed	854084_reviewed	1
850860_reviewed	856399_reviewed	0
850916_reviewed	855580_reviewed	0
851424_reviewed	851768_reviewed	0
853442_reviewed	856695_reviewed	0
855963_reviewed	852563_reviewed	1
853458_reviewed	851125_reviewed	1
850554_reviewed	852575_reviewed	1
856237_reviewed	853824_reviewed	1
852984_reviewed	851274_reviewed	1
853161_reviewed	851723_reviewed	1
853191_reviewed	855535_reviewed	0
856891_reviewed	855821_reviewed	1
853373_reviewed	852258_reviewed	1
856422_reviewed	850613_reviewed	1
851160_reviewed	852616_reviewed	0
852243_reviewed	853723_reviewed	0
855919_reviewed	852353_reviewed	1
851827_reviewed	856751_reviewed	1
853369_reviewed	856603_reviewed	0
854102_reviewed	855515_reviewed	0
854667_reviewed	851545_reviewed	1
851394_reviewed	854713_reviewed	1
851406_reviewed	851406_reviewed	1
853666_reviewed	853681_reviewed	0
851858_reviewed	851929_reviewed	0
852833_reviewed	855512_reviewed	0
852059_reviewed	851723_reviewed	1
852233_reviewed	852824_reviewed	0
854191_reviewed	854791_reviewed	0
853259_reviewed	853543_reviewed	0
854989_reviewed	856510_reviewed	0
850298_reviewed	856719_reviewed	0
853743_reviewed	855862_reviewed	1
856490_reviewed	856793_reviewed	0
852947_reviewed	855520_reviewed	0
856081_reviewed	853508_reviewed	1
850807_reviewed	852755_reviewed	0
850435_reviewed	851632_reviewed	0
853552_reviewed	854507_reviewed	0
852757_reviewed	853293_reviewed	1
856918_reviewed	855981_reviewed	1
853159_reviewed	854983_reviewed	0
852497_reviewed	852560_reviewed	0
854381_reviewed	854229_reviewed	1
851095_reviewed	851314_reviewed	0
851259_reviewed	851158_reviewed	1
853186_reviewed	854240_reviewed	0
851394_reviewed	851700_reviewed	1
851259_reviewed	855253_reviewed	0
852239_reviewed	855053_reviewed	0
852697_reviewed	855143_reviewed	0
852819_reviewed	853133_reviewed	0
851346_reviewed	851425_reviewed	1
850370_reviewed	852700_reviewed	0
855727_reviewed	855469_reviewed	1
856351_reviewed	856870_reviewed	0
850695_reviewed	852881_reviewed	0
851471_reviewed	856486_reviewed	1
855515_reviewed	854203_reviewed	1
851928_reviewed	854037_reviewed	0
856162_reviewed	854071_reviewed	1
852449_reviewed	851460_reviewed	1
852088_reviewed	855104_reviewed	0
850803_reviewed	856895_reviewed	1
850719_reviewed	850719_reviewed	1
852591_reviewed	853598_reviewed	0
852003_reviewed	856624_reviewed	0
851895_reviewed	856918_reviewed	0
856267_reviewed	853029_reviewed	1
855297_reviewed	855316_reviewed	1
852780_reviewed	854336_reviewed	0
850347_reviewed	855821_reviewed	1
851071_reviewed	855950_reviewed	0
851332_reviewed	856311_reviewed	1
856870_reviewed	852021_reviewed	1
855621_reviewed	856254_reviewed	1
852670_reviewed	855277_reviewed	0
856394_reviewed	851173_reviewed	1
850896_reviewed	853238_reviewed	0
855386_reviewed	851220_reviewed	1
854418_reviewed	853364_reviewed	1
851937_reviewed	855469_reviewed	0
854549_reviewed	856514_reviewed	0
850760_reviewed	853161_reviewed	0
850818_reviewed	855836_reviewed	0
850442_reviewed	853667_reviewed	0
856012_reviewed	852107_reviewed	1
850808_reviewed	856743_reviewed	0
850647_reviewed	856917_reviewed	1
850495_reviewed	851650_reviewed	0
850510_reviewed	850767_reviewed	0
851204_reviewed	854068_reviewed	1
856126_reviewed	851530_reviewed	1
850647_reviewed	855500_reviewed	1
850760_reviewed	854791_reviewed	1
852100_reviewed	852665_reviewed	1
852499_reviewed	856382_reviewed	1
852697_reviewed	851488_reviewed	1
854827_reviewed	854085_reviewed	1
853434_reviewed	852805_reviewed	1
851410_reviewed	855429_reviewed	1
853675_reviewed	856220_reviewed	0
851313_reviewed	855068_reviewed	0
852995_reviewed	855730_reviewed	1
854881_reviewed	855649_reviewed	1
854972_reviewed	855828_reviewed	0
851259_reviewed	854697_reviewed	0
852765_reviewed	852501_reviewed	1
852816_reviewed	854165_reviewed	0
855336_reviewed	856515_reviewed	0
856489_reviewed	851319_reviewed	1
852982_reviewed	856489_reviewed	0
854243_reviewed	855316_reviewed	0
852245_reviewed	856831_reviewed	0
851394_reviewed	853152_reviewed	1
852987_reviewed	855929_reviewed	0
856719_reviewed	856063_reviewed	1
851805_reviewed	854380_reviewed	0
851264_reviewed	855775_reviewed	0
855056_reviewed	856837_reviewed	0
854381_reviewed	856719_reviewed	1
854790_reviewed	855675_reviewed	0
851485_reviewed	852918_reviewed	0
851112_reviewed	853638_reviewed	1
851985_reviewed	856724_reviewed	0
852497_reviewed	852918_reviewed	0
852665_reviewed	854933_reviewed	1
855620_reviewed	856069_reviewed	1
853734_reviewed	854518_reviewed	1
850799_reviewed	856886_reviewed	0
851430_reviewed	854243_reviewed	0
853728_reviewed	853650_reviewed	1
854663_reviewed	854534_reviewed	1
853428_reviewed	852269_reviewed	1
851746_reviewed	853997_reviewed	0
853244_reviewed	853271_reviewed	0
850874_reviewed	850912_reviewed	0
851665_reviewed	853109_reviewed	0
856455_reviewed	854106_reviewed	1
850808_reviewed	851201_reviewed	1
855263_reviewed	851723_reviewed	1
851557_reviewed	852018_reviewed	0
851906_reviewed	856918_reviewed	1
851954_reviewed	852878_reviewed	1
850435_reviewed	853682_reviewed	0
850734_reviewed	855013_reviewed	0
856012_reviewed	851052_reviewed	1
855648_reviewed	856763_reviewed	0
856063_reviewed	856095_reviewed	1
852697_reviewed	852141_reviewed	1
855357_reviewed	856154_reviewed	1
851168_reviewed	853876_reviewed	0
853174_reviewed	854663_reviewed	1
851520_reviewed	851590_reviewed	1
853503_reviewed	856419_reviewed	0
852443_reviewed	853473_reviewed	0
851112_reviewed	856533_reviewed	0
853539_reviewed	855541_reviewed	0
851431_reviewed	856366_reviewed	0
854725_reviewed	856291_reviewed	0
856422_reviewed	854433_reviewed	1
854229_reviewed	855836_reviewed	0
856846_reviewed	851048_reviewed	1
856186_reviewed	856186_reviewed	1
850450_reviewed	853528_reviewed	1
850598_reviewed	856158_reviewed	0
853029_reviewed	851000_reviewed	1
852106_reviewed	852697_reviewed	0
850549_reviewed	854162_reviewed	0
853712_reviewed	854284_reviewed	1
852665_reviewed	853010_reviewed	0
855149_reviewed	856746_reviewed	0
851061_reviewed	851774_reviewed	1
853773_reviewed	854776_reviewed	1
853195_reviewed	853313_reviewed	0
850568_reviewed	854957_reviewed	1
851661_reviewed	856732_reviewed	1
851754_reviewed	852060_reviewed	0
852084_reviewed	853681_reviewed	1
851394_reviewed	851441_reviewed	1
851061_reviewed	856807_reviewed	0
852018_reviewed	854543_reviewed	0
853144_reviewed	856604_reviewed	0
852305_reviewed	853016_reviewed	1
855060_reviewed	855399_reviewed	0
851841_reviewed	853846_reviewed	0
852726_reviewed	854345_reviewed	1
854381_reviewed	854673_reviewed	1
855787_reviewed	853365_reviewed	1
852697_reviewed	855964_reviewed	1
856376_reviewed	852980_reviewed	1
850367_reviewed	854915_reviewed	0
852617_reviewed	855357_reviewed	0
854485_reviewed	856183_reviewed	0
850401_reviewed	854855_reviewed	0
853806_reviewed	855499_reviewed	1
851005_reviewed	856290_reviewed	0
854023_reviewed	855273_reviewed	0
852398_reviewed	854742_reviewed	1
853133_reviewed	854017_reviewed	0
856351_reviewed	856095_reviewed	1
855180_reviewed	856595_reviewed	0
851259_reviewed	855256_reviewed	1
854776_reviewed	850893_reviewed	1
855092_reviewed	855092_reviewed	1
855466_reviewed	850763_reviewed	1
850836_reviewed	852697_reviewed	0
854713_reviewed	851532_reviewed	1
850607_reviewed	853814_reviewed	0
851452_reviewed	854791_reviewed	0
854518_reviewed	853369_reviewed	1
851008_reviewed	853568_reviewed	0
850795_reviewed	856732_reviewed	0
851660_reviewed	856553_reviewed	0
851421_reviewed	853252_reviewed	1
851264_reviewed	852020_reviewed	0
850909_reviewed	854555_reviewed	0
851884_reviewed	854485_reviewed	0
853650_reviewed	852392_reviewed	1
856167_reviewed	850515_reviewed	1
855934_reviewed	851716_reviewed	1
850358_reviewed	850713_reviewed	0
850950_reviewed	850803_reviewed	1
855005_reviewed	853133_reviewed	1
853650_reviewed	850539_reviewed	1
855498_reviewed	855862_reviewed	0
850777_reviewed	851314_reviewed	0
852697_reviewed	856351_reviewed	0
853985_reviewed	856437_reviewed	1
853566_reviewed	855836_reviewed	0
851895_reviewed	854424_reviewed	1
856891_reviewed	852059_reviewed	1
852050_reviewed	856146_reviewed	0
852995_reviewed	856604_reviewed	1
855596_reviewed	854068_reviewed	1
851481_reviewed	854646_reviewed	0
852512_reviewed	855264_reviewed	0
854379_reviewed	855962_reviewed	0
854731_reviewed	851379_reviewed	1
850782_reviewed	851653_reviewed	1
854435_reviewed	854735_reviewed	1
856063_reviewed	855335_reviewed	1
852013_reviewed	853301_reviewed	1
853976_reviewed	851520_reviewed	1
854999_reviewed	856831_reviewed	0
852039_reviewed	852779_reviewed	0
855500_reviewed	852089_reviewed	1
852787_reviewed	854191_reviewed	1
852180_reviewed	854327_reviewed	0
856263_reviewed	850506_reviewed	1
854086_reviewed	851905_reviewed	1
856478_reviewed	856823_reviewed	1
852042_reviewed	854243_reviewed	0
852788_reviewed	853808_reviewed	1
852081_reviewed	855705_reviewed	0
851197_reviewed	852787_reviewed	1
853147_reviewed	851140_reviewed	1
852697_reviewed	854986_reviewed	1
855158_reviewed	851988_reviewed	1
851567_reviewed	854525_reviewed	0
851551_reviewed	851551_reviewed	1
850747_reviewed	855972_reviewed	0
853307_reviewed	854149_reviewed	0
851394_reviewed	855513_reviewed	1
852440_reviewed	855836_reviewed	0
854933_reviewed	855942_reviewed	0
853458_reviewed	856267_reviewed	1
850930_reviewed	854076_reviewed	0
852553_reviewed	854536_reviewed	0
851935_reviewed	851000_reviewed	1
850353_reviewed	855541_reviewed	0
855789_reviewed	853674_reviewed	1
850836_reviewed	855943_reviewed	0
851394_reviewed	855822_reviewed	1
854258_reviewed	854703_reviewed	0
851247_reviewed	856751_reviewed	0
850652_reviewed	855158_reviewed	0
850304_reviewed	856119_reviewed	0
852654_reviewed	855669_reviewed	1
853956_reviewed	856063_reviewed	1
851259_reviewed	850612_reviewed	1
855950_reviewed	850950_reviewed	1
855833_reviewed	855891_reviewed	1
852177_reviewed	855781_reviewed	0
851394_reviewed	854981_reviewed	1
852779_reviewed	856723_reviewed	1
855925_reviewed	854379_reviewed	1
856732_reviewed	856216_reviewed	1
853167_reviewed	854940_reviewed	0
851394_reviewed	852477_reviewed	1
851394_reviewed	852146_reviewed	0
855254_reviewed	853418_reviewed	1
852897_reviewed	856854_reviewed	1
852755_reviewed	851048_reviewed	1
850430_reviewed	850430_reviewed	1
851406_reviewed	854072_reviewed	0
852982_reviewed	850820_reviewed	1
854162_reviewed	854732_reviewed	1
850923_reviewed	854875_reviewed	0
850803_reviewed	855208_reviewed	1
850549_reviewed	854487_reviewed	1
852028_reviewed	856752_reviewed	0
854765_reviewed	851424_reviewed	1
852032_reviewed	856358_reviewed	0
854527_reviewed	852385_reviewed	1
855711_reviewed	855771_reviewed	0
851607_reviewed	852987_reviewed	0
852697_reviewed	855975_reviewed	1
853896_reviewed	855639_reviewed	0
856085_reviewed	850826_reviewed	1
856603_reviewed	853458_reviewed	1
851831_reviewed	856746_reviewed	0
854811_reviewed	855123_reviewed	0
855448_reviewed	852673_reviewed	1
851895_reviewed	856223_reviewed	0
852060_reviewed	854881_reviewed	0
855787_reviewed	855787_reviewed	1
856227_reviewed	854700_reviewed	1
851102_reviewed	855395_reviewed	0
852814_reviewed	855276_reviewed	1
851394_reviewed	854500_reviewed	1
852177_reviewed	854292_reviewed	0
852610_reviewed	853535_reviewed	0
856384_reviewed	852188_reviewed	1
852312_reviewed	856897_reviewed	0
855335_reviewed	856815_reviewed	0
850744_reviewed	854786_reviewed	0
850696_reviewed	851495_reviewed	0
851890_reviewed	852416_reviewed	0
850963_reviewed	855968_reviewed	0
854819_reviewed	855771_reviewed	0
851518_reviewed	855144_reviewed	1
854702_reviewed	856134_reviewed	0
853320_reviewed	855616_reviewed	0
851676_reviewed	855611_reviewed	0
855725_reviewed	851259_reviewed	1
856012_reviewed	855730_reviewed	1
852996_reviewed	852888_reviewed	1
852556_reviewed	853076_reviewed	1
850695_reviewed	855836_reviewed	0
853713_reviewed	852451_reviewed	1
855820_reviewed	852805_reviewed	1
853503_reviewed	855968_reviewed	0
855746_reviewed	856155_reviewed	0
851475_reviewed	856918_reviewed	0
851212_reviewed	852322_reviewed	1
852069_reviewed	853434_reviewed	0
855466_reviewed	854078_reviewed	1
851313_reviewed	850298_reviewed	1
854179_reviewed	855405_reviewed	0
854518_reviewed	856488_reviewed	0
850694_reviewed	851817_reviewed	0
851916_reviewed	853010_reviewed	0
851988_reviewed	851814_reviewed	1
852880_reviewed	856742_reviewed	1
850562_reviewed	854284_reviewed	1
852532_reviewed	853817_reviewed	0
852870_reviewed	855611_reviewed	1
850440_reviewed	852501_reviewed	0
850900_reviewed	853886_reviewed	0
852871_reviewed	856583_reviewed	1
853952_reviewed	852377_reviewed	1
850650_reviewed	855110_reviewed	0
852416_reviewed	855104_reviewed	1
852582_reviewed	851212_reviewed	1
851678_reviewed	855934_reviewed	1
853576_reviewed	856096_reviewed	0
851052_reviewed	851733_reviewed	0
850580_reviewed	853133_reviewed	1
852059_reviewed	854102_reviewed	0
851650_reviewed	854956_reviewed	0
851259_reviewed	851424_reviewed	0
852879_reviewed	853017_reviewed	1
854078_reviewed	856267_reviewed	0
853192_reviewed	853264_reviewed	1
854426_reviewed	856063_reviewed	1
853432_reviewed	854839_reviewed	0
854283_reviewed	855485_reviewed	0
854731_reviewed	852042_reviewed	1
850367_reviewed	855339_reviewed	0
856696_reviewed	855586_reviewed	1
853712_reviewed	856870_reviewed	0
856876_reviewed	856753_reviewed	1
853409_reviewed	856846_reviewed	1
850401_reviewed	856862_reviewed	0
851394_reviewed	852754_reviewed	1
851831_reviewed	855838_reviewed	0
855836_reviewed	853666_reviewed	1
852248_reviewed	852897_reviewed	1
851071_reviewed	856453_reviewed	1
856058_reviewed	856831_reviewed	0
850793_reviewed	856130_reviewed	1
854735_reviewed	854433_reviewed	1
850973_reviewed	853552_reviewed	0
853860_reviewed	855335_reviewed	1
851394_reviewed	856442_reviewed	1
854485_reviewed	855888_reviewed	1
853535_reviewed	853922_reviewed	0
853576_reviewed	853904_reviewed	0
853320_reviewed	855539_reviewed	1
851928_reviewed	852424_reviewed	1
855836_reviewed	850536_reviewed	1
851888_reviewed	851888_reviewed	1
850562_reviewed	850620_reviewed	1
855950_reviewed	856518_reviewed	0
853871_reviewed	854123_reviewed	0
850719_reviewed	851670_reviewed	0
851204_reviewed	856850_reviewed	0
850515_reviewed	851450_reviewed	1
854021_reviewed	854487_reviewed	1
851394_reviewed	853500_reviewed	1
852193_reviewed	852398_reviewed	1
851406_reviewed	852518_reviewed	0
853109_reviewed	853798_reviewed	0
855104_reviewed	855253_reviewed	0
853650_reviewed	855965_reviewed	0
855048_reviewed	855570_reviewed	1
853857_reviewed	851821_reviewed	1
853692_reviewed	855389_reviewed	0
851407_reviewed	851530_reviewed	0
853355_reviewed	855263_reviewed	0
856042_reviewed	854790_reviewed	1
851988_reviewed	851988_reviewed	1
855282_reviewed	856042_reviewed	0
850620_reviewed	852222_reviewed	1
851653_reviewed	856062_reviewed	1
856063_reviewed	854116_reviewed	1
853743_reviewed	853419_reviewed	1
851723_reviewed	852757_reviewed	0
851842_reviewed	855929_reviewed	0
853555_reviewed	850806_reviewed	1
852636_reviewed	853259_reviewed	0
856824_reviewed	852740_reviewed	1
853060_reviewed	855706_reviewed	0
851756_reviewed	851359_reviewed	1
855319_reviewed	853712_reviewed	1
851337_reviewed	852222_reviewed	1
856862_reviewed	850758_reviewed	1
853956_reviewed	856267_reviewed	0
850495_reviewed	855166_reviewed	0
856862_reviewed	853707_reviewed	1
850633_reviewed	855661_reviewed	1
851394_reviewed	852107_reviewed	1
852951_reviewed	852951_reviewed	1
851437_reviewed	854839_reviewed	0
854544_reviewed	854874_reviewed	0
855925_reviewed	850623_reviewed	1
852549_reviewed	853128_reviewed	1
856437_reviewed	852492_reviewed	1
855956_reviewed	853647_reviewed	1
853020_reviewed	850712_reviewed	1
853956_reviewed	854881_reviewed	1
854276_reviewed	855836_reviewed	0
851394_reviewed	856546_reviewed	1
852672_reviewed	855603_reviewed	0
853010_reviewed	855535_reviewed	0
854179_reviewed	851339_reviewed	1
853862_reviewed	854819_reviewed	1
850682_reviewed	850799_reviewed	0
851666_reviewed	855171_reviewed	1
851140_reviewed	855466_reviewed	0
852651_reviewed	856506_reviewed	0
852984_reviewed	852405_reviewed	1
850422_reviewed	854487_reviewed	1
850677_reviewed	855339_reviewed	1
854345_reviewed	856096_reviewed	0
854773_reviewed	856799_reviewed	1
850297_reviewed	856843_reviewed	0
855067_reviewed	855448_reviewed	1
856146_reviewed	855049_reviewed	1
853353_reviewed	856918_reviewed	0
851509_reviewed	855908_reviewed	0
850620_reviewed	854206_reviewed	1
850568_reviewed	851016_reviewed	1
854485_reviewed	856254_reviewed	0
855524_reviewed	856494_reviewed	1
852982_reviewed	856489_reviewed	0
851408_reviewed	854433_reviewed	1
856746_reviewed	855357_reviewed	1
850843_reviewed	856141_reviewed	0
850829_reviewed	850803_reviewed	1
852194_reviewed	852762_reviewed	1
851216_reviewed	856143_reviewed	0
850554_reviewed	851193_reviewed	1
851136_reviewed	855841_reviewed	0
854206_reviewed	855301_reviewed	0
855048_reviewed	852218_reviewed	1
853767_reviewed	854063_reviewed	0
851363_reviewed	854659_reviewed	1
851394_reviewed	855399_reviewed	1
853840_reviewed	854663_reviewed	1
852325_reviewed	854598_reviewed	0
851412_reviewed	852494_reviewed	0
852250_reviewed	855675_reviewed	1
853877_reviewed	854933_reviewed	0
853109_reviewed	851447_reviewed	1
851142_reviewed	851406_reviewed	1
853455_reviewed	852862_reviewed	1
853275_reviewed	855862_reviewed	0
855689_reviewed	856751_reviewed	0
852169_reviewed	854931_reviewed	1
854680_reviewed	851761_reviewed	1
851394_reviewed	853881_reviewed	1
851259_reviewed	851949_reviewed	1
851394_reviewed	855158_reviewed	1
850598_reviewed	851032_reviewed	1
853811_reviewed	856317_reviewed	0
853114_reviewed	854882_reviewed	0
853956_reviewed	856719_reviewed	1
852265_reviewed	852697_reviewed	1
855925_reviewed	854940_reviewed	1
853866_reviewed	855022_reviewed	1
855512_reviewed	856461_reviewed	1
851874_reviewed	853361_reviewed	0
853160_reviewed	854162_reviewed	0
851143_reviewed	856862_reviewed	0
852575_reviewed	852834_reviewed	1
851371_reviewed	854966_reviewed	0
853029_reviewed	855957_reviewed	0
851518_reviewed	856169_reviewed	0
851755_reviewed	855231_reviewed	0
851564_reviewed	850974_reviewed	1
850860_reviewed	851861_reviewed	0
851394_reviewed	851623_reviewed	1
854162_reviewed	853109_reviewed	1
852850_reviewed	852692_reviewed	1
853555_reviewed	855208_reviewed	0
854303_reviewed	855299_reviewed	0
854119_reviewed	854735_reviewed	1
851030_reviewed	852171_reviewed	0
854168_reviewed	854335_reviewed	1
852352_reviewed	854540_reviewed	0
853133_reviewed	856482_reviewed	1
851201_reviewed	856096_reviewed	0
852377_reviewed	856058_reviewed	1
852740_reviewed	855929_reviewed	0
854284_reviewed	852403_reviewed	1
852787_reviewed	855305_reviewed	0
852373_reviewed	855974_reviewed	0
854780_reviewed	856463_reviewed	1
850435_reviewed	856063_reviewed	0
853016_reviewed	853808_reviewed	0
853364_reviewed	851222_reviewed	1
855276_reviewed	852364_reviewed	1
851107_reviewed	855018_reviewed	0
854085_reviewed	851025_reviewed	1
855859_reviewed	850734_reviewed	1
851226_reviewed	855463_reviewed	0
855471_reviewed	856223_reviewed	0
854017_reviewed	854322_reviewed	0
852755_reviewed	852305_reviewed	1
851776_reviewed	854791_reviewed	0
852766_reviewed	855267_reviewed	1
852755_reviewed	856089_reviewed	0
850734_reviewed	854443_reviewed	1
854351_reviewed	856870_reviewed	1
853567_reviewed	853567_reviewed	1
852697_reviewed	855836_reviewed	0
854084_reviewed	855570_reviewed	0
853683_reviewed	854192_reviewed	0
852987_reviewed	852987_reviewed	1
853877_reviewed	854680_reviewed	1
854666_reviewed	854953_reviewed	0
852377_reviewed	856723_reviewed	0
851310_reviewed	855040_reviewed	1
851394_reviewed	855790_reviewed	1
851337_reviewed	852852_reviewed	0
853051_reviewed	856076_reviewed	0
853576_reviewed	854662_reviewed	1
852451_reviewed	854912_reviewed	0
852385_reviewed	854675_reviewed	0
853712_reviewed	855633_reviewed	0
850888_reviewed	856246_reviewed	0
852575_reviewed	851461_reviewed	1
852697_reviewed	856836_reviewed	0
855466_reviewed	850737_reviewed	1
851819_reviewed	856716_reviewed	0
853985_reviewed	855155_reviewed	0
854875_reviewed	855426_reviewed	0
854431_reviewed	855543_reviewed	1
850647_reviewed	851617_reviewed	1
853349_reviewed	853565_reviewed	0
853539_reviewed	856381_reviewed	0
856352_reviewed	856922_reviewed	0
853327_reviewed	852516_reviewed	1
855013_reviewed	856263_reviewed	0
852814_reviewed	856752_reviewed	0
852549_reviewed	855890_reviewed	0
850810_reviewed	852881_reviewed	0
851694_reviewed	856820_reviewed	0
854791_reviewed	856317_reviewed	1
853774_reviewed	855512_reviewed	0
851696_reviewed	856799_reviewed	0
853450_reviewed	853860_reviewed	0
856425_reviewed	856425_reviewed	1
852700_reviewed	855950_reviewed	1
851424_reviewed	851928_reviewed	1
852569_reviewed	854543_reviewed	0
853609_reviewed	854818_reviewed	1
853937_reviewed	850624_reviewed	1
851937_reviewed	856819_reviewed	0
856267_reviewed	853762_reviewed	1
850741_reviewed	853264_reviewed	0
853398_reviewed	851469_reviewed	1
850372_reviewed	852100_reviewed	0
851740_reviewed	853862_reviewed	0
850429_reviewed	851691_reviewed	0
851259_reviewed	855158_reviewed	1
852814_reviewed	855224_reviewed	1
850551_reviewed	850304_reviewed	1
852371_reviewed	852700_reviewed	0
852694_reviewed	852276_reviewed	1
851115_reviewed	852053_reviewed	0
853167_reviewed	855144_reviewed	0
850930_reviewed	852209_reviewed	0
850495_reviewed	853041_reviewed	0
853900_reviewed	850399_reviewed	1
851266_reviewed	851906_reviewed	0
850695_reviewed	852042_reviewed	0
852984_reviewed	851812_reviewed	1
853317_reviewed	855017_reviewed	0
853364_reviewed	855665_reviewed	1
850523_reviewed	856891_reviewed	0
852480_reviewed	856920_reviewed	0
854032_reviewed	856352_reviewed	0
855055_reviewed	855745_reviewed	0
856219_reviewed	851754_reviewed	1
852947_reviewed	854680_reviewed	1
853876_reviewed	853072_reviewed	1
853552_reviewed	855006_reviewed	1
851895_reviewed	854656_reviewed	0
851542_reviewed	856201_reviewed	0
853128_reviewed	855628_reviewed	0
853920_reviewed	855137_reviewed	0
851680_reviewed	855613_reviewed	0
854230_reviewed	851177_reviewed	1
852700_reviewed	852700_reviewed	1
855499_reviewed	855889_reviewed	0
851776_reviewed	852996_reviewed	0
854555_reviewed	851250_reviewed	1
855495_reviewed	856723_reviewed	0
851394_reviewed	856552_reviewed	1
855136_reviewed	851085_reviewed	1
853320_reviewed	854544_reviewed	0
854113_reviewed	850888_reviewed	1
854926_reviewed	856490_reviewed	0
855787_reviewed	854258_reviewed	1
851643_reviewed	852714_reviewed	0
853144_reviewed	856751_reviewed	0
855561_reviewed	856758_reviewed	1
851949_reviewed	854253_reviewed	0
851908_reviewed	850620_reviewed	1
851827_reviewed	852084_reviewed	0
852757_reviewed	851632_reviewed	1
851721_reviewed	851649_reviewed	1
850607_reviewed	851255_reviewed	0
851924_reviewed	856063_reviewed	0
854697_reviewed	856351_reviewed	0
851933_reviewed	854902_reviewed	1
853078_reviewed	853078_reviewed	1
851100_reviewed	851135_reviewed	0
851532_reviewed	850450_reviewed	1
851645_reviewed	856852_reviewed	0
853846_reviewed	856891_reviewed	0
856303_reviewed	854449_reviewed	1
852697_reviewed	853100_reviewed	1
850367_reviewed	856736_reviewed	0
850500_reviewed	853667_reviewed	1
851201_reviewed	852025_reviewed	1
852549_reviewed	850649_reviewed	1
855335_reviewed	856489_reviewed	0
851247_reviewed	854545_reviewed	1
853252_reviewed	856563_reviewed	1
850534_reviewed	854382_reviewed	0
850712_reviewed	856320_reviewed	0
851756_reviewed	855097_reviewed	0
852787_reviewed	851025_reviewed	1
852235_reviewed	854622_reviewed	1
855280_reviewed	855280_reviewed	1
854032_reviewed	853546_reviewed	1
852771_reviewed	853639_reviewed	0
850385_reviewed	856260_reviewed	0
854057_reviewed	851785_reviewed	1
853320_reviewed	853456_reviewed	0
853650_reviewed	855060_reviewed	0
853188_reviewed	854162_reviewed	0
853956_reviewed	855972_reviewed	1
854487_reviewed	854793_reviewed	0
851394_reviewed	853613_reviewed	1
850799_reviewed	856305_reviewed	0
853481_reviewed	854991_reviewed	0
851115_reviewed	851988_reviewed	0
854659_reviewed	853537_reviewed	1
852403_reviewed	856393_reviewed	0
852995_reviewed	850656_reviewed	1
853048_reviewed	854381_reviewed	0
853817_reviewed	854102_reviewed	1
850836_reviewed	851259_reviewed	0
853009_reviewed	852235_reviewed	1
852443_reviewed	852748_reviewed	0
853064_reviewed	855611_reviewed	1
854622_reviewed	855675_reviewed	0
854245_reviewed	856063_reviewed	0
850554_reviewed	851477_reviewed	1
855204_reviewed	855119_reviewed	1
851756_reviewed	854999_reviewed	0
852728_reviewed	855737_reviewed	0
850549_reviewed	854245_reviewed	0
854026_reviewed	856305_reviewed	0
853712_reviewed	856187_reviewed	0
852726_reviewed	856437_reviewed	1
851216_reviewed	852697_reviewed	0
854480_reviewed	855515_reviewed	0
850785_reviewed	852892_reviewed	1
855950_reviewed	855950_reviewed	1
853626_reviewed	853671_reviewed	0
851394_reviewed	851548_reviewed	1
850878_reviewed	850712_reviewed	1
856087_reviewed	851061_reviewed	1
850647_reviewed	855200_reviewed	1
850314_reviewed	853418_reviewed	0
851320_reviewed	853499_reviewed	0
852697_reviewed	853071_reviewed	0
853552_reviewed	852053_reviewed	1
853347_reviewed	850520_reviewed	1
850824_reviewed	853438_reviewed	0
852852_reviewed	854229_reviewed	1
850500_reviewed	852939_reviewed	1
853463_reviewed	856412_reviewed	0
854646_reviewed	856565_reviewed	1
851928_reviewed	852088_reviewed	0
850647_reviewed	851319_reviewed	1
855836_reviewed	851592_reviewed	1
854252_reviewed	854949_reviewed	0
850914_reviewed	854673_reviewed	0
852194_reviewed	853128_reviewed	0
855498_reviewed	856351_reviewed	0
851557_reviewed	854395_reviewed	0
854183_reviewed	856862_reviewed	1
853509_reviewed	853654_reviewed	0
854315_reviewed	856852_reviewed	1
852697_reviewed	851562_reviewed	1
853871_reviewed	856223_reviewed	0
854353_reviewed	856862_reviewed	1
854793_reviewed	855730_reviewed	0
850647_reviewed	852002_reviewed	1
852766_reviewed	855281_reviewed	0
856702_reviewed	856702_reviewed	1
851691_reviewed	854882_reviewed	0
852193_reviewed	856566_reviewed	0
852001_reviewed	852757_reviewed	0
851928_reviewed	853071_reviewed	0
851266_reviewed	851916_reviewed	0
853438_reviewed	850504_reviewed	1
855737_reviewed	851404_reviewed	1
852549_reviewed	856466_reviewed	0
851441_reviewed	855184_reviewed	1
854406_reviewed	851076_reviewed	1
854791_reviewed	852013_reviewed	1
853165_reviewed	855925_reviewed	1
850440_reviewed	856076_reviewed	0
854023_reviewed	855466_reviewed	0
854243_reviewed	856466_reviewed	1
851632_reviewed	855228_reviewed	0
853758_reviewed	854072_reviewed	1
852766_reviewed	853174_reviewed	0
855613_reviewed	856208_reviewed	0
851678_reviewed	853456_reviewed	0
854926_reviewed	855499_reviewed	0
850966_reviewed	851949_reviewed	0
851266_reviewed	852057_reviewed	0
853288_reviewed	855862_reviewed	0
856159_reviewed	853599_reviewed	1
854731_reviewed	855253_reviewed	0
855312_reviewed	856063_reviewed	0
852984_reviewed	856207_reviewed	1
851030_reviewed	855669_reviewed	1
850686_reviewed	853908_reviewed	1
851266_reviewed	856908_reviewed	0
853638_reviewed	855221_reviewed	1
853150_reviewed	855348_reviewed	0
850304_reviewed	854162_reviewed	0
854739_reviewed	851759_reviewed	1
854780_reviewed	850551_reviewed	1
851120_reviewed	855463_reviewed	0
853546_reviewed	851759_reviewed	1
852451_reviewed	854518_reviewed	1
856320_reviewed	852451_reviewed	1
853638_reviewed	856537_reviewed	0
853826_reviewed	853230_reviewed	1
856604_reviewed	851142_reviewed	1
854669_reviewed	851394_reviewed	1
854503_reviewed	854995_reviewed	0
853514_reviewed	855271_reviewed	0
851264_reviewed	852675_reviewed	1
853489_reviewed	850633_reviewed	1
854981_reviewed	855515_reviewed	0
853478_reviewed	854102_reviewed	0
850712_reviewed	856870_reviewed	0
856481_reviewed	856481_reviewed	1
850824_reviewed	851447_reviewed	0
851520_reviewed	851549_reviewed	1
854827_reviewed	856571_reviewed	0
852921_reviewed	853298_reviewed	1
854353_reviewed	851996_reviewed	1
855426_reviewed	856604_reviewed	0
851319_reviewed	851125_reviewed	1
851788_reviewed	853192_reviewed	0
854678_reviewed	856297_reviewed	0
856226_reviewed	854382_reviewed	1
853086_reviewed	856229_reviewed	0
851813_reviewed	854469_reviewed	0
853956_reviewed	853674_reviewed	1
851394_reviewed	855682_reviewed	1
852697_reviewed	856751_reviewed	1
852947_reviewed	855950_reviewed	0
850803_reviewed	850325_reviewed	1
855664_reviewed	856012_reviewed	1
851889_reviewed	852787_reviewed	0
851250_reviewed	855640_reviewed	1
853782_reviewed	855390_reviewed	0
855920_reviewed	854725_reviewed	1
851814_reviewed	853167_reviewed	0
852059_reviewed	856723_reviewed	0
853442_reviewed	854283_reviewed	1
854168_reviewed	856035_reviewed	0
851143_reviewed	851665_reviewed	0
851928_reviewed	853202_reviewed	0
856255_reviewed	850919_reviewed	1
854227_reviewed	855052_reviewed	1
851115_reviewed	851671_reviewed	0
851624_reviewed	856764_reviewed	0
852097_reviewed	850712_reviewed	1
850405_reviewed	851000_reviewed	1
851671_reviewed	855974_reviewed	0
853751_reviewed	856146_reviewed	0
850872_reviewed	854717_reviewed	0
851788_reviewed	851153_reviewed	1
856106_reviewed	856654_reviewed	1
853862_reviewed	854777_reviewed	1
851255_reviewed	856680_reviewed	0
851647_reviewed	851887_reviewed	1
851530_reviewed	852982_reviewed	0
852575_reviewed	854735_reviewed	1
856799_reviewed	855706_reviewed	1
851653_reviewed	856649_reviewed	0
854317_reviewed	856862_reviewed	0
853636_reviewed	856511_reviewed	0
852575_reviewed	853798_reviewed	0
852755_reviewed	856186_reviewed	1
853956_reviewed	855903_reviewed	1
850554_reviewed	852754_reviewed	1
853252_reviewed	855013_reviewed	1
854487_reviewed	851403_reviewed	1
856019_reviewed	853750_reviewed	1
855873_reviewed	855873_reviewed	1
851738_reviewed	856537_reviewed	0
852377_reviewed	856518_reviewed	0
852575_reviewed	853774_reviewed	0
852499_reviewed	852971_reviewed	0
850695_reviewed	851678_reviewed	1
851399_reviewed	852714_reviewed	0
851394_reviewed	850352_reviewed	1
851507_reviewed	855613_reviewed	0
852766_reviewed	854322_reviewed	0
851394_reviewed	854472_reviewed	1
856087_reviewed	851320_reviewed	1
855979_reviewed	856228_reviewed	0
852371_reviewed	855838_reviewed	1
852222_reviewed	853857_reviewed	0
853338_reviewed	855404_reviewed	1
855436_reviewed	852419_reviewed	1
852697_reviewed	855836_reviewed	0
850320_reviewed	853128_reviewed	0
852728_reviewed	855841_reviewed	1
854245_reviewed	856012_reviewed	0
852276_reviewed	850323_reviewed	1
850951_reviewed	851797_reviewed	0
853353_reviewed	854327_reviewed	1
851212_reviewed	853169_reviewed	0
851485_reviewed	851531_reviewed	0
850318_reviewed	851708_reviewed	0
855158_reviewed	851125_reviewed	1
852778_reviewed	854691_reviewed	0
850607_reviewed	853531_reviewed	0
853806_reviewed	856751_reviewed	0
855466_reviewed	855489_reviewed	0
851823_reviewed	852419_reviewed	1
856376_reviewed	856565_reviewed	0
854227_reviewed	855478_reviewed	1
852888_reviewed	854106_reviewed	0
853379_reviewed	855752_reviewed	0
852806_reviewed	852088_reviewed	1
850982_reviewed	856012_reviewed	0
855427_reviewed	856438_reviewed	1
853168_reviewed	856830_reviewed	0
856039_reviewed	851145_reviewed	1
855836_reviewed	851337_reviewed	1
852457_reviewed	855201_reviewed	1
854904_reviewed	855683_reviewed	0
851706_reviewed	852778_reviewed	1
853261_reviewed	853261_reviewed	1
851753_reviewed	855060_reviewed	1
852069_reviewed	855147_reviewed	0
853638_reviewed	854477_reviewed	0
850983_reviewed	856065_reviewed	0
850534_reviewed	855238_reviewed	0
852951_reviewed	853325_reviewed	1
851814_reviewed	856763_reviewed	0
851694_reviewed	852419_reviewed	0
856667_reviewed	856696_reviewed	0
852860_reviewed	855485_reviewed	1
852695_reviewed	855498_reviewed	1
850440_reviewed	850682_reviewed	0
852003_reviewed	855428_reviewed	0
852007_reviewed	855977_reviewed	1
853576_reviewed	852787_reviewed	1
856012_reviewed	855957_reviewed	1
851369_reviewed	854243_reviewed	0
852549_reviewed	853062_reviewed	0
851533_reviewed	853361_reviewed	1
851428_reviewed	854535_reviewed	0
851042_reviewed	854212_reviewed	0
851482_reviewed	853072_reviewed	0
851814_reviewed	851255_reviewed	1
853128_reviewed	855143_reviewed	1
853743_reviewed	855501_reviewed	1
855530_reviewed	852584_reviewed	1
851477_reviewed	856317_reviewed	0
851988_reviewed	852322_reviewed	0
850860_reviewed	856419_reviewed	1
856091_reviewed	855757_reviewed	1
851394_reviewed	851424_reviewed	1
853528_reviewed	856514_reviewed	0
855741_reviewed	856186_reviewed	0
855706_reviewed	850442_reviewed	1
856349_reviewed	856888_reviewed	0
851313_reviewed	854487_reviewed	1
850763_reviewed	851113_reviewed	1
854487_reviewed	851924_reviewed	1
852697_reviewed	851108_reviewed	1
852755_reviewed	854818_reviewed	0
851212_reviewed	853438_reviewed	0
856012_reviewed	854487_reviewed	1
853009_reviewed	853150_reviewed	0
850607_reviewed	855976_reviewed	0
852382_reviewed	855580_reviewed	0
853178_reviewed	855862_reviewed	0
851030_reviewed	852755_reviewed	0
851394_reviewed	855324_reviewed	1
853376_reviewed	852982_reviewed	1
850713_reviewed	851373_reviewed	0
851075_reviewed	855466_reviewed	0
853146_reviewed	854649_reviewed	0
851259_reviewed	856077_reviewed	1
853178_reviewed	851672_reviewed	1
851212_reviewed	852873_reviewed	0
856186_reviewed	856862_reviewed	0
854245_reviewed	855789_reviewed	0
851212_reviewed	852371_reviewed	0
852757_reviewed	854940_reviewed	0
855335_reviewed	856603_reviewed	0
851513_reviewed	856186_reviewed	0
853552_reviewed	855648_reviewed	1
855013_reviewed	855822_reviewed	0
850440_reviewed	850695_reviewed	0
851561_reviewed	854795_reviewed	0
856921_reviewed	856921_reviewed	1
855489_reviewed	851447_reviewed	1
851716_reviewed	855535_reviewed	0
851678_reviewed	854882_reviewed	0
853528_reviewed	854713_reviewed	0
856294_reviewed	854931_reviewed	1
850693_reviewed	851099_reviewed	1
856091_reviewed	856831_reviewed	0
852091_reviewed	851153_reviewed	1
851394_reviewed	850883_reviewed	1
852079_reviewed	852230_reviewed	1
852885_reviewed	856437_reviewed	0
854952_reviewed	853465_reviewed	1
851723_reviewed	855950_reviewed	0
852077_reviewed	851838_reviewed	1
854675_reviewed	855055_reviewed	0
852996_reviewed	852860_reviewed	1
852569_reviewed	852987_reviewed	0
851906_reviewed	855981_reviewed	1
851424_reviewed	852042_reviewed	0
853599_reviewed	854085_reviewed	0
856861_reviewed	851076_reviewed	1
854995_reviewed	854995_reviewed	1
853682_reviewed	855228_reviewed	0
856891_reviewed	852947_reviewed	1
850607_reviewed	854747_reviewed	0
854381_reviewed	850893_reviewed	1
853154_reviewed	856746_reviewed	0
852497_reviewed	854993_reviewed	1
853385_reviewed	854977_reviewed	0
851834_reviewed	851920_reviewed	0
851000_reviewed	855978_reviewed	1
855066_reviewed	853649_reviewed	1
852987_reviewed	855044_reviewed	0
854345_reviewed	855888_reviewed	0
854999_reviewed	855981_reviewed	0
851263_reviewed	855934_reviewed	1
855466_reviewed	853587_reviewed	1
850430_reviewed	850607_reviewed	0
853219_reviewed	855991_reviewed	0
852407_reviewed	853608_reviewed	0
850298_reviewed	855591_reviewed	1
854227_reviewed	856891_reviewed	1
851813_reviewed	851163_reviewed	1
856070_reviewed	856600_reviewed	1
852688_reviewed	853298_reviewed	0
855357_reviewed	855498_reviewed	0
851450_reviewed	852241_reviewed	1
853416_reviewed	851142_reviewed	1
851201_reviewed	851724_reviewed	0
852697_reviewed	856069_reviewed	1
850713_reviewed	850973_reviewed	1
852499_reviewed	852618_reviewed	1
855158_reviewed	856463_reviewed	0
851394_reviewed	851454_reviewed	1
850320_reviewed	854138_reviewed	0
855869_reviewed	850868_reviewed	1
850682_reviewed	851933_reviewed	0
850900_reviewed	855623_reviewed	0
851000_reviewed	852819_reviewed	0
854876_reviewed	850620_reviewed	1
853737_reviewed	856862_reviewed	0
851173_reviewed	856563_reviewed	1
852499_reviewed	856736_reviewed	0
855489_reviewed	856466_reviewed	1
856065_reviewed	856183_reviewed	1
851379_reviewed	851802_reviewed	0
851988_reviewed	852399_reviewed	0
850551_reviewed	856012_reviewed	1
853670_reviewed	854356_reviewed	1
851394_reviewed	853830_reviewed	1
851115_reviewed	850774_reviewed	1
854656_reviewed	856518_reviewed	0
856753_reviewed	850604_reviewed	1
853356_reviewed	853817_reviewed	0
850346_reviewed	854940_reviewed	1
850577_reviewed	850296_reviewed	1
853985_reviewed	854966_reviewed	0
852243_reviewed	853723_reviewed	0
853450_reviewed	855957_reviewed	0
854878_reviewed	854999_reviewed	0
856267_reviewed	856267_reviewed	1
851394_reviewed	855563_reviewed	1
853576_reviewed	853892_reviewed	1
850980_reviewed	853373_reviewed	1
851219_reviewed	854256_reviewed	0
850372_reviewed	855320_reviewed	0
853922_reviewed	855741_reviewed	0
854322_reviewed	856831_reviewed	0
853199_reviewed	853692_reviewed	0
851975_reviewed	852277_reviewed	0
851678_reviewed	855964_reviewed	0
851660_reviewed	855730_reviewed	1
850647_reviewed	853994_reviewed	1
855649_reviewed	855730_reviewed	0
852726_reviewed	853667_reviewed	0
850298_reviewed	855903_reviewed	1
852039_reviewed	851665_reviewed	1
854827_reviewed	852819_reviewed	1
851049_reviewed	855068_reviewed	0
854418_reviewed	855741_reviewed	1
850682_reviewed	851557_reviewed	0
850647_reviewed	856078_reviewed	1
852512_reviewed	852665_reviewed	0
856852_reviewed	852018_reviewed	1
855950_reviewed	851859_reviewed	1
853064_reviewed	854675_reviewed	0
853922_reviewed	855788_reviewed	0
850883_reviewed	853166_reviewed	0
852697_reviewed	854026_reviewed	0
855787_reviewed	850872_reviewed	1
854093_reviewed	856836_reviewed	1
852001_reviewed	856223_reviewed	0
854930_reviewed	856737_reviewed	0
854192_reviewed	854567_reviewed	0
851394_reviewed	854929_reviewed	1
855836_reviewed	856924_reviewed	1
852079_reviewed	852394_reviewed	0
853583_reviewed	853583_reviewed	1
851562_reviewed	855554_reviewed	0
853036_reviewed	855362_reviewed	1
850930_reviewed	856241_reviewed	0
852492_reviewed	854775_reviewed	0
854882_reviewed	855362_reviewed	1
855328_reviewed	856763_reviewed	0
856854_reviewed	851609_reviewed	1
851549_reviewed	856918_reviewed	0
851369_reviewed	850682_reviewed	1
852501_reviewed	854656_reviewed	1
853313_reviewed	855972_reviewed	0
850799_reviewed	855512_reviewed	1
851746_reviewed	854427_reviewed	0
853546_reviewed	854111_reviewed	0
851905_reviewed	852018_reviewed	1
852814_reviewed	852814_reviewed	1
852001_reviewed	854791_reviewed	0
850441_reviewed	853107_reviewed	1
854162_reviewed	854243_reviewed	1
852371_reviewed	854286_reviewed	0
854283_reviewed	851568_reviewed	1
852357_reviewed	852624_reviewed	0
850605_reviewed	852003_reviewed	0
852549_reviewed	854263_reviewed	1
852059_reviewed	852277_reviewed	0
854116_reviewed	854162_reviewed	0
850695_reviewed	854284_reviewed	0
850297_reviewed	852001_reviewed	0
851115_reviewed	853133_reviewed	0
853982_reviewed	850905_reviewed	1
852373_reviewed	855821_reviewed	1
855305_reviewed	855964_reviewed	1
851071_reviewed	856674_reviewed	0
851559_reviewed	853030_reviewed	0
852697_reviewed	853868_reviewed	0
855524_reviewed	850822_reviewed	1
851988_reviewed	852809_reviewed	0
852079_reviewed	854201_reviewed	1
855718_reviewed	854284_reviewed	1
850764_reviewed	856575_reviewed	1
851962_reviewed	853318_reviewed	0
850647_reviewed	852734_reviewed	1
853481_reviewed	854734_reviewed	0
855271_reviewed	851112_reviewed	1
856709_reviewed	852001_reviewed	1
853114_reviewed	856153_reviewed	0
852675_reviewed	853581_reviewed	0
855836_reviewed	855532_reviewed	1
850580_reviewed	856320_reviewed	0
855061_reviewed	856891_reviewed	0
852740_reviewed	855253_reviewed	0
850601_reviewed	856351_reviewed	0
854946_reviewed	854276_reviewed	1
852794_reviewed	855276_reviewed	0
855418_reviewed	850296_reviewed	1
852757_reviewed	855952_reviewed	1
851996_reviewed	855645_reviewed	0
853880_reviewed	856751_reviewed	0
854487_reviewed	855473_reviewed	1
856659_reviewed	856148_reviewed	1
850786_reviewed	851424_reviewed	1
851557_reviewed	855512_reviewed	0
851965_reviewed	851520_reviewed	1
856311_reviewed	856895_reviewed	1
855241_reviewed	854063_reviewed	1
850298_reviewed	850894_reviewed	1
850568_reviewed	856921_reviewed	1
850620_reviewed	852269_reviewed	0
851250_reviewed	853675_reviewed	1
852177_reviewed	855142_reviewed	0
850347_reviewed	855143_reviewed	1
853587_reviewed	853733_reviewed	1
855253_reviewed	851661_reviewed	1
851394_reviewed	850695_reviewed	1
855613_reviewed	856208_reviewed	0
851394_reviewed	850429_reviewed	1
853304_reviewed	853712_reviewed	0
851458_reviewed	856817_reviewed	1
851152_reviewed	852269_reviewed	0
856559_reviewed	850826_reviewed	1
854926_reviewed	851745_reviewed	1
851539_reviewed	852042_reviewed	0
852500_reviewed	852500_reviewed	1
852383_reviewed	854423_reviewed	0
853919_reviewed	855611_reviewed	0
856481_reviewed	854162_reviewed	1
855613_reviewed	852021_reviewed	1
855836_reviewed	852773_reviewed	1
852946_reviewed	854183_reviewed	0
852697_reviewed	855952_reviewed	0
853048_reviewed	855591_reviewed	0
853599_reviewed	852512_reviewed	1
850430_reviewed	851025_reviewed	0
850347_reviewed	855974_reviewed	0
853723_reviewed	856367_reviewed	1
851676_reviewed	852371_reviewed	0
850454_reviewed	854878_reviewed	1
851559_reviewed	851745_reviewed	0
856731_reviewed	850611_reviewed	1
851259_reviewed	856870_reviewed	0
851776_reviewed	852762_reviewed	0
855607_reviewed	856144_reviewed	0
851163_reviewed	853334_reviewed	0
855080_reviewed	855568_reviewed	0
852352_reviewed	855704_reviewed	0
854819_reviewed	855136_reviewed	0
852697_reviewed	851224_reviewed	1
854381_reviewed	852767_reviewed	1
853221_reviewed	855436_reviewed	0
856307_reviewed	856891_reviewed	0
852392_reviewed	855626_reviewed	1
853846_reviewed	855005_reviewed	0
851368_reviewed	852749_reviewed	0
852995_reviewed	856264_reviewed	0
852697_reviewed	852556_reviewed	1
854509_reviewed	856702_reviewed	0
852492_reviewed	856604_reviewed	0
855974_reviewed	855982_reviewed	0
851394_reviewed	856079_reviewed	1
850900_reviewed	854605_reviewed	0
853860_reviewed	852852_reviewed	1
852305_reviewed	852788_reviewed	1
852575_reviewed	854554_reviewed	0
855605_reviewed	854373_reviewed	1
851479_reviewed	851654_reviewed	1
854372_reviewed	855224_reviewed	1
853397_reviewed	856360_reviewed	0
855930_reviewed	852816_reviewed	1
855356_reviewed	851061_reviewed	1
850956_reviewed	851024_reviewed	1
852020_reviewed	851431_reviewed	1
850647_reviewed	856539_reviewed	1
854353_reviewed	850450_reviewed	1
852060_reviewed	851162_reviewed	1
851373_reviewed	854507_reviewed	0
850799_reviewed	853674_reviewed	0
851897_reviewed	855710_reviewed	0
851318_reviewed	854382_reviewed	0
853597_reviewed	856513_reviewed	0
853062_reviewed	856466_reviewed	1
850620_reviewed	854229_reviewed	0
852996_reviewed	856297_reviewed	1
850647_reviewed	854018_reviewed	1
856507_reviewed	852018_reviewed	1
853382_reviewed	855226_reviewed	0
851071_reviewed	855950_reviewed	0
853552_reviewed	851928_reviewed	1
851841_reviewed	853041_reviewed	1
856850_reviewed	854360_reviewed	1
850885_reviewed	853639_reviewed	0
856169_reviewed	856136_reviewed	1
850734_reviewed	855820_reviewed	0
854791_reviewed	856738_reviewed	0
852983_reviewed	852344_reviewed	1
856891_reviewed	856096_reviewed	1
852060_reviewed	850649_reviewed	1
856226_reviewed	852451_reviewed	1
854507_reviewed	855844_reviewed	0
852995_reviewed	856553_reviewed	0
852141_reviewed	852881_reviewed	0
851394_reviewed	853160_reviewed	1
852882_reviewed	855458_reviewed	0
854042_reviewed	855155_reviewed	0
855592_reviewed	855082_reviewed	1
851561_reviewed	853371_reviewed	1
852167_reviewed	854257_reviewed	0
852982_reviewed	853630_reviewed	1
853860_reviewed	853320_reviewed	1
856862_reviewed	855805_reviewed	1
851200_reviewed	856459_reviewed	1
850435_reviewed	856485_reviewed	1
855613_reviewed	856723_reviewed	1
854153_reviewed	856483_reviewed	0
852265_reviewed	855399_reviewed	0
850430_reviewed	851771_reviewed	0
850539_reviewed	855920_reviewed	0
852385_reviewed	853531_reviewed	1
854379_reviewed	855466_reviewed	0
853071_reviewed	852606_reviewed	1
851394_reviewed	855774_reviewed	1
850647_reviewed	853559_reviewed	1
851394_reviewed	851660_reviewed	1
855280_reviewed	856489_reviewed	1
854286_reviewed	854373_reviewed	1
853503_reviewed	853298_reviewed	1
855925_reviewed	851741_reviewed	1
853332_reviewed	854153_reviewed	0
850941_reviewed	851207_reviewed	0
852549_reviewed	855890_reviewed	0
852547_reviewed	855319_reviewed	0
852184_reviewed	856130_reviewed	0
855613_reviewed	856565_reviewed	0
852766_reviewed	854017_reviewed	1
854970_reviewed	856901_reviewed	0
853181_reviewed	855525_reviewed	0
851861_reviewed	853503_reviewed	0
852193_reviewed	852618_reviewed	1
855263_reviewed	856223_reviewed	0
855076_reviewed	855207_reviewed	0
851005_reviewed	856751_reviewed	1
855554_reviewed	850803_reviewed	1
856920_reviewed	854059_reviewed	1
850409_reviewed	856146_reviewed	0
855649_reviewed	856012_reviewed	0
854904_reviewed	856901_reviewed	1
851207_reviewed	852108_reviewed	1
851259_reviewed	856870_reviewed	0
856659_reviewed	854509_reviewed	1
856409_reviewed	853185_reviewed	1
853956_reviewed	851632_reviewed	1
850771_reviewed	855386_reviewed	0
851394_reviewed	856579_reviewed	1
850440_reviewed	852563_reviewed	0
851394_reviewed	853523_reviewed	1
850872_reviewed	850375_reviewed	1
851658_reviewed	856507_reviewed	1
852987_reviewed	855897_reviewed	0
852986_reviewed	856145_reviewed	0
854485_reviewed	852084_reviewed	1
853589_reviewed	856846_reviewed	0
854381_reviewed	855335_reviewed	1
851756_reviewed	853133_reviewed	0
850782_reviewed	854444_reviewed	0
853010_reviewed	853523_reviewed	0
855730_reviewed	856063_reviewed	0
851259_reviewed	853165_reviewed	1
854063_reviewed	851889_reviewed	1
850435_reviewed	856604_reviewed	1
855828_reviewed	856604_reviewed	0
854016_reviewed	852391_reviewed	1
852549_reviewed	854221_reviewed	1
852119_reviewed	852846_reviewed	0
852276_reviewed	852169_reviewed	1
851431_reviewed	852468_reviewed	1
850647_reviewed	854672_reviewed	1
853638_reviewed	854076_reviewed	0
852834_reviewed	855783_reviewed	0
852592_reviewed	856130_reviewed	0
850760_reviewed	852059_reviewed	0
856842_reviewed	853796_reviewed	1
851113_reviewed	856203_reviewed	0
851379_reviewed	852497_reviewed	0
850647_reviewed	856931_reviewed	1
852582_reviewed	855841_reviewed	0
852399_reviewed	854702_reviewed	0
853293_reviewed	855473_reviewed	1
852172_reviewed	853017_reviewed	0
852732_reviewed	856057_reviewed	0
851259_reviewed	856846_reviewed	0
854093_reviewed	856351_reviewed	0
855506_reviewed	854309_reviewed	1
856076_reviewed	856709_reviewed	1
856234_reviewed	856234_reviewed	1
851897_reviewed	851032_reviewed	1
854136_reviewed	855387_reviewed	0
850343_reviewed	856552_reviewed	0
853191_reviewed	853364_reviewed	0
853555_reviewed	853806_reviewed	1
853114_reviewed	853750_reviewed	1
851319_reviewed	856815_reviewed	0
851195_reviewed	852852_reviewed	0
853937_reviewed	854213_reviewed	1
854940_reviewed	854940_reviewed	1
855253_reviewed	856758_reviewed	0
850872_reviewed	854078_reviewed	0
850808_reviewed	853427_reviewed	0
854487_reviewed	853934_reviewed	1
850647_reviewed	852477_reviewed	1
852987_reviewed	855297_reviewed	0
854664_reviewed	856846_reviewed	0
855836_reviewed	853516_reviewed	1
856659_reviewed	856702_reviewed	0
853767_reviewed	856201_reviewed	0
854212_reviewed	855355_reviewed	0
850647_reviewed	853416_reviewed	1
854485_reviewed	852344_reviewed	1
851431_reviewed	856434_reviewed	0
850763_reviewed	852245_reviewed	0
851394_reviewed	855639_reviewed	1
853712_reviewed	856862_reviewed	0
851968_reviewed	852889_reviewed	0
852410_reviewed	853271_reviewed	1
854477_reviewed	854701_reviewed	0
851723_reviewed	852938_reviewed	0
852938_reviewed	856751_reviewed	0
853133_reviewed	851394_reviewed	1
852014_reviewed	853221_reviewed	0
852403_reviewed	855180_reviewed	1
854026_reviewed	855143_reviewed	0
855790_reviewed	851125_reviewed	1
852042_reviewed	852416_reviewed	1
851196_reviewed	856315_reviewed	0
852383_reviewed	854525_reviewed	0
855841_reviewed	856819_reviewed	1
852675_reviewed	854796_reviewed	0
853587_reviewed	855514_reviewed	1
850406_reviewed	851577_reviewed	0
854435_reviewed	850611_reviewed	1
851962_reviewed	852497_reviewed	0
850961_reviewed	853994_reviewed	0
851108_reviewed	851195_reviewed	0
850409_reviewed	855974_reviewed	1
850647_reviewed	855190_reviewed	1
852319_reviewed	852372_reviewed	0
854820_reviewed	856898_reviewed	1
851399_reviewed	855613_reviewed	0
853705_reviewed	854333_reviewed	0
854875_reviewed	853191_reviewed	1
854162_reviewed	851447_reviewed	1
855613_reviewed	854446_reviewed	1
853482_reviewed	856093_reviewed	0
851624_reviewed	855613_reviewed	0
855616_reviewed	850504_reviewed	1
856485_reviewed	853160_reviewed	1
851678_reviewed	855882_reviewed	0
853455_reviewed	853608_reviewed	0
850806_reviewed	851404_reviewed	0
856848_reviewed	854016_reviewed	1
850647_reviewed	854933_reviewed	1
855710_reviewed	855821_reviewed	0
851894_reviewed	852042_reviewed	0
852995_reviewed	856863_reviewed	1
855836_reviewed	856579_reviewed	1
851271_reviewed	855383_reviewed	1
851559_reviewed	852001_reviewed	0
854555_reviewed	855820_reviewed	0
854379_reviewed	856862_reviewed	0
853551_reviewed	852453_reviewed	1
855664_reviewed	856815_reviewed	0
852456_reviewed	852469_reviewed	0
852088_reviewed	855836_reviewed	0
856743_reviewed	856183_reviewed	1
856603_reviewed	856603_reviewed	1
852462_reviewed	852591_reviewed	0
852697_reviewed	855836_reviewed	0
852421_reviewed	853814_reviewed	0
851259_reviewed	851834_reviewed	0
853133_reviewed	855275_reviewed	1
851482_reviewed	854444_reviewed	0
855068_reviewed	850549_reviewed	1
850695_reviewed	856126_reviewed	1
850647_reviewed	855231_reviewed	1
852788_reviewed	853957_reviewed	1
853566_reviewed	854343_reviewed	0
850585_reviewed	850879_reviewed	1
856604_reviewed	855068_reviewed	1
851100_reviewed	852896_reviewed	0
852497_reviewed	853264_reviewed	0
850647_reviewed	852994_reviewed	1
852230_reviewed	853287_reviewed	0
852501_reviewed	853304_reviewed	0
850763_reviewed	856604_reviewed	1
852039_reviewed	855025_reviewed	1
851817_reviewed	852235_reviewed	0
854764_reviewed	854764_reviewed	1
854827_reviewed	855119_reviewed	1
851041_reviewed	850330_reviewed	1
851259_reviewed	853350_reviewed	0
853109_reviewed	856208_reviewed	0
850521_reviewed	851389_reviewed	0
851493_reviewed	852215_reviewed	0
851988_reviewed	854102_reviewed	0
851286_reviewed	856602_reviewed	1
853712_reviewed	855836_reviewed	0
854882_reviewed	856002_reviewed	0
851907_reviewed	856864_reviewed	0
851266_reviewed	856743_reviewed	0
850909_reviewed	855496_reviewed	0
850422_reviewed	850820_reviewed	1
851394_reviewed	853945_reviewed	1
850930_reviewed	854701_reviewed	0
851394_reviewed	854192_reviewed	1
856912_reviewed	852127_reviewed	1
851817_reviewed	853886_reviewed	0
854662_reviewed	856159_reviewed	0
851821_reviewed	855323_reviewed	0
851965_reviewed	853353_reviewed	1
855543_reviewed	856095_reviewed	0
856351_reviewed	856862_reviewed	0
851962_reviewed	853500_reviewed	0
850691_reviewed	855981_reviewed	1
850504_reviewed	854889_reviewed	0
853222_reviewed	855406_reviewed	0
852697_reviewed	852216_reviewed	1
855934_reviewed	852042_reviewed	1
856237_reviewed	855859_reviewed	1
853357_reviewed	856305_reviewed	0
855925_reviewed	851716_reviewed	1
851394_reviewed	855135_reviewed	1
851632_reviewed	853369_reviewed	0
855751_reviewed	855751_reviewed	1
852494_reviewed	854229_reviewed	0
855873_reviewed	856604_reviewed	0
851259_reviewed	854068_reviewed	0
854284_reviewed	854441_reviewed	0
855524_reviewed	854379_reviewed	1
852472_reviewed	856518_reviewed	0
853400_reviewed	856559_reviewed	1
852549_reviewed	851548_reviewed	1
851042_reviewed	850450_reviewed	1
856409_reviewed	856514_reviewed	0
855013_reviewed	851561_reviewed	1
856267_reviewed	854881_reviewed	1
855263_reviewed	854017_reviewed	1
851320_reviewed	854977_reviewed	0
853750_reviewed	856594_reviewed	1
854078_reviewed	855649_reviewed	0
856175_reviewed	856352_reviewed	0
851394_reviewed	851847_reviewed	1
850647_reviewed	856760_reviewed	1
855253_reviewed	853030_reviewed	1
853701_reviewed	851937_reviewed	1
854939_reviewed	855538_reviewed	0
852059_reviewed	853100_reviewed	0
851975_reviewed	855264_reviewed	1
853733_reviewed	856862_reviewed	0
854284_reviewed	855897_reviewed	0
852276_reviewed	850580_reviewed	1
853090_reviewed	854469_reviewed	0
856751_reviewed	852025_reviewed	1
850598_reviewed	856453_reviewed	1
851041_reviewed	852079_reviewed	0
850647_reviewed	853534_reviewed	1
851403_reviewed	851407_reviewed	0
852080_reviewed	854106_reviewed	0
851547_reviewed	853455_reviewed	0
855170_reviewed	851788_reviewed	1
852950_reviewed	854110_reviewed	0
852982_reviewed	852995_reviewed	0
852697_reviewed	854068_reviewed	0
854543_reviewed	853463_reviewed	1
850860_reviewed	851775_reviewed	0
851100_reviewed	855512_reviewed	0
850445_reviewed	851562_reviewed	0
850612_reviewed	851337_reviewed	0
853535_reviewed	854791_reviewed	1
850656_reviewed	851844_reviewed	0
852497_reviewed	852001_reviewed	1
853744_reviewed	854068_reviewed	1
852362_reviewed	854935_reviewed	0
852757_reviewed	852749_reviewed	1
852755_reviewed	853133_reviewed	0
852451_reviewed	852938_reviewed	0
854379_reviewed	856912_reviewed	1
855421_reviewed	855944_reviewed	1
853286_reviewed	851059_reviewed	1
852888_reviewed	856030_reviewed	0
852748_reviewed	855135_reviewed	0
855561_reviewed	855561_reviewed	1
851394_reviewed	855346_reviewed	1
851530_reviewed	853458_reviewed	0
853355_reviewed	852100_reviewed	1
852451_reviewed	855636_reviewed	0
853982_reviewed	856647_reviewed	1
854306_reviewed	856749_reviewed	0
856463_reviewed	856863_reviewed	0
850883_reviewed	854116_reviewed	0
853192_reviewed	854656_reviewed	0
856168_reviewed	853359_reviewed	1
851716_reviewed	855728_reviewed	1
855974_reviewed	850504_reviewed	1
853167_reviewed	853805_reviewed	1
854437_reviewed	850447_reviewed	1
854315_reviewed	854480_reviewed	0
853077_reviewed	855478_reviewed	1
850367_reviewed	850506_reviewed	0
856674_reviewed	856742_reviewed	1
850763_reviewed	854933_reviewed	0
851924_reviewed	855789_reviewed	0
854940_reviewed	851988_reviewed	1
851442_reviewed	856317_reviewed	1
850440_reviewed	853631_reviewed	0
851752_reviewed	853899_reviewed	1
850894_reviewed	854381_reviewed	0
852714_reviewed	852410_reviewed	1
855836_reviewed	850916_reviewed	1
851671_reviewed	854841_reviewed	0
851071_reviewed	852451_reviewed	0
852697_reviewed	854262_reviewed	1
855925_reviewed	851661_reviewed	1
851557_reviewed	854306_reviewed	0
852697_reviewed	854479_reviewed	0
851499_reviewed	852487_reviewed	1
850549_reviewed	854446_reviewed	1
853956_reviewed	855957_reviewed	1
851797_reviewed	853896_reviewed	1
850722_reviewed	852352_reviewed	0
854294_reviewed	854084_reviewed	1
852357_reviewed	852497_reviewed	0
856218_reviewed	853456_reviewed	1
853851_reviewed	853909_reviewed	0
851592_reviewed	851676_reviewed	1
851776_reviewed	856732_reviewed	0
851928_reviewed	852610_reviewed	0
853160_reviewed	854229_reviewed	1
856522_reviewed	854678_reviewed	1
851771_reviewed	856709_reviewed	0
851451_reviewed	852250_reviewed	0
851207_reviewed	852670_reviewed	0
852492_reviewed	853531_reviewed	0
852893_reviewed	853649_reviewed	0
850504_reviewed	854889_reviewed	0
852141_reviewed	855707_reviewed	0
855241_reviewed	856085_reviewed	1
851030_reviewed	855888_reviewed	0
854680_reviewed	855241_reviewed	0
851000_reviewed	852612_reviewed	1
853364_reviewed	855319_reviewed	0
851841_reviewed	853773_reviewed	1
852258_reviewed	852383_reviewed	0
855974_reviewed	853985_reviewed	1
853047_reviewed	853128_reviewed	0
854735_reviewed	850877_reviewed	1
850744_reviewed	855505_reviewed	0
855463_reviewed	851410_reviewed	1
852536_reviewed	853528_reviewed	1
850647_reviewed	855357_reviewed	1
855836_reviewed	856870_reviewed	0
853109_reviewed	855836_reviewed	0
853256_reviewed	853538_reviewed	1
856882_reviewed	854322_reviewed	1
851102_reviewed	851280_reviewed	0
852457_reviewed	852697_reviewed	1
850647_reviewed	851982_reviewed	1
851212_reviewed	856589_reviewed	0
856674_reviewed	855241_reviewed	1
856563_reviewed	856563_reviewed	1
854286_reviewed	855302_reviewed	1
853098_reviewed	854322_reviewed	1
854674_reviewed	856831_reviewed	1
851733_reviewed	855929_reviewed	0
851259_reviewed	856317_reviewed	0
850888_reviewed	851929_reviewed	0
853035_reviewed	855253_reviewed	0
853017_reviewed	850713_reviewed	1
854113_reviewed	855198_reviewed	0
851136_reviewed	855841_reviewed	0
851160_reviewed	854415_reviewed	0
851394_reviewed	852697_reviewed	1
853896_reviewed	856746_reviewed	1
851394_reviewed	856103_reviewed	1
850919_reviewed	850422_reviewed	1
852007_reviewed	853956_reviewed	0
852403_reviewed	854149_reviewed	0
851088_reviewed	855975_reviewed	1
853227_reviewed	856674_reviewed	0
851965_reviewed	856731_reviewed	0
852258_reviewed	856099_reviewed	0
853043_reviewed	855458_reviewed	1
853576_reviewed	856146_reviewed	0
851394_reviewed	854388_reviewed	1
851672_reviewed	856425_reviewed	1
852779_reviewed	854229_reviewed	1
852861_reviewed	855842_reviewed	0
851394_reviewed	854990_reviewed	1
851503_reviewed	854063_reviewed	0
854063_reviewed	852385_reviewed	1
850695_reviewed	852740_reviewed	0
851513_reviewed	855998_reviewed	0
850872_reviewed	855358_reviewed	1
852926_reviewed	853668_reviewed	1
851034_reviewed	855041_reviewed	0
855170_reviewed	855170_reviewed	1
852457_reviewed	852062_reviewed	1
854245_reviewed	855591_reviewed	1
851485_reviewed	851485_reviewed	1
856035_reviewed	853393_reviewed	1
853712_reviewed	855253_reviewed	0
850623_reviewed	851841_reviewed	0
856870_reviewed	856563_reviewed	1
850982_reviewed	855957_reviewed	0
855243_reviewed	855669_reviewed	1
852697_reviewed	853877_reviewed	1
851394_reviewed	855043_reviewed	1
853275_reviewed	856095_reviewed	0
851996_reviewed	855948_reviewed	0
852261_reviewed	854909_reviewed	0
851897_reviewed	854912_reviewed	1
855275_reviewed	851565_reviewed	1
856115_reviewed	856275_reviewed	0
850763_reviewed	855539_reviewed	1
850728_reviewed	855093_reviewed	0
853244_reviewed	853271_reviewed	0
853212_reviewed	855023_reviewed	0
850585_reviewed	851957_reviewed	1
851782_reviewed	854085_reviewed	1
852748_reviewed	856552_reviewed	0
854450_reviewed	855253_reviewed	0
854662_reviewed	856159_reviewed	0
856384_reviewed	855410_reviewed	1
851564_reviewed	854119_reviewed	0
855512_reviewed	853202_reviewed	1
852003_reviewed	855301_reviewed	0
854889_reviewed	855339_reviewed	0
852080_reviewed	852996_reviewed	0
854487_reviewed	854487_reviewed	1
851259_reviewed	855509_reviewed	0
851557_reviewed	855891_reviewed	0
853133_reviewed	854485_reviewed	0
855059_reviewed	855060_reviewed	1
852088_reviewed	855263_reviewed	1
851562_reviewed	854392_reviewed	0
850840_reviewed	856062_reviewed	1
855758_reviewed	855981_reviewed	0
851576_reviewed	856763_reviewed	0
856351_reviewed	852042_reviewed	1
850894_reviewed	855789_reviewed	0
851177_reviewed	852451_reviewed	0
854453_reviewed	856291_reviewed	0
852697_reviewed	853071_reviewed	0
850334_reviewed	851024_reviewed	1
853929_reviewed	855478_reviewed	0
854881_reviewed	854263_reviewed	1
854379_reviewed	854379_reviewed	1
852033_reviewed	856873_reviewed	0
850970_reviewed	856862_reviewed	0
855263_reviewed	855276_reviewed	1
851632_reviewed	856719_reviewed	1
850539_reviewed	850798_reviewed	0
853320_reviewed	856429_reviewed	0
851259_reviewed	851607_reviewed	0
852569_reviewed	853051_reviewed	1
851394_reviewed	850798_reviewed	1
851142_reviewed	851142_reviewed	1
852549_reviewed	855591_reviewed	1
854151_reviewed	854170_reviewed	0
856518_reviewed	855460_reviewed	1
852439_reviewed	853956_reviewed	0
851653_reviewed	853758_reviewed	0
852311_reviewed	853638_reviewed	0
853985_reviewed	856723_reviewed	0
851394_reviewed	854396_reviewed	1
851394_reviewed	851193_reviewed	1
851259_reviewed	855025_reviewed	1
854038_reviewed	855929_reviewed	1
850647_reviewed	853133_reviewed	1
854021_reviewed	855118_reviewed	0
851394_reviewed	856597_reviewed	1
852296_reviewed	856039_reviewed	1
853275_reviewed	854957_reviewed	1
853186_reviewed	852228_reviewed	1
854536_reviewed	854667_reviewed	0
851223_reviewed	855669_reviewed	0
855843_reviewed	851197_reviewed	1
852037_reviewed	853147_reviewed	1
851135_reviewed	855836_reviewed	0
852762_reviewed	851691_reviewed	1
856226_reviewed	856463_reviewed	0
855118_reviewed	855730_reviewed	0
855836_reviewed	856797_reviewed	1
854435_reviewed	850613_reviewed	1
856854_reviewed	852018_reviewed	1
852982_reviewed	852995_reviewed	0
851212_reviewed	856862_reviewed	0
852230_reviewed	853287_reviewed	0
851771_reviewed	852728_reviewed	0
851723_reviewed	854966_reviewed	0
854667_reviewed	855585_reviewed	0
855836_reviewed	850893_reviewed	1
854487_reviewed	852007_reviewed	1
852567_reviewed	854151_reviewed	0
856012_reviewed	854446_reviewed	1
856891_reviewed	854204_reviewed	1
852885_reviewed	856065_reviewed	0
852341_reviewed	851596_reviewed	1
851420_reviewed	853712_reviewed	0
856915_reviewed	853029_reviewed	1
853666_reviewed	853748_reviewed	0
851259_reviewed	852313_reviewed	1
854162_reviewed	854901_reviewed	0
851632_reviewed	850551_reviewed	1
851259_reviewed	854509_reviewed	1
852779_reviewed	854844_reviewed	1
850450_reviewed	855584_reviewed	1
854221_reviewed	851499_reviewed	1
855316_reviewed	855884_reviewed	0
850998_reviewed	851831_reviewed	0
851706_reviewed	854444_reviewed	0
852549_reviewed	853062_reviewed	0
851394_reviewed	855965_reviewed	1
852439_reviewed	856488_reviewed	1
852834_reviewed	853922_reviewed	0
853421_reviewed	856306_reviewed	1
850584_reviewed	852560_reviewed	0
851259_reviewed	853099_reviewed	0
855099_reviewed	855976_reviewed	0
856895_reviewed	850872_reviewed	1
851259_reviewed	852563_reviewed	0
854418_reviewed	855005_reviewed	1
852766_reviewed	856186_reviewed	1
856607_reviewed	853169_reviewed	1
851495_reviewed	853369_reviewed	1
855977_reviewed	856553_reviewed	1
852834_reviewed	854732_reviewed	0
853985_reviewed	855505_reviewed	0
852713_reviewed	853846_reviewed	0
856398_reviewed	853861_reviewed	1
852326_reviewed	854201_reviewed	0
853587_reviewed	855500_reviewed	0
850539_reviewed	851716_reviewed	0
852088_reviewed	852663_reviewed	1
853177_reviewed	852591_reviewed	1
851394_reviewed	852110_reviewed	1
852497_reviewed	855621_reviewed	0
852523_reviewed	853575_reviewed	0
850808_reviewed	851723_reviewed	0
852879_reviewed	852649_reviewed	1
850734_reviewed	854555_reviewed	0
853287_reviewed	854300_reviewed	1
853556_reviewed	854382_reviewed	0
852972_reviewed	855335_reviewed	0
850647_reviewed	855005_reviewed	1
850413_reviewed	855930_reviewed	0
851933_reviewed	852852_reviewed	1
856828_reviewed	855090_reviewed	1
856518_reviewed	856696_reviewed	0
851916_reviewed	852931_reviewed	0
851460_reviewed	852966_reviewed	1
851551_reviewed	853758_reviewed	0
854554_reviewed	856236_reviewed	1
853034_reviewed	854018_reviewed	1
854336_reviewed	854979_reviewed	0
851394_reviewed	855224_reviewed	1
851507_reviewed	855565_reviewed	1
850934_reviewed	853956_reviewed	1
852382_reviewed	855355_reviewed	0
853017_reviewed	856367_reviewed	0
851494_reviewed	851929_reviewed	1
856709_reviewed	852766_reviewed	1
851097_reviewed	851841_reviewed	1
852512_reviewed	853531_reviewed	0
854937_reviewed	854487_reviewed	1
853817_reviewed	855166_reviewed	0
855218_reviewed	853133_reviewed	1
855836_reviewed	852489_reviewed	1
851024_reviewed	856507_reviewed	1
850401_reviewed	855890_reviewed	1
854518_reviewed	856317_reviewed	1
855741_reviewed	855954_reviewed	1
856351_reviewed	854418_reviewed	1
850652_reviewed	852060_reviewed	0
853796_reviewed	853409_reviewed	1
850594_reviewed	853712_reviewed	0
854437_reviewed	856861_reviewed	0
852951_reviewed	853455_reviewed	0
851266_reviewed	854480_reviewed	1
851195_reviewed	855512_reviewed	1
856738_reviewed	854085_reviewed	1
853350_reviewed	851740_reviewed	1
854079_reviewed	855613_reviewed	0
851394_reviewed	850843_reviewed	1
855599_reviewed	851319_reviewed	1
852265_reviewed	853990_reviewed	1
852816_reviewed	853310_reviewed	0
852492_reviewed	852726_reviewed	1
851394_reviewed	856009_reviewed	1
852779_reviewed	856012_reviewed	1
850983_reviewed	856583_reviewed	0
854487_reviewed	853064_reviewed	1
854170_reviewed	856537_reviewed	1
853718_reviewed	853450_reviewed	1
851618_reviewed	855489_reviewed	0
850419_reviewed	855974_reviewed	0
854978_reviewed	855752_reviewed	0
852457_reviewed	852805_reviewed	1
853846_reviewed	855535_reviewed	0
851452_reviewed	853161_reviewed	0
852088_reviewed	854991_reviewed	0
854954_reviewed	854954_reviewed	1
850647_reviewed	856236_reviewed	1
856751_reviewed	855946_reviewed	1
856854_reviewed	856815_reviewed	1
851086_reviewed	852905_reviewed	1
851585_reviewed	853783_reviewed	0
854138_reviewed	852987_reviewed	1
854249_reviewed	855819_reviewed	1
853090_reviewed	855950_reviewed	0
850647_reviewed	856294_reviewed	1
851923_reviewed	856702_reviewed	0
856508_reviewed	853077_reviewed	1
853997_reviewed	852042_reviewed	1
852938_reviewed	854926_reviewed	0
853686_reviewed	856924_reviewed	1
850633_reviewed	850633_reviewed	1
851266_reviewed	852492_reviewed	0
852931_reviewed	852377_reviewed	1
850518_reviewed	856828_reviewed	0
851191_reviewed	855524_reviewed	1
850720_reviewed	852497_reviewed	0
850298_reviewed	855228_reviewed	0
852059_reviewed	856696_reviewed	0
851857_reviewed	853261_reviewed	1
856731_reviewed	856422_reviewed	1
851394_reviewed	852639_reviewed	1
854212_reviewed	856891_reviewed	1
852003_reviewed	854026_reviewed	0
850599_reviewed	851561_reviewed	1
854664_reviewed	855512_reviewed	0
852371_reviewed	856076_reviewed	0
855276_reviewed	856275_reviewed	0
852835_reviewed	855073_reviewed	0
856571_reviewed	851847_reviewed	1
850647_reviewed	851192_reviewed	1
852982_reviewed	856063_reviewed	0
850861_reviewed	855971_reviewed	0
853376_reviewed	855789_reviewed	0
850744_reviewed	852794_reviewed	0
852452_reviewed	855466_reviewed	0
852250_reviewed	854231_reviewed	1
855841_reviewed	850506_reviewed	1
852042_reviewed	852322_reviewed	1
854660_reviewed	856162_reviewed	1
851160_reviewed	853075_reviewed	0
851394_reviewed	856771_reviewed	1
850353_reviewed	850973_reviewed	0
852271_reviewed	854796_reviewed	0
856484_reviewed	854232_reviewed	1
852980_reviewed	853702_reviewed	0
852697_reviewed	854032_reviewed	0
855499_reviewed	856680_reviewed	0
852296_reviewed	852987_reviewed	0
852439_reviewed	853956_reviewed	0
854407_reviewed	850324_reviewed	1
853433_reviewed	851051_reviewed	1
852662_reviewed	852879_reviewed	0
855500_reviewed	855699_reviewed	0
850647_reviewed	855930_reviewed	1
856723_reviewed	856449_reviewed	1
850409_reviewed	852497_reviewed	1
854026_reviewed	856076_reviewed	0
851878_reviewed	856686_reviewed	0
855665_reviewed	850504_reviewed	1
851518_reviewed	852228_reviewed	0
855686_reviewed	856909_reviewed	0
856136_reviewed	851906_reviewed	1
851531_reviewed	854680_reviewed	0
852885_reviewed	851962_reviewed	1
850440_reviewed	850611_reviewed	0
850872_reviewed	851660_reviewed	0
851342_reviewed	855622_reviewed	0
854247_reviewed	854480_reviewed	0
850440_reviewed	854193_reviewed	0
854985_reviewed	854123_reviewed	1
855136_reviewed	851543_reviewed	1
850647_reviewed	855226_reviewed	1
855473_reviewed	855977_reviewed	0
852532_reviewed	855030_reviewed	0
853385_reviewed	854691_reviewed	1
852265_reviewed	853283_reviewed	1
852105_reviewed	853543_reviewed	0
851394_reviewed	856846_reviewed	1
852133_reviewed	854372_reviewed	0
852399_reviewed	856583_reviewed	0
853477_reviewed	854852_reviewed	0
852180_reviewed	850977_reviewed	1
850518_reviewed	850518_reviewed	1
853587_reviewed	854817_reviewed	0
851208_reviewed	854656_reviewed	0
856870_reviewed	855171_reviewed	1
852749_reviewed	855512_reviewed	0
852984_reviewed	854700_reviewed	1
855836_reviewed	854939_reviewed	1
851928_reviewed	854222_reviewed	1
852802_reviewed	856489_reviewed	1
852697_reviewed	851483_reviewed	1
851196_reviewed	852697_reviewed	0
854068_reviewed	855722_reviewed	0
851107_reviewed	851649_reviewed	0
851099_reviewed	853244_reviewed	0
851039_reviewed	851039_reviewed	1
852258_reviewed	855017_reviewed	0
852953_reviewed	854842_reviewed	0
851263_reviewed	853796_reviewed	0
852194_reviewed	852611_reviewed	1
852740_reviewed	852372_reviewed	1
852003_reviewed	855427_reviewed	0
855836_reviewed	850914_reviewed	1
854119_reviewed	856097_reviewed	0
854875_reviewed	855267_reviewed	1
851335_reviewed	851335_reviewed	1
853774_reviewed	851777_reviewed	1
852451_reviewed	855208_reviewed	0
851776_reviewed	855499_reviewed	1
852100_reviewed	854656_reviewed	1
855974_reviewed	856096_reviewed	1
855515_reviewed	851813_reviewed	1
855241_reviewed	855470_reviewed	0
851163_reviewed	855439_reviewed	0
851784_reviewed	853782_reviewed	1
850734_reviewed	854555_reviewed	0
850568_reviewed	853036_reviewed	1
855982_reviewed	855404_reviewed	1
853098_reviewed	853301_reviewed	1
853385_reviewed	851142_reviewed	1
852697_reviewed	853712_reviewed	0
856842_reviewed	850905_reviewed	1
853839_reviewed	854556_reviewed	0
851485_reviewed	854085_reviewed	1
851389_reviewed	853313_reviewed	0
851394_reviewed	851000_reviewed	1
853751_reviewed	856751_reviewed	0
850358_reviewed	850713_reviewed	0
850554_reviewed	856886_reviewed	1
853016_reviewed	850636_reviewed	1
853638_reviewed	855425_reviewed	0
851513_reviewed	853395_reviewed	0
850744_reviewed	851841_reviewed	0
850329_reviewed	852833_reviewed	0
851394_reviewed	851530_reviewed	1
853327_reviewed	853909_reviewed	0
851813_reviewed	853133_reviewed	0
852097_reviewed	855101_reviewed	0
850647_reviewed	850647_reviewed	1
855204_reviewed	856604_reviewed	0
855951_reviewed	851421_reviewed	1
852697_reviewed	856143_reviewed	0
856607_reviewed	855658_reviewed	1
852549_reviewed	853587_reviewed	1
851653_reviewed	856649_reviewed	0
850763_reviewed	855789_reviewed	1
854791_reviewed	854290_reviewed	1
852003_reviewed	855512_reviewed	0
851249_reviewed	854153_reviewed	1
850298_reviewed	853934_reviewed	1
852549_reviewed	855118_reviewed	1
851000_reviewed	853537_reviewed	1
851394_reviewed	854758_reviewed	1
850633_reviewed	851771_reviewed	1
851061_reviewed	853587_reviewed	0
852889_reviewed	856216_reviewed	0
851394_reviewed	851342_reviewed	1
855978_reviewed	856488_reviewed	1
853796_reviewed	853997_reviewed	1
856859_reviewed	851335_reviewed	1
852184_reviewed	856455_reviewed	1
853071_reviewed	856801_reviewed	0
854875_reviewed	855017_reviewed	1
851394_reviewed	854223_reviewed	1
851770_reviewed	853638_reviewed	1
851470_reviewed	853499_reviewed	0
855659_reviewed	856546_reviewed	0
850983_reviewed	855060_reviewed	0
853598_reviewed	855906_reviewed	0
854162_reviewed	855977_reviewed	0
852247_reviewed	852247_reviewed	1
855957_reviewed	852995_reviewed	1
851762_reviewed	856130_reviewed	0
853106_reviewed	856565_reviewed	0
851996_reviewed	852405_reviewed	1
851834_reviewed	853509_reviewed	0
850401_reviewed	850945_reviewed	0
854656_reviewed	856307_reviewed	0
853576_reviewed	856263_reviewed	1
856115_reviewed	850540_reviewed	1
850998_reviewed	854541_reviewed	0
856486_reviewed	854960_reviewed	1
850647_reviewed	854680_reviewed	1
850875_reviewed	851493_reviewed	1
853609_reviewed	854063_reviewed	1
853393_reviewed	854235_reviewed	1
853639_reviewed	853639_reviewed	1
852003_reviewed	853147_reviewed	1
855683_reviewed	850543_reviewed	1
851394_reviewed	856615_reviewed	1
852549_reviewed	853714_reviewed	1
854487_reviewed	853458_reviewed	1
852003_reviewed	856742_reviewed	1
851323_reviewed	855458_reviewed	0
855730_reviewed	856267_reviewed	0
856387_reviewed	853185_reviewed	1
850605_reviewed	855143_reviewed	0
852765_reviewed	853164_reviewed	0
851723_reviewed	856732_reviewed	0
852385_reviewed	852757_reviewed	0
851559_reviewed	854999_reviewed	0
851125_reviewed	855957_reviewed	0
852984_reviewed	855013_reviewed	1
850647_reviewed	851345_reviewed	1
856508_reviewed	853589_reviewed	1
852757_reviewed	852757_reviewed	1
851394_reviewed	850705_reviewed	1
856862_reviewed	854791_reviewed	1
856130_reviewed	856183_reviewed	0
850620_reviewed	850349_reviewed	1
855836_reviewed	852513_reviewed	1
853154_reviewed	855309_reviewed	1
855897_reviewed	854883_reviewed	1
852885_reviewed	853364_reviewed	1
854740_reviewed	855968_reviewed	0
852861_reviewed	855726_reviewed	1
850930_reviewed	855422_reviewed	0
851671_reviewed	855203_reviewed	1
851095_reviewed	855180_reviewed	1
855470_reviewed	856290_reviewed	0
852996_reviewed	856848_reviewed	0
853376_reviewed	851924_reviewed	1
855356_reviewed	850982_reviewed	1
850620_reviewed	850950_reviewed	0
856449_reviewed	855335_reviewed	1
852890_reviewed	853149_reviewed	0
850445_reviewed	852322_reviewed	0
851819_reviewed	852403_reviewed	0
855136_reviewed	856409_reviewed	0
852697_reviewed	855489_reviewed	0
852908_reviewed	852908_reviewed	1
854713_reviewed	854353_reviewed	1
852830_reviewed	856366_reviewed	0
852410_reviewed	853192_reviewed	0
853639_reviewed	856321_reviewed	0
854791_reviewed	854940_reviewed	0
850930_reviewed	851904_reviewed	1
851394_reviewed	855447_reviewed	1
851394_reviewed	853960_reviewed	1
852697_reviewed	853166_reviewed	1
850713_reviewed	851264_reviewed	1
852141_reviewed	852501_reviewed	0
850982_reviewed	856863_reviewed	0
850347_reviewed	852947_reviewed	0
855506_reviewed	856926_reviewed	0
851051_reviewed	851585_reviewed	0
853877_reviewed	854791_reviewed	0
852612_reviewed	855532_reviewed	1
852726_reviewed	856223_reviewed	0
850647_reviewed	854896_reviewed	1
851906_reviewed	853017_reviewed	1
850401_reviewed	856862_reviewed	0
856011_reviewed	850999_reviewed	1
851770_reviewed	850973_reviewed	1
853320_reviewed	855730_reviewed	1
852133_reviewed	852133_reviewed	1
856731_reviewed	852037_reviewed	1
856409_reviewed	856409_reviewed	1
852410_reviewed	855571_reviewed	0
851394_reviewed	856797_reviewed	1
856351_reviewed	856063_reviewed	1
851686_reviewed	855937_reviewed	0
851369_reviewed	853071_reviewed	0
853133_reviewed	855706_reviewed	0
855836_reviewed	852846_reviewed	1
851483_reviewed	856290_reviewed	0
853353_reviewed	851457_reviewed	1
853438_reviewed	851768_reviewed	1
851756_reviewed	856751_reviewed	0
851394_reviewed	851319_reviewed	1
853064_reviewed	850872_reviewed	1
855356_reviewed	856862_reviewed	0
852059_reviewed	855203_reviewed	0
850894_reviewed	853376_reviewed	0
856709_reviewed	856751_reviewed	0
854252_reviewed	855306_reviewed	0
851000_reviewed	856743_reviewed	0
852466_reviewed	851034_reviewed	1
855171_reviewed	856799_reviewed	0
852695_reviewed	851406_reviewed	1
851394_reviewed	852243_reviewed	1
853174_reviewed	854123_reviewed	0
850973_reviewed	856507_reviewed	0
851720_reviewed	850888_reviewed	1
851450_reviewed	852373_reviewed	0
852754_reviewed	854136_reviewed	1
856667_reviewed	855665_reviewed	1
854938_reviewed	854458_reviewed	1
855099_reviewed	855471_reviewed	0
852697_reviewed	856012_reviewed	1
856536_reviewed	856604_reviewed	0
850741_reviewed	852547_reviewed	0
851671_reviewed	856751_reviewed	0
853441_reviewed	855673_reviewed	0
850623_reviewed	851813_reviewed	0
852885_reviewed	853133_reviewed	0
851264_reviewed	851226_reviewed	1
855159_reviewed	854977_reviewed	1
854078_reviewed	852767_reviewed	1
852088_reviewed	856924_reviewed	1
853912_reviewed	856229_reviewed	1
851371_reviewed	852399_reviewed	0
851592_reviewed	851988_reviewed	0
851408_reviewed	856218_reviewed	1
851507_reviewed	855836_reviewed	0
852646_reviewed	854345_reviewed	0
855739_reviewed	856505_reviewed	0
851424_reviewed	856870_reviewed	0
853774_reviewed	854220_reviewed	1
851787_reviewed	855104_reviewed	1
850713_reviewed	852504_reviewed	0
852794_reviewed	856667_reviewed	0
852996_reviewed	852053_reviewed	1
855203_reviewed	855470_reviewed	0
851691_reviewed	853114_reviewed	0
850521_reviewed	854283_reviewed	1
851820_reviewed	854714_reviewed	0
851887_reviewed	854683_reviewed	1
854290_reviewed	855841_reviewed	0
850733_reviewed	850733_reviewed	1
851259_reviewed	855357_reviewed	0
856751_reviewed	856891_reviewed	0
856087_reviewed	853957_reviewed	1
852410_reviewed	856524_reviewed	0
850983_reviewed	852096_reviewed	0
851678_reviewed	856731_reviewed	0
852749_reviewed	855836_reviewed	0
850304_reviewed	850894_reviewed	0
853090_reviewed	851841_reviewed	1
850572_reviewed	852896_reviewed	0
856130_reviewed	852258_reviewed	1
850298_reviewed	856603_reviewed	0
852194_reviewed	851696_reviewed	1
850720_reviewed	854497_reviewed	0
852947_reviewed	856360_reviewed	0
853956_reviewed	855613_reviewed	1
852018_reviewed	855836_reviewed	0
851394_reviewed	852848_reviewed	1
850298_reviewed	856553_reviewed	1
850598_reviewed	854912_reviewed	1
851259_reviewed	853128_reviewed	1
856696_reviewed	856134_reviewed	1
852042_reviewed	855555_reviewed	0
852385_reviewed	854453_reviewed	0
851394_reviewed	852042_reviewed	1
850423_reviewed	854697_reviewed	0
854222_reviewed	854222_reviewed	1
851924_reviewed	853682_reviewed	0
851371_reviewed	854886_reviewed	1
852787_reviewed	854423_reviewed	0
852889_reviewed	854423_reviewed	0
855613_reviewed	856076_reviewed	0
850419_reviewed	850696_reviewed	0
854433_reviewed	854284_reviewed	1
856732_reviewed	850808_reviewed	1
850422_reviewed	855957_reviewed	0
850647_reviewed	854983_reviewed	1
853741_reviewed	854444_reviewed	1
852377_reviewed	854706_reviewed	0
852392_reviewed	853681_reviewed	0
853202_reviewed	853365_reviewed	1
853922_reviewed	851740_reviewed	1
855505_reviewed	856891_reviewed	1
855836_reviewed	850522_reviewed	1
855053_reviewed	854106_reviewed	1
853922_reviewed	851988_reviewed	1
851813_reviewed	855448_reviewed	0
852728_reviewed	852787_reviewed	0
851482_reviewed	856647_reviewed	0
855466_reviewed	854258_reviewed	1
850549_reviewed	852107_reviewed	1
856453_reviewed	856572_reviewed	0
851431_reviewed	855073_reviewed	0
854162_reviewed	852042_reviewed	1
854693_reviewed	856425_reviewed	1
852995_reviewed	856012_reviewed	1
852318_reviewed	856738_reviewed	0
855524_reviewed	855968_reviewed	1
853244_reviewed	855460_reviewed	1
853109_reviewed	854023_reviewed	1
853463_reviewed	853896_reviewed	1
850554_reviewed	853168_reviewed	1
852184_reviewed	852492_reviewed	1
854211_reviewed	851320_reviewed	1
852697_reviewed	852712_reviewed	0
852059_reviewed	856437_reviewed	0
852896_reviewed	855972_reviewed	0
850763_reviewed	855730_reviewed	1
851394_reviewed	855305_reviewed	1
853229_reviewed	855171_reviewed	0
851559_reviewed	854791_reviewed	1
853373_reviewed	853836_reviewed	0
856746_reviewed	852371_reviewed	1
850919_reviewed	852060_reviewed	1
854229_reviewed	854758_reviewed	0
856320_reviewed	856866_reviewed	0
855158_reviewed	856863_reviewed	0
855897_reviewed	851499_reviewed	1
850543_reviewed	852892_reviewed	1
850785_reviewed	851700_reviewed	0
850440_reviewed	853922_reviewed	0
850440_reviewed	851169_reviewed	1
852553_reviewed	851937_reviewed	1
851394_reviewed	852319_reviewed	1
852660_reviewed	852715_reviewed	1
855925_reviewed	850346_reviewed	1
854444_reviewed	856148_reviewed	1
853034_reviewed	854646_reviewed	0
850647_reviewed	855536_reviewed	1
850647_reviewed	855824_reviewed	1
851558_reviewed	854646_reviewed	0
856603_reviewed	855977_reviewed	1
850696_reviewed	851754_reviewed	1
852697_reviewed	853922_reviewed	0
852681_reviewed	850399_reviewed	1
851771_reviewed	856254_reviewed	0
850539_reviewed	852001_reviewed	0
855819_reviewed	853283_reviewed	1
853856_reviewed	855584_reviewed	0
855439_reviewed	856709_reviewed	0
850372_reviewed	852416_reviewed	0
851394_reviewed	854328_reviewed	1
852676_reviewed	855458_reviewed	1
855618_reviewed	856514_reviewed	0
853798_reviewed	856320_reviewed	0
856600_reviewed	854229_reviewed	1
852697_reviewed	855594_reviewed	1
853327_reviewed	855505_reviewed	0
853458_reviewed	856863_reviewed	0
852582_reviewed	855911_reviewed	0
854541_reviewed	856746_reviewed	0
855906_reviewed	854273_reviewed	1
850647_reviewed	855037_reviewed	1
852385_reviewed	852888_reviewed	0
852088_reviewed	852371_reviewed	0
852512_reviewed	851916_reviewed	1
851102_reviewed	851706_reviewed	0
850346_reviewed	851800_reviewed	0
856854_reviewed	855568_reviewed	1
855428_reviewed	854773_reviewed	1
850440_reviewed	856317_reviewed	0
853854_reviewed	854684_reviewed	0
850688_reviewed	851548_reviewed	0
851394_reviewed	854380_reviewed	1
851949_reviewed	853198_reviewed	0
853814_reviewed	855974_reviewed	0
856924_reviewed	853513_reviewed	1
852697_reviewed	855386_reviewed	1
854675_reviewed	854937_reviewed	1
851803_reviewed	856751_reviewed	0
856367_reviewed	850868_reviewed	1
856731_reviewed	850554_reviewed	1
855044_reviewed	856351_reviewed	0
851259_reviewed	852424_reviewed	1
850806_reviewed	853353_reviewed	0
851207_reviewed	855277_reviewed	0
851699_reviewed	851873_reviewed	0
855737_reviewed	854382_reviewed	1
852258_reviewed	852383_reviewed	0
855171_reviewed	856076_reviewed	0
852230_reviewed	850973_reviewed	1
851335_reviewed	853177_reviewed	0
854663_reviewed	856169_reviewed	1
852169_reviewed	852862_reviewed	1
851745_reviewed	851745_reviewed	1
853029_reviewed	853956_reviewed	0
850330_reviewed	856507_reviewed	0
852885_reviewed	855155_reviewed	0
856537_reviewed	852248_reviewed	1
851745_reviewed	855017_reviewed	1
851259_reviewed	855500_reviewed	0
850654_reviewed	852020_reviewed	0
851988_reviewed	855979_reviewed	0
855489_reviewed	855836_reviewed	0
850894_reviewed	855649_reviewed	0
850580_reviewed	851874_reviewed	0
851699_reviewed	853133_reviewed	0
852059_reviewed	855155_reviewed	0
852262_reviewed	855987_reviewed	0
852697_reviewed	851969_reviewed	1
851259_reviewed	851887_reviewed	1
850440_reviewed	851842_reviewed	0
852291_reviewed	855836_reviewed	0
850822_reviewed	856524_reviewed	0
853409_reviewed	853016_reviewed	1
855427_reviewed	855466_reviewed	0
852517_reviewed	854229_reviewed	0
851666_reviewed	853463_reviewed	0
855335_reviewed	853682_reviewed	1
850694_reviewed	855971_reviewed	0
854543_reviewed	855884_reviewed	0
854791_reviewed	852747_reviewed	1
855653_reviewed	856925_reviewed	1
850767_reviewed	853017_reviewed	0
856891_reviewed	855267_reviewed	1
850298_reviewed	850688_reviewed	0
854485_reviewed	854999_reviewed	0
852506_reviewed	853261_reviewed	1
856663_reviewed	852083_reviewed	1
850647_reviewed	853658_reviewed	1
854342_reviewed	855478_reviewed	0
856311_reviewed	855883_reviewed	1
853016_reviewed	851142_reviewed	1
851394_reviewed	856754_reviewed	1
852318_reviewed	850945_reviewed	1
851042_reviewed	854151_reviewed	0
850894_reviewed	855977_reviewed	0
854284_reviewed	855466_reviewed	0
856486_reviewed	852416_reviewed	1
851394_reviewed	853705_reviewed	1
851933_reviewed	851431_reviewed	1
854256_reviewed	856644_reviewed	0
851379_reviewed	855281_reviewed	0
856159_reviewed	851916_reviewed	1
851394_reviewed	855297_reviewed	1
850733_reviewed	856161_reviewed	0
851632_reviewed	851548_reviewed	1
851394_reviewed	850569_reviewed	1
853091_reviewed	855974_reviewed	0
855897_reviewed	852229_reviewed	1
851034_reviewed	851858_reviewed	0
853456_reviewed	856002_reviewed	0
853031_reviewed	855110_reviewed	1
856320_reviewed	856749_reviewed	0
851394_reviewed	850621_reviewed	1
851071_reviewed	856490_reviewed	0
850807_reviewed	852538_reviewed	0
850747_reviewed	856870_reviewed	0
853064_reviewed	855485_reviewed	0
851676_reviewed	853047_reviewed	0
852553_reviewed	852443_reviewed	1
853481_reviewed	855836_reviewed	0
851542_reviewed	851745_reviewed	0
855449_reviewed	855945_reviewed	0
855689_reviewed	853161_reviewed	1
851394_reviewed	852945_reviewed	1
852230_reviewed	853287_reviewed	0
852789_reviewed	856731_reviewed	0
851632_reviewed	855158_reviewed	0
852209_reviewed	852311_reviewed	0
852762_reviewed	854663_reviewed	0
853729_reviewed	854200_reviewed	1
852757_reviewed	856489_reviewed	1
854995_reviewed	856398_reviewed	0
853723_reviewed	850868_reviewed	1
856522_reviewed	851860_reviewed	1
851745_reviewed	855059_reviewed	0
852119_reviewed	856504_reviewed	0
852697_reviewed	856317_reviewed	0
854193_reviewed	854939_reviewed	0
851874_reviewed	852452_reviewed	0
854247_reviewed	851424_reviewed	1
852091_reviewed	852451_reviewed	0
851928_reviewed	856862_reviewed	0
854904_reviewed	853017_reviewed	1
852697_reviewed	850880_reviewed	1
855066_reviewed	853409_reviewed	1
852053_reviewed	855888_reviewed	0
853041_reviewed	855757_reviewed	0
855460_reviewed	855460_reviewed	1
852675_reviewed	854697_reviewed	1
850647_reviewed	854261_reviewed	1
852258_reviewed	856281_reviewed	0
852499_reviewed	850504_reviewed	1
855155_reviewed	855758_reviewed	0
851394_reviewed	854257_reviewed	1
851220_reviewed	855362_reviewed	0
854957_reviewed	855180_reviewed	0
851696_reviewed	856571_reviewed	1
850894_reviewed	850919_reviewed	0
853671_reviewed	851259_reviewed	1
855920_reviewed	856680_reviewed	0
855101_reviewed	850712_reviewed	1
853641_reviewed	856848_reviewed	0
852398_reviewed	854749_reviewed	1
852506_reviewed	856362_reviewed	0
851647_reviewed	852372_reviewed	0
851095_reviewed	852586_reviewed	0
851758_reviewed	854601_reviewed	0
855620_reviewed	856485_reviewed	0
852697_reviewed	851895_reviewed	1
852523_reviewed	852523_reviewed	1
850712_reviewed	855952_reviewed	0
854981_reviewed	855600_reviewed	0
854345_reviewed	856743_reviewed	1
852697_reviewed	850510_reviewed	1
850756_reviewed	852688_reviewed	0
851394_reviewed	852325_reviewed	1
851399_reviewed	851168_reviewed	1
853746_reviewed	853692_reviewed	1
851394_reviewed	856188_reviewed	1
851754_reviewed	856891_reviewed	1
851924_reviewed	856449_reviewed	0
853133_reviewed	855017_reviewed	0
850510_reviewed	854970_reviewed	0
850298_reviewed	851162_reviewed	1
855950_reviewed	856674_reviewed	0
854662_reviewed	856738_reviewed	1
851632_reviewed	853376_reviewed	0
850422_reviewed	850298_reviewed	1
850298_reviewed	855408_reviewed	1
851754_reviewed	856226_reviewed	0
853503_reviewed	856112_reviewed	0
856604_reviewed	856911_reviewed	0
851895_reviewed	853630_reviewed	0
855492_reviewed	851259_reviewed	1
850808_reviewed	854540_reviewed	0
852245_reviewed	851655_reviewed	1
851394_reviewed	855602_reviewed	1
852344_reviewed	855102_reviewed	0
855532_reviewed	856017_reviewed	1
851776_reviewed	853439_reviewed	0
851394_reviewed	850763_reviewed	1
852326_reviewed	854201_reviewed	0
852778_reviewed	852170_reviewed	1
850982_reviewed	851208_reviewed	1
854791_reviewed	855471_reviewed	0
853439_reviewed	854345_reviewed	0
855911_reviewed	854162_reviewed	1
851032_reviewed	851549_reviewed	0
850611_reviewed	855362_reviewed	1
853447_reviewed	855158_reviewed	1
854435_reviewed	852037_reviewed	1
855836_reviewed	853674_reviewed	1
850298_reviewed	856449_reviewed	0
852553_reviewed	854380_reviewed	1
856731_reviewed	851140_reviewed	1
855841_reviewed	854309_reviewed	1
850435_reviewed	855539_reviewed	1
850908_reviewed	855983_reviewed	1
851648_reviewed	856891_reviewed	0
851962_reviewed	853098_reviewed	0
851404_reviewed	853442_reviewed	1
852492_reviewed	852497_reviewed	0
852983_reviewed	856016_reviewed	0
851259_reviewed	851647_reviewed	0
852079_reviewed	852670_reviewed	0
853630_reviewed	851048_reviewed	1
850620_reviewed	855356_reviewed	0
851000_reviewed	854017_reviewed	0
855728_reviewed	855934_reviewed	1
851264_reviewed	851462_reviewed	0
855335_reviewed	855730_reviewed	1
850409_reviewed	853191_reviewed	1
852779_reviewed	853149_reviewed	0
855950_reviewed	856823_reviewed	1
854283_reviewed	856146_reviewed	0
850682_reviewed	852714_reviewed	0
855785_reviewed	852892_reviewed	1
852050_reviewed	856281_reviewed	0
853743_reviewed	852606_reviewed	1
850647_reviewed	853941_reviewed	1
851723_reviewed	852001_reviewed	1
852697_reviewed	854229_reviewed	0
851052_reviewed	852018_reviewed	0
852569_reviewed	856870_reviewed	0
854286_reviewed	854740_reviewed	1
854487_reviewed	853188_reviewed	1
853347_reviewed	851513_reviewed	1
853985_reviewed	850760_reviewed	1
853238_reviewed	856749_reviewed	1
852373_reviewed	854345_reviewed	0
850333_reviewed	856797_reviewed	0
852873_reviewed	854735_reviewed	1
850440_reviewed	856186_reviewed	0
851739_reviewed	852319_reviewed	1
850920_reviewed	852673_reviewed	0
856162_reviewed	853758_reviewed	1
855230_reviewed	856358_reviewed	0
856130_reviewed	856696_reviewed	0
851318_reviewed	851201_reviewed	1
851114_reviewed	855725_reviewed	0
851394_reviewed	852606_reviewed	1
856070_reviewed	856799_reviewed	1
856436_reviewed	855841_reviewed	1
853576_reviewed	850775_reviewed	1
852096_reviewed	850504_reviewed	1
855830_reviewed	856225_reviewed	0
852766_reviewed	854540_reviewed	0
851394_reviewed	851488_reviewed	1
851672_reviewed	851672_reviewed	1
851503_reviewed	856847_reviewed	1
854776_reviewed	854660_reviewed	1
852243_reviewed	854092_reviewed	1
851723_reviewed	852449_reviewed	0
853083_reviewed	853109_reviewed	0
852767_reviewed	850652_reviewed	1
851513_reviewed	852018_reviewed	0
850709_reviewed	855558_reviewed	1
850712_reviewed	850712_reviewed	1
852553_reviewed	852188_reviewed	1
850598_reviewed	850763_reviewed	0
850563_reviewed	854598_reviewed	0
852931_reviewed	856484_reviewed	1
851125_reviewed	853956_reviewed	0
851394_reviewed	853919_reviewed	1
852746_reviewed	855386_reviewed	1
852457_reviewed	856093_reviewed	1
853320_reviewed	855964_reviewed	0
852728_reviewed	854675_reviewed	0
851394_reviewed	853274_reviewed	1
850334_reviewed	855449_reviewed	0
850686_reviewed	855669_reviewed	0
852230_reviewed	853287_reviewed	0
851136_reviewed	855841_reviewed	0
851364_reviewed	853566_reviewed	0
851196_reviewed	856351_reviewed	0
852713_reviewed	855689_reviewed	0
850584_reviewed	854307_reviewed	0
854026_reviewed	855155_reviewed	1
852705_reviewed	856263_reviewed	0
854111_reviewed	853830_reviewed	1
852477_reviewed	855602_reviewed	0
851606_reviewed	852967_reviewed	0
855547_reviewed	856815_reviewed	0
855237_reviewed	850782_reviewed	1
852080_reviewed	853010_reviewed	0
850329_reviewed	850329_reviewed	1
853756_reviewed	855478_reviewed	0
851936_reviewed	852553_reviewed	0
851337_reviewed	854703_reviewed	0
853956_reviewed	856864_reviewed	0
851644_reviewed	856901_reviewed	0
851897_reviewed	856743_reviewed	0
853509_reviewed	855888_reviewed	1
855836_reviewed	851607_reviewed	1
851114_reviewed	856319_reviewed	1
852732_reviewed	854149_reviewed	0
854245_reviewed	850919_reviewed	1
850647_reviewed	855602_reviewed	1
856191_reviewed	852848_reviewed	1
852757_reviewed	854327_reviewed	0
850633_reviewed	856154_reviewed	1
850686_reviewed	854153_reviewed	0
852880_reviewed	856218_reviewed	0
851688_reviewed	850585_reviewed	1
851171_reviewed	856313_reviewed	0
851394_reviewed	855976_reviewed	1
851266_reviewed	851708_reviewed	0
852410_reviewed	855155_reviewed	0
852371_reviewed	850889_reviewed	1
851394_reviewed	852050_reviewed	1
852672_reviewed	853811_reviewed	0
851745_reviewed	855267_reviewed	1
853461_reviewed	853723_reviewed	0
850623_reviewed	850968_reviewed	0
850785_reviewed	855006_reviewed	1
852881_reviewed	851691_reviewed	1
850649_reviewed	853956_reviewed	0
851691_reviewed	853114_reviewed	0
852439_reviewed	854229_reviewed	1
854102_reviewed	855758_reviewed	0
852235_reviewed	854598_reviewed	1
856168_reviewed	852618_reviewed	1
850419_reviewed	851592_reviewed	0
853219_reviewed	854113_reviewed	0
850409_reviewed	852053_reviewed	0
850647_reviewed	856135_reviewed	1
853718_reviewed	855728_reviewed	1
856154_reviewed	852039_reviewed	1
856267_reviewed	854317_reviewed	1
852397_reviewed	851259_reviewed	1
852500_reviewed	855343_reviewed	1
851259_reviewed	851447_reviewed	0
851737_reviewed	852868_reviewed	0
852972_reviewed	853450_reviewed	0
854827_reviewed	856843_reviewed	1
856036_reviewed	856036_reviewed	1
850608_reviewed	855006_reviewed	0
852512_reviewed	853011_reviewed	0
852624_reviewed	854382_reviewed	0
851337_reviewed	856870_reviewed	0
852060_reviewed	855790_reviewed	0
850728_reviewed	856220_reviewed	0
851678_reviewed	856218_reviewed	0
853729_reviewed	855584_reviewed	0
852171_reviewed	854063_reviewed	0
855144_reviewed	856891_reviewed	0
854192_reviewed	855405_reviewed	0
850803_reviewed	851396_reviewed	1
853956_reviewed	856352_reviewed	1
854780_reviewed	856482_reviewed	1
850298_reviewed	854078_reviewed	0
855068_reviewed	851170_reviewed	1
852042_reviewed	853686_reviewed	0
853673_reviewed	854709_reviewed	0
855387_reviewed	856511_reviewed	0
850387_reviewed	856349_reviewed	0
853229_reviewed	856351_reviewed	0
854170_reviewed	851671_reviewed	1
854034_reviewed	855957_reviewed	1
851768_reviewed	856036_reviewed	0
852001_reviewed	852449_reviewed	0
851884_reviewed	854322_reviewed	1
852193_reviewed	856726_reviewed	1
851636_reviewed	853922_reviewed	0
851771_reviewed	853364_reviewed	1
855406_reviewed	853503_reviewed	1
856862_reviewed	853705_reviewed	1
852757_reviewed	854485_reviewed	0
852469_reviewed	854428_reviewed	1
851504_reviewed	852569_reviewed	0
852013_reviewed	853098_reviewed	1
850620_reviewed	853744_reviewed	0
852848_reviewed	855204_reviewed	0
851592_reviewed	855263_reviewed	0
853638_reviewed	854170_reviewed	0
852547_reviewed	855204_reviewed	0
854116_reviewed	855664_reviewed	0
850647_reviewed	854855_reviewed	1
852344_reviewed	852755_reviewed	0
851831_reviewed	854965_reviewed	1
852402_reviewed	855639_reviewed	1
850419_reviewed	855203_reviewed	0
851394_reviewed	851520_reviewed	1
852385_reviewed	855426_reviewed	1
854706_reviewed	855386_reviewed	1
854229_reviewed	855357_reviewed	0
851394_reviewed	856146_reviewed	1
853945_reviewed	854820_reviewed	0
851665_reviewed	850889_reviewed	1
853540_reviewed	854601_reviewed	0
852039_reviewed	856305_reviewed	0
854138_reviewed	856466_reviewed	1
855055_reviewed	854941_reviewed	1
855144_reviewed	856223_reviewed	0
852516_reviewed	854203_reviewed	1
854072_reviewed	855954_reviewed	1
850598_reviewed	854933_reviewed	0
851513_reviewed	855043_reviewed	1
851585_reviewed	851142_reviewed	1
851140_reviewed	855428_reviewed	0
853503_reviewed	855107_reviewed	0
855836_reviewed	854026_reviewed	1
852501_reviewed	855836_reviewed	0
851000_reviewed	853667_reviewed	0
851042_reviewed	854013_reviewed	0
851457_reviewed	855266_reviewed	1
855214_reviewed	856129_reviewed	0
854423_reviewed	855535_reviewed	0
853748_reviewed	853936_reviewed	0
852377_reviewed	850539_reviewed	1
856303_reviewed	850878_reviewed	1
851784_reviewed	851342_reviewed	1
850693_reviewed	851889_reviewed	0
856502_reviewed	854431_reviewed	1
851259_reviewed	856320_reviewed	0
855357_reviewed	855838_reviewed	1
856384_reviewed	851142_reviewed	1
855758_reviewed	854023_reviewed	1
852862_reviewed	854957_reviewed	0
851814_reviewed	856743_reviewed	0
851212_reviewed	852088_reviewed	0
851745_reviewed	851962_reviewed	0
856515_reviewed	855607_reviewed	1
853546_reviewed	854543_reviewed	0
852549_reviewed	856466_reviewed	0
855613_reviewed	855658_reviewed	0
850973_reviewed	850973_reviewed	1
856891_reviewed	852001_reviewed	1
850605_reviewed	855613_reviewed	0
851447_reviewed	852697_reviewed	0
851928_reviewed	854026_reviewed	0
853587_reviewed	854229_reviewed	0
854656_reviewed	855102_reviewed	0
851160_reviewed	854376_reviewed	0
856723_reviewed	854229_reviewed	1
851125_reviewed	854881_reviewed	1
853400_reviewed	855356_reviewed	0
851394_reviewed	850919_reviewed	1
851696_reviewed	853922_reviewed	0
855060_reviewed	854981_reviewed	1
852766_reviewed	853650_reviewed	0
853714_reviewed	854263_reviewed	1
855998_reviewed	851259_reviewed	1
854844_reviewed	856352_reviewed	1
854735_reviewed	850613_reviewed	1
856219_reviewed	851809_reviewed	1
852522_reviewed	855653_reviewed	1
852982_reviewed	852995_reviewed	0
852643_reviewed	854737_reviewed	1
854286_reviewed	855082_reviewed	1
850504_reviewed	850506_reviewed	0
852042_reviewed	854322_reviewed	1
850313_reviewed	856321_reviewed	0
853030_reviewed	856130_reviewed	0
854735_reviewed	856742_reviewed	1
853861_reviewed	855458_reviewed	0
854673_reviewed	853071_reviewed	1
851125_reviewed	852060_reviewed	1
852373_reviewed	854017_reviewed	1
853128_reviewed	856870_reviewed	0
852833_reviewed	853674_reviewed	0
856277_reviewed	855630_reviewed	1
850760_reviewed	852726_reviewed	1
853539_reviewed	855221_reviewed	0
851394_reviewed	851969_reviewed	1
851109_reviewed	852758_reviewed	0
852549_reviewed	852007_reviewed	1
852088_reviewed	852032_reviewed	1
851000_reviewed	853630_reviewed	1
850893_reviewed	850893_reviewed	1
850782_reviewed	853072_reviewed	0
853071_reviewed	855929_reviewed	0
850625_reviewed	854881_reviewed	0
854940_reviewed	856459_reviewed	0
854020_reviewed	854999_reviewed	1
853922_reviewed	851213_reviewed	1
853492_reviewed	855640_reviewed	1
850719_reviewed	852938_reviewed	0
851756_reviewed	856895_reviewed	1
853886_reviewed	854318_reviewed	0
851407_reviewed	851548_reviewed	1
854713_reviewed	855584_reviewed	0
851720_reviewed	853154_reviewed	1
854370_reviewed	856129_reviewed	1
855390_reviewed	856659_reviewed	0
853062_reviewed	855890_reviewed	0
851394_reviewed	852815_reviewed	1
850534_reviewed	855841_reviewed	1
852984_reviewed	854544_reviewed	1
855842_reviewed	856421_reviewed	0
856513_reviewed	854072_reviewed	1
852697_reviewed	851197_reviewed	1
852773_reviewed	856862_reviewed	0
851965_reviewed	852789_reviewed	0
856924_reviewed	855648_reviewed	1
850798_reviewed	852673_reviewed	0
854309_reviewed	854309_reviewed	1
856021_reviewed	850712_reviewed	1
850719_reviewed	853381_reviewed	0
856862_reviewed	855318_reviewed	1
850941_reviewed	851041_reviewed	0
851399_reviewed	851399_reviewed	1
850633_reviewed	856924_reviewed	1
852995_reviewed	856449_reviewed	1
852549_reviewed	856466_reviewed	0
850983_reviewed	853667_reviewed	0
854535_reviewed	855356_reviewed	0
850758_reviewed	853701_reviewed	0
855737_reviewed	852451_reviewed	1
854182_reviewed	856384_reviewed	0
851212_reviewed	853332_reviewed	1
852242_reviewed	852553_reviewed	0
851566_reviewed	853539_reviewed	0
854450_reviewed	854650_reviewed	0
851259_reviewed	851162_reviewed	1
851247_reviewed	853523_reviewed	0
856476_reviewed	856594_reviewed	0
853167_reviewed	855942_reviewed	0
852512_reviewed	852728_reviewed	0
853682_reviewed	855466_reviewed	1
855512_reviewed	856709_reviewed	1
851323_reviewed	853455_reviewed	0
852100_reviewed	852673_reviewed	1
852931_reviewed	856455_reviewed	0
852088_reviewed	854183_reviewed	1
851394_reviewed	852809_reviewed	1
853743_reviewed	851698_reviewed	1
854912_reviewed	856760_reviewed	0
851152_reviewed	855836_reviewed	0
851010_reviewed	856870_reviewed	0
855897_reviewed	856922_reviewed	1
851318_reviewed	852757_reviewed	1
852060_reviewed	856603_reviewed	1
856384_reviewed	854715_reviewed	1
851394_reviewed	853551_reviewed	1
850647_reviewed	850387_reviewed	1
851259_reviewed	856058_reviewed	1
854897_reviewed	855651_reviewed	0
855665_reviewed	856130_reviewed	0
856159_reviewed	850607_reviewed	1
852697_reviewed	850720_reviewed	1
852896_reviewed	855998_reviewed	0
852042_reviewed	855929_reviewed	0
853071_reviewed	855428_reviewed	0
851709_reviewed	852660_reviewed	0
854153_reviewed	854153_reviewed	1
851483_reviewed	852392_reviewed	1
850506_reviewed	851996_reviewed	0
851895_reviewed	852100_reviewed	0
853442_reviewed	856320_reviewed	1
852697_reviewed	852972_reviewed	1
850818_reviewed	856579_reviewed	0
852497_reviewed	854976_reviewed	0
852121_reviewed	855752_reviewed	0
850744_reviewed	855821_reviewed	1
852650_reviewed	852697_reviewed	0
856695_reviewed	851099_reviewed	1
853192_reviewed	855499_reviewed	0
851776_reviewed	852814_reviewed	0
856486_reviewed	856751_reviewed	1
852532_reviewed	855116_reviewed	0
852228_reviewed	856089_reviewed	0
854123_reviewed	855228_reviewed	1
851424_reviewed	852643_reviewed	1
851032_reviewed	855665_reviewed	0
852766_reviewed	855264_reviewed	0
851458_reviewed	851458_reviewed	1
853133_reviewed	855116_reviewed	0
852576_reviewed	851153_reviewed	1
853264_reviewed	856091_reviewed	1
850638_reviewed	851756_reviewed	0
851900_reviewed	851928_reviewed	1
851061_reviewed	856208_reviewed	1
854322_reviewed	856208_reviewed	1
853576_reviewed	854480_reviewed	0
855613_reviewed	854078_reviewed	1
850445_reviewed	850534_reviewed	0
851174_reviewed	853364_reviewed	0
853349_reviewed	856372_reviewed	0
851897_reviewed	850598_reviewed	1
851623_reviewed	852673_reviewed	1
851723_reviewed	852624_reviewed	0
851247_reviewed	851577_reviewed	0
852749_reviewed	856870_reviewed	0
855710_reviewed	855950_reviewed	0
852740_reviewed	855897_reviewed	0
854453_reviewed	854086_reviewed	1
850734_reviewed	855013_reviewed	0
854084_reviewed	855570_reviewed	0
853244_reviewed	856236_reviewed	1
853365_reviewed	854373_reviewed	1
851041_reviewed	855277_reviewed	1
855362_reviewed	855616_reviewed	0
851394_reviewed	853555_reviewed	1
851745_reviewed	853752_reviewed	0
852062_reviewed	852624_reviewed	0
854119_reviewed	855836_reviewed	0
855613_reviewed	855658_reviewed	0
856076_reviewed	855201_reviewed	1
855053_reviewed	856830_reviewed	0
856862_reviewed	855501_reviewed	1
851394_reviewed	851302_reviewed	1
855436_reviewed	855512_reviewed	1
851394_reviewed	851255_reviewed	1
855836_reviewed	853465_reviewed	1
852560_reviewed	852089_reviewed	1
855068_reviewed	855730_reviewed	1
853010_reviewed	855168_reviewed	0
855067_reviewed	856129_reviewed	0
851255_reviewed	855399_reviewed	1
853552_reviewed	851424_reviewed	1
851410_reviewed	851161_reviewed	1
852352_reviewed	856291_reviewed	1
852500_reviewed	854995_reviewed	1
850551_reviewed	855068_reviewed	0
851768_reviewed	854650_reviewed	0
853355_reviewed	851214_reviewed	1
852322_reviewed	855787_reviewed	1
853100_reviewed	856437_reviewed	0
856478_reviewed	853418_reviewed	1
850562_reviewed	851408_reviewed	1
856486_reviewed	851827_reviewed	1
851771_reviewed	853752_reviewed	0
855066_reviewed	853796_reviewed	1
851988_reviewed	856751_reviewed	0
853528_reviewed	856514_reviewed	0
851906_reviewed	856723_reviewed	0
853535_reviewed	850944_reviewed	1
852946_reviewed	856381_reviewed	0
850422_reviewed	852982_reviewed	1
854020_reviewed	855841_reviewed	0
850620_reviewed	853350_reviewed	0
852697_reviewed	853514_reviewed	1
853957_reviewed	854977_reviewed	0
853165_reviewed	856912_reviewed	1
852569_reviewed	852852_reviewed	1
851937_reviewed	852816_reviewed	0
856862_reviewed	852013_reviewed	1
856920_reviewed	853531_reviewed	1
853814_reviewed	855471_reviewed	0
853149_reviewed	856673_reviewed	0
854513_reviewed	856145_reviewed	0
856351_reviewed	856870_reviewed	0
856736_reviewed	856263_reviewed	1
853512_reviewed	851163_reviewed	1
854023_reviewed	856351_reviewed	0
851318_reviewed	851994_reviewed	0
853191_reviewed	851723_reviewed	1
854243_reviewed	855512_reviewed	0
855466_reviewed	855725_reviewed	1
851303_reviewed	851389_reviewed	0
851897_reviewed	856146_reviewed	1
856723_reviewed	854381_reviewed	1
855186_reviewed	854277_reviewed	1
851327_reviewed	853478_reviewed	0
851153_reviewed	853891_reviewed	1
856572_reviewed	855468_reviewed	1
851774_reviewed	855297_reviewed	1
850763_reviewed	851483_reviewed	0
854168_reviewed	850973_reviewed	1
852352_reviewed	856743_reviewed	0
853174_reviewed	856134_reviewed	0
851394_reviewed	856649_reviewed	1
851641_reviewed	856021_reviewed	1
851557_reviewed	852867_reviewed	0
856895_reviewed	853811_reviewed	1
850647_reviewed	851775_reviewed	1
856604_reviewed	855539_reviewed	1
855170_reviewed	852119_reviewed	1
853956_reviewed	856119_reviewed	0
855276_reviewed	852001_reviewed	1
852697_reviewed	853264_reviewed	1
853400_reviewed	852665_reviewed	1
852980_reviewed	856398_reviewed	0
850329_reviewed	855661_reviewed	1
856870_reviewed	855359_reviewed	1
853033_reviewed	855114_reviewed	1
855110_reviewed	855580_reviewed	0
853884_reviewed	854953_reviewed	0
856169_reviewed	856723_reviewed	0
852715_reviewed	855844_reviewed	0
855256_reviewed	852042_reviewed	1
854204_reviewed	853186_reviewed	1
853320_reviewed	856731_reviewed	0
856709_reviewed	856607_reviewed	1
851314_reviewed	855180_reviewed	1
853840_reviewed	855522_reviewed	0
851636_reviewed	852697_reviewed	0
851221_reviewed	852987_reviewed	0
852457_reviewed	856422_reviewed	1
852453_reviewed	854791_reviewed	0
853523_reviewed	855586_reviewed	0
851513_reviewed	855611_reviewed	0
854084_reviewed	856861_reviewed	0
852802_reviewed	854162_reviewed	0
853109_reviewed	853834_reviewed	0
850872_reviewed	854381_reviewed	0
850647_reviewed	856573_reviewed	1
853886_reviewed	855751_reviewed	0
853784_reviewed	853166_reviewed	1
854851_reviewed	856862_reviewed	1
850422_reviewed	853682_reviewed	0
851530_reviewed	855335_reviewed	1
850585_reviewed	856862_reviewed	1
853546_reviewed	853546_reviewed	1
853705_reviewed	856749_reviewed	0
851924_reviewed	851924_reviewed	1
851063_reviewed	856601_reviewed	0
854200_reviewed	854200_reviewed	1
850401_reviewed	852976_reviewed	0
851163_reviewed	851617_reviewed	0
856732_reviewed	851741_reviewed	1
851916_reviewed	853909_reviewed	0
856862_reviewed	850578_reviewed	1
850521_reviewed	850695_reviewed	0
851754_reviewed	852021_reviewed	0
856320_reviewed	856862_reviewed	0
851756_reviewed	852071_reviewed	0
850633_reviewed	854732_reviewed	1
853072_reviewed	850373_reviewed	1
852767_reviewed	856603_reviewed	0
851756_reviewed	852352_reviewed	0
855524_reviewed	853992_reviewed	1
851518_reviewed	856723_reviewed	0
850647_reviewed	855772_reviewed	1
854200_reviewed	855952_reviewed	0
855836_reviewed	855406_reviewed	1
855751_reviewed	856898_reviewed	0
851928_reviewed	855972_reviewed	0
853264_reviewed	856680_reviewed	0
854116_reviewed	856463_reviewed	0
854404_reviewed	854457_reviewed	1
851819_reviewed	852109_reviewed	0
855514_reviewed	855543_reviewed	1
850872_reviewed	851688_reviewed	0
851549_reviewed	853555_reviewed	0
850297_reviewed	851562_reviewed	0
850764_reviewed	854939_reviewed	0
856106_reviewed	856429_reviewed	0
850620_reviewed	855613_reviewed	0
854717_reviewed	853458_reviewed	1
855203_reviewed	855974_reviewed	0
853427_reviewed	856089_reviewed	0
854781_reviewed	850620_reviewed	1
853974_reviewed	850747_reviewed	1
855972_reviewed	856090_reviewed	0
852060_reviewed	852060_reviewed	1
851394_reviewed	853918_reviewed	1
855104_reviewed	850440_reviewed	1
853780_reviewed	855789_reviewed	0
852371_reviewed	853350_reviewed	0
856486_reviewed	852896_reviewed	1
850878_reviewed	854168_reviewed	0
850601_reviewed	856358_reviewed	0
850951_reviewed	855639_reviewed	0
850326_reviewed	853048_reviewed	0
850657_reviewed	853513_reviewed	0
852871_reviewed	855821_reviewed	0
850598_reviewed	850633_reviewed	1
850370_reviewed	852042_reviewed	0
854078_reviewed	854446_reviewed	1
854749_reviewed	856096_reviewed	0
852088_reviewed	852881_reviewed	0
853198_reviewed	853638_reviewed	0
853465_reviewed	855613_reviewed	0
853767_reviewed	856216_reviewed	1
856130_reviewed	853752_reviewed	1
855974_reviewed	854309_reviewed	1
851399_reviewed	855132_reviewed	1
852785_reviewed	851923_reviewed	1
851708_reviewed	855471_reviewed	0
855788_reviewed	854773_reviewed	1
853332_reviewed	850686_reviewed	1
851220_reviewed	856731_reviewed	0
852512_reviewed	852755_reviewed	0
853397_reviewed	854063_reviewed	0
851797_reviewed	852456_reviewed	1
853767_reviewed	850623_reviewed	1
850935_reviewed	852867_reviewed	1
853161_reviewed	851568_reviewed	1
853373_reviewed	856453_reviewed	0
852767_reviewed	853048_reviewed	0
851678_reviewed	855539_reviewed	1
852371_reviewed	853475_reviewed	0
851115_reviewed	855841_reviewed	1
852697_reviewed	854881_reviewed	1
854198_reviewed	855203_reviewed	1
856862_reviewed	854322_reviewed	1
852457_reviewed	855656_reviewed	1
850320_reviewed	855952_reviewed	0
851431_reviewed	852835_reviewed	0
853956_reviewed	855789_reviewed	1
851969_reviewed	855790_reviewed	1
852726_reviewed	852755_reviewed	0
850623_reviewed	854999_reviewed	0
853537_reviewed	852059_reviewed	1
855238_reviewed	856891_reviewed	0
856743_reviewed	856065_reviewed	1
855836_reviewed	851158_reviewed	1
850598_reviewed	853877_reviewed	1
853191_reviewed	852497_reviewed	1
852757_reviewed	850551_reviewed	1
852439_reviewed	855118_reviewed	0
856358_reviewed	856870_reviewed	0
851499_reviewed	855890_reviewed	0
855716_reviewed	852755_reviewed	1
853743_reviewed	854805_reviewed	1
850620_reviewed	854995_reviewed	1
853334_reviewed	853334_reviewed	1
852697_reviewed	851115_reviewed	1
856854_reviewed	851440_reviewed	1
850549_reviewed	850435_reviewed	1
853956_reviewed	856012_reviewed	1
852392_reviewed	855621_reviewed	0
852440_reviewed	855567_reviewed	0
850754_reviewed	855056_reviewed	0
854243_reviewed	851114_reviewed	1
852229_reviewed	855950_reviewed	1
855836_reviewed	856438_reviewed	1
856155_reviewed	856317_reviewed	0
852322_reviewed	856723_reviewed	0
851906_reviewed	852624_reviewed	0
852512_reviewed	853767_reviewed	0
853091_reviewed	853427_reviewed	1
850298_reviewed	852767_reviewed	0
855710_reviewed	856309_reviewed	1
851394_reviewed	850716_reviewed	1
851632_reviewed	855730_reviewed	1
855769_reviewed	856731_reviewed	0
854252_reviewed	856716_reviewed	1
850507_reviewed	855226_reviewed	0
854503_reviewed	851153_reviewed	1
854102_reviewed	855758_reviewed	0
853498_reviewed	856267_reviewed	0
850806_reviewed	850808_reviewed	0
855613_reviewed	852767_reviewed	1
852439_reviewed	853956_reviewed	0
851858_reviewed	850888_reviewed	1
851201_reviewed	855522_reviewed	0
851513_reviewed	854697_reviewed	0
855952_reviewed	850808_reviewed	1
852042_reviewed	854284_reviewed	0
851226_reviewed	854252_reviewed	0
856854_reviewed	853106_reviewed	1
855203_reviewed	856743_reviewed	0
851746_reviewed	850515_reviewed	1
850733_reviewed	855897_reviewed	0
855267_reviewed	852497_reviewed	1
854883_reviewed	855930_reviewed	0
852757_reviewed	856065_reviewed	0
851706_reviewed	851954_reviewed	0
851723_reviewed	856186_reviewed	1
853912_reviewed	856537_reviewed	0
851039_reviewed	853181_reviewed	0
852136_reviewed	855173_reviewed	0
852766_reviewed	853397_reviewed	0
851394_reviewed	851957_reviewed	1
851394_reviewed	850550_reviewed	1
851259_reviewed	854034_reviewed	1
851495_reviewed	852385_reviewed	1
852688_reviewed	854622_reviewed	1
850982_reviewed	851319_reviewed	0
853895_reviewed	854550_reviewed	0
852547_reviewed	855828_reviewed	0
853527_reviewed	856173_reviewed	0
851263_reviewed	855159_reviewed	0
856011_reviewed	852469_reviewed	1
854827_reviewed	856571_reviewed	0
851564_reviewed	852575_reviewed	0
856726_reviewed	850930_reviewed	1
855613_reviewed	855836_reviewed	0
856255_reviewed	856267_reviewed	1
853796_reviewed	854977_reviewed	0
853478_reviewed	856201_reviewed	0
850647_reviewed	851454_reviewed	1
850298_reviewed	850919_reviewed	1
852549_reviewed	855649_reviewed	1
851819_reviewed	854909_reviewed	0
852276_reviewed	855630_reviewed	1
854764_reviewed	855355_reviewed	0
854822_reviewed	854822_reviewed	1
852817_reviewed	853159_reviewed	0
852697_reviewed	856320_reviewed	0
855607_reviewed	850912_reviewed	1
851394_reviewed	855930_reviewed	1
854182_reviewed	855401_reviewed	0
852133_reviewed	856870_reviewed	0
851742_reviewed	852892_reviewed	1
852697_reviewed	856862_reviewed	0
852790_reviewed	850970_reviewed	1
852814_reviewed	856572_reviewed	0
856130_reviewed	856680_reviewed	1
855040_reviewed	853546_reviewed	1
851544_reviewed	852324_reviewed	0
850684_reviewed	854072_reviewed	0
851315_reviewed	856362_reviewed	0
856267_reviewed	850326_reviewed	1
853181_reviewed	856351_reviewed	0
851391_reviewed	856915_reviewed	0
856146_reviewed	856091_reviewed	1
852177_reviewed	853259_reviewed	1
850968_reviewed	854017_reviewed	0
850298_reviewed	856655_reviewed	0
851400_reviewed	850768_reviewed	1
851931_reviewed	850777_reviewed	1
851100_reviewed	856002_reviewed	1
851716_reviewed	852025_reviewed	1
854977_reviewed	851819_reviewed	1
851394_reviewed	854202_reviewed	1
853956_reviewed	854793_reviewed	0
852041_reviewed	852167_reviewed	0
853133_reviewed	853089_reviewed	1
853456_reviewed	856830_reviewed	1
854980_reviewed	855005_reviewed	1
850652_reviewed	856489_reviewed	0
855535_reviewed	850872_reviewed	1
855053_reviewed	856731_reviewed	0
855532_reviewed	851884_reviewed	1
850808_reviewed	855888_reviewed	1
855836_reviewed	856024_reviewed	0
851858_reviewed	853034_reviewed	1
851771_reviewed	856732_reviewed	0
854781_reviewed	854781_reviewed	1
853320_reviewed	855978_reviewed	0
854543_reviewed	855836_reviewed	0
855068_reviewed	852021_reviewed	1
853064_reviewed	853064_reviewed	1
855053_reviewed	855978_reviewed	0
850808_reviewed	855426_reviewed	0
855524_reviewed	853581_reviewed	1
851315_reviewed	856362_reviewed	0
852097_reviewed	855101_reviewed	0
851895_reviewed	851776_reviewed	1
851394_reviewed	856830_reviewed	1
852915_reviewed	853332_reviewed	0
851326_reviewed	853064_reviewed	0
852697_reviewed	851071_reviewed	1
850505_reviewed	856057_reviewed	0
850419_reviewed	852497_reviewed	0
854786_reviewed	854926_reviewed	0
851627_reviewed	853741_reviewed	0
852982_reviewed	853860_reviewed	0
852133_reviewed	855512_reviewed	0
852697_reviewed	855360_reviewed	0
853886_reviewed	850563_reviewed	1
852497_reviewed	856436_reviewed	0
852512_reviewed	851025_reviewed	1
850647_reviewed	851606_reviewed	1
853287_reviewed	856035_reviewed	1
854435_reviewed	853036_reviewed	1
855116_reviewed	855049_reviewed	1
852861_reviewed	855922_reviewed	1
851803_reviewed	852809_reviewed	1
855110_reviewed	855478_reviewed	0
851371_reviewed	852918_reviewed	0
854068_reviewed	854068_reviewed	1
852008_reviewed	852611_reviewed	0
850973_reviewed	851373_reviewed	0
852984_reviewed	855222_reviewed	1
856848_reviewed	850440_reviewed	1
851544_reviewed	854997_reviewed	1
850686_reviewed	851223_reviewed	0
855154_reviewed	850718_reviewed	1
854675_reviewed	852352_reviewed	1
851394_reviewed	852802_reviewed	1
851580_reviewed	853400_reviewed	0
856429_reviewed	856731_reviewed	0
852250_reviewed	853146_reviewed	0
856856_reviewed	856607_reviewed	1
850806_reviewed	855399_reviewed	1
851985_reviewed	851996_reviewed	0
856680_reviewed	851576_reviewed	1
851059_reviewed	852697_reviewed	0
856293_reviewed	851965_reviewed	1
853353_reviewed	854537_reviewed	1
852245_reviewed	855710_reviewed	0
854866_reviewed	853737_reviewed	1
853201_reviewed	854149_reviewed	0
850347_reviewed	853904_reviewed	0
852451_reviewed	855600_reviewed	0
850950_reviewed	856870_reviewed	0
851745_reviewed	853317_reviewed	0
852039_reviewed	852697_reviewed	0
852311_reviewed	856545_reviewed	1
855470_reviewed	856680_reviewed	0
854827_reviewed	853599_reviewed	1
852731_reviewed	856510_reviewed	1
851450_reviewed	853649_reviewed	0
852697_reviewed	855316_reviewed	0
850966_reviewed	855568_reviewed	0
851259_reviewed	851425_reviewed	1
850401_reviewed	851447_reviewed	1
855505_reviewed	856613_reviewed	0
851201_reviewed	852673_reviewed	0
851394_reviewed	855972_reviewed	1
855525_reviewed	855897_reviewed	0
851407_reviewed	856719_reviewed	0
853712_reviewed	851557_reviewed	1
852494_reviewed	855466_reviewed	0
851744_reviewed	856726_reviewed	1
856223_reviewed	856763_reviewed	0
851168_reviewed	851815_reviewed	0
851394_reviewed	852141_reviewed	1
850999_reviewed	851154_reviewed	0
852059_reviewed	852728_reviewed	0
852897_reviewed	853929_reviewed	0
850647_reviewed	853401_reviewed	1
851411_reviewed	854543_reviewed	0
854119_reviewed	851408_reviewed	1
852806_reviewed	854926_reviewed	0
851064_reviewed	851394_reviewed	1
855616_reviewed	855616_reviewed	1
854678_reviewed	856146_reviewed	0
856732_reviewed	853681_reviewed	1
851678_reviewed	856731_reviewed	0
853729_reviewed	855584_reviewed	0
855631_reviewed	856537_reviewed	0
851048_reviewed	851263_reviewed	1
850962_reviewed	855387_reviewed	0
851733_reviewed	854206_reviewed	0
852487_reviewed	855512_reviewed	0
853537_reviewed	856201_reviewed	0
850334_reviewed	850358_reviewed	1
853806_reviewed	855310_reviewed	0
854907_reviewed	854924_reviewed	0
852455_reviewed	853594_reviewed	0
851394_reviewed	852513_reviewed	1
850806_reviewed	855636_reviewed	0
852223_reviewed	856846_reviewed	0
851394_reviewed	852003_reviewed	1
853275_reviewed	854529_reviewed	1
856563_reviewed	855640_reviewed	1
851678_reviewed	854882_reviewed	0
850430_reviewed	854017_reviewed	0
851441_reviewed	854691_reviewed	1
851776_reviewed	854345_reviewed	0
853481_reviewed	853481_reviewed	1
853271_reviewed	854322_reviewed	1
854938_reviewed	851142_reviewed	1
855613_reviewed	854381_reviewed	1
852766_reviewed	853030_reviewed	0
850401_reviewed	853304_reviewed	0
850682_reviewed	852039_reviewed	0
851437_reviewed	856419_reviewed	0
850768_reviewed	856147_reviewed	0
855568_reviewed	855449_reviewed	1
851033_reviewed	853909_reviewed	0
850440_reviewed	851162_reviewed	0
852685_reviewed	853369_reviewed	1
850763_reviewed	852757_reviewed	0
851394_reviewed	852989_reviewed	1
853128_reviewed	856870_reviewed	0
852834_reviewed	854026_reviewed	0
854656_reviewed	856674_reviewed	0
853826_reviewed	854740_reviewed	0
852483_reviewed	852921_reviewed	0
851406_reviewed	853261_reviewed	1
851259_reviewed	850893_reviewed	1
855867_reviewed	856539_reviewed	0
850554_reviewed	856218_reviewed	1
851771_reviewed	852096_reviewed	1
855496_reviewed	854296_reviewed	1
850504_reviewed	855948_reviewed	0
850401_reviewed	855788_reviewed	0
850977_reviewed	852497_reviewed	0
851924_reviewed	855118_reviewed	1
855460_reviewed	856751_reviewed	0
855336_reviewed	852662_reviewed	1
853186_reviewed	854680_reviewed	1
852618_reviewed	850863_reviewed	1
855584_reviewed	855618_reviewed	0
855737_reviewed	856519_reviewed	0
853320_reviewed	856731_reviewed	0
851442_reviewed	852013_reviewed	1
854664_reviewed	856217_reviewed	0
853644_reviewed	854946_reviewed	1
851125_reviewed	850820_reviewed	1
852322_reviewed	853397_reviewed	1
852697_reviewed	855962_reviewed	0
851957_reviewed	855597_reviewed	1
856384_reviewed	853565_reviewed	1
851407_reviewed	856012_reviewed	0
851394_reviewed	853964_reviewed	1
855673_reviewed	851102_reviewed	1
851935_reviewed	852809_reviewed	1
850647_reviewed	855636_reviewed	1
851112_reviewed	853758_reviewed	0
852177_reviewed	853170_reviewed	0
854202_reviewed	854583_reviewed	0
852064_reviewed	854980_reviewed	1
852670_reviewed	855277_reviewed	0
856850_reviewed	855154_reviewed	1
852688_reviewed	855602_reviewed	1
855158_reviewed	856063_reviewed	0
850872_reviewed	856912_reviewed	1
853135_reviewed	852419_reviewed	1
854249_reviewed	856847_reviewed	1
850647_reviewed	853326_reviewed	1
856848_reviewed	852983_reviewed	1
852697_reviewed	853925_reviewed	1
851113_reviewed	854691_reviewed	1
855950_reviewed	856723_reviewed	0
851286_reviewed	853017_reviewed	0
852344_reviewed	855665_reviewed	0
851313_reviewed	855158_reviewed	1
855136_reviewed	851532_reviewed	1
852020_reviewed	854149_reviewed	1
854841_reviewed	855843_reviewed	0
854882_reviewed	856731_reviewed	1
851160_reviewed	853875_reviewed	1
850647_reviewed	855891_reviewed	1
850695_reviewed	856351_reviewed	0
850603_reviewed	852109_reviewed	0
850647_reviewed	852995_reviewed	1
853010_reviewed	854485_reviewed	0
851787_reviewed	854999_reviewed	0
855974_reviewed	856613_reviewed	0
853191_reviewed	853880_reviewed	0
851890_reviewed	856674_reviewed	0
855771_reviewed	851532_reviewed	1
855836_reviewed	851221_reviewed	1
856502_reviewed	850803_reviewed	1
850297_reviewed	850598_reviewed	0
855836_reviewed	852091_reviewed	1
850808_reviewed	851471_reviewed	0
853419_reviewed	856912_reviewed	1
850401_reviewed	855613_reviewed	0
851513_reviewed	855951_reviewed	1
851394_reviewed	850499_reviewed	1
852451_reviewed	853814_reviewed	0
854622_reviewed	856243_reviewed	0
851457_reviewed	852322_reviewed	0
853556_reviewed	855665_reviewed	0
854698_reviewed	855466_reviewed	0
853825_reviewed	853825_reviewed	1
856799_reviewed	851212_reviewed	1
851897_reviewed	851994_reviewed	0
856876_reviewed	850505_reviewed	1
855226_reviewed	856606_reviewed	0
855492_reviewed	855952_reviewed	0
850883_reviewed	854381_reviewed	0
854485_reviewed	856100_reviewed	0
850741_reviewed	852416_reviewed	0
850654_reviewed	852654_reviewed	1
852612_reviewed	854882_reviewed	0
852053_reviewed	852726_reviewed	1
851193_reviewed	850747_reviewed	1
854937_reviewed	855821_reviewed	0
856484_reviewed	852091_reviewed	1
855263_reviewed	850347_reviewed	1
852371_reviewed	855897_reviewed	0
853647_reviewed	851335_reviewed	1
850598_reviewed	854382_reviewed	1
852740_reviewed	851394_reviewed	1
852472_reviewed	855017_reviewed	0
851259_reviewed	851580_reviewed	0
850370_reviewed	855104_reviewed	0
854732_reviewed	854732_reviewed	1
855570_reviewed	855646_reviewed	0
852992_reviewed	856351_reviewed	0
850422_reviewed	852995_reviewed	0
850647_reviewed	856290_reviewed	1
850914_reviewed	850633_reviewed	1
854404_reviewed	854404_reviewed	1
856222_reviewed	851895_reviewed	1
850437_reviewed	856317_reviewed	0
853713_reviewed	856320_reviewed	1
852987_reviewed	856466_reviewed	1
850647_reviewed	855410_reviewed	1
853005_reviewed	856870_reviewed	0
854373_reviewed	855820_reviewed	1
855981_reviewed	855982_reviewed	0
851213_reviewed	852697_reviewed	0
851259_reviewed	853997_reviewed	1
851918_reviewed	852672_reviewed	0
855841_reviewed	852834_reviewed	1
855073_reviewed	856366_reviewed	0
851756_reviewed	856481_reviewed	0
856702_reviewed	854273_reviewed	1
852778_reviewed	851441_reviewed	1
855143_reviewed	856791_reviewed	0
852762_reviewed	855217_reviewed	1
851745_reviewed	852265_reviewed	0
850419_reviewed	850741_reviewed	0
855571_reviewed	856320_reviewed	1
856135_reviewed	856321_reviewed	0
856742_reviewed	854284_reviewed	1
852371_reviewed	855836_reviewed	0
856607_reviewed	854735_reviewed	1
853503_reviewed	856067_reviewed	0
851064_reviewed	855412_reviewed	0
852037_reviewed	854735_reviewed	1
854443_reviewed	850956_reviewed	1
855430_reviewed	855332_reviewed	1
853729_reviewed	854421_reviewed	1
851255_reviewed	855067_reviewed	0
854231_reviewed	854472_reviewed	0
852385_reviewed	853909_reviewed	0
851720_reviewed	853416_reviewed	0
851482_reviewed	856647_reviewed	0
851259_reviewed	856019_reviewed	0
855906_reviewed	851482_reviewed	1
854317_reviewed	856846_reviewed	0
850419_reviewed	855267_reviewed	0
850807_reviewed	850807_reviewed	1
852995_reviewed	853376_reviewed	0
853174_reviewed	854230_reviewed	0
851025_reviewed	855599_reviewed	0
852762_reviewed	854086_reviewed	0
851906_reviewed	852848_reviewed	0
854023_reviewed	854726_reviewed	0
856746_reviewed	854673_reviewed	1
852100_reviewed	855399_reviewed	0
850549_reviewed	851924_reviewed	0
852014_reviewed	855039_reviewed	1
851585_reviewed	851996_reviewed	0
850806_reviewed	850983_reviewed	1
852715_reviewed	854802_reviewed	0
853478_reviewed	855974_reviewed	0
850647_reviewed	856361_reviewed	1
853090_reviewed	851025_reviewed	1
851263_reviewed	851259_reviewed	1
855836_reviewed	854513_reviewed	1
856737_reviewed	850359_reviewed	1
850585_reviewed	854227_reviewed	1
851723_reviewed	852352_reviewed	0
851813_reviewed	854357_reviewed	0
854918_reviewed	855943_reviewed	1
854937_reviewed	852995_reviewed	1
853912_reviewed	853983_reviewed	1
853861_reviewed	854781_reviewed	0
852785_reviewed	852079_reviewed	1
852377_reviewed	856459_reviewed	0
850741_reviewed	853318_reviewed	0
852951_reviewed	852883_reviewed	1
853361_reviewed	855952_reviewed	0
851752_reviewed	855725_reviewed	1
854822_reviewed	854713_reviewed	1
851394_reviewed	854844_reviewed	1
851394_reviewed	851617_reviewed	1
850604_reviewed	850543_reviewed	1
856463_reviewed	855664_reviewed	1
850354_reviewed	853453_reviewed	0
853192_reviewed	851071_reviewed	1
855514_reviewed	855143_reviewed	1
851617_reviewed	855049_reviewed	0
855025_reviewed	855998_reviewed	0
856854_reviewed	856589_reviewed	1
850763_reviewed	856455_reviewed	0
852794_reviewed	855184_reviewed	1
850445_reviewed	852018_reviewed	1
853029_reviewed	856449_reviewed	0
854381_reviewed	855118_reviewed	0
854875_reviewed	854993_reviewed	1
851676_reviewed	853333_reviewed	0
852697_reviewed	850744_reviewed	1
850647_reviewed	851778_reviewed	1
850941_reviewed	851041_reviewed	0
851259_reviewed	852501_reviewed	0
851403_reviewed	856449_reviewed	0
851775_reviewed	855968_reviewed	0
852766_reviewed	852766_reviewed	1
852660_reviewed	851112_reviewed	1
856218_reviewed	854119_reviewed	1
850347_reviewed	850506_reviewed	1
852228_reviewed	853851_reviewed	0
855297_reviewed	855897_reviewed	0
851212_reviewed	855788_reviewed	1
852881_reviewed	853288_reviewed	0
851376_reviewed	853826_reviewed	0
855418_reviewed	851558_reviewed	1
852392_reviewed	855305_reviewed	1
851988_reviewed	853133_reviewed	0
852987_reviewed	852992_reviewed	0
851527_reviewed	852932_reviewed	0
852952_reviewed	856076_reviewed	0
852385_reviewed	854017_reviewed	0
852517_reviewed	855005_reviewed	1
851500_reviewed	855276_reviewed	0
856057_reviewed	856478_reviewed	0
854922_reviewed	855466_reviewed	0
851733_reviewed	856076_reviewed	0
856854_reviewed	851076_reviewed	1
851926_reviewed	854978_reviewed	0
850647_reviewed	851254_reviewed	1
853576_reviewed	853823_reviewed	0
850440_reviewed	850703_reviewed	0
853503_reviewed	854450_reviewed	1
854555_reviewed	856263_reviewed	0
850806_reviewed	852673_reviewed	0
854786_reviewed	851577_reviewed	1
852995_reviewed	855312_reviewed	0
852007_reviewed	854078_reviewed	0
855664_reviewed	851548_reviewed	1
852860_reviewed	855974_reviewed	0
856862_reviewed	851617_reviewed	1
850326_reviewed	850551_reviewed	0
855836_reviewed	855897_reviewed	0
851452_reviewed	853064_reviewed	0
851457_reviewed	856290_reviewed	0
856303_reviewed	856387_reviewed	0
851784_reviewed	855836_reviewed	0
851928_reviewed	856305_reviewed	0
851548_reviewed	856012_reviewed	0
850550_reviewed	855665_reviewed	0
851212_reviewed	855836_reviewed	0
852949_reviewed	852949_reviewed	1
851431_reviewed	851431_reviewed	1
851441_reviewed	853409_reviewed	1
850654_reviewed	856595_reviewed	0
851645_reviewed	853871_reviewed	0
854487_reviewed	855841_reviewed	1
852049_reviewed	853369_reviewed	1
856709_reviewed	855505_reviewed	1
854053_reviewed	856103_reviewed	1
854407_reviewed	854740_reviewed	0
854791_reviewed	855689_reviewed	0
850625_reviewed	850625_reviewed	1
855168_reviewed	855620_reviewed	0
850318_reviewed	854795_reviewed	1
853376_reviewed	850919_reviewed	1
856115_reviewed	855013_reviewed	1
851059_reviewed	853361_reviewed	0
855968_reviewed	855968_reviewed	1
855620_reviewed	851840_reviewed	1
856663_reviewed	852556_reviewed	1
851408_reviewed	856742_reviewed	1
850883_reviewed	855649_reviewed	0
851716_reviewed	856723_reviewed	0
851394_reviewed	853308_reviewed	1
854084_reviewed	854437_reviewed	0
851813_reviewed	852665_reviewed	0
855319_reviewed	852223_reviewed	1
853438_reviewed	853527_reviewed	1
856294_reviewed	851997_reviewed	1
851482_reviewed	850782_reviewed	1
851471_reviewed	854322_reviewed	0
855836_reviewed	855875_reviewed	0
855410_reviewed	855585_reviewed	0
850549_reviewed	856719_reviewed	1
855636_reviewed	852018_reviewed	1
856603_reviewed	852487_reviewed	1
854086_reviewed	853900_reviewed	1
854567_reviewed	855897_reviewed	0
851120_reviewed	852362_reviewed	0
851699_reviewed	855163_reviewed	0
854423_reviewed	856519_reviewed	0
853174_reviewed	856604_reviewed	0
852872_reviewed	856716_reviewed	0
851394_reviewed	852876_reviewed	1
850968_reviewed	852991_reviewed	0
852501_reviewed	855884_reviewed	0
854765_reviewed	855620_reviewed	1
852235_reviewed	855752_reviewed	1
853036_reviewed	856106_reviewed	0
856677_reviewed	855512_reviewed	1
850682_reviewed	852042_reviewed	0
853654_reviewed	850445_reviewed	1
855706_reviewed	856891_reviewed	0
850790_reviewed	854995_reviewed	0
851032_reviewed	852062_reviewed	0
853071_reviewed	855836_reviewed	0
853155_reviewed	855836_reviewed	0
853846_reviewed	852194_reviewed	1
851964_reviewed	856100_reviewed	1
851988_reviewed	853718_reviewed	1
851745_reviewed	853909_reviewed	0
851884_reviewed	854937_reviewed	0
854200_reviewed	854450_reviewed	0
856870_reviewed	853408_reviewed	1
851858_reviewed	854018_reviewed	1
851678_reviewed	855616_reviewed	0
856862_reviewed	856862_reviewed	1
854076_reviewed	855726_reviewed	1
851394_reviewed	852540_reviewed	1
852861_reviewed	852998_reviewed	0
851678_reviewed	854190_reviewed	0
854673_reviewed	856862_reviewed	0
851557_reviewed	855613_reviewed	0
851261_reviewed	851112_reviewed	1
851563_reviewed	856589_reviewed	0
850587_reviewed	851527_reviewed	0
855716_reviewed	852042_reviewed	1
852697_reviewed	851177_reviewed	1
852697_reviewed	854431_reviewed	1
852484_reviewed	854937_reviewed	1
853670_reviewed	855362_reviewed	0
854353_reviewed	855478_reviewed	1
855489_reviewed	855783_reviewed	0
851000_reviewed	852410_reviewed	0
852575_reviewed	853147_reviewed	1
852673_reviewed	852814_reviewed	0
852042_reviewed	855143_reviewed	0
852766_reviewed	851723_reviewed	1
854138_reviewed	850401_reviewed	1
855664_reviewed	855890_reviewed	1
851394_reviewed	856311_reviewed	1
854598_reviewed	854622_reviewed	1
851076_reviewed	851396_reviewed	1
850539_reviewed	855203_reviewed	0
855752_reviewed	854231_reviewed	1
853071_reviewed	854876_reviewed	0
851259_reviewed	855143_reviewed	0
850647_reviewed	856243_reviewed	1
852880_reviewed	853114_reviewed	0
851306_reviewed	855649_reviewed	1
852676_reviewed	855830_reviewed	0
855925_reviewed	851061_reviewed	1
853668_reviewed	852382_reviewed	1
850968_reviewed	851265_reviewed	0
851394_reviewed	852016_reviewed	1
852806_reviewed	856129_reviewed	0
852773_reviewed	855273_reviewed	0
853773_reviewed	854827_reviewed	1
851394_reviewed	851988_reviewed	1
850647_reviewed	855836_reviewed	1
852803_reviewed	854199_reviewed	0
852846_reviewed	855356_reviewed	0
851171_reviewed	852675_reviewed	0
853356_reviewed	854791_reviewed	0
854327_reviewed	856862_reviewed	1
850647_reviewed	853382_reviewed	1
852079_reviewed	855237_reviewed	1
851049_reviewed	852547_reviewed	1
852697_reviewed	855253_reviewed	0
853552_reviewed	855221_reviewed	0
854656_reviewed	856223_reviewed	0
850423_reviewed	852371_reviewed	0
851688_reviewed	853369_reviewed	1
852996_reviewed	855571_reviewed	0
855356_reviewed	853016_reviewed	1
855427_reviewed	851259_reviewed	1
850298_reviewed	856463_reviewed	0
856294_reviewed	851420_reviewed	1
856384_reviewed	851937_reviewed	1
855836_reviewed	856521_reviewed	1
852492_reviewed	853824_reviewed	0
854372_reviewed	856208_reviewed	0
854713_reviewed	850450_reviewed	1
856425_reviewed	851368_reviewed	1
850620_reviewed	852042_reviewed	0
853847_reviewed	856264_reviewed	1
850435_reviewed	850688_reviewed	0
852766_reviewed	853355_reviewed	0
851226_reviewed	855458_reviewed	0
850298_reviewed	853048_reviewed	1
853922_reviewed	855836_reviewed	0
853636_reviewed	856746_reviewed	0
853733_reviewed	855783_reviewed	1
856732_reviewed	851201_reviewed	1
854827_reviewed	853909_reviewed	1
854446_reviewed	856488_reviewed	1
850702_reviewed	856360_reviewed	0
851369_reviewed	854673_reviewed	0
850504_reviewed	854889_reviewed	0
851394_reviewed	856758_reviewed	1
851369_reviewed	855952_reviewed	0
850507_reviewed	851517_reviewed	1
851632_reviewed	855613_reviewed	1
852353_reviewed	855613_reviewed	0
854088_reviewed	855489_reviewed	0
853762_reviewed	856012_reviewed	0
852265_reviewed	853439_reviewed	0
855602_reviewed	854888_reviewed	1
852500_reviewed	856837_reviewed	0
850744_reviewed	850793_reviewed	0
852296_reviewed	853089_reviewed	0
851100_reviewed	852867_reviewed	0
853912_reviewed	854666_reviewed	0
851845_reviewed	854740_reviewed	0
850513_reviewed	850505_reviewed	1
852373_reviewed	856908_reviewed	0
853576_reviewed	855710_reviewed	0
851430_reviewed	855512_reviewed	0
856057_reviewed	853256_reviewed	1
850785_reviewed	851271_reviewed	1
850328_reviewed	851495_reviewed	1
852549_reviewed	855890_reviewed	0
852344_reviewed	852762_reviewed	0
856751_reviewed	856307_reviewed	1
851100_reviewed	851513_reviewed	1
851408_reviewed	850554_reviewed	1
850760_reviewed	856455_reviewed	1
854918_reviewed	854918_reviewed	1
851530_reviewed	850652_reviewed	1
850549_reviewed	852439_reviewed	1
852730_reviewed	854664_reviewed	0
851407_reviewed	852060_reviewed	0
855463_reviewed	854242_reviewed	1
856358_reviewed	856862_reviewed	0
855076_reviewed	856303_reviewed	0
850440_reviewed	855025_reviewed	0
853641_reviewed	856360_reviewed	0
856297_reviewed	853985_reviewed	1
851025_reviewed	855979_reviewed	0
856247_reviewed	851787_reviewed	1
851255_reviewed	855132_reviewed	0
851671_reviewed	856453_reviewed	0
851916_reviewed	852497_reviewed	0
854372_reviewed	855639_reviewed	1
854418_reviewed	856696_reviewed	1
851665_reviewed	850682_reviewed	1
854243_reviewed	855104_reviewed	0
851318_reviewed	855263_reviewed	0
850392_reviewed	855110_reviewed	0
850908_reviewed	854710_reviewed	0
856362_reviewed	856647_reviewed	1
852767_reviewed	850304_reviewed	1
852013_reviewed	852451_reviewed	1
851653_reviewed	851482_reviewed	1
854739_reviewed	854543_reviewed	1
850607_reviewed	851197_reviewed	1
851723_reviewed	855448_reviewed	0
851303_reviewed	852834_reviewed	0
850552_reviewed	853016_reviewed	1
850647_reviewed	854182_reviewed	1
855223_reviewed	855741_reviewed	0
851740_reviewed	853705_reviewed	0
850422_reviewed	855774_reviewed	0
851394_reviewed	851643_reviewed	1
851394_reviewed	850606_reviewed	1
851694_reviewed	851755_reviewed	0
853909_reviewed	856085_reviewed	0
851161_reviewed	853668_reviewed	0
851641_reviewed	855101_reviewed	1
855276_reviewed	855426_reviewed	0
853743_reviewed	852319_reviewed	1
852697_reviewed	854479_reviewed	0
851530_reviewed	851660_reviewed	0
853033_reviewed	854472_reviewed	0
855621_reviewed	856216_reviewed	0
854093_reviewed	855230_reviewed	0
851259_reviewed	851368_reviewed	0
852088_reviewed	854379_reviewed	0
856351_reviewed	855512_reviewed	1
855158_reviewed	855789_reviewed	0
854933_reviewed	856481_reviewed	0
853891_reviewed	851676_reviewed	1
851091_reviewed	855974_reviewed	0
854062_reviewed	854349_reviewed	1
856351_reviewed	854162_reviewed	1
852512_reviewed	853478_reviewed	0
854949_reviewed	855463_reviewed	0
853254_reviewed	854646_reviewed	0
852697_reviewed	856520_reviewed	1
850520_reviewed	854933_reviewed	0
854956_reviewed	855475_reviewed	0
850763_reviewed	852995_reviewed	1
852688_reviewed	850694_reviewed	1
854381_reviewed	855591_reviewed	0
851532_reviewed	855618_reviewed	0
853654_reviewed	856836_reviewed	1
852697_reviewed	855196_reviewed	1
851030_reviewed	852665_reviewed	1
853613_reviewed	855512_reviewed	1
854725_reviewed	856751_reviewed	0
851964_reviewed	856674_reviewed	0
850760_reviewed	851991_reviewed	0
853668_reviewed	856313_reviewed	1
852695_reviewed	856162_reviewed	1
852665_reviewed	856134_reviewed	0
852549_reviewed	851893_reviewed	1
852119_reviewed	852790_reviewed	0
851394_reviewed	850325_reviewed	1
852001_reviewed	856405_reviewed	0
851585_reviewed	852971_reviewed	0
851788_reviewed	854480_reviewed	1
854509_reviewed	855284_reviewed	0
852392_reviewed	854725_reviewed	1
856486_reviewed	856155_reviewed	1
850806_reviewed	853060_reviewed	1
853065_reviewed	855952_reviewed	0
852491_reviewed	854627_reviewed	0
852492_reviewed	855485_reviewed	1
852382_reviewed	855631_reviewed	0
856425_reviewed	853350_reviewed	1
851866_reviewed	852950_reviewed	0
851557_reviewed	856579_reviewed	0
855155_reviewed	856604_reviewed	0
851618_reviewed	855613_reviewed	0
851676_reviewed	854198_reviewed	1
850549_reviewed	855613_reviewed	1
853774_reviewed	854673_reviewed	0
850647_reviewed	852312_reviewed	1
853355_reviewed	856134_reviewed	0
856870_reviewed	853555_reviewed	1
851064_reviewed	856595_reviewed	0
851509_reviewed	855873_reviewed	0
852749_reviewed	854229_reviewed	0
854091_reviewed	852582_reviewed	1
853036_reviewed	854544_reviewed	1
856847_reviewed	853966_reviewed	1
851163_reviewed	856709_reviewed	0
851266_reviewed	852171_reviewed	0
853513_reviewed	855013_reviewed	1
856087_reviewed	851672_reviewed	1
852624_reviewed	854710_reviewed	1
850554_reviewed	853781_reviewed	1
856485_reviewed	856012_reviewed	1
856169_reviewed	856918_reviewed	1
851577_reviewed	856158_reviewed	0
851895_reviewed	852938_reviewed	1
852457_reviewed	854706_reviewed	1
852803_reviewed	853671_reviewed	0
851125_reviewed	856012_reviewed	0
851061_reviewed	852639_reviewed	1
851394_reviewed	852177_reviewed	1
852697_reviewed	852749_reviewed	0
852673_reviewed	852947_reviewed	0
853376_reviewed	855335_reviewed	0
854232_reviewed	852377_reviewed	1
850691_reviewed	850763_reviewed	0
852806_reviewed	852888_reviewed	0
851416_reviewed	850440_reviewed	1
851532_reviewed	851148_reviewed	1
852833_reviewed	853109_reviewed	0
852984_reviewed	850585_reviewed	1
856090_reviewed	856090_reviewed	1
854999_reviewed	855028_reviewed	0
851212_reviewed	854138_reviewed	0
852500_reviewed	855240_reviewed	0
851507_reviewed	854731_reviewed	0
855584_reviewed	855771_reviewed	0
856846_reviewed	856304_reviewed	1
852457_reviewed	850585_reviewed	1
852539_reviewed	854999_reviewed	0
855836_reviewed	855952_reviewed	0
855214_reviewed	855460_reviewed	0
856089_reviewed	856760_reviewed	0
851557_reviewed	854674_reviewed	0
850625_reviewed	855664_reviewed	0
851407_reviewed	854461_reviewed	0
853397_reviewed	854680_reviewed	0
850745_reviewed	852500_reviewed	0
852766_reviewed	855975_reviewed	0
851095_reviewed	856716_reviewed	1
851650_reviewed	851091_reviewed	1
852547_reviewed	850784_reviewed	1
853288_reviewed	855836_reviewed	0
852205_reviewed	853681_reviewed	1
854912_reviewed	855049_reviewed	1
854999_reviewed	856317_reviewed	1
851318_reviewed	851968_reviewed	1
853470_reviewed	853581_reviewed	0
853608_reviewed	853668_reviewed	0
853433_reviewed	856301_reviewed	0
852492_reviewed	856738_reviewed	0
850767_reviewed	853832_reviewed	0
853199_reviewed	856618_reviewed	0
852088_reviewed	850578_reviewed	1
852673_reviewed	854841_reviewed	0
854882_reviewed	853168_reviewed	1
855264_reviewed	855264_reviewed	1
851520_reviewed	851520_reviewed	1
856267_reviewed	853587_reviewed	1
854106_reviewed	855515_reviewed	0
850437_reviewed	855489_reviewed	0
850505_reviewed	855464_reviewed	0
850367_reviewed	854353_reviewed	1
851394_reviewed	853585_reviewed	1
850507_reviewed	855268_reviewed	1
851557_reviewed	855836_reviewed	0
850306_reviewed	850585_reviewed	1
855965_reviewed	852352_reviewed	1
853376_reviewed	852060_reviewed	1
851676_reviewed	856924_reviewed	1
850785_reviewed	851700_reviewed	0
853010_reviewed	855689_reviewed	0
850694_reviewed	852528_reviewed	0
855466_reviewed	856076_reviewed	0
851259_reviewed	856356_reviewed	0
850630_reviewed	854379_reviewed	0
855512_reviewed	855836_reviewed	0
855048_reviewed	854353_reviewed	1
852275_reviewed	854322_reviewed	0
854256_reviewed	852106_reviewed	1
853985_reviewed	856751_reviewed	0
851509_reviewed	855706_reviewed	0
850647_reviewed	851321_reviewed	1
854855_reviewed	856765_reviewed	1
851018_reviewed	851018_reviewed	1
854335_reviewed	855360_reviewed	0
854791_reviewed	852839_reviewed	1
856831_reviewed	852713_reviewed	1
854773_reviewed	856186_reviewed	1
852876_reviewed	855355_reviewed	1
856382_reviewed	851076_reviewed	1
853743_reviewed	850435_reviewed	1
851661_reviewed	852889_reviewed	1
853575_reviewed	854251_reviewed	0
853912_reviewed	855090_reviewed	0
851895_reviewed	850806_reviewed	1
853576_reviewed	854443_reviewed	1
855466_reviewed	854144_reviewed	1
852654_reviewed	853908_reviewed	0
851369_reviewed	853737_reviewed	0
850620_reviewed	851431_reviewed	1
852697_reviewed	855028_reviewed	1
855613_reviewed	855897_reviewed	0
851817_reviewed	853222_reviewed	0
856096_reviewed	852766_reviewed	1
852092_reviewed	856587_reviewed	1
852371_reviewed	853463_reviewed	1
855737_reviewed	853895_reviewed	1
854886_reviewed	854886_reviewed	1
852214_reviewed	852646_reviewed	0
851768_reviewed	853395_reviewed	0
854875_reviewed	852497_reviewed	1
855460_reviewed	855505_reviewed	0
855524_reviewed	856741_reviewed	1
850793_reviewed	853650_reviewed	0
852028_reviewed	856521_reviewed	1
856360_reviewed	856360_reviewed	1
855177_reviewed	856320_reviewed	0
850298_reviewed	854793_reviewed	1
856612_reviewed	854775_reviewed	1
852885_reviewed	856134_reviewed	1
850347_reviewed	851025_reviewed	0
851964_reviewed	856709_reviewed	0
850406_reviewed	855626_reviewed	0
850713_reviewed	854997_reviewed	1
851008_reviewed	855538_reviewed	0
852747_reviewed	855535_reviewed	0
852726_reviewed	856297_reviewed	1
855884_reviewed	851924_reviewed	1
851034_reviewed	851929_reviewed	0
853774_reviewed	854992_reviewed	1
852982_reviewed	854518_reviewed	0
850656_reviewed	856654_reviewed	1
850767_reviewed	853638_reviewed	1
853334_reviewed	855220_reviewed	0
852697_reviewed	852921_reviewed	1
852678_reviewed	854284_reviewed	0
852763_reviewed	854203_reviewed	0
852757_reviewed	852888_reviewed	0
851153_reviewed	855680_reviewed	1
851040_reviewed	851723_reviewed	0
851201_reviewed	854791_reviewed	0
851897_reviewed	853846_reviewed	0
852233_reviewed	850396_reviewed	1
851266_reviewed	850430_reviewed	1
855154_reviewed	855988_reviewed	1
856895_reviewed	852719_reviewed	1
852697_reviewed	854327_reviewed	1
856924_reviewed	854418_reviewed	1
853065_reviewed	854379_reviewed	0
852695_reviewed	855539_reviewed	1
852673_reviewed	853936_reviewed	0
850793_reviewed	852996_reviewed	0
851071_reviewed	856536_reviewed	0
850846_reviewed	856422_reviewed	1
854487_reviewed	851407_reviewed	1
852451_reviewed	853064_reviewed	0
850297_reviewed	850539_reviewed	0
850584_reviewed	852931_reviewed	0
856571_reviewed	852881_reviewed	1
851369_reviewed	856097_reviewed	0
852069_reviewed	853434_reviewed	0
854749_reviewed	856572_reviewed	0
851580_reviewed	851676_reviewed	1
850647_reviewed	854415_reviewed	1
852715_reviewed	853539_reviewed	0
852001_reviewed	853373_reviewed	0
853261_reviewed	855830_reviewed	1
855828_reviewed	852001_reviewed	1
855836_reviewed	856311_reviewed	1
850320_reviewed	855787_reviewed	1
852536_reviewed	854819_reviewed	0
851568_reviewed	851678_reviewed	0
854085_reviewed	851889_reviewed	1
852373_reviewed	852871_reviewed	0
850830_reviewed	855751_reviewed	0
855048_reviewed	853552_reviewed	1
852265_reviewed	856895_reviewed	1
851318_reviewed	852893_reviewed	0
850880_reviewed	854993_reviewed	0
852697_reviewed	855836_reviewed	0
855466_reviewed	856351_reviewed	1
853475_reviewed	855613_reviewed	0
851162_reviewed	854948_reviewed	0
851394_reviewed	856078_reviewed	1
852403_reviewed	852951_reviewed	1
852778_reviewed	853957_reviewed	1
851099_reviewed	853271_reviewed	0
851768_reviewed	850734_reviewed	1
852873_reviewed	852902_reviewed	0
852697_reviewed	855282_reviewed	1
851399_reviewed	852547_reviewed	1
853767_reviewed	851143_reviewed	1
851509_reviewed	851762_reviewed	0
852697_reviewed	854141_reviewed	1
851255_reviewed	855499_reviewed	1
851761_reviewed	854786_reviewed	1
850793_reviewed	854656_reviewed	1
853010_reviewed	856089_reviewed	1
856912_reviewed	850298_reviewed	1
850888_reviewed	852090_reviewed	0
853462_reviewed	853500_reviewed	1
855061_reviewed	856751_reviewed	0
850696_reviewed	854791_reviewed	0
855656_reviewed	855979_reviewed	0
854487_reviewed	856119_reviewed	1
851580_reviewed	854032_reviewed	0
851279_reviewed	851469_reviewed	0
851754_reviewed	854881_reviewed	0
852697_reviewed	856862_reviewed	0
852549_reviewed	856217_reviewed	1
852497_reviewed	852512_reviewed	0
852885_reviewed	856572_reviewed	0
850763_reviewed	855461_reviewed	0
855066_reviewed	856846_reviewed	1
851259_reviewed	855862_reviewed	0
851520_reviewed	856603_reviewed	0
852950_reviewed	856590_reviewed	0
852549_reviewed	855890_reviewed	0
855466_reviewed	854999_reviewed	1
851394_reviewed	854501_reviewed	1
855930_reviewed	856384_reviewed	0
850298_reviewed	853860_reviewed	0
851928_reviewed	852501_reviewed	0
851190_reviewed	856382_reviewed	1
851259_reviewed	852852_reviewed	0
851279_reviewed	851469_reviewed	0
854627_reviewed	855675_reviewed	0
853419_reviewed	854901_reviewed	0
853029_reviewed	855977_reviewed	1
854284_reviewed	855633_reviewed	0
854679_reviewed	855730_reviewed	0
856895_reviewed	854322_reviewed	1
854827_reviewed	856571_reviewed	0
855730_reviewed	856063_reviewed	0
850430_reviewed	855515_reviewed	0
852675_reviewed	856311_reviewed	1
856535_reviewed	851171_reviewed	1
854138_reviewed	851447_reviewed	1
855267_reviewed	856852_reviewed	0
852322_reviewed	854283_reviewed	0
856870_reviewed	852222_reviewed	1
853133_reviewed	855224_reviewed	1
850951_reviewed	856746_reviewed	0
856563_reviewed	854408_reviewed	1
850695_reviewed	853728_reviewed	0
850760_reviewed	854322_reviewed	1
855906_reviewed	852591_reviewed	1
852071_reviewed	855620_reviewed	0
851201_reviewed	856115_reviewed	0
850669_reviewed	850669_reviewed	1
852025_reviewed	852492_reviewed	0
852584_reviewed	853320_reviewed	0
851933_reviewed	856352_reviewed	1
851475_reviewed	856089_reviewed	0
856463_reviewed	853860_reviewed	1
855316_reviewed	855716_reviewed	0
851394_reviewed	855725_reviewed	1
853114_reviewed	854828_reviewed	0
852926_reviewed	854995_reviewed	0
854983_reviewed	855421_reviewed	0
855466_reviewed	855226_reviewed	1
851676_reviewed	855360_reviewed	0
851965_reviewed	854828_reviewed	0
851539_reviewed	853798_reviewed	0
851641_reviewed	850712_reviewed	1
851620_reviewed	851620_reviewed	1
852973_reviewed	855602_reviewed	1
852697_reviewed	851414_reviewed	1
853744_reviewed	853922_reviewed	0
856087_reviewed	855184_reviewed	1
852819_reviewed	856891_reviewed	0
856716_reviewed	855180_reviewed	1
850441_reviewed	854950_reviewed	0
854725_reviewed	855102_reviewed	0
852258_reviewed	851545_reviewed	1
856264_reviewed	856553_reviewed	0
852518_reviewed	855741_reviewed	1
856087_reviewed	852875_reviewed	1
852779_reviewed	855512_reviewed	0
851389_reviewed	856799_reviewed	1
855613_reviewed	856298_reviewed	1
853397_reviewed	854786_reviewed	0
853567_reviewed	856155_reviewed	0
854713_reviewed	854819_reviewed	0
853857_reviewed	850807_reviewed	1
851259_reviewed	855952_reviewed	0
852549_reviewed	855890_reviewed	0
851040_reviewed	853877_reviewed	0
851920_reviewed	856870_reviewed	0
851168_reviewed	854509_reviewed	1
851394_reviewed	854536_reviewed	1
852732_reviewed	855324_reviewed	0
851394_reviewed	852277_reviewed	1
851618_reviewed	853275_reviewed	0
851071_reviewed	853500_reviewed	0
854381_reviewed	854469_reviewed	1
855945_reviewed	850930_reviewed	1
852416_reviewed	854749_reviewed	1
851813_reviewed	853161_reviewed	0
851897_reviewed	852451_reviewed	0
852673_reviewed	855950_reviewed	0
851259_reviewed	855987_reviewed	1
850705_reviewed	853499_reviewed	0
850623_reviewed	854926_reviewed	0
856741_reviewed	853338_reviewed	1
853712_reviewed	856862_reviewed	0
852039_reviewed	855972_reviewed	0
851964_reviewed	853353_reviewed	0
851259_reviewed	855104_reviewed	0
855568_reviewed	854450_reviewed	1
854966_reviewed	852096_reviewed	1
850551_reviewed	851969_reviewed	0
854019_reviewed	856254_reviewed	1
852377_reviewed	852871_reviewed	0
855507_reviewed	850888_reviewed	1
856863_reviewed	856723_reviewed	1
854509_reviewed	856647_reviewed	0
852779_reviewed	851052_reviewed	1
855836_reviewed	853762_reviewed	1
851369_reviewed	854915_reviewed	1
852779_reviewed	855253_reviewed	0
850807_reviewed	852947_reviewed	0
854223_reviewed	856648_reviewed	0
851827_reviewed	853227_reviewed	0
851797_reviewed	856079_reviewed	0
855253_reviewed	856862_reviewed	0
854734_reviewed	855463_reviewed	1
850623_reviewed	855888_reviewed	1
854835_reviewed	855357_reviewed	0
856394_reviewed	850518_reviewed	1
851074_reviewed	852079_reviewed	0
851095_reviewed	851314_reviewed	0
855974_reviewed	852592_reviewed	1
853456_reviewed	853712_reviewed	1
853256_reviewed	856675_reviewed	1
854017_reviewed	854247_reviewed	0
856297_reviewed	856455_reviewed	1
852697_reviewed	854007_reviewed	1
851399_reviewed	854023_reviewed	0
856674_reviewed	856909_reviewed	1
850409_reviewed	855276_reviewed	1
853734_reviewed	855821_reviewed	0
852824_reviewed	854286_reviewed	0
851220_reviewed	856731_reviewed	0
850447_reviewed	851813_reviewed	1
852364_reviewed	852364_reviewed	1
851394_reviewed	856351_reviewed	1
850705_reviewed	854691_reviewed	0
853244_reviewed	850539_reviewed	1
850500_reviewed	852881_reviewed	0
850982_reviewed	853419_reviewed	0
852995_reviewed	855158_reviewed	0
850422_reviewed	851407_reviewed	1
853192_reviewed	854497_reviewed	0
851226_reviewed	851627_reviewed	0
854243_reviewed	854343_reviewed	0
851611_reviewed	852419_reviewed	0
853675_reviewed	856753_reviewed	0
853920_reviewed	853363_reviewed	1
851548_reviewed	855356_reviewed	1
850807_reviewed	854388_reviewed	0
854827_reviewed	853814_reviewed	1
852982_reviewed	853934_reviewed	1
854258_reviewed	854541_reviewed	1
855466_reviewed	850764_reviewed	1
853782_reviewed	856702_reviewed	0
850505_reviewed	852675_reviewed	0
856749_reviewed	856866_reviewed	1
853201_reviewed	851279_reviewed	1
855525_reviewed	856076_reviewed	0
855974_reviewed	856228_reviewed	0
852091_reviewed	856130_reviewed	0
850911_reviewed	856537_reviewed	0
851916_reviewed	853773_reviewed	1
856146_reviewed	850495_reviewed	1
854201_reviewed	856349_reviewed	0
850793_reviewed	855067_reviewed	1
852838_reviewed	856219_reviewed	0
850422_reviewed	851893_reviewed	1
850793_reviewed	852814_reviewed	0
854827_reviewed	856571_reviewed	0
851000_reviewed	851061_reviewed	1
854748_reviewed	856409_reviewed	0
850297_reviewed	852673_reviewed	1
851545_reviewed	856129_reviewed	1
852697_reviewed	851329_reviewed	1
852373_reviewed	851557_reviewed	1
854161_reviewed	855613_reviewed	0
854023_reviewed	854929_reviewed	0
850551_reviewed	854518_reviewed	0
851768_reviewed	854379_reviewed	0
855911_reviewed	856912_reviewed	1
851394_reviewed	854673_reviewed	1
853552_reviewed	855819_reviewed	1
856012_reviewed	855972_reviewed	1
850536_reviewed	855023_reviewed	0
851161_reviewed	852732_reviewed	1
853670_reviewed	854874_reviewed	0
851100_reviewed	852697_reviewed	0
850585_reviewed	852453_reviewed	1
854749_reviewed	856219_reviewed	0
851394_reviewed	855021_reviewed	1
851394_reviewed	856358_reviewed	1
851394_reviewed	852617_reviewed	1
853701_reviewed	851611_reviewed	1
855013_reviewed	856405_reviewed	1
851988_reviewed	853650_reviewed	0
856521_reviewed	855512_reviewed	1
852338_reviewed	853904_reviewed	0
856236_reviewed	856571_reviewed	1
851756_reviewed	856524_reviewed	0
856743_reviewed	856743_reviewed	1
851132_reviewed	854342_reviewed	0
851921_reviewed	854740_reviewed	1
856732_reviewed	856891_reviewed	0
852088_reviewed	855862_reviewed	0
853630_reviewed	853029_reviewed	1
850647_reviewed	853586_reviewed	1
851928_reviewed	855897_reviewed	0
851259_reviewed	851342_reviewed	1
851259_reviewed	853811_reviewed	1
854745_reviewed	855602_reviewed	0
854026_reviewed	854168_reviewed	0
850454_reviewed	855888_reviewed	0
854020_reviewed	854290_reviewed	1
852560_reviewed	856459_reviewed	1
855664_reviewed	856449_reviewed	1
851394_reviewed	854208_reviewed	1
850298_reviewed	854263_reviewed	1
850569_reviewed	850962_reviewed	1
851893_reviewed	855957_reviewed	0
853860_reviewed	853956_reviewed	1
856895_reviewed	856208_reviewed	1
856449_reviewed	854078_reviewed	1
854057_reviewed	855675_reviewed	0
853647_reviewed	854068_reviewed	1
854544_reviewed	856830_reviewed	1
851259_reviewed	850982_reviewed	1
850422_reviewed	855730_reviewed	0
851263_reviewed	852703_reviewed	0
856422_reviewed	851394_reviewed	1
851394_reviewed	856467_reviewed	1
855356_reviewed	856320_reviewed	0
851503_reviewed	855460_reviewed	0
856159_reviewed	853090_reviewed	1
853441_reviewed	856088_reviewed	1
852662_reviewed	854236_reviewed	1
855471_reviewed	851975_reviewed	1
851923_reviewed	855673_reviewed	0
850620_reviewed	853712_reviewed	0
855184_reviewed	855356_reviewed	1
852980_reviewed	855464_reviewed	0
852654_reviewed	855082_reviewed	0
850693_reviewed	851453_reviewed	1
853552_reviewed	853984_reviewed	1
852184_reviewed	850760_reviewed	1
854021_reviewed	855890_reviewed	1
854815_reviewed	853889_reviewed	1
851813_reviewed	855404_reviewed	0
855271_reviewed	856148_reviewed	0
850298_reviewed	856815_reviewed	1
854898_reviewed	852083_reviewed	1
851191_reviewed	852457_reviewed	1
853271_reviewed	854791_reviewed	1
852421_reviewed	856100_reviewed	1
856891_reviewed	851745_reviewed	1
851678_reviewed	853114_reviewed	0
850806_reviewed	851671_reviewed	0
851461_reviewed	853712_reviewed	1
853895_reviewed	854749_reviewed	0
850620_reviewed	851618_reviewed	0
852296_reviewed	855884_reviewed	0
851394_reviewed	855170_reviewed	1
4036073_reviewed	855155_reviewed	0
855066_reviewed	851815_reviewed	1
854443_reviewed	852512_reviewed	1
850712_reviewed	851196_reviewed	0
851441_reviewed	851061_reviewed	1
852665_reviewed	853650_reviewed	0
855836_reviewed	855661_reviewed	1
853364_reviewed	855061_reviewed	0
856096_reviewed	855017_reviewed	1
854938_reviewed	854555_reviewed	1
850647_reviewed	855022_reviewed	1
854909_reviewed	853510_reviewed	1
850554_reviewed	851140_reviewed	1
850607_reviewed	853880_reviewed	0
850387_reviewed	854887_reviewed	0
852007_reviewed	852995_reviewed	0
851328_reviewed	856494_reviewed	0
852995_reviewed	855228_reviewed	0
851318_reviewed	853531_reviewed	0
853010_reviewed	854662_reviewed	1
850549_reviewed	856126_reviewed	1
850623_reviewed	856591_reviewed	0
853327_reviewed	856484_reviewed	0
850694_reviewed	853886_reviewed	0
850601_reviewed	856539_reviewed	0
853555_reviewed	854791_reviewed	0
851657_reviewed	853832_reviewed	0
850370_reviewed	853178_reviewed	0
851113_reviewed	852650_reviewed	0
851160_reviewed	855436_reviewed	0
853566_reviewed	856040_reviewed	1
850843_reviewed	851752_reviewed	0
855241_reviewed	855974_reviewed	0
854427_reviewed	855492_reviewed	0
852697_reviewed	855554_reviewed	1
852697_reviewed	856317_reviewed	0
854543_reviewed	855466_reviewed	0
852660_reviewed	850840_reviewed	1
853956_reviewed	856603_reviewed	0
853743_reviewed	855535_reviewed	1
856663_reviewed	852016_reviewed	1
853009_reviewed	854622_reviewed	1
851399_reviewed	851071_reviewed	1
854503_reviewed	856140_reviewed	0
850594_reviewed	856891_reviewed	1
851723_reviewed	853364_reviewed	0
850647_reviewed	856400_reviewed	1
851996_reviewed	850367_reviewed	1
851394_reviewed	853372_reviewed	1
854684_reviewed	854684_reviewed	1
854966_reviewed	856484_reviewed	0
852234_reviewed	851887_reviewed	1
851394_reviewed	855838_reviewed	1
851102_reviewed	853925_reviewed	0
850521_reviewed	850521_reviewed	1
856565_reviewed	851831_reviewed	1
851745_reviewed	852001_reviewed	1
854645_reviewed	855708_reviewed	1
851032_reviewed	850720_reviewed	1
851259_reviewed	853728_reviewed	0
854742_reviewed	856217_reviewed	0
852726_reviewed	855706_reviewed	0
852020_reviewed	852951_reviewed	0
851394_reviewed	852351_reviewed	1
851143_reviewed	852749_reviewed	1
851337_reviewed	855423_reviewed	0
854349_reviewed	854349_reviewed	1
852245_reviewed	853821_reviewed	1
851513_reviewed	851768_reviewed	1
854929_reviewed	855862_reviewed	0
850966_reviewed	854552_reviewed	1
852937_reviewed	854790_reviewed	0
850840_reviewed	855271_reviewed	1
856429_reviewed	851033_reviewed	1
850549_reviewed	856488_reviewed	1
856099_reviewed	850584_reviewed	1
850440_reviewed	851539_reviewed	1
853106_reviewed	855040_reviewed	0
851559_reviewed	852492_reviewed	1
852258_reviewed	850656_reviewed	1
853369_reviewed	854116_reviewed	0
853713_reviewed	851404_reviewed	1
852763_reviewed	856926_reviewed	0
856815_reviewed	853458_reviewed	1
855862_reviewed	856758_reviewed	0
850326_reviewed	853048_reviewed	0
854450_reviewed	854026_reviewed	1
850632_reviewed	854740_reviewed	0
851318_reviewed	854226_reviewed	0
856310_reviewed	854068_reviewed	1
850830_reviewed	853298_reviewed	0
851265_reviewed	856519_reviewed	1
852269_reviewed	855143_reviewed	0
850760_reviewed	856453_reviewed	0
852385_reviewed	856455_reviewed	0
854485_reviewed	851518_reviewed	1
853381_reviewed	852744_reviewed	1
850504_reviewed	851683_reviewed	0
855013_reviewed	850792_reviewed	1
853047_reviewed	854758_reviewed	0
853682_reviewed	854162_reviewed	0
856891_reviewed	851723_reviewed	1
852039_reviewed	855613_reviewed	0
854372_reviewed	854379_reviewed	1
852322_reviewed	853997_reviewed	1
850623_reviewed	853817_reviewed	0
852816_reviewed	853075_reviewed	0
851394_reviewed	850373_reviewed	1
854111_reviewed	856141_reviewed	0
851678_reviewed	854544_reviewed	0
854855_reviewed	856866_reviewed	0
850442_reviewed	856751_reviewed	0
853877_reviewed	855642_reviewed	0
853409_reviewed	854265_reviewed	1
856895_reviewed	851394_reviewed	1
851030_reviewed	853353_reviewed	0
856854_reviewed	853820_reviewed	1
850647_reviewed	855189_reviewed	1
854329_reviewed	854586_reviewed	0
852193_reviewed	852499_reviewed	1
853639_reviewed	855754_reviewed	1
852746_reviewed	853910_reviewed	0
852243_reviewed	853461_reviewed	1
855836_reviewed	852177_reviewed	1
853681_reviewed	856768_reviewed	0
851255_reviewed	856738_reviewed	0
856667_reviewed	853364_reviewed	1
856603_reviewed	850883_reviewed	1
852649_reviewed	853675_reviewed	0
851394_reviewed	851767_reviewed	1
853843_reviewed	856317_reviewed	0
850419_reviewed	856089_reviewed	0
853817_reviewed	855155_reviewed	0
854937_reviewed	852258_reviewed	1
851661_reviewed	856918_reviewed	0
853847_reviewed	855068_reviewed	1
854815_reviewed	855630_reviewed	0
851847_reviewed	850792_reviewed	1
856498_reviewed	851153_reviewed	1
853734_reviewed	852269_reviewed	1
851617_reviewed	851617_reviewed	1
852787_reviewed	854085_reviewed	1
852549_reviewed	855890_reviewed	0
852931_reviewed	856231_reviewed	1
853523_reviewed	855620_reviewed	1
854020_reviewed	854933_reviewed	1
851745_reviewed	852497_reviewed	1
850695_reviewed	852822_reviewed	0
855964_reviewed	855920_reviewed	1
853133_reviewed	853016_reviewed	1
853355_reviewed	850793_reviewed	1
853877_reviewed	851032_reviewed	1
852451_reviewed	852497_reviewed	0
853803_reviewed	856429_reviewed	0
852039_reviewed	852371_reviewed	1
854247_reviewed	850297_reviewed	1
851259_reviewed	855841_reviewed	1
852059_reviewed	854106_reviewed	0
851394_reviewed	855142_reviewed	1
851326_reviewed	851723_reviewed	0
851874_reviewed	853350_reviewed	0
854093_reviewed	854317_reviewed	0
853985_reviewed	856604_reviewed	0
854434_reviewed	852974_reviewed	1
851844_reviewed	852258_reviewed	0
851471_reviewed	852258_reviewed	0
853682_reviewed	855789_reviewed	0
855787_reviewed	851394_reviewed	1
852697_reviewed	852062_reviewed	1
851048_reviewed	854691_reviewed	0
854976_reviewed	851648_reviewed	1
851394_reviewed	851894_reviewed	1
854149_reviewed	850620_reviewed	1
853369_reviewed	856063_reviewed	0
855841_reviewed	852870_reviewed	1
850741_reviewed	854322_reviewed	0
854717_reviewed	851403_reviewed	1
855409_reviewed	851193_reviewed	1
852983_reviewed	855471_reviewed	0
851259_reviewed	853438_reviewed	0
851431_reviewed	852530_reviewed	0
855055_reviewed	856291_reviewed	0
852547_reviewed	850567_reviewed	1
855166_reviewed	851842_reviewed	1
852455_reviewed	854938_reviewed	1
851394_reviewed	852654_reviewed	1
854243_reviewed	856579_reviewed	0
854662_reviewed	851273_reviewed	1
852995_reviewed	854227_reviewed	1
852547_reviewed	852744_reviewed	1
851170_reviewed	854485_reviewed	0
855512_reviewed	856870_reviewed	0
855408_reviewed	852549_reviewed	1
851071_reviewed	856146_reviewed	1
851108_reviewed	854317_reviewed	0
853275_reviewed	855171_reviewed	0
854554_reviewed	854980_reviewed	0
851461_reviewed	854735_reviewed	1
851394_reviewed	850631_reviewed	1
850554_reviewed	850877_reviewed	1
851259_reviewed	851874_reviewed	0
851265_reviewed	855144_reviewed	0
856267_reviewed	855118_reviewed	1
850495_reviewed	852713_reviewed	0
853133_reviewed	855154_reviewed	1
853942_reviewed	854898_reviewed	1
853890_reviewed	854475_reviewed	0
853669_reviewed	855224_reviewed	1
856799_reviewed	854263_reviewed	1
851905_reviewed	855305_reviewed	0
851040_reviewed	853650_reviewed	0
855005_reviewed	856613_reviewed	0
853956_reviewed	854469_reviewed	1
851000_reviewed	852782_reviewed	1
856862_reviewed	853735_reviewed	1
850549_reviewed	856553_reviewed	0
850598_reviewed	851500_reviewed	0
851097_reviewed	854085_reviewed	0
854245_reviewed	855789_reviewed	0
853064_reviewed	854956_reviewed	0
851632_reviewed	851893_reviewed	0
852763_reviewed	852032_reviewed	1
850647_reviewed	856660_reviewed	1
856854_reviewed	852311_reviewed	1
850347_reviewed	852001_reviewed	1
852697_reviewed	853922_reviewed	0
851723_reviewed	854480_reviewed	0
850647_reviewed	854230_reviewed	1
856168_reviewed	850863_reviewed	1
851115_reviewed	855586_reviewed	0
853783_reviewed	854915_reviewed	0
851259_reviewed	854835_reviewed	0
855357_reviewed	852039_reviewed	1
854418_reviewed	856134_reviewed	1
853585_reviewed	853853_reviewed	1
854598_reviewed	856042_reviewed	0
855489_reviewed	855988_reviewed	0
852398_reviewed	856726_reviewed	1
854381_reviewed	851632_reviewed	1
850683_reviewed	855844_reviewed	0
854776_reviewed	850326_reviewed	1
851163_reviewed	853976_reviewed	1
852888_reviewed	852938_reviewed	0
852377_reviewed	853161_reviewed	0
853773_reviewed	853817_reviewed	1
856065_reviewed	851212_reviewed	1
855591_reviewed	855977_reviewed	0
853806_reviewed	850806_reviewed	1
852373_reviewed	852416_reviewed	0
856726_reviewed	854742_reviewed	1
850539_reviewed	853814_reviewed	0
855897_reviewed	856311_reviewed	1
853173_reviewed	856321_reviewed	0
853271_reviewed	852451_reviewed	1
851061_reviewed	852697_reviewed	0
852326_reviewed	854271_reviewed	0
851813_reviewed	854351_reviewed	0
856463_reviewed	856126_reviewed	1
850623_reviewed	853509_reviewed	1
850584_reviewed	852766_reviewed	0
856329_reviewed	854284_reviewed	1
853871_reviewed	854382_reviewed	0
852885_reviewed	856490_reviewed	1
854106_reviewed	855888_reviewed	0
855611_reviewed	856351_reviewed	0
850712_reviewed	853434_reviewed	1
851061_reviewed	851752_reviewed	0
851456_reviewed	854382_reviewed	0
851756_reviewed	851897_reviewed	0
851404_reviewed	856222_reviewed	0
852697_reviewed	855897_reviewed	0
850695_reviewed	854229_reviewed	0
853714_reviewed	851162_reviewed	1
850539_reviewed	853492_reviewed	0
851756_reviewed	855821_reviewed	1
851005_reviewed	856490_reviewed	0
851052_reviewed	856846_reviewed	0
854487_reviewed	856463_reviewed	0
850879_reviewed	854933_reviewed	1
855013_reviewed	851545_reviewed	1
854843_reviewed	850818_reviewed	1
854437_reviewed	855449_reviewed	0
852119_reviewed	856870_reviewed	0
855524_reviewed	856016_reviewed	1
852542_reviewed	853531_reviewed	0
851263_reviewed	854691_reviewed	0
852938_reviewed	856916_reviewed	0
853824_reviewed	854875_reviewed	0
851394_reviewed	853781_reviewed	1
855892_reviewed	850950_reviewed	1
856436_reviewed	855908_reviewed	1
855041_reviewed	850888_reviewed	1
854381_reviewed	854381_reviewed	1
850500_reviewed	855833_reviewed	0
852977_reviewed	853717_reviewed	0
851328_reviewed	856260_reviewed	0
854382_reviewed	856591_reviewed	0
854386_reviewed	854386_reviewed	1
851041_reviewed	852394_reviewed	0
851435_reviewed	850864_reviewed	1
850523_reviewed	855492_reviewed	1
850761_reviewed	851786_reviewed	0
851776_reviewed	852080_reviewed	0
854428_reviewed	850999_reviewed	1
850623_reviewed	853381_reviewed	0
853400_reviewed	856870_reviewed	0
852881_reviewed	854697_reviewed	0
851407_reviewed	852995_reviewed	0
851495_reviewed	852885_reviewed	0
852439_reviewed	853293_reviewed	0
856726_reviewed	856294_reviewed	1
851789_reviewed	856241_reviewed	0
855520_reviewed	856360_reviewed	0
853886_reviewed	855751_reviewed	0
852767_reviewed	853682_reviewed	1
851499_reviewed	856095_reviewed	1
853854_reviewed	855319_reviewed	0
854059_reviewed	855067_reviewed	0
851259_reviewed	852250_reviewed	1
850983_reviewed	853630_reviewed	0
853191_reviewed	855267_reviewed	1
852039_reviewed	855177_reviewed	1
855585_reviewed	855944_reviewed	0
850422_reviewed	855789_reviewed	0
851815_reviewed	851923_reviewed	0
852042_reviewed	853798_reviewed	0
851394_reviewed	853438_reviewed	1
855144_reviewed	851889_reviewed	1
850507_reviewed	853503_reviewed	1
856758_reviewed	856352_reviewed	1
854543_reviewed	855275_reviewed	0
851453_reviewed	854123_reviewed	1
851034_reviewed	854368_reviewed	0
850956_reviewed	853871_reviewed	0
851000_reviewed	851661_reviewed	0
855524_reviewed	855962_reviewed	1
852767_reviewed	856723_reviewed	1
856603_reviewed	851636_reviewed	1
855934_reviewed	851737_reviewed	1
851171_reviewed	855036_reviewed	1
855470_reviewed	856723_reviewed	0
853397_reviewed	855957_reviewed	1
853666_reviewed	854469_reviewed	0
856463_reviewed	854381_reviewed	1
853884_reviewed	854701_reviewed	0
850930_reviewed	851042_reviewed	0
852451_reviewed	856709_reviewed	0
851140_reviewed	855466_reviewed	0
851456_reviewed	856219_reviewed	0
851223_reviewed	855602_reviewed	0
854284_reviewed	850633_reviewed	1
853114_reviewed	854544_reviewed	0
853201_reviewed	855458_reviewed	0
853641_reviewed	852763_reviewed	1
856315_reviewed	855937_reviewed	1
851632_reviewed	851893_reviewed	0
855332_reviewed	856291_reviewed	0
854736_reviewed	856519_reviewed	1
851394_reviewed	853751_reviewed	1
850875_reviewed	855343_reviewed	1
854839_reviewed	854605_reviewed	1
855898_reviewed	853688_reviewed	1
851346_reviewed	855836_reviewed	0
852773_reviewed	856866_reviewed	0
851771_reviewed	854663_reviewed	0
856801_reviewed	853427_reviewed	1
851052_reviewed	855512_reviewed	0
856863_reviewed	856604_reviewed	1
852806_reviewed	852947_reviewed	0
851259_reviewed	851039_reviewed	1
852383_reviewed	853871_reviewed	0
851495_reviewed	852947_reviewed	0
850551_reviewed	856863_reviewed	0
855836_reviewed	854206_reviewed	1
850695_reviewed	853847_reviewed	1
852549_reviewed	855890_reviewed	0
850647_reviewed	854386_reviewed	1
853847_reviewed	856603_reviewed	0
850719_reviewed	852860_reviewed	0
854059_reviewed	855208_reviewed	0
851000_reviewed	855950_reviewed	0
851410_reviewed	851410_reviewed	1
852728_reviewed	855974_reviewed	1
856303_reviewed	853825_reviewed	1
852532_reviewed	853364_reviewed	1
853892_reviewed	856461_reviewed	0
856518_reviewed	856106_reviewed	1
853886_reviewed	855751_reviewed	0
852238_reviewed	853626_reviewed	0
852060_reviewed	855977_reviewed	1
851394_reviewed	853200_reviewed	1
855836_reviewed	856862_reviewed	1
850647_reviewed	853173_reviewed	1
852787_reviewed	854894_reviewed	0
853019_reviewed	854856_reviewed	1
853353_reviewed	854663_reviewed	0
851259_reviewed	854286_reviewed	0
852705_reviewed	856263_reviewed	0
853475_reviewed	854791_reviewed	1
856732_reviewed	856848_reviewed	0
853893_reviewed	856079_reviewed	0
856518_reviewed	853244_reviewed	1
851143_reviewed	851740_reviewed	0
856173_reviewed	856862_reviewed	0
850347_reviewed	854749_reviewed	0
850367_reviewed	855230_reviewed	1
854290_reviewed	855841_reviewed	0
855170_reviewed	855522_reviewed	1
851821_reviewed	852819_reviewed	0
852139_reviewed	856862_reviewed	0
855512_reviewed	852202_reviewed	1
853490_reviewed	854300_reviewed	0
850445_reviewed	852071_reviewed	0
855730_reviewed	856267_reviewed	0
855897_reviewed	853750_reviewed	1
856736_reviewed	855892_reviewed	1
853671_reviewed	856337_reviewed	0
851471_reviewed	855950_reviewed	0
852834_reviewed	856217_reviewed	0
854918_reviewed	852369_reviewed	1
851424_reviewed	856231_reviewed	0
851394_reviewed	852789_reviewed	1
853922_reviewed	854980_reviewed	0
852371_reviewed	853128_reviewed	1
853108_reviewed	856504_reviewed	0
854081_reviewed	854924_reviewed	0
852728_reviewed	855665_reviewed	1
850763_reviewed	850695_reviewed	1
856218_reviewed	855362_reviewed	1
851408_reviewed	851557_reviewed	1
854855_reviewed	853639_reviewed	1
855898_reviewed	852013_reviewed	1
852202_reviewed	854258_reviewed	0
855836_reviewed	854817_reviewed	1
852042_reviewed	853350_reviewed	0
851394_reviewed	855923_reviewed	1
856483_reviewed	855082_reviewed	1
850298_reviewed	856255_reviewed	1
850873_reviewed	852410_reviewed	1
851394_reviewed	856178_reviewed	1
854119_reviewed	854435_reviewed	1
852880_reviewed	851461_reviewed	1
856486_reviewed	851821_reviewed	1
851723_reviewed	854283_reviewed	1
850763_reviewed	851177_reviewed	0
851758_reviewed	850685_reviewed	1
854791_reviewed	854791_reviewed	1
851100_reviewed	854229_reviewed	0
850450_reviewed	854777_reviewed	0
851342_reviewed	855842_reviewed	1
853389_reviewed	853434_reviewed	1
854252_reviewed	853455_reviewed	1
855836_reviewed	852319_reviewed	1
853064_reviewed	856738_reviewed	0
852059_reviewed	855263_reviewed	1
850951_reviewed	853463_reviewed	0
851394_reviewed	854765_reviewed	1
853594_reviewed	856862_reviewed	0
854329_reviewed	855039_reviewed	0
851624_reviewed	854229_reviewed	0
856002_reviewed	855360_reviewed	1
850762_reviewed	856021_reviewed	1
850709_reviewed	852088_reviewed	0
852039_reviewed	856799_reviewed	0
850298_reviewed	856488_reviewed	0
852931_reviewed	854749_reviewed	0
855339_reviewed	856530_reviewed	1
854937_reviewed	854656_reviewed	1
853181_reviewed	856870_reviewed	0
852694_reviewed	855267_reviewed	0
851699_reviewed	855620_reviewed	0
851897_reviewed	850720_reviewed	1
854078_reviewed	851660_reviewed	1
852662_reviewed	855830_reviewed	0
854290_reviewed	855841_reviewed	0
853499_reviewed	852778_reviewed	1
854359_reviewed	856007_reviewed	0
855613_reviewed	856799_reviewed	0
855470_reviewed	853301_reviewed	1
851030_reviewed	856096_reviewed	0
850422_reviewed	853934_reviewed	1
852805_reviewed	854864_reviewed	0
855991_reviewed	851494_reviewed	1
851454_reviewed	851454_reviewed	1
852373_reviewed	855276_reviewed	1
852980_reviewed	856716_reviewed	0
850435_reviewed	851548_reviewed	0
850623_reviewed	856216_reviewed	1
851724_reviewed	853161_reviewed	0
850719_reviewed	855399_reviewed	0
852880_reviewed	854810_reviewed	1
855101_reviewed	851135_reviewed	1
852239_reviewed	853320_reviewed	0
851924_reviewed	852439_reviewed	0
852834_reviewed	854436_reviewed	0
851520_reviewed	855355_reviewed	1
852724_reviewed	851858_reviewed	1
852416_reviewed	853788_reviewed	1
853029_reviewed	853133_reviewed	1
852276_reviewed	853811_reviewed	1
853782_reviewed	853982_reviewed	0
855789_reviewed	855730_reviewed	1
850445_reviewed	855386_reviewed	1
851895_reviewed	854388_reviewed	0
851207_reviewed	852394_reviewed	0
850878_reviewed	852097_reviewed	1
856815_reviewed	852060_reviewed	1
851392_reviewed	851985_reviewed	1
855613_reviewed	855962_reviewed	0
851548_reviewed	853860_reviewed	0
855621_reviewed	850793_reviewed	1
853041_reviewed	856455_reviewed	0
852119_reviewed	852852_reviewed	0
850445_reviewed	850406_reviewed	1
854673_reviewed	855104_reviewed	0
850647_reviewed	852167_reviewed	1
850682_reviewed	852470_reviewed	0
850647_reviewed	855107_reviewed	1
854042_reviewed	856091_reviewed	0
850793_reviewed	852614_reviewed	0
853133_reviewed	855543_reviewed	1
851644_reviewed	855830_reviewed	0
856870_reviewed	851592_reviewed	1
856870_reviewed	852276_reviewed	1
851399_reviewed	852522_reviewed	1
854418_reviewed	854068_reviewed	1
855130_reviewed	855136_reviewed	1
851249_reviewed	856483_reviewed	0
850647_reviewed	854153_reviewed	1
851196_reviewed	855143_reviewed	0
851156_reviewed	851369_reviewed	0
853150_reviewed	854622_reviewed	0
851647_reviewed	855884_reviewed	0
853041_reviewed	852453_reviewed	1
853734_reviewed	853734_reviewed	1
853534_reviewed	853535_reviewed	0
853733_reviewed	856035_reviewed	1
850919_reviewed	852982_reviewed	0
855920_reviewed	856254_reviewed	0
852685_reviewed	851421_reviewed	1
856351_reviewed	856912_reviewed	1
852042_reviewed	852665_reviewed	1
850623_reviewed	850822_reviewed	0
851259_reviewed	853509_reviewed	0
851033_reviewed	851813_reviewed	0
852084_reviewed	855626_reviewed	0
852651_reviewed	854380_reviewed	0
851632_reviewed	850298_reviewed	1
852319_reviewed	855143_reviewed	0
853814_reviewed	854966_reviewed	0
851844_reviewed	856695_reviewed	0
852322_reviewed	856351_reviewed	1
851259_reviewed	852128_reviewed	1
856226_reviewed	856320_reviewed	1
856548_reviewed	855241_reviewed	1
856055_reviewed	853651_reviewed	1
852897_reviewed	850930_reviewed	1
854328_reviewed	856002_reviewed	0
852773_reviewed	856069_reviewed	0
855055_reviewed	855319_reviewed	0
852018_reviewed	855897_reviewed	0
855335_reviewed	856119_reviewed	0
851475_reviewed	856089_reviewed	0
851858_reviewed	855244_reviewed	0
851222_reviewed	855621_reviewed	0
855613_reviewed	856012_reviewed	1
851678_reviewed	855066_reviewed	1
852326_reviewed	853539_reviewed	0
855489_reviewed	853062_reviewed	1
851996_reviewed	855230_reviewed	1
853009_reviewed	853639_reviewed	0
852697_reviewed	851239_reviewed	1
850658_reviewed	856763_reviewed	0
852472_reviewed	852692_reviewed	0
852787_reviewed	856738_reviewed	1
856130_reviewed	852665_reviewed	1
854198_reviewed	855092_reviewed	0
850623_reviewed	852860_reviewed	0
851745_reviewed	853133_reviewed	0
851744_reviewed	854742_reviewed	1
851621_reviewed	851621_reviewed	1
851607_reviewed	852740_reviewed	0
852697_reviewed	855543_reviewed	0
851125_reviewed	854446_reviewed	0
853518_reviewed	853518_reviewed	1
855110_reviewed	856537_reviewed	0
853552_reviewed	854183_reviewed	0
856463_reviewed	853780_reviewed	1
851407_reviewed	856489_reviewed	0
852740_reviewed	856744_reviewed	1
852697_reviewed	855173_reviewed	0
850577_reviewed	854068_reviewed	1
855836_reviewed	855547_reviewed	1
855405_reviewed	851928_reviewed	1
852664_reviewed	852881_reviewed	0
851533_reviewed	853010_reviewed	1
851394_reviewed	852946_reviewed	1
853264_reviewed	853880_reviewed	0
852457_reviewed	853244_reviewed	1
853892_reviewed	855998_reviewed	0
853527_reviewed	855972_reviewed	0
855789_reviewed	853860_reviewed	1
854042_reviewed	852171_reviewed	1
851394_reviewed	856365_reviewed	1
851286_reviewed	852879_reviewed	0
852528_reviewed	854583_reviewed	0
854162_reviewed	854162_reviewed	1
851394_reviewed	851976_reviewed	1
853861_reviewed	853861_reviewed	1
853264_reviewed	856293_reviewed	0
852697_reviewed	852373_reviewed	1
855049_reviewed	856437_reviewed	0
850367_reviewed	854391_reviewed	1
851827_reviewed	852053_reviewed	0
852733_reviewed	856862_reviewed	1
851831_reviewed	853896_reviewed	0
854229_reviewed	855498_reviewed	0
853743_reviewed	854124_reviewed	1
856220_reviewed	856901_reviewed	1
854162_reviewed	855532_reviewed	1
855470_reviewed	855974_reviewed	0
855535_reviewed	855535_reviewed	1
855836_reviewed	854991_reviewed	1
852042_reviewed	855500_reviewed	0
856337_reviewed	854428_reviewed	1
851752_reviewed	855836_reviewed	0
850572_reviewed	856862_reviewed	0
853191_reviewed	856696_reviewed	0
851660_reviewed	855335_reviewed	1
852001_reviewed	855017_reviewed	0
851968_reviewed	852787_reviewed	0
855205_reviewed	855512_reviewed	0
856095_reviewed	850551_reviewed	1
851032_reviewed	855049_reviewed	1
851884_reviewed	851988_reviewed	0
853029_reviewed	851125_reviewed	1
851394_reviewed	855364_reviewed	1
852755_reviewed	853817_reviewed	0
854986_reviewed	856579_reviewed	0
854487_reviewed	852487_reviewed	1
852383_reviewed	856891_reviewed	0
854170_reviewed	853805_reviewed	1
851632_reviewed	853458_reviewed	0
851025_reviewed	851991_reviewed	1
852119_reviewed	852697_reviewed	0
851646_reviewed	854335_reviewed	0
854776_reviewed	850585_reviewed	1
850982_reviewed	852982_reviewed	0
851000_reviewed	851030_reviewed	0
851752_reviewed	852440_reviewed	1
852494_reviewed	855428_reviewed	0
856096_reviewed	856680_reviewed	0
854702_reviewed	855599_reviewed	1
850611_reviewed	856521_reviewed	0
850401_reviewed	855543_reviewed	0
850623_reviewed	853650_reviewed	0
856096_reviewed	854926_reviewed	1
855789_reviewed	856723_reviewed	1
853160_reviewed	856604_reviewed	1
854810_reviewed	854433_reviewed	1
852766_reviewed	856100_reviewed	0
853167_reviewed	855028_reviewed	0
855267_reviewed	856831_reviewed	0
850647_reviewed	854138_reviewed	1
856709_reviewed	852059_reviewed	1
851259_reviewed	854263_reviewed	0
851369_reviewed	856870_reviewed	1
852577_reviewed	851691_reviewed	1
851394_reviewed	850846_reviewed	1
850440_reviewed	855613_reviewed	0
851120_reviewed	851627_reviewed	0
851688_reviewed	853860_reviewed	0
850805_reviewed	855297_reviewed	0
851965_reviewed	852395_reviewed	1
852934_reviewed	852934_reviewed	1
851996_reviewed	855630_reviewed	1
850962_reviewed	855639_reviewed	0
851007_reviewed	852856_reviewed	0
851921_reviewed	853326_reviewed	0
851431_reviewed	852830_reviewed	0
850504_reviewed	852655_reviewed	0
851645_reviewed	852373_reviewed	0
855154_reviewed	850639_reviewed	1
851503_reviewed	851821_reviewed	0
850720_reviewed	854345_reviewed	0
851800_reviewed	854835_reviewed	0
851737_reviewed	851475_reviewed	1
850530_reviewed	851425_reviewed	0
854697_reviewed	850905_reviewed	1
852003_reviewed	854435_reviewed	1
852238_reviewed	853019_reviewed	0
852229_reviewed	855841_reviewed	1
856695_reviewed	851495_reviewed	1
854940_reviewed	856459_reviewed	0
852697_reviewed	855473_reviewed	1
850950_reviewed	853781_reviewed	0
854940_reviewed	855468_reviewed	1
854063_reviewed	856559_reviewed	0
850647_reviewed	855440_reviewed	1
850612_reviewed	851824_reviewed	1
852492_reviewed	854749_reviewed	0
851266_reviewed	853500_reviewed	0
851450_reviewed	851432_reviewed	1
850623_reviewed	855264_reviewed	0
852817_reviewed	853673_reviewed	0
856449_reviewed	855730_reviewed	1
854487_reviewed	850320_reviewed	1
855184_reviewed	851061_reviewed	1
850598_reviewed	853364_reviewed	0
850518_reviewed	855568_reviewed	0
854243_reviewed	854379_reviewed	0
853036_reviewed	855616_reviewed	0
854950_reviewed	855176_reviewed	0
856453_reviewed	856760_reviewed	0
856732_reviewed	852357_reviewed	1
850601_reviewed	855149_reviewed	1
851548_reviewed	853956_reviewed	0
851475_reviewed	851895_reviewed	0
852697_reviewed	855156_reviewed	1
851928_reviewed	854179_reviewed	0
853811_reviewed	856169_reviewed	1
852007_reviewed	855547_reviewed	0
855436_reviewed	856384_reviewed	0
853133_reviewed	854960_reviewed	0
855892_reviewed	853909_reviewed	1
852607_reviewed	854933_reviewed	1
855788_reviewed	853035_reviewed	1
850658_reviewed	851895_reviewed	0
851000_reviewed	852712_reviewed	1
851313_reviewed	850872_reviewed	1
856508_reviewed	856663_reviewed	0
855119_reviewed	851928_reviewed	1
852427_reviewed	853728_reviewed	1
856012_reviewed	854673_reviewed	1
856603_reviewed	855118_reviewed	1
853690_reviewed	854488_reviewed	0
856607_reviewed	853712_reviewed	1
852265_reviewed	852265_reviewed	1
851394_reviewed	854320_reviewed	1
851177_reviewed	855017_reviewed	0
850623_reviewed	855626_reviewed	0
851394_reviewed	852873_reviewed	1
851924_reviewed	854381_reviewed	0
851499_reviewed	854317_reviewed	1
852230_reviewed	853287_reviewed	0
855789_reviewed	856119_reviewed	0
850554_reviewed	850951_reviewed	1
853504_reviewed	850980_reviewed	1
853701_reviewed	854275_reviewed	0
852407_reviewed	853581_reviewed	0
854284_reviewed	855611_reviewed	0
856702_reviewed	856315_reviewed	1
852059_reviewed	850347_reviewed	1
850963_reviewed	853432_reviewed	0
853149_reviewed	855716_reviewed	0
852767_reviewed	856603_reviewed	0
850647_reviewed	850890_reviewed	1
852001_reviewed	854656_reviewed	0
851686_reviewed	854282_reviewed	1
853509_reviewed	854395_reviewed	0
850900_reviewed	853886_reviewed	0
855585_reviewed	855727_reviewed	0
852794_reviewed	853713_reviewed	0
850966_reviewed	852567_reviewed	0
851394_reviewed	855427_reviewed	1
852499_reviewed	854668_reviewed	0
851259_reviewed	854543_reviewed	1
853100_reviewed	856891_reviewed	0
851025_reviewed	856674_reviewed	0
850998_reviewed	855350_reviewed	0
853186_reviewed	855636_reviewed	1
850422_reviewed	855862_reviewed	1
852497_reviewed	852512_reviewed	0
852728_reviewed	850741_reviewed	1
851067_reviewed	853884_reviewed	0
850612_reviewed	855044_reviewed	0
853219_reviewed	850888_reviewed	1
854487_reviewed	854881_reviewed	1
855836_reviewed	856799_reviewed	1
855258_reviewed	856663_reviewed	1
850549_reviewed	853445_reviewed	0
851762_reviewed	853895_reviewed	0
850930_reviewed	852311_reviewed	0
856289_reviewed	856412_reviewed	0
853409_reviewed	855934_reviewed	1
851406_reviewed	854072_reviewed	0
853081_reviewed	854407_reviewed	0
852106_reviewed	851112_reviewed	1
851617_reviewed	855976_reviewed	0
850806_reviewed	852692_reviewed	0
853780_reviewed	853682_reviewed	1
854379_reviewed	855952_reviewed	0
853191_reviewed	855017_reviewed	1
851394_reviewed	850555_reviewed	1
850930_reviewed	852311_reviewed	0
852665_reviewed	854213_reviewed	0
852814_reviewed	855821_reviewed	1
856704_reviewed	856758_reviewed	0
855616_reviewed	856696_reviewed	1
851125_reviewed	854245_reviewed	0
854956_reviewed	855155_reviewed	0
853783_reviewed	851018_reviewed	1
853161_reviewed	854283_reviewed	1
852991_reviewed	855841_reviewed	1
853036_reviewed	856153_reviewed	0
851280_reviewed	851342_reviewed	0
855512_reviewed	856317_reviewed	0
851136_reviewed	855911_reviewed	0
850758_reviewed	854582_reviewed	0
853361_reviewed	854855_reviewed	0
850422_reviewed	850649_reviewed	1
853287_reviewed	853287_reviewed	1
851925_reviewed	850977_reviewed	1
851906_reviewed	853758_reviewed	1
851394_reviewed	852568_reviewed	1
850392_reviewed	854071_reviewed	1
854999_reviewed	855473_reviewed	1
852424_reviewed	856647_reviewed	0
850734_reviewed	850734_reviewed	1
851226_reviewed	852825_reviewed	0
852688_reviewed	855623_reviewed	0
851708_reviewed	856908_reviewed	0
851996_reviewed	855827_reviewed	1
852705_reviewed	854555_reviewed	0
851052_reviewed	856249_reviewed	0
851394_reviewed	855215_reviewed	1
850438_reviewed	856303_reviewed	0
851406_reviewed	854072_reviewed	0
852060_reviewed	853293_reviewed	0
852650_reviewed	855104_reviewed	0
856882_reviewed	854791_reviewed	1
850647_reviewed	856655_reviewed	1
851255_reviewed	854351_reviewed	1
850647_reviewed	852612_reviewed	1
851733_reviewed	850399_reviewed	1
854376_reviewed	856384_reviewed	0
854135_reviewed	855944_reviewed	0
856317_reviewed	856870_reviewed	0
850620_reviewed	852740_reviewed	1
851744_reviewed	852618_reviewed	1
852697_reviewed	856161_reviewed	0
850343_reviewed	855727_reviewed	0
852071_reviewed	851450_reviewed	1
852053_reviewed	852787_reviewed	0
850346_reviewed	851624_reviewed	0
854673_reviewed	856351_reviewed	0
853886_reviewed	854670_reviewed	1
852767_reviewed	851530_reviewed	1
852744_reviewed	853974_reviewed	0
852755_reviewed	853060_reviewed	0
854079_reviewed	854669_reviewed	0
853639_reviewed	855054_reviewed	1
852512_reviewed	853090_reviewed	1
851494_reviewed	852203_reviewed	0
852765_reviewed	855276_reviewed	0
854026_reviewed	853631_reviewed	1
852757_reviewed	853167_reviewed	0
854331_reviewed	856751_reviewed	0
855013_reviewed	855820_reviewed	1
855418_reviewed	851024_reviewed	1
851716_reviewed	853823_reviewed	0
850518_reviewed	856241_reviewed	0
855281_reviewed	851518_reviewed	1
851204_reviewed	856566_reviewed	0
850419_reviewed	851670_reviewed	0
851948_reviewed	855585_reviewed	0
856901_reviewed	856901_reviewed	1
855965_reviewed	856723_reviewed	0
850347_reviewed	850409_reviewed	0
854110_reviewed	851161_reviewed	1
855828_reviewed	855981_reviewed	0
853355_reviewed	855665_reviewed	0
854372_reviewed	853128_reviewed	1
855586_reviewed	855987_reviewed	0
850683_reviewed	850973_reviewed	0
851632_reviewed	856226_reviewed	0
851407_reviewed	854446_reviewed	0
855952_reviewed	856751_reviewed	1
850719_reviewed	850787_reviewed	0
855104_reviewed	856352_reviewed	0
856351_reviewed	851152_reviewed	1
855460_reviewed	856654_reviewed	1
855017_reviewed	852497_reviewed	1
852681_reviewed	855942_reviewed	0
852025_reviewed	856223_reviewed	0
854317_reviewed	855865_reviewed	1
855387_reviewed	855639_reviewed	0
851394_reviewed	855628_reviewed	1
851143_reviewed	855613_reviewed	0
852665_reviewed	854315_reviewed	0
850647_reviewed	854649_reviewed	1
851394_reviewed	856721_reviewed	1
851084_reviewed	856160_reviewed	0
853671_reviewed	851431_reviewed	1
855060_reviewed	856738_reviewed	0
852271_reviewed	852951_reviewed	0
852499_reviewed	851744_reviewed	1
853817_reviewed	856891_reviewed	0
852492_reviewed	855499_reviewed	0
854229_reviewed	854263_reviewed	0
850691_reviewed	855439_reviewed	0
855623_reviewed	853150_reviewed	1
852095_reviewed	853890_reviewed	1
855631_reviewed	853082_reviewed	1
851394_reviewed	854964_reviewed	1
851991_reviewed	854322_reviewed	0
856241_reviewed	856241_reviewed	1
852697_reviewed	854841_reviewed	1
851905_reviewed	855979_reviewed	0
854382_reviewed	856680_reviewed	0
850401_reviewed	856677_reviewed	0
852973_reviewed	854745_reviewed	0
853490_reviewed	854509_reviewed	1
850908_reviewed	852394_reviewed	1
855101_reviewed	856040_reviewed	1
855836_reviewed	856075_reviewed	0
851097_reviewed	853090_reviewed	1
855496_reviewed	856263_reviewed	0
855621_reviewed	853734_reviewed	1
851895_reviewed	856870_reviewed	1
855264_reviewed	855888_reviewed	0
851052_reviewed	851337_reviewed	0
855470_reviewed	854999_reviewed	1
852852_reviewed	853304_reviewed	0
853899_reviewed	854243_reviewed	0
855177_reviewed	856513_reviewed	0
852059_reviewed	855276_reviewed	1
851337_reviewed	856674_reviewed	1
856723_reviewed	856926_reviewed	0
852404_reviewed	851916_reviewed	1
853010_reviewed	855665_reviewed	0
851306_reviewed	851655_reviewed	1
852838_reviewed	856201_reviewed	1
851499_reviewed	853714_reviewed	1
853743_reviewed	855016_reviewed	1
853098_reviewed	853167_reviewed	0
853826_reviewed	854407_reviewed	0
854487_reviewed	851632_reviewed	1
853133_reviewed	855665_reviewed	0
851112_reviewed	851551_reviewed	0
850760_reviewed	855665_reviewed	0
851701_reviewed	856366_reviewed	1
850516_reviewed	854650_reviewed	0
853894_reviewed	853956_reviewed	0
852275_reviewed	855035_reviewed	1
853338_reviewed	853244_reviewed	1
851181_reviewed	852883_reviewed	0
851996_reviewed	851237_reviewed	1
855053_reviewed	855882_reviewed	0
851431_reviewed	851259_reviewed	1
851264_reviewed	852407_reviewed	0
855500_reviewed	856459_reviewed	1
850611_reviewed	854328_reviewed	1
851754_reviewed	854381_reviewed	0
852403_reviewed	852469_reviewed	0
852322_reviewed	856751_reviewed	0
850598_reviewed	856519_reviewed	0
851394_reviewed	856052_reviewed	1
851774_reviewed	852755_reviewed	1
855143_reviewed	854221_reviewed	1
852697_reviewed	851874_reviewed	1
851394_reviewed	850551_reviewed	1
852462_reviewed	853598_reviewed	0
852352_reviewed	853492_reviewed	0
856571_reviewed	854423_reviewed	1
855789_reviewed	856488_reviewed	0
850647_reviewed	853116_reviewed	1
856089_reviewed	851025_reviewed	1
852119_reviewed	855555_reviewed	1
851827_reviewed	854392_reviewed	0
855155_reviewed	855828_reviewed	0
855135_reviewed	855226_reviewed	0
855972_reviewed	856217_reviewed	1
855911_reviewed	855911_reviewed	1
852870_reviewed	855788_reviewed	1
855013_reviewed	852395_reviewed	1
853191_reviewed	856096_reviewed	1
852184_reviewed	853023_reviewed	0
852697_reviewed	854379_reviewed	0
853817_reviewed	851416_reviewed	1
850647_reviewed	853077_reviewed	1
854143_reviewed	851520_reviewed	1
856870_reviewed	850715_reviewed	1
851399_reviewed	856862_reviewed	0
850396_reviewed	854084_reviewed	0
850554_reviewed	855362_reviewed	1
851813_reviewed	853133_reviewed	0
855836_reviewed	851039_reviewed	1
852059_reviewed	855821_reviewed	1
854252_reviewed	856152_reviewed	0
853062_reviewed	854023_reviewed	1
853355_reviewed	855907_reviewed	1
851125_reviewed	856863_reviewed	0
853956_reviewed	856604_reviewed	1
854152_reviewed	851407_reviewed	1
850440_reviewed	855173_reviewed	0
855884_reviewed	856870_reviewed	0
854458_reviewed	854765_reviewed	0
851745_reviewed	851723_reviewed	1
851680_reviewed	851076_reviewed	1
854666_reviewed	850405_reviewed	1
852757_reviewed	854426_reviewed	0
850647_reviewed	851018_reviewed	1
852982_reviewed	851407_reviewed	1
851576_reviewed	851745_reviewed	0
850298_reviewed	856449_reviewed	0
853490_reviewed	851928_reviewed	1
852982_reviewed	854939_reviewed	1
851259_reviewed	852257_reviewed	1
854819_reviewed	854777_reviewed	1
852991_reviewed	855976_reviewed	0
852501_reviewed	856026_reviewed	0
851483_reviewed	854034_reviewed	0
851259_reviewed	854991_reviewed	1
855524_reviewed	851394_reviewed	1
852291_reviewed	852569_reviewed	0
851143_reviewed	852757_reviewed	1
856862_reviewed	854306_reviewed	1
852088_reviewed	856876_reviewed	0
850631_reviewed	856537_reviewed	0
854937_reviewed	855888_reviewed	0
851320_reviewed	855297_reviewed	1
856575_reviewed	854229_reviewed	1
850777_reviewed	856011_reviewed	0
855605_reviewed	854883_reviewed	1
852611_reviewed	852650_reviewed	0
851457_reviewed	852996_reviewed	0
850519_reviewed	856716_reviewed	0
851332_reviewed	851513_reviewed	1
852563_reviewed	855048_reviewed	1
853365_reviewed	853365_reviewed	1
851265_reviewed	852001_reviewed	0
854156_reviewed	852665_reviewed	1
854124_reviewed	854407_reviewed	0
851394_reviewed	852250_reviewed	1
850334_reviewed	854084_reviewed	0
855102_reviewed	854059_reviewed	1
850419_reviewed	851699_reviewed	0
851394_reviewed	855489_reviewed	1
852654_reviewed	854018_reviewed	1
853811_reviewed	855253_reviewed	0
851212_reviewed	854168_reviewed	0
852553_reviewed	854681_reviewed	0
852697_reviewed	854941_reviewed	1
855066_reviewed	851263_reviewed	1
852497_reviewed	851798_reviewed	1
854424_reviewed	855083_reviewed	1
855884_reviewed	855158_reviewed	1
855841_reviewed	850561_reviewed	1
855090_reviewed	854701_reviewed	1
850347_reviewed	855843_reviewed	0
853670_reviewed	856218_reviewed	0
850744_reviewed	855571_reviewed	0
854761_reviewed	853148_reviewed	1
855977_reviewed	855118_reviewed	1
854791_reviewed	855620_reviewed	0
854828_reviewed	854874_reviewed	0
854772_reviewed	856837_reviewed	0
850409_reviewed	856096_reviewed	1
855532_reviewed	853466_reviewed	1
851319_reviewed	850298_reviewed	1
851091_reviewed	854382_reviewed	0
850973_reviewed	854802_reviewed	0
853922_reviewed	854664_reviewed	0
854740_reviewed	855436_reviewed	1
850647_reviewed	855585_reviewed	1
851678_reviewed	854828_reviewed	0
851587_reviewed	851831_reviewed	0
852457_reviewed	855859_reviewed	1
853824_reviewed	854034_reviewed	0
852931_reviewed	852606_reviewed	1
854866_reviewed	855891_reviewed	1
856449_reviewed	854487_reviewed	1
852612_reviewed	856731_reviewed	0
850539_reviewed	851191_reviewed	1
851671_reviewed	851266_reviewed	1
856856_reviewed	851819_reviewed	1
850702_reviewed	856891_reviewed	0
853857_reviewed	854960_reviewed	1
853896_reviewed	855838_reviewed	1
853089_reviewed	855565_reviewed	1
850656_reviewed	854875_reviewed	0
855819_reviewed	856093_reviewed	1
855066_reviewed	855532_reviewed	1
855360_reviewed	855972_reviewed	0
853373_reviewed	855332_reviewed	0
851724_reviewed	852996_reviewed	0
850563_reviewed	852688_reviewed	0
852453_reviewed	853713_reviewed	0
850792_reviewed	853774_reviewed	0
852996_reviewed	853681_reviewed	0
853177_reviewed	853177_reviewed	1
850318_reviewed	855166_reviewed	1
851153_reviewed	854183_reviewed	1
855739_reviewed	850349_reviewed	1
851870_reviewed	853828_reviewed	1
856275_reviewed	856751_reviewed	0
850983_reviewed	855745_reviewed	0
851394_reviewed	854702_reviewed	1
852013_reviewed	855981_reviewed	1
854501_reviewed	850441_reviewed	1
856425_reviewed	850884_reviewed	1
851259_reviewed	855143_reviewed	0
854373_reviewed	855143_reviewed	1
854190_reviewed	856429_reviewed	0
855073_reviewed	850939_reviewed	1
855570_reviewed	856754_reviewed	0
852921_reviewed	856042_reviewed	1
854710_reviewed	852402_reviewed	1
856843_reviewed	850447_reviewed	1
855836_reviewed	855143_reviewed	1
852241_reviewed	856422_reviewed	1
853355_reviewed	851803_reviewed	1
853535_reviewed	853535_reviewed	1
850695_reviewed	856144_reviewed	0
852352_reviewed	855276_reviewed	0
852059_reviewed	852757_reviewed	0
852371_reviewed	856749_reviewed	0
851548_reviewed	856063_reviewed	0
855888_reviewed	854960_reviewed	1
851969_reviewed	853419_reviewed	1
853811_reviewed	854263_reviewed	0
850534_reviewed	852757_reviewed	0
853954_reviewed	855897_reviewed	0
851342_reviewed	854648_reviewed	0
853576_reviewed	856297_reviewed	0
852977_reviewed	853819_reviewed	0
854282_reviewed	856663_reviewed	1
853320_reviewed	851113_reviewed	1
854110_reviewed	856590_reviewed	0
853353_reviewed	855264_reviewed	1
850647_reviewed	855820_reviewed	1
853773_reviewed	851197_reviewed	1
856237_reviewed	853283_reviewed	1
851404_reviewed	853161_reviewed	0
853504_reviewed	856518_reviewed	1
854265_reviewed	854691_reviewed	0
855066_reviewed	853808_reviewed	1
850793_reviewed	852765_reviewed	1
856173_reviewed	856173_reviewed	1
855897_reviewed	855605_reviewed	1
851831_reviewed	856412_reviewed	0
854138_reviewed	854023_reviewed	1
850712_reviewed	852069_reviewed	1
851259_reviewed	855104_reviewed	0
850898_reviewed	851785_reviewed	1
850554_reviewed	856799_reviewed	1
854191_reviewed	852762_reviewed	1
854093_reviewed	854449_reviewed	0
851937_reviewed	854714_reviewed	0
853806_reviewed	855319_reviewed	0
851267_reviewed	855028_reviewed	0
851394_reviewed	851649_reviewed	1
850612_reviewed	852740_reviewed	1
855771_reviewed	854353_reviewed	1
855155_reviewed	853666_reviewed	1
856141_reviewed	851731_reviewed	1
852678_reviewed	855512_reviewed	0
856126_reviewed	854381_reviewed	1
856918_reviewed	856791_reviewed	1
852457_reviewed	850880_reviewed	1
851369_reviewed	855489_reviewed	0
853166_reviewed	854381_reviewed	0
855408_reviewed	856063_reviewed	0
851394_reviewed	856605_reviewed	1
851831_reviewed	856746_reviewed	0
853072_reviewed	856659_reviewed	0
852352_reviewed	853364_reviewed	0
853342_reviewed	853578_reviewed	0
854078_reviewed	854381_reviewed	1
854290_reviewed	855841_reviewed	0
855897_reviewed	852549_reviewed	1
853806_reviewed	855399_reviewed	1
855897_reviewed	851008_reviewed	1
851394_reviewed	852214_reviewed	1
851394_reviewed	856602_reviewed	1
853418_reviewed	853418_reviewed	1
852697_reviewed	854742_reviewed	0
851222_reviewed	854966_reviewed	1
855319_reviewed	854284_reviewed	1
851394_reviewed	855251_reviewed	1
855460_reviewed	855979_reviewed	0
851409_reviewed	852697_reviewed	0
853373_reviewed	856305_reviewed	1
850554_reviewed	856223_reviewed	1
850683_reviewed	855221_reviewed	0
851904_reviewed	854437_reviewed	0
852993_reviewed	855406_reviewed	0
852817_reviewed	853578_reviewed	0
850647_reviewed	852754_reviewed	1
852233_reviewed	851949_reviewed	1
853376_reviewed	856815_reviewed	0
856387_reviewed	854650_reviewed	1
850647_reviewed	853568_reviewed	1
853416_reviewed	854434_reviewed	0
851259_reviewed	855884_reviewed	0
852754_reviewed	856876_reviewed	0
850837_reviewed	855439_reviewed	1
850636_reviewed	855158_reviewed	1
852885_reviewed	855821_reviewed	0
852039_reviewed	856870_reviewed	0
850623_reviewed	850656_reviewed	0
854855_reviewed	852517_reviewed	1
850649_reviewed	852767_reviewed	0
856749_reviewed	856862_reviewed	0
851247_reviewed	851247_reviewed	1
851255_reviewed	854424_reviewed	1
854662_reviewed	853814_reviewed	1
852888_reviewed	851136_reviewed	1
855426_reviewed	856089_reviewed	0
851076_reviewed	850325_reviewed	1
852673_reviewed	856096_reviewed	0
851394_reviewed	853892_reviewed	1
850737_reviewed	855994_reviewed	0
852857_reviewed	856837_reviewed	0
850793_reviewed	856519_reviewed	0
851394_reviewed	856911_reviewed	1
850767_reviewed	853017_reviewed	0
850720_reviewed	856572_reviewed	0
851259_reviewed	852763_reviewed	1
854382_reviewed	856320_reviewed	1
855837_reviewed	853714_reviewed	1
856463_reviewed	852107_reviewed	1
855974_reviewed	855981_reviewed	0
850649_reviewed	855118_reviewed	0
855386_reviewed	851788_reviewed	1
850744_reviewed	854382_reviewed	0
851928_reviewed	852779_reviewed	0
851394_reviewed	851539_reviewed	1
850654_reviewed	855669_reviewed	1
851499_reviewed	855514_reviewed	1
853535_reviewed	855728_reviewed	0
852451_reviewed	852713_reviewed	0
851206_reviewed	854956_reviewed	0
850962_reviewed	853304_reviewed	1
853681_reviewed	855821_reviewed	0
855789_reviewed	854469_reviewed	1
855466_reviewed	856846_reviewed	0
851048_reviewed	854691_reviewed	0
851545_reviewed	854656_reviewed	1
852235_reviewed	855751_reviewed	1
851394_reviewed	850498_reviewed	1
851335_reviewed	853598_reviewed	0
854544_reviewed	856106_reviewed	0
851782_reviewed	852819_reviewed	1
854912_reviewed	855979_reviewed	0
850298_reviewed	855228_reviewed	0
852311_reviewed	852670_reviewed	1
853728_reviewed	852382_reviewed	1
852778_reviewed	856362_reviewed	1
852457_reviewed	853752_reviewed	1
851440_reviewed	856294_reviewed	1
855663_reviewed	853317_reviewed	1
851286_reviewed	851286_reviewed	1
853133_reviewed	856508_reviewed	1
852532_reviewed	852757_reviewed	0
853168_reviewed	855616_reviewed	0
852814_reviewed	852819_reviewed	0
851957_reviewed	854889_reviewed	1
850330_reviewed	856507_reviewed	0
852325_reviewed	853298_reviewed	0
851831_reviewed	853463_reviewed	0
851520_reviewed	853956_reviewed	0
850688_reviewed	855539_reviewed	1
851394_reviewed	852969_reviewed	1
853041_reviewed	853041_reviewed	1
855908_reviewed	854487_reviewed	1
852780_reviewed	854252_reviewed	0
850760_reviewed	855485_reviewed	1
853202_reviewed	856461_reviewed	1
856751_reviewed	854956_reviewed	1
853712_reviewed	854258_reviewed	0
852373_reviewed	852834_reviewed	1
852712_reviewed	856203_reviewed	0
851988_reviewed	855925_reviewed	1
850441_reviewed	854950_reviewed	0
855836_reviewed	855488_reviewed	1
850367_reviewed	856736_reviewed	0
851627_reviewed	856386_reviewed	0
852567_reviewed	853352_reviewed	0
852560_reviewed	854933_reviewed	0
854786_reviewed	853371_reviewed	1
853318_reviewed	854016_reviewed	1
851471_reviewed	855035_reviewed	0
852139_reviewed	853955_reviewed	0
850980_reviewed	852501_reviewed	1
856305_reviewed	851152_reviewed	1
851678_reviewed	854882_reviewed	0
852060_reviewed	852439_reviewed	0
854369_reviewed	855017_reviewed	1
852567_reviewed	854552_reviewed	1
851548_reviewed	851548_reviewed	1
856604_reviewed	854229_reviewed	1
851394_reviewed	852450_reviewed	1
852582_reviewed	854933_reviewed	1
851206_reviewed	853373_reviewed	0
852451_reviewed	855974_reviewed	1
853712_reviewed	856862_reviewed	0
852477_reviewed	855082_reviewed	0
852787_reviewed	853531_reviewed	0
854078_reviewed	856119_reviewed	0
850808_reviewed	853788_reviewed	1
852880_reviewed	856218_reviewed	0
850435_reviewed	856463_reviewed	0
850872_reviewed	853956_reviewed	0
852697_reviewed	854688_reviewed	1
850572_reviewed	856711_reviewed	0
852881_reviewed	850880_reviewed	1
851624_reviewed	853670_reviewed	1
856040_reviewed	851135_reviewed	1
850440_reviewed	853350_reviewed	0
852322_reviewed	851905_reviewed	1
855824_reviewed	856007_reviewed	0
851969_reviewed	854446_reviewed	0
851548_reviewed	856264_reviewed	0
855739_reviewed	856303_reviewed	0
856290_reviewed	854999_reviewed	1
851708_reviewed	854331_reviewed	0
852697_reviewed	855972_reviewed	0
851407_reviewed	854078_reviewed	0
851821_reviewed	854960_reviewed	1
850549_reviewed	855972_reviewed	1
852322_reviewed	853161_reviewed	0
850860_reviewed	852522_reviewed	0
856891_reviewed	855841_reviewed	1
850539_reviewed	853090_reviewed	0
851394_reviewed	852993_reviewed	1
850963_reviewed	855968_reviewed	0
851560_reviewed	851892_reviewed	0
852951_reviewed	854979_reviewed	0
850713_reviewed	855221_reviewed	0
854778_reviewed	850963_reviewed	1
852403_reviewed	855412_reviewed	0
855950_reviewed	852765_reviewed	1
850440_reviewed	856846_reviewed	0
852499_reviewed	851680_reviewed	1
853942_reviewed	852556_reviewed	1
855974_reviewed	853301_reviewed	1
854423_reviewed	856146_reviewed	0
851085_reviewed	854353_reviewed	1
854487_reviewed	856267_reviewed	1
851394_reviewed	852582_reviewed	1
853167_reviewed	856201_reviewed	0
852996_reviewed	856459_reviewed	0
854999_reviewed	855503_reviewed	0
851259_reviewed	854206_reviewed	1
852385_reviewed	854315_reviewed	1
856437_reviewed	854106_reviewed	1
852995_reviewed	854162_reviewed	0
850568_reviewed	851412_reviewed	1
853254_reviewed	854646_reviewed	0
854791_reviewed	856926_reviewed	0
854598_reviewed	854627_reviewed	1
851716_reviewed	852277_reviewed	0
856577_reviewed	853824_reviewed	1
853818_reviewed	855555_reviewed	1
852607_reviewed	856911_reviewed	1
852329_reviewed	851508_reviewed	1
851332_reviewed	854697_reviewed	1
856277_reviewed	855827_reviewed	1
851379_reviewed	854191_reviewed	0
852235_reviewed	852688_reviewed	1
854989_reviewed	852862_reviewed	1
852767_reviewed	855790_reviewed	0
853016_reviewed	853796_reviewed	0
851342_reviewed	854141_reviewed	0
853033_reviewed	854598_reviewed	0
851930_reviewed	852762_reviewed	0
851457_reviewed	855843_reviewed	0
853161_reviewed	854247_reviewed	0
856126_reviewed	854229_reviewed	1
856850_reviewed	856861_reviewed	1
854245_reviewed	855664_reviewed	0
855357_reviewed	853128_reviewed	1
852673_reviewed	854485_reviewed	0
850977_reviewed	851723_reviewed	0
855005_reviewed	856846_reviewed	1
853133_reviewed	855983_reviewed	1
852983_reviewed	856519_reviewed	0
852457_reviewed	853333_reviewed	1
856220_reviewed	856753_reviewed	0
854765_reviewed	855613_reviewed	0
850343_reviewed	852816_reviewed	0
851399_reviewed	853527_reviewed	1
853168_reviewed	856830_reviewed	0
854229_reviewed	856351_reviewed	0
851406_reviewed	851212_reviewed	1
856846_reviewed	856208_reviewed	1
850620_reviewed	854161_reviewed	0
850554_reviewed	853036_reviewed	1
856846_reviewed	853587_reviewed	1
856751_reviewed	851531_reviewed	1
851394_reviewed	854212_reviewed	1
850298_reviewed	855664_reviewed	0
850806_reviewed	852757_reviewed	0
855828_reviewed	854540_reviewed	1
853287_reviewed	852311_reviewed	1
854381_reviewed	850625_reviewed	1
852983_reviewed	856751_reviewed	1
852322_reviewed	852984_reviewed	1
854966_reviewed	855475_reviewed	0
852322_reviewed	856559_reviewed	0
852039_reviewed	852697_reviewed	0
851699_reviewed	853167_reviewed	0
851666_reviewed	856509_reviewed	0
852945_reviewed	856912_reviewed	1
856700_reviewed	856700_reviewed	1
855683_reviewed	856220_reviewed	0
855897_reviewed	855052_reviewed	1
853287_reviewed	855016_reviewed	1
853554_reviewed	855646_reviewed	0
851758_reviewed	853709_reviewed	1
851255_reviewed	855055_reviewed	1
853256_reviewed	856587_reviewed	0
854662_reviewed	851025_reviewed	1
855974_reviewed	856290_reviewed	0
851482_reviewed	853072_reviewed	0
855492_reviewed	855512_reviewed	0
853065_reviewed	851513_reviewed	1
852265_reviewed	856437_reviewed	0
851680_reviewed	851680_reviewed	1
856203_reviewed	856600_reviewed	1
851008_reviewed	854278_reviewed	0
855302_reviewed	851196_reviewed	1
850873_reviewed	850445_reviewed	1
852987_reviewed	855386_reviewed	0
856489_reviewed	856603_reviewed	0
852100_reviewed	856696_reviewed	0
853133_reviewed	854960_reviewed	0
852697_reviewed	852580_reviewed	1
854102_reviewed	852233_reviewed	1
855687_reviewed	852649_reviewed	1
851431_reviewed	852835_reviewed	0
852993_reviewed	853639_reviewed	0
851671_reviewed	852728_reviewed	0
851013_reviewed	851259_reviewed	1
850695_reviewed	855489_reviewed	0
850999_reviewed	851008_reviewed	1
850647_reviewed	851838_reviewed	1
856263_reviewed	855822_reviewed	1
850764_reviewed	853035_reviewed	0
852373_reviewed	856536_reviewed	0
852245_reviewed	855203_reviewed	0
850422_reviewed	856449_reviewed	0
856755_reviewed	851887_reviewed	1
852457_reviewed	850822_reviewed	1
851406_reviewed	852518_reviewed	0
851394_reviewed	853072_reviewed	1
851467_reviewed	853922_reviewed	0
855934_reviewed	854211_reviewed	1
856743_reviewed	855485_reviewed	1
850598_reviewed	856146_reviewed	1
853244_reviewed	856291_reviewed	1
856076_reviewed	850334_reviewed	1
854827_reviewed	855204_reviewed	1
855716_reviewed	855862_reviewed	0
852222_reviewed	853817_reviewed	0
853154_reviewed	853896_reviewed	0
851560_reviewed	856027_reviewed	0
856317_reviewed	853098_reviewed	1
855665_reviewed	851562_reviewed	1
850351_reviewed	850973_reviewed	0
855828_reviewed	856743_reviewed	1
851399_reviewed	854379_reviewed	0
852762_reviewed	855155_reviewed	0
853871_reviewed	855821_reviewed	0
854778_reviewed	854778_reviewed	1
856425_reviewed	854395_reviewed	1
850298_reviewed	851125_reviewed	1
856674_reviewed	854433_reviewed	1
855238_reviewed	855506_reviewed	0
850304_reviewed	853419_reviewed	0
852697_reviewed	853728_reviewed	0
850440_reviewed	855897_reviewed	0
856911_reviewed	854933_reviewed	1
855104_reviewed	856700_reviewed	1
853056_reviewed	854342_reviewed	0
851996_reviewed	852820_reviewed	1
851303_reviewed	854450_reviewed	0
850792_reviewed	855897_reviewed	0
851724_reviewed	852980_reviewed	1
851394_reviewed	853173_reviewed	1
851745_reviewed	853133_reviewed	0
851042_reviewed	852311_reviewed	0
856891_reviewed	852766_reviewed	1
850551_reviewed	853956_reviewed	0
856236_reviewed	855512_reviewed	1
850580_reviewed	851676_reviewed	0
851259_reviewed	851369_reviewed	0
850647_reviewed	852817_reviewed	1
851737_reviewed	854265_reviewed	1
855470_reviewed	854322_reviewed	1
854555_reviewed	855533_reviewed	0
855466_reviewed	856317_reviewed	0
852088_reviewed	855512_reviewed	1
852230_reviewed	853287_reviewed	0
851752_reviewed	856579_reviewed	1
850818_reviewed	851554_reviewed	1
851797_reviewed	855838_reviewed	1
855356_reviewed	852788_reviewed	1
850623_reviewed	852547_reviewed	0
855538_reviewed	852494_reviewed	1
850520_reviewed	853767_reviewed	0
855155_reviewed	856228_reviewed	0
854461_reviewed	850298_reviewed	1
851678_reviewed	852584_reviewed	0
853942_reviewed	851833_reviewed	1
850654_reviewed	853201_reviewed	0
850440_reviewed	856144_reviewed	0
851548_reviewed	853860_reviewed	0
850647_reviewed	853597_reviewed	1
850647_reviewed	853147_reviewed	1
852563_reviewed	853110_reviewed	1
850767_reviewed	851458_reviewed	1
851447_reviewed	854023_reviewed	1
851527_reviewed	855631_reviewed	0
852248_reviewed	851042_reviewed	1
851782_reviewed	855264_reviewed	0
854082_reviewed	854431_reviewed	1
853005_reviewed	853005_reviewed	1
850647_reviewed	856241_reviewed	1
852931_reviewed	855488_reviewed	1
853041_reviewed	853946_reviewed	0
852815_reviewed	855458_reviewed	0
850807_reviewed	854960_reviewed	1
855489_reviewed	856846_reviewed	0
851924_reviewed	855730_reviewed	0
855204_reviewed	855204_reviewed	1
850347_reviewed	853373_reviewed	0
855836_reviewed	855053_reviewed	1
855706_reviewed	856604_reviewed	0
852383_reviewed	852529_reviewed	0
850918_reviewed	851548_reviewed	0
850647_reviewed	853399_reviewed	1
851379_reviewed	853857_reviewed	0
852276_reviewed	851996_reviewed	1
853956_reviewed	852995_reviewed	1
851928_reviewed	855253_reviewed	0
851394_reviewed	850787_reviewed	1
852563_reviewed	855316_reviewed	0
851996_reviewed	854650_reviewed	1
852931_reviewed	854706_reviewed	0
854740_reviewed	856660_reviewed	1
854353_reviewed	856854_reviewed	1
851379_reviewed	852547_reviewed	0
855281_reviewed	853227_reviewed	1
853462_reviewed	854806_reviewed	0
851520_reviewed	851813_reviewed	1
852786_reviewed	853843_reviewed	1
850562_reviewed	853712_reviewed	1
851530_reviewed	856815_reviewed	0
855968_reviewed	851084_reviewed	1
856351_reviewed	854487_reviewed	1
851114_reviewed	855500_reviewed	0
850326_reviewed	851924_reviewed	1
856099_reviewed	850656_reviewed	1
852209_reviewed	855580_reviewed	0
851373_reviewed	855154_reviewed	1
851259_reviewed	855428_reviewed	0
854263_reviewed	855783_reviewed	0
855411_reviewed	856597_reviewed	0
853576_reviewed	854085_reviewed	1
856220_reviewed	856225_reviewed	0
850872_reviewed	854446_reviewed	0
852724_reviewed	852724_reviewed	1
852512_reviewed	854017_reviewed	0
855836_reviewed	855173_reviewed	1
853133_reviewed	855132_reviewed	0
851618_reviewed	856163_reviewed	0
853767_reviewed	854656_reviewed	0
852547_reviewed	856254_reviewed	0
852703_reviewed	853957_reviewed	1
854697_reviewed	856231_reviewed	0
853573_reviewed	854479_reviewed	1
851005_reviewed	855155_reviewed	1
855410_reviewed	855944_reviewed	0
851369_reviewed	855230_reviewed	0
851403_reviewed	853458_reviewed	1
850693_reviewed	855470_reviewed	0
856918_reviewed	854678_reviewed	1
852410_reviewed	853828_reviewed	1
854793_reviewed	855158_reviewed	1
850999_reviewed	856626_reviewed	0
852250_reviewed	854622_reviewed	1
853534_reviewed	855498_reviewed	0
851676_reviewed	855512_reviewed	1
851262_reviewed	853937_reviewed	0
853439_reviewed	854063_reviewed	0
852755_reviewed	856751_reviewed	0
850310_reviewed	856704_reviewed	0
851841_reviewed	852392_reviewed	0
850930_reviewed	851042_reviewed	0
851255_reviewed	852451_reviewed	0
852467_reviewed	851751_reviewed	1
853598_reviewed	855258_reviewed	0
850445_reviewed	855642_reviewed	0
851755_reviewed	855691_reviewed	0
852276_reviewed	853229_reviewed	1
852457_reviewed	852700_reviewed	1
854827_reviewed	855897_reviewed	1
856824_reviewed	856422_reviewed	1
851935_reviewed	851724_reviewed	1
852931_reviewed	856709_reviewed	0
850983_reviewed	851787_reviewed	0
850553_reviewed	854656_reviewed	0
855772_reviewed	852553_reviewed	1
851646_reviewed	855303_reviewed	1
856223_reviewed	854433_reviewed	1
852194_reviewed	855316_reviewed	0
855263_reviewed	851756_reviewed	1
855841_reviewed	853712_reviewed	1
854509_reviewed	854509_reviewed	1
853638_reviewed	855631_reviewed	0
851533_reviewed	854431_reviewed	1
856476_reviewed	855104_reviewed	1
854102_reviewed	855102_reviewed	0
853774_reviewed	854726_reviewed	1
850691_reviewed	854213_reviewed	0
851577_reviewed	852931_reviewed	0
851404_reviewed	851988_reviewed	0
850347_reviewed	855116_reviewed	0
851559_reviewed	850760_reviewed	1
855664_reviewed	855335_reviewed	1
851678_reviewed	855616_reviewed	0
856828_reviewed	854701_reviewed	1
854086_reviewed	856674_reviewed	0
850647_reviewed	854299_reviewed	1
854020_reviewed	855841_reviewed	0
855449_reviewed	852662_reviewed	1
853406_reviewed	854119_reviewed	0
852080_reviewed	854956_reviewed	0
852044_reviewed	856595_reviewed	1
856743_reviewed	852053_reviewed	1
855554_reviewed	856918_reviewed	0
854162_reviewed	856463_reviewed	0
852805_reviewed	856698_reviewed	0
852819_reviewed	856736_reviewed	1
854042_reviewed	850594_reviewed	1
852973_reviewed	855669_reviewed	1
852787_reviewed	853851_reviewed	0
852703_reviewed	856842_reviewed	0
855386_reviewed	856862_reviewed	0
853133_reviewed	854166_reviewed	0
850900_reviewed	854919_reviewed	0
852814_reviewed	852001_reviewed	1
855925_reviewed	854956_reviewed	1
851112_reviewed	853758_reviewed	0
852395_reviewed	855626_reviewed	0
854113_reviewed	855041_reviewed	0
855613_reviewed	855988_reviewed	0
855524_reviewed	852752_reviewed	1
851048_reviewed	853957_reviewed	0
854673_reviewed	855789_reviewed	1
852947_reviewed	854392_reviewed	0
850347_reviewed	851988_reviewed	0
852403_reviewed	856057_reviewed	0
856267_reviewed	850649_reviewed	1
851052_reviewed	852569_reviewed	0
854038_reviewed	856912_reviewed	1
856731_reviewed	851431_reviewed	1
850599_reviewed	851723_reviewed	0
850504_reviewed	855834_reviewed	1
856882_reviewed	851394_reviewed	1
852984_reviewed	853686_reviewed	1
855118_reviewed	856119_reviewed	0
852079_reviewed	855277_reviewed	0
852411_reviewed	853512_reviewed	1
855836_reviewed	853489_reviewed	1
855616_reviewed	856134_reviewed	1
851115_reviewed	851255_reviewed	0
854138_reviewed	855836_reviewed	0
851562_reviewed	855975_reviewed	0
851632_reviewed	851924_reviewed	0
851905_reviewed	856768_reviewed	0
855263_reviewed	855454_reviewed	0
854487_reviewed	853762_reviewed	1
851407_reviewed	856488_reviewed	0
855775_reviewed	851786_reviewed	1
851259_reviewed	852902_reviewed	1
850782_reviewed	851342_reviewed	0
851102_reviewed	853782_reviewed	0
852685_reviewed	851217_reviewed	1
855888_reviewed	854497_reviewed	1
853743_reviewed	853023_reviewed	1
852996_reviewed	856437_reviewed	1
854284_reviewed	853456_reviewed	1
851611_reviewed	853875_reviewed	0
850973_reviewed	855429_reviewed	1
852059_reviewed	856453_reviewed	0
852834_reviewed	855836_reviewed	0
855974_reviewed	856317_reviewed	1
851279_reviewed	856431_reviewed	0
855524_reviewed	856237_reviewed	1
852277_reviewed	855974_reviewed	0
852416_reviewed	853857_reviewed	1
850539_reviewed	854190_reviewed	1
851774_reviewed	856844_reviewed	1
854487_reviewed	856489_reviewed	0
851813_reviewed	853167_reviewed	0
856035_reviewed	856862_reviewed	0
850358_reviewed	852715_reviewed	0
851337_reviewed	851618_reviewed	1
852694_reviewed	855920_reviewed	0
855859_reviewed	851549_reviewed	1
856603_reviewed	850820_reviewed	1
850325_reviewed	851680_reviewed	1
852372_reviewed	855836_reviewed	0
851394_reviewed	853860_reviewed	1
853463_reviewed	855387_reviewed	0
850693_reviewed	856732_reviewed	0
854543_reviewed	856155_reviewed	0
856065_reviewed	852088_reviewed	1
852497_reviewed	852938_reviewed	0
850330_reviewed	853976_reviewed	1
851549_reviewed	851549_reviewed	1
851969_reviewed	850298_reviewed	1
850713_reviewed	854195_reviewed	0
854245_reviewed	855977_reviewed	1
852233_reviewed	853157_reviewed	1
851342_reviewed	854509_reviewed	1
850763_reviewed	851998_reviewed	0
853475_reviewed	854778_reviewed	1
856155_reviewed	851212_reviewed	1
853195_reviewed	853681_reviewed	1
850695_reviewed	856317_reviewed	0
852549_reviewed	850872_reviewed	1
852492_reviewed	853100_reviewed	0
852322_reviewed	853041_reviewed	0
851644_reviewed	853017_reviewed	0
855836_reviewed	851328_reviewed	1
850728_reviewed	852662_reviewed	0
852416_reviewed	855049_reviewed	0
852194_reviewed	852194_reviewed	1
854786_reviewed	856738_reviewed	0
856559_reviewed	854985_reviewed	1
856663_reviewed	851833_reviewed	1
854242_reviewed	853638_reviewed	1
851424_reviewed	851083_reviewed	1
854084_reviewed	851190_reviewed	1
852044_reviewed	852883_reviewed	0
855256_reviewed	856155_reviewed	1
852779_reviewed	854673_reviewed	1
850904_reviewed	855775_reviewed	0
852003_reviewed	852042_reviewed	0
855836_reviewed	856825_reviewed	1
851320_reviewed	851774_reviewed	1
852002_reviewed	854790_reviewed	0
851250_reviewed	855496_reviewed	0
850695_reviewed	853601_reviewed	0
852344_reviewed	855939_reviewed	0
851683_reviewed	856530_reviewed	1
850649_reviewed	855335_reviewed	0
855535_reviewed	850894_reviewed	1
850647_reviewed	855971_reviewed	1
850647_reviewed	855653_reviewed	1
851325_reviewed	852419_reviewed	0
855828_reviewed	854168_reviewed	1
854398_reviewed	851467_reviewed	1
851768_reviewed	851928_reviewed	0
852088_reviewed	850585_reviewed	1
851741_reviewed	855097_reviewed	0
851683_reviewed	855929_reviewed	1
856736_reviewed	855922_reviewed	1
853539_reviewed	852018_reviewed	1
851217_reviewed	855316_reviewed	1
854019_reviewed	856751_reviewed	0
852665_reviewed	853318_reviewed	0
853188_reviewed	855466_reviewed	1
850654_reviewed	852980_reviewed	0
851738_reviewed	853638_reviewed	0
854190_reviewed	856830_reviewed	0
855466_reviewed	855543_reviewed	1
850598_reviewed	856364_reviewed	0
853010_reviewed	853985_reviewed	0
852532_reviewed	851115_reviewed	1
850647_reviewed	852271_reviewed	1
853475_reviewed	854119_reviewed	0
853017_reviewed	853675_reviewed	0
851394_reviewed	853832_reviewed	1
853639_reviewed	855751_reviewed	0
852426_reviewed	853912_reviewed	0
853566_reviewed	855101_reviewed	1
856854_reviewed	856854_reviewed	1
851042_reviewed	855221_reviewed	1
850551_reviewed	855312_reviewed	0
856384_reviewed	852553_reviewed	1
853010_reviewed	855665_reviewed	0
856612_reviewed	853178_reviewed	1
856876_reviewed	852567_reviewed	1
855013_reviewed	856263_reviewed	0
853922_reviewed	854084_reviewed	1
853010_reviewed	853523_reviewed	0
855974_reviewed	854680_reviewed	1
851394_reviewed	855466_reviewed	1
851255_reviewed	853817_reviewed	0
855888_reviewed	856089_reviewed	0
855448_reviewed	856364_reviewed	0
852472_reviewed	852080_reviewed	1
850504_reviewed	850506_reviewed	0
852757_reviewed	855706_reviewed	0
851335_reviewed	850612_reviewed	1
851125_reviewed	851632_reviewed	0
852265_reviewed	853192_reviewed	0
851115_reviewed	856604_reviewed	0
853847_reviewed	853956_reviewed	0
852515_reviewed	855466_reviewed	0
854327_reviewed	851495_reviewed	1
856223_reviewed	851557_reviewed	1
850898_reviewed	854292_reviewed	1
851897_reviewed	856453_reviewed	1
856351_reviewed	850320_reviewed	1
851379_reviewed	856297_reviewed	0
855683_reviewed	856753_reviewed	1
850806_reviewed	856723_reviewed	0
850518_reviewed	851949_reviewed	0
850520_reviewed	851962_reviewed	1
854253_reviewed	855425_reviewed	0
855730_reviewed	856063_reviewed	0
850920_reviewed	856831_reviewed	0
850358_reviewed	850683_reviewed	0
853419_reviewed	856063_reviewed	0
850623_reviewed	853030_reviewed	1
852242_reviewed	854586_reviewed	0
851834_reviewed	853509_reviewed	0
852497_reviewed	855981_reviewed	0
852949_reviewed	853185_reviewed	0
851545_reviewed	851394_reviewed	1
853945_reviewed	856208_reviewed	0
851202_reviewed	855725_reviewed	0
856909_reviewed	853512_reviewed	1
856486_reviewed	853788_reviewed	1
851643_reviewed	851676_reviewed	0
856201_reviewed	856254_reviewed	0
854152_reviewed	855335_reviewed	0
852319_reviewed	853350_reviewed	0
852536_reviewed	856514_reviewed	0
852780_reviewed	855880_reviewed	0
852088_reviewed	855929_reviewed	0
852549_reviewed	850883_reviewed	1
850647_reviewed	853009_reviewed	1
851319_reviewed	855335_reviewed	0
855704_reviewed	851153_reviewed	1
856431_reviewed	854977_reviewed	1
853509_reviewed	855466_reviewed	0
856732_reviewed	856743_reviewed	0
851981_reviewed	854811_reviewed	0
852549_reviewed	855890_reviewed	0
850647_reviewed	851408_reviewed	1
850713_reviewed	852079_reviewed	1
851988_reviewed	852042_reviewed	1
854881_reviewed	851407_reviewed	1
852088_reviewed	852340_reviewed	1
851327_reviewed	851457_reviewed	1
854976_reviewed	854976_reviewed	1
852697_reviewed	854469_reviewed	1
850388_reviewed	854740_reviewed	0
852834_reviewed	856846_reviewed	0
851624_reviewed	854229_reviewed	0
852697_reviewed	856749_reviewed	0
856463_reviewed	854229_reviewed	1
851394_reviewed	853967_reviewed	1
852003_reviewed	853712_reviewed	0
853552_reviewed	851592_reviewed	1
851376_reviewed	854407_reviewed	0
853871_reviewed	854063_reviewed	0
856065_reviewed	852053_reviewed	1
853041_reviewed	855939_reviewed	0
855664_reviewed	855972_reviewed	1
853350_reviewed	856275_reviewed	1
851394_reviewed	854555_reviewed	1
850427_reviewed	856732_reviewed	1
853576_reviewed	850718_reviewed	1
854204_reviewed	852371_reviewed	1
852697_reviewed	853307_reviewed	1
856607_reviewed	854435_reviewed	1
856351_reviewed	851259_reviewed	1
854141_reviewed	856148_reviewed	0
854119_reviewed	856144_reviewed	0
856449_reviewed	853160_reviewed	1
851140_reviewed	851259_reviewed	0
850647_reviewed	855331_reviewed	1
853393_reviewed	854300_reviewed	1
850500_reviewed	852222_reviewed	1
851394_reviewed	853301_reviewed	1
851513_reviewed	854653_reviewed	1
851212_reviewed	853083_reviewed	0
854351_reviewed	853060_reviewed	1
851431_reviewed	851930_reviewed	1
856218_reviewed	856218_reviewed	1
853227_reviewed	855586_reviewed	0
850654_reviewed	852500_reviewed	0
853767_reviewed	851968_reviewed	1
850440_reviewed	850818_reviewed	0
850733_reviewed	856320_reviewed	0
850505_reviewed	855463_reviewed	0
850820_reviewed	856226_reviewed	0
852322_reviewed	853064_reviewed	1
854487_reviewed	853029_reviewed	1
850793_reviewed	854515_reviewed	0
855012_reviewed	856403_reviewed	1
853181_reviewed	852606_reviewed	1
851988_reviewed	855704_reviewed	0
850598_reviewed	854725_reviewed	0
855925_reviewed	854749_reviewed	1
851908_reviewed	852097_reviewed	0
851643_reviewed	852575_reviewed	0
852697_reviewed	854541_reviewed	1
852451_reviewed	856317_reviewed	1
851680_reviewed	851396_reviewed	1
855118_reviewed	855547_reviewed	0
851559_reviewed	856297_reviewed	1
855683_reviewed	856287_reviewed	0
856087_reviewed	856791_reviewed	1
851756_reviewed	853167_reviewed	1
852411_reviewed	855049_reviewed	0
851394_reviewed	856154_reviewed	1
851453_reviewed	854791_reviewed	0
851210_reviewed	852324_reviewed	0
853327_reviewed	854277_reviewed	0
850440_reviewed	854016_reviewed	1
852939_reviewed	854995_reviewed	1
854778_reviewed	856579_reviewed	1
853133_reviewed	853598_reviewed	1
851115_reviewed	851741_reviewed	0
851394_reviewed	855754_reviewed	1
852660_reviewed	855844_reviewed	1
854223_reviewed	850585_reviewed	1
856119_reviewed	854518_reviewed	1
856130_reviewed	853373_reviewed	1
850551_reviewed	854381_reviewed	1
854223_reviewed	856648_reviewed	0
855653_reviewed	856399_reviewed	0
853181_reviewed	854922_reviewed	0
851407_reviewed	853956_reviewed	0
855836_reviewed	850872_reviewed	1
851394_reviewed	855288_reviewed	1
855524_reviewed	853926_reviewed	1
856311_reviewed	854697_reviewed	1
852194_reviewed	854306_reviewed	0
853681_reviewed	856216_reviewed	0
850320_reviewed	852088_reviewed	0
855925_reviewed	856912_reviewed	1
851893_reviewed	854717_reviewed	0
851831_reviewed	854136_reviewed	0
851394_reviewed	851932_reviewed	1
852235_reviewed	856689_reviewed	1
853860_reviewed	850435_reviewed	1
852996_reviewed	856065_reviewed	1
854227_reviewed	852806_reviewed	1
852042_reviewed	851475_reviewed	1
852697_reviewed	853181_reviewed	0
853871_reviewed	855499_reviewed	1
851988_reviewed	852814_reviewed	1
852592_reviewed	856307_reviewed	0
856208_reviewed	856876_reviewed	0
851923_reviewed	854256_reviewed	1
852477_reviewed	855705_reviewed	0
853419_reviewed	855591_reviewed	0
852492_reviewed	856674_reviewed	0
853144_reviewed	855204_reviewed	0
850956_reviewed	855620_reviewed	1
852089_reviewed	853537_reviewed	0
853941_reviewed	855490_reviewed	0
851960_reviewed	856663_reviewed	0
856159_reviewed	851097_reviewed	1
855836_reviewed	852250_reviewed	1
856267_reviewed	856449_reviewed	0
854671_reviewed	855836_reviewed	0
855888_reviewed	856275_reviewed	0
854487_reviewed	855649_reviewed	1
851264_reviewed	855180_reviewed	0
852931_reviewed	856058_reviewed	1
855116_reviewed	856065_reviewed	0
853364_reviewed	851962_reviewed	1
856076_reviewed	851430_reviewed	1
852592_reviewed	852983_reviewed	0
852880_reviewed	853168_reviewed	0
851908_reviewed	855101_reviewed	0
855745_reviewed	850623_reviewed	1
855048_reviewed	856358_reviewed	1
851259_reviewed	854229_reviewed	0
851394_reviewed	853775_reviewed	1
856559_reviewed	851545_reviewed	1
853922_reviewed	855613_reviewed	0
852766_reviewed	852996_reviewed	0
852212_reviewed	854066_reviewed	1
856908_reviewed	856771_reviewed	1
851562_reviewed	854309_reviewed	1
852703_reviewed	854265_reviewed	0
853638_reviewed	854659_reviewed	0
850744_reviewed	851771_reviewed	1
851929_reviewed	855041_reviewed	0
856382_reviewed	852665_reviewed	1
851647_reviewed	851568_reviewed	1
853346_reviewed	854475_reviewed	1
852569_reviewed	856351_reviewed	0
853503_reviewed	855968_reviewed	0
852230_reviewed	853287_reviewed	0
851376_reviewed	850504_reviewed	1
853347_reviewed	856153_reviewed	1
851623_reviewed	852765_reviewed	1
850647_reviewed	851633_reviewed	1
853811_reviewed	854284_reviewed	0
856663_reviewed	854898_reviewed	1
852385_reviewed	856065_reviewed	0
850884_reviewed	855897_reviewed	0
851962_reviewed	854017_reviewed	0
851171_reviewed	852261_reviewed	0
855228_reviewed	856863_reviewed	0
851759_reviewed	854249_reviewed	0
852032_reviewed	856836_reviewed	0
852697_reviewed	856175_reviewed	0
850741_reviewed	851771_reviewed	1
854527_reviewed	852028_reviewed	1
851771_reviewed	852983_reviewed	1
851005_reviewed	852416_reviewed	1
856912_reviewed	853133_reviewed	1
850647_reviewed	855492_reviewed	1
855631_reviewed	854256_reviewed	1
853352_reviewed	854666_reviewed	0
851676_reviewed	851676_reviewed	1
852665_reviewed	852762_reviewed	0
850744_reviewed	853353_reviewed	0
855570_reviewed	855834_reviewed	1
852360_reviewed	855110_reviewed	0
851051_reviewed	854353_reviewed	1
856267_reviewed	854263_reviewed	1
851399_reviewed	852639_reviewed	1
852046_reviewed	853774_reviewed	1
851458_reviewed	852864_reviewed	1
854317_reviewed	855951_reviewed	0
856607_reviewed	854284_reviewed	1
852611_reviewed	852697_reviewed	0
851163_reviewed	853144_reviewed	0
852549_reviewed	855884_reviewed	1
852697_reviewed	856141_reviewed	0
853304_reviewed	854263_reviewed	0
851964_reviewed	856485_reviewed	0
850298_reviewed	855957_reviewed	0
851259_reviewed	850764_reviewed	1
855068_reviewed	855649_reviewed	0
851115_reviewed	852885_reviewed	1
851577_reviewed	856129_reviewed	0
850643_reviewed	855386_reviewed	0
851222_reviewed	852171_reviewed	0
855957_reviewed	850551_reviewed	1
856876_reviewed	850543_reviewed	1
851771_reviewed	855460_reviewed	0
856489_reviewed	856489_reviewed	1
852757_reviewed	850872_reviewed	1
852050_reviewed	854875_reviewed	0
854017_reviewed	850803_reviewed	1
853167_reviewed	855263_reviewed	1
853523_reviewed	853523_reviewed	1
850620_reviewed	851928_reviewed	0
851394_reviewed	850803_reviewed	1
852665_reviewed	855974_reviewed	0
850803_reviewed	851048_reviewed	1
853200_reviewed	850872_reviewed	1
852497_reviewed	853442_reviewed	0
853743_reviewed	855836_reviewed	1
856076_reviewed	856642_reviewed	0
853729_reviewed	856409_reviewed	0
851928_reviewed	852583_reviewed	1
853333_reviewed	853654_reviewed	0
851576_reviewed	854675_reviewed	0
852088_reviewed	855173_reviewed	0
852410_reviewed	855155_reviewed	0
852712_reviewed	853195_reviewed	0
852088_reviewed	856535_reviewed	1
855836_reviewed	851272_reviewed	1
851557_reviewed	855613_reviewed	0
852549_reviewed	856553_reviewed	1
854372_reviewed	855613_reviewed	0
856135_reviewed	856321_reviewed	0
856912_reviewed	853089_reviewed	1
856219_reviewed	856674_reviewed	0
851212_reviewed	853509_reviewed	0
854875_reviewed	851723_reviewed	1
852455_reviewed	855423_reviewed	0
852062_reviewed	854680_reviewed	0
851259_reviewed	854441_reviewed	1
851542_reviewed	856254_reviewed	0
851740_reviewed	852773_reviewed	0
853463_reviewed	850998_reviewed	1
852019_reviewed	852675_reviewed	0
852449_reviewed	855061_reviewed	0
853463_reviewed	855387_reviewed	0
852993_reviewed	855778_reviewed	0
852766_reviewed	852001_reviewed	1
856275_reviewed	856453_reviewed	0
851653_reviewed	852106_reviewed	1
850914_reviewed	856473_reviewed	1
853942_reviewed	853076_reviewed	1
851507_reviewed	853712_reviewed	0
856912_reviewed	852838_reviewed	1
855836_reviewed	856575_reviewed	0
856514_reviewed	851409_reviewed	1
852787_reviewed	856777_reviewed	0
853820_reviewed	854447_reviewed	0
854273_reviewed	851482_reviewed	1
856895_reviewed	854258_reviewed	1
851108_reviewed	853128_reviewed	0
856106_reviewed	855460_reviewed	1
850422_reviewed	852060_reviewed	1
850521_reviewed	853774_reviewed	0
853490_reviewed	854444_reviewed	1
852385_reviewed	856065_reviewed	0
855616_reviewed	855907_reviewed	0
853071_reviewed	852042_reviewed	1
851549_reviewed	854102_reviewed	0
853814_reviewed	853865_reviewed	0
851559_reviewed	851890_reviewed	0
853186_reviewed	850598_reviewed	1
856680_reviewed	856732_reviewed	0
853227_reviewed	854675_reviewed	0
852728_reviewed	853364_reviewed	1
852003_reviewed	854673_reviewed	0
855630_reviewed	855706_reviewed	1
855168_reviewed	856866_reviewed	1
854556_reviewed	856000_reviewed	0
852088_reviewed	852393_reviewed	1
850647_reviewed	851948_reviewed	1
851266_reviewed	855228_reviewed	1
850499_reviewed	856862_reviewed	0
852549_reviewed	853062_reviewed	0
854487_reviewed	852549_reviewed	1
850563_reviewed	854790_reviewed	0
850930_reviewed	855580_reviewed	0
851559_reviewed	852726_reviewed	1
852042_reviewed	853333_reviewed	0
850440_reviewed	856862_reviewed	0
851217_reviewed	853065_reviewed	1
854190_reviewed	856731_reviewed	0
851821_reviewed	851827_reviewed	1
852539_reviewed	855332_reviewed	1
852747_reviewed	854687_reviewed	0
852779_reviewed	854279_reviewed	0
850551_reviewed	852802_reviewed	0
852697_reviewed	852832_reviewed	1
853509_reviewed	854405_reviewed	0
855524_reviewed	853244_reviewed	1
852755_reviewed	856696_reviewed	0
851696_reviewed	855555_reviewed	0
850510_reviewed	855022_reviewed	0
853167_reviewed	855621_reviewed	0
855253_reviewed	855492_reviewed	0
851414_reviewed	855492_reviewed	0
855470_reviewed	856680_reviewed	0
852223_reviewed	855297_reviewed	0
854673_reviewed	856186_reviewed	0
852497_reviewed	856490_reviewed	0
851632_reviewed	851632_reviewed	1
853546_reviewed	855725_reviewed	0
855977_reviewed	856063_reviewed	0
851874_reviewed	856147_reviewed	0
851394_reviewed	856831_reviewed	1
855514_reviewed	851636_reviewed	1
850562_reviewed	854435_reviewed	1
851259_reviewed	854068_reviewed	0
850872_reviewed	853956_reviewed	0
850983_reviewed	856848_reviewed	0
854063_reviewed	856030_reviewed	0
856382_reviewed	852872_reviewed	1
853916_reviewed	855705_reviewed	0
854937_reviewed	856012_reviewed	1
854786_reviewed	855099_reviewed	1
852678_reviewed	854739_reviewed	0
850647_reviewed	853002_reviewed	1
851874_reviewed	856870_reviewed	0
851125_reviewed	854245_reviewed	0
851756_reviewed	855116_reviewed	0
850647_reviewed	856121_reviewed	1
852819_reviewed	853909_reviewed	1
851531_reviewed	856183_reviewed	0
855999_reviewed	856565_reviewed	0
851798_reviewed	854669_reviewed	0
851394_reviewed	854042_reviewed	1
853201_reviewed	854992_reviewed	1
852492_reviewed	852665_reviewed	0
851991_reviewed	853871_reviewed	0
855751_reviewed	855243_reviewed	1
851623_reviewed	855460_reviewed	1
855836_reviewed	853458_reviewed	1
851394_reviewed	853463_reviewed	1
853196_reviewed	853281_reviewed	0
850598_reviewed	854680_reviewed	1
855787_reviewed	855664_reviewed	1
853851_reviewed	854485_reviewed	0
855066_reviewed	852788_reviewed	1
852265_reviewed	855636_reviewed	0
855907_reviewed	856218_reviewed	0
855596_reviewed	851217_reviewed	1
852583_reviewed	856649_reviewed	1
854976_reviewed	855554_reviewed	0
851404_reviewed	853895_reviewed	1
852569_reviewed	856126_reviewed	1
852062_reviewed	852947_reviewed	0
850435_reviewed	851924_reviewed	0
850603_reviewed	853455_reviewed	0
853796_reviewed	856912_reviewed	1
855547_reviewed	855613_reviewed	1
852951_reviewed	856018_reviewed	0
856175_reviewed	856175_reviewed	1
851557_reviewed	854284_reviewed	1
854937_reviewed	855204_reviewed	0
856186_reviewed	852059_reviewed	1
852404_reviewed	854085_reviewed	0
852837_reviewed	850349_reviewed	1
852785_reviewed	855836_reviewed	0
856229_reviewed	856229_reviewed	1
850720_reviewed	855476_reviewed	0
854368_reviewed	855041_reviewed	0
851259_reviewed	852786_reviewed	0
851532_reviewed	856409_reviewed	0
853638_reviewed	854666_reviewed	0
850298_reviewed	855118_reviewed	1
850632_reviewed	851517_reviewed	0
854149_reviewed	854979_reviewed	1
851259_reviewed	853064_reviewed	1
850298_reviewed	851893_reviewed	1
850620_reviewed	853275_reviewed	0
850973_reviewed	855844_reviewed	1
853376_reviewed	850422_reviewed	1
856668_reviewed	854085_reviewed	1
856751_reviewed	852205_reviewed	1
851394_reviewed	854193_reviewed	1
855466_reviewed	856413_reviewed	1
852106_reviewed	855271_reviewed	1
855466_reviewed	855607_reviewed	0
854533_reviewed	856524_reviewed	1
853912_reviewed	853702_reviewed	1
851259_reviewed	853803_reviewed	1
851634_reviewed	855342_reviewed	1
852385_reviewed	854307_reviewed	0
851798_reviewed	856870_reviewed	0
853098_reviewed	856743_reviewed	1
852373_reviewed	852059_reviewed	1
853071_reviewed	853811_reviewed	0
856216_reviewed	855888_reviewed	1
850963_reviewed	856399_reviewed	0
853029_reviewed	851935_reviewed	1
850768_reviewed	855819_reviewed	1
853442_reviewed	855332_reviewed	0
850504_reviewed	851085_reviewed	0
851022_reviewed	855039_reviewed	0
852188_reviewed	852651_reviewed	0
850760_reviewed	856291_reviewed	0
853817_reviewed	856732_reviewed	0
853638_reviewed	853929_reviewed	0
850966_reviewed	854477_reviewed	0
852660_reviewed	855830_reviewed	1
852382_reviewed	854701_reviewed	0
850647_reviewed	853221_reviewed	1
850439_reviewed	855362_reviewed	1
853868_reviewed	853868_reviewed	1
850320_reviewed	850837_reviewed	1
851394_reviewed	851504_reviewed	1
855524_reviewed	852856_reviewed	1
851394_reviewed	854735_reviewed	1
856036_reviewed	856105_reviewed	0
850939_reviewed	855221_reviewed	0
850636_reviewed	855159_reviewed	1
856360_reviewed	853264_reviewed	1
851097_reviewed	853599_reviewed	1
852713_reviewed	852385_reviewed	1
850520_reviewed	852228_reviewed	0
851201_reviewed	855952_reviewed	1
851551_reviewed	852721_reviewed	0
856222_reviewed	850806_reviewed	1
851681_reviewed	851866_reviewed	0
856449_reviewed	856488_reviewed	1
856319_reviewed	856429_reviewed	0
853181_reviewed	852773_reviewed	1
852084_reviewed	855620_reviewed	0
853934_reviewed	856603_reviewed	0
855428_reviewed	853035_reviewed	1
854875_reviewed	856254_reviewed	0
855449_reviewed	856861_reviewed	0
854263_reviewed	855501_reviewed	0
852926_reviewed	856675_reviewed	0
852248_reviewed	853367_reviewed	1
851964_reviewed	854277_reviewed	1
853441_reviewed	853782_reviewed	0
850782_reviewed	856659_reviewed	0
850623_reviewed	853840_reviewed	0
852113_reviewed	850877_reviewed	1
855483_reviewed	852276_reviewed	1
854092_reviewed	853461_reviewed	1
853688_reviewed	856289_reviewed	1
850872_reviewed	856226_reviewed	0
851895_reviewed	853871_reviewed	1
852423_reviewed	854872_reviewed	1
851632_reviewed	853682_reviewed	1
854827_reviewed	856571_reviewed	0
853733_reviewed	854183_reviewed	1
853895_reviewed	855586_reviewed	0
853185_reviewed	855999_reviewed	0
853244_reviewed	852258_reviewed	1
854066_reviewed	856799_reviewed	0
852329_reviewed	853717_reviewed	1
851100_reviewed	851216_reviewed	0
851100_reviewed	851100_reviewed	1
855836_reviewed	855135_reviewed	1
852950_reviewed	854110_reviewed	0
851623_reviewed	851623_reviewed	1
852549_reviewed	853458_reviewed	1
850607_reviewed	852755_reviewed	0
851318_reviewed	856254_reviewed	0
