851136_reviewed	mRNA 3'-end processing
854020_reviewed	DNA-templated transcription termination
854290_reviewed	chromatin organization
852582_reviewed	DNA-templated transcription termination
854933_reviewed	chromatin organization
852607_reviewed	DNA-templated transcription termination
852665_reviewed	chromatin organization
856911_reviewed	chromatin remodeling
854776_reviewed	DNA damage response
854227_reviewed	DNA damage response
852865_reviewed	DNA damage response
854204_reviewed	DNA damage response
851318_reviewed	mRNA cis splicing, via spliceosome
851968_reviewed	generation of catalytic spliceosome for second transesterification step
855253_reviewed	generation of catalytic spliceosome for second transesterification step
850808_reviewed	cis assembly of pre-catalytic spliceosome
853195_reviewed	mRNA splicing, via spliceosome
852357_reviewed	mRNA splicing, via spliceosome
853509_reviewed	generation of catalytic spliceosome for second transesterification step
855888_reviewed	mRNA splicing, via spliceosome
850623_reviewed	DNA repair
852757_reviewed	maturation of 5.8S rRNA from tricistronic rRNA transcript (SSU-rRNA, 5.8S rRNA, LSU-rRNA)
851201_reviewed	generation of catalytic spliceosome for second transesterification step
855952_reviewed	mRNA splicing, via spliceosome
856751_reviewed	7-methylguanosine cap hypermethylation
856216_reviewed	mRNA splicing, via spliceosome
853681_reviewed	generation of catalytic spliceosome for first transesterification step
852025_reviewed	generation of catalytic spliceosome for first transesterification step
853030_reviewed	mRNA splicing, via spliceosome
853767_reviewed	generation of catalytic spliceosome for first transesterification step
851143_reviewed	generation of catalytic spliceosome for first transesterification step
855476_reviewed	mRNA splicing, via spliceosome
854827_reviewed	attachment of spindle microtubules to kinetochore
852512_reviewed	attachment of spindle microtubules to kinetochore
851841_reviewed	attachment of spindle microtubules to kinetochore
856089_reviewed	attachment of spindle microtubules to kinetochore
851097_reviewed	attachment of spindle microtubules to kinetochore
853599_reviewed	attachment of spindle microtubules to kinetochore
851197_reviewed	attachment of spindle microtubules to kinetochore
851991_reviewed	attachment of spindle microtubules to kinetochore
855843_reviewed	attachment of spindle microtubules to kinetochore
853090_reviewed	attachment of spindle microtubules to kinetochore
855599_reviewed	box H/ACA snoRNP assembly
850872_reviewed	box H/ACA sno(s)RNA 3'-end processing
853373_reviewed	DNA replication
851576_reviewed	DNA replication
854019_reviewed	DNA replication
852100_reviewed	DNA replication
853098_reviewed	positive regulation of transcription elongation by RNA polymerase II
854322_reviewed	RNA-templated transcription
852888_reviewed	regulation of DNA-templated transcription
855974_reviewed	chromatin remodeling
856042_reviewed	intracellular protein transport
855243_reviewed	monoatomic ion transport
851882_reviewed	chromatin looping
856695_reviewed	chromatin looping
850693_reviewed	chromatin looping
851453_reviewed	chromatin looping
851099_reviewed	chromatin looping
854123_reviewed	chromatin looping
851969_reviewed	maturation of SSU-rRNA
851893_reviewed	maturation of SSU-rRNA from tricistronic rRNA transcript (SSU-rRNA, 5.8S rRNA, LSU-rRNA)
853419_reviewed	maturation of SSU-rRNA
854487_reviewed	box C/D sno(s)RNA 3'-end processing
853048_reviewed	maturation of SSU-rRNA from tricistronic rRNA transcript (SSU-rRNA, 5.8S rRNA, LSU-rRNA)
850553_reviewed	chromosome organization
856870_reviewed	ascospore formation
853641_reviewed	cell division
852885_reviewed	chromatin remodeling
853364_reviewed	chromatin organization
854418_reviewed	DNA repair
851771_reviewed	box C/D snoRNP assembly
855841_reviewed	box C/D snoRNP assembly
851962_reviewed	chromatin organization
855616_reviewed	chromatin remodeling
856696_reviewed	DNA repair
856490_reviewed	chromatin remodeling
856463_reviewed	maturation of LSU-rRNA from tricistronic rRNA transcript (SSU-rRNA, 5.8S rRNA, LSU-rRNA)
850982_reviewed	maturation of LSU-rRNA from tricistronic rRNA transcript (SSU-rRNA, 5.8S rRNA, LSU-rRNA)
850652_reviewed	ribosomal large subunit assembly
853682_reviewed	nuclear division
855068_reviewed	maturation of 5.8S rRNA from tricistronic rRNA transcript (SSU-rRNA, 5.8S rRNA, LSU-rRNA)
855335_reviewed	maturation of LSU-rRNA from tricistronic rRNA transcript (SSU-rRNA, 5.8S rRNA, LSU-rRNA)
855890_reviewed	assembly of large subunit precursor of preribosome
856012_reviewed	assembly of large subunit precursor of preribosome
855664_reviewed	assembly of large subunit precursor of preribosome
856063_reviewed	maturation of LSU-rRNA from tricistronic rRNA transcript (SSU-rRNA, 5.8S rRNA, LSU-rRNA)
852995_reviewed	maturation of 5.8S rRNA from tricistronic rRNA transcript (SSU-rRNA, 5.8S rRNA, LSU-rRNA)
852767_reviewed	ribosomal large subunit biogenesis
856488_reviewed	maturation of 5.8S rRNA
853956_reviewed	assembly of large subunit precursor of preribosome
855730_reviewed	exonucleolytic trimming to generate mature 5'-end of 5.8S rRNA from tricistronic rRNA transcript (SSU-rRNA, 5.8S rRNA, LSU-rRNA)
851660_reviewed	rRNA processing
856126_reviewed	assembly of large subunit precursor of preribosome
854446_reviewed	chromosome organization
856485_reviewed	maturation of LSU-rRNA from tricistronic rRNA transcript (SSU-rRNA, 5.8S rRNA, LSU-rRNA)
855539_reviewed	DNA-templated DNA replication
856604_reviewed	pre-replicative complex assembly involved in nuclear cell cycle DNA replication
853445_reviewed	endonucleolytic cleavage in 5'-ETS of tricistronic rRNA transcript (SSU-rRNA, 5.8S rRNA, LSU-rRNA)
853064_reviewed	chromosome organization
853469_reviewed	protein import into peroxisome matrix
851720_reviewed	protein import into peroxisome matrix
853774_reviewed	coenzyme A biosynthetic process
853946_reviewed	coenzyme A biosynthetic process
854220_reviewed	coenzyme A biosynthetic process
853954_reviewed	mitochondrial tRNA 3'-end processing
853222_reviewed	apoptotic DNA fragmentation
855125_reviewed	carbohydrate metabolic process
850823_reviewed	U6 snRNA 3'-end processing
850837_reviewed	maturation of 5.8S rRNA
855500_reviewed	intronic box C/D snoRNA processing
855439_reviewed	intronic box C/D snoRNA processing
852560_reviewed	intronic box C/D snoRNA processing
851200_reviewed	intronic box C/D snoRNA processing
852918_reviewed	intronic box C/D snoRNA processing
856459_reviewed	intronic box C/D snoRNA processing
852089_reviewed	maturation of 5.8S rRNA
852749_reviewed	mRNA splicing, via spliceosome
853892_reviewed	spliceosomal complex disassembly
854985_reviewed	chromatin looping
856760_reviewed	chromatin looping
853056_reviewed	axial cellular bud site selection
850930_reviewed	actin filament organization
856723_reviewed	maturation of LSU-rRNA from tricistronic rRNA transcript (SSU-rRNA, 5.8S rRNA, LSU-rRNA)
854381_reviewed	ribosomal large subunit biogenesis
850688_reviewed	cell division
853271_reviewed	ascospore formation
856771_reviewed	microtubule severing
851549_reviewed	apoptotic process
851495_reviewed	cell division
853780_reviewed	ribosomal large subunit biogenesis
853029_reviewed	maturation of SSU-rRNA
855977_reviewed	maturation of SSU-rRNA
851924_reviewed	maturation of SSU-rRNA
856603_reviewed	maturation of SSU-rRNA
855118_reviewed	maturation of SSU-rRNA
851125_reviewed	maturation of SSU-rRNA
850820_reviewed	endonucleolytic cleavage in 5'-ETS of tricistronic rRNA transcript (SSU-rRNA, 5.8S rRNA, LSU-rRNA)
850422_reviewed	endonucleolytic cleavage in 5'-ETS of tricistronic rRNA transcript (SSU-rRNA, 5.8S rRNA, LSU-rRNA)
850919_reviewed	endonucleolytic cleavage in 5'-ETS of tricistronic rRNA transcript (SSU-rRNA, 5.8S rRNA, LSU-rRNA)
853376_reviewed	endonucleolytic cleavage in 5'-ETS of tricistronic rRNA transcript (SSU-rRNA, 5.8S rRNA, LSU-rRNA)
852060_reviewed	endonucleolytic cleavage in 5'-ETS of tricistronic rRNA transcript (SSU-rRNA, 5.8S rRNA, LSU-rRNA)
852982_reviewed	maturation of SSU-rRNA
850326_reviewed	maturation of SSU-rRNA
854078_reviewed	endonucleolytic cleavage in ITS1 upstream of 5.8S rRNA from tricistronic rRNA transcript (SSU-rRNA, 5.8S rRNA, LSU-rRNA)
850304_reviewed	maturation of 5.8S rRNA from tricistronic rRNA transcript (SSU-rRNA, 5.8S rRNA, LSU-rRNA)
850551_reviewed	endonucleolytic cleavage in 5'-ETS of tricistronic rRNA transcript (SSU-rRNA, 5.8S rRNA, LSU-rRNA)
853860_reviewed	maturation of SSU-rRNA
855613_reviewed	maturation of LSU-rRNA from tricistronic rRNA transcript (SSU-rRNA, 5.8S rRNA, LSU-rRNA)
856863_reviewed	maturation of 5.8S rRNA
856449_reviewed	maturation of 5.8S rRNA from tricistronic rRNA transcript (SSU-rRNA, 5.8S rRNA, LSU-rRNA)
850695_reviewed	assembly of large subunit precursor of preribosome
853181_reviewed	glutamyl-tRNA aminoacylation
852773_reviewed	glutamyl-tRNA aminoacylation
852606_reviewed	glutamyl-tRNA aminoacylation
853071_reviewed	cellular response to glucose starvation
852802_reviewed	endonucleolytic cleavage in ITS1 upstream of 5.8S rRNA from tricistronic rRNA transcript (SSU-rRNA, 5.8S rRNA, LSU-rRNA)
856489_reviewed	snoRNA guided rRNA pseudouridine synthesis
851319_reviewed	box H/ACA snoRNP assembly
851313_reviewed	eukaryotic translation initiation factor 4F complex assembly
850894_reviewed	box C/D sno(s)RNA 3'-end processing
856746_reviewed	formation of translation preinitiation complex
851196_reviewed	cytosolic ribosome assembly
851632_reviewed	ribosomal large subunit assembly
854543_reviewed	cytoplasmic translational initiation
853397_reviewed	exonucleolytic trimming to generate mature 3'-end of 5.8S rRNA from tricistronic rRNA transcript (SSU-rRNA, 5.8S rRNA, LSU-rRNA)
851379_reviewed	nuclear mRNA surveillance of mRNA 3'-end processing
854034_reviewed	base-excision repair
854162_reviewed	exonucleolytic trimming to generate mature 3'-end of 5.8S rRNA from tricistronic rRNA transcript (SSU-rRNA, 5.8S rRNA, LSU-rRNA)
854079_reviewed	cytoskeleton organization
856249_reviewed	ERAD pathway
853347_reviewed	G1/S transition of mitotic cell cycle
851513_reviewed	cell division
850601_reviewed	G1/S transition of mitotic cell cycle
853899_reviewed	G1/S transition of mitotic cell cycle
850440_reviewed	cell division
852084_reviewed	mRNA splicing, via spliceosome
856307_reviewed	mRNA splicing, via spliceosome
852344_reviewed	mRNA splicing, via spliceosome
851548_reviewed	box C/D sno(s)RNA 3'-end processing
854379_reviewed	positive regulation of formation of translation preinitiation complex
852039_reviewed	formation of cytoplasmic translation initiation complex
856912_reviewed	mRNA 3'-end processing
854026_reviewed	nuclear-transcribed mRNA catabolic process, nonsense-mediated decay
856846_reviewed	mRNA transport
852042_reviewed	mRNA splicing, via spliceosome
856255_reviewed	endonucleolytic cleavage in 5'-ETS of tricistronic rRNA transcript (SSU-rRNA, 5.8S rRNA, LSU-rRNA)
854138_reviewed	exonucleolytic trimming to generate mature 3'-end of 5.8S rRNA from tricistronic rRNA transcript (SSU-rRNA, 5.8S rRNA, LSU-rRNA)
855489_reviewed	exonucleolytic trimming to generate mature 3'-end of 5.8S rRNA from tricistronic rRNA transcript (SSU-rRNA, 5.8S rRNA, LSU-rRNA)
856466_reviewed	CUT catabolic process
854023_reviewed	CUT catabolic process
851447_reviewed	exonucleolytic trimming to generate mature 3'-end of 5.8S rRNA from tricistronic rRNA transcript (SSU-rRNA, 5.8S rRNA, LSU-rRNA)
851874_reviewed	exonucleolytic trimming to generate mature 3'-end of 5.8S rRNA from tricistronic rRNA transcript (SSU-rRNA, 5.8S rRNA, LSU-rRNA)
852987_reviewed	exonucleolytic trimming to generate mature 3'-end of 5.8S rRNA from tricistronic rRNA transcript (SSU-rRNA, 5.8S rRNA, LSU-rRNA)
853109_reviewed	exonucleolytic trimming to generate mature 3'-end of 5.8S rRNA from tricistronic rRNA transcript (SSU-rRNA, 5.8S rRNA, LSU-rRNA)
854243_reviewed	nonfunctional rRNA decay
856481_reviewed	exonucleolytic trimming to generate mature 3'-end of 5.8S rRNA from tricistronic rRNA transcript (SSU-rRNA, 5.8S rRNA, LSU-rRNA)
850401_reviewed	exonucleolytic trimming to generate mature 3'-end of 5.8S rRNA from tricistronic rRNA transcript (SSU-rRNA, 5.8S rRNA, LSU-rRNA)
853442_reviewed	termination of RNA polymerase III transcription
854382_reviewed	termination of RNA polymerase III transcription
853713_reviewed	termination of RNA polymerase III transcription
855737_reviewed	termination of RNA polymerase III transcription
856320_reviewed	termination of RNA polymerase III transcription
854283_reviewed	termination of RNA polymerase III transcription
853895_reviewed	termination of RNA polymerase III transcription
851404_reviewed	termination of RNA polymerase III transcription
855571_reviewed	termination of RNA polymerase III transcription
856226_reviewed	nucleolar large rRNA transcription by RNA polymerase I
855473_reviewed	nucleolar large rRNA transcription by RNA polymerase I
852451_reviewed	nucleolar large rRNA transcription by RNA polymerase I
856317_reviewed	nucleolar large rRNA transcription by RNA polymerase I
854791_reviewed	RNA-templated transcription
853301_reviewed	DNA-templated transcription initiation
852013_reviewed	DNA-templated transcription initiation
853293_reviewed	nucleolar large rRNA transcription by RNA polymerase I
856119_reviewed	nucleolar large rRNA transcription by RNA polymerase I
854518_reviewed	nucleolar large rRNA transcription by RNA polymerase I
855161_reviewed	ribosome biogenesis
854229_reviewed	cytoplasmic translation
855925_reviewed	mRNA 3'-end processing
855155_reviewed	7-methylguanosine mRNA capping
851716_reviewed	DNA recombination
851475_reviewed	mRNA 3'-end processing
854940_reviewed	DNA recombination
856572_reviewed	cellular response to azide
855468_reviewed	mRNA export from nucleus
855116_reviewed	chromatin remodeling
856146_reviewed	chromatin organization
855049_reviewed	chromatin organization
851071_reviewed	chromatin remodeling
851897_reviewed	chromatin remodeling
853877_reviewed	chromatin remodeling
850720_reviewed	chromatin remodeling
850419_reviewed	chromatin remodeling
850598_reviewed	chromatin remodeling
854912_reviewed	chromatin remodeling
851032_reviewed	CENP-A containing chromatin assembly
854680_reviewed	base-excision repair
853192_reviewed	chromatin remodeling
853985_reviewed	negative regulation of transcription by RNA polymerase II
854345_reviewed	cellular response to heat
852726_reviewed	positive regulation of transcription elongation by RNA polymerase II
855485_reviewed	cellular response to heat
856743_reviewed	cellular response to heat
856437_reviewed	cellular response to nutrient levels
852996_reviewed	cellular response to heat
850760_reviewed	negative regulation of transcription by RNA polymerase II
852421_reviewed	5S class rRNA transcription by RNA polymerase III
852938_reviewed	5S class rRNA transcription by RNA polymerase III
854277_reviewed	5S class rRNA transcription by RNA polymerase III
852416_reviewed	mRNA 5'-splice site recognition
854960_reviewed	mRNA 5'-splice site recognition
853857_reviewed	mRNA 5'-splice site recognition
852896_reviewed	mRNA 5'-splice site recognition
851821_reviewed	mRNA 5'-splice site recognition
851827_reviewed	mRNA 5'-splice site recognition
854749_reviewed	mRNA 5'-splice site recognition
851678_reviewed	proteolysis
852319_reviewed	cytoplasmic translation
850682_reviewed	cytoplasmic translation
853320_reviewed	ribosomal large subunit biogenesis
854116_reviewed	maturation of LSU-rRNA from tricistronic rRNA transcript (SSU-rRNA, 5.8S rRNA, LSU-rRNA)
850893_reviewed	rRNA processing
853160_reviewed	protein transport
853922_reviewed	budding cell bud growth
852569_reviewed	budding cell bud growth
852007_reviewed	maturation of SSU-rRNA
856422_reviewed	proteasome-mediated ubiquitin-dependent protein catabolic process
856607_reviewed	positive regulation of proteasomal ubiquitin-dependent protein catabolic process
850554_reviewed	mitochondrial fission
850613_reviewed	proteasome-mediated ubiquitin-dependent protein catabolic process
854735_reviewed	proteasome assembly
856742_reviewed	proteasome-mediated ubiquitin-dependent protein catabolic process
851408_reviewed	proteasome-mediated ubiquitin-dependent protein catabolic process
851461_reviewed	proteasome assembly
854435_reviewed	proteasome-mediated ubiquitin-dependent protein catabolic process
852037_reviewed	proteasome assembly
853712_reviewed	positive regulation of protein catabolic process
851557_reviewed	nonfunctional rRNA decay
852003_reviewed	positive regulation of RNA polymerase II transcription preinitiation complex assembly
852834_reviewed	chromatin remodeling
850562_reviewed	mitochondria-associated ubiquitin-dependent protein catabolic process
856223_reviewed	proteasome-mediated ubiquitin-dependent protein catabolic process
855357_reviewed	formation of cytoplasmic translation initiation complex
852371_reviewed	formation of cytoplasmic translation initiation complex
856154_reviewed	cytosolic ribosome assembly
850889_reviewed	cytoplasmic translation
855177_reviewed	cytoplasmic translational initiation
851665_reviewed	positive regulation of translation
854434_reviewed	cytoplasmic translational initiation
852974_reviewed	cytoplasmic translational initiation
851797_reviewed	cytoplasmic translational initiation
850998_reviewed	cytoplasmic translational initiation
855838_reviewed	formation of translation preinitiation complex
851061_reviewed	import into nucleus
855532_reviewed	import into nucleus
855461_reviewed	protein maturation
853806_reviewed	mRNA processing
850806_reviewed	mRNA processing
851255_reviewed	mRNA processing
850983_reviewed	mRNA processing
851895_reviewed	mRNA processing
855399_reviewed	mRNA 3'-end processing
851776_reviewed	mRNA 3'-end processing
855499_reviewed	mRNA 3'-end processing
851152_reviewed	GMP biosynthetic process
856626_reviewed	GMP biosynthetic process
854948_reviewed	GMP biosynthetic process
853083_reviewed	cytoplasmic translation
851730_reviewed	cellular response to amino acid starvation
851887_reviewed	cell division
856218_reviewed	proteasomal ubiquitin-independent protein catabolic process
856731_reviewed	proteasomal ubiquitin-independent protein catabolic process
854544_reviewed	proteasomal ubiquitin-independent protein catabolic process
853456_reviewed	proteasomal ubiquitin-independent protein catabolic process
855362_reviewed	proteasomal ubiquitin-independent protein catabolic process
854119_reviewed	proteasomal ubiquitin-independent protein catabolic process
852239_reviewed	proteasomal ubiquitin-independent protein catabolic process
854882_reviewed	proteasomal ubiquitin-independent protein catabolic process
853036_reviewed	proteasomal ubiquitin-independent protein catabolic process
854328_reviewed	proteasomal ubiquitin-independent protein catabolic process
853168_reviewed	proteasomal ubiquitin-independent protein catabolic process
852873_reviewed	proteasomal ubiquitin-independent protein catabolic process
851963_reviewed	protein export from nucleus
855893_reviewed	methylation
851212_reviewed	DNA replication
855788_reviewed	nuclear-transcribed mRNA catabolic process, deadenylation-dependent decay
855158_reviewed	maturation of SSU-rRNA
852755_reviewed	negative regulation of nuclear-transcribed mRNA catabolic process, deadenylation-dependent decay
852305_reviewed	exit from mitosis
855104_reviewed	cytoplasmic RNA surveillance
853385_reviewed	mRNA export from nucleus
852107_reviewed	negative regulation of translation
854152_reviewed	endonucleolytic cleavage in 5'-ETS of tricistronic rRNA transcript (SSU-rRNA, 5.8S rRNA, LSU-rRNA)
855884_reviewed	endonucleolytic cleavage in 5'-ETS of tricistronic rRNA transcript (SSU-rRNA, 5.8S rRNA, LSU-rRNA)
855280_reviewed	box C/D sno(s)RNA processing
851509_reviewed	tRNA processing
855833_reviewed	SRP-dependent cotranslational protein targeting to membrane
855891_reviewed	SRP-dependent cotranslational protein targeting to membrane
854732_reviewed	threonyl-tRNA aminoacylation
851752_reviewed	nuclear-transcribed mRNA catabolic process, deadenylation-dependent decay
852440_reviewed	cytoplasmic translational termination
855919_reviewed	endocytic recycling
852353_reviewed	cytoplasmic translation
853099_reviewed	protein folding
852538_reviewed	7-methylguanosine mRNA capping
854999_reviewed	chromatin remodeling
856310_reviewed	DNA damage response
854068_reviewed	amino acid catabolic process to alcohol via Ehrlich pathway
851998_reviewed	protein sumoylation
850818_reviewed	anaphase-promoting complex-dependent catabolic process
853846_reviewed	anaphase-promoting complex-dependent catabolic process
856571_reviewed	anaphase-promoting complex-dependent catabolic process
852194_reviewed	anaphase-promoting complex-dependent catabolic process
852425_reviewed	autophagy
855983_reviewed	autophagosome assembly
853723_reviewed	Golgi to vacuole transport
856141_reviewed	Golgi to vacuole transport
855869_reviewed	Golgi to vacuole transport
856367_reviewed	Golgi to vacuole transport
850868_reviewed	Golgi to vacuole transport
852243_reviewed	clathrin-dependent endocytosis
853461_reviewed	endocytosis
854092_reviewed	clathrin-dependent endocytosis
855906_reviewed	Golgi to vacuole transport
853177_reviewed	Golgi to vacuole transport
852591_reviewed	endocytosis
853429_reviewed	Golgi to vacuole transport
854748_reviewed	actin cortical patch organization
851085_reviewed	actin cortical patch organization
853856_reviewed	actin cortical patch organization
855771_reviewed	actin cortical patch organization
853528_reviewed	actin cortical patch organization
851532_reviewed	actin cortical patch organization
852536_reviewed	actin cortical patch organization
853327_reviewed	cellular response to stress
855950_reviewed	deoxyribonucleoside triphosphate biosynthetic process
851488_reviewed	chromatin remodeling
851115_reviewed	chromatin remodeling
852499_reviewed	cell morphogenesis involved in conjugation with cellular fusion
856850_reviewed	actin filament organization
851190_reviewed	cellular bud site selection
853942_reviewed	cellular response to nitrogen starvation
854898_reviewed	endoplasmic reticulum to Golgi vesicle-mediated transport
851686_reviewed	autophagosome assembly
853076_reviewed	beta-glucan biosynthetic process
852016_reviewed	early endosome to Golgi transport
855258_reviewed	cytoplasm to vacuole targeting by the Cvt pathway
852556_reviewed	endoplasmic reticulum to Golgi vesicle-mediated transport
851833_reviewed	chromosome organization
852083_reviewed	endoplasmic reticulum to Golgi vesicle-mediated transport
854282_reviewed	endoplasmic reticulum to Golgi vesicle-mediated transport
853421_reviewed	endoplasmic reticulum to Golgi vesicle-mediated transport
856306_reviewed	endoplasmic reticulum to Golgi vesicle-mediated transport
851676_reviewed	ascospore formation
856924_reviewed	aggresome assembly
851564_reviewed	cellular response to desiccation
855454_reviewed	cellular response to nitrogen starvation
852640_reviewed	maintenance of DNA trinucleotide repeats
850763_reviewed	ribosomal large subunit export from nucleus
850435_reviewed	protein-RNA complex remodeling
855789_reviewed	regulation of ribosomal subunit export from nucleus
853862_reviewed	actin cytoskeleton organization
854777_reviewed	actin cytoskeleton organization
854819_reviewed	mitochondrion migration along actin filament
851471_reviewed	mRNA 5'-splice site recognition
855911_reviewed	antisense RNA transcript catabolic process
856486_reviewed	mRNA 5'-splice site recognition
855470_reviewed	antisense RNA transcript catabolic process
854956_reviewed	mRNA splicing, via spliceosome
852833_reviewed	cellular response to glucose starvation
850298_reviewed	endonucleolytic cleavage in ITS1 to separate SSU-rRNA from 5.8S rRNA and LSU-rRNA from tricistronic rRNA transcript (SSU-rRNA, 5.8S rRNA, LSU-rRNA)
856136_reviewed	cellular response to nitrogen starvation
851450_reviewed	7-methylguanosine mRNA capping
852071_reviewed	DNA repair
853035_reviewed	nuclear-transcribed mRNA poly(A) tail shortening
855428_reviewed	negative regulation of translation
852457_reviewed	7-methylguanosine mRNA capping
855239_reviewed	cell division
855819_reviewed	cell division
851024_reviewed	cellular bud neck septin ring organization
850358_reviewed	cellular bud neck septin ring organization
853539_reviewed	actomyosin contractile ring assembly
856507_reviewed	cellular bud neck septin ring organization
851373_reviewed	actomyosin contractile ring assembly
851389_reviewed	deadenylation-dependent decapping of nuclear-transcribed mRNA
856186_reviewed	deadenylation-dependent decapping of nuclear-transcribed mRNA
851431_reviewed	ATP metabolic process
852468_reviewed	cytoplasm protein quality control by the ubiquitin-proteasome system
852222_reviewed	ascospore formation
852939_reviewed	cytoplasm protein quality control by the ubiquitin-proteasome system
851618_reviewed	ERAD pathway
852685_reviewed	achiasmate meiosis I
855136_reviewed	actin cortical patch localization
851421_reviewed	G1/S transition of mitotic cell cycle
851339_reviewed	G1/S transition of mitotic cell cycle
851217_reviewed	meiotic sister chromatid cohesion, centromeric
855316_reviewed	cell wall organization
854931_reviewed	establishment of cell polarity
851530_reviewed	assembly of large subunit precursor of preribosome
852779_reviewed	protein transport
856719_reviewed	ribosomal large subunit biogenesis
855332_reviewed	mRNA splicing, via spliceosome
855745_reviewed	generation of catalytic spliceosome for first transesterification step
856732_reviewed	generation of catalytic spliceosome for second transesterification step
850427_reviewed	cellular bud site selection
852747_reviewed	7-methylguanosine mRNA capping
855873_reviewed	7-methylguanosine mRNA capping
853871_reviewed	mRNA 3'-end processing
855083_reviewed	mRNA 3'-end processing
853060_reviewed	mRNA 3'-end processing
852547_reviewed	chromatin remodeling
855208_reviewed	cellular response to osmotic stress
853186_reviewed	CENP-A containing chromatin assembly
854424_reviewed	mRNA 3'-end processing
851814_reviewed	mRNA 3'-end processing
852838_reviewed	mRNA 3'-end processing
852452_reviewed	protein folding
851410_reviewed	endoplasmic reticulum to Golgi vesicle-mediated transport
850612_reviewed	endoplasmic reticulum to Golgi vesicle-mediated transport
856097_reviewed	intra-Golgi vesicle-mediated transport
855429_reviewed	endoplasmic reticulum to Golgi vesicle-mediated transport
851824_reviewed	endoplasmic reticulum to Golgi vesicle-mediated transport
854734_reviewed	endoplasmic reticulum to Golgi vesicle-mediated transport
852235_reviewed	aerobic respiration
856321_reviewed	aerobic respiration
851733_reviewed	ascospore formation
852399_reviewed	cellular response to starvation
850399_reviewed	cellular response to starvation
854694_reviewed	cellular response to starvation
853062_reviewed	exonucleolytic trimming to generate mature 3'-end of 5.8S rRNA from tricistronic rRNA transcript (SSU-rRNA, 5.8S rRNA, LSU-rRNA)
855102_reviewed	DNA replication initiation
856305_reviewed	DNA-templated DNA replication
855426_reviewed	DNA damage checkpoint signaling
854059_reviewed	DNA damage checkpoint signaling
852383_reviewed	DNA damage checkpoint signaling
853718_reviewed	DNA damage response
853450_reviewed	DNA damage response
854928_reviewed	DNA damage response
855281_reviewed	mRNA splicing, via spliceosome
851518_reviewed	mRNA splicing, via spliceosome
853227_reviewed	mRNA cis splicing, via spliceosome
855605_reviewed	deadenylation-dependent decapping of nuclear-transcribed mRNA
854016_reviewed	deadenylation-dependent decapping of nuclear-transcribed mRNA
854883_reviewed	cytoplasmic translation
856700_reviewed	cellular response to glucose starvation
853667_reviewed	double-strand break repair via nonhomologous end joining
852611_reviewed	anaphase-promoting complex-dependent catabolic process
851699_reviewed	chromatin remodeling
852580_reviewed	DNA-templated DNA replication
851240_reviewed	ribosomal large subunit export from nucleus
855356_reviewed	mRNA export from nucleus
852004_reviewed	mRNA export from nucleus
852233_reviewed	actin cortical patch organization
850396_reviewed	actin cortical patch assembly
851949_reviewed	endocytosis
853114_reviewed	protein transport
856019_reviewed	regulation of translation
856594_reviewed	regulation of translation
851100_reviewed	protein transport
856002_reviewed	regulation of transcription by RNA polymerase II
852549_reviewed	endonucleolytic cleavage in ITS1 to separate SSU-rRNA from 5.8S rRNA and LSU-rRNA from tricistronic rRNA transcript (SSU-rRNA, 5.8S rRNA, LSU-rRNA)
850883_reviewed	endonucleolytic cleavage in 5'-ETS of tricistronic rRNA transcript (SSU-rRNA, 5.8S rRNA, LSU-rRNA)
856553_reviewed	maturation of SSU-rRNA
855649_reviewed	maturation of SSU-rRNA
856815_reviewed	endonucleolytic cleavage in 5'-ETS of tricistronic rRNA transcript (SSU-rRNA, 5.8S rRNA, LSU-rRNA)
855591_reviewed	maturation of SSU-rRNA
853714_reviewed	ATP export
853458_reviewed	endonucleolytic cleavage in 5'-ETS of tricistronic rRNA transcript (SSU-rRNA, 5.8S rRNA, LSU-rRNA)
851407_reviewed	endonucleolytic cleavage in 5'-ETS of tricistronic rRNA transcript (SSU-rRNA, 5.8S rRNA, LSU-rRNA)
850649_reviewed	maturation of SSU-rRNA
851499_reviewed	endonucleolytic cleavage of tricistronic rRNA transcript (SSU-rRNA, 5.8S rRNA, LSU-rRNA)
852972_reviewed	maturation of SSU-rRNA
854221_reviewed	maturation of SSU-rRNA
856095_reviewed	maturation of SSU-rRNA from tricistronic rRNA transcript (SSU-rRNA, 5.8S rRNA, LSU-rRNA)
856267_reviewed	endonucleolytic cleavage in 5'-ETS of tricistronic rRNA transcript (SSU-rRNA, 5.8S rRNA, LSU-rRNA)
850520_reviewed	chromatin remodeling
850504_reviewed	ascospore wall assembly
856134_reviewed	DNA repair
851264_reviewed	endoplasmic reticulum to Golgi vesicle-mediated transport
852675_reviewed	endoplasmic reticulum to Golgi vesicle-mediated transport
851226_reviewed	endoplasmic reticulum to Golgi vesicle-mediated transport
854997_reviewed	endoplasmic reticulum to Golgi vesicle-mediated transport
855005_reviewed	cellular response to oxidative stress
852398_reviewed	exocyst assembly
850863_reviewed	exocytosis
856726_reviewed	endoplasmic reticulum inheritance
851744_reviewed	endoplasmic reticulum inheritance
854742_reviewed	exocyst localization
856168_reviewed	endoplasmic reticulum inheritance
853555_reviewed	mRNA processing
850749_reviewed	phenylalanyl-tRNA aminoacylation
850522_reviewed	phenylalanyl-tRNA aminoacylation
852506_reviewed	endocytosis
850502_reviewed	cellular response to iron ion starvation
853896_reviewed	cytoplasmic translational initiation
853463_reviewed	formation of translation preinitiation complex
856876_reviewed	protein transport
850505_reviewed	autophagosome assembly
856753_reviewed	autophagy
853884_reviewed	endocytosis
856859_reviewed	COPI coating of Golgi vesicle
853072_reviewed	cellular response to amino acid stimulus
850373_reviewed	phosphate ion transport
852614_reviewed	positive regulation of transcription by RNA polymerase II
854540_reviewed	positive regulation of transcription by RNA polymerase II
856106_reviewed	double-strand break repair
856654_reviewed	chromatin organization
850638_reviewed	nucleosome assembly
855710_reviewed	epigenetic regulation of gene expression
856309_reviewed	chromosome segregation
851889_reviewed	chromatin remodeling
850327_reviewed	L-histidine biosynthetic process
851394_reviewed	cellular response to glucose starvation
852575_reviewed	mismatch repair
854284_reviewed	positive regulation of RNA polymerase II transcription preinitiation complex assembly
854086_reviewed	cellular response to starvation
852404_reviewed	ascospore formation
851916_reviewed	attachment of spindle microtubules to kinetochore
852296_reviewed	phosphate-containing compound metabolic process
851086_reviewed	establishment of cell polarity
856039_reviewed	division septum assembly
850567_reviewed	chromatin remodeling
852744_reviewed	cellular response to pheromone
854143_reviewed	heterochromatin formation
854480_reviewed	cellular response to pheromone
853997_reviewed	mRNA processing
854681_reviewed	2-oxoglutarate metabolic process
851726_reviewed	2-oxoglutarate metabolic process
850527_reviewed	2-oxoglutarate metabolic process
856758_reviewed	protein quality control for misfolded or incompletely synthesized proteins
856575_reviewed	protein transport
855143_reviewed	cytoplasmic translation
856864_reviewed	endonucleolytic cleavage in 5'-ETS of tricistronic rRNA transcript (SSU-rRNA, 5.8S rRNA, LSU-rRNA)
851388_reviewed	cellular response to oxidative stress
853934_reviewed	maturation of SSU-rRNA
854353_reviewed	actin cortical patch localization
855640_reviewed	actin filament organization
855478_reviewed	actin cortical patch assembly
850580_reviewed	actin cortical patch localization
851634_reviewed	ceramide biosynthetic process
855342_reviewed	ceramide biosynthetic process
852875_reviewed	L-leucine biosynthetic process
853318_reviewed	deadenylation-dependent decapping of nuclear-transcribed mRNA
851607_reviewed	lysyl-tRNA aminoacylation
856848_reviewed	cellular response to glucose starvation
851209_reviewed	cell division
856563_reviewed	cytogamy
851005_reviewed	mRNA 5'-splice site recognition
856163_reviewed	regulation of protein localization
856657_reviewed	macroautophagy
852439_reviewed	maturation of 5.8S rRNA from tricistronic rRNA transcript (SSU-rRNA, 5.8S rRNA, LSU-rRNA)
850860_reviewed	protein processing involved in protein targeting to mitochondrion
856419_reviewed	protein processing involved in protein targeting to mitochondrion
851503_reviewed	G1/S transition of mitotic cell cycle
850879_reviewed	cellular response to heat
851561_reviewed	apoptotic process
850540_reviewed	cell division
853371_reviewed	cell division
852673_reviewed	DNA replication
850980_reviewed	DNA replication
851223_reviewed	establishment of mitochondrion localization
851559_reviewed	negative regulation of transcription by RNA polymerase II
854106_reviewed	cellular response to heat
856183_reviewed	negative regulation of transcription by RNA polymerase II
852492_reviewed	negative regulation of transcription by RNA polymerase II
856297_reviewed	negative regulation of transcription by RNA polymerase II
852860_reviewed	cellular response to heat
856065_reviewed	meiotic cell cycle
856455_reviewed	positive regulation of transcription by RNA polymerase II
850442_reviewed	negative regulation of transcription by RNA polymerase II
852053_reviewed	negative regulation of transcription by RNA polymerase II
855203_reviewed	meiotic heteroduplex formation
855642_reviewed	meiotic mismatch repair
856384_reviewed	mitochondrial translation
851948_reviewed	mitochondrial translation
852975_reviewed	mitochondrial translation
852188_reviewed	mitochondrial translation
851937_reviewed	mitochondrial translation
852553_reviewed	mitochondrial translation
852443_reviewed	mitochondrial translation
855585_reviewed	mitochondrial translation
854329_reviewed	mitochondrial translation
851611_reviewed	mitochondrial translation
853701_reviewed	mitochondrial small ribosomal subunit assembly
852748_reviewed	mitochondrial translation
854715_reviewed	mitochondrial translation
853565_reviewed	mitochondrial translation
853578_reviewed	mitochondrial translation
855190_reviewed	mitochondrial translation
855226_reviewed	mitochondrial translation
855410_reviewed	mitochondrial translation
855436_reviewed	mitochondrial translation
852419_reviewed	mitochondrial translation
852242_reviewed	mitochondrial translation
854983_reviewed	mitochondrial translation
853135_reviewed	mitochondrial translation
855231_reviewed	mitochondrial translation
852967_reviewed	mitochondrial translation
852816_reviewed	maturation of LSU-rRNA from tricistronic rRNA transcript (SSU-rRNA, 5.8S rRNA, LSU-rRNA)
855985_reviewed	mitochondrial translation
851755_reviewed	mitochondrial translation
853053_reviewed	mitochondrial RNA processing
854380_reviewed	maturation of SSU-rRNA
854063_reviewed	DNA recombination
851671_reviewed	interstrand cross-link repair
853609_reviewed	DNA repair
851266_reviewed	DNA repair
855228_reviewed	chromosome organization
851399_reviewed	DNA damage response
852348_reviewed	meiotic cell cycle
852847_reviewed	meiotic cell cycle
851204_reviewed	actin filament organization
853728_reviewed	intracellular mRNA localization
852427_reviewed	endoplasmic reticulum inheritance
852119_reviewed	budding cell bud growth
852610_reviewed	mRNA transport
850334_reviewed	budding cell bud growth
853503_reviewed	intracellular protein transport
855646_reviewed	axial cellular bud site selection
854084_reviewed	axial cellular bud site selection
851988_reviewed	mRNA export from nucleus
851562_reviewed	chromatin remodeling
854309_reviewed	chromatin remodeling
852728_reviewed	cellular response to stress
850534_reviewed	chromatin remodeling
850577_reviewed	1-phosphatidyl-1D-myo-inositol 3,5-bisphosphate metabolic process
850549_reviewed	assembly of large subunit precursor of preribosome
853409_reviewed	NLS-bearing protein import into nucleus
850552_reviewed	nuclear pore organization
854691_reviewed	NLS-bearing protein import into nucleus
855066_reviewed	mRNA export from nucleus
851263_reviewed	chromosome organization
854937_reviewed	DNA replication initiation
852352_reviewed	DNA replication initiation
850656_reviewed	DNA replication initiation
856291_reviewed	DNA replication initiation
855460_reviewed	DNA replication initiation
856518_reviewed	DNA replication initiation
853455_reviewed	dolichol-linked oligosaccharide biosynthetic process
854989_reviewed	protein N-linked glycosylation
852862_reviewed	post-translational protein modification
856716_reviewed	protein N-linked glycosylation
852969_reviewed	microtubule-based process
854879_reviewed	positive regulation of transcription elongation by RNA polymerase II
852786_reviewed	DNA damage tolerance
853843_reviewed	DNA damage tolerance
856222_reviewed	mRNA processing
852522_reviewed	pyruvate decarboxylation to acetyl-CoA
855653_reviewed	pyruvate decarboxylation to acetyl-CoA
850840_reviewed	endosome organization
855271_reviewed	endosome organization
856062_reviewed	endosomal transport
851112_reviewed	endocytosis
851653_reviewed	cellular response to starvation
851261_reviewed	endosomal vesicle fusion
855245_reviewed	canonical glycolysis
853155_reviewed	canonical glycolysis
852245_reviewed	DNA biosynthetic process
855621_reviewed	DNA replication
854825_reviewed	DNA replication
853821_reviewed	DNA replication
851647_reviewed	double-strand break repair via homologous recombination
852234_reviewed	meiotic recombination checkpoint signaling
855520_reviewed	DNA damage response
855224_reviewed	box C/D snoRNP assembly
855836_reviewed	'de novo' protein folding
850611_reviewed	proteasomal ubiquitin-independent protein catabolic process
856830_reviewed	proteasomal ubiquitin-independent protein catabolic process
854501_reviewed	L-proline biosynthetic process
850441_reviewed	autophagy of mitochondrion
852983_reviewed	mRNA splicing, via spliceosome
854485_reviewed	maturation of 5S rRNA
855497_reviewed	maturation of SSU-rRNA
853010_reviewed	attachment of spindle microtubules to kinetochore
854042_reviewed	phospholipid biosynthetic process
856087_reviewed	G2/M transition of mitotic cell cycle
854351_reviewed	mRNA processing
852224_reviewed	negative regulation of p38MAPK cascade
851643_reviewed	chromatin organization
852422_reviewed	signal transduction
855716_reviewed	cellular response to glucose starvation
854817_reviewed	mRNA metabolic process
854245_reviewed	endonucleolytic cleavage in ITS1 to separate SSU-rRNA from 5.8S rRNA and LSU-rRNA from tricistronic rRNA transcript (SSU-rRNA, 5.8S rRNA, LSU-rRNA)
853762_reviewed	endonucleolytic cleavage in 5'-ETS of tricistronic rRNA transcript (SSU-rRNA, 5.8S rRNA, LSU-rRNA)
855790_reviewed	endonucleolytic cleavage in 5'-ETS of tricistronic rRNA transcript (SSU-rRNA, 5.8S rRNA, LSU-rRNA)
856674_reviewed	ERAD pathway
856909_reviewed	DNA topological change
856918_reviewed	nucleotide-excision repair
854678_reviewed	DNA repair
851342_reviewed	ATP metabolic process
856831_reviewed	chromosome organization involved in meiotic cell cycle
854976_reviewed	DNA amplification
852646_reviewed	cleavage in ITS2 between 5.8S rRNA and LSU-rRNA of tricistronic rRNA transcript (SSU-rRNA, 5.8S rRNA, LSU-rRNA)
854213_reviewed	cleavage in ITS2 between 5.8S rRNA and LSU-rRNA of tricistronic rRNA transcript (SSU-rRNA, 5.8S rRNA, LSU-rRNA)
851468_reviewed	protein maturation
853849_reviewed	peptide pheromone maturation
852740_reviewed	endoplasmic reticulum to Golgi vesicle-mediated transport
854818_reviewed	DNA replication, Okazaki fragment processing
855404_reviewed	DNA repair
853531_reviewed	DNA damage checkpoint signaling
854392_reviewed	cell division
852563_reviewed	actin cytoskeleton organization
855170_reviewed	ascospore formation
852184_reviewed	negative regulation of transcription by RNA polymerase II
851442_reviewed	nucleocytoplasmic transport
855386_reviewed	cellular response to heat
851220_reviewed	cellular response to heat
855626_reviewed	cellular response to heat
855305_reviewed	cellular response to heat
854725_reviewed	cell adhesion involved in single-species biofilm formation
855964_reviewed	cellular response to heat
852392_reviewed	conjugation with cellular fusion
855097_reviewed	negative regulation of antisense RNA transcription
855920_reviewed	negative regulation of rDNA heterochromatin formation
853147_reviewed	proteasome regulatory particle assembly
854433_reviewed	ERAD pathway
851140_reviewed	proteasome-mediated ubiquitin-dependent protein catabolic process
853805_reviewed	canonical glycolysis
851568_reviewed	negative regulation of transcription by RNA polymerase III
851310_reviewed	adaptation of signaling pathway by response to pheromone involved in conjugation with cellular fusion
851759_reviewed	adaptation of signaling pathway by response to pheromone involved in conjugation with cellular fusion
854739_reviewed	adaptation of signaling pathway by response to pheromone involved in conjugation with cellular fusion
855040_reviewed	adaptation of signaling pathway by response to pheromone involved in conjugation with cellular fusion
854032_reviewed	adaptation of signaling pathway by response to pheromone involved in conjugation with cellular fusion
851114_reviewed	defense response to virus
856319_reviewed	defense response to virus
854179_reviewed	cellular bud neck septin ring organization
852095_reviewed	actin filament-based process
851591_reviewed	ascospore wall assembly
853890_reviewed	budding cell apical bud growth
853365_reviewed	chemotropism
856856_reviewed	endoplasmic reticulum inheritance
856366_reviewed	cellular response to phosphate starvation
851286_reviewed	endocytosis
851543_reviewed	endocytosis
850905_reviewed	COPII-coated vesicle budding
853808_reviewed	double-strand break repair
852788_reviewed	double-strand break repair
851441_reviewed	double-strand break repair
853499_reviewed	mRNA export from nucleus
851332_reviewed	COPII-coated vesicle budding
852778_reviewed	cellular response to amino acid starvation
856311_reviewed	COPII-coated vesicle cargo loading
856011_reviewed	post-translational protein targeting to membrane, translocation
854428_reviewed	cytosol to endoplasmic reticulum transport
852469_reviewed	filamentous growth
850999_reviewed	post-translational protein targeting to membrane, translocation
856814_reviewed	L-serine biosynthetic process
854736_reviewed	L-serine biosynthetic process
852681_reviewed	cellular response to starvation
853900_reviewed	cellular response to starvation
856799_reviewed	deadenylation-independent decapping of nuclear-transcribed mRNA
851520_reviewed	chromatin organization
853369_reviewed	cell division
851813_reviewed	double-strand break repair via nonhomologous end joining
853106_reviewed	apoptotic process
854664_reviewed	protein folding
852678_reviewed	cell redox homeostasis
852276_reviewed	actin cortical patch assembly
853229_reviewed	cell wall organization
855618_reviewed	endocytosis
856301_reviewed	actin cortical patch localization
856409_reviewed	actin cortical patch localization
851661_reviewed	generation of catalytic spliceosome for second transesterification step
852889_reviewed	generation of catalytic spliceosome for second transesterification step
851770_reviewed	endoplasmic reticulum to Golgi vesicle-mediated transport
852230_reviewed	autophagy
853638_reviewed	amphisome-lysosome fusion
852088_reviewed	cellular response to glucose starvation
856749_reviewed	cell adhesion
856866_reviewed	cellular response to glucose starvation
851592_reviewed	cellular response to glucose starvation
852032_reviewed	regulation of cellular response to glucose starvation
852664_reviewed	cellular response to glucose starvation
852763_reviewed	autophagy
852592_reviewed	carbon catabolite activation of transcription
855757_reviewed	cellular response to amino acid starvation
856360_reviewed	chromatin remodeling
856091_reviewed	cellular response to amino acid starvation
853264_reviewed	chromatin remodeling
850495_reviewed	chromatin remodeling
856182_reviewed	pantothenate biosynthetic process
850838_reviewed	pantothenate biosynthetic process
851224_reviewed	lipid metabolic process
856393_reviewed	lipid droplet formation
852449_reviewed	generation of catalytic spliceosome for first transesterification step
852966_reviewed	mRNA splicing, via spliceosome
851460_reviewed	mRNA splicing, via spliceosome
856891_reviewed	DNA-templated transcription initiation
853191_reviewed	positive regulation of transcription by RNA polymerase II
852766_reviewed	chromatin organization
852497_reviewed	chromatin organization
853011_reviewed	cellular response to stress
856251_reviewed	nucleosome assembly
852373_reviewed	chromatin organization
852059_reviewed	chromatin organization
853167_reviewed	chromatin organization
855821_reviewed	chromatin organization
851756_reviewed	chromatin organization
854017_reviewed	chromatin organization
850744_reviewed	chromatin organization
855276_reviewed	chromatin organization
855263_reviewed	protein deubiquitination
850347_reviewed	intracellular protein localization
852814_reviewed	chromatin organization
856203_reviewed	SRP-dependent cotranslational protein targeting to membrane
854866_reviewed	SRP-dependent cotranslational protein targeting to membrane
853737_reviewed	SRP-dependent cotranslational protein targeting to membrane
855584_reviewed	actin filament depolymerization
851259_reviewed	cellular response to heat
850691_reviewed	nucleotide-excision repair
851906_reviewed	DNA repair
855706_reviewed	cellular response to heat
850923_reviewed	DNA-templated transcription
856290_reviewed	DNA-templated transcription
853666_reviewed	poly(A)+ mRNA export from nucleus
855017_reviewed	positive regulation of transcription by RNA polymerase II
854993_reviewed	positive regulation of transcription by RNA polymerase II
856096_reviewed	positive regulation of transcription by RNA polymerase II
851723_reviewed	chromatin organization
854875_reviewed	positive regulation of transcription by RNA polymerase II
851745_reviewed	chromatin organization
855267_reviewed	positive regulation of transcription by RNA polymerase II
852361_reviewed	amino acid transmembrane transport
853540_reviewed	mitochondrial phosphate ion transmembrane transport
853781_reviewed	translational elongation
851260_reviewed	maintenance of translational fidelity
853840_reviewed	transcription by RNA polymerase II
856169_reviewed	nucleotide-excision repair
851262_reviewed	5S class rRNA transcription by RNA polymerase III
851964_reviewed	5S class rRNA transcription by RNA polymerase III
856100_reviewed	5S class rRNA transcription by RNA polymerase III
856351_reviewed	negative regulation of translation
850320_reviewed	negative regulation of DNA-templated transcription
851195_reviewed	cytoplasmic translation
852414_reviewed	pentose-phosphate shunt
856188_reviewed	pentose-phosphate shunt
855951_reviewed	mitotic spindle organization
855898_reviewed	adenylate cyclase-activating G protein-coupled receptor signaling pathway
854778_reviewed	adenylate cyclase-activating G protein-coupled receptor signaling pathway
853688_reviewed	adenylate cyclase-activating G protein-coupled receptor signaling pathway
852423_reviewed	carbohydrate metabolic process
851646_reviewed	cellular response to nitrogen starvation
855303_reviewed	trehalose biosynthetic process
854872_reviewed	trehalose biosynthetic process
856824_reviewed	glutamine metabolic process
853669_reviewed	glutamine metabolic process
850409_reviewed	positive regulation of transcription by RNA polymerase II
854926_reviewed	positive regulation of transcription by RNA polymerase II
850909_reviewed	cytoplasmic microtubule organization
856577_reviewed	cytoplasmic microtubule organization
855597_reviewed	cytoplasmic microtubule organization
856179_reviewed	protein neddylation
856104_reviewed	protein neddylation
855350_reviewed	free ubiquitin chain depolymerization
851156_reviewed	cell wall organization
852241_reviewed	'de novo' CTP biosynthetic process
852424_reviewed	ATP metabolic process
853490_reviewed	early endosome to late endosome transport
853782_reviewed	endosomal lumen acidification
856659_reviewed	endosomal lumen acidification
856148_reviewed	endosomal lumen acidification
854509_reviewed	endosomal lumen acidification
855739_reviewed	ATP export
856387_reviewed	ATP export
856403_reviewed	endocytic recycling
853287_reviewed	endocytic recycling
856303_reviewed	autophagosome maturation
856021_reviewed	ATP export
850712_reviewed	ATP export
851482_reviewed	autophagy
852785_reviewed	cytoplasm to vacuole targeting by the Cvt pathway
852079_reviewed	endocytosis
854142_reviewed	cytoplasm to vacuole targeting by the Cvt pathway
853423_reviewed	Golgi to vacuole transport
851051_reviewed	actin cortical patch localization
855180_reviewed	protein N-linked glycosylation
851206_reviewed	double-strand break repair via single-strand annealing, removal of nonhomologous ends
856085_reviewed	DNA amplification
854878_reviewed	DNA amplification
851199_reviewed	chromatin remodeling
851265_reviewed	regulation of DNA-templated transcription
850702_reviewed	subtelomeric heterochromatin formation
856519_reviewed	ascospore formation
852472_reviewed	regulation of meiotic DNA double-strand break formation
852080_reviewed	subtelomeric heterochromatin formation
855965_reviewed	positive regulation of DNA-templated transcription
852248_reviewed	3'-UTR-mediated mRNA stabilization
852229_reviewed	DNA damage checkpoint signaling
852517_reviewed	cellular response to oxidative stress
855862_reviewed	maturation of SSU-rRNA from tricistronic rRNA transcript (SSU-rRNA, 5.8S rRNA, LSU-rRNA)
855514_reviewed	maturation of SSU-rRNA
854317_reviewed	endonucleolytic cleavage in ITS1 to separate SSU-rRNA from 5.8S rRNA and LSU-rRNA from tricistronic rRNA transcript (SSU-rRNA, 5.8S rRNA, LSU-rRNA)
851483_reviewed	negative regulation of transcription by RNA polymerase I
851788_reviewed	cellular response to nitrogen starvation
850918_reviewed	ribosomal large subunit assembly
856725_reviewed	formation of translation preinitiation complex
853471_reviewed	formation of translation preinitiation complex
852704_reviewed	endonucleolytic cleavage in 5'-ETS of tricistronic rRNA transcript (SSU-rRNA, 5.8S rRNA, LSU-rRNA)
851170_reviewed	epigenetic regulation of gene expression
855328_reviewed	chromatin organization
855132_reviewed	chromatin organization
850647_reviewed	aerobic respiration
854915_reviewed	homologous chromosome segregation
853149_reviewed	cellular response to misfolded protein
856521_reviewed	RNA metabolic process
850625_reviewed	ribosomal large subunit biogenesis
855596_reviewed	cellular response to pheromone
855073_reviewed	cellular response to pheromone
855897_reviewed	DNA repair
853202_reviewed	'de novo' cotranslational protein folding
856461_reviewed	'de novo' cotranslational protein folding
856498_reviewed	COPII-coated vesicle cargo loading
850686_reviewed	heme transport
855704_reviewed	cellular hyperosmotic salinity response
851158_reviewed	L-arginine catabolic process to L-glutamate
851781_reviewed	cellular response to pheromone
855044_reviewed	cellular response to pheromone
850559_reviewed	cellular response to pheromone
852662_reviewed	autophagy
854256_reviewed	endocytosis
855012_reviewed	cytoplasm to vacuole targeting by the Cvt pathway
850543_reviewed	ascospore-type prospore assembly
852567_reviewed	endocytosis
850569_reviewed	glycogen biosynthetic process
855359_reviewed	chromosome segregation
854901_reviewed	meiotic recombination checkpoint signaling
851708_reviewed	deactivation of mitotic spindle assembly checkpoint
854450_reviewed	filamentous growth
855013_reviewed	cell division
851250_reviewed	astral microtubule anchoring at mitotic spindle pole body
854786_reviewed	cell division
851815_reviewed	vacuole fusion, non-autophagic
855043_reviewed	negative regulation of signal transduction
855923_reviewed	chromosome segregation
853275_reviewed	adenylate cyclase-activating G protein-coupled receptor signaling pathway
851142_reviewed	autophagosome assembly
853300_reviewed	cAMP/PKA signal transduction
855630_reviewed	lipid metabolic process
850450_reviewed	actin cortical patch assembly
851335_reviewed	endoplasmic reticulum to Golgi vesicle-mediated transport
851418_reviewed	intracellular protein transport
853670_reviewed	DNA damage response
854356_reviewed	L-serine biosynthetic process
853644_reviewed	calcineurin-mediated signaling
851153_reviewed	calcineurin-mediated signaling
854946_reviewed	calcineurin-mediated signaling
851000_reviewed	exonucleolytic trimming to generate mature 3'-end of 5.8S rRNA from tricistronic rRNA transcript (SSU-rRNA, 5.8S rRNA, LSU-rRNA)
853552_reviewed	cellular response to methylmercury
851424_reviewed	cell division
851928_reviewed	cellular response to methylmercury
856744_reviewed	L-proline biosynthetic process
854497_reviewed	mRNA splicing, via spliceosome
856537_reviewed	cell morphogenesis
854349_reviewed	ascospore-type prospore membrane formation
853568_reviewed	cellular detoxification
851996_reviewed	actin cortical patch localization
850367_reviewed	actin cortical patch localization
850318_reviewed	negative regulation of gluconeogenesis
855166_reviewed	negative regulation of gluconeogenesis
851842_reviewed	negative regulation of gluconeogenesis
854710_reviewed	negative regulation of apoptotic process
852624_reviewed	cytoskeleton organization
854795_reviewed	ascospore formation
854675_reviewed	chromatin remodeling
855175_reviewed	donor selection
855492_reviewed	intracellular protein localization
852046_reviewed	intracellular sodium ion homeostasis
852091_reviewed	cellular response to pheromone
852931_reviewed	intracellular signal transduction
851908_reviewed	negative regulation of gluconeogenesis
850620_reviewed	modification-dependent protein catabolic process
851458_reviewed	cellular response to oxidative stress
852864_reviewed	establishment of protein localization to endoplasmic reticulum membrane
856817_reviewed	establishment of protein localization to endoplasmic reticulum membrane
853353_reviewed	DNA protection
851457_reviewed	DNA damage checkpoint signaling
854881_reviewed	endonucleolytic cleavage in 5'-ETS of tricistronic rRNA transcript (SSU-rRNA, 5.8S rRNA, LSU-rRNA)
855408_reviewed	endonucleolytic cleavage in ITS1 to separate SSU-rRNA from 5.8S rRNA and LSU-rRNA from tricistronic rRNA transcript (SSU-rRNA, 5.8S rRNA, LSU-rRNA)
853537_reviewed	mRNA transport
851565_reviewed	G1/S transition of mitotic cell cycle
850966_reviewed	cellular response to heat
851714_reviewed	cell division
850728_reviewed	intracellular protein transport
850914_reviewed	protein folding
856473_reviewed	NAD+ biosynthetic process
851391_reviewed	base-excision repair
852385_reviewed	DNA damage tolerance
856076_reviewed	cell cycle G1/S phase transition
850514_reviewed	glycine biosynthetic process, by transamination of glyoxylate
854761_reviewed	cell division
853148_reviewed	cellular response to phosphate starvation
852021_reviewed	generation of mature 5'-end of LSU-rRNA from tricistronic rRNA transcript (SSU-rRNA, 5.8S rRNA, LSU-rRNA)
854404_reviewed	chromatin remodeling
854405_reviewed	chromatin remodeling
853427_reviewed	deoxyribonucleotide biosynthetic process
854053_reviewed	cell integrity MAPK cascade
856103_reviewed	eisosome assembly
852977_reviewed	eisosome assembly
851113_reviewed	protein hexamerization
856031_reviewed	microtubule severing
852518_reviewed	autophagosome assembly
856162_reviewed	autophagosome assembly
854713_reviewed	actin cortical patch assembly
855625_reviewed	ascospore formation
854268_reviewed	adenylate cyclase-activating G protein-coupled receptor signaling pathway
852583_reviewed	protein ubiquitination
855581_reviewed	adenine catabolic process
852436_reviewed	cellular response to nitrogen starvation
856649_reviewed	pexophagy
850445_reviewed	DNA damage response
852410_reviewed	chromatin remodeling
855907_reviewed	cellular response to ionizing radiation
850995_reviewed	DNA damage checkpoint signaling
856227_reviewed	division septum assembly
854700_reviewed	cell division
852372_reviewed	autophagosome assembly
850650_reviewed	cellular response to amino acid starvation
854208_reviewed	actin filament organization
855561_reviewed	budding cell apical bud growth
854765_reviewed	cysteine biosynthetic process
854552_reviewed	endoplasmic reticulum to Golgi vesicle-mediated transport
852762_reviewed	anaphase-promoting complex-dependent catabolic process
853439_reviewed	cell division
851798_reviewed	protein folding
856781_reviewed	glycogen metabolic process
854102_reviewed	proteasome-mediated ubiquitin-dependent protein catabolic process
856153_reviewed	negative regulation of TORC1 signaling
855405_reviewed	protein catabolic process
850786_reviewed	cellular response to methylmercury
853292_reviewed	protein ubiquitination
852402_reviewed	negative regulation of gluconeogenesis
852880_reviewed	proteasome regulatory particle assembly
854549_reviewed	actin filament organization
856219_reviewed	negative regulation of ribosomal protein gene transcription by RNA polymerase II
851754_reviewed	chromatin organization
853758_reviewed	cytoplasm to vacuole targeting by the Cvt pathway
854072_reviewed	autophagy
851337_reviewed	cellular response to ethanol
855319_reviewed	ERAD pathway
853178_reviewed	cellular bud site selection
856921_reviewed	actin cytoskeleton organization
853910_reviewed	chromosome organization
854972_reviewed	DNA recombination
850939_reviewed	cellular response to pheromone
856557_reviewed	meiosis I
856862_reviewed	cellular response to amino acid stimulus
853037_reviewed	negative regulation of Arp2/3 complex-mediated actin nucleation
851108_reviewed	ubiquitin-dependent endocytosis
855318_reviewed	ATP export
856236_reviewed	cell division
855620_reviewed	cysteine biosynthetic process
853408_reviewed	fungal-type cell wall organization
855624_reviewed	cellular response to oxidative stress
855699_reviewed	actin filament organization
855728_reviewed	nuclear mRNA surveillance
850346_reviewed	nuclear mRNA surveillance
855275_reviewed	nuclear export
850934_reviewed	G-quadruplex DNA formation
854650_reviewed	protein deubiquitination
855827_reviewed	endoplasmic reticulum to Golgi vesicle-mediated transport
852822_reviewed	cellular response to unfolded protein
850430_reviewed	DNA damage tolerance
853847_reviewed	maturation of 5.8S rRNA from tricistronic rRNA transcript (SSU-rRNA, 5.8S rRNA, LSU-rRNA)
850539_reviewed	cell division
853438_reviewed	protein folding
853527_reviewed	protein folding
855119_reviewed	kinetochore assembly
853133_reviewed	mRNA export from nucleus
851672_reviewed	actin cytoskeleton organization
853747_reviewed	base-excision repair
850896_reviewed	proteasome assembly
853629_reviewed	proteasome assembly
853752_reviewed	DNA replication initiation
854740_reviewed	aerobic respiration
853646_reviewed	budding cell apical bud growth
856502_reviewed	budding cell apical bud growth
852411_reviewed	global genome nucleotide-excision repair
853512_reviewed	global genome nucleotide-excision repair
854938_reviewed	cell division
853798_reviewed	CTP biosynthetic process
851274_reviewed	meiotic spindle disassembly
850508_reviewed	budding cell apical bud growth
856920_reviewed	DNA damage checkpoint signaling
851119_reviewed	positive regulation of ribosomal protein gene transcription by RNA polymerase II
850950_reviewed	cellular response to oxidative stress
850803_reviewed	cellular hyperosmotic response
850785_reviewed	exocytosis
853153_reviewed	conjugation with cellular fusion
855006_reviewed	intracellular monoatomic ion homeostasis
851271_reviewed	cellular bud site selection
854869_reviewed	chromatin organization
856129_reviewed	chromatin organization
852377_reviewed	cellular response to stress
856484_reviewed	cellular response to pheromone
855968_reviewed	intracellular iron ion homeostasis
850588_reviewed	hydrogen sulfide biosynthetic process
854247_reviewed	invasive growth in response to glucose limitation
852258_reviewed	DNA damage response
856254_reviewed	DNA repair
850912_reviewed	eukaryotic translation initiation factor 2 complex assembly
851709_reviewed	protein ubiquitination
854886_reviewed	cellular response to methylmercury
854222_reviewed	kinetochore assembly
855471_reviewed	base-excision repair
855264_reviewed	ascospore formation
851975_reviewed	base-excision repair
856425_reviewed	cell integrity MAPK cascade
850884_reviewed	signal transduction
853350_reviewed	cell integrity MAPK cascade
855963_reviewed	cell integrity MAPK cascade
853631_reviewed	deadenylation-dependent decapping of nuclear-transcribed mRNA
855942_reviewed	establishment of cell polarity
856058_reviewed	cellular response to pheromone
851076_reviewed	cell integrity MAPK cascade
851396_reviewed	cell integrity MAPK cascade
856914_reviewed	G1/S transition of mitotic cell cycle
855988_reviewed	establishment of cell polarity
854402_reviewed	endoplasmic reticulum organization
854925_reviewed	cell wall mannoprotein biosynthetic process
856057_reviewed	cell wall mannoprotein biosynthetic process
851500_reviewed	DNA amplification
854747_reviewed	NLS-bearing protein import into nucleus
854702_reviewed	box H/ACA snoRNP assembly
855241_reviewed	base-excision repair
856791_reviewed	carbohydrate metabolic process
851800_reviewed	protein folding
851052_reviewed	cytoplasmic translation
856677_reviewed	CAT tailing
854693_reviewed	cell integrity MAPK cascade
855547_reviewed	eukaryotic translation initiation factor 4F complex assembly
851485_reviewed	double-strand break repair via homologous recombination
856052_reviewed	premeiotic DNA replication
856828_reviewed	establishment or maintenance of actin cytoskeleton polarity
856787_reviewed	glycogen metabolic process
856724_reviewed	microtubule cytoskeleton organization
852659_reviewed	defense response to virus
852351_reviewed	actin cortical patch assembly
853252_reviewed	cell division
852431_reviewed	cell division
856142_reviewed	fungal-type cell wall organization
855957_reviewed	maturation of 5.8S rRNA
854731_reviewed	nuclear mRNA surveillance of mRNA 3'-end processing
851884_reviewed	mRNA 3'-end processing
851048_reviewed	mRNA export from nucleus in response to heat stress
854265_reviewed	NLS-bearing protein import into nucleus
853116_reviewed	CDP-choline pathway
854535_reviewed	budding cell apical bud growth
851768_reviewed	protein folding
854315_reviewed	DNA replication
856908_reviewed	chromatin organization
856231_reviewed	actin cytoskeleton organization
854036_reviewed	cellular response to starvation
851558_reviewed	fungal-type cell wall organization or biogenesis
852721_reviewed	cellular response to glucose starvation
851805_reviewed	intracellular distribution of mitochondria
851847_reviewed	anaphase-promoting complex assembly
856823_reviewed	negative regulation of endoplasmic reticulum unfolded protein response
855975_reviewed	chromatin remodeling
856847_reviewed	cellular response to heat
850692_reviewed	cellular hyperosmotic response
850436_reviewed	p38MAPK cascade
852790_reviewed	double-strand break repair via nonhomologous end joining
854166_reviewed	cell division
856208_reviewed	protein ubiquitination
851721_reviewed	nuclear protein quality control by the ubiquitin-proteasome system
855036_reviewed	chromatin organization
856837_reviewed	ERAD pathway
850572_reviewed	glycogen biosynthetic process
851802_reviewed	cellular response to ethanol
851440_reviewed	mitotic cytokinetic process
852984_reviewed	exit from mitosis
851994_reviewed	DNA catabolic process
852395_reviewed	DNA damage response
851834_reviewed	G1/S transition of mitotic cell cycle
852214_reviewed	DNA-templated transcription
855674_reviewed	fungal-type cell wall organization or biogenesis
852265_reviewed	cell division
853513_reviewed	cell division
854066_reviewed	double-strand break repair via homologous recombination
854387_reviewed	chemotropism
856394_reviewed	G protein-coupled receptor signaling pathway
851706_reviewed	cellular response to amino acid starvation
856647_reviewed	cellular response to amino acid starvation
854550_reviewed	DNA damage checkpoint signaling
854093_reviewed	5-phosphoribose 1-diphosphate biosynthetic process
855522_reviewed	negative regulation of transcription by RNA polymerase II
856375_reviewed	5-phosphoribose 1-diphosphate biosynthetic process
856836_reviewed	5-phosphoribose 1-diphosphate biosynthetic process
850962_reviewed	glycogen biosynthetic process
852782_reviewed	cell division
852881_reviewed	anaphase-promoting complex-dependent catabolic process
856514_reviewed	actin filament organization
854183_reviewed	cellular response to glucose stimulus
854441_reviewed	intracellular monoatomic ion homeostasis
851327_reviewed	DNA alkylation repair
854507_reviewed	cortical actin cytoskeleton organization
852719_reviewed	cellular response to oxidative stress
851594_reviewed	DNA repair
851860_reviewed	iron-sulfur cluster assembly
855631_reviewed	endocytosis
854744_reviewed	deoxyribonucleotide biosynthetic process
856801_reviewed	deoxyribonucleotide biosynthetic process
853957_reviewed	cellular response to heat
852101_reviewed	cell integrity MAPK cascade
850703_reviewed	maintenance of RNA location
852701_reviewed	maintenance of RNA location
855636_reviewed	CENP-A containing chromatin assembly
851666_reviewed	DNA damage tolerance
851030_reviewed	cell division
856559_reviewed	DNA double-strand break attachment to nuclear envelope
853400_reviewed	cell division
852494_reviewed	chromatin organization
855972_reviewed	cytoplasmic translation
856574_reviewed	endonucleolytic cleavage in 5'-ETS of tricistronic rRNA transcript (SSU-rRNA, 5.8S rRNA, LSU-rRNA)
851163_reviewed	DNA replication initiation
853475_reviewed	negative regulation of transcription by RNA polymerase II
853976_reviewed	heterochromatin formation
855495_reviewed	endocytosis
856289_reviewed	glycogen catabolic process
853313_reviewed	actin filament organization
851740_reviewed	fungal-type cell wall organization or biogenesis
856515_reviewed	cellular bud neck septin ring organization
855607_reviewed	cellular bud neck septin ring organization
851216_reviewed	intracellular signal transduction
855144_reviewed	cell division
856738_reviewed	cell division
854156_reviewed	chromatin organization
854206_reviewed	autophagy
853876_reviewed	cellular response to amino acid stimulus
852369_reviewed	endocytic recycling
850485_reviewed	amino acid metabolic process
855120_reviewed	'de novo' pyridoxal 5'-phosphate biosynthetic process
855383_reviewed	amino acid metabolic process
855382_reviewed	L-glutamine catabolic process
852819_reviewed	attachment of spindle microtubules to kinetochore
853909_reviewed	attachment of spindle microtubules to kinetochore
852638_reviewed	cyanamide metabolic process
852723_reviewed	lysine biosynthetic process via aminoadipic acid
851091_reviewed	DNA recombinase assembly
854674_reviewed	DNA recombinase assembly
852573_reviewed	TORC2 signaling
852676_reviewed	endoplasmic reticulum to Golgi vesicle-mediated transport
851657_reviewed	protein secretion
851034_reviewed	ER-dependent peroxisome organization
852090_reviewed	ER-dependent peroxisome organization
853654_reviewed	5-phosphoribose 1-diphosphate biosynthetic process
855048_reviewed	actin filament bundle assembly
856887_reviewed	protein deubiquitination
855463_reviewed	endoplasmic reticulum to Golgi vesicle-mediated transport
852732_reviewed	autophagy
852715_reviewed	vesicle-mediated transport
851039_reviewed	NAD+ biosynthetic process
852893_reviewed	NAD+ biosynthetic process
853016_reviewed	mRNA transport
855339_reviewed	actin filament-based movement
856530_reviewed	actin filament-based movement
856576_reviewed	autophagosome assembly
855741_reviewed	autophagosome assembly
854810_reviewed	proteasome regulatory particle assembly
853304_reviewed	glycogen biosynthetic process
853566_reviewed	ATP export
856105_reviewed	ATP export
852952_reviewed	'de novo' IMP biosynthetic process
851102_reviewed	1-phosphatidyl-1D-myo-inositol 3,5-bisphosphate metabolic process
856315_reviewed	autophagosome assembly
852695_reviewed	autophagosome assembly
855954_reviewed	aggrephagy
851683_reviewed	actin filament-based movement
855077_reviewed	cell division
856458_reviewed	Cdc42 protein signal transduction
854191_reviewed	mitotic DNA integrity checkpoint signaling
851306_reviewed	cell division
851655_reviewed	negative regulation of telomere maintenance via telomerase
853422_reviewed	cell division
851420_reviewed	actin filament organization
851545_reviewed	cell division
850790_reviewed	ergosterol biosynthetic process
850819_reviewed	protein neddylation
851083_reviewed	mitochondrial fusion
852643_reviewed	homologous chromosome pairing at meiosis
850361_reviewed	carbohydrate metabolic process
851191_reviewed	cell division
855680_reviewed	actin cytoskeleton organization
854850_reviewed	allantoin catabolic process
856926_reviewed	chromosome organization involved in meiotic cell cycle
854656_reviewed	DNA replication initiation
856736_reviewed	2-micrometer plasmid partitioning
851787_reviewed	DNA recombination
854352_reviewed	fatty acid beta-oxidation
850990_reviewed	fatty acid beta-oxidation
852474_reviewed	pantothenate biosynthetic process
853589_reviewed	actin cytoskeleton organization
854278_reviewed	nucleotide metabolic process
853434_reviewed	establishment of mitotic sister chromatid cohesion
851059_reviewed	fructose 2,6-bisphosphate metabolic process
856035_reviewed	Golgi to endosome transport
854557_reviewed	glutamate biosynthetic process
855297_reviewed	mRNA export from nucleus
855488_reviewed	actin cytoskeleton organization
852334_reviewed	ascospore wall assembly
854822_reviewed	actin cortical patch assembly
852809_reviewed	cardiolipin metabolic process
854918_reviewed	cellular response to amino acid stimulus
853334_reviewed	maintenance of protein location in nucleus
856852_reviewed	DNA damage response
855900_reviewed	glycerol biosynthetic process
854537_reviewed	aerobic respiration
856591_reviewed	ascospore wall assembly
852683_reviewed	meiotic cell cycle
851701_reviewed	phospholipid biosynthetic process
851580_reviewed	inositol phosphate biosynthetic process
851700_reviewed	exocytosis
852049_reviewed	homologous chromosome segregation
850447_reviewed	attachment of mitotic spindle microtubules to kinetochore
852948_reviewed	cellular response to amino acid stimulus
853854_reviewed	DNA-templated transcription
856159_reviewed	attachment of spindle microtubules to kinetochore
851935_reviewed	protein export from nucleus
851724_reviewed	exit from mitosis
854977_reviewed	mRNA transport
851470_reviewed	cell division
855184_reviewed	cell division
855929_reviewed	actin filament-based movement
854662_reviewed	attachment of mitotic spindle microtubules to kinetochore
850974_reviewed	cellular response to starvation
854085_reviewed	attachment of mitotic spindle microtubules to kinetochore
856842_reviewed	mRNA transport
852703_reviewed	amyloid fibril formation
854443_reviewed	cell division
850956_reviewed	cell division
852743_reviewed	glycogen metabolic process
851430_reviewed	cell cycle G1/S phase transition
856565_reviewed	protein import into peroxisome matrix
853154_reviewed	protein import into peroxisome matrix
852657_reviewed	positive regulation of macroautophagy
855882_reviewed	glycogen metabolic process
851375_reviewed	cell division
855970_reviewed	cell wall organization
852169_reviewed	cellular bud neck septin ring organization
851648_reviewed	DNA recombinase assembly
856294_reviewed	(1->3)-beta-D-glucan biosynthetic process
853929_reviewed	actin filament organization
853556_reviewed	meiotic cell cycle
853428_reviewed	nucleolar large rRNA transcription by RNA polymerase I
852269_reviewed	nucleolar large rRNA transcription by RNA polymerase I
850392_reviewed	retrograde transport, endosome to Golgi
854071_reviewed	macroautophagy
852405_reviewed	actin cortical patch assembly
852700_reviewed	DNA catabolic process
852622_reviewed	G1/S transition of mitotic cell cycle
851314_reviewed	COPII-coated vesicle budding
852121_reviewed	amino acid transmembrane transport
850921_reviewed	protein ubiquitination
856167_reviewed	ascospore wall assembly
850515_reviewed	G2/M transition of mitotic cell cycle
855121_reviewed	amino acid metabolic process
850484_reviewed	pyridoxal phosphate biosynthetic process
851782_reviewed	attachment of spindle microtubules to kinetochore
856364_reviewed	homologous chromosome pairing at meiosis
851804_reviewed	actomyosin contractile ring assembly
850771_reviewed	nucleobase-containing compound metabolic process
856590_reviewed	ascospore wall assembly
850325_reviewed	establishment of cell polarity
853936_reviewed	transcription by RNA polymerase II
853017_reviewed	cytoplasm to vacuole targeting by the Cvt pathway
853047_reviewed	thiamine biosynthetic process
855273_reviewed	nucleolar large rRNA transcription by RNA polymerase I
856692_reviewed	'de novo' pyrimidine nucleobase biosynthetic process
855746_reviewed	CTP salvage
851583_reviewed	CTP salvage
852660_reviewed	amphisome-lysosome fusion
854273_reviewed	amphisome-lysosome fusion
855458_reviewed	endoplasmic reticulum to Golgi vesicle-mediated transport
855830_reviewed	proteolysis
856457_reviewed	vacuolar acidification
851168_reviewed	endosomal lumen acidification
854300_reviewed	endocytic recycling
854235_reviewed	endocytic recycling
851135_reviewed	ATP export
852341_reviewed	positive regulation of ferroptosis
851596_reviewed	positive regulation of ferroptosis
852529_reviewed	DNA-templated DNA replication
850826_reviewed	DNA damage response
854701_reviewed	actin cytoskeleton organization
850360_reviewed	positive regulation of ferroptosis
851497_reviewed	protein import into nucleus
850787_reviewed	amino acid catabolic process
851469_reviewed	maintenance of rDNA
851445_reviewed	autophagy of mitochondrion
853416_reviewed	autophagy of mitochondrion
851324_reviewed	fungal-type cell wall organization
852949_reviewed	axial cellular bud site selection
851359_reviewed	ascospore wall assembly
854062_reviewed	ascospore-type prospore membrane formation
851590_reviewed	rDNA heterochromatin formation
851688_reviewed	chromatin organization
851621_reviewed	intracellular sterol transport
850603_reviewed	(1->6)-beta-D-glucan biosynthetic process
856287_reviewed	(1->6)-beta-D-glucan biosynthetic process
850608_reviewed	'de novo' NAD+ biosynthetic process from L-tryptophan
852830_reviewed	endoplasmic reticulum to Golgi vesicle-mediated transport
851284_reviewed	protein transport
852908_reviewed	tRNA modification
852960_reviewed	ubiquitin-dependent endocytosis
853020_reviewed	negative regulation of transcription by RNA polymerase II
856505_reviewed	protein localization to endosome
852504_reviewed	cell wall mannoprotein biosynthetic process
856511_reviewed	cell budding
853399_reviewed	ERAD pathway
853332_reviewed	mitochondrial fission
853481_reviewed	L-methionine salvage from methylthioadenosine
853535_reviewed	mitotic sister chromatid cohesion
850944_reviewed	mitotic sister chromatid cohesion
854436_reviewed	establishment of mitotic sister chromatid cohesion
853601_reviewed	cellular response to heat
853834_reviewed	chromatin organization
852273_reviewed	clathrin-coated vesicle cargo loading, AP-1-mediated
850677_reviewed	actin filament-based movement
855806_reviewed	protein monoubiquitination
850669_reviewed	alkanesulfonate catabolic process
851025_reviewed	attachment of spindle microtubules to kinetochore
853465_reviewed	apoptotic process
855090_reviewed	establishment or maintenance of actin cytoskeleton polarity
855250_reviewed	medium-chain fatty acid biosynthetic process
855360_reviewed	protein urmylation
854212_reviewed	glucose metabolic process
853869_reviewed	cysteine biosynthetic process
854038_reviewed	cell morphogenesis involved in conjugation with cellular fusion
854168_reviewed	post-translational protein targeting to endoplasmic reticulum membrane
854306_reviewed	positive regulation of protein autoubiquitination
855633_reviewed	negative regulation of translation
854201_reviewed	cytoplasm to vacuole targeting by the Cvt pathway
856220_reviewed	cytoplasm to vacuole targeting by the Cvt pathway
851737_reviewed	actin filament-based process
852001_reviewed	chromatin organization
854082_reviewed	cellular bud site selection
854843_reviewed	anaphase-promoting complex-dependent catabolic process
854423_reviewed	anaphase-promoting complex-dependent catabolic process
853814_reviewed	cell division
854773_reviewed	deadenylation-dependent decapping of nuclear-transcribed mRNA
851554_reviewed	anaphase-promoting complex-dependent catabolic process
851696_reviewed	anaphase-promoting complex-dependent catabolic process
850792_reviewed	anaphase-promoting complex-dependent catabolic process
851741_reviewed	mRNA cis splicing, via spliceosome
855204_reviewed	kinetochore assembly
850768_reviewed	G1/S transition of mitotic cell cycle
855512_reviewed	'de novo' cotranslational protein folding
854319_reviewed	mRNA splicing, via spliceosome
854904_reviewed	cytoplasm to vacuole targeting by the Cvt pathway
856901_reviewed	autophagy
852879_reviewed	cytoplasm to vacuole targeting by the Cvt pathway
852649_reviewed	cytoplasm to vacuole targeting by the Cvt pathway
855687_reviewed	cytoplasm to vacuole targeting by the Cvt pathway
855676_reviewed	cytoplasm to vacuole targeting by the Cvt pathway
853576_reviewed	attachment of spindle microtubules to kinetochore
852787_reviewed	homologous chromosome orientation in meiotic metaphase I
850764_reviewed	cytoplasmic translation
856217_reviewed	cytoplasmic translation
853674_reviewed	cleavage in ITS2 between 5.8S rRNA and LSU-rRNA of tricistronic rRNA transcript (SSU-rRNA, 5.8S rRNA, LSU-rRNA)
851636_reviewed	cytoplasmic translation
854939_reviewed	cytoplasmic translation
855543_reviewed	cytoplasmic translation
852487_reviewed	maturation of SSU-rRNA from tricistronic rRNA transcript (SSU-rRNA, 5.8S rRNA, LSU-rRNA)
853851_reviewed	mRNA 3'-end processing
855967_reviewed	chromosome segregation
852612_reviewed	cell division
853630_reviewed	tRNA export from nucleus
854357_reviewed	nucleus organization
854655_reviewed	nuclear-transcribed mRNA catabolic process, nonsense-mediated decay
851905_reviewed	mitotic cell cycle
855892_reviewed	attachment of meiotic spindle microtubules to kinetochore
853551_reviewed	apoptotic process
852453_reviewed	activation of protein kinase activity
854673_reviewed	cytoplasmic translation
854844_reviewed	ascospore wall assembly
853587_reviewed	cytoplasmic translation
854263_reviewed	cytoplasmic translation
856024_reviewed	maturation of SSU-rRNA from tricistronic rRNA transcript (SSU-rRNA, 5.8S rRNA, LSU-rRNA)
851162_reviewed	cytoplasmic translation
851403_reviewed	endonucleolytic cleavage in 5'-ETS of tricistronic rRNA transcript (SSU-rRNA, 5.8S rRNA, LSU-rRNA)
855611_reviewed	alternative mRNA splicing, via spliceosome
850636_reviewed	cellular response to starvation
852724_reviewed	protein import into peroxisome matrix, docking
851858_reviewed	proteasome-mediated ubiquitin-dependent protein catabolic process
855041_reviewed	proteasome-mediated ubiquitin-dependent protein catabolic process
850888_reviewed	protein import into peroxisome matrix, docking
855507_reviewed	protein import into peroxisome matrix, docking
851831_reviewed	protein import into peroxisome matrix
852968_reviewed	protein import into peroxisome matrix
853219_reviewed	protein import into peroxisome matrix
851531_reviewed	mRNA 5'-splice site recognition
850624_reviewed	cleavage in ITS2 between 5.8S rRNA and LSU-rRNA of tricistronic rRNA transcript (SSU-rRNA, 5.8S rRNA, LSU-rRNA)
853937_reviewed	cleavage in ITS2 between 5.8S rRNA and LSU-rRNA of tricistronic rRNA transcript (SSU-rRNA, 5.8S rRNA, LSU-rRNA)
856453_reviewed	chromatin remodeling
855998_reviewed	autophagy
850633_reviewed	cellular heat acclimation
853161_reviewed	DNA-templated transcription initiation
852947_reviewed	chromatin remodeling
855055_reviewed	cellular response to pheromone
856201_reviewed	DNA-templated transcription initiation
855665_reviewed	chromatin remodeling
852228_reviewed	DNA-templated transcription
851645_reviewed	chromatin remodeling
854431_reviewed	cell division
852532_reviewed	chromatin remodeling
854966_reviewed	chromatin remodeling
853773_reviewed	attachment of mitotic spindle microtubules to kinetochore
853817_reviewed	2-micrometer plasmid partitioning
850774_reviewed	chromatin remodeling
850405_reviewed	axial cellular bud site selection
853283_reviewed	cell division
853244_reviewed	cell division
856682_reviewed	iron-sulfur cluster assembly
854407_reviewed	intracellular protein transport
850585_reviewed	autophagy of mitochondrion
851803_reviewed	DNA damage checkpoint signaling
851680_reviewed	invasive growth in response to glucose limitation
854790_reviewed	intracellular protein transport
853746_reviewed	base-excision repair
853692_reviewed	fungal-type cell wall organization
851400_reviewed	cell division
855860_reviewed	inositol phosphate biosynthetic process
851049_reviewed	hyperosmotic response
852325_reviewed	cell redox homeostasis
854622_reviewed	aerobic respiration
850935_reviewed	DNA recombination
855407_reviewed	G1/S transition of mitotic cell cycle
851658_reviewed	actin cytoskeleton organization
854697_reviewed	COPII-coated vesicle cargo loading
855834_reviewed	mitotic actomyosin contractile ring assembly
855574_reviewed	post-chaperonin tubulin folding pathway
854889_reviewed	homologous chromosome segregation
852455_reviewed	cell division
853729_reviewed	actin cortical patch localization
851148_reviewed	actin cortical patch localization
855157_reviewed	regulation of DNA-templated transcription
851762_reviewed	subtelomeric heterochromatin formation
854388_reviewed	chromatin remodeling
852275_reviewed	chromatin organization
854203_reviewed	chromatin organization
852989_reviewed	actin cytoskeleton organization
851406_reviewed	autophagosome assembly
851151_reviewed	cytoplasm to vacuole targeting by the Cvt pathway
854076_reviewed	establishment or maintenance of actin cytoskeleton polarity
855726_reviewed	establishment or maintenance of actin cytoskeleton polarity
854666_reviewed	axial cellular bud site selection
853974_reviewed	positive regulation of transcription by RNA polymerase II
851452_reviewed	cell differentiation
854555_reviewed	astral microtubule organization
854373_reviewed	cellular response to glucose starvation
855859_reviewed	establishment of spindle localization
855787_reviewed	negative regulation of mitophagy
856895_reviewed	negative regulation of mitophagy
852180_reviewed	cell division
850589_reviewed	cell division
850775_reviewed	cell division
853100_reviewed	macroautophagy
852794_reviewed	activation of mitotic cell cycle spindle assembly checkpoint
853554_reviewed	axial cellular bud site selection
853908_reviewed	mitochondrial fission
852018_reviewed	chromosome segregation
851691_reviewed	cell division
852697_reviewed	intracellular mRNA localization
851624_reviewed	cell division
855418_reviewed	cellular bud site selection
850793_reviewed	DNA replication
850297_reviewed	cellular response to osmotic stress
855448_reviewed	DNA repair
852765_reviewed	DNA replication
853504_reviewed	cell division
855238_reviewed	karyogamy involved in conjugation with cellular fusion
856263_reviewed	cell division
856237_reviewed	cell division
855524_reviewed	cell wall organization or biogenesis
851623_reviewed	cell division
854211_reviewed	mRNA export from nucleus
856548_reviewed	dTMP biosynthetic process
853381_reviewed	chromatin remodeling
853355_reviewed	DNA replication checkpoint signaling
852650_reviewed	deadenylation-dependent decapping of nuclear-transcribed mRNA
856070_reviewed	'de novo' cotranslational protein folding
856600_reviewed	'de novo' cotranslational protein folding
850400_reviewed	fatty acid elongation
851547_reviewed	sphingolipid metabolic process
851087_reviewed	fatty acid biosynthetic process
854198_reviewed	DNA double-strand break processing
854495_reviewed	long-chain fatty acid import into cell
852329_reviewed	long-chain fatty acid import into cell
855288_reviewed	long-chain fatty acid import into cell
855656_reviewed	chromatin remodeling
854554_reviewed	G2/M transition of mitotic cell cycle
851979_reviewed	regulation of signal transduction
852477_reviewed	intracellular distribution of mitochondria
854386_reviewed	cristae formation
854350_reviewed	glycogen biosynthetic process
851572_reviewed	galactose metabolic process
854954_reviewed	galactose metabolic process
855663_reviewed	tRNA methylation
853317_reviewed	tRNA methylation
856478_reviewed	endoplasmic reticulum unfolded protein response
855555_reviewed	protein localization to cell division site
855171_reviewed	cellular response to glucose starvation
852340_reviewed	cellular response to glucose stimulus
853901_reviewed	vesicle-mediated transport
853488_reviewed	actin cytoskeleton organization
856741_reviewed	adenylate cyclase-activating G protein-coupled receptor signaling pathway
851527_reviewed	adenylate cyclase-activating G protein-coupled receptor signaling pathway
851432_reviewed	nucleotide metabolic process
852480_reviewed	cellular response to osmotic stress
854738_reviewed	activation of reciprocal meiotic recombination
850968_reviewed	homologous chromosome pairing at meiosis
852850_reviewed	homologous chromosome pairing at meiosis
852692_reviewed	homologous chromosome pairing at meiosis
852639_reviewed	D-glucose import
850741_reviewed	chromatin remodeling
853418_reviewed	detection of unfolded protein
850784_reviewed	chromatin remodeling
855061_reviewed	chromatin remodeling
855822_reviewed	ERAD pathway
850734_reviewed	establishment or maintenance of microtubule cytoskeleton polarity
853144_reviewed	cell wall organization
856680_reviewed	DNA replication
852501_reviewed	DNA replication
854153_reviewed	aminophospholipid transport
850654_reviewed	aminophospholipid transport
854533_reviewed	meiotic cell cycle
855934_reviewed	mRNA export from nucleus
852848_reviewed	negative regulation of transcription by RNA polymerase II
850722_reviewed	meiotic mismatch repair
855939_reviewed	meiotic mismatch repair
853256_reviewed	cell wall mannoprotein biosynthetic process
856675_reviewed	cell wall mannoprotein biosynthetic process
851533_reviewed	chromosome segregation
853824_reviewed	regulation of microtubule nucleation
851401_reviewed	chiasma assembly
850545_reviewed	reciprocal meiotic recombination
851870_reviewed	D-glucose transmembrane transport
853828_reviewed	glucose metabolic process
853433_reviewed	actin cytoskeleton organization
854331_reviewed	protein import into nucleus
853649_reviewed	mRNA export from nucleus
854200_reviewed	actin cytoskeleton organization
851213_reviewed	protein histidyl modification to diphthamide
854427_reviewed	mitotic sister chromatid cohesion
852871_reviewed	cellular response to xenobiotic stimulus
854021_reviewed	maturation of LSU-rRNA from tricistronic rRNA transcript (SSU-rRNA, 5.8S rRNA, LSU-rRNA)
855538_reviewed	negative regulation of endocytosis
852358_reviewed	cell adhesion involved in single-species biofilm formation
850782_reviewed	intracellular protein transport
854252_reviewed	protein N-linked glycosylation
856566_reviewed	clathrin coat assembly
856892_reviewed	bipolar cellular bud site selection
850639_reviewed	bipolar cellular bud site selection
851494_reviewed	ER-dependent peroxisome organization
851929_reviewed	ER-dependent peroxisome organization
854646_reviewed	fatty acid beta-oxidation
854161_reviewed	intracellular monoatomic cation homeostasis
853500_reviewed	base-excision repair
854383_reviewed	cellular hyperosmotic response
850719_reviewed	DNA damage tolerance
853174_reviewed	nucleotide-excision repair
856009_reviewed	ERAD pathway
854663_reviewed	nucleotide-excision repair
855505_reviewed	establishment of protein localization to chromatin
856030_reviewed	negative regulation of transcription by RNA polymerase II
851784_reviewed	protein transport
851040_reviewed	meiotic DNA double-strand break formation
856562_reviewed	meiotic DNA double-strand break formation
854453_reviewed	mitotic cell cycle
855725_reviewed	cellular response to heat
855661_reviewed	'de novo' protein folding
853091_reviewed	deoxyribonucleotide biosynthetic process
852733_reviewed	lipid catabolic process
853734_reviewed	transcription initiation at RNA polymerase I promoter
851742_reviewed	exocytosis
855844_reviewed	ascospore formation
852892_reviewed	exocytosis
855221_reviewed	ascospore-type prospore assembly
852618_reviewed	exocytosis
850973_reviewed	endoplasmic reticulum to Golgi vesicle-mediated transport
852109_reviewed	protein transport
850713_reviewed	endoplasmic reticulum to Golgi vesicle-mediated transport
851095_reviewed	ERAD pathway
856144_reviewed	establishment of cell polarity
854935_reviewed	endoplasmic reticulum to Golgi vesicle-mediated transport
855237_reviewed	amphisome-lysosome fusion
853356_reviewed	negative regulation of invasive growth in response to glucose limitation
854653_reviewed	autophagy
856613_reviewed	cellular response to oxidative stress
855554_reviewed	cellular response to osmotic stress
853226_reviewed	early endosome to Golgi transport
852780_reviewed	protein transport
854242_reviewed	endoplasmic reticulum membrane fusion
852805_reviewed	karyogamy
853298_reviewed	intracellular protein transport
855751_reviewed	intracellular protein transport
850518_reviewed	cytogamy
856382_reviewed	bipolar cellular bud site selection
850696_reviewed	negative regulation of telomere maintenance
851219_reviewed	Golgi to endosome transport
850694_reviewed	intracellular protein transport
854472_reviewed	apoptotic process
851309_reviewed	protein insertion into mitochondrial inner membrane
853392_reviewed	protein insertion into mitochondrial inner membrane
852973_reviewed	intracellular protein transport
855592_reviewed	intracellular protein transport
853750_reviewed	regulation of transcription by RNA polymerase II
853859_reviewed	free ubiquitin chain polymerization
852081_reviewed	mitochondrial fusion
851320_reviewed	mRNA export from nucleus
856476_reviewed	cytoplasmic RNA surveillance
852963_reviewed	cytoplasmic RNA surveillance
851923_reviewed	Golgi to endosome transport
855392_reviewed	1-phosphatidyl-1D-myo-inositol 3,5-bisphosphate metabolic process
850296_reviewed	vacuole inheritance
856702_reviewed	autophagosome assembly
855842_reviewed	endosomal lumen acidification
854444_reviewed	cellular hyperosmotic response
855101_reviewed	ATP export
853825_reviewed	ATP export
850349_reviewed	ATP export
856040_reviewed	ATP export
850810_reviewed	ATP export
853868_reviewed	ATP export
853393_reviewed	endocytic recycling
851925_reviewed	cell division
850977_reviewed	cell division
853082_reviewed	endoplasmic reticulum to Golgi vesicle-mediated transport
854230_reviewed	chromatin organization
855496_reviewed	cell division
852428_reviewed	autophagosome maturation
856737_reviewed	mitochondrial protein processing
855114_reviewed	mitochondrial protein processing
851110_reviewed	double-strand break repair via homologous recombination
851567_reviewed	DNA recombinase assembly
851879_reviewed	double-strand break repair via homologous recombination
855820_reviewed	mitotic spindle pole body localization
850767_reviewed	endoplasmic reticulum to Golgi vesicle-mediated transport
852753_reviewed	autophagosome maturation
854347_reviewed	heme biosynthetic process
850657_reviewed	cell division
851028_reviewed	telomere maintenance via telomerase
853796_reviewed	membraneless organelle assembly
850900_reviewed	mitochondrial respiratory chain complex IV assembly
854598_reviewed	aerobic respiration
856844_reviewed	nuclear pore localization
854531_reviewed	microtubule cytoskeleton organization
850594_reviewed	cellular response to phosphate starvation
851761_reviewed	chromatin looping
856890_reviewed	cell division
853359_reviewed	exocyst assembly
856354_reviewed	endoplasmic reticulum to Golgi vesicle-mediated transport
851957_reviewed	gamma-tubulin complex localization to nuclear side of mitotic spindle pole body
852035_reviewed	autophagy of mitochondrion
855979_reviewed	mitotic spindle pole body duplication
853848_reviewed	cellular response to cold
850878_reviewed	late endosome to vacuole transport
852097_reviewed	late endosome to vacuole transport via multivesicular body sorting pathway
855683_reviewed	endoplasmic reticulum to Golgi vesicle-mediated transport
855412_reviewed	endoplasmic reticulum inheritance
855828_reviewed	DNA-templated transcription
855355_reviewed	filamentous growth
853789_reviewed	post-translational protein targeting to membrane, translocation
855602_reviewed	intracellular protein transport
854745_reviewed	apoptotic process
856898_reviewed	mitochondrial proton-transporting ATP synthase complex assembly
852014_reviewed	mitochondrial translation
855669_reviewed	apoptotic process
853741_reviewed	vacuolar acidification
854876_reviewed	Golgi to endosome transport
856807_reviewed	cellular hyperosmotic response
855711_reviewed	actin cortical patch assembly
856240_reviewed	axial cellular bud site selection
851746_reviewed	cell division
851904_reviewed	Cdc42 protein signal transduction
850496_reviewed	endoplasmic reticulum to Golgi vesicle-mediated transport
852397_reviewed	cytoplasm protein quality control by the ubiquitin-proteasome system
855272_reviewed	conjugation with cellular fusion
856709_reviewed	amino acid biosynthetic process
856508_reviewed	Golgi to endosome transport
853077_reviewed	clathrin coat assembly
856763_reviewed	negative regulation of transcription by RNA polymerase II
851173_reviewed	cellular response to pheromone
851243_reviewed	ascospore formation
854474_reviewed	GCN2-mediated signaling
856130_reviewed	DNA replication
851613_reviewed	cell adhesion involved in single-species biofilm formation
855427_reviewed	cell division
854992_reviewed	intracellular protein localization
854302_reviewed	negative regulation of Rho protein signal transduction
851997_reviewed	negative regulation of Rho protein signal transduction
854964_reviewed	nucleolar large rRNA transcription by RNA polymerase I
855883_reviewed	endoplasmic reticulum to Golgi vesicle-mediated transport
853104_reviewed	amino acid transmembrane transport
856854_reviewed	establishment of cell polarity
853912_reviewed	amino acid transmembrane transport
854126_reviewed	SRP-dependent cotranslational protein targeting to membrane, translocation
854276_reviewed	endocytosis
855031_reviewed	ascospore-type prospore assembly
853453_reviewed	Golgi to endosome transport
856722_reviewed	CTP metabolic process
856140_reviewed	endoplasmic reticulum inheritance
852458_reviewed	glycosphingolipid biosynthetic process
852324_reviewed	endoplasmic reticulum calcium ion homeostasis
853338_reviewed	intracellular signal transduction
852066_reviewed	intracellular monoatomic cation homeostasis
852171_reviewed	autophagy of mitochondrion
854525_reviewed	positive regulation of glycolytic process
854796_reviewed	nuclear pore organization
851369_reviewed	'de novo' cotranslational protein folding
853770_reviewed	axial cellular bud site selection
851372_reviewed	actin filament organization
855449_reviewed	ascospore-type prospore membrane formation
855440_reviewed	protein folding
854369_reviewed	positive regulation of transcription by RNA polymerase II
851363_reviewed	osmosensory signaling via phosphorelay pathway
854659_reviewed	osmosensory signaling via phosphorelay pathway
853523_reviewed	cellular response to methionine
855060_reviewed	arginine metabolic process
850454_reviewed	DNA recombination
851456_reviewed	base-excision repair, gap-filling
853462_reviewed	base-excision repair
855054_reviewed	copper ion transport
850822_reviewed	G1/S transition of mitotic cell cycle
855689_reviewed	DNA-templated transcription open complex formation
854647_reviewed	actin filament bundle assembly
851029_reviewed	actin filament bundle assembly
853783_reviewed	cytoskeleton-dependent intracellular transport
855533_reviewed	cell division
852577_reviewed	DNA damage checkpoint signaling
853788_reviewed	mRNA branch site recognition
855218_reviewed	7-methylguanosine mRNA capping
853041_reviewed	chromosome segregation
851774_reviewed	mRNA export from nucleus in response to heat stress
851751_reviewed	cytoskeleton organization
852868_reviewed	nuclear export
854851_reviewed	cellular response to cobalt ion
855785_reviewed	ascospore-type prospore membrane formation
854327_reviewed	chromosome segregation
854114_reviewed	base-excision repair
856468_reviewed	cell division
852667_reviewed	fatty acid beta-oxidation
852713_reviewed	chromatin remodeling
855320_reviewed	regulation of transcription by RNA polymerase II
854688_reviewed	actin filament organization
855312_reviewed	nucleolar large rRNA transcription by RNA polymerase I
854307_reviewed	negative regulation of invasive growth in response to glucose limitation
853315_reviewed	DNA repair
855217_reviewed	rDNA heterochromatin formation
854192_reviewed	intracellular protein localization
853097_reviewed	tyrosyl-tRNA aminoacylation
852110_reviewed	chromatin organization
852714_reviewed	cellular response to starvation
850873_reviewed	negative regulation of transcription by RNA polymerase II
854188_reviewed	chromatin remodeling
855117_reviewed	actin filament depolymerization
851753_reviewed	arginine metabolic process
855059_reviewed	arginine metabolic process
854406_reviewed	cell integrity MAPK cascade
852193_reviewed	actin filament organization
853043_reviewed	amino acid transport
855323_reviewed	DNA-templated transcription
854834_reviewed	cysteine biosynthetic process
850306_reviewed	fungal-type cell wall organization
850516_reviewed	regulation of transcription by RNA polymerase II
854294_reviewed	actin filament organization
852311_reviewed	ascospore wall assembly
852218_reviewed	chitin biosynthetic process
854296_reviewed	actin cortical patch localization
856482_reviewed	G2/M transition of mitotic cell cycle
852249_reviewed	cell division
851338_reviewed	galactose metabolic process
854922_reviewed	3'-UTR-mediated mRNA stabilization
854553_reviewed	glucose mediated signaling pathway
856293_reviewed	cell division
853546_reviewed	adaptation of signaling pathway by response to pheromone involved in conjugation with cellular fusion
853904_reviewed	negative regulation of transcription by RNA polymerase II
856886_reviewed	positive regulation of DNA replication
852365_reviewed	DNA geometric change
855535_reviewed	DNA replication, Okazaki fragment processing
852951_reviewed	ergosterol biosynthetic process
852883_reviewed	ergosterol biosynthetic process
851965_reviewed	double-strand break repair via homologous recombination
852308_reviewed	carbohydrate phosphorylation
850521_reviewed	5S class rRNA transcription by RNA polymerase III
854766_reviewed	regulation of glycogen biosynthetic process
852806_reviewed	cellular response to heat
853372_reviewed	ERAD pathway
854193_reviewed	hyperosmotic response
850970_reviewed	double-strand break repair via nonhomologous end joining
851358_reviewed	actin cytoskeleton organization
856277_reviewed	negative regulation of Arp2/3 complex-mediated actin nucleation
850323_reviewed	actin cortical patch localization
855035_reviewed	intracellular copper ion homeostasis
855409_reviewed	ascospore formation
851193_reviewed	glycolytic process
853994_reviewed	gluconeogenesis
853478_reviewed	meiotic DNA double-strand break formation
856768_reviewed	DNA recombination
856069_reviewed	negative regulation of transcription by RNA polymerase II
851840_reviewed	negative regulation of transcription by RNA polymerase II
851333_reviewed	carbohydrate transport
851180_reviewed	spindle pole body duplication
852322_reviewed	chromatin remodeling
853089_reviewed	cellular response to glucose starvation
852533_reviewed	regulation of gene expression
853157_reviewed	clathrin coat assembly
853137_reviewed	Group I intron splicing
856897_reviewed	mitochondrial respiratory chain complex IV assembly
854018_reviewed	medium-chain fatty acid transport
855991_reviewed	peroxisome fission
853961_reviewed	generation of catalytic spliceosome for second transesterification step
855981_reviewed	nucleotide-excision repair
855163_reviewed	meiotic DNA double-strand break formation
855634_reviewed	actin filament organization
856016_reviewed	cellular response to heat
854469_reviewed	endonucleolytic cleavage in ITS1 to separate SSU-rRNA from 5.8S rRNA and LSU-rRNA from tricistronic rRNA transcript (SSU-rRNA, 5.8S rRNA, LSU-rRNA)
854828_reviewed	chromosome segregation
850507_reviewed	DNA replication, synthesis of primer
855268_reviewed	methylation
856426_reviewed	DNA repair
855230_reviewed	endoplasmic reticulum to Golgi vesicle-mediated transport
855331_reviewed	mitochondrial RNA catabolic process
852820_reviewed	cellular response to oxidative stress
851008_reviewed	protein targeting to membrane
850795_reviewed	tRNA processing
856022_reviewed	tRNA-type intron splice site recognition and cleavage
855678_reviewed	COPII-coated vesicle cargo loading
855464_reviewed	intracellular sterol transport
851023_reviewed	bipolar cellular bud site selection
850328_reviewed	2-micrometer plasmid partitioning
856579_reviewed	glycolytic process
851018_reviewed	Golgi to plasma membrane protein transport
853164_reviewed	pseudohyphal growth
855417_reviewed	cell division
852466_reviewed	peroxisome organization
854368_reviewed	peroxisome fission
851109_reviewed	mitochondrial proton-transporting ATP synthase complex assembly
854601_reviewed	proton motive force-driven ATP synthesis
852177_reviewed	proton motive force-driven ATP synthesis
856027_reviewed	protein-containing complex assembly
856358_reviewed	ascospore formation
854449_reviewed	invasive growth in response to glucose limitation
856861_reviewed	cell wall organization
854360_reviewed	establishment of cell polarity
856075_reviewed	endocytosis
855423_reviewed	endocytosis
854037_reviewed	establishment of cell polarity
852099_reviewed	establishment of mitotic spindle localization
850836_reviewed	actin cytoskeleton organization
850423_reviewed	cellular response to amino acid starvation
850330_reviewed	cytogamy
851041_reviewed	ascospore wall assembly
856438_reviewed	ergosterol biosynthetic process
854197_reviewed	positive regulation of transcription by RNA polymerase II
855946_reviewed	7-methylguanosine cap hypermethylation
854856_reviewed	glutathione metabolic process
850666_reviewed	glutathione metabolic process
853743_reviewed	chaperone-mediated protein complex assembly
854874_reviewed	arginine metabolic process
854087_reviewed	cellular response to oleic acid
851247_reviewed	cellular response to oleic acid
854545_reviewed	cellular response to oleic acid
854981_reviewed	cell differentiation
850832_reviewed	chromatin organization
851542_reviewed	cellular response to arsenic-containing substance
850406_reviewed	negative regulation of transcription by RNA polymerase II
855302_reviewed	formation of cytoplasmic translation initiation complex
854780_reviewed	chromosome condensation
853880_reviewed	nucleolus organization
854456_reviewed	actin cytoskeleton organization
851371_reviewed	gene conversion at mating-type locus
856115_reviewed	double-strand break repair
853489_reviewed	protein folding
851857_reviewed	negative regulation of pheromone-dependent signal transduction involved in conjugation with cellular fusion
852050_reviewed	DNA damage checkpoint signaling
852262_reviewed	base-excision repair
852028_reviewed	chromosome segregation
855987_reviewed	G1/S transition of mitotic cell cycle
853650_reviewed	chromatin organization
855067_reviewed	DNA repair
852541_reviewed	carbon catabolite activation of transcription
855483_reviewed	peptide pheromone maturation
856352_reviewed	cytoplasmic translation
853262_reviewed	cleavage in ITS2 between 5.8S rRNA and LSU-rRNA of tricistronic rRNA transcript (SSU-rRNA, 5.8S rRNA, LSU-rRNA)
852096_reviewed	chromatin remodeling
851222_reviewed	chromatin remodeling
856323_reviewed	chromatin organization
852876_reviewed	positive regulation of TORC1 signaling
851517_reviewed	mitochondrial translation
853748_reviewed	chromatin remodeling
855648_reviewed	mitochondria-nucleus signaling pathway
854149_reviewed	endoplasmic reticulum unfolded protein response
852593_reviewed	metal ion transport
851960_reviewed	Golgi to endosome transport
854950_reviewed	lactate metabolic process
853538_reviewed	cell wall mannoprotein biosynthetic process
852712_reviewed	protein transport
851074_reviewed	cellular response to potassium ion starvation
850941_reviewed	autophagosome assembly
852394_reviewed	autophagy
854627_reviewed	aerobic respiration
851707_reviewed	actin filament bundle assembly
851437_reviewed	glutathione metabolic process
850530_reviewed	'de novo' protein folding
856099_reviewed	establishment of sister chromatid cohesion
850584_reviewed	chromatin looping
850314_reviewed	positive regulation of endoplasmic reticulum unfolded protein response
854909_reviewed	protein folding in endoplasmic reticulum
850807_reviewed	mRNA cis splicing, via spliceosome
851462_reviewed	ERAD pathway
851210_reviewed	ERAD pathway
853608_reviewed	fungal-type cell wall biogenesis
851587_reviewed	cytoplasmic translation
855691_reviewed	glutamate biosynthetic process
854303_reviewed	glutamate biosynthetic process
852971_reviewed	actin cortical patch organization
855025_reviewed	intracellular distribution of mitochondria
855956_reviewed	ATP transport
853647_reviewed	ATP transport
856470_reviewed	ergosterol biosynthetic process
856602_reviewed	intracellular protein localization
856713_reviewed	endosome organization
850843_reviewed	negative regulation of apoptotic process
855310_reviewed	mRNA splicing, via spliceosome
853906_reviewed	endosome transport via multivesicular body sorting pathway
851641_reviewed	ATP export
850885_reviewed	oligopeptide export from mitochondrion
851731_reviewed	actin filament organization
851256_reviewed	endoplasmic reticulum to Golgi vesicle-mediated transport
855076_reviewed	endosomal lumen acidification
850684_reviewed	autophagy of mitochondrion
853033_reviewed	inner mitochondrial membrane organization
853146_reviewed	mitochondrion inheritance
856754_reviewed	mRNA processing
851918_reviewed	clathrin coat disassembly
854231_reviewed	cellular respiration
853940_reviewed	cellular response to oxidative stress
855511_reviewed	positive regulation of mRNA splicing, via spliceosome
854839_reviewed	Group I intron splicing
852976_reviewed	cytoplasmic translation
852211_reviewed	5-phosphoribose 1-diphosphate biosynthetic process
855089_reviewed	ERAD pathway
852576_reviewed	ERAD pathway
854470_reviewed	chromatin organization
852462_reviewed	cellular response to heat
853959_reviewed	nonfunctional rRNA decay
855731_reviewed	cell division
850769_reviewed	endoplasmic reticulum to Golgi vesicle-mediated transport
856686_reviewed	endocytosis
856421_reviewed	endosomal lumen acidification
850947_reviewed	protein targeting to membrane
854039_reviewed	protein targeting to membrane
851392_reviewed	actin cortical patch assembly
853128_reviewed	cytoplasmic translation
855903_reviewed	cytoplasmic translation
855774_reviewed	maturation of 5.8S rRNA from tricistronic rRNA transcript (SSU-rRNA, 5.8S rRNA, LSU-rRNA)
853534_reviewed	microtubule cytoskeleton organization
856465_reviewed	spermidine metabolic process
855387_reviewed	protein import into peroxisome matrix
854113_reviewed	protein import into peroxisome matrix, receptor recycling
853702_reviewed	protein targeting to ER
851886_reviewed	protein targeting to ER
851817_reviewed	mitochondrial respiratory chain complex IV assembly
854829_reviewed	ribosomal large subunit assembly
856691_reviewed	actin cytoskeleton organization
851207_reviewed	endocytic recycling
853818_reviewed	budding cell bud growth
851832_reviewed	cell budding
854907_reviewed	intracellular sodium ion homeostasis
850829_reviewed	intracellular monoatomic cation homeostasis
853352_reviewed	intracellular potassium ion homeostasis
853966_reviewed	G1/S transition of mitotic cell cycle
856093_reviewed	G1/S transition of mitotic cell cycle
855861_reviewed	cell division
854995_reviewed	ERAD pathway
853870_reviewed	actin cytoskeleton organization
851376_reviewed	lactate catabolic process
855948_reviewed	cell division
852897_reviewed	cellular bud site selection
854249_reviewed	G1/S transition of mitotic cell cycle
855347_reviewed	intracellular iron ion homeostasis
851467_reviewed	clathrin-dependent endocytosis
851930_reviewed	proteasome-mediated ubiquitin-dependent protein catabolic process
854503_reviewed	cellular response to alkaline pH
856483_reviewed	mitochondrial outer membrane translocase complex assembly
855082_reviewed	mitochondrial outer membrane translocase complex assembly
855705_reviewed	protein import into mitochondrial matrix
856234_reviewed	L-methionine salvage from methylthioadenosine
854793_reviewed	maturation of SSU-rRNA from tricistronic rRNA transcript (SSU-rRNA, 5.8S rRNA, LSU-rRNA)
854815_reviewed	endocytosis
853889_reviewed	autophagy
856583_reviewed	cellular response to oxidative stress
854333_reviewed	cellular response to oxidative stress
850506_reviewed	cytoplasmic microtubule organization
852033_reviewed	cellular response to stress
855284_reviewed	intracellular zinc ion homeostasis
852839_reviewed	maintenance of transcriptional fidelity during transcription elongation by RNA polymerase II
854508_reviewed	cellular response to nitrogen starvation
851649_reviewed	fungal-type cell wall organization
855586_reviewed	DNA repair
854477_reviewed	axial cellular bud site selection
851067_reviewed	cellular bud site selection
852932_reviewed	cellular bud site selection
853751_reviewed	positive regulation of transcription by RNA polymerase II
856903_reviewed	actin cytoskeleton organization
851409_reviewed	actin cortical patch assembly
851202_reviewed	chromosome segregation
856117_reviewed	cellular response to acidic pH
855570_reviewed	chromosome organization
854421_reviewed	fungal-type cell wall organization
854973_reviewed	AMP metabolic process
850753_reviewed	endoplasmic reticulum tubular network organization
855093_reviewed	vesicle-mediated transport
854372_reviewed	apoptotic process
854698_reviewed	proteolysis
850513_reviewed	endoplasmic reticulum unfolded protein response
854820_reviewed	protein import into peroxisome matrix
851237_reviewed	glutamate biosynthetic process
850920_reviewed	nucleolar large rRNA transcription by RNA polymerase I
851809_reviewed	negative regulation of ribosomal protein gene transcription by RNA polymerase II
855277_reviewed	chitin biosynthetic process
856528_reviewed	mitotic spindle elongation
856601_reviewed	intracellular monoatomic ion homeostasis
854318_reviewed	intracellular monoatomic ion homeostasis
855837_reviewed	cellular response to oxidative stress
856644_reviewed	intracellular iron ion homeostasis
854605_reviewed	Group I intron splicing
852470_reviewed	endoplasmic reticulum to Golgi vesicle-mediated transport
856376_reviewed	protein ubiquitination
853675_reviewed	Golgi vesicle docking
850887_reviewed	cell division
854370_reviewed	cell division
854668_reviewed	actin filament bundle assembly
851985_reviewed	establishment of cell polarity
856648_reviewed	cell division
853031_reviewed	cellular response to glucose starvation
853492_reviewed	DNA damage response
855087_reviewed	karyogamy involved in conjugation with cellular fusion
852950_reviewed	ascospore formation
850587_reviewed	response to amino acid
851267_reviewed	tRNA-type intron splice site recognition and cleavage
855655_reviewed	cytoplasmic translation
850607_reviewed	cell division
850799_reviewed	cell redox homeostasis
851892_reviewed	proton motive force-driven ATP synthesis
850578_reviewed	cellular response to pheromone
853830_reviewed	(1->6)-beta-D-glucan biosynthetic process
856014_reviewed	cell redox homeostasis
852364_reviewed	cellular response to heat
854835_reviewed	cellular response to iron ion
852133_reviewed	cytosine metabolic process
854684_reviewed	cell division
855138_reviewed	positive regulation of ribosomal protein gene transcription by RNA polymerase II
851171_reviewed	coenzyme A metabolic process
855978_reviewed	protein import into nucleus
855300_reviewed	endocytosis
853853_reviewed	proton motive force-driven ATP synthesis
853259_reviewed	mitochondrial proton-transporting ATP synthase complex assembly
855401_reviewed	mitochondrial proton-transporting ATP synthase complex assembly
853585_reviewed	proton motive force-driven ATP synthesis
853345_reviewed	endosome organization
850714_reviewed	2-oxoglutarate metabolic process
855159_reviewed	mRNA transport
853002_reviewed	cell division
850907_reviewed	cell division
854965_reviewed	carnitine metabolic process
856429_reviewed	box C/D snoRNP assembly
855506_reviewed	chromatin remodeling
851272_reviewed	'de novo' IMP biosynthetic process
851894_reviewed	L-proline biosynthetic process
852146_reviewed	cellular response to nutrient levels
853447_reviewed	protein folding
853267_reviewed	proteolysis involved in protein catabolic process
855628_reviewed	cytoplasmic translation
856331_reviewed	antimonite transmembrane transport
852403_reviewed	phosphate ion transport
850370_reviewed	gluconeogenesis
851328_reviewed	carbohydrate transport
856825_reviewed	methionine biosynthetic process
850536_reviewed	carbohydrate transport
850630_reviewed	cellular response to iron ion
855092_reviewed	cellular hyperosmotic response
852407_reviewed	dolichol-linked oligosaccharide biosynthetic process
854057_reviewed	methylation
851785_reviewed	ubiquinone biosynthetic process
852804_reviewed	cytoplasmic translation
851177_reviewed	positive regulation of transcription elongation by RNA polymerase II
853668_reviewed	autophagosome-lysosome fusion
856313_reviewed	dolichol phosphate mannose biosynthetic process
854291_reviewed	cellular response to hydrogen peroxide
850344_reviewed	DNA replication
856083_reviewed	cell division
852921_reviewed	protein import into mitochondrial matrix
855775_reviewed	zinc ion transport
851786_reviewed	intracellular zinc ion homeostasis
856755_reviewed	fungal-type cell wall organization
851819_reviewed	endoplasmic reticulum inheritance
851161_reviewed	ER-dependent peroxisome organization
851412_reviewed	protein folding
850643_reviewed	aspartyl-tRNA aminoacylation
856589_reviewed	cellular response to oxidative stress
856145_reviewed	histidyl-tRNA aminoacylation
851425_reviewed	lysine biosynthetic process via aminoadipic acid
856059_reviewed	positive regulation of transcription by RNA polymerase II
851479_reviewed	amino acid catabolic process via Ehrlich pathway
852542_reviewed	positive regulation of thiamine biosynthetic process
854667_reviewed	DNA repair
855515_reviewed	chromatin organization
854902_reviewed	cytoplasmic translation
854258_reviewed	cytoplasmic translation
853939_reviewed	intracellular protein transport
854527_reviewed	DNA repair
853562_reviewed	protein catabolic process
850904_reviewed	detection of unfolded protein
855914_reviewed	mating
851481_reviewed	fatty acid beta-oxidation
855406_reviewed	mitochondrion organization
856524_reviewed	cell division
853361_reviewed	cellular response to L-arginine
853733_reviewed	cell wall organization
854286_reviewed	cell division
855256_reviewed	intracellular monoatomic cation homeostasis
854529_reviewed	glycolytic process
855099_reviewed	cell division
851435_reviewed	protein deubiquitination
850864_reviewed	cytoplasmic translation
854111_reviewed	intracellular signal transduction
856764_reviewed	DNA damage response
855201_reviewed	aerobic respiration
856612_reviewed	cellular response to oxidative stress
853388_reviewed	establishment or maintenance of actin cytoskeleton polarity
851650_reviewed	DNA recombinase assembly
855982_reviewed	meiotic DNA recombinase assembly
853636_reviewed	protein import into peroxisome matrix
855645_reviewed	actin filament bundle assembly
851326_reviewed	RNA (guanine-N7)-methylation
851743_reviewed	tRNA (guanine-N7)-methylation
855306_reviewed	ERAD pathway
852647_reviewed	GDP-mannose transmembrane transport
852094_reviewed	cell wall mannoprotein biosynthetic process
850963_reviewed	'de novo' protein folding
855675_reviewed	mitochondrial electron transport, cytochrome c to oxygen
852688_reviewed	maintenance of translational fidelity
853201_reviewed	endoplasmic reticulum to Golgi vesicle-mediated transport
853717_reviewed	lipid catabolic process
852476_reviewed	lipid metabolic process
853768_reviewed	triglyceride catabolic process
854682_reviewed	phosphatidic acid biosynthetic process
851508_reviewed	CDP-diacylglycerol biosynthetic process
852205_reviewed	spliceosomal snRNP assembly
853170_reviewed	ubiquinone biosynthetic process
852516_reviewed	chromatin organization
852212_reviewed	free ubiquitin chain depolymerization
852318_reviewed	methylation
850945_reviewed	negative regulation of gene expression
852467_reviewed	proteasomal ubiquitin-independent protein catabolic process
852530_reviewed	fungal-type cell wall beta-glucan biosynthetic process
851807_reviewed	fungal-type cell wall beta-glucan biosynthetic process
853075_reviewed	mitochondrial translation
850830_reviewed	aerobic respiration
853811_reviewed	DNA damage response
851346_reviewed	DNA repair
851585_reviewed	autophagosome assembly
856147_reviewed	glutamine biosynthetic process
855949_reviewed	autophagy
851921_reviewed	mitochondrial respiratory chain complex IV assembly
851823_reviewed	mitochondrial translation
855727_reviewed	mitochondrial respiratory chain complex IV assembly
855469_reviewed	mitochondrial translation
856655_reviewed	maturation of SSU-rRNA
851955_reviewed	cell redox homeostasis
856506_reviewed	cell redox homeostasis
851160_reviewed	mitochondrial large ribosomal subunit assembly
855930_reviewed	mitochondrial translation
852064_reviewed	cell redox homeostasis
854980_reviewed	cell redox homeostasis
852113_reviewed	methionine metabolic process
850877_reviewed	methionine metabolic process
852127_reviewed	intracellular copper ion homeostasis
852129_reviewed	amyloid fibril formation
851459_reviewed	endoplasmic reticulum to Golgi vesicle-mediated transport
852801_reviewed	endosome organization
856667_reviewed	chromatin remodeling
856819_reviewed	isoleucine biosynthetic process
856835_reviewed	protein deubiquitination
850437_reviewed	carbohydrate metabolic process
852086_reviewed	regulation of mRNA splicing, via spliceosome
850715_reviewed	'de novo' IMP biosynthetic process
850500_reviewed	endoplasmic reticulum unfolded protein response
852870_reviewed	intracellular protein localization
852768_reviewed	rescue of stalled ribosome
853893_reviewed	positive regulation of DNA-templated transcription
852752_reviewed	methionine biosynthetic process
856084_reviewed	methionine biosynthetic process
851378_reviewed	actin cortical patch assembly
852962_reviewed	regulation of transcription by RNA polymerase II
855110_reviewed	eisosome assembly
855758_reviewed	exonucleolytic trimming to generate mature 3'-end of 5.8S rRNA from tricistronic rRNA transcript (SSU-rRNA, 5.8S rRNA, LSU-rRNA)
855047_reviewed	eisosome assembly
853080_reviewed	intermembrane phospholipid transfer
855457_reviewed	Golgi to plasma membrane protein transport
854652_reviewed	regulation of transcription by RNA polymerase II
856356_reviewed	diphosphoinositol polyphosphate metabolic process
856264_reviewed	maturation of 5.8S rRNA
856611_reviewed	carbohydrate metabolic process
854717_reviewed	maturation of SSU-rRNA
854703_reviewed	protein histidyl modification to diphthamide
853643_reviewed	protein histidyl modification to diphthamide
854669_reviewed	peptide catabolic process
853118_reviewed	folic acid-containing compound metabolic process
855708_reviewed	negative regulation of transcription by RNA polymerase II
853295_reviewed	meiotic cell cycle
853286_reviewed	fructose 2,6-bisphosphate metabolic process
856158_reviewed	mRNA splicing, via spliceosome
853573_reviewed	L-arginine biosynthetic process
854479_reviewed	'de novo' pyrimidine nucleobase biosynthetic process
853784_reviewed	maturation of SSU-rRNA
853166_reviewed	endonucleolytic cleavage in 5'-ETS of tricistronic rRNA transcript (SSU-rRNA, 5.8S rRNA, LSU-rRNA)
853894_reviewed	endonucleolytic cleavage in ITS1 upstream of 5.8S rRNA from tricistronic rRNA transcript (SSU-rRNA, 5.8S rRNA, LSU-rRNA)
853898_reviewed	chitin biosynthetic process
853945_reviewed	cellular response to oxidative stress
856161_reviewed	cellular response to oxidative stress
853967_reviewed	nucleocytoplasmic transport
850658_reviewed	cellular response to stress
855475_reviewed	chromatin organization
850709_reviewed	cytosolic ribosome assembly
855558_reviewed	cytosolic ribosome assembly
855149_reviewed	'de novo' IMP biosynthetic process
853932_reviewed	glycogen biosynthetic process
854344_reviewed	cellular response to nutrient
851088_reviewed	chromatin remodeling
855937_reviewed	autophagosome assembly
851154_reviewed	maturation of LSU-rRNA from tricistronic rRNA transcript (SSU-rRNA, 5.8S rRNA, LSU-rRNA)
853875_reviewed	mitochondrial translation
855103_reviewed	ascospore formation
856475_reviewed	peptidyl-serine dephosphorylation
855135_reviewed	branched-chain amino acid biosynthetic process
850414_reviewed	endonucleolytic cleavage in ITS1 to separate SSU-rRNA from 5.8S rRNA and LSU-rRNA from tricistronic rRNA transcript (SSU-rRNA, 5.8S rRNA, LSU-rRNA)
852327_reviewed	proton motive force-driven ATP synthesis
853604_reviewed	aspartate family amino acid biosynthetic process
855254_reviewed	ERAD pathway
855301_reviewed	tRNA methylation
856925_reviewed	pseudohyphal growth
855652_reviewed	DNA replication, removal of RNA primer
851873_reviewed	mismatch repair
855639_reviewed	DNA damage response
855619_reviewed	L-leucine biosynthetic process
854275_reviewed	L-leucine biosynthetic process
856298_reviewed	ribosomal large subunit biogenesis
855567_reviewed	cellular response to arsenic-containing substance
855466_reviewed	positive regulation of cytoplasmic translation
855769_reviewed	carbohydrate metabolic process
855772_reviewed	mitochondrial translation
852434_reviewed	post-translational protein targeting to endoplasmic reticulum membrane
850951_reviewed	cytoplasmic translational elongation
854310_reviewed	succinyl-CoA catabolic process
853159_reviewed	succinyl-CoA catabolic process
856098_reviewed	CAT tailing
851145_reviewed	fungal-type cell wall organization
855999_reviewed	nuclear pore localization
855943_reviewed	leucyl-tRNA aminoacylation
855456_reviewed	endosome to plasma membrane protein transport
852464_reviewed	tyrosine biosynthetic process
853395_reviewed	gluconeogenesis
855039_reviewed	mitochondrial translation
852145_reviewed	homologous chromosome orientation in meiotic metaphase I
852313_reviewed	positive regulation of cellular response to heat
855430_reviewed	mRNA splicing, via spliceosome
854335_reviewed	post-translational protein targeting to endoplasmic reticulum membrane
854500_reviewed	cellular response to amino acid stimulus
856232_reviewed	mitochondrial tRNA 5'-end processing
851504_reviewed	cell wall mannoprotein biosynthetic process
850499_reviewed	dolichol phosphate mannose biosynthetic process
850561_reviewed	cellular response to histidine
853757_reviewed	chitin biosynthetic process
853839_reviewed	amino acid metabolic process
854534_reviewed	nucleotide-excision repair
856228_reviewed	endonucleolytic cleavage in 5'-ETS of tricistronic rRNA transcript (SSU-rRNA, 5.8S rRNA, LSU-rRNA)
851493_reviewed	glutamate biosynthetic process
851544_reviewed	endoplasmic reticulum to Golgi vesicle-mediated transport
856510_reviewed	endoplasmic reticulum to Golgi vesicle-mediated transport
854714_reviewed	lysine biosynthetic process
851477_reviewed	cytoplasmic translation
856882_reviewed	transcription by RNA polymerase II
851890_reviewed	cellular response to oxidative stress
856304_reviewed	positive regulation of protein localization to spindle pole body
850510_reviewed	clathrin-coated vesicle cargo loading
852418_reviewed	diadenosine tetraphosphate biosynthetic process
851575_reviewed	cytoplasmic translation
853613_reviewed	branched-chain amino acid biosynthetic process
853705_reviewed	canonical glycolysis
850846_reviewed	acetyl-CoA biosynthetic process
853346_reviewed	chitin biosynthetic process
854475_reviewed	cellular bud site selection
852382_reviewed	chloride transmembrane transport
853498_reviewed	ribosomal large subunit biogenesis
852852_reviewed	cytoplasmic translation
850716_reviewed	cytoplasmic translation
856412_reviewed	asparaginyl-tRNA aminoacylation
854806_reviewed	telomere maintenance via telomerase
851126_reviewed	inositol phosphate biosynthetic process
855240_reviewed	'de novo' protein folding
855927_reviewed	protein transport to vacuole involved in ubiquitin-dependent protein catabolic process via the multivesicular body sorting pathway
855198_reviewed	peroxisome inheritance
855130_reviewed	cell wall organization
855600_reviewed	apoptotic process
855080_reviewed	arsenate ion transmembrane transport
856888_reviewed	arsenate ion transmembrane transport
856191_reviewed	mitotic cell cycle G1 arrest in response to pheromone
853803_reviewed	cellular hypotonic response
852915_reviewed	extraction of mislocalized protein from mitochondrial outer membrane
856275_reviewed	mRNA cis splicing, via spliceosome
850568_reviewed	cellular response to oxidative stress
854957_reviewed	protein folding
854758_reviewed	glycerol biosynthetic process
850438_reviewed	L-cystine transport
851016_reviewed	ascospore wall assembly
853686_reviewed	intracellular monoatomic cation homeostasis
855622_reviewed	amino acid transmembrane export from vacuole
856207_reviewed	ER to Golgi ceramide transport
854671_reviewed	cellular bud neck septin ring organization
855783_reviewed	phospholipid translocation
855222_reviewed	ERAD pathway
851812_reviewed	ADP biosynthetic process
853990_reviewed	intracellular magnesium ion homeostasis
853744_reviewed	negative regulation of conjugation with cellular fusion
851859_reviewed	histone catabolic process
853522_reviewed	G1/S transition of mitotic cell cycle
855336_reviewed	cellular response to oxidative stress
856081_reviewed	G2/M transition of mitotic cell cycle
853508_reviewed	intracellular iron ion homeostasis
856155_reviewed	nuclear-transcribed mRNA catabolic process, deadenylation-dependent decay
856535_reviewed	sterol biosynthetic process
856624_reviewed	viral translational frameshifting
855236_reviewed	oligosaccharide metabolic process
850824_reviewed	phosphatidylcholine biosynthetic process
855568_reviewed	cell morphogenesis
855962_reviewed	peroxisome inheritance
850875_reviewed	regulation of proteolysis
855343_reviewed	cellular response to nitrogen starvation
853772_reviewed	nuclear-transcribed mRNA catabolic process, no-go decay
855425_reviewed	calcium ion import across plasma membrane
855743_reviewed	G1/S transition of mitotic cell cycle
4036073_reviewed	DNA recombination
850313_reviewed	protein catabolic process
856135_reviewed	membrane protein proteolysis
852867_reviewed	apoptotic process
854240_reviewed	cell division
852500_reviewed	endoplasmic reticulum unfolded protein response
854769_reviewed	protein-containing complex assembly
853051_reviewed	cytoplasmic translation
854262_reviewed	D-ribose metabolic process
852362_reviewed	dolichol-linked oligosaccharide biosynthetic process
852835_reviewed	dolichol-linked oligosaccharide biosynthetic process
853261_reviewed	autophagosome assembly
856587_reviewed	COPII-coated vesicle cargo loading
851627_reviewed	detection of unfolded protein
852277_reviewed	chromatin remodeling
853861_reviewed	ceramide biosynthetic process
856386_reviewed	ceramide biosynthetic process
853274_reviewed	intracellular monoatomic cation homeostasis
854805_reviewed	cell redox homeostasis
853596_reviewed	protein import into nucleus
854539_reviewed	endocytic recycling
852539_reviewed	mRNA branch site recognition
850456_reviewed	actin cortical patch localization
851075_reviewed	negative regulation of endoplasmic reticulum unfolded protein response
851670_reviewed	chromatin remodeling
852074_reviewed	positive regulation of DNA-templated transcription
853285_reviewed	protein autoprocessing
854888_reviewed	cellular response to oxidative stress
853639_reviewed	protein folding
852916_reviewed	cellular response to oxidative stress
855053_reviewed	cellular hypotonic response
854292_reviewed	ubiquinone biosynthetic process
854781_reviewed	ERAD pathway
854979_reviewed	ERAD pathway
852694_reviewed	endocytosis
856840_reviewed	protein folding
852020_reviewed	endoplasmic reticulum unfolded protein response
854586_reviewed	mitochondrial translation
854342_reviewed	calcium-mediated signaling
854814_reviewed	iron-sulfur cluster assembly
852789_reviewed	iron-sulfur cluster assembly
855481_reviewed	iron-sulfur cluster assembly
855147_reviewed	cellular response to amino acid stimulus
855724_reviewed	cellular response to amino acid stimulus
852173_reviewed	cell wall organization
852223_reviewed	negative regulation of proteasomal ubiquitin-dependent protein catabolic process
856389_reviewed	endocytosis
855390_reviewed	protein targeting to membrane
851098_reviewed	Group I intron splicing
854582_reviewed	Group I intron splicing
853333_reviewed	protein folding
853497_reviewed	intracellular copper ion homeostasis
852886_reviewed	global genome nucleotide-excision repair
854855_reviewed	cellular response to oxidative stress
856765_reviewed	cellular response to oxidative stress
853197_reviewed	box C/D sno(s)RNA 3'-end processing
851416_reviewed	chromosome segregation
851866_reviewed	ascospore wall assembly
851920_reviewed	L-asparagine catabolic process
856642_reviewed	cellular detoxification of nitrogen compound
856792_reviewed	poly(A)+ mRNA export from nucleus
856843_reviewed	homologous chromosome segregation
856865_reviewed	protein transport
852842_reviewed	heme biosynthetic process
853019_reviewed	ammonium transmembrane transport
855309_reviewed	aerobic respiration
856420_reviewed	homoserine metabolic process
856454_reviewed	protein folding
856513_reviewed	proteolysis
856529_reviewed	pyrimidine-containing compound salvage
851172_reviewed	L-leucine biosynthetic process
853466_reviewed	hydrogen sulfide biosynthetic process
853516_reviewed	box C/D snoRNP assembly
855908_reviewed	box C/D snoRNP assembly
853567_reviewed	'de novo' CTP biosynthetic process
850747_reviewed	glycine biosynthetic process from serine
851092_reviewed	fructose 1,6-bisphosphate metabolic process
852705_reviewed	ascospore formation
854279_reviewed	retrograde vesicle-mediated transport, Golgi to endoplasmic reticulum
855186_reviewed	protein processing
855364_reviewed	invasive growth in response to glucose limitation
852846_reviewed	negative regulation of DNA amplification
853183_reviewed	folic acid biosynthetic process
856017_reviewed	aldehyde metabolic process
851174_reviewed	telomere capping
856221_reviewed	negative regulation of UDP-N-acetylglucosamine biosynthetic process
852326_reviewed	cell wall organization
854974_reviewed	establishment of mitotic sister chromatid cohesion
850605_reviewed	glutathione catabolic process
852584_reviewed	glutathione catabolic process
855530_reviewed	glutathione catabolic process
855207_reviewed	protein transport to vacuole involved in ubiquitin-dependent protein catabolic process via the multivesicular body sorting pathway
851566_reviewed	protein localization to vacuole
852290_reviewed	cell wall organization
850538_reviewed	apoptotic process
853891_reviewed	endocytosis
855411_reviewed	apoptotic process
856361_reviewed	meiotic cell cycle
852654_reviewed	mitochondrion organization
855220_reviewed	positive regulation of transcription by RNA polymerase II
851617_reviewed	heme biosynthetic process
850758_reviewed	mitochondrial translation
855501_reviewed	'de novo' AMP biosynthetic process
853972_reviewed	gluconeogenesis
853707_reviewed	cellular response to oxidative stress
854394_reviewed	peptide pheromone maturation
854047_reviewed	homologous chromosome pairing at meiosis
855173_reviewed	cytoplasmic translation
852953_reviewed	mitochondrial respiratory chain complex IV assembly
850898_reviewed	ubiquinone biosynthetic process
854930_reviewed	aerobic respiration
852106_reviewed	autophagy
854223_reviewed	initial mitotic spindle pole body separation
850683_reviewed	acetate transport
855658_reviewed	cytoplasmic translation
853169_reviewed	glycolytic process
850733_reviewed	aromatic amino acid family catabolic process to alcohol via Ehrlich pathway
856241_reviewed	copper ion import
853009_reviewed	mitochondrial respiratory chain complex IV assembly
856884_reviewed	heme A biosynthetic process
854649_reviewed	mitochondrial respiratory chain complex IV assembly
856689_reviewed	aerobic respiration
853005_reviewed	retrotransposition
852219_reviewed	actin cortical patch localization
854261_reviewed	actin cortical patch localization
853698_reviewed	calcium-mediated signaling
854408_reviewed	mitotic spindle orientation checkpoint signaling
854232_reviewed	G1/S transition of mitotic cell cycle
851273_reviewed	chromosome segregation
852031_reviewed	aromatic amino acid family catabolic process
852057_reviewed	cell wall organization
852872_reviewed	ergosterol biosynthetic process
854768_reviewed	protein histidyl modification to diphthamide
854836_reviewed	cell adhesion involved in single-species biofilm formation
850708_reviewed	chaperone-mediated protein complex assembly
854391_reviewed	endoplasmic reticulum to Golgi vesicle-mediated transport
853696_reviewed	fungal-type cell wall biogenesis
853188_reviewed	maturation of SSU-rRNA from tricistronic rRNA transcript (SSU-rRNA, 5.8S rRNA, LSU-rRNA)
856517_reviewed	protein import into mitochondrial matrix
851015_reviewed	protein neddylation
850614_reviewed	D-glucose import
855052_reviewed	cell division
851947_reviewed	cellular response to oxidative stress
851738_reviewed	amino acid transmembrane transport
853984_reviewed	fructose 2,6-bisphosphate metabolic process
853952_reviewed	G1/S transition of mitotic cell cycle
852986_reviewed	valyl-tRNA aminoacylation
856915_reviewed	tRNA 3'-terminal CCA addition
854737_reviewed	homologous chromosome pairing at meiosis
856558_reviewed	ascospore formation
851246_reviewed	calcium ion homeostasis
852670_reviewed	apoptotic process
854181_reviewed	endoplasmic reticulum to Golgi vesicle-mediated transport
852247_reviewed	riboflavin biosynthetic process
852238_reviewed	nucleobase transport
852172_reviewed	protein transport
852291_reviewed	cellular response to oxidative stress
856545_reviewed	cell wall organization
852360_reviewed	amino acid transmembrane transport
856783_reviewed	cytidine transport
856494_reviewed	carbohydrate transport
851891_reviewed	sphingolipid biosynthetic process
852825_reviewed	mitochondrion inheritance
856279_reviewed	spermine transport
852586_reviewed	post-translational protein targeting to membrane, translocation
851064_reviewed	ceramide metabolic process
856398_reviewed	ergosterol biosynthetic process
852515_reviewed	cellular response to glucose starvation
852523_reviewed	fatty acid metabolic process
852546_reviewed	cellular response to oxidative stress
852559_reviewed	riboflavin biosynthetic process
850303_reviewed	karyogamy involved in conjugation with cellular fusion
851042_reviewed	fungal-type cell wall organization
856247_reviewed	negative regulation of translational initiation
852945_reviewed	negative regulation of translation
851323_reviewed	endoplasmic reticulum inheritance
854970_reviewed	nucleotide-sugar transmembrane transport
851362_reviewed	carbohydrate metabolic process
851139_reviewed	'de novo' pyrimidine nucleobase biosynthetic process
854763_reviewed	endocytosis
851878_reviewed	phospholipid dephosphorylation
851931_reviewed	attachment of GPI anchor to protein
856595_reviewed	attachment of GPI anchor to protein
850777_reviewed	attachment of GPI anchor to protein
851954_reviewed	basic amino acid transmembrane export from vacuole
852878_reviewed	calcium ion transport
852044_reviewed	attachment of GPI anchor to protein
856260_reviewed	ammonium transmembrane transport
853247_reviewed	endoplasmic reticulum to Golgi vesicle-mediated transport
856849_reviewed	intracellular copper ion homeostasis
850523_reviewed	negative regulation of transcription by RNA polymerase II
850497_reviewed	cytoskeleton organization
852882_reviewed	endoplasmic reticulum to Golgi vesicle-mediated transport
852803_reviewed	(R)-carnitine transport
853325_reviewed	endoplasmic reticulum to Golgi vesicle-mediated transport
855874_reviewed	protein N-linked glycosylation
850745_reviewed	ergosterol biosynthetic process
852998_reviewed	endosomal lumen acidification
854447_reviewed	spermidine transport
853034_reviewed	peroxisome organization
853112_reviewed	protein localization to plasma membrane
855252_reviewed	protein localization to plasma membrane
853194_reviewed	coenzyme A biosynthetic process
855958_reviewed	endocytosis
853198_reviewed	transmembrane transport
853581_reviewed	CAAX-box protein processing
856434_reviewed	reciprocal meiotic recombination
856460_reviewed	pantothenate biosynthetic process
856504_reviewed	arabinose catabolic process
856523_reviewed	phosphatidylcholine biosynthetic process
855593_reviewed	CDP-choline pathway
856580_reviewed	copper ion import
854764_reviewed	cellular response to phosphate starvation
853288_reviewed	inositol biosynthetic process
853377_reviewed	formaldehyde catabolic process
855311_reviewed	ribosomal small subunit biogenesis
855016_reviewed	plasma membrane tubulation
853866_reviewed	inositol phosphoceramide metabolic process
855022_reviewed	multivesicular body assembly
853690_reviewed	ATP transport
853683_reviewed	intracellular signal transduction
853955_reviewed	folic acid-containing compound biosynthetic process
850628_reviewed	cell wall organization
850869_reviewed	methylation
856194_reviewed	protein transport
855438_reviewed	fungal-type cell wall organization
854949_reviewed	negative regulation of post-translational protein targeting to membrane, translocation
855291_reviewed	cellular response to oxidative stress
855346_reviewed	'de novo' IMP biosynthetic process
855984_reviewed	positive regulation of formation of translation preinitiation complex
854255_reviewed	calcium ion import across plasma membrane
854336_reviewed	endoplasmic reticulum inheritance
855976_reviewed	chromosome condensation
855880_reviewed	FAD transport
855863_reviewed	amino acid transmembrane transport
856229_reviewed	phosphatidylinositol biosynthetic process
853716_reviewed	cellular respiration
851758_reviewed	cellular respiration
851620_reviewed	gluconeogenesis
855580_reviewed	ammonium transmembrane transport
851978_reviewed	endoplasmic reticulum unfolded protein response
856036_reviewed	farnesyl diphosphate biosynthetic process
856173_reviewed	aromatic amino acid family biosynthetic process
850529_reviewed	UDP-N-acetylglucosamine biosynthetic process
856152_reviewed	regulation of protein folding in endoplasmic reticulum
856175_reviewed	cytidine metabolic process
851065_reviewed	amide catabolic process
850827_reviewed	electron transport coupled proton transport
852934_reviewed	carbohydrate metabolic process
851560_reviewed	proton motive force-driven ATP synthesis
851221_reviewed	cysteine biosynthetic process
851244_reviewed	positive regulation of protein autoubiquitination
851280_reviewed	cellular response to toxic substance
852450_reviewed	riboflavin biosynthetic process
852544_reviewed	deoxyribonucleoside monophosphate catabolic process
851980_reviewed	mRNA destabilization
852008_reviewed	GMP salvage
856778_reviewed	'de novo' L-methionine biosynthetic process
852991_reviewed	'de novo' cotranslational protein folding
850698_reviewed	apoptotic process
855003_reviewed	ergosterol biosynthetic process
856663_reviewed	early endosome to Golgi transport
851907_reviewed	maturation of LSU-rRNA from tricistronic rRNA transcript (SSU-rRNA, 5.8S rRNA, LSU-rRNA)
856281_reviewed	intracellular protein transport
854932_reviewed	anaerobic glycerol catabolic process
854170_reviewed	actin cytoskeleton organization
851107_reviewed	fungal-type cell wall organization
852905_reviewed	cellular response to glucose starvation
853367_reviewed	fatty acid transport
855780_reviewed	agglutination involved in conjugation with cellular fusion
850705_reviewed	mRNA transport
852250_reviewed	ADP transport
851757_reviewed	ERAD pathway
854295_reviewed	'de novo' IMP biosynthetic process
854091_reviewed	nonfunctional rRNA decay
852663_reviewed	negative regulation of transcription by RNA polymerase II
853926_reviewed	iron import into the mitochondrion
856793_reviewed	regulation of DNA-templated transcription
850631_reviewed	cellular response to oxidative stress
851644_reviewed	mannosyl diphosphorylinositol ceramide metabolic process
852189_reviewed	amino acid transmembrane transport
850609_reviewed	meiotic cell cycle
853992_reviewed	proteolysis
850721_reviewed	intracellular iron ion homeostasis
850783_reviewed	intracellular signal transduction
854811_reviewed	mitochondrial NAD transmembrane transport
855389_reviewed	septum digestion after cytokinesis
856381_reviewed	chloride transport
855453_reviewed	amino acid import across plasma membrane
853390_reviewed	cellular response to zinc ion starvation
851132_reviewed	fungal-type cell wall organization
853950_reviewed	cellular response to glucose starvation
852856_reviewed	carbohydrate metabolic process
856349_reviewed	amino acid transmembrane transport
854343_reviewed	regulation of transcription by RNA polymerase II
851845_reviewed	cellular response to heat
855889_reviewed	mRNA processing
856143_reviewed	chromatin remodeling
856292_reviewed	cytoplasmic translation
856400_reviewed	retrograde transport, endosome to Golgi
851013_reviewed	tricarboxylic acid cycle
854253_reviewed	endoplasmic reticulum membrane organization
856210_reviewed	exocytosis
853886_reviewed	cristae formation
851775_reviewed	Group I intron splicing
856362_reviewed	cellular response to amino acid starvation
853272_reviewed	ergosterol biosynthetic process
856405_reviewed	meiotic cell cycle
854660_reviewed	autophagy of mitochondrion
855603_reviewed	invasive growth in response to glucose limitation
852661_reviewed	protein urmylation
853971_reviewed	nuclear-transcribed mRNA catabolic process, nonsense-mediated decay
855718_reviewed	cellular response to oxidative stress
856044_reviewed	acetate biosynthetic process
856766_reviewed	one-carbon metabolic process
851068_reviewed	carbohydrate metabolic process
856268_reviewed	asparagine biosynthetic process
852754_reviewed	cytoplasmic translation
852092_reviewed	nicotinamide nucleotide metabolic process
850762_reviewed	ubiquitin recycling
854083_reviewed	ascospore formation
853709_reviewed	cellular respiration
855393_reviewed	aminophospholipid translocation
854133_reviewed	negative regulation of protein ubiquitination
853671_reviewed	oligopeptide export from mitochondrion
853357_reviewed	citrulline biosynthetic process
855993_reviewed	arginine metabolic process
856055_reviewed	negative regulation of translational frameshifting
853651_reviewed	pantothenate biosynthetic process
852215_reviewed	cell redox homeostasis
855945_reviewed	maintenance of protein location
851654_reviewed	positive regulation of glycolytic fermentation to ethanol
854236_reviewed	vesicle-mediated transport
855922_reviewed	fungal-type cell wall organization
854583_reviewed	aerobic respiration
855673_reviewed	1-phosphatidyl-1D-myo-inositol 3,5-bisphosphate metabolic process
851577_reviewed	chromatin looping
852672_reviewed	aromatic amino acid family catabolic process
856822_reviewed	rDNA heterochromatin formation
852758_reviewed	phosphorylation
854251_reviewed	triglyceride catabolic process
851033_reviewed	generation of catalytic spliceosome for first transesterification step
851551_reviewed	cellular response to oxidative stress
856090_reviewed	2-oxoglutarate metabolic process
851103_reviewed	ribosomal large subunit biogenesis
855244_reviewed	peroxisome inheritance
855442_reviewed	plasma membrane fusion involved in cytogamy
852108_reviewed	myo-inositol import across plasma membrane
855395_reviewed	calcium ion transmembrane transport
855659_reviewed	division septum assembly
850992_reviewed	cell wall organization
852837_reviewed	cellular response to amino acid stimulus
855422_reviewed	ascospore formation
856431_reviewed	lipid homeostasis
852645_reviewed	lipid homeostasis
850359_reviewed	mitochondrial translation
852019_reviewed	methylation
852926_reviewed	ceramide metabolic process
850825_reviewed	aromatic amino acid family catabolic process to alcohol via Ehrlich pathway
852203_reviewed	protein folding
853086_reviewed	ergosterol biosynthetic process
855242_reviewed	ergosterol biosynthetic process
856337_reviewed	protein transport to vacuole involved in ubiquitin-dependent protein catabolic process via the multivesicular body sorting pathway
854916_reviewed	manganese ion transport
854461_reviewed	maturation of SSU-rRNA
852483_reviewed	inner mitochondrial membrane organization
851311_reviewed	L-glutamate catabolic process
854929_reviewed	positive regulation of ubiquitin-dependent endocytosis
853520_reviewed	dTDP biosynthetic process
853003_reviewed	cell division
852077_reviewed	cell integrity MAPK cascade
851838_reviewed	pseudohyphal growth
852821_reviewed	regulation of glucose metabolic process
852617_reviewed	'de novo' IMP biosynthetic process
853107_reviewed	pyruvate decarboxylation to acetyl-CoA
850756_reviewed	mitochondrial respiratory chain complex IV assembly
855565_reviewed	mRNA stabilization
850637_reviewed	endoplasmic reticulum tubular network organization
853583_reviewed	antisense RNA transcript catabolic process
856181_reviewed	heterochromatin formation
853140_reviewed	anaphase-promoting complex-dependent catabolic process
853136_reviewed	maintenance of protein location in cell
855126_reviewed	establishment or maintenance of cell polarity
850737_reviewed	cytoplasmic translation
855150_reviewed	cytoplasmic translation
856413_reviewed	prolyl-tRNA aminoacylation
854144_reviewed	cellular response to oxidative stress
855078_reviewed	aerobic respiration
856472_reviewed	endocytosis
853800_reviewed	endoplasmic reticulum to Golgi vesicle-mediated transport
852545_reviewed	aerobic respiration
856922_reviewed	cellular response to amino acid starvation
853771_reviewed	post-Golgi vesicle-mediated transport
852271_reviewed	CDP-diacylglycerol biosynthetic process
851843_reviewed	hydrogen peroxide catabolic process
851368_reviewed	invasive growth in response to glucose limitation
850310_reviewed	ERAD pathway
851888_reviewed	calcium-mediated signaling
851844_reviewed	methylation
853482_reviewed	'de novo' NAD+ biosynthetic process from L-tryptophan
853982_reviewed	positive regulation of macroautophagy
852170_reviewed	positive regulation of TORC1 signaling
851729_reviewed	intracellular iron ion homeostasis
854706_reviewed	cellular response to glucose starvation
854226_reviewed	DNA replication
852062_reviewed	cell differentiation
855686_reviewed	cellular response to methylmercury
852112_reviewed	DNA damage response
850880_reviewed	DNA damage response
853920_reviewed	aerobic respiration
853363_reviewed	cellular response to misfolded protein
856170_reviewed	spliceosomal complex assembly
850388_reviewed	asparaginyl-tRNA aminoacylation
850394_reviewed	endocytosis
851377_reviewed	GCN2-mediated signaling
851698_reviewed	tRNA methylation
852128_reviewed	ascospore formation
856838_reviewed	protein targeting to membrane
852818_reviewed	gluconeogenesis
853209_reviewed	maltose catabolic process
856464_reviewed	fatty acid biosynthetic process
854852_reviewed	lysine biosynthetic process
855723_reviewed	fatty acid beta-oxidation
855606_reviewed	glyoxylate cycle
855502_reviewed	dolichol-linked oligosaccharide biosynthetic process
855424_reviewed	mRNA pseudouridine synthesis
854124_reviewed	glutamyl-tRNA aminoacylation
854088_reviewed	enzyme-directed rRNA pseudouridine synthesis
854384_reviewed	NAD+ biosynthetic process via the salvage pathway
854462_reviewed	protein folding
856243_reviewed	potassium ion transport
852484_reviewed	meiotic DNA double-strand break formation
852655_reviewed	establishment of mitotic spindle orientation
855503_reviewed	chromosome organization
850563_reviewed	cristae formation
855623_reviewed	cristae formation
853150_reviewed	cristae formation
852513_reviewed	3'-UTR-mediated mRNA destabilization
852495_reviewed	canonical glycolysis
851249_reviewed	heme transport
855176_reviewed	glycolytic fermentation to ethanol
856399_reviewed	reactive oxygen species metabolic process
855490_reviewed	negative regulation of sexual sporulation resulting in formation of a cellular spore
851981_reviewed	chaperone-mediated protein complex assembly
856860_reviewed	endocytosis
850685_reviewed	aerobic respiration
850861_reviewed	mitochondrial electron transport, succinate to ubiquinone
853640_reviewed	mitochondrial threonyl-tRNA aminoacylation
855752_reviewed	mitochondrial respiratory chain complex IV assembly
854978_reviewed	mitochondrial respirasome assembly
855094_reviewed	chromatin remodeling
850439_reviewed	chromatin organization
850754_reviewed	protein transport
851303_reviewed	cell morphogenesis involved in conjugation with cellular fusion
855557_reviewed	cell division
853254_reviewed	mitophagy
855525_reviewed	meiotic cell cycle
856329_reviewed	cellular response to arsenic-containing substance
856432_reviewed	glutamate biosynthetic process
851120_reviewed	acylglycerol homeostasis
851539_reviewed	carbohydrate metabolic process
854919_reviewed	mitochondrial electron transport, NADH to ubiquinone
854081_reviewed	EGAD pathway
853832_reviewed	EGAD pathway
854398_reviewed	EGAD pathway
854195_reviewed	cellular response to pH
855840_reviewed	regulation of vacuole fusion, non-autophagic
855886_reviewed	mitochondrial respiratory chain complex III assembly
855552_reviewed	lipid droplet formation
851789_reviewed	ascospore-type prospore assembly
852426_reviewed	negative regulation of 1-phosphatidyl-1D-myo-inositol 4,5-bisphosphate biosynthetic process
852456_reviewed	fatty acid elongation
851933_reviewed	rescue of stalled ribosome
852730_reviewed	cytoplasmic translation
851166_reviewed	homologous chromosome pairing at meiosis
852257_reviewed	cellular response to hydrogen peroxide
852370_reviewed	fungal-type cell wall organization
852459_reviewed	cell wall organization
852589_reviewed	protein catabolic process in the vacuole
850317_reviewed	D-glucose import
851330_reviewed	silent mating-type cassette heterochromatin formation
851325_reviewed	mitochondrial translation
856665_reviewed	glycine biosynthetic process
856804_reviewed	acetate biosynthetic process
853025_reviewed	asparagine biosynthetic process
853045_reviewed	(1->6)-beta-D-glucan biosynthetic process
853102_reviewed	carbohydrate metabolic process
853196_reviewed	carbohydrate metabolic process
853199_reviewed	carbohydrate metabolic process
856365_reviewed	carnitine biosynthetic process
856345_reviewed	intracellular iron ion homeostasis
856546_reviewed	cell wall organization
856584_reviewed	apoptotic process
856597_reviewed	ergosterol biosynthetic process
853281_reviewed	fungal-type cell wall organization
853473_reviewed	branched-chain amino acid biosynthetic process
853809_reviewed	cytoplasmic translation
853916_reviewed	autophagy of mitochondrion
851007_reviewed	fungal-type cell wall organization
851069_reviewed	branched-chain amino acid biosynthetic process
851169_reviewed	cytoplasmic translation
855023_reviewed	carbohydrate transport
855682_reviewed	lipid metabolic process
855562_reviewed	cell wall assembly
856079_reviewed	ergosterol biosynthetic process
855894_reviewed	wybutosine biosynthetic process
855875_reviewed	mRNA transport
856272_reviewed	eisosome assembly
855707_reviewed	methylation
854772_reviewed	endoplasmic reticulum to Golgi vesicle-mediated transport
853348_reviewed	fatty acid elongation
852796_reviewed	glycerol catabolic process
853441_reviewed	engulfment of target by autophagosome
856246_reviewed	ADP transport
855754_reviewed	mitochondrial protein processing
851077_reviewed	nuclear-transcribed mRNA catabolic process, nonsense-mediated decay
852259_reviewed	cellular response to oxidative stress
852167_reviewed	positive regulation of protein targeting to mitochondrion
852288_reviewed	isoprenoid biosynthetic process
852310_reviewed	DNA damage response
852491_reviewed	metal ion transport
850413_reviewed	mitochondrial translation
851563_reviewed	meiotic cell cycle
851451_reviewed	protein insertion into mitochondrial inner membrane from matrix
851322_reviewed	heme biosynthetic process
851681_reviewed	ascospore-type prospore membrane formation
851694_reviewed	mitochondrial translation
851703_reviewed	cell wall organization
851911_reviewed	methylation
851982_reviewed	intracellular iron ion homeostasis
851987_reviewed	aromatic amino acid family catabolic process to alcohol via Ehrlich pathway
852041_reviewed	mitochondrial protein processing
852098_reviewed	aerobic respiration
852105_reviewed	mitochondrial translation
856748_reviewed	phosphatidylethanolamine biosynthetic process
856752_reviewed	chromatin remodeling
856917_reviewed	ADP biosynthetic process
850517_reviewed	endoplasmic reticulum to Golgi vesicle-mediated transport
852824_reviewed	cellular response to glucose starvation
852811_reviewed	mitochondrial translation
852771_reviewed	3'-UTR-mediated mRNA stabilization
852734_reviewed	mitochondrial translation
852616_reviewed	mitochondrial tRNA wobble uridine modification
853081_reviewed	methionyl-tRNA aminoacylation
853108_reviewed	D-xylose metabolic process
856433_reviewed	mitochondrial translation
856516_reviewed	mitochondrial respiratory chain complex assembly
856539_reviewed	aromatic amino acid family catabolic process
856552_reviewed	mitochondrial translation
856560_reviewed	intracellular sterol transport
854672_reviewed	FAD transport
854842_reviewed	mitochondrial proton-transporting ATP synthase complex assembly
853401_reviewed	protein lipoylation
853382_reviewed	mitochondrial translation
853374_reviewed	L-arginine biosynthetic process
853358_reviewed	IRE1-mediated unfolded protein response
853349_reviewed	mitochondrial translation
853342_reviewed	mitochondrial translation
853308_reviewed	iron import into the mitochondrion
853221_reviewed	aerobic respiration
853470_reviewed	fungal-type cell wall organization
853574_reviewed	phosphatidylinositol dephosphorylation
853586_reviewed	iron-sulfur cluster assembly
853597_reviewed	GMP salvage
853658_reviewed	DNA-templated transcription
853930_reviewed	methylation
853941_reviewed	CDP-diacylglycerol biosynthetic process
853960_reviewed	mitochondrial translation
850779_reviewed	protein folding
850890_reviewed	cardiolipin metabolic process
850955_reviewed	lipid homeostasis
851164_reviewed	calcium ion transport
854897_reviewed	apoptotic process
854887_reviewed	ergosterol biosynthetic process
855123_reviewed	mitochondrial gene expression
855142_reviewed	mitochondrial protein quality control
855200_reviewed	positive regulation of flocculation
855202_reviewed	magnesium ion export from mitochondrion
855325_reviewed	mitochondrial translational initiation
855368_reviewed	alcohol metabolic process
855722_reviewed	alditol phosphate metabolic process
855651_reviewed	lysyl-tRNA aminoacylation
855544_reviewed	mitochondrial translation
855536_reviewed	mitochondrial translation
855472_reviewed	pentose metabolic process
854135_reviewed	mitochondrial translation
854130_reviewed	intracellular potassium ion homeostasis
854095_reviewed	glycerol metabolic process
854186_reviewed	methylation
854314_reviewed	thiamine diphosphate biosynthetic process
854321_reviewed	mitochondrial translation
854359_reviewed	mitochondrial translation
854376_reviewed	rRNA modification
854415_reviewed	one-carbon metabolic process
854511_reviewed	mitochondrial magnesium ion transmembrane transport
854536_reviewed	mitochondrial translational initiation
854542_reviewed	adenylate cyclase-activating G protein-coupled receptor signaling pathway
854564_reviewed	siderophore transport
856067_reviewed	isoleucyl-tRNA aminoacylation
856005_reviewed	mitochondrial proton-transporting ATP synthase complex assembly
856000_reviewed	aspartyl-tRNA aminoacylation
855971_reviewed	aerobic respiration
855931_reviewed	heme A biosynthetic process
855824_reviewed	electron transport chain
856112_reviewed	fatty acid beta-oxidation using acyl-CoA dehydrogenase
856132_reviewed	aspartate transmembrane transport
856160_reviewed	mitochondrial phenylalanyl-tRNA aminoacylation
856262_reviewed	ATP synthesis coupled electron transport
851777_reviewed	coenzyme A biosynthetic process
854726_reviewed	coenzyme A biosynthetic process
854080_reviewed	transmembrane transport
855807_reviewed	cellular response to xenobiotic stimulus
854941_reviewed	chromosome organization
855491_reviewed	nucleotide-excision repair
850429_reviewed	cellular response to oxidative stress
856916_reviewed	chromatin remodeling
855168_reviewed	DNA repair
854683_reviewed	fungal-type cell wall organization
854190_reviewed	DNA-templated transcription
851772_reviewed	DNA repair-dependent chromatin remodeling
855899_reviewed	cardiolipin metabolic process
856704_reviewed	mitochondrial outer membrane translocase complex assembly
856430_reviewed	COPII-coated vesicle cargo loading
851454_reviewed	mitochondrial tRNA threonylcarbamoyladenosine modification
853708_reviewed	mRNA splicing, via spliceosome
852985_reviewed	mRNA splicing, via spliceosome
856536_reviewed	DNA repair
851926_reviewed	apoptotic process
855563_reviewed	cellular response to amino acid stimulus
853316_reviewed	amide catabolic process
850903_reviewed	actin cortical patch assembly
852202_reviewed	isoleucyl-tRNA aminoacylation
852349_reviewed	negative regulation of gluconeogenesis
850604_reviewed	vesicle-mediated transport
854695_reviewed	mitochondrial electron transport, cytochrome c to oxygen
854165_reviewed	endonucleolytic cleavage in 5'-ETS of tricistronic rRNA transcript (SSU-rRNA, 5.8S rRNA, LSU-rRNA)
852746_reviewed	cellular response to oxidative stress
855214_reviewed	cell wall organization
850908_reviewed	autophagy
850324_reviewed	cellular response to oxidative stress
856077_reviewed	tRNA methylation
852338_reviewed	positive regulation of transcription by RNA polymerase II
852729_reviewed	amino acid biosynthetic process
850348_reviewed	branched-chain amino acid biosynthetic process
851239_reviewed	alcohol metabolic process
855107_reviewed	amino acid catabolic process to alcohol via Ehrlich pathway
853836_reviewed	cellular response to hypoxia
854991_reviewed	tRNA 5'-leader removal
856533_reviewed	cell wall organization
852489_reviewed	cytoplasmic translation
852902_reviewed	gamma-aminobutyric acid catabolic process
853477_reviewed	acyl-CoA metabolic process
852209_reviewed	protein targeting to membrane
850916_reviewed	reciprocal meiotic recombination
851010_reviewed	cysteine biosynthetic process
856797_reviewed	energy reserve metabolic process
851208_reviewed	maturation of 5.8S rRNA
856638_reviewed	filamentous growth
855299_reviewed	mitochondrial respiratory chain complex IV assembly
856660_reviewed	mitochondrial translation
856078_reviewed	Group I intron splicing
852417_reviewed	mitochondrial respiratory chain complex III assembly
856402_reviewed	mitochondrial seryl-tRNA aminoacylation
855641_reviewed	ADP transport
853173_reviewed	import into the mitochondrion
856491_reviewed	arginyl-tRNA aminoacylation
855781_reviewed	positive regulation of mitochondrial translation
855421_reviewed	regulation of mitochondrial DNA metabolic process
855037_reviewed	mitochondrial tRNA wobble uridine modification
856509_reviewed	methylation
856007_reviewed	mitochondrial tyrosyl-tRNA aminoacylation
852332_reviewed	chaperone-mediated protein complex assembly
851022_reviewed	mitochondrial translation
852312_reviewed	cell redox homeostasis
856573_reviewed	mitochondrial large ribosomal subunit assembly
854709_reviewed	macroautophagy
855778_reviewed	isoprenoid biosynthetic process
850940_reviewed	protein lipoylation
856820_reviewed	prolyl-tRNA aminoacylation
855086_reviewed	regulation of translation
856581_reviewed	protein folding
854013_reviewed	copper ion import
855508_reviewed	mitochondrion organization
853310_reviewed	mitochondrial translational initiation
855088_reviewed	mitochondrial ribosome assembly
851606_reviewed	L-valine catabolic process
855768_reviewed	4-aminobenzoate biosynthetic process
851861_reviewed	mitochondrial tryptophanyl-tRNA aminoacylation
855056_reviewed	endoplasmic reticulum to Golgi vesicle-mediated transport
851778_reviewed	positive regulation of mitochondrial translation
853563_reviewed	cellular response to heat
852002_reviewed	inner mitochondrial membrane organization
854182_reviewed	mitochondrial RNA 5'-end processing
850761_reviewed	intracellular sterol transport
856615_reviewed	branched-chain amino acid biosynthetic process
853735_reviewed	protein transport to vacuole involved in ubiquitin-dependent protein catabolic process via the multivesicular body sorting pathway
853212_reviewed	protein transport to vacuole involved in ubiquitin-dependent protein catabolic process via the multivesicular body sorting pathway
853626_reviewed	protein transport to vacuole involved in ubiquitin-dependent protein catabolic process via the multivesicular body sorting pathway
852069_reviewed	nuclear membrane organization
855753_reviewed	ergosterol metabolic process
854802_reviewed	sterol import
854416_reviewed	ascospore formation
854556_reviewed	acetate biosynthetic process
855257_reviewed	GMP biosynthetic process
852017_reviewed	'de novo' IMP biosynthetic process
853230_reviewed	lysine biosynthetic process via aminoadipic acid
851820_reviewed	lysine biosynthetic process via aminoadipic acid
852857_reviewed	fungal-type cell wall beta-glucan biosynthetic process
855223_reviewed	protein import into nucleus
852641_reviewed	DNA replication
850351_reviewed	lipid droplet formation
851214_reviewed	chromatin remodeling
850797_reviewed	exonucleolytic trimming to generate mature 3'-end of 5.8S rRNA from tricistronic rRNA transcript (SSU-rRNA, 5.8S rRNA, LSU-rRNA)
854513_reviewed	alanyl-tRNA aminoacylation
853059_reviewed	cysteine biosynthetic process from serine
852378_reviewed	folic acid biosynthetic process
856681_reviewed	extraction of mislocalized protein from ER membrane
850544_reviewed	engulfment of target by autophagosome
856088_reviewed	engulfment of target by autophagosome
853432_reviewed	mitochondrial tRNA 5'-end processing
854541_reviewed	nuclear-transcribed mRNA catabolic process
854775_reviewed	cellular response to carbon dioxide
850599_reviewed	error-free translesion synthesis
854110_reviewed	ascospore wall assembly
851944_reviewed	carbohydrate transport
852528_reviewed	protein import into mitochondrial matrix
851818_reviewed	heme biosynthetic process
853242_reviewed	DNA damage response
856671_reviewed	carbohydrate metabolic process
853307_reviewed	calcium-mediated signaling
856520_reviewed	DNA repair
856673_reviewed	L-methionine salvage from methylthioadenosine
856467_reviewed	mitochondrial tRNA methylation
855282_reviewed	alpha-ketoglutarate transport
854986_reviewed	adenine salvage
855196_reviewed	ERAD pathway
855504_reviewed	cellular response to phosphate starvation
855594_reviewed	NAD+ biosynthetic process
853594_reviewed	methionine biosynthetic process
851329_reviewed	guanine nucleotide transport
856026_reviewed	cytoplasmic translation
850366_reviewed	G1/S transition of mitotic cell cycle
853925_reviewed	protein targeting to vacuolar membrane
854141_reviewed	exocytosis
851514_reviewed	intracellular sterol transport
854007_reviewed	ferric-enterobactin import into cell
854841_reviewed	positive regulation of gamma-aminobutyric acid catabolic process
855018_reviewed	glycerophospholipid catabolic process
856029_reviewed	fungal-type cell wall organization
852679_reviewed	D-serine catabolic process
852832_reviewed	tRNA methylation
856883_reviewed	protein folding in endoplasmic reticulum
854953_reviewed	cortical actin cytoskeleton organization
850333_reviewed	amino acid transmembrane transport
855028_reviewed	maturation of SSU-rRNA
856118_reviewed	cellular response to starvation
852777_reviewed	deoxyribonucleoside monophosphate catabolic process
851598_reviewed	lysine biosynthetic process
854894_reviewed	acetate biosynthetic process
851953_reviewed	fungal-type cell wall organization
854246_reviewed	intracellular manganese ion homeostasis
853514_reviewed	potassium ion transmembrane transport
852216_reviewed	2-micrometer plasmid partitioning
853865_reviewed	DNA-templated transcription
854033_reviewed	cellular hyperosmotic salinity response
854927_reviewed	negative regulation of transcription by RNA polymerase II
855660_reviewed	amino acid export across plasma membrane
851936_reviewed	mitochondrial translational elongation
852141_reviewed	fungal-type cell wall organization
850773_reviewed	axial cellular bud site selection
853823_reviewed	positive regulation of pseudohyphal growth
854151_reviewed	glycerophospholipid catabolic process
852261_reviewed	dolichol-linked oligosaccharide biosynthetic process
853396_reviewed	mitotic recombination
853991_reviewed	late endosome to vacuole transport via multivesicular body sorting pathway
850354_reviewed	protein retention in ER lumen
854108_reviewed	glutathione biosynthetic process
852317_reviewed	CDP-diacylglycerol biosynthetic process
856347_reviewed	Group I intron splicing
850911_reviewed	copper ion import
852125_reviewed	ascospore formation
855926_reviewed	negative regulation of dipeptide transport
853964_reviewed	cell budding
855137_reviewed	aldehyde catabolic process
853351_reviewed	inorganic cation transmembrane transport
851767_reviewed	protein transport
850616_reviewed	L-cysteine catabolic process to pyruvate
851146_reviewed	response to xenobiotic stimulus
850621_reviewed	actin cortical patch assembly
852401_reviewed	mitochondrial L-ornithine transmembrane transport
853312_reviewed	intracellular calcium ion homeostasis
851626_reviewed	protein insertion into ER membrane by stop-transfer membrane-anchor sequence
852579_reviewed	nuclear DNA replication
853852_reviewed	DNA damage tolerance
854320_reviewed	GPI anchor biosynthetic process
855994_reviewed	glycerophospholipid catabolic process
852946_reviewed	amino acid transmembrane transport
854895_reviewed	mRNA processing
854396_reviewed	fatty acid biosynthetic process
854139_reviewed	amino acid transmembrane transport
851765_reviewed	bipolar cellular bud site selection
855498_reviewed	aggrephagy
856261_reviewed	intracellular triglyceride homeostasis
852636_reviewed	amino acid catabolic process to alcohol via Ehrlich pathway
853887_reviewed	histone catabolic process
856442_reviewed	inositol biosynthetic process
854202_reviewed	mitochondrial membrane organization
851952_reviewed	positive regulation of mitochondrial translation
852815_reviewed	dolichol-linked oligosaccharide biosynthetic process
853265_reviewed	(1->6)-beta-D-glucan biosynthetic process
850352_reviewed	cardiolipin biosynthetic process
851932_reviewed	mitochondrial DNA metabolic process
853766_reviewed	ascospore-type prospore membrane formation
853553_reviewed	establishment of mitochondrion localization
856392_reviewed	cyclic threonylcarbamoyladenosine biosynthetic process
852890_reviewed	phosphatidylethanolamine biosynthetic process
856270_reviewed	lipid metabolic process
850519_reviewed	endoplasmic reticulum to Golgi vesicle-mediated transport
852568_reviewed	3-keto-sphinganine metabolic process
855251_reviewed	mitochondrion organization
855803_reviewed	Golgi to endosome transport
856777_reviewed	chromatin remodeling
850805_reviewed	post-Golgi vesicle-mediated transport
854305_reviewed	proton transmembrane transport
850971_reviewed	cellular response to stress
850550_reviewed	mRNA pseudouridine synthesis
855033_reviewed	DNA-templated transcription
850555_reviewed	mRNA splicing, via spliceosome
855215_reviewed	intracellular iron ion homeostasis
851130_reviewed	microtubule-based process
852540_reviewed	aerobic respiration
852993_reviewed	regulation of mitochondrion organization
854864_reviewed	maintenance of RNA location
850498_reviewed	mitochondrial respiratory chain complex IV assembly
852447_reviewed	DNA-templated transcription
854515_reviewed	transcription elongation by RNA polymerase II
856759_reviewed	cellular response to phosphate starvation
852139_reviewed	transcription by RNA polymerase II
854924_reviewed	borate transport
856032_reviewed	protein deubiquitination
854892_reviewed	methionine biosynthetic process
854377_reviewed	L-histidine biosynthetic process
851364_reviewed	regulation of vacuole fusion, non-autophagic
853918_reviewed	endoplasmic reticulum to Golgi vesicle-mediated transport
855030_reviewed	positive regulation of transcription by RNA polymerase II
851181_reviewed	attachment of GPI anchor to protein
851302_reviewed	mRNA destabilization
851976_reviewed	maturation of LSU-rRNA
856178_reviewed	cell differentiation
854075_reviewed	ribosomal large subunit assembly
855324_reviewed	GPI anchor biosynthetic process
854488_reviewed	phosphatidic acid biosynthetic process
852861_reviewed	positive regulation of TORC1 signaling
854483_reviewed	riboflavin transport
852136_reviewed	endoplasmic reticulum to Golgi vesicle-mediated transport
853028_reviewed	Golgi organization
855447_reviewed	glyoxylate catabolic process
851881_reviewed	inositol biosynthetic process
854687_reviewed	fungal-type cell wall biogenesis
855541_reviewed	actin filament organization
854401_reviewed	intracellular iron ion homeostasis
852937_reviewed	cardiolipin biosynthetic process
855021_reviewed	L-methionine salvage from methylthioadenosine
852710_reviewed	intracellular copper ion homeostasis
850372_reviewed	base-excision repair
853678_reviewed	amino acid transport
855650_reviewed	establishment or maintenance of actin cytoskeleton polarity
853616_reviewed	fungal-type cell wall organization
851609_reviewed	intracellular calcium ion homeostasis
856618_reviewed	cell-substrate adhesion
853820_reviewed	budding cell bud growth
851608_reviewed	intracellular calcium ion homeostasis
851254_reviewed	glycine catabolic process
856658_reviewed	cellular response to oxidative stress
856811_reviewed	protein processing
856443_reviewed	glycogen metabolic process
853673_reviewed	cytochrome complex assembly
852817_reviewed	mRNA pseudouridine synthesis
852994_reviewed	glutaminyl-tRNAGln biosynthesis via transamidation
853121_reviewed	fatty acid beta-oxidation using acyl-CoA dehydrogenase
853326_reviewed	fungal-type cell wall organization
853559_reviewed	arabinose catabolic process
851063_reviewed	dicarboxylic acid transport
855205_reviewed	beta-alanine biosynthetic process
855348_reviewed	mRNA processing
855480_reviewed	glucose metabolic process
854105_reviewed	pantothenate biosynthetic process
854184_reviewed	autophagy of mitochondrion
856018_reviewed	ceramide biosynthetic process
856225_reviewed	EGAD pathway
856841_reviewed	double-strand break repair via break-induced replication
853543_reviewed	inner mitochondrial membrane organization
851739_reviewed	'de novo' cotranslational protein folding
853510_reviewed	FAD metabolic process
855866_reviewed	DNA damage response
856004_reviewed	autophagy of mitochondrion
856436_reviewed	box C/D snoRNP assembly
854914_reviewed	ergosterol biosynthetic process
851939_reviewed	endonucleolytic cleavage in 5'-ETS of tricistronic rRNA transcript (SSU-rRNA, 5.8S rRNA, LSU-rRNA)
851225_reviewed	autophagy of mitochondrion
854136_reviewed	maturation of SSU-rRNA
855944_reviewed	aerobic respiration
