851136_reviewed	Nucleus, nucleoplasm
854020_reviewed	Nucleus, nucleoplasm
854290_reviewed	Nucleus, nucleoplasm
852582_reviewed	Nucleus, nucleoplasm
854933_reviewed	Nucleus
852607_reviewed	Nucleus, nucleoplasm
852665_reviewed	Nucleus
856911_reviewed	Nucleus
851318_reviewed	Nucleus
851968_reviewed	Nucleus
855253_reviewed	Cytoplasm
850808_reviewed	Nucleus
853195_reviewed	Cytoplasm
852357_reviewed	Nucleus
853509_reviewed	Cytoplasm
855888_reviewed	Nucleus
850623_reviewed	Nucleus
852757_reviewed	Nucleus
851201_reviewed	Nucleus
855952_reviewed	Cytoplasm
856751_reviewed	Nucleus
856216_reviewed	Nucleus
853681_reviewed	Nucleus
852025_reviewed	Nucleus
853030_reviewed	Nucleus
853767_reviewed	Nucleus
851143_reviewed	Cytoplasm
855476_reviewed	Nucleus
854827_reviewed	Nucleus. Chromosome, centromere, kinetochore. Note=Associated with the kinetochore
852512_reviewed	Nucleus
851841_reviewed	Nucleus
856089_reviewed	Nucleus
851097_reviewed	Nucleus. Chromosome, centromere, kinetochore. Note=Associated with kinetochores
853599_reviewed	Nucleus. Chromosome, centromere, kinetochore. Note=Associated with kinetochores
851197_reviewed	Chromosome, centromere, kinetochore
851991_reviewed	Nucleus
855843_reviewed	Nucleus
853090_reviewed	Nucleus
855599_reviewed	Nucleus
850872_reviewed	Nucleus, nucleolus
853373_reviewed	Nucleus
851576_reviewed	Nucleus
854019_reviewed	Nucleus
852100_reviewed	Nucleus
853098_reviewed	Nucleus
854322_reviewed	Nucleus
852888_reviewed	Nucleus
855974_reviewed	Nucleus
856042_reviewed	Mitochondrion inner membrane
855243_reviewed	Mitochondrion outer membrane; Multi-pass membrane protein
851882_reviewed	Nucleus
856695_reviewed	Nucleus
850693_reviewed	Nucleus
851453_reviewed	Nucleus
851099_reviewed	Nucleus. Chromosome
854123_reviewed	Nucleus
851969_reviewed	Nucleus, nucleolus
851893_reviewed	Nucleus, nucleolus
853419_reviewed	Nucleus, nucleolus
854487_reviewed	Nucleus, nucleolus
853048_reviewed	Nucleus, nucleolus
850553_reviewed	Nucleus
856870_reviewed	Cytoplasm
853641_reviewed	Nucleus
852885_reviewed	Nucleus
853364_reviewed	Nucleus
851771_reviewed	Nucleus
855841_reviewed	Nucleus, nucleoplasm
851962_reviewed	Nucleus
855616_reviewed	Cytoplasm. Nucleus
856696_reviewed	Nucleus
856490_reviewed	Nucleus
856463_reviewed	Nucleus, nucleolus
850982_reviewed	Nucleus, nucleolus
850652_reviewed	Nucleus, nucleolus
853682_reviewed	Nucleus, nucleolus
855068_reviewed	Nucleus, nucleolus
855335_reviewed	Nucleus, nucleolus
855890_reviewed	Cytoplasm. Nucleus, nucleolus
856012_reviewed	Nucleus, nucleolus
855664_reviewed	Nucleus, nucleolus
856063_reviewed	Nucleus, nucleolus
852995_reviewed	Nucleus, nucleolus
852767_reviewed	Nucleus, nucleolus
856488_reviewed	Nucleus, nucleolus
853956_reviewed	Nucleus, nucleolus
855730_reviewed	Nucleus, nucleolus
851660_reviewed	Nucleus, nucleolus
856126_reviewed	Cytoplasm. Nucleus, nucleolus. Note=Shuttles between cytoplasm and nucleus/nucleolus
854446_reviewed	Nucleus, nucleolus
856485_reviewed	Nucleus
855539_reviewed	Nucleus
856604_reviewed	Nucleus
853445_reviewed	Nucleus, nucleolus
853064_reviewed	Nucleus
851720_reviewed	Cytoplasm, cytosol
853774_reviewed	Cytoplasm
853946_reviewed	Nucleus
853954_reviewed	Cytoplasm
853222_reviewed	Mitochondrion inner membrane
850823_reviewed	Nucleus
850837_reviewed	Membrane
855500_reviewed	Cytoplasm
855439_reviewed	Nucleus
852560_reviewed	Nucleus
851200_reviewed	Cytoplasm
852918_reviewed	Nucleus
856459_reviewed	Nucleus
852089_reviewed	Nucleus
852749_reviewed	Cytoplasm
853892_reviewed	Cytoplasm
854985_reviewed	Nucleus
856760_reviewed	Nucleus
853056_reviewed	Cell membrane
850930_reviewed	Cell membrane
856723_reviewed	Nucleus
854381_reviewed	Nucleus, nucleolus
850688_reviewed	Nucleus, nucleolus
853271_reviewed	Nucleus. Chromosome
851549_reviewed	Nucleus
851495_reviewed	Nucleus
853780_reviewed	Nucleus, nucleolus
853029_reviewed	Nucleus, nucleolus
855977_reviewed	Nucleus, nucleolus
851924_reviewed	Nucleus, nucleolus
856603_reviewed	Nucleus, nucleolus
855118_reviewed	Nucleus, nucleolus
851125_reviewed	Nucleus, nucleolus
850820_reviewed	Nucleus, nucleolus
850422_reviewed	Nucleus, nucleolus
850919_reviewed	Nucleus, nucleolus
853376_reviewed	Nucleus, nucleolus
852060_reviewed	Nucleus, nucleolus
852982_reviewed	Nucleus, nucleolus
850326_reviewed	Nucleus, nucleolus
854078_reviewed	Nucleus, nucleolus
850304_reviewed	Nucleus, nucleolus
850551_reviewed	Nucleus, nucleolus
853860_reviewed	Nucleus, nucleolus
855613_reviewed	Cytoplasm
856863_reviewed	Nucleus, nucleolus
856449_reviewed	Nucleus, nucleolus
850695_reviewed	Cytoplasm
853181_reviewed	Cytoplasm
852773_reviewed	Cytoplasm
852606_reviewed	Cytoplasm. Mitochondrion. Note=Largely excluded from the nucleus
853071_reviewed	Cytoplasm
852802_reviewed	Nucleus, nucleolus
856489_reviewed	Nucleus, nucleolus
851319_reviewed	Nucleus, nucleolus
851313_reviewed	Nucleus, nucleolus
850894_reviewed	Nucleus, nucleolus
856746_reviewed	Cytoplasm, cytosol
851196_reviewed	Cytoplasm
851632_reviewed	Nucleus, nucleolus
854543_reviewed	Cytoplasm
853397_reviewed	Nucleus
851379_reviewed	Nucleus
854034_reviewed	Nucleus
854162_reviewed	Nucleus, nucleolus
854079_reviewed	Cytoplasm
856249_reviewed	Cytoplasm
851513_reviewed	Cytoplasm
850601_reviewed	Cytoplasm
853899_reviewed	Cytoplasm
850440_reviewed	Cytoplasm
852084_reviewed	Nucleus
856307_reviewed	Nucleus
852344_reviewed	Nucleus
851548_reviewed	Nucleus, nucleolus
854379_reviewed	Cytoplasm
852039_reviewed	Cytoplasm
856912_reviewed	Cytoplasm. Nucleus. Note=Predominantly cytoplasmic. Rapidly shuttles between the nucleus and the cytoplasm. Can be exported from the nucleus through at least 2 distinct pathways, the main being dependent on the exportin CRM1, and the second requiring MEX67 and ongoing mRNA export. Import is mediated by the importin SXM1
854026_reviewed	Cytoplasm
856846_reviewed	Cytoplasm
852042_reviewed	Cytoplasm
856255_reviewed	Nucleus, nucleolus
854138_reviewed	Cytoplasm
855489_reviewed	Cytoplasm
856466_reviewed	Cytoplasm. Nucleus, nucleolus
854023_reviewed	Cytoplasm
851447_reviewed	Cytoplasm
851874_reviewed	Cytoplasm
852987_reviewed	Cytoplasm
853109_reviewed	Cytoplasm
854243_reviewed	Cytoplasm
856481_reviewed	Nucleus
850401_reviewed	Cytoplasm
853442_reviewed	Nucleus
854382_reviewed	Nucleus
853713_reviewed	Nucleus
855737_reviewed	Nucleus
856320_reviewed	Cytoplasm
854283_reviewed	Nucleus
853895_reviewed	Nucleus
851404_reviewed	Nucleus
855571_reviewed	Nucleus
856226_reviewed	Nucleus, nucleolus
855473_reviewed	Nucleus, nucleolus
852451_reviewed	Nucleus
856317_reviewed	Cytoplasm
854791_reviewed	Nucleus
853301_reviewed	Nucleus. Cytoplasm. Cytoplasm, P-body. Note=Seems to shuttle between nucleus and cytoplasm in a complex with RPB7
852013_reviewed	Nucleus. Cytoplasm. Cytoplasm, P-body. Note=Seems to shuttle between nucleus and cytoplasm in a complex with RPB4
853293_reviewed	Nucleus, nucleolus
856119_reviewed	Nucleus, nucleolus
854518_reviewed	Nucleus, nucleolus
855161_reviewed	Nucleus
854229_reviewed	Cytoplasm
855925_reviewed	Nucleus. Cytoplasm, perinuclear region. Note=Predominantly nuclear, is able to exit the nucleus in an RNA-dependent manner
855155_reviewed	Nucleus
851716_reviewed	Nucleus
851475_reviewed	Nucleus
854940_reviewed	Nucleus
856572_reviewed	Nucleus
855468_reviewed	Nucleus
855116_reviewed	Nucleus
856146_reviewed	Nucleus
855049_reviewed	Nucleus
851071_reviewed	Nucleus
851897_reviewed	Nucleus
853877_reviewed	Nucleus
850720_reviewed	Nucleus
850419_reviewed	Nucleus
850598_reviewed	Nucleus
854912_reviewed	Nucleus
851032_reviewed	Nucleus
854680_reviewed	Nucleus
853192_reviewed	Nucleus
853985_reviewed	Nucleus
854345_reviewed	Nucleus
852726_reviewed	Nucleus
855485_reviewed	Nucleus
856743_reviewed	Nucleus
856437_reviewed	Nucleus
852996_reviewed	Nucleus
850760_reviewed	Nucleus
852421_reviewed	Nucleus
852938_reviewed	Nucleus
854277_reviewed	Nucleus
852416_reviewed	Nucleus
854960_reviewed	Nucleus
853857_reviewed	Nucleus
852896_reviewed	Cytoplasm
851821_reviewed	Nucleus
851827_reviewed	Nucleus
854749_reviewed	Nucleus
851678_reviewed	Cytoplasm. Nucleus
852319_reviewed	Cytoplasm
850682_reviewed	Cytoplasm
853320_reviewed	Cytoplasm. Nucleus
854116_reviewed	Nucleus, nucleolus
853160_reviewed	Nucleus, nucleolus
853922_reviewed	Cytoplasm
852569_reviewed	Cytoplasm
852007_reviewed	Nucleus, nucleolus
853712_reviewed	Cytoplasm
851557_reviewed	Cytoplasm
852003_reviewed	Cytoplasm
852834_reviewed	Cytoplasm
856223_reviewed	Nucleus
855357_reviewed	Cytoplasm
852371_reviewed	Cytoplasm
850889_reviewed	Cytoplasm
855177_reviewed	Cytoplasm
851665_reviewed	Cytoplasm
854434_reviewed	Cytoplasm, cytosol
852974_reviewed	Cytoplasm, cytosol
851797_reviewed	Cytoplasm, cytosol
850998_reviewed	Cytoplasm, cytosol
855838_reviewed	Cytoplasm, cytosol
851061_reviewed	Cytoplasm
855532_reviewed	Cytoplasm, perinuclear region. Note=Mainly localized at the periphery of the nucleus
855461_reviewed	Nucleus
853806_reviewed	Nucleus
850806_reviewed	Nucleus
851255_reviewed	Nucleus
850983_reviewed	Nucleus
851895_reviewed	Nucleus
855399_reviewed	Nucleus
851776_reviewed	Nucleus
855499_reviewed	Nucleus
851152_reviewed	Cytoplasm
856626_reviewed	Cytoplasm
854948_reviewed	Cytoplasm
853083_reviewed	Cytoplasm
856218_reviewed	Cytoplasm. Nucleus
856731_reviewed	Cytoplasm. Nucleus
854544_reviewed	Cytoplasm. Nucleus
853456_reviewed	Cytoplasm. Nucleus
855362_reviewed	Cytoplasm. Nucleus
854119_reviewed	Cytoplasm
852239_reviewed	Cytoplasm. Nucleus
854882_reviewed	Cytoplasm. Nucleus
853036_reviewed	Cytoplasm. Nucleus
854328_reviewed	Cytoplasm. Nucleus
853168_reviewed	Cytoplasm. Nucleus
852873_reviewed	Cytoplasm
851963_reviewed	Cytoplasm
855893_reviewed	Cytoplasm
851212_reviewed	Cytoplasm
855788_reviewed	Cytoplasm
855158_reviewed	Nucleus, nucleolus
852755_reviewed	Nucleus
852305_reviewed	Cytoplasm
855104_reviewed	Cytoplasm
853385_reviewed	Nucleus, nuclear pore complex
852107_reviewed	Bud tip. Nucleus, nucleolus
854152_reviewed	Nucleus, nucleolus
855884_reviewed	Cytoplasm
851509_reviewed	Nucleus
855833_reviewed	Cytoplasm
855891_reviewed	Cytoplasm
854732_reviewed	Cytoplasm
851752_reviewed	Cytoplasm
852440_reviewed	Cytoplasm
855919_reviewed	Cytoplasm
852353_reviewed	Cytoplasm
853099_reviewed	Cytoplasm
852538_reviewed	Nucleus
854999_reviewed	Nucleus
854068_reviewed	Cytoplasm
851998_reviewed	Nucleus
850818_reviewed	Cytoplasm
853846_reviewed	Nucleus
856571_reviewed	Nucleus. Chromosome, centromere, kinetochore. Note=Associated with the kinetochore
852194_reviewed	Cytoplasm
852425_reviewed	Preautophagosomal structure membrane; Peripheral membrane protein. Vacuole membrane; Peripheral membrane protein. Note=TRS85 is required for the recruitment of ATG14 to the PAS
855983_reviewed	Endosome membrane; Peripheral membrane protein. Vacuole membrane; Peripheral membrane protein. Preautophagosomal structure membrane
853723_reviewed	Cell membrane. Membrane, coated pit; Peripheral membrane protein; Cytoplasmic side. Note=Component of the coat surrounding the cytoplasmic face of coated vesicles in the plasma membrane
856141_reviewed	Cytoplasm
855869_reviewed	Cytoplasmic vesicle. Cytoplasmic vesicle, clathrin-coated vesicle membrane
856367_reviewed	Golgi apparatus membrane
850868_reviewed	Cytoplasm
852243_reviewed	Cell membrane. Membrane, coated pit; Peripheral membrane protein; Cytoplasmic side. Note=Component of the coat surrounding the cytoplasmic face of coated vesicles in the plasma membrane
853461_reviewed	Cell membrane. Membrane, coated pit; Peripheral membrane protein; Cytoplasmic side. Note=Component of the coat surrounding the cytoplasmic face of coated vesicles in the plasma membrane
854092_reviewed	Membrane, clathrin-coated pit. Cytoplasmic vesicle, clathrin-coated vesicle membrane
855906_reviewed	Golgi apparatus
853177_reviewed	Golgi apparatus
852591_reviewed	Golgi apparatus
853429_reviewed	Golgi apparatus
854748_reviewed	Cytoplasm, cytoskeleton, actin patch
851085_reviewed	Cytoplasm, cytoskeleton
853856_reviewed	Cytoplasm, cytoskeleton, actin patch
855771_reviewed	Cytoplasm, cytoskeleton, actin patch
853528_reviewed	Cytoplasm, cytoskeleton, actin patch
851532_reviewed	Cytoplasm, cytoskeleton, actin patch
852536_reviewed	Cytoplasm, cytoskeleton, actin patch
856404_reviewed	Cytoplasm
851521_reviewed	Cytoplasm
853327_reviewed	Nucleus
855950_reviewed	Nucleus
851488_reviewed	Cytoplasm
851115_reviewed	Nucleus
852499_reviewed	Cytoplasm, cytoskeleton
856850_reviewed	Bud
853942_reviewed	Golgi apparatus, cis-Golgi network. Endoplasmic reticulum. Preautophagosomal structure
854898_reviewed	Golgi apparatus, cis-Golgi network. Endoplasmic reticulum. Preautophagosomal structure
851686_reviewed	Preautophagosomal structure
853076_reviewed	Cytoplasm. Golgi apparatus, cis-Golgi network
852016_reviewed	Golgi apparatus, cis-Golgi network
855258_reviewed	Golgi apparatus
852556_reviewed	Golgi apparatus, cis-Golgi network. Endoplasmic reticulum. Preautophagosomal structure
851833_reviewed	Golgi apparatus, cis-Golgi network. Endoplasmic reticulum. Preautophagosomal structure
852083_reviewed	Golgi apparatus, cis-Golgi network. Endoplasmic reticulum. Preautophagosomal structure
854282_reviewed	Golgi apparatus, cis-Golgi network. Endoplasmic reticulum. Preautophagosomal structure
851676_reviewed	Cytoplasm
851564_reviewed	Cytoplasm
855454_reviewed	Nucleus
850763_reviewed	Nucleus
850435_reviewed	Nucleus, nucleolus
855789_reviewed	Nucleus, nucleolus
853862_reviewed	Cytoplasm
854777_reviewed	Cytoplasm, cytoskeleton, actin patch
854819_reviewed	Cytoplasm, cytoskeleton, actin patch
851471_reviewed	Nucleus
855911_reviewed	Nucleus, nucleoplasm
855470_reviewed	Nucleus
854956_reviewed	Nucleus
852833_reviewed	Cytoplasm
850298_reviewed	Nucleus, nucleolus
851450_reviewed	Nucleus
852071_reviewed	Nucleus
853035_reviewed	Cytoplasm
855428_reviewed	Cytoplasm
851024_reviewed	Membrane; Peripheral membrane protein. Bud neck. Note=Present at the bud neck during cell division. Probably interacts with phosphoinosides such as phosphatidylinositol 4-phosphate or phosphatidylinositol 5-phosphate
850358_reviewed	Membrane
853539_reviewed	Membrane
856507_reviewed	Membrane
851373_reviewed	Membrane
851389_reviewed	Cytoplasm
856186_reviewed	Cytoplasm
851431_reviewed	Endoplasmic reticulum
852468_reviewed	Cytoplasm, perinuclear region. Endoplasmic reticulum membrane; Peripheral membrane protein; Cytoplasmic side. Nucleus membrane; Peripheral membrane protein; Cytoplasmic side. Note=Localizes mainly at the nuclear periphery and the endoplasmic reticulum membrane
852222_reviewed	Nucleus
851618_reviewed	Cytoplasm
855136_reviewed	Cytoplasm, cytoskeleton, actin patch
855316_reviewed	Cytoplasm
851530_reviewed	Nucleus, nucleolus
852779_reviewed	Cytoplasm
856719_reviewed	Nucleus, nucleolus
855332_reviewed	Nucleus
855745_reviewed	Nucleus
856732_reviewed	Nucleus
850427_reviewed	Nucleus
852747_reviewed	Nucleus
855873_reviewed	Nucleus
853871_reviewed	Nucleus
855083_reviewed	Nucleus. Cytoplasm. Note=Nucleus and/or cytoplasm
853060_reviewed	Nucleus
852547_reviewed	Nucleus
855208_reviewed	Nucleus
853186_reviewed	Chromosome, centromere
854424_reviewed	Nucleus
851814_reviewed	Nucleus
852838_reviewed	Nucleus
852452_reviewed	Cytoplasm
851410_reviewed	Cytoplasm. Golgi apparatus membrane; Peripheral membrane protein; Cytoplasmic side. Cytoplasmic vesicle, COPI-coated vesicle membrane; Peripheral membrane protein; Cytoplasmic side. Note=The coatomer is cytoplasmic or polymerized on the cytoplasmic side of the Golgi, as well as on the vesicles/buds originating from it
850612_reviewed	Cytoplasm
856097_reviewed	Cytoplasm
855429_reviewed	Cytoplasm. Golgi apparatus membrane; Peripheral membrane protein; Cytoplasmic side. Cytoplasmic vesicle, COPI-coated vesicle membrane; Peripheral membrane protein; Cytoplasmic side. Endosome. Note=The coatomer is cytoplasmic or polymerized on the cytoplasmic side of the Golgi, as well as on the vesicles/buds originating from it
851824_reviewed	Cytoplasm
854734_reviewed	Cytoplasm
852235_reviewed	Mitochondrion inner membrane
856321_reviewed	Mitochondrion inner membrane
851733_reviewed	Cytoplasm
852399_reviewed	Nucleus
850399_reviewed	Nucleus
853062_reviewed	Cytoplasm. Nucleus, nucleolus
855102_reviewed	Nucleus
856305_reviewed	Cytoplasm
855426_reviewed	Nucleus
854059_reviewed	Nucleus
852383_reviewed	Nucleus
853718_reviewed	Nucleus, nucleolus. Cytoplasm
853450_reviewed	Nucleus, nucleolus
854928_reviewed	Nucleus, nucleolus. Cytoplasm
855281_reviewed	Nucleus
851518_reviewed	Nucleus
853227_reviewed	Nucleus
855605_reviewed	Cytoplasm, P-body
854016_reviewed	Cytoplasm, P-body
854883_reviewed	Mitochondrion
856700_reviewed	Cytoplasm, P-body
853667_reviewed	Nucleus
852611_reviewed	Cytoplasm
851699_reviewed	Nucleus
852580_reviewed	Nucleus
851240_reviewed	Nucleus, nucleolus. Nucleus. Cytoplasm. Note=Shuttles between the nucleus and the cytoplasm and is re-imported by the KAP123 karyopherin
855356_reviewed	Cytoplasm
852004_reviewed	Cytoplasm. Nucleus, nuclear pore complex
852233_reviewed	Cytoplasm
850396_reviewed	Bud neck
851949_reviewed	Cell membrane
853114_reviewed	Cytoplasm. Nucleus
856019_reviewed	Cytoplasm
856594_reviewed	Cytoplasm
851100_reviewed	Cytoplasm
856002_reviewed	Cytoplasm. Nucleus
852549_reviewed	Cytoplasm. Nucleus, nucleolus
850883_reviewed	Nucleus, nucleolus
856553_reviewed	Nucleus, nucleolus
855649_reviewed	Nucleus, nucleolus
856815_reviewed	Nucleus, nucleolus
855591_reviewed	Nucleus, nucleolus
853714_reviewed	Nucleus. Cytoplasm. Note=Shuttles between the nucleus and the cytoplasm
853458_reviewed	Nucleus, nucleolus
851407_reviewed	Nucleus, nucleolus
850649_reviewed	Nucleus, nucleolus
851499_reviewed	Cytoplasm. Nucleus, nucleolus
852972_reviewed	Nucleus, nucleolus
854221_reviewed	Cytoplasm. Nucleus, nucleolus. Endoplasmic reticulum
856095_reviewed	Cytoplasm
856267_reviewed	Nucleus, nucleolus
850520_reviewed	Nucleus
850504_reviewed	Cytoplasm, cytoskeleton
856134_reviewed	Nucleus
851264_reviewed	Endoplasmic reticulum membrane
852675_reviewed	Endoplasmic reticulum membrane
851226_reviewed	Endoplasmic reticulum membrane
854997_reviewed	Endoplasmic reticulum membrane; Single-pass type I membrane protein. Golgi apparatus membrane; Single-pass type I membrane protein. Note=Recycles between endoplasmic reticulum and Golgi
855005_reviewed	Nucleus
852398_reviewed	Cytoplasmic vesicle, secretory vesicle. Bud. Bud neck. Note=Cell periphery, bud and bud neck. The polarization of EXO84 requires actin cables
854742_reviewed	Cytoplasm
856168_reviewed	Cytoplasm. Cell membrane; Peripheral membrane protein. Note=75% cytoplasmic. 25% associated with the cell membrane
853555_reviewed	Nucleus
850749_reviewed	Cytoplasm
850522_reviewed	Cytoplasm
852506_reviewed	Vacuole membrane
850502_reviewed	Cell membrane
853896_reviewed	Cytoplasm, cytosol
853463_reviewed	Cytoplasm, cytosol
856876_reviewed	Cytoplasm
850505_reviewed	Endoplasmic reticulum membrane
856753_reviewed	Golgi apparatus membrane
853884_reviewed	Cell membrane
856859_reviewed	Golgi apparatus
853072_reviewed	Vacuole membrane
852614_reviewed	Nucleus
854540_reviewed	Nucleus
856106_reviewed	Cytoplasm. Nucleus
856654_reviewed	Cytoplasm. Nucleus. Note=The nuclear location requires the presence of HAT2
850638_reviewed	Nucleus
855710_reviewed	Nucleus
856309_reviewed	Nucleus
851889_reviewed	Nucleus
851394_reviewed	Cytoplasm, P-body
852575_reviewed	Cytoplasm
854284_reviewed	Cytoplasm
854086_reviewed	Nucleus
852404_reviewed	Nucleus. Chromosome, centromere, kinetochore. Note=Associated with kinetochores
851916_reviewed	Nucleus
852296_reviewed	Cytoplasm
850567_reviewed	Nucleus
852744_reviewed	Nucleus
854143_reviewed	Cytoplasm
854480_reviewed	Nucleus
853997_reviewed	Cytoplasm
854681_reviewed	Mitochondrion
851726_reviewed	Mitochondrion
850527_reviewed	Mitochondrion matrix
856758_reviewed	Cytoplasm
856575_reviewed	Cytoplasm
855143_reviewed	Cytoplasm
856864_reviewed	Nucleus, nucleolus
851388_reviewed	Cytoplasm
853934_reviewed	Nucleus, nucleolus
855640_reviewed	Cell membrane; Peripheral membrane protein; Cytoplasmic side. Endosome membrane; Peripheral membrane protein; Cytoplasmic side. Cytoplasm, cytoskeleton, actin patch. Note=Cytoplasmic and cortical actin patches
855478_reviewed	Cell membrane
850580_reviewed	Cytoplasm
851634_reviewed	Cytoplasm. Endoplasmic reticulum. Membrane
855342_reviewed	Cytoplasm. Endoplasmic reticulum membrane; Multi-pass membrane protein
853318_reviewed	Nucleus
851607_reviewed	Cytoplasm
856848_reviewed	Nucleus
851209_reviewed	Cytoplasm. Bud. Note=The localization to the bud requires interaction with KEL1, as well as the presence of septins, CDC42, CLA4 and RAS2
851005_reviewed	Nucleus
856163_reviewed	Cytoplasm
856657_reviewed	Cytoplasm
852439_reviewed	Nucleus, nucleolus
850860_reviewed	Mitochondrion matrix
856419_reviewed	Mitochondrion matrix
851503_reviewed	Nucleus
850879_reviewed	Nucleus. Cytoplasm
851561_reviewed	Nucleus
850540_reviewed	Nucleus. Chromosome. Note=Associates with chromatin. Before prophase it is scattered along chromosome arms. At anaphase, the MCD1 subunit of the cohesin complex is cleaved, leading to the dissociation of the complex from chromosomes, allowing chromosome separation
853371_reviewed	Nucleus. Chromosome. Note=Associates with chromatin. Before prophase it is scattered along chromosome arms. At anaphase, the MCD1 subunit of the cohesin complex is cleaved, leading to the dissociation of the complex from chromosomes, allowing chromosome separation
852673_reviewed	Nucleus
850980_reviewed	Nucleus. Note=Mobilized from the cytoplasm to the nucleus as mitosis is completed. Remains in the nucleus until the initiation of the next round of replication
851223_reviewed	Mitochondrion outer membrane
851559_reviewed	Nucleus
854106_reviewed	Nucleus
856183_reviewed	Nucleus
852492_reviewed	Nucleus
856297_reviewed	Nucleus
852860_reviewed	Nucleus
856065_reviewed	Nucleus
856455_reviewed	Nucleus
850442_reviewed	Nucleus
852053_reviewed	Nucleus
855203_reviewed	Nucleus
855642_reviewed	Nucleus
856384_reviewed	Mitochondrion
851948_reviewed	Mitochondrion
852975_reviewed	Mitochondrion
852188_reviewed	Mitochondrion
851937_reviewed	Mitochondrion
852553_reviewed	Mitochondrion
852443_reviewed	Mitochondrion
855585_reviewed	Mitochondrion
854329_reviewed	Mitochondrion
851611_reviewed	Mitochondrion
853701_reviewed	Mitochondrion
852748_reviewed	Mitochondrion
854715_reviewed	Mitochondrion
853565_reviewed	Mitochondrion
853578_reviewed	Mitochondrion
855190_reviewed	Mitochondrion
855226_reviewed	Mitochondrion
855410_reviewed	Mitochondrion
855436_reviewed	Mitochondrion
852419_reviewed	Mitochondrion
852242_reviewed	Mitochondrion
854983_reviewed	Mitochondrion
853135_reviewed	Mitochondrion
855231_reviewed	Mitochondrion
852967_reviewed	Mitochondrion
852816_reviewed	Mitochondrion
855985_reviewed	Mitochondrion
851755_reviewed	Mitochondrion
853053_reviewed	Mitochondrion
854380_reviewed	Mitochondrion
854063_reviewed	Nucleus
851671_reviewed	Nucleus
853609_reviewed	Mitochondrion matrix, mitochondrion nucleoid
851266_reviewed	Nucleus
855228_reviewed	Nucleus, nucleolus
851399_reviewed	Cytoplasm
852348_reviewed	Cytoplasm
852847_reviewed	Cytoplasm
851204_reviewed	Bud
853728_reviewed	Cytoplasm
852427_reviewed	Endoplasmic reticulum membrane
852119_reviewed	Cytoplasm
852610_reviewed	Cytoplasm
850334_reviewed	Bud neck
853503_reviewed	Mitochondrion matrix
855646_reviewed	Bud neck
854084_reviewed	Bud neck
851988_reviewed	Nucleus
851562_reviewed	Nucleus
854309_reviewed	Nucleus. Cytoplasm, cytoskeleton
852728_reviewed	Nucleus
850534_reviewed	Nucleus
850577_reviewed	Preautophagosomal structure membrane
850549_reviewed	Nucleus, nucleolus
853409_reviewed	Nucleus, nuclear pore complex. Nucleus membrane; Peripheral membrane protein; Cytoplasmic side. Nucleus membrane; Peripheral membrane protein; Nucleoplasmic side. Note=Symmetric distribution
850552_reviewed	Nucleus, nuclear pore complex
854691_reviewed	Nucleus, nuclear pore complex
855066_reviewed	Nucleus, nuclear pore complex
851263_reviewed	Nucleus, nuclear pore complex
854937_reviewed	Nucleus
852352_reviewed	Nucleus
850656_reviewed	Nucleus
856291_reviewed	Nucleus
855460_reviewed	Nucleus
856518_reviewed	Nucleus
853455_reviewed	Endoplasmic reticulum membrane
854989_reviewed	Endoplasmic reticulum membrane
852862_reviewed	Endoplasmic reticulum membrane
856716_reviewed	Endoplasmic reticulum membrane
852786_reviewed	Cytoplasm
853843_reviewed	Cytoplasm
856222_reviewed	Nucleus
852522_reviewed	Mitochondrion matrix
855653_reviewed	Mitochondrion matrix
850840_reviewed	Vacuole membrane; Peripheral membrane protein; Cytoplasmic side
855271_reviewed	Vacuole membrane
856062_reviewed	Cytoplasm. Vacuole
851112_reviewed	Vacuole
851653_reviewed	Vacuole
851261_reviewed	Golgi apparatus, Golgi stack. Note=Associated with the late-Golgi membranes
855245_reviewed	Cytoplasm
853155_reviewed	Cytoplasm
852245_reviewed	Nucleus
855621_reviewed	Nucleus
851647_reviewed	Cytoplasm
852234_reviewed	Nucleus
855520_reviewed	Nucleus
853023_reviewed	Nucleus
855224_reviewed	Cytoplasm. Mitochondrion
855836_reviewed	Cytoplasm
850611_reviewed	Cytoplasm
856830_reviewed	Cytoplasm. Nucleus
850441_reviewed	Mitochondrion intermembrane space
852983_reviewed	Nucleus
854485_reviewed	Nucleus
855497_reviewed	Cytoplasm
853010_reviewed	Nucleus
854042_reviewed	Nucleus
854351_reviewed	Nucleus
852224_reviewed	Cytoplasm
851643_reviewed	Cytoplasm
855716_reviewed	Cytoplasm
854817_reviewed	Cytoplasm
854245_reviewed	Nucleus, nucleolus
853762_reviewed	Nucleus, nucleolus
855790_reviewed	Nucleus, nucleolus
856674_reviewed	Nucleus
856909_reviewed	Cytoplasm
856918_reviewed	Nucleus
854678_reviewed	Nucleus
851342_reviewed	Vacuole membrane
856831_reviewed	Nucleus
854976_reviewed	Nucleus
852646_reviewed	Nucleus
854213_reviewed	Nucleus
851468_reviewed	Cytoplasm
853849_reviewed	Cytoplasm
852740_reviewed	Cytoplasm
854818_reviewed	Nucleus
855404_reviewed	Nucleus
853531_reviewed	Nucleus
854392_reviewed	Nucleus
852563_reviewed	Cytoplasm
852184_reviewed	Nucleus
851442_reviewed	Cytoplasm. Nucleus. Note=Shuttles between the nucleus and cytoplasm
855386_reviewed	Cytoplasm
851220_reviewed	Cytoplasm. Nucleus
855626_reviewed	Nucleus
855305_reviewed	Nucleus
854725_reviewed	Nucleus
855964_reviewed	Cytoplasm. Nucleus
852392_reviewed	Nucleus
855097_reviewed	Nucleus
855920_reviewed	Nucleus
851140_reviewed	Cytoplasm
851568_reviewed	Cytoplasm. Nucleus
851310_reviewed	Cytoplasm. Nucleus. Note=Nuclear localization requires the formation of the CSN complex
851759_reviewed	Cytoplasm
854739_reviewed	Cytoplasm
855040_reviewed	Cytoplasm
854032_reviewed	Cytoplasm
851114_reviewed	Cytoplasm
856319_reviewed	Cytoplasm. Nucleus
854179_reviewed	Cytoplasm
852095_reviewed	Golgi apparatus, trans-Golgi network membrane; Peripheral membrane protein. Endosome membrane; Peripheral membrane protein. Cytoplasm, cytoskeleton
851591_reviewed	Golgi apparatus, trans-Golgi network membrane; Peripheral membrane protein. Endosome membrane; Peripheral membrane protein. Mitochondrion membrane
853890_reviewed	Golgi apparatus, trans-Golgi network membrane
853365_reviewed	Endoplasmic reticulum membrane; Peripheral membrane protein; Cytoplasmic side. Nucleus membrane; Peripheral membrane protein; Cytoplasmic side. Note=Attached to the cytoplasmic surface of the ER-nuclear envelope membranes
856856_reviewed	Endoplasmic reticulum membrane; Single-pass type IV membrane protein. Nucleus membrane; Single-pass type IV membrane protein
856366_reviewed	Endoplasmic reticulum
851286_reviewed	Golgi apparatus membrane
851543_reviewed	Cell membrane
850905_reviewed	Cytoplasmic vesicle, COPII-coated vesicle membrane; Peripheral membrane protein; Cytoplasmic side. Endoplasmic reticulum membrane; Peripheral membrane protein; Cytoplasmic side. Nucleus, nuclear pore complex
853808_reviewed	Nucleus, nuclear pore complex
852788_reviewed	[Nucleoporin NUP145C]: Nucleus, nuclear pore complex
851441_reviewed	Nucleus, nuclear pore complex
853499_reviewed	Nucleus, nuclear pore complex
851332_reviewed	Cytoplasmic vesicle, COPII-coated vesicle membrane; Peripheral membrane protein; Cytoplasmic side. Endoplasmic reticulum membrane; Peripheral membrane protein; Cytoplasmic side
852778_reviewed	Nucleus, nuclear pore complex
856311_reviewed	Cytoplasmic vesicle, COPII-coated vesicle membrane
856011_reviewed	Endoplasmic reticulum membrane; Multi-pass membrane protein
854428_reviewed	Endoplasmic reticulum membrane; Multi-pass membrane protein. Nucleus membrane; Multi-pass membrane protein. Nucleus inner membrane; Multi-pass membrane protein
852469_reviewed	Endoplasmic reticulum membrane
850999_reviewed	Cytoplasm
852681_reviewed	Nucleus
856799_reviewed	Cytoplasm
851520_reviewed	Nucleus, nucleolus
853369_reviewed	Nucleus, nucleolus
851813_reviewed	Nucleus
853106_reviewed	Cytoplasm
854664_reviewed	Cytoplasm
852678_reviewed	Cytoplasm
852276_reviewed	Nucleus. Cell membrane; Peripheral membrane protein; Cytoplasmic side. Endosome membrane; Peripheral membrane protein; Cytoplasmic side. Cytoplasm, cytoskeleton, actin patch. Note=Cytoplasmic and cortical actin patches. Is associated with cortical actin patches in its dephosphorylated form and dissociates upon phosphorylation by PRK1
853229_reviewed	Cytoplasm
855618_reviewed	Cytoplasm, cytoskeleton, actin patch
856301_reviewed	Cytoplasm, cytoskeleton, actin patch
856409_reviewed	Cytoplasm, cytoskeleton, actin patch
851661_reviewed	Nucleus
852889_reviewed	Nucleus
851770_reviewed	Cytoplasm. Membrane; Peripheral membrane protein
852230_reviewed	Membrane; Peripheral membrane protein
853638_reviewed	Cell membrane
852088_reviewed	Cytoplasm
856749_reviewed	Cytoplasm
856866_reviewed	Cytoplasm
851592_reviewed	Nucleus
852032_reviewed	Cytoplasm
852664_reviewed	Cytoplasm
852763_reviewed	Nucleus
852592_reviewed	Nucleus
855757_reviewed	Nucleus
856360_reviewed	Nucleus
856091_reviewed	Nucleus
853264_reviewed	Nucleus
850495_reviewed	Nucleus
851224_reviewed	Endoplasmic reticulum membrane
856393_reviewed	Endoplasmic reticulum membrane
852449_reviewed	Nucleus
852966_reviewed	Nucleus
851460_reviewed	Nucleus
856891_reviewed	Nucleus
853191_reviewed	Nucleus
852766_reviewed	Nucleus
852497_reviewed	Nucleus
853011_reviewed	Nucleus
856251_reviewed	Nucleus
852373_reviewed	Nucleus
852059_reviewed	Nucleus
853167_reviewed	Nucleus
855821_reviewed	Nucleus
851756_reviewed	Nucleus
854017_reviewed	Nucleus
850744_reviewed	Nucleus
855276_reviewed	Nucleus
855263_reviewed	Nucleus
850347_reviewed	Nucleus
852814_reviewed	Nucleus
856203_reviewed	Cytoplasm
854866_reviewed	Cytoplasm
853737_reviewed	Cytoplasm
855584_reviewed	Cytoplasm, cytoskeleton, actin patch
851259_reviewed	Cytoplasm
850691_reviewed	Nucleus
851906_reviewed	Nucleus
855706_reviewed	Nucleus
850923_reviewed	Nucleus
856290_reviewed	Nucleus
853666_reviewed	Nucleus
855017_reviewed	Nucleus
854993_reviewed	Nucleus
856096_reviewed	Nucleus
851723_reviewed	Nucleus
854875_reviewed	Nucleus
851745_reviewed	Nucleus
855267_reviewed	Nucleus
852361_reviewed	Membrane; Multi-pass membrane protein
853540_reviewed	Mitochondrion inner membrane; Multi-pass membrane protein
853781_reviewed	Cytoplasm
853840_reviewed	Nucleus
856169_reviewed	Nucleus
851262_reviewed	Nucleus. Mitochondrion
851964_reviewed	Nucleus
856100_reviewed	Nucleus
856351_reviewed	Cytoplasm
850320_reviewed	Cytoplasm
851195_reviewed	Cytoplasm
855951_reviewed	Cytoplasm
853065_reviewed	Cytoplasm
854778_reviewed	Cytoplasm. Nucleus. Note=Cytoplasmic when phosphorylated. Nuclear when not phosphorylated
852423_reviewed	Cytoplasm
851646_reviewed	Cytoplasm
855303_reviewed	Cytoplasm
854872_reviewed	Cytoplasm
850409_reviewed	Nucleus
854926_reviewed	Nucleus
850909_reviewed	Cytoplasm, cytoskeleton, microtubule organizing center, spindle pole body
856577_reviewed	Nucleus. Cytoplasm, cytoskeleton, microtubule organizing center, spindle pole body
855597_reviewed	Nucleus. Cytoplasm, cytoskeleton, microtubule organizing center, spindle pole body
855350_reviewed	Cytoplasm, cytosol
851156_reviewed	Cytoplasm
852424_reviewed	Vacuole membrane
853490_reviewed	Endomembrane system
853782_reviewed	Vacuole membrane
856659_reviewed	Vacuole membrane
856148_reviewed	Vacuole membrane
854509_reviewed	Vacuole membrane
855739_reviewed	Endosome membrane
856387_reviewed	Endosome membrane
853287_reviewed	Membrane; Peripheral membrane protein
856303_reviewed	Endosome membrane
856021_reviewed	Cytoplasm. Endosome
850712_reviewed	Cytoplasm
851482_reviewed	Vacuole membrane
852785_reviewed	Cytoplasm
852079_reviewed	Golgi apparatus, trans-Golgi network membrane
854142_reviewed	Golgi apparatus, trans-Golgi network membrane; Single-pass type IV membrane protein. Endosome membrane; Single-pass type IV membrane protein
853423_reviewed	Golgi apparatus, trans-Golgi network membrane; Peripheral membrane protein. Endosome membrane; Peripheral membrane protein
851051_reviewed	Cytoplasm, cytoskeleton
855180_reviewed	Endoplasmic reticulum membrane
851206_reviewed	Nucleus
856085_reviewed	Nucleus
854878_reviewed	Nucleus
851265_reviewed	Nucleus
850702_reviewed	Nucleus
856519_reviewed	Nucleus
852472_reviewed	Nucleus
852080_reviewed	Nucleus
855965_reviewed	Nucleus
852248_reviewed	Cytoplasm. Cytoplasm, P-body. Nucleus. Chromosome, telomere
852229_reviewed	Cytoplasm
852517_reviewed	Cytoplasm
855862_reviewed	Cytoplasm
855514_reviewed	Cytoplasm. Nucleus. Note=Predominantly cytoplasmic
854317_reviewed	Cytoplasm
851483_reviewed	Nucleus
851788_reviewed	Nucleus
850918_reviewed	Nucleus, nucleolus
856725_reviewed	Cytoplasm
853471_reviewed	Cytoplasm
852704_reviewed	Nucleus, nucleolus
851170_reviewed	Nucleus
855328_reviewed	Nucleus
855132_reviewed	Nucleus
850647_reviewed	Mitochondrion outer membrane; Peripheral membrane protein; Cytoplasmic side. Cytoplasm. Note=Localizes to multiple discrete foci in the cytoplasm
854915_reviewed	Cytoplasm, cytoskeleton
853149_reviewed	Cytoplasm
856521_reviewed	Cytoplasm
850625_reviewed	Nucleus, nucleolus
855073_reviewed	Endoplasmic reticulum
855897_reviewed	Cytoplasm
853202_reviewed	Cytoplasm
856461_reviewed	Cytoplasm
856498_reviewed	Cytoplasm
850686_reviewed	Mitochondrion outer membrane
855704_reviewed	Nucleus
851158_reviewed	Cytoplasm
851781_reviewed	Endoplasmic reticulum membrane
855044_reviewed	Cytoplasm
852662_reviewed	Golgi apparatus membrane
854256_reviewed	Endosome membrane
855012_reviewed	Late endosome
850543_reviewed	Cytoplasmic vesicle, secretory vesicle membrane; Lipid-anchor; Cytoplasmic side. Cell membrane; Lipid-anchor; Cytoplasmic side. Cytoplasm. Note=A small fraction is soluble
852567_reviewed	Cell membrane
854901_reviewed	Nucleus, nucleolus
851708_reviewed	Nucleus
854450_reviewed	Cytoplasm
855013_reviewed	Cytoplasm, cytoskeleton, microtubule organizing center, spindle pole body
851250_reviewed	Cytoplasm, cytoskeleton, microtubule organizing center, spindle pole body
854786_reviewed	Nucleus
851815_reviewed	Vacuole membrane
853275_reviewed	Cytoplasm
851142_reviewed	Cytoplasm. Preautophagosomal structure membrane; Peripheral membrane protein
853300_reviewed	Cytoplasm. Nucleus. Note=Shuttles between both compartments in response to glucose
855829_reviewed	Cytoplasm
855630_reviewed	Cytoplasm, cytoskeleton, actin patch
850450_reviewed	Cytoplasm, cytoskeleton, actin patch
851335_reviewed	Golgi apparatus
851418_reviewed	Golgi apparatus
853670_reviewed	Cytoplasm. Nucleus
851000_reviewed	Nucleus
853552_reviewed	Membrane
851424_reviewed	Cytoplasm
851928_reviewed	Cytoplasm
854497_reviewed	Nucleus
856537_reviewed	Cell membrane
854349_reviewed	Prospore membrane. Cytoplasm, cytoskeleton, microtubule organizing center, spindle pole body. Cytoplasm, cytoskeleton, spindle pole. Note=Localizes to the ends of spindle microtubules in cells in meiosis. Localizes to all four spindle pole bodies during meiosis, ADY1 is required for this localization
853568_reviewed	Cytoplasm
851996_reviewed	Cytoplasm, cytoskeleton
850367_reviewed	Cytoplasm, cytoskeleton
850318_reviewed	Nucleus
855166_reviewed	Nucleus
851842_reviewed	Cytoplasm
854710_reviewed	Cytoplasm
852624_reviewed	Nucleus
854795_reviewed	Nucleus
854675_reviewed	Nucleus
855492_reviewed	Cytoplasm
852091_reviewed	Nucleus
852931_reviewed	Nucleus
851908_reviewed	Endosome membrane; Peripheral membrane protein. Vacuole membrane; Peripheral membrane protein
850620_reviewed	Cytoplasm
851458_reviewed	Cytoplasm. Endoplasmic reticulum
852864_reviewed	Endoplasmic reticulum membrane; Multi-pass membrane protein. Golgi apparatus membrane; Multi-pass membrane protein. Mitochondrion membrane
856817_reviewed	Endoplasmic reticulum membrane; Multi-pass membrane protein. Golgi apparatus membrane; Multi-pass membrane protein
853353_reviewed	Nucleus
851457_reviewed	Nucleus
854881_reviewed	Nucleus, nucleolus
855408_reviewed	Nucleus, nucleolus
853537_reviewed	Nucleus
851565_reviewed	Cytoplasm. Nucleus. Note=Shuttles between the nucleus and cytoplasm
850966_reviewed	Cell membrane
851714_reviewed	Golgi apparatus
850728_reviewed	Golgi apparatus membrane
850914_reviewed	Cytoplasm
851391_reviewed	[Isoform Mitochondrial]: Mitochondrion
852385_reviewed	Nucleus
856076_reviewed	Cytoplasm
854761_reviewed	Cytoplasm
853148_reviewed	Cytoplasm. Nucleus. Note=Localizes predominantly to the nucleus in both high- and low-phosphate conditions
852021_reviewed	Nucleus, nucleolus
854405_reviewed	Cytoplasm
854457_reviewed	Cytoplasm
853427_reviewed	Nucleus
854053_reviewed	Nucleus. Cytoplasm, cell cortex. Note=Localizes at eisosomes, large, immobile complexes that mark sites of endocytosis near the plasma membrane
856103_reviewed	Cytoplasm, cell cortex
852977_reviewed	Lipid droplet
851113_reviewed	Cytoplasm
852518_reviewed	Preautophagosomal structure membrane
856162_reviewed	Preautophagosomal structure membrane; Peripheral membrane protein. Vacuole membrane; Peripheral membrane protein. Note=During pexophagy, accumulates in the vacuolar membrane region, where the peroxisomes contact the vacuole. ATG11 localization is dependent on ATG11-ATG30 interaction
854713_reviewed	Cytoplasm, cytoskeleton, actin patch
855625_reviewed	Cell membrane; Lipid-anchor
854268_reviewed	Cell membrane; Lipid-anchor
855581_reviewed	Cytoplasm
852436_reviewed	Vacuole lumen
856649_reviewed	Vacuole
850445_reviewed	Nucleus
852410_reviewed	Nucleus
855907_reviewed	Cytoplasm. Nucleus
850995_reviewed	Nucleus
854700_reviewed	Cytoplasm. Nucleus. Cytoplasm, cytoskeleton, microtubule organizing center, spindle pole body. Bud neck. Chromosome, centromere. Note=Localizes predominantly to the cytoplasmic surface of the spindle pole body during anaphase and to a ring at the bud neck during cytokinesis. Translocates to the nucleus during mitosis and associates with centromere DNA
852372_reviewed	Cytoplasm
850650_reviewed	Cell membrane
854765_reviewed	Cytoplasm
852762_reviewed	Nucleus
853439_reviewed	Nucleus
851798_reviewed	Cytoplasm
854102_reviewed	Nucleus
856153_reviewed	Cytoplasm. Nucleus
855405_reviewed	Cytoplasm
852402_reviewed	Cytoplasmic vesicle membrane
852880_reviewed	Cytoplasm. Nucleus
854549_reviewed	Cytoplasm, cytoskeleton, actin patch
856219_reviewed	Nucleus
851754_reviewed	Nucleus, nucleolus
853758_reviewed	Vacuole
854072_reviewed	Preautophagosomal structure membrane
851337_reviewed	Cytoplasm
855319_reviewed	Nucleus
853178_reviewed	Cytoplasm
853910_reviewed	Cytoplasm
854972_reviewed	Nucleus
850939_reviewed	Membrane
856862_reviewed	Cytoplasm
853037_reviewed	Cytoplasm. Nucleus. Cytoplasm, cytoskeleton, actin patch
851108_reviewed	Cytoplasm
855318_reviewed	Cytoplasm
855620_reviewed	Nucleus
853408_reviewed	Cytoplasm. Cytoplasm, cytoskeleton, spindle. Note=Cytoplasmic microtubules and mitotic spindles
855624_reviewed	Cytoplasm
855699_reviewed	Cytoplasm
855728_reviewed	Cytoplasm
850346_reviewed	Cytoplasm
855668_reviewed	Cytoplasm
855275_reviewed	Cytoplasm
850934_reviewed	Nucleus. Chromosome, telomere
854650_reviewed	Cytoplasm
855827_reviewed	Cytoplasm. Bud. Bud neck
852822_reviewed	Cytoplasm
850430_reviewed	Nucleus
853847_reviewed	Nucleus, nucleolus
850539_reviewed	Nucleus
853438_reviewed	Cytoplasm
853527_reviewed	Cytoplasm
855119_reviewed	Nucleus. Chromosome, centromere
853133_reviewed	Nucleus
853747_reviewed	Nucleus, nucleolus. Nucleus, nucleoplasm. Mitochondrion. Note=Resides mostly in the nucleoli and relocalizes to the nucleoplasm upon DNA damage
850896_reviewed	Cytoplasm
853629_reviewed	Cytoplasm
853752_reviewed	Nucleus
854740_reviewed	Mitochondrion matrix
852411_reviewed	Nucleus
853798_reviewed	Cytoplasm
851274_reviewed	Cytoplasm, cytoskeleton, spindle pole. Bud neck. Note=Localizes to the spindle pole bodies at late anaphase and translocates to the cytoplasm upon DNA replication stress. Localization to SPBs depends on CDC5 and TEM1 and is inhibited by BUB2. Accumulates at the daughter SPB after anaphase onset when the daughter SPB begins to penetrate the bud neck. Not found in the mother SPD during early anaphase. As anaphase proceeds, continues to accumulate on the daughter SPB and also localizes to the mother SPB. At the end of telophase, a portion of CDC15 localizes at the mother-bud neck
850508_reviewed	Nucleus. Cytoplasm. Note=Localizes to the bud cortex during polarized growth and to the bud neck and daughter cell nucleus during late mitosis
856920_reviewed	Nucleus
851119_reviewed	Cytoplasm. Nucleus. Note=Nuclear under optimal growth conditions. Leaves the nucleus in response to stress or changes in nutrient availability. The [ISP+] aggregates appear to be nuclear
850950_reviewed	Cytoplasm
850803_reviewed	Cytoplasm. Nucleus. Note=Predominantly cytoplasmic in unstressed cells but rapidly concentrates within the nucleus in response to hyperosmotic conditions and phosphorylation. Arsenic-binding promotes the nuclear localization (PubMed:31772124)
850785_reviewed	Cytoplasm. Cell membrane; Peripheral membrane protein; Cytoplasmic side
855006_reviewed	Cytoplasm
854869_reviewed	Nucleus
856129_reviewed	Nucleus
852377_reviewed	Nucleus
856484_reviewed	Nucleus
855968_reviewed	Mitochondrion matrix
850343_reviewed	Mitochondrion
854247_reviewed	Nucleus
852258_reviewed	Nucleus
856254_reviewed	Nucleus
850912_reviewed	Cytoplasm
851709_reviewed	Vacuole
855471_reviewed	Nucleus
855264_reviewed	Nucleus
851975_reviewed	Nucleus
850884_reviewed	Cytoplasm
854395_reviewed	Cytoplasm
853350_reviewed	Cytoplasm
853631_reviewed	Cytoplasm
855942_reviewed	Nucleus
856058_reviewed	Nucleus
855988_reviewed	Cytoplasm
854402_reviewed	Cytoplasm
854925_reviewed	Endoplasmic reticulum membrane
856057_reviewed	Endoplasmic reticulum membrane
851500_reviewed	Nucleus
850329_reviewed	Cytoplasm
854747_reviewed	Nucleus
854702_reviewed	Nucleus
855241_reviewed	Nucleus
856791_reviewed	Cytoplasm
851800_reviewed	Cytoplasm
851052_reviewed	Cytoplasm
856677_reviewed	Cytoplasm
855547_reviewed	Nucleus, nucleolus
851485_reviewed	Nucleus
856052_reviewed	Nucleus
856828_reviewed	Cell membrane
856787_reviewed	Cytoplasm
856724_reviewed	Cytoplasm, cytoskeleton
852659_reviewed	Cytoplasm. Nucleus. Chromosome. Note=Relocalizes from the cytoplasm to the nucleus and is recruited to chromosomes by SPO11 during meiotic prophase
853252_reviewed	Bud neck. Nucleus. Note=When SWE1 first accumulates in G1, it is localized to the nucleus. After bud emergence, a subpopulation is recruited to the daughter side of the mother-bud neck through HSL1 and its adapter HSL7, where it is susceptible to hyperphosphorylation and degradation
852431_reviewed	Bud neck
856142_reviewed	Cytoplasm
855957_reviewed	Nucleus, nucleolus
854731_reviewed	Cytoplasm
851884_reviewed	Nucleus
851048_reviewed	Nucleus, nuclear pore complex
854265_reviewed	Nucleus, nuclear pore complex
853116_reviewed	Membrane. Note=Most of its activity is membrane-associated
854535_reviewed	Cytoplasm
851768_reviewed	Cytoplasm
854315_reviewed	Nucleus
856908_reviewed	Nucleus
856231_reviewed	Cytoplasm
851558_reviewed	Peroxisome
852721_reviewed	Vacuole
851805_reviewed	Mitochondrion
853119_reviewed	Cytoplasm
856823_reviewed	Nucleus
855975_reviewed	Nucleus
850692_reviewed	Cytoplasm
852790_reviewed	Cytoplasm
854166_reviewed	Nucleus
856208_reviewed	Cytoplasm
855036_reviewed	Endoplasmic reticulum membrane; Peripheral membrane protein; Cytoplasmic side. Note=Anchored via the membrane protein CUE1 to the endoplasmic reticulum membrane
856837_reviewed	Endoplasmic reticulum membrane
850572_reviewed	Cytoplasm
851802_reviewed	Nucleus
851440_reviewed	Cytoplasm. Bud neck. Note=Found in association with the actin ring and the cortex at the mother-bud neck
852984_reviewed	Cytoplasm, cytoskeleton, microtubule organizing center, spindle pole body. Bud neck. Nucleus. Note=Localizes on spindle ole body (SPB) for much of the cell cycle and migrates from there to the bud neck in late mitosis. SPB localization during anaphase coincides with activation kinase activity and depends on TEM1 and CDC15. In absence of BUB2, localizes to SPB in cell cycle stages other than anaphase and telophase
851994_reviewed	Nucleus
852395_reviewed	Nucleus
851834_reviewed	Cytoplasm
852214_reviewed	Nucleus
852265_reviewed	Nucleus
853513_reviewed	Cytoplasm, cytoskeleton, spindle pole
854066_reviewed	Cytoplasm
856394_reviewed	Cell membrane; Lipid-anchor; Cytoplasmic side. Endosome membrane; Lipid-anchor; Cytoplasmic side. Note=Localizes predominantly to the plasma membrane in its inactive, GDP-bound form, and is directed to endosomes once in its active, GTP-bound form. Concentrates at the tip of the mating projections
851706_reviewed	Vacuole membrane
856647_reviewed	Vacuole membrane
854550_reviewed	Nucleus
854093_reviewed	Cytoplasm
855522_reviewed	Nucleus
856375_reviewed	Cytoplasm
856836_reviewed	Cytoplasm
850962_reviewed	Cytoplasm, cytosol
852782_reviewed	Nucleus
852881_reviewed	Cytoplasm
856514_reviewed	Cytoplasm, cytoskeleton, actin patch
854183_reviewed	Membrane
854441_reviewed	Cytoplasm
851327_reviewed	Nucleus
854507_reviewed	Membrane
851594_reviewed	Nucleus
851860_reviewed	Cytoplasm. Nucleus. Note=Preferentially localized to the nucleus
855631_reviewed	Cell membrane
854744_reviewed	Cytoplasm
856801_reviewed	Cytoplasm
853957_reviewed	Nucleus, nuclear pore complex
850703_reviewed	Cytoplasm
852701_reviewed	Cytoplasm
855636_reviewed	Nucleus
851666_reviewed	Cytoplasm, cytosol
851030_reviewed	Nucleus
856559_reviewed	Nucleus
853400_reviewed	Cytoplasm
852494_reviewed	Cytoplasm
852943_reviewed	Mitochondrion
855972_reviewed	Cytoplasm
856574_reviewed	Nucleus, nucleolus
851163_reviewed	Nucleus
853475_reviewed	Cytoplasm
853976_reviewed	Nucleus. Chromosome, centromere. Note=Associated primarily with the HMR-E silencer at the HMR locus
855495_reviewed	Nucleus
856289_reviewed	Cytoplasm, cytosol
853313_reviewed	Cytoplasm
851740_reviewed	Cytoplasm
856515_reviewed	Cytoplasm
855607_reviewed	Cytoplasm
851216_reviewed	Cytoplasm
855144_reviewed	Nucleus
856738_reviewed	Nucleus
854156_reviewed	Nucleus, nucleolus. Nucleus, nucleoplasm. Note=Diffuse nuclear localization with some enrichment in nucleoli. On CPT treatment, cleared from nucleoli into nucleoplasm. Sumoylated forms found in both nucleoplasm and nucleoli (By similarity)
854206_reviewed	Cytoplasm
853876_reviewed	Vacuole membrane
852369_reviewed	Vacuole membrane
852819_reviewed	Nucleus
853909_reviewed	Nucleus
852638_reviewed	Nucleus
851091_reviewed	Nucleus
854674_reviewed	Cytoplasm
852676_reviewed	Golgi apparatus membrane
851657_reviewed	Golgi apparatus membrane
851034_reviewed	Peroxisome membrane
852090_reviewed	Peroxisome membrane
853654_reviewed	Cytoplasm
855048_reviewed	Cytoplasm, cytoskeleton. Bud neck
855463_reviewed	Endoplasmic reticulum membrane
852732_reviewed	Endoplasmic reticulum membrane
852715_reviewed	Membrane
851039_reviewed	Cytoplasm
852893_reviewed	Nucleus
853016_reviewed	Nucleus, nuclear pore complex
855339_reviewed	Cytoplasm, cytoskeleton
856530_reviewed	Cytoplasm, cytoskeleton
856576_reviewed	Cytoplasm. Preautophagosomal structure
855741_reviewed	Cytoplasm
853304_reviewed	Cytoplasm
853566_reviewed	Cytoplasm
856105_reviewed	Cytoplasm
852952_reviewed	Cytoplasm
851102_reviewed	Vacuole membrane
856315_reviewed	Cytoplasm
852695_reviewed	Cytoplasm. Preautophagosomal structure membrane; Peripheral membrane protein. Note=Formes punctate structures in starvation conditions only when ATG13 and ATG17 were both present. Localizes to both the isolation membrane (IM) and the vacuole-isolation membrane contact site (VICS) during IM expansion. The IM is a membrane sac generated from the pre-autophagosomal structure that ultimately expands to become a mature autophagosome
855954_reviewed	Preautophagosomal structure membrane
851683_reviewed	Cytoplasm, cytoskeleton
855077_reviewed	Cytoplasm, cytoskeleton, spindle pole
856458_reviewed	Bud neck. Bud tip. Cytoplasm, cell cortex. Cytoplasm, cytoskeleton. Note=Concentrated at the incipient bud site of unbudded cells, at the bud tip and mother-bud neck of budded cells, and at cortical sites on large-budded cells that may delimit future bud sites in the two progeny cells
854191_reviewed	Nucleus
851306_reviewed	Chromosome, telomere
851655_reviewed	Chromosome, telomere
853422_reviewed	Nucleus
851420_reviewed	Cytoplasm
852722_reviewed	Cytoplasm
850790_reviewed	Endoplasmic reticulum membrane
851083_reviewed	Cytoplasm. Mitochondrion
852643_reviewed	Nucleus. Chromosome. Note=localizes to a meiosis specific chromosomal structure called the synaptonemal complex (SC) formed during meiotic prophase
850361_reviewed	Cytoplasm
855680_reviewed	Cell membrane
856926_reviewed	Nucleus
854656_reviewed	Nucleus
856736_reviewed	Cytoplasm, cytoskeleton
851787_reviewed	Nucleus
854352_reviewed	Peroxisome
850990_reviewed	Peroxisome
853589_reviewed	Cytoplasm
854278_reviewed	Cytoplasm
853434_reviewed	Nucleus inner membrane
851059_reviewed	Cytoplasm
856035_reviewed	Cytoplasm
855297_reviewed	Cytoplasm
854822_reviewed	Cell membrane; Peripheral membrane protein; Cytoplasmic side. Endosome membrane; Peripheral membrane protein; Cytoplasmic side. Cytoplasm, cytoskeleton, actin patch. Note=Cytoplasmic and cortical actin patches
852809_reviewed	Nucleus
854918_reviewed	Vacuole membrane
853334_reviewed	Nucleus
856852_reviewed	Nucleus
855900_reviewed	Cytoplasm
856591_reviewed	Nucleus
852683_reviewed	Cytoplasm
851701_reviewed	Nucleus
851580_reviewed	Cytoplasm
851700_reviewed	Cytoplasm. Cell membrane; Peripheral membrane protein; Cytoplasmic side
852049_reviewed	Nucleus, nucleolus. Chromosome, centromere. Note=Transiently released from the nucleolus and localized to the centromere regions during late pachytene. This relocation is CDC5 dependent
850447_reviewed	Nucleus, nucleolus. Chromosome, centromere. Note=Transiently released from the nucleolus and localizes to the centromere regions during late pachytene
853854_reviewed	Nucleus
856159_reviewed	Nucleus. Chromosome, centromere, kinetochore. Note=Associated with kinetochores
853715_reviewed	Cytoplasm
851724_reviewed	Nucleus
854977_reviewed	Nucleus, nuclear pore complex
851470_reviewed	Nucleus, nuclear pore complex
855184_reviewed	Nucleus, nuclear pore complex
852651_reviewed	Mitochondrion
855929_reviewed	Cytoplasm
854662_reviewed	Nucleus. Chromosome, centromere, kinetochore. Note=Associated with kinetochores
850974_reviewed	Cytoplasm. Cytoplasm, perinuclear region. Cytoplasm, P-body. Note=Predominantly cytoplasmic
854085_reviewed	Nucleus. Chromosome, centromere, kinetochore. Note=Associated with kinetochores
856842_reviewed	Nucleus, nuclear pore complex
852703_reviewed	Nucleus, nuclear pore complex
854443_reviewed	Cytoplasm, cytoskeleton. Cytoplasm, cytoskeleton, spindle pole. Nucleus. Note=Localizes to the plus ends of cytoplasmic microtubules
850956_reviewed	Nucleus
852743_reviewed	Cytoplasm
851430_reviewed	Cytoplasm
856565_reviewed	Cytoplasm
853154_reviewed	Cytoplasm, cytosol
855882_reviewed	Cytoplasm. Nucleus
855970_reviewed	Cytoplasm
851648_reviewed	Nucleus
856294_reviewed	Cell membrane; Lipid-anchor. Endosome membrane; Lipid-anchor. Peroxisome membrane; Lipid-anchor. Note=Plasma membrane-associated at sites of polarized growth such as incipient bud sites, bud tips, the bud neck during cytokinesis, and the neck and tip of mating projections. Also found on internal membranes of endosomes and peroxisomes
853929_reviewed	Cell membrane
853556_reviewed	Nucleus
853428_reviewed	Nucleus, nucleolus
852269_reviewed	Cytoplasm
850392_reviewed	Cell membrane
854071_reviewed	Preautophagosomal structure membrane
852405_reviewed	Membrane raft
852700_reviewed	Cytoplasm
851314_reviewed	Endoplasmic reticulum membrane; Multi-pass membrane protein
852121_reviewed	Mitochondrion membrane
851782_reviewed	Nucleus
856364_reviewed	Nucleus
851804_reviewed	Membrane
850771_reviewed	Cytoplasm
856590_reviewed	Prospore membrane
853936_reviewed	Nucleus
853017_reviewed	Golgi apparatus membrane
853047_reviewed	Cytoplasm
855273_reviewed	Cytoplasm
855746_reviewed	Cytoplasm
851583_reviewed	Cytoplasm
852660_reviewed	Vacuole
854273_reviewed	Vacuole membrane; Single-pass type IV membrane protein
855458_reviewed	Endoplasmic reticulum membrane
855830_reviewed	Golgi apparatus membrane
851168_reviewed	Vacuole membrane
854300_reviewed	Endomembrane system
854235_reviewed	Cytoplasm. Golgi apparatus membrane
851135_reviewed	Cytoplasm
852341_reviewed	Cytoplasm
851596_reviewed	Secreted
852529_reviewed	Nucleus
850826_reviewed	Nucleus. Cytoplasm
854701_reviewed	Cell membrane
850360_reviewed	Cytoplasm
851497_reviewed	Cytoplasm. Nucleus. Note=The SYO1/RPL11/RPL5 complex is transported into the nucleus by KAP104
850787_reviewed	Nucleus
851469_reviewed	Nucleus membrane
851445_reviewed	Endosome membrane; Peripheral membrane protein. Preautophagosomal structure membrane; Peripheral membrane protein
853416_reviewed	Cytoplasm, cytosol
852949_reviewed	Cytoplasm
851359_reviewed	Prospore membrane. Cytoplasm, cytoskeleton, microtubule organizing center, spindle pole body. Note=Localizes to the leading edge, which cover the ring-shape opening of the PSMs during meiosis II. Colocalizes with DON1 to dots in the cytoplasm and at the SPB. Its localization to the PSMs but not to the SPBs depends on SSP1
854062_reviewed	Prospore membrane. Cytoplasm, cytoskeleton, spindle pole. Note=Localizes to the ends of spindle microtubules in cells in meiosis
851590_reviewed	Nucleus, nucleolus
851688_reviewed	Nucleus, nucleolus
851621_reviewed	Cytoplasm
850603_reviewed	Endoplasmic reticulum membrane
856287_reviewed	Golgi apparatus membrane
850608_reviewed	Cytoplasm
852830_reviewed	Endoplasmic reticulum
851284_reviewed	Endoplasmic reticulum
856505_reviewed	Endosome membrane
854199_reviewed	Membrane; Multi-pass membrane protein
852504_reviewed	Membrane
856511_reviewed	Cytoplasm, cytosol
853332_reviewed	Mitochondrion outer membrane
853481_reviewed	Cytoplasm
853535_reviewed	Cytoplasm
854436_reviewed	Cytoplasm
853601_reviewed	Cytoplasm
853834_reviewed	Cytoplasm
852273_reviewed	Cytoplasmic vesicle, clathrin-coated vesicle
851025_reviewed	Nucleus
853465_reviewed	Cytoplasm
850627_reviewed	Cytoplasm
855090_reviewed	Cell membrane
855360_reviewed	Cytoplasm
854212_reviewed	Cell membrane
854038_reviewed	Cytoplasm, cytosol. Nucleus. Note=Detected in both cytosol and nucleus but is predominantly cytosolic
854168_reviewed	Cytoplasm
854306_reviewed	Cytoplasm
853185_reviewed	Cytoplasm
855633_reviewed	Cytoplasm
854437_reviewed	Bud neck
854201_reviewed	Membrane
856220_reviewed	Golgi apparatus membrane
851248_reviewed	Cytoplasm
851737_reviewed	Nucleus envelope
852001_reviewed	Nucleus
854082_reviewed	Nucleus envelope
854423_reviewed	Nucleus
853814_reviewed	Nucleus
854773_reviewed	Cytoplasm
851696_reviewed	Cytoplasm
850792_reviewed	Cytoplasm
851741_reviewed	Nucleus
855204_reviewed	Nucleus
850768_reviewed	Cytoplasm
855512_reviewed	Cytoplasm
854319_reviewed	Cytoplasm
854904_reviewed	Golgi apparatus membrane
856901_reviewed	Golgi apparatus membrane
852879_reviewed	Golgi apparatus membrane
852649_reviewed	Golgi apparatus membrane
855687_reviewed	Golgi apparatus membrane
855676_reviewed	Golgi apparatus membrane
853576_reviewed	Nucleus
852787_reviewed	Nucleus
852992_reviewed	Cytoplasm
850764_reviewed	Cytoplasm
856217_reviewed	Cytoplasm
853674_reviewed	Cytoplasm
851636_reviewed	Cytoplasm
854939_reviewed	Cytoplasm
855543_reviewed	Cytoplasm
852487_reviewed	Cytoplasm
853851_reviewed	Nucleus
855967_reviewed	Cytoplasm
852612_reviewed	Cytoplasm. Nucleus
853630_reviewed	Nucleus
854357_reviewed	Nucleus
851905_reviewed	Nucleus
855892_reviewed	Nucleus. Cytoplasm, cytoskeleton, spindle. Chromosome, centromere, kinetochore. Note=Associates with the mitotic spindle and on elongated and disassembling spindles. Also associated with the kinetochore
852453_reviewed	Nucleus
854673_reviewed	Cytoplasm
853587_reviewed	Cytoplasm
854263_reviewed	Cytoplasm
856024_reviewed	Cytoplasm
851162_reviewed	Cytoplasm
851403_reviewed	Nucleus, nucleolus
855611_reviewed	Cytoplasm
850636_reviewed	Cytoplasm. Secreted, cell wall
852724_reviewed	Peroxisome membrane
851858_reviewed	Peroxisome membrane
855041_reviewed	Peroxisome membrane
850888_reviewed	Peroxisome membrane
855507_reviewed	Peroxisome membrane; Peripheral membrane protein; Cytoplasmic side
851831_reviewed	Cytoplasm, cytosol
852968_reviewed	Peroxisome matrix
853219_reviewed	Peroxisome membrane
851531_reviewed	Nucleus
850624_reviewed	Nucleus, nucleolus
853937_reviewed	Nucleus. Mitochondrion
856453_reviewed	Nucleus
855998_reviewed	Cytoplasm
850633_reviewed	Cytoplasm. Nucleus. Note=Shuttles between the cytoplasm and the nucleus in an importin KAP95- and KAP121-dependent and an exportin XPO1-dependent manner. Accumulation in the nucleus is enhanced by severe heat shock. In the cytoplasm, concentrates on a perivacuolar compartment, the 'insoluble protein deposit' (IPOD), in which terminally aggregated proteins are sequestered. It is also found, to a lesser extent, at a 'juxtanuclear quality control' (JUNQ) compartment, where soluble ubiquitinated misfolded proteins accumulate
853161_reviewed	Nucleus
852947_reviewed	Nucleus
855055_reviewed	Nucleus
856201_reviewed	Nucleus
855665_reviewed	Nucleus
852228_reviewed	Nucleus
851645_reviewed	Nucleus
854431_reviewed	Nucleus envelope
852532_reviewed	Nucleus
854966_reviewed	Nucleus
853773_reviewed	Nucleus. Chromosome, centromere. Chromosome, centromere, kinetochore
853817_reviewed	Nucleus
850774_reviewed	Cytoplasm
850405_reviewed	Bud neck. Cytoplasm, cell cortex. Note=In haploid cells, forms double rings that encircle the mother-bud neck and split upon cytokinesis, each progeny cell inheriting BUD5 at the axial division remnant. In diploid cells, localizes to the poles of the cell
853244_reviewed	Nucleus. Chromosome
856682_reviewed	Mitochondrion matrix, mitochondrion nucleoid
854407_reviewed	Mitochondrion matrix
851084_reviewed	Mitochondrion matrix
850585_reviewed	Nucleus, nucleolus. Cytoplasm. Bud neck. Note=Sequestered in the nucleolus for most of the cell cycle by the nucleolar proteins NET1 and TOF2, and is released into the nucleus and cytoplasm during anaphase. CDC55 maintains CDC14 sequestration in the nucleolus during early meiosis, which is essential for the assembly of the meiosis I spindle. In anaphase, the CDC14 early anaphase release (FEAR) network (including CDC5, ESP1, and SLK19), and the mitotic exit network (including the DBF2-MOB1 complex) coordinately trigger the release of CDC14 from the nucleolus
851803_reviewed	Nucleus
851680_reviewed	Cytoplasm
854790_reviewed	Mitochondrion inner membrane
853746_reviewed	Nucleus
853692_reviewed	Secreted, cell wall
851049_reviewed	Nucleus, nucleolus
852325_reviewed	Mitochondrion inner membrane
854622_reviewed	Mitochondrion inner membrane
855407_reviewed	Cytoplasm
854697_reviewed	Cytoplasm
855834_reviewed	Bud neck
855574_reviewed	Cytoplasm. Cytoplasm, cytoskeleton. Note=Microtubule-associated
854889_reviewed	Cytoplasm, cytoskeleton
852455_reviewed	Cytoplasm
853729_reviewed	Cytoplasm, cytoskeleton, actin patch
855157_reviewed	Cytoplasm
851762_reviewed	Nucleus
854388_reviewed	Nucleus
852275_reviewed	Nucleus
854203_reviewed	Nucleus
852989_reviewed	Cytoplasm
851406_reviewed	Preautophagosomal structure membrane
851151_reviewed	Cytoplasm. Preautophagosomal structure membrane; Peripheral membrane protein. Membrane; Peripheral membrane protein. Note=Found in pre-autophagosomal structure and other punctate structures. Correct localization of ATG23 to the membranes is strictly dependent of ATG9. Cycling through the pre-autophagosomal structure and correct location to other punctate structures is ATG1- and ATG13-dependent
854076_reviewed	Cell membrane
855726_reviewed	Cell membrane; Peripheral membrane protein; Cytoplasmic side. Vacuole membrane; Peripheral membrane protein; Cytoplasmic side. Note=Also localizes to membranous structures both proximal to, yet distinct from, the plasma membrane as well as within the cell interior, probably endosomal or Golgi membranes
854666_reviewed	Cell membrane
853974_reviewed	Nucleus
851452_reviewed	Nucleus
854555_reviewed	Cytoplasm, cytoskeleton, microtubule organizing center, spindle pole body
855859_reviewed	Nucleus. Cytoplasm, cytoskeleton. Note=Localizes to the tip of shmoo projections and to the tip of budding cells in a cell-cycle dependent manner
852180_reviewed	Nucleus
850589_reviewed	Nucleus. Cytoplasm. Chromosome. Note=In interphase cells, the majority of the condensin complex is found in the cytoplasm, while a minority of the complex is associated with chromatin. A subpopulation of the complex however remains associated with chromosome foci in interphase cells. During mitosis, most of the condensin complex is associated with the chromatin. At the onset of prophase, condensin associates with chromosome arms and to chromosome condensation. Dissociation from chromosomes is observed in late telophase
850775_reviewed	Nucleus. Cytoplasm. Chromosome. Note=In interphase cells, the majority of the condensin complex is found in the cytoplasm, while a minority of the complex is associated with chromatin. A subpopulation of the complex however remains associated with chromosome foci in interphase cells. During mitosis, most of the condensin complex is associated with the chromatin. At the onset of prophase, condensin associates with chromosome arms and to chromosome condensation. Dissociation from chromosomes is observed in late telophase
853100_reviewed	Nucleus
852794_reviewed	Nucleus
853554_reviewed	Bud neck
853908_reviewed	Mitochondrion outer membrane
852018_reviewed	Cytoplasm
851691_reviewed	Cytoplasm. Nucleus
852697_reviewed	Cytoplasm
851624_reviewed	Cytoplasm
850793_reviewed	Nucleus
850297_reviewed	Nucleus
855448_reviewed	Nucleus
852765_reviewed	Nucleus
853504_reviewed	Cytoplasm. Nucleus. Note=Undergoes cell cycle-dependent changes in its nuclear localization. Exits the nucleus and remains in the cytoplasm during S phase through early mitosis, and re-accumulates in the nucleus around the end of mitosis
855238_reviewed	Nucleus
856263_reviewed	Cytoplasm, cytoskeleton, microtubule organizing center, spindle pole body
854211_reviewed	Cytoplasm. Nucleus, nuclear pore complex. Nucleus membrane; Peripheral membrane protein; Cytoplasmic side. Note=Nuclear pore complex cytoplasmic fibrils. Accumulates in the nucleus rapidly and reversibly in response to ethanol stress
853381_reviewed	Nucleus
853355_reviewed	Nucleus
852650_reviewed	Cytoplasm
856070_reviewed	Cytoplasm. Nucleus. Note=Predominantly cytoplasmic, may also transiently localize to the nucleus
856600_reviewed	Cytoplasm. Nucleus. Note=Predominantly cytoplasmic, may also transiently localize to the nucleus. Nuclear import may occur via redundant pathways including one requiring the karyopherins PSE1 and KAP123, which also participate in nuclear import of ribosomal subunits
850400_reviewed	Endoplasmic reticulum membrane
851547_reviewed	Endoplasmic reticulum membrane
851087_reviewed	Endoplasmic reticulum membrane
854198_reviewed	Nucleus
854495_reviewed	Lipid droplet
852329_reviewed	Lipid droplet
855288_reviewed	Lipid droplet
855656_reviewed	Nucleus
854554_reviewed	Cytoplasm
851979_reviewed	Bud membrane
852477_reviewed	Mitochondrion outer membrane
854386_reviewed	[Dynamin-like GTPase MGM1, long form]: Mitochondrion inner membrane
855663_reviewed	Nucleus
853317_reviewed	Nucleus
856478_reviewed	Endoplasmic reticulum membrane
855555_reviewed	Cytoplasm
855171_reviewed	Cytoplasm
853901_reviewed	Golgi apparatus membrane
853488_reviewed	Cytoplasm, cytosol
856741_reviewed	Cell membrane
851527_reviewed	Cell membrane
852480_reviewed	Nucleus
854738_reviewed	Nucleus. Chromosome. Note=Synapsis of meiotic chromosomes
850968_reviewed	Nucleus
852850_reviewed	Nucleus
852692_reviewed	Nucleus
850741_reviewed	Nucleus
853418_reviewed	Endoplasmic reticulum lumen
850784_reviewed	Nucleus
855061_reviewed	Nucleus
855822_reviewed	Cytoplasm, cytoskeleton, microtubule organizing center, spindle pole body
850734_reviewed	Cytoplasm, cytoskeleton, microtubule organizing center, spindle pole body
853144_reviewed	Nucleus
856680_reviewed	Nucleus
852501_reviewed	Cytoplasm
854153_reviewed	Mitochondrion outer membrane
850654_reviewed	Endoplasmic reticulum membrane
855934_reviewed	Nucleus. Cytoplasm. Note=Localizes at both the nuclear and cytoplasmic site of the pores. Shuttles between the nucleus and the cytoplasm
852848_reviewed	Nucleus
850722_reviewed	Nucleus
855939_reviewed	Nucleus
853256_reviewed	Golgi apparatus, cis-Golgi network membrane
856675_reviewed	Endoplasmic reticulum membrane
853824_reviewed	Nucleus
853828_reviewed	Nucleus
853433_reviewed	Cytoplasm, cytoskeleton, actin patch
854331_reviewed	Nucleus
853649_reviewed	Nucleus
854200_reviewed	Cytoplasm
851213_reviewed	Cytoplasm
854427_reviewed	Cytoplasm
852871_reviewed	Nucleus
854021_reviewed	Nucleus, nucleolus
855538_reviewed	Cytoplasm
852358_reviewed	Nucleus
850782_reviewed	Vacuole membrane
854252_reviewed	Endoplasmic reticulum membrane
856566_reviewed	Bud
850639_reviewed	Cell tip. Note=Localizes to a sharp patch at the shmoo tip (mating projection) which corresponds to the site of polarized cell growth
851494_reviewed	Cytoplasm
851929_reviewed	Peroxisome membrane
854646_reviewed	Peroxisome
854161_reviewed	Cytoplasm
853500_reviewed	Nucleus
854383_reviewed	Cytoplasm
850719_reviewed	Nucleus
853174_reviewed	Nucleus
856009_reviewed	Cytoplasm. Nucleus
854663_reviewed	Nucleus
855505_reviewed	Nucleus
856030_reviewed	Nucleus
851784_reviewed	Cytoplasm
851040_reviewed	Nucleus
854453_reviewed	Nucleus
855725_reviewed	Cytoplasm
855661_reviewed	Cytoplasm. Cytoplasm, perinuclear region. Note=Concentrated in a perinuclear ring as well as in the cytoplasm
853091_reviewed	Nucleus
853734_reviewed	Nucleus
855844_reviewed	Membrane
855221_reviewed	Membrane
852618_reviewed	Cytoplasm. Cell membrane; Peripheral membrane protein. Note=25% cytoplasmic. 75% is associated with the cell membrane
850973_reviewed	Membrane
852109_reviewed	Endoplasmic reticulum membrane
850713_reviewed	Membrane
851095_reviewed	Endoplasmic reticulum membrane; Multi-pass membrane protein
856144_reviewed	Cytoplasm
854935_reviewed	Endoplasmic reticulum membrane
855237_reviewed	Prevacuolar compartment membrane; Single-pass type IV membrane protein. Golgi apparatus membrane; Single-pass type IV membrane protein. Note=A small portion is localized in the Golgi apparatus, the majority is localized in the PVC
853356_reviewed	Nucleus
854653_reviewed	Cytoplasm. Nucleus
856613_reviewed	Nucleus
855554_reviewed	Nucleus
853226_reviewed	Cytoplasm
852780_reviewed	Endoplasmic reticulum membrane
854242_reviewed	Endoplasmic reticulum membrane; Single-pass type IV membrane protein
852805_reviewed	Nucleus membrane
853298_reviewed	Mitochondrion inner membrane
855751_reviewed	Mitochondrion inner membrane
850518_reviewed	Cell membrane
856382_reviewed	Cytoplasm. Nucleus. Note=The translocation from the cytoplasm to the nucleus is stimulated by H(2)O(2). Localizes at bud emergence during cell cycle and the shmoo top during mating, both localizations requiring an interaction with CDC42
850696_reviewed	Nucleus
851219_reviewed	Endosome membrane
850694_reviewed	Mitochondrion inner membrane
854472_reviewed	Mitochondrion inner membrane
851309_reviewed	Mitochondrion inner membrane
853392_reviewed	Mitochondrion inner membrane
852973_reviewed	Mitochondrion outer membrane
855592_reviewed	Mitochondrion outer membrane; Single-pass type II membrane protein
853750_reviewed	Cytoplasm
852081_reviewed	Mitochondrion outer membrane
851320_reviewed	Nucleus, nuclear pore complex
856476_reviewed	Cytoplasm
852963_reviewed	Nucleus
851923_reviewed	Vacuole membrane
855392_reviewed	Vacuole membrane
850296_reviewed	Vacuole membrane
856702_reviewed	Vacuole membrane
855842_reviewed	Vacuole membrane
854444_reviewed	Vacuole membrane
855101_reviewed	Endosome membrane; Peripheral membrane protein. Vacuole membrane; Peripheral membrane protein
853825_reviewed	Endosome membrane; Peripheral membrane protein. Endomembrane system; Peripheral membrane protein. Note=Endosomal and other punctate structures
850349_reviewed	Cytoplasm. Endosome. Late endosome membrane
856040_reviewed	Cytoplasm. Endosome. Late endosome membrane
850810_reviewed	Cytoplasm
853868_reviewed	Cytoplasm
851925_reviewed	Nucleus. Cytoplasm. Chromosome. Note=In interphase cells, the majority of the condensin complex is found in the cytoplasm, while a minority of the complex is associated with chromatin. A subpopulation of the complex however remains associated with chromosome foci in interphase cells. During mitosis, most of the condensin complex is associated with the chromatin. At the onset of prophase, condensin associates with chromosome arms and to chromosome condensation. Dissociation from chromosomes is observed in late telophase
850977_reviewed	Nucleus
853082_reviewed	Endoplasmic reticulum membrane; Multi-pass membrane protein. Golgi apparatus membrane; Multi-pass membrane protein
854230_reviewed	Nucleus
855496_reviewed	Cytoplasm, cytoskeleton, microtubule organizing center, spindle pole body
852428_reviewed	Endosome, multivesicular body membrane; Peripheral membrane protein. Prevacuolar compartment membrane; Peripheral membrane protein. Vacuole membrane; Peripheral membrane protein. Vesicle
856737_reviewed	Mitochondrion inner membrane
855114_reviewed	Mitochondrion inner membrane
851110_reviewed	Nucleus. Chromosome. Note=Synapsed meiotic chromosomes
851567_reviewed	Nucleus
851879_reviewed	Nucleus. Chromosome. Note=Synapsed meiotic chromosomes
855820_reviewed	Cytoplasm, cytoskeleton, microtubule organizing center, spindle pole body
850767_reviewed	Golgi apparatus membrane
852753_reviewed	Endosome, multivesicular body membrane
854347_reviewed	Mitochondrion inner membrane; Peripheral membrane protein; Matrix side. Note=It is bound to the mitochondrial inner membrane in eukaryotic cells with its active site on the matrix side of the membrane
850657_reviewed	Cytoplasm, cytoskeleton, spindle pole
851028_reviewed	Nucleus. Chromosome, telomere
853796_reviewed	Nucleus, nuclear pore complex
850900_reviewed	Mitochondrion inner membrane
854598_reviewed	Mitochondrion inner membrane
856844_reviewed	Nucleus, nuclear pore complex
850594_reviewed	Cytoplasm
851761_reviewed	Nucleus
856890_reviewed	Nucleus
853359_reviewed	Cytoplasmic vesicle, secretory vesicle
856354_reviewed	Golgi apparatus membrane
851957_reviewed	Nucleus. Cytoplasm, cytoskeleton, microtubule organizing center, spindle pole body. Note=Tightly associated with the nucleus. It is present in a granular pattern that excludes the nucleolus
852035_reviewed	Prevacuolar compartment
855979_reviewed	Nucleus
850878_reviewed	Cytoplasm
852097_reviewed	Endosome membrane; Peripheral membrane protein. Vacuole membrane; Peripheral membrane protein
855683_reviewed	Golgi apparatus membrane
855412_reviewed	Endoplasmic reticulum membrane
855828_reviewed	Nucleus
855355_reviewed	Cell membrane
853789_reviewed	Endoplasmic reticulum lumen
855602_reviewed	Mitochondrion outer membrane
854745_reviewed	Mitochondrion outer membrane
856898_reviewed	Mitochondrion inner membrane
852014_reviewed	Mitochondrion
855669_reviewed	Mitochondrion outer membrane
853741_reviewed	Endoplasmic reticulum membrane
854876_reviewed	Cytoplasm
856807_reviewed	Cytoplasm
855711_reviewed	Cytoplasm, cytoskeleton, actin patch
856240_reviewed	Bud neck
851746_reviewed	Cytoplasm
851904_reviewed	Bud neck
850496_reviewed	Golgi apparatus membrane; Single-pass type I membrane protein. Endoplasmic reticulum membrane; Single-pass type I membrane protein
852397_reviewed	Cytoplasm
855272_reviewed	Cell tip. Note=Localizes at the mating projection tip (shmoo)
856709_reviewed	Nucleus
856508_reviewed	Golgi apparatus, trans-Golgi network
853077_reviewed	Cytoplasmic vesicle membrane; Peripheral membrane protein; Cytoplasmic side. Membrane, coated pit; Peripheral membrane protein; Cytoplasmic side. Note=Cytoplasmic face of coated pits and vesicles
856763_reviewed	Nucleus
851243_reviewed	Cytoplasm
854474_reviewed	Cytoplasm
856130_reviewed	Nucleus
851613_reviewed	Nucleus
855427_reviewed	Cytoplasm
851997_reviewed	Cytoplasm, cytoskeleton
854964_reviewed	Nucleus, nucleolus
855883_reviewed	Cytoplasmic vesicle, COPII-coated vesicle membrane; Peripheral membrane protein; Cytoplasmic side. Endoplasmic reticulum membrane; Peripheral membrane protein; Cytoplasmic side. Golgi apparatus membrane
853104_reviewed	Membrane; Multi-pass membrane protein
856854_reviewed	Cell membrane; Multi-pass membrane protein. Bud. Bud neck. Cell projection. Note=Localizes at the tip of the mating projection during conjugation
853912_reviewed	Cell membrane
854126_reviewed	Endoplasmic reticulum lumen
854276_reviewed	Cytoplasm
855031_reviewed	Cell membrane. Prospore membrane. Note=Membrane-associated to the plasma during vegetative growth and prospore membrane associated during sporulation
853453_reviewed	Golgi apparatus membrane; Multi-pass membrane protein
856722_reviewed	Golgi apparatus
856140_reviewed	Endoplasmic reticulum membrane
853598_reviewed	Golgi apparatus
852458_reviewed	Vacuole membrane
852324_reviewed	Endoplasmic reticulum membrane
853406_reviewed	Cytoplasm
852066_reviewed	Endosome membrane; Multi-pass membrane protein. Prevacuolar compartment membrane; Multi-pass membrane protein
852171_reviewed	Nucleus
854525_reviewed	Nucleus
854796_reviewed	Endoplasmic reticulum membrane
851369_reviewed	Cytoplasm
851372_reviewed	Cytoplasm
855449_reviewed	Bud neck
855440_reviewed	Cytoplasm
854369_reviewed	Cytoplasm
851363_reviewed	Cytoplasm. Nucleus. Note=Localizes constitutively to the cytoplasm and the nucleus, independent on osmotic conditions and phosphorylation status of the protein
854659_reviewed	Cell membrane
853523_reviewed	Nucleus
855060_reviewed	Nucleus
850454_reviewed	Nucleus
851456_reviewed	Nucleus
853462_reviewed	Nucleus
855054_reviewed	Cytoplasm. Mitochondrion intermembrane space
850822_reviewed	Nucleus
855689_reviewed	Nucleus
853783_reviewed	Cytoplasm, cytoskeleton
855533_reviewed	Cytoplasm, cytoskeleton, microtubule organizing center, spindle pole body
852577_reviewed	Nucleus
855218_reviewed	Cytoplasm
853041_reviewed	Nucleus
851774_reviewed	Nucleus, nuclear pore complex
852868_reviewed	Nucleus envelope
854851_reviewed	Membrane
854327_reviewed	Nucleus
854114_reviewed	Nucleus
852667_reviewed	Peroxisome
852713_reviewed	Nucleus
855320_reviewed	Nucleus
854688_reviewed	Cell membrane
855312_reviewed	Nucleus, nucleolus
854307_reviewed	Nucleus
854192_reviewed	Cytoplasm
853097_reviewed	Cytoplasm. Nucleus. Note=Predominantly cytoplasmic, only a small fraction (about 1.5%) found in the nucleus
852110_reviewed	Cytoplasm. Nucleus. Note=Localizes to nuclear DNA repair foci with other DNA repair proteins in response to DNA double strand breaks. The recruitment to DNA lesion sites requires the presence of the RPA complex on DNA
852714_reviewed	Cytoplasm
854188_reviewed	Cytoplasm
855117_reviewed	Cytoplasm, cytoskeleton. Cytoplasm, cytoskeleton, actin patch
851753_reviewed	Nucleus
855059_reviewed	Nucleus
850874_reviewed	Cytoplasm
852193_reviewed	Bud
853043_reviewed	Cytoplasm. Late endosome
855323_reviewed	Nucleus
854834_reviewed	Cytoplasm
850516_reviewed	Cytoplasm
852311_reviewed	Cell membrane
852218_reviewed	Cell membrane
854296_reviewed	Cytoplasm, perinuclear region. Cytoplasm, cell cortex. Note=Enriched at the nuclear envelope and at the plasma membrane, especially in daughter cells and at the bud neck
856482_reviewed	Nucleus
852249_reviewed	Cytoplasm, cytoskeleton. Cytoplasm, cytoskeleton, spindle. Bud neck
851338_reviewed	Cytoplasm
854922_reviewed	Cytoplasm
854553_reviewed	Cytoplasm
856293_reviewed	Nucleus
853546_reviewed	Cytoplasm
853904_reviewed	Nucleus
856886_reviewed	Cytoplasm
852365_reviewed	Nucleus
855535_reviewed	Nucleus
852951_reviewed	Endoplasmic reticulum membrane
852883_reviewed	Endoplasmic reticulum membrane
851965_reviewed	Cytoplasm. Nucleus
850521_reviewed	Cytoplasm
852806_reviewed	Nucleus
853372_reviewed	Endoplasmic reticulum membrane
854193_reviewed	Cytoplasm
850970_reviewed	Cytoplasm
851358_reviewed	Cytoplasm. Bud. Bud neck. Note=Localized to the bud site during bud formation and at the bud neck during cytokinesis
856277_reviewed	Cytoplasm
850323_reviewed	Cytoplasm, cell cortex
855035_reviewed	Nucleus
853994_reviewed	Cytoplasm
853478_reviewed	Nucleus
856768_reviewed	Nucleus
856069_reviewed	Cytoplasm
851840_reviewed	Cytoplasm
851333_reviewed	Cell membrane
852322_reviewed	Nucleus
853089_reviewed	Cytoplasm
852533_reviewed	Nucleus
853157_reviewed	Bud
853137_reviewed	Mitochondrion inner membrane
856897_reviewed	Mitochondrion inner membrane
854018_reviewed	Peroxisome membrane
855991_reviewed	Peroxisome membrane
853961_reviewed	Nucleus. Note=Binds to the spliceosome
855981_reviewed	Nucleus
855163_reviewed	Nucleus
855634_reviewed	Cell membrane
856016_reviewed	Nucleus
854469_reviewed	Nucleus
854828_reviewed	Cytoplasm. Nucleus
850507_reviewed	Mitochondrion
855268_reviewed	Mitochondrion intermembrane space
856426_reviewed	Nucleus. Chromosome, telomere
855230_reviewed	Cytoplasm
855331_reviewed	Mitochondrion matrix
852820_reviewed	Cytoplasm
851008_reviewed	Cytoplasm
850795_reviewed	Nucleus
856022_reviewed	Nucleus
855678_reviewed	Cytoplasm
855464_reviewed	Endoplasmic reticulum membrane
851023_reviewed	Bud tip. Bud neck. Cytoplasm, cytoskeleton. Note=Sites of polarized growth as bud tip, bud neck and mating projection. Hub1 is necessary for the proper location to mating projections after pheromone alpha treatment
850328_reviewed	Cytoplasm, cytoskeleton, microtubule organizing center, spindle pole body. Cytoplasm, cytoskeleton, spindle. Cytoplasm. Note=And mitotic spindle
856579_reviewed	Cytoplasm
851018_reviewed	Cytoplasm. Golgi apparatus membrane; Peripheral membrane protein. Note=IMH1 is recruited to the Golgi apparatus by ARL1
853164_reviewed	Nucleus
855417_reviewed	Nucleus, nucleolus
852466_reviewed	Peroxisome membrane
854368_reviewed	Peroxisome membrane
851507_reviewed	Cytoplasm
851109_reviewed	Mitochondrion inner membrane
854601_reviewed	Mitochondrion inner membrane; Multi-pass membrane protein
852177_reviewed	Mitochondrion inner membrane
856027_reviewed	Mitochondrion. Mitochondrion inner membrane
856358_reviewed	Cytoplasm
854449_reviewed	Cytoplasm
854458_reviewed	Cytoplasm
856861_reviewed	Bud neck
856075_reviewed	Cytoplasm
855423_reviewed	Cytoplasm
854037_reviewed	Cytoplasm
852099_reviewed	Cytoplasm, cytoskeleton
850836_reviewed	Cytoplasm
850423_reviewed	Cytoplasm
850330_reviewed	Membrane
851041_reviewed	Golgi apparatus, trans-Golgi network membrane
856438_reviewed	Endoplasmic reticulum membrane
854197_reviewed	Nucleus
855946_reviewed	Nucleus, nucleolus
854856_reviewed	Endoplasmic reticulum membrane; Peripheral membrane protein
854874_reviewed	Cytoplasm. Nucleus
854087_reviewed	Nucleus
851247_reviewed	Nucleus
854545_reviewed	Nucleus
854981_reviewed	Nucleus
850832_reviewed	Nucleus, nucleolus
851542_reviewed	Nucleus
850406_reviewed	Nucleus
853880_reviewed	Nucleus
854456_reviewed	Cytoplasm
851371_reviewed	Nucleus
856115_reviewed	Nucleus
851857_reviewed	Early endosome membrane; Multi-pass membrane protein. Golgi apparatus membrane; Multi-pass membrane protein
852050_reviewed	Nucleus
852262_reviewed	Nucleus
852028_reviewed	Nucleus
855987_reviewed	Nucleus
853650_reviewed	Nucleus
855067_reviewed	Nucleus
852541_reviewed	Cytoplasm
855483_reviewed	Golgi apparatus, trans-Golgi network membrane; Single-pass type I membrane protein
856352_reviewed	Cytoplasm
853262_reviewed	Cytoplasm
852096_reviewed	Nucleus
851222_reviewed	Nucleus
852876_reviewed	Cell membrane; Multi-pass membrane protein
851517_reviewed	Mitochondrion matrix
853748_reviewed	Nucleus
855648_reviewed	Nucleus
854149_reviewed	Endoplasmic reticulum membrane
852593_reviewed	Endoplasmic reticulum. Vacuole. Membrane; Multi-pass membrane protein
851960_reviewed	Golgi apparatus, trans-Golgi network
854950_reviewed	Mitochondrion intermembrane space
853538_reviewed	Golgi apparatus, cis-Golgi network membrane
852712_reviewed	Cytoplasm
851074_reviewed	Golgi apparatus, trans-Golgi network membrane
850941_reviewed	Golgi apparatus, trans-Golgi network membrane
852394_reviewed	Golgi apparatus, trans-Golgi network membrane
854627_reviewed	Mitochondrion inner membrane
851437_reviewed	Mitochondrion matrix
850530_reviewed	Mitochondrion
856099_reviewed	Nucleus
850584_reviewed	Nucleus
850314_reviewed	Endoplasmic reticulum lumen
854909_reviewed	Endoplasmic reticulum membrane
850807_reviewed	Nucleus
851462_reviewed	Endoplasmic reticulum membrane
851210_reviewed	Endoplasmic reticulum membrane
853608_reviewed	Endoplasmic reticulum membrane
851587_reviewed	Cytoplasm, cytosol
855691_reviewed	Mitochondrion
854303_reviewed	Mitochondrion matrix
852971_reviewed	Cytoplasm, cytoskeleton
855025_reviewed	Cytoplasm
855956_reviewed	Peroxisome membrane; Multi-pass membrane protein
853647_reviewed	Peroxisome membrane; Multi-pass membrane protein
856470_reviewed	Lipid droplet
856602_reviewed	Nucleus outer membrane
856713_reviewed	Cytoplasmic vesicle
850843_reviewed	Cytoplasm
855310_reviewed	Nucleus
853906_reviewed	Endosome membrane; Peripheral membrane protein. Endomembrane system; Peripheral membrane protein. Note=Endosomal and other punctate structures
851641_reviewed	Cytoplasm. Late endosome membrane; Peripheral membrane protein. Note=Recruited to the late endosome by BRO1
850885_reviewed	Mitochondrion inner membrane
851731_reviewed	Cytoplasm. Endosome membrane; Peripheral membrane protein. Note=Found predominantly on endosomal structures
851256_reviewed	Endoplasmic reticulum membrane; Multi-pass membrane protein. Golgi apparatus membrane; Multi-pass membrane protein. Note=Recycles between endoplasmic reticulum and Golgi. Resides in the endoplasmic and Golgi compartments, and then packaged into endoplasmic reticulum derived vesicles
855076_reviewed	Endosome membrane
850684_reviewed	Preautophagosomal structure membrane
853033_reviewed	Mitochondrion inner membrane
853146_reviewed	Mitochondrion inner membrane
856754_reviewed	Bud neck
851918_reviewed	Cytoplasm
854231_reviewed	Mitochondrion inner membrane
853940_reviewed	Mitochondrion matrix. Mitochondrion intermembrane space
854839_reviewed	Mitochondrion matrix
852976_reviewed	Cytoplasm
852211_reviewed	Cytoplasm
855089_reviewed	Nucleus
852576_reviewed	Endoplasmic reticulum
854470_reviewed	Nucleus, nucleolus
852462_reviewed	Golgi apparatus
853959_reviewed	Cytoplasm
855731_reviewed	Cytoplasm
850769_reviewed	Golgi apparatus membrane; Single-pass type I membrane protein. Endoplasmic reticulum membrane; Single-pass type I membrane protein
856686_reviewed	Vacuole membrane
856421_reviewed	Vacuole membrane
850947_reviewed	Endoplasmic reticulum membrane
854039_reviewed	Endoplasmic reticulum membrane
851392_reviewed	Cytoplasm. Membrane; Peripheral membrane protein. Note=Localizes in a punctate pattern. Found in the actin cortical patches
853128_reviewed	Cytoplasm
855903_reviewed	Cytoplasm
855774_reviewed	Nucleus, nucleolus
853534_reviewed	Cytoplasm
855387_reviewed	Cytoplasm, cytosol
854113_reviewed	Peroxisome membrane
853702_reviewed	Endoplasmic reticulum membrane
851886_reviewed	Endoplasmic reticulum membrane
851817_reviewed	Mitochondrion inner membrane
856691_reviewed	Cytoplasm, cytosol
851207_reviewed	Golgi apparatus, trans-Golgi network membrane
851832_reviewed	Endoplasmic reticulum membrane; Single-pass type II membrane protein. Golgi apparatus, cis-Golgi network membrane; Single-pass type II membrane protein
854907_reviewed	Membrane; Multi-pass membrane protein
850829_reviewed	Cell membrane
853352_reviewed	Cell membrane
853966_reviewed	Cytoplasm
856093_reviewed	Cytoplasm
854995_reviewed	Endoplasmic reticulum membrane
853870_reviewed	Cytoplasm, cytoskeleton
851376_reviewed	Mitochondrion matrix
855948_reviewed	Cytoplasm, cytoskeleton
852897_reviewed	Cell membrane
854249_reviewed	Cytoplasm
855347_reviewed	Mitochondrion inner membrane
851467_reviewed	Cytoplasm
851930_reviewed	Nucleus
854503_reviewed	Endoplasmic reticulum membrane
856483_reviewed	Mitochondrion outer membrane
855082_reviewed	Mitochondrion outer membrane
855705_reviewed	Mitochondrion outer membrane
856234_reviewed	Cytoplasm
854793_reviewed	Nucleus, nucleolus
854815_reviewed	Cytoplasm, cytoskeleton, actin patch
856583_reviewed	Nucleus
854333_reviewed	Cytoplasm
850506_reviewed	Cytoplasm, cytoskeleton
852033_reviewed	Cytoplasm
855284_reviewed	Vacuole membrane
852839_reviewed	Nucleus
856187_reviewed	Cytoplasm
854508_reviewed	Mitochondrion
851649_reviewed	Secreted, cell wall. Membrane; Lipid-anchor, GPI-anchor. Note=Covalently-linked GPI-modified cell wall protein (GPI-CWP)
855586_reviewed	Nucleus
854477_reviewed	Cell membrane
851067_reviewed	Cell membrane
852932_reviewed	Cell membrane
853751_reviewed	Nucleus
851409_reviewed	Cytoplasm
851202_reviewed	Cytoplasm
853756_reviewed	Cell membrane
856117_reviewed	Nucleus
855570_reviewed	Bud neck
854421_reviewed	Secreted, cell wall. Cell surface
850753_reviewed	Endoplasmic reticulum membrane; Multi-pass membrane protein. Nucleus, nuclear pore complex
855093_reviewed	Golgi apparatus membrane
854372_reviewed	Cytoplasm
854698_reviewed	Cytoplasm
850513_reviewed	Nucleus
854820_reviewed	Cytoplasm
850920_reviewed	Nucleus
851809_reviewed	Cytoplasm
855277_reviewed	Golgi apparatus, trans-Golgi network membrane
856601_reviewed	Mitochondrion inner membrane
854318_reviewed	Mitochondrion inner membrane
856644_reviewed	Endosome membrane
854605_reviewed	Mitochondrion inner membrane
852470_reviewed	Cytoplasm
856376_reviewed	Cytoplasm
852980_reviewed	Endoplasmic reticulum membrane
853675_reviewed	Golgi apparatus membrane
850887_reviewed	Bud tip. Bud neck. Mitochondrion outer membrane; Peripheral membrane protein
854370_reviewed	Chromosome, centromere. Chromosome, centromere, kinetochore. Cytoplasm, cytoskeleton, microtubule organizing center, spindle pole body. Note=Spindle midzone during anaphase. During meiotic prophase localizes to the centromere and remains there until anaphase I
854668_reviewed	Cytoplasm, cytoskeleton
851985_reviewed	Cytoplasm, cytoskeleton
856648_reviewed	Cytoplasm, cytoskeleton, spindle
853492_reviewed	Nucleus
855087_reviewed	Endoplasmic reticulum membrane; Multi-pass membrane protein. Nucleus membrane; Multi-pass membrane protein
852950_reviewed	Prospore membrane
850587_reviewed	Cell membrane
851267_reviewed	Nucleus
855655_reviewed	Cytoplasm
850607_reviewed	Nucleus
850799_reviewed	Cytoplasm
851892_reviewed	Mitochondrion. Mitochondrion inner membrane
856014_reviewed	Cytoplasm
854835_reviewed	Cytoplasm
852133_reviewed	Cytoplasm
854684_reviewed	Nucleus
855138_reviewed	Chromosome
851171_reviewed	Endoplasmic reticulum membrane
855978_reviewed	Cytoplasm. Nucleus
855300_reviewed	Cytoplasm. Nucleus. Cytoplasmic vesicle membrane; Peripheral membrane protein
853853_reviewed	Mitochondrion. Mitochondrion inner membrane
853259_reviewed	Mitochondrion
855401_reviewed	Mitochondrion
853585_reviewed	Mitochondrion. Mitochondrion inner membrane. Note=Peripheral membrane protein
853345_reviewed	Cell membrane
850714_reviewed	Cytoplasm
855159_reviewed	Nucleus, nuclear pore complex
854965_reviewed	[Isoform Mitochondrial]: Mitochondrion inner membrane; Peripheral membrane protein; Matrix side
856429_reviewed	Cytoplasm. Nucleus
855506_reviewed	Nucleus
851894_reviewed	Cytoplasm
852146_reviewed	Cytoplasm, P-body
853447_reviewed	Cytoplasm
853267_reviewed	Vacuole membrane
855628_reviewed	Cytoplasm
856331_reviewed	Cell membrane
852403_reviewed	Endoplasmic reticulum membrane
850370_reviewed	Cytoplasm
851328_reviewed	Membrane; Multi-pass membrane protein
850536_reviewed	Membrane; Multi-pass membrane protein
850630_reviewed	Cytoplasm
855092_reviewed	Nucleus
852407_reviewed	Endoplasmic reticulum membrane
854057_reviewed	Mitochondrion inner membrane
851785_reviewed	Mitochondrion inner membrane
852804_reviewed	Cytoplasm
851177_reviewed	Nucleus
853668_reviewed	Endoplasmic reticulum membrane
856313_reviewed	Endoplasmic reticulum membrane
856083_reviewed	Cytoplasm
852921_reviewed	Mitochondrion inner membrane
855775_reviewed	Endoplasmic reticulum membrane
851786_reviewed	Endoplasmic reticulum membrane
856755_reviewed	Cytoplasm. Bud. Bud neck. Bud tip. Note=Localized to the cortex of small and large buds during bud growth, to the bud neck during mitotic exit and to the tips of mating projections in pheromone-treated cells
851819_reviewed	Endoplasmic reticulum membrane
851161_reviewed	Endoplasmic reticulum membrane
851412_reviewed	Cytoplasm
850643_reviewed	Cytoplasm
856589_reviewed	Cytoplasm
856145_reviewed	[Isoform Cytoplasmic]: Cytoplasm
851425_reviewed	Mitochondrion
856059_reviewed	Cytoplasm. Nucleus
851479_reviewed	Nucleus
852542_reviewed	Nucleus
854667_reviewed	Mitochondrion
855515_reviewed	Nucleus
854902_reviewed	Cytoplasm
854258_reviewed	Cytoplasm
853939_reviewed	Mitochondrion inner membrane
854527_reviewed	Nucleus
850904_reviewed	Endoplasmic reticulum membrane
851481_reviewed	Peroxisome
855406_reviewed	Mitochondrion inner membrane
856524_reviewed	Nucleus
853361_reviewed	Cytoplasm
853733_reviewed	Cytoplasm
854286_reviewed	Cytoplasm
855099_reviewed	Nucleus
850864_reviewed	[Ubiquitin]: Cytoplasm
854111_reviewed	Cytoplasm
856764_reviewed	Cytoplasm
855201_reviewed	Cytoplasm. Nucleus membrane; Peripheral membrane protein. Endoplasmic reticulum membrane; Peripheral membrane protein
853388_reviewed	Cell membrane; Peripheral membrane protein; Cytoplasmic side. Vacuole membrane
851650_reviewed	Nucleus
855982_reviewed	Nucleus
853636_reviewed	Cytoplasm, cytosol
855645_reviewed	Cytoplasm, cytoskeleton
851326_reviewed	Nucleus
851743_reviewed	Nucleus
855306_reviewed	Endoplasmic reticulum membrane
852647_reviewed	Golgi apparatus membrane; Multi-pass membrane protein. Cytoplasmic vesicle membrane; Multi-pass membrane protein. Endoplasmic reticulum membrane; Multi-pass membrane protein. Note=Recycles between the Golgi apparatus and the endoplasmic reticulum
852094_reviewed	Golgi apparatus membrane; Single-pass type II membrane protein
850963_reviewed	Mitochondrion matrix
855675_reviewed	Mitochondrion inner membrane
852688_reviewed	Mitochondrion inner membrane
853201_reviewed	Endoplasmic reticulum membrane
853717_reviewed	Lipid droplet
853768_reviewed	Lipid droplet
854682_reviewed	Lipid droplet
851508_reviewed	Lipid droplet
852205_reviewed	Cytoplasm. Nucleus. Note=This protein lacks a nuclear localization signal, it may interact in the cytoplasm with a component of spliceosomes via the leucine-zipper and then be transported into the nucleus
853170_reviewed	Mitochondrion inner membrane
852516_reviewed	Nucleus
852318_reviewed	Nucleus
850945_reviewed	Cytoplasm
852391_reviewed	Cytoplasm
852530_reviewed	Endoplasmic reticulum
851807_reviewed	Endoplasmic reticulum
853075_reviewed	Mitochondrion
850830_reviewed	Mitochondrion inner membrane
853811_reviewed	Cytoplasm
851346_reviewed	Cytoplasm
851585_reviewed	Cytoplasm, cytoskeleton
856147_reviewed	Cytoplasm
855949_reviewed	Vacuole. Note=Lysosome-like vacuoles
851921_reviewed	Mitochondrion
851823_reviewed	Mitochondrion
855727_reviewed	Mitochondrion
855469_reviewed	Mitochondrion
856655_reviewed	Nucleus, nucleolus
851955_reviewed	Cytoplasm. Mitochondrion intermembrane space
856506_reviewed	Mitochondrion
851160_reviewed	Mitochondrion
855930_reviewed	Mitochondrion
852064_reviewed	Cytoplasm
854980_reviewed	Cytoplasm
852129_reviewed	Cytoplasm. Golgi apparatus, cis-Golgi network membrane; Peripheral membrane protein. Note=Localizes to cytoplasm in a punctate pattern. Association with the cis-Golgi requires N-terminal acetylation and is probably mediated via an N-terminal amphipathic helix. The localization to the Golgi is MAK3-dependent and SYS1-independent. Localizes to the Golgi together with BUG1
851459_reviewed	Cytoplasm. Golgi apparatus, cis-Golgi network membrane; Peripheral membrane protein. Note=Localizes to cytoplasm in a punctate pattern. Localizes to cis-Golgi together with GRH1
852801_reviewed	Endosome
856667_reviewed	Nucleus
856819_reviewed	Mitochondrion
850437_reviewed	Cytoplasm
850715_reviewed	Cytoplasm, cytosol
850500_reviewed	Cytoplasm
852768_reviewed	Cytoplasm
853893_reviewed	Cytoplasm, cytosol
852962_reviewed	Nucleus
855110_reviewed	Cell membrane
855758_reviewed	Nucleus
855047_reviewed	Cytoplasmic granule. Cell membrane; Peripheral membrane protein; Cytoplasmic side. Note=Localizes at the eisosomes
853080_reviewed	Golgi apparatus membrane
855457_reviewed	Cytoplasm
856356_reviewed	Cytoplasm
856264_reviewed	Nucleus, nucleolus
856532_reviewed	Cytoplasm
856611_reviewed	Endoplasmic reticulum lumen
854717_reviewed	Nucleus, nucleolus
854703_reviewed	Cytoplasm
853643_reviewed	Cytoplasm
854669_reviewed	Cytoplasm
853118_reviewed	Cytoplasm
855708_reviewed	Cytoplasm
856158_reviewed	Nucleus
853573_reviewed	Cytoplasm
854479_reviewed	Cytoplasm
853819_reviewed	Lipid droplet
853784_reviewed	Nucleus, nucleolus
853166_reviewed	Nucleus, nucleolus
853894_reviewed	Nucleus, nucleolus
853898_reviewed	Golgi apparatus, trans-Golgi network membrane
853945_reviewed	Cytoplasm
856161_reviewed	Cytoplasm
850658_reviewed	Nucleus
855475_reviewed	Nucleus
850632_reviewed	Mitochondrion matrix
853826_reviewed	Mitochondrion matrix
850709_reviewed	Cytoplasm
855558_reviewed	Cytoplasm
855149_reviewed	Cytoplasm, cytosol
853932_reviewed	Cytoplasm
854344_reviewed	Cytoplasm. Cytoplasm, perinuclear region. Cytoplasm, P-body. Note=Predominantly cytoplasmic. Localizes close to the perinuclear space before the diauxic growth shift. Recruited to the P-body after the post-diauxic growth shift. Colocalizes with the decapping activator protein LSM1 at P-body
851088_reviewed	Cell membrane; Single-pass membrane protein. Nucleus
855937_reviewed	Preautophagosomal structure
851154_reviewed	Cytoplasm
853875_reviewed	Mitochondrion
855103_reviewed	Golgi apparatus membrane
856475_reviewed	Mitochondrion
855135_reviewed	Mitochondrion
850414_reviewed	Cytoplasm
852327_reviewed	Mitochondrion. Mitochondrion inner membrane; Peripheral membrane protein
855254_reviewed	Endoplasmic reticulum lumen
855301_reviewed	Cytoplasm
856925_reviewed	Mitochondrion matrix
855652_reviewed	Cytoplasm
851873_reviewed	Nucleus
855639_reviewed	Cytoplasm, cytosol
855619_reviewed	[Isoform Cytoplasmic]: Cytoplasm
854275_reviewed	Mitochondrion
856298_reviewed	Nucleus, nucleolus
855567_reviewed	Cytoplasm
855466_reviewed	Cytoplasm
855769_reviewed	Cytoplasm. Nucleus
855772_reviewed	Mitochondrion
852434_reviewed	Cytoplasm
850951_reviewed	Cytoplasm, cytosol
854310_reviewed	Mitochondrion
853159_reviewed	Mitochondrion
856098_reviewed	Cytoplasm
855999_reviewed	Cytoplasm
855943_reviewed	Cytoplasm
855456_reviewed	Cytoplasm. Endosome. Note=The endosomal location appears to be dependent on DID2
853395_reviewed	Cytoplasm
855039_reviewed	Mitochondrion
852145_reviewed	Nucleus
852313_reviewed	Cytoplasm
854335_reviewed	Cytoplasm
854500_reviewed	Cytoplasm
856232_reviewed	Mitochondrion
851504_reviewed	Cytoplasm
850499_reviewed	Cytoplasm
853839_reviewed	Mitochondrion matrix
854534_reviewed	Cytoplasm
855509_reviewed	Cytoplasm
856228_reviewed	Nucleus
851493_reviewed	Mitochondrion
851544_reviewed	Endoplasmic reticulum membrane
856510_reviewed	Endoplasmic reticulum membrane
854714_reviewed	Mitochondrion
851477_reviewed	Cytoplasm
856882_reviewed	Cytoplasm. Nucleus. Note=Shuttles constitutively between the cytoplasm and the nucleus
851890_reviewed	Nucleus
856304_reviewed	Nucleus membrane
850510_reviewed	Golgi apparatus membrane
852418_reviewed	[Isoform Cytoplasmic]: Cytoplasm
851575_reviewed	Cytoplasm
853613_reviewed	Cytoplasm
853705_reviewed	Cytoplasm
850846_reviewed	Cytoplasm. Nucleus. Note=Predominantly nuclear
853346_reviewed	Golgi apparatus, trans-Golgi network membrane
854475_reviewed	Golgi apparatus, trans-Golgi network membrane
852382_reviewed	Cell membrane
853498_reviewed	Nucleus, nucleolus
852852_reviewed	Cytoplasm
850716_reviewed	Cytoplasm
856412_reviewed	Cytoplasm, cytosol
854806_reviewed	Nucleus
851126_reviewed	Cytoplasm
855240_reviewed	Endoplasmic reticulum membrane
852866_reviewed	Mitochondrion matrix
855927_reviewed	Cell membrane
855198_reviewed	Peroxisome membrane
855130_reviewed	Cytoplasm
855600_reviewed	Nucleus
855080_reviewed	Cell membrane
856888_reviewed	Membrane
856191_reviewed	Cell membrane
853803_reviewed	Cytoplasm. Nucleus
852915_reviewed	Mitochondrion outer membrane
856275_reviewed	Nucleus
854957_reviewed	Endoplasmic reticulum membrane
854758_reviewed	Cytoplasm
850438_reviewed	Endosome membrane
851016_reviewed	Prospore
853686_reviewed	Cytoplasm
855622_reviewed	Vacuole membrane
856207_reviewed	Endoplasmic reticulum membrane
854671_reviewed	Cytoplasm
855783_reviewed	Cytoplasm
855222_reviewed	Cytoplasm
853336_reviewed	Membrane; Multi-pass membrane protein
851812_reviewed	Cytoplasm, cytosol
852435_reviewed	Cytoplasm
853990_reviewed	Cell membrane
853744_reviewed	Cytoplasm
851859_reviewed	Cytoplasm
853522_reviewed	Nucleus
855336_reviewed	Cytoplasm
856155_reviewed	Cytoplasm
856535_reviewed	Endoplasmic reticulum membrane
856624_reviewed	Cytoplasm
850824_reviewed	Cytoplasm
855568_reviewed	Cell membrane
855962_reviewed	Cytoplasm
850875_reviewed	Cytoplasm
855343_reviewed	Vacuole lumen
855425_reviewed	Cell membrane
855743_reviewed	Cytoplasm
4036073_reviewed	Nucleus
850313_reviewed	Mitochondrion inner membrane
856135_reviewed	Mitochondrion inner membrane
852867_reviewed	Cytoplasm
854240_reviewed	Chromosome, centromere
852500_reviewed	Endoplasmic reticulum membrane
854769_reviewed	Mitochondrion matrix
853051_reviewed	Cytoplasm
852362_reviewed	Endoplasmic reticulum membrane
852835_reviewed	Endoplasmic reticulum
853261_reviewed	Cytoplasmic vesicle membrane; Single-pass type I membrane protein. Golgi apparatus membrane; Single-pass type I membrane protein. Mitochondrion membrane; Single-pass membrane protein. Preautophagosomal structure membrane; Single-pass type I membrane protein. Note=Cycles among the pre-autophagosomal structure (PAS), mitochondria and Golgi
856587_reviewed	Golgi apparatus, cis-Golgi network membrane
851627_reviewed	Endoplasmic reticulum membrane
852277_reviewed	Nucleus
853861_reviewed	Endoplasmic reticulum membrane
856386_reviewed	Endoplasmic reticulum membrane
854805_reviewed	Nucleus
853596_reviewed	Nucleus. Cytoplasm
854539_reviewed	Cytoplasm
852539_reviewed	Nucleus
850456_reviewed	Golgi apparatus, trans-Golgi network membrane
851075_reviewed	Cytoplasm
851670_reviewed	Nucleus
852074_reviewed	Cell membrane; Peripheral membrane protein; Cytoplasmic side. Nucleus. Note=Localizes to the cytoplasm in its unprocessed form and is targeted to the nucleus after proteolytic processing upon induction by amino acids. The SCF(MET30) ubiquitin ligase complex negatively regulates nuclear accumulation of the processed form in the absence of high extracellular methionine levels
853285_reviewed	Cell membrane
854888_reviewed	Mitochondrion membrane. Note=Membrane-embedded
854670_reviewed	Mitochondrion outer membrane
853639_reviewed	Mitochondrion inner membrane
852916_reviewed	Mitochondrion intermembrane space
855053_reviewed	Cytoplasm. Nucleus
854292_reviewed	Mitochondrion inner membrane
854781_reviewed	Endoplasmic reticulum membrane
854979_reviewed	Endoplasmic reticulum membrane
852694_reviewed	Nucleus
856840_reviewed	Cytoplasm
852020_reviewed	Endoplasmic reticulum membrane
854586_reviewed	Mitochondrion
854342_reviewed	Cell membrane
854814_reviewed	Cytoplasm
852789_reviewed	Cytoplasm. Nucleus
855481_reviewed	Cytoplasm
855147_reviewed	Nucleus inner membrane
855724_reviewed	Nucleus inner membrane
852173_reviewed	Cytoplasm
852223_reviewed	Cytoplasm
856389_reviewed	Cytoplasm
855390_reviewed	Vacuole membrane
851098_reviewed	Mitochondrion matrix
854582_reviewed	Mitochondrion
853333_reviewed	Cytoplasm
853497_reviewed	Golgi apparatus membrane
854855_reviewed	Cytoplasm
853197_reviewed	Nucleus, nucleolus
851416_reviewed	Nucleus
851866_reviewed	Prospore membrane
851920_reviewed	Cytoplasm
856698_reviewed	Nucleus membrane
856642_reviewed	Cytoplasm
856843_reviewed	Nucleus
856865_reviewed	Cytoplasm
852116_reviewed	Cytoplasm. Mitochondrion
853019_reviewed	Membrane; Multi-pass membrane protein
855309_reviewed	Mitochondrion
856454_reviewed	Secreted
856513_reviewed	Cytoplasm
851172_reviewed	Nucleus
854716_reviewed	Membrane
853466_reviewed	Cytoplasm
855908_reviewed	Nucleus
853567_reviewed	Cytoplasm
850747_reviewed	Cytoplasm
850798_reviewed	Nucleus
852705_reviewed	Cytoplasm, cytoskeleton, microtubule organizing center, spindle pole body
854279_reviewed	Cytoplasm
855364_reviewed	Cytoplasm
852846_reviewed	Cytoplasm
851174_reviewed	Nucleus
854567_reviewed	Cytoplasm
856184_reviewed	Endoplasmic reticulum membrane
852326_reviewed	Membrane
854974_reviewed	Nucleus inner membrane
850605_reviewed	Cytoplasm
852584_reviewed	Cytoplasm. Nucleus
855530_reviewed	Cytoplasm
855207_reviewed	Endosome membrane
851566_reviewed	Membrane
852290_reviewed	Endoplasmic reticulum membrane
850538_reviewed	Cytoplasm. Nucleus. Mitochondrion
853891_reviewed	Cytoplasm
855411_reviewed	Endoplasmic reticulum membrane
852654_reviewed	Mitochondrion outer membrane
855220_reviewed	Nucleus
851617_reviewed	Nucleus
850758_reviewed	Mitochondrion
855501_reviewed	Cytoplasm
853707_reviewed	[NADH-cytochrome b5 reductase p32 form]: Mitochondrion intermembrane space
854394_reviewed	Vacuole membrane; Single-pass type II membrane protein. Note=Lysosome-like vacuoles
854047_reviewed	Nucleus
855173_reviewed	Cytoplasm
852953_reviewed	Mitochondrion inner membrane
850898_reviewed	Mitochondrion inner membrane
854930_reviewed	Mitochondrion inner membrane
852106_reviewed	Cytoplasm
854223_reviewed	Cytoplasm, cytoskeleton, spindle
850683_reviewed	Membrane
855658_reviewed	Cytoplasm
853169_reviewed	Cytoplasm
850733_reviewed	Cytoplasm
856241_reviewed	Cell membrane
853009_reviewed	Mitochondrion inner membrane
856884_reviewed	Mitochondrion inner membrane
854649_reviewed	Mitochondrion inner membrane
856689_reviewed	Mitochondrion inner membrane
853005_reviewed	Cytoplasm
852219_reviewed	Cytoplasm. Cell membrane; Peripheral membrane protein. Bud neck. Bud tip. Note=Localizes at the cell membrane only at the bud neck and bud tip and this localization is ARF3-dependent
854261_reviewed	Golgi apparatus
851428_reviewed	Cytoplasm
852031_reviewed	Nucleus
852057_reviewed	Nucleus
852872_reviewed	Endoplasmic reticulum membrane
854768_reviewed	Mitochondrion outer membrane
854836_reviewed	Secreted, cell wall
854391_reviewed	Golgi apparatus lumen
853188_reviewed	Nucleus, nucleolus
856517_reviewed	Mitochondrion outer membrane
851947_reviewed	Golgi apparatus, cis-Golgi network membrane
851738_reviewed	Cell membrane
852986_reviewed	[Isoform Cytoplasmic]: Cytoplasm
856915_reviewed	[Isoform Mitochondrial]: Mitochondrion
851246_reviewed	Endoplasmic reticulum membrane
852670_reviewed	Golgi apparatus, trans-Golgi network membrane
854181_reviewed	Endoplasmic reticulum membrane
852238_reviewed	Membrane; Multi-pass membrane protein
852172_reviewed	Golgi apparatus membrane
852291_reviewed	Cytoplasm
856545_reviewed	Endoplasmic reticulum membrane
852360_reviewed	Cell membrane
856783_reviewed	Membrane; Multi-pass membrane protein
856494_reviewed	Membrane; Multi-pass membrane protein
851891_reviewed	Endoplasmic reticulum membrane
852825_reviewed	Endoplasmic reticulum membrane
856279_reviewed	Cell membrane
852586_reviewed	Endoplasmic reticulum membrane; Multi-pass membrane protein
851064_reviewed	Endoplasmic reticulum membrane
856398_reviewed	Endoplasmic reticulum membrane
852515_reviewed	Cytoplasm
852523_reviewed	Peroxisome matrix
852546_reviewed	Cytoplasm
850303_reviewed	Nucleus
850385_reviewed	Membrane; Multi-pass membrane protein
851042_reviewed	Cell membrane
856247_reviewed	Cytoplasm, P-body
851323_reviewed	Endoplasmic reticulum membrane
854970_reviewed	Golgi apparatus membrane
854763_reviewed	Endosome membrane
851878_reviewed	Vacuole membrane
851931_reviewed	Endoplasmic reticulum membrane; Single-pass type I membrane protein
856595_reviewed	Endoplasmic reticulum membrane
850777_reviewed	Endoplasmic reticulum membrane; Multi-pass membrane protein
851954_reviewed	Vacuole membrane
852878_reviewed	Vacuole membrane; Multi-pass membrane protein
852044_reviewed	Endoplasmic reticulum membrane
856260_reviewed	Membrane; Multi-pass membrane protein
853247_reviewed	Endoplasmic reticulum membrane
856849_reviewed	Golgi apparatus membrane
851036_reviewed	Membrane; Multi-pass membrane protein
850523_reviewed	Nucleus
854271_reviewed	Membrane
852882_reviewed	Endoplasmic reticulum membrane
852803_reviewed	Membrane; Multi-pass membrane protein
853325_reviewed	Membrane
855874_reviewed	Endoplasmic reticulum membrane
850745_reviewed	Endoplasmic reticulum membrane
852998_reviewed	Vacuole membrane
854447_reviewed	Cell membrane
853034_reviewed	Peroxisome
853112_reviewed	Cytoplasmic granule. Cell membrane
853194_reviewed	Cytoplasm
855958_reviewed	Cytoplasm
853198_reviewed	Cell membrane
853581_reviewed	Endoplasmic reticulum membrane
856434_reviewed	Endoplasmic reticulum
856504_reviewed	Cytoplasm
856523_reviewed	Golgi apparatus membrane; Multi-pass membrane protein
855593_reviewed	Microsome membrane; Multi-pass membrane protein. Endoplasmic reticulum membrane; Multi-pass membrane protein. Mitochondrion outer membrane; Multi-pass membrane protein
856580_reviewed	Vacuole membrane
854764_reviewed	Cell membrane
853288_reviewed	Cytoplasm
853377_reviewed	Cytoplasm
855311_reviewed	Nucleus, nucleolus
855016_reviewed	Cytoplasm
853866_reviewed	Golgi apparatus, Golgi stack membrane
855022_reviewed	Golgi apparatus membrane
853690_reviewed	Endoplasmic reticulum membrane
853683_reviewed	Cytoplasm
853955_reviewed	Cytoplasm
850628_reviewed	Endoplasmic reticulum membrane
850869_reviewed	Cytoplasm
850961_reviewed	Cytoplasm
856194_reviewed	Golgi apparatus, trans-Golgi network membrane; Single-pass type I membrane protein. Endosome membrane; Single-pass type I membrane protein
855438_reviewed	Cell membrane; Single-pass membrane protein
854949_reviewed	Endoplasmic reticulum membrane
855261_reviewed	Vacuole membrane
855984_reviewed	Cytoplasm
854255_reviewed	Vacuole membrane
854336_reviewed	Endoplasmic reticulum membrane
855976_reviewed	Nucleus
855880_reviewed	Endoplasmic reticulum membrane
855863_reviewed	Membrane; Multi-pass membrane protein
856229_reviewed	Microsome membrane
853716_reviewed	Mitochondrion inner membrane; Multi-pass membrane protein
851758_reviewed	Mitochondrion inner membrane; Multi-pass membrane protein
855580_reviewed	Cell membrane
851978_reviewed	Golgi apparatus, Golgi stack membrane
856036_reviewed	Cytoplasm
856173_reviewed	Cytoplasm
856152_reviewed	Endoplasmic reticulum membrane
856175_reviewed	Cytoplasm
850827_reviewed	Nucleus
851560_reviewed	Mitochondrion. Mitochondrion inner membrane
851221_reviewed	Cytoplasm
851244_reviewed	Peroxisome membrane
851279_reviewed	Nucleus membrane
851280_reviewed	Vacuole membrane
851411_reviewed	Cytoplasm
852008_reviewed	Cytoplasm
852991_reviewed	Nucleus
850698_reviewed	Cytoplasm
855003_reviewed	Microsome
856663_reviewed	Golgi apparatus, trans-Golgi network
851907_reviewed	Nucleus, nucleolus
856281_reviewed	Nucleus
854170_reviewed	Cell membrane
851107_reviewed	Secreted, cell wall. Membrane; Lipid-anchor, GPI-anchor. Note=Covalently-linked GPI-modified cell wall protein (GPI-CWP)
852905_reviewed	Membrane
853367_reviewed	Secreted, cell wall. Membrane; Lipid-anchor, GPI-anchor. Note=Covalently-linked GPI-modified cell wall protein (GPI-CWP). The short isoform lacks the predicted signal peptide and might have an alternate localization
855780_reviewed	Secreted, cell wall
850705_reviewed	Nucleus, nuclear pore complex
853238_reviewed	Cytoplasm
852250_reviewed	Mitochondrion inner membrane
852663_reviewed	Nucleus
853926_reviewed	Mitochondrion inner membrane; Multi-pass membrane protein
856793_reviewed	Nucleus
850631_reviewed	Cell membrane
851644_reviewed	Golgi apparatus membrane
852189_reviewed	Vacuole membrane
850609_reviewed	Membrane
850721_reviewed	Vacuole membrane; Multi-pass membrane protein. Endoplasmic reticulum membrane; Multi-pass membrane protein
850783_reviewed	Cytoplasm
854811_reviewed	Mitochondrion inner membrane
855389_reviewed	Secreted, cell wall
856381_reviewed	Membrane
855453_reviewed	Membrane; Multi-pass membrane protein
853390_reviewed	Nucleus
851132_reviewed	Cell membrane
852856_reviewed	Secreted, cell wall
856349_reviewed	Membrane
854343_reviewed	Cytoplasm
851845_reviewed	Mitochondrion matrix
855889_reviewed	Nucleus
856143_reviewed	Cytoplasm
856400_reviewed	Cytoplasm. Late endosome. Note=The recruitment from the cytoplasm to endosomal structures is facilitated by BTN2
851013_reviewed	Mitochondrion. Cytoplasm. Note=Mainly mitochondrial, small amounts are also detected in the cytosol with a ratio of 94:6
854253_reviewed	Cell membrane
856210_reviewed	Cytoplasm
853886_reviewed	Mitochondrion inner membrane
851775_reviewed	Mitochondrion matrix
856362_reviewed	Vacuole membrane
856405_reviewed	Nucleus
854660_reviewed	Mitochondrion outer membrane; Single-pass membrane protein. Vacuole membrane; Single-pass membrane protein. Preautophagosomal structure membrane; Single-pass membrane protein. Note=Is recruited to the preautophagosomal structure during mitophagy and imported into the vacuole along with mitochondria during starvation
855603_reviewed	Cytoplasm
852661_reviewed	Cytoplasm. Mitochondrion
853971_reviewed	Cytoplasm
855718_reviewed	Cytoplasm
856044_reviewed	Cytoplasm
852754_reviewed	Cytoplasm
852092_reviewed	[Repressible alkaline phosphatase]: Vacuole membrane; Single-pass membrane protein. Note=The full-length version is found in lysosome-like vacuoles
850762_reviewed	Endosome
854083_reviewed	Mitochondrion matrix
853709_reviewed	Mitochondrion inner membrane
855393_reviewed	Cell membrane
853671_reviewed	Membrane; Multi-pass membrane protein
853357_reviewed	Cytoplasm
853651_reviewed	Cytoplasm
852215_reviewed	Mitochondrion
855945_reviewed	Bud neck
854236_reviewed	Golgi apparatus, Golgi stack
855922_reviewed	Cell membrane; Peripheral membrane protein; Cytoplasmic side. Vacuole membrane; Peripheral membrane protein; Cytoplasmic side. Note=Also localizes to membranous structures both proximal to, yet distinct from, the plasma membrane as well as within the cell interior, probably endosomal or Golgi membranes
854583_reviewed	Mitochondrion inner membrane
855673_reviewed	Vacuole membrane
851577_reviewed	Nucleus
852672_reviewed	Cytoplasm
856822_reviewed	Nucleus
852758_reviewed	Mitochondrion inner membrane
854251_reviewed	Peroxisome matrix
851033_reviewed	Nucleus
851551_reviewed	Vacuole
856090_reviewed	Cytoplasm
851103_reviewed	Cytoplasm
855244_reviewed	Peroxisome membrane
855442_reviewed	Cell membrane
852108_reviewed	Cell membrane
855395_reviewed	Vacuole membrane
855659_reviewed	Secreted, cell wall
850992_reviewed	Secreted
855422_reviewed	Cell membrane
856431_reviewed	Nucleus membrane
852645_reviewed	Nucleus membrane
850359_reviewed	Mitochondrion
852019_reviewed	Endoplasmic reticulum membrane
852926_reviewed	Endoplasmic reticulum membrane
850825_reviewed	Cytoplasm
852203_reviewed	Cytoplasm
853086_reviewed	Microsome membrane
855242_reviewed	Endoplasmic reticulum membrane
856337_reviewed	Membrane; Multi-pass membrane protein
854916_reviewed	Cell membrane
854461_reviewed	Nucleus, nucleolus
852483_reviewed	Mitochondrion inner membrane
854929_reviewed	Cytoplasm
851381_reviewed	Cytoplasm
852821_reviewed	Mitochondrion matrix
854257_reviewed	Mitochondrion intermembrane space
852617_reviewed	Cytoplasm
853107_reviewed	Mitochondrion matrix
850756_reviewed	Mitochondrion inner membrane
850637_reviewed	Endoplasmic reticulum membrane; Multi-pass membrane protein. Nucleus, nuclear pore complex
853583_reviewed	Nucleus
856181_reviewed	Nucleus
853136_reviewed	Cell membrane
855126_reviewed	Cytoplasm
850737_reviewed	Cytoplasm
855150_reviewed	Cytoplasm
855078_reviewed	Mitochondrion inner membrane
856472_reviewed	Cytoplasm
853800_reviewed	Endoplasmic reticulum membrane
852545_reviewed	Endoplasmic reticulum membrane
856922_reviewed	Cytoplasm
852271_reviewed	Endoplasmic reticulum membrane
851843_reviewed	Peroxisome matrix
851368_reviewed	Cytoplasm
850310_reviewed	Cytoplasm
851888_reviewed	Endoplasmic reticulum membrane
851844_reviewed	Nucleus
853482_reviewed	Cytoplasm
853982_reviewed	Vacuole membrane
852170_reviewed	Cytoplasm. Vacuole membrane; Peripheral membrane protein
854706_reviewed	Nucleus
854226_reviewed	Nucleus
852062_reviewed	Nucleus
855686_reviewed	Cytoplasm
852112_reviewed	Nucleus
850880_reviewed	Nucleus
853920_reviewed	Lipid droplet
853363_reviewed	Cytoplasm
856170_reviewed	Nucleus
850388_reviewed	Mitochondrion matrix
850394_reviewed	Cell membrane
851698_reviewed	[Isoform 1]: Mitochondrion
852128_reviewed	Cytoplasm
852818_reviewed	Cytoplasm
856464_reviewed	Mitochondrion
854852_reviewed	Peroxisome
850689_reviewed	Nucleus
855606_reviewed	Peroxisome matrix
855502_reviewed	Endoplasmic reticulum membrane
855424_reviewed	Nucleus
854124_reviewed	Mitochondrion matrix
854088_reviewed	Cytoplasm
854384_reviewed	Cytoplasm
854462_reviewed	Endoplasmic reticulum lumen
856243_reviewed	Mitochondrion inner membrane
852484_reviewed	Nucleus, nucleolus
852655_reviewed	Cytoplasm, cytoskeleton
855503_reviewed	Nucleus
850563_reviewed	Mitochondrion inner membrane
855623_reviewed	Mitochondrion inner membrane
853150_reviewed	Mitochondrion inner membrane
852495_reviewed	Cytoplasm, cytosol
851249_reviewed	Mitochondrion outer membrane
855176_reviewed	Mitochondrion intermembrane space
856399_reviewed	Mitochondrion matrix
855490_reviewed	Lipid droplet
851981_reviewed	Mitochondrion inner membrane
856860_reviewed	Cell membrane; Lipid-anchor; Cytoplasmic side. Nucleus membrane; Lipid-anchor; Cytoplasmic side. Vacuole membrane; Lipid-anchor; Cytoplasmic side. Note=Targeting to the vacuolar membrane may depend on AP-3 pathway
850685_reviewed	Mitochondrion inner membrane; Peripheral membrane protein; Matrix side
850861_reviewed	Mitochondrion inner membrane
853640_reviewed	Mitochondrion matrix
855752_reviewed	Mitochondrion membrane
854978_reviewed	Mitochondrion membrane
855094_reviewed	Mitochondrion. Nucleus
850754_reviewed	Endoplasmic reticulum membrane
851303_reviewed	Cytoplasm
855557_reviewed	Cytoplasm, cytoskeleton, spindle pole
853254_reviewed	Peroxisome
855525_reviewed	Cytoplasm
856329_reviewed	Cytoplasm
856432_reviewed	Mitochondrion inner membrane
851120_reviewed	Endoplasmic reticulum membrane
851539_reviewed	Cytoplasm
854919_reviewed	Mitochondrion inner membrane
854081_reviewed	Membrane; Multi-pass membrane protein
853832_reviewed	Golgi apparatus membrane
854398_reviewed	Endoplasmic reticulum membrane
854195_reviewed	Membrane
855840_reviewed	Vacuole membrane
855886_reviewed	Mitochondrion membrane
855552_reviewed	[Phosphatidylserine decarboxylase 1 beta chain]: Mitochondrion inner membrane
851789_reviewed	Cell membrane
852426_reviewed	Cell membrane
852456_reviewed	Endoplasmic reticulum membrane
851933_reviewed	Cytoplasm
852730_reviewed	Cytoplasm
852257_reviewed	Nucleus, nucleolus
852370_reviewed	Cell membrane
852459_reviewed	Secreted
852589_reviewed	Vacuole. Note=Lysosome-like vacuoles
851325_reviewed	Mitochondrion
851597_reviewed	Cell membrane; Multi-pass membrane protein. Mitochondrion. Bud. Note=Localized primarily to the plasma membrane. Also found at the buds
856804_reviewed	Mitochondrion matrix
853045_reviewed	Membrane; Single-pass type II membrane protein
853102_reviewed	Secreted, cell wall
853196_reviewed	Secreted, cell wall
853199_reviewed	Secreted, cell wall
856365_reviewed	Mitochondrion
856345_reviewed	Cell membrane
856546_reviewed	Secreted, cell wall
856584_reviewed	Cytoplasm
856597_reviewed	Endoplasmic reticulum membrane
853281_reviewed	Secreted, cell wall
853473_reviewed	Mitochondrion
853809_reviewed	Cytoplasm, cytoskeleton
853916_reviewed	Mitochondrion outer membrane
851007_reviewed	Secreted, cell wall
851069_reviewed	Mitochondrion
851169_reviewed	Cytoplasm
855023_reviewed	Membrane; Multi-pass membrane protein
855682_reviewed	Cytoplasm
855562_reviewed	Secreted
856079_reviewed	Cytoplasm, cytosol
855894_reviewed	Endoplasmic reticulum
855875_reviewed	Cytoplasm
856272_reviewed	Cell membrane
853983_reviewed	Golgi apparatus, cis-Golgi network membrane
855707_reviewed	Cytoplasm
854831_reviewed	Vacuole membrane
854772_reviewed	Endoplasmic reticulum membrane
853348_reviewed	Endoplasmic reticulum membrane
852796_reviewed	Cell membrane
853441_reviewed	Vacuole membrane
856246_reviewed	Peroxisome membrane
855754_reviewed	Mitochondrion inner membrane
851077_reviewed	Cytoplasm
852259_reviewed	Mitochondrion matrix
852167_reviewed	Mitochondrion intermembrane space
852288_reviewed	Mitochondrion inner membrane; Peripheral membrane protein; Matrix side
852491_reviewed	Mitochondrion inner membrane
850387_reviewed	Membrane
850413_reviewed	Mitochondrion
851563_reviewed	Cytoplasm
851451_reviewed	Mitochondrion inner membrane
851681_reviewed	Prospore membrane
851694_reviewed	Mitochondrion
851703_reviewed	Mitochondrion
851911_reviewed	Mitochondrion inner membrane
851982_reviewed	Mitochondrion inner membrane
851987_reviewed	Cytoplasm
852041_reviewed	Mitochondrion intermembrane space
852098_reviewed	Cytoplasm
852105_reviewed	Mitochondrion
856748_reviewed	Microsome membrane
856752_reviewed	Nucleus
856917_reviewed	Mitochondrion matrix
856931_reviewed	Mitochondrion membrane
852824_reviewed	Cytoplasm
852823_reviewed	Mitochondrion membrane
852811_reviewed	Mitochondrion
852771_reviewed	Mitochondrion inner membrane
852734_reviewed	Mitochondrion
852616_reviewed	Mitochondrion
853050_reviewed	Cytoplasm
853081_reviewed	Mitochondrion matrix
853108_reviewed	Cytoplasm
856372_reviewed	Mitochondrion
856433_reviewed	Mitochondrion
856516_reviewed	Cytoplasm
856539_reviewed	Cytoplasm
856552_reviewed	Mitochondrion
856560_reviewed	Mitochondrion membrane
854672_reviewed	Mitochondrion inner membrane; Multi-pass membrane protein
854842_reviewed	Mitochondrion inner membrane
853382_reviewed	Mitochondrion
853379_reviewed	Mitochondrion membrane
853374_reviewed	Mitochondrion
853349_reviewed	Mitochondrion
853342_reviewed	Mitochondrion
853308_reviewed	Mitochondrion inner membrane; Multi-pass membrane protein
853221_reviewed	Mitochondrion
853470_reviewed	Endoplasmic reticulum membrane
853574_reviewed	Cytoplasm
853586_reviewed	Mitochondrion matrix
853597_reviewed	Cytoplasm
853658_reviewed	Nucleus
853941_reviewed	Lipid droplet
853960_reviewed	Mitochondrion
850779_reviewed	Mitochondrion outer membrane
850890_reviewed	Mitochondrion inner membrane
850955_reviewed	Mitochondrion
851137_reviewed	Cytoplasm
851164_reviewed	Membrane; Multi-pass membrane protein
854897_reviewed	Mitochondrion matrix
854887_reviewed	Membrane
855123_reviewed	Mitochondrion inner membrane
855142_reviewed	Mitochondrion inner membrane
855189_reviewed	Mitochondrion membrane
855200_reviewed	Cytoplasm
855202_reviewed	Mitochondrion inner membrane
855325_reviewed	Mitochondrion
855368_reviewed	Cytoplasm
855722_reviewed	Cytoplasm
855651_reviewed	Mitochondrion matrix
855544_reviewed	Mitochondrion
855536_reviewed	Mitochondrion
854135_reviewed	Mitochondrion
854130_reviewed	Mitochondrion inner membrane
854095_reviewed	Cytoplasm. Mitochondrion
854186_reviewed	Cytoplasm
854299_reviewed	Cytoplasm
854321_reviewed	Mitochondrion
854359_reviewed	Mitochondrion matrix
854376_reviewed	Mitochondrion
854415_reviewed	Mitochondrion
854511_reviewed	Mitochondrion inner membrane
854536_reviewed	Mitochondrion
854564_reviewed	Secreted, cell wall
856067_reviewed	Mitochondrion matrix
856005_reviewed	Mitochondrion inner membrane
856000_reviewed	Mitochondrion matrix
855971_reviewed	Mitochondrion inner membrane
855931_reviewed	Mitochondrion
855824_reviewed	Mitochondrion matrix
855867_reviewed	Cytoplasm
856112_reviewed	Mitochondrion matrix
856132_reviewed	Mitochondrion inner membrane
856160_reviewed	Mitochondrion matrix
856180_reviewed	Mitochondrion matrix
856262_reviewed	Mitochondrion outer membrane
851777_reviewed	Endoplasmic reticulum
854726_reviewed	Cytoplasm
854080_reviewed	Membrane; Multi-pass membrane protein
855807_reviewed	Membrane
854941_reviewed	[Isoform Nuclear]: Nucleus, nucleolus
850429_reviewed	Cytoplasm. Nucleus
852731_reviewed	Membrane
856916_reviewed	Nucleus
855168_reviewed	Nucleus
854683_reviewed	Secreted, cell wall
854190_reviewed	Cytoplasm. Nucleus
851772_reviewed	Nucleus
855899_reviewed	Nucleus
856717_reviewed	Endoplasmic reticulum membrane
856704_reviewed	Cytoplasm
856430_reviewed	Cytoplasm
851454_reviewed	Mitochondrion
853708_reviewed	Nucleus
852985_reviewed	Nucleus. Cytoplasm. Note=Relocalizes to the cytoplasm in response to hypoxia
856536_reviewed	Nucleus
851926_reviewed	Mitochondrion membrane
855563_reviewed	Nucleus inner membrane
853316_reviewed	Cytoplasm
850903_reviewed	Cytoplasm. Membrane; Peripheral membrane protein. Note=Localizes in a punctate pattern. Found in the actin cortical patches, although the majority is located at the cell periphery
852202_reviewed	Cytoplasm
852349_reviewed	Cytoplasm
854695_reviewed	Mitochondrion inner membrane
854165_reviewed	Mitochondrion
852746_reviewed	Cytoplasm
855214_reviewed	Nucleus
850908_reviewed	Cytoplasm
856077_reviewed	Cytoplasm
852338_reviewed	Nucleus
854679_reviewed	Nucleus, nucleolus
850348_reviewed	Mitochondrion
851239_reviewed	Cytoplasm
855107_reviewed	Mitochondrion matrix
853836_reviewed	Nucleus
854991_reviewed	Cytoplasm
856533_reviewed	Vacuole
852489_reviewed	Cytoplasm
852902_reviewed	Cytoplasm
853477_reviewed	Peroxisome
852209_reviewed	Cell membrane
850916_reviewed	Cell membrane
851010_reviewed	Cytoplasm
856797_reviewed	Cell membrane
851208_reviewed	Nucleus
854426_reviewed	Nucleus
856638_reviewed	Cytoplasm
855299_reviewed	Mitochondrion matrix
853775_reviewed	Mitochondrion inner membrane
856660_reviewed	Mitochondrion
856078_reviewed	Mitochondrion matrix
852417_reviewed	Mitochondrion
856402_reviewed	Mitochondrion matrix
855641_reviewed	Mitochondrion inner membrane
853173_reviewed	Mitochondrion inner membrane
856491_reviewed	Mitochondrion matrix
851192_reviewed	Mitochondrion inner membrane
855781_reviewed	Mitochondrion inner membrane
855421_reviewed	Mitochondrion
855037_reviewed	Mitochondrion
856509_reviewed	Cytoplasm, cytosol
856007_reviewed	Mitochondrion matrix
852332_reviewed	Mitochondrion inner membrane
851022_reviewed	Mitochondrion
852312_reviewed	Mitochondrion inner membrane
856573_reviewed	Mitochondrion inner membrane
854709_reviewed	Mitochondrion
855778_reviewed	Mitochondrion inner membrane
850940_reviewed	Mitochondrion
851633_reviewed	Mitochondrion
856820_reviewed	Mitochondrion
855086_reviewed	Mitochondrion
854013_reviewed	Cell membrane
856605_reviewed	Mitochondrion
855508_reviewed	Mitochondrion
853310_reviewed	Mitochondrion
855088_reviewed	Mitochondrion
851606_reviewed	Mitochondrion
855768_reviewed	Cytoplasm
851861_reviewed	Mitochondrion matrix
855056_reviewed	Endoplasmic reticulum membrane
851778_reviewed	Mitochondrion
853563_reviewed	Mitochondrion
852002_reviewed	Mitochondrion inner membrane
854182_reviewed	Mitochondrion
850761_reviewed	Endoplasmic reticulum membrane
856615_reviewed	Mitochondrion matrix
853735_reviewed	Vacuole membrane
853212_reviewed	Membrane; Multi-pass membrane protein
853626_reviewed	Membrane; Multi-pass membrane protein
852069_reviewed	Nucleus inner membrane
855753_reviewed	Endoplasmic reticulum membrane
854802_reviewed	Membrane
854416_reviewed	Spore wall
854556_reviewed	Mitochondrion matrix
855257_reviewed	Cytoplasm, cytosol
853230_reviewed	Mitochondrion
851820_reviewed	Mitochondrion
852857_reviewed	Endoplasmic reticulum membrane
855223_reviewed	Cytoplasm
852641_reviewed	Nucleus
850351_reviewed	Membrane
851214_reviewed	Nucleus. Chromosome. Note=Recruited to double-strand breaks (DSBs) sites of DNA damage
850797_reviewed	Cytoplasm
854513_reviewed	[Isoform Cytoplasmic]: Cytoplasm
852378_reviewed	Mitochondrion
856681_reviewed	Endoplasmic reticulum membrane
850544_reviewed	Vacuole membrane
856088_reviewed	Vacuole membrane
853432_reviewed	Mitochondrion matrix
854541_reviewed	Cytoplasm, cytosol
854775_reviewed	Nucleus
850599_reviewed	Nucleus
854110_reviewed	Prospore membrane
851944_reviewed	Membrane; Multi-pass membrane protein
852528_reviewed	Mitochondrion inner membrane
851818_reviewed	Mitochondrion matrix
856671_reviewed	Secreted, cell wall
853307_reviewed	Endoplasmic reticulum membrane
856520_reviewed	Mitochondrion
856673_reviewed	Cytoplasm
856467_reviewed	Mitochondrion matrix. Nucleus. Cytoplasm. Note=Predominantly in the mitochondria and in the nucleus
855282_reviewed	Mitochondrion inner membrane
854986_reviewed	Cytoplasm
855504_reviewed	Vacuole membrane
853594_reviewed	Cytoplasm
851329_reviewed	Mitochondrion inner membrane
856026_reviewed	Cytoplasm
853925_reviewed	Vacuole membrane
854141_reviewed	Vacuole membrane
851514_reviewed	Vacuole
854007_reviewed	Endosome membrane
854841_reviewed	Nucleus
851414_reviewed	Cytoplasm
851855_reviewed	Vacuole
855018_reviewed	Secreted, cell wall. Membrane; Lipid-anchor, GPI-anchor. Note=Covalently-linked GPI-modified cell wall protein (GPI-CWP)
856029_reviewed	Membrane
856883_reviewed	Endoplasmic reticulum membrane
854953_reviewed	Cell membrane
850333_reviewed	Cell membrane
855028_reviewed	Nucleus
855156_reviewed	Membrane
856118_reviewed	Nucleus
851598_reviewed	Nucleus
854894_reviewed	Nucleus
851953_reviewed	Golgi apparatus
854648_reviewed	Vacuole membrane
854246_reviewed	Golgi apparatus membrane; Multi-pass membrane protein
853514_reviewed	Vacuole membrane
852216_reviewed	Cytoplasm, cytoskeleton, spindle. Note=Spindle microtubules that lie between the poles
853865_reviewed	Nucleus
854033_reviewed	Nucleus
855660_reviewed	Membrane
851936_reviewed	Mitochondrion
852141_reviewed	Cytoplasm
850773_reviewed	Cell membrane
853823_reviewed	Nucleus
854151_reviewed	Cell membrane
852261_reviewed	Endoplasmic reticulum membrane
853396_reviewed	Membrane; Multi-pass membrane protein
853991_reviewed	Vacuole membrane; Multi-pass membrane protein. Mitochondrion
850354_reviewed	Golgi apparatus membrane; Multi-pass membrane protein
852317_reviewed	Endoplasmic reticulum membrane; Multi-pass membrane protein. Cytoplasmic vesicle, secretory vesicle. Note=Exclusively present in the ER, and not in mitochondria. Also associated with post-Golgi apparatus secretory vesicles destined for the plasma membrane
856347_reviewed	Mitochondrion
850911_reviewed	Cell membrane
855926_reviewed	Nucleus
853964_reviewed	Lipid droplet
855137_reviewed	Lipid droplet
855513_reviewed	Mitochondrion
853351_reviewed	Membrane
851767_reviewed	Cytoplasm
851146_reviewed	Mitochondrion membrane
856721_reviewed	Mitochondrion outer membrane
852401_reviewed	Mitochondrion inner membrane
853312_reviewed	Membrane; Multi-pass membrane protein
851626_reviewed	Endoplasmic reticulum membrane
854990_reviewed	Vacuole membrane
853852_reviewed	Cytoplasm
854320_reviewed	Endoplasmic reticulum membrane
855994_reviewed	Cytoplasm
852946_reviewed	Membrane
854396_reviewed	Mitochondrion
854139_reviewed	Membrane; Multi-pass membrane protein
851765_reviewed	Cytoplasm. Nucleus. Note=The nuclear location is modulated by calcineurin
855498_reviewed	Cytoplasm
856261_reviewed	Lipid droplet
852636_reviewed	Mitochondrion
856442_reviewed	Cytoplasm
854202_reviewed	Mitochondrion inner membrane
851952_reviewed	Mitochondrion inner membrane
856711_reviewed	Cytoplasm
852815_reviewed	Endoplasmic reticulum membrane
853265_reviewed	Secreted, cell wall
850352_reviewed	Mitochondrion
851932_reviewed	Mitochondrion
853766_reviewed	Secreted, cell wall. Membrane; Lipid-anchor, GPI-anchor. Note=Identified as covalently-linked GPI-modified cell wall protein (GPI-CWP) as well as protein covalently linked via an alkali-sensitive bond not requiring the GPI-derived structure. Can also be double-anchored to the cell wall through both types of linkages. Incorporated into the birth scar of a daughter cell
856392_reviewed	Mitochondrion outer membrane
852890_reviewed	Cytoplasm
856270_reviewed	Lipid droplet
850519_reviewed	Endoplasmic reticulum membrane
852568_reviewed	Endoplasmic reticulum membrane
855251_reviewed	Cytoplasm
855803_reviewed	Membrane
856777_reviewed	Nucleus
850805_reviewed	Cytoplasm
856606_reviewed	Mitochondrion
850971_reviewed	Cytoplasm
850550_reviewed	Nucleus
855033_reviewed	Nucleus
850555_reviewed	Nucleus
855215_reviewed	Mitochondrion membrane
851130_reviewed	Cytoplasm, cytoskeleton
852540_reviewed	Mitochondrion inner membrane
852993_reviewed	Mitochondrion inner membrane
854864_reviewed	Nucleus membrane
853919_reviewed	Cytoplasm
850498_reviewed	Mitochondrion
852447_reviewed	Nucleus membrane; Single-pass membrane protein. Mitochondrion membrane; Single-pass membrane protein
853949_reviewed	Cytoplasm
854515_reviewed	Nucleus
852139_reviewed	Cytoplasm
854924_reviewed	Membrane; Multi-pass membrane protein
851364_reviewed	Cytoplasm
853918_reviewed	Nucleus membrane; Single-pass type I membrane protein
855030_reviewed	Nucleus
851181_reviewed	Endoplasmic reticulum membrane
851302_reviewed	Cytoplasm
851976_reviewed	Cytoplasm
856178_reviewed	Nucleus
854075_reviewed	Nucleus
855324_reviewed	Endoplasmic reticulum membrane
854488_reviewed	Endoplasmic reticulum membrane
852861_reviewed	Vacuole membrane
854483_reviewed	Cell membrane
852136_reviewed	Cytoplasm
851315_reviewed	Vacuole membrane
853575_reviewed	Peroxisome matrix
855447_reviewed	Cytoplasm
854687_reviewed	Nucleus
855541_reviewed	Membrane
854401_reviewed	Mitochondrion matrix
850353_reviewed	Membrane
852937_reviewed	Mitochondrion inner membrane
855021_reviewed	Cytoplasm. Nucleus
852710_reviewed	Nucleus
850372_reviewed	Nucleus
855650_reviewed	Cytoplasm
853616_reviewed	Secreted, cell wall
851609_reviewed	Cell membrane
856618_reviewed	Secreted, cell wall
856873_reviewed	Cytoplasm
853820_reviewed	Cell membrane
851608_reviewed	Cell membrane
851254_reviewed	Mitochondrion
856811_reviewed	Nucleus
853673_reviewed	Mitochondrion
852817_reviewed	Mitochondrion
852994_reviewed	Mitochondrion inner membrane
853121_reviewed	Mitochondrion matrix
853326_reviewed	Mitochondrion
851063_reviewed	Mitochondrion inner membrane
855205_reviewed	Cytoplasm
855348_reviewed	Mitochondrion inner membrane
856018_reviewed	Endoplasmic reticulum membrane
856225_reviewed	Golgi apparatus membrane
856841_reviewed	Cytoplasm
853543_reviewed	Mitochondrion
851739_reviewed	Cytoplasm
853510_reviewed	Mitochondrion
855866_reviewed	Mitochondrion matrix
856004_reviewed	Cytoplasm. Vacuole. Note=And perivacuolar punctate structures
856436_reviewed	Nucleus
854914_reviewed	Cell membrane; Multi-pass membrane protein. Endoplasmic reticulum membrane; Multi-pass membrane protein
851939_reviewed	Nucleus, nucleolus
851225_reviewed	Membrane
854722_reviewed	Mitochondrion membrane
854136_reviewed	Cytoplasm, cytosol
855944_reviewed	Mitochondrion
