2624_reviewed	Nucleus
5371_reviewed	Nucleus. Nucleus, nucleoplasm. Cytoplasm
6118_reviewed	Nucleus
6774_reviewed	Cytoplasm
375_reviewed	Golgi apparatus membrane
23163_reviewed	Golgi apparatus, trans-Golgi network membrane
377_reviewed	Golgi apparatus
23647_reviewed	Golgi apparatus
27236_reviewed	Golgi apparatus
351_reviewed	Cell membrane
10513_reviewed	Nucleus
333_reviewed	Cell membrane; Single-pass type I membrane protein
1600_reviewed	Cytoplasm
10370_reviewed	Nucleus
7020_reviewed	Nucleus
409_reviewed	Cytoplasm. Nucleus. Cell membrane. Membrane, clathrin-coated pit
5900_reviewed	Cytoplasm
1436_reviewed	Cell membrane; Single-pass type I membrane protein
2885_reviewed	Cytoplasm
6521_reviewed	Cell membrane
22950_reviewed	Nucleus
602_reviewed	Nucleus. Cytoplasm
580_reviewed	Nucleus. Note=During S phase of the cell cycle, colocalizes with BRCA1 into discrete subnuclear foci. Can translocate to the cytoplasm. Localizes at sites of DNA damage at double-strand breaks (DSBs); recruitment to DNA damage sites is mediated by the BRCA1-A complex
153_reviewed	Cell membrane
10755_reviewed	Cytoplasm
421_reviewed	Cell junction, adherens junction
1013_reviewed	Cell membrane; Single-pass type I membrane protein
5664_reviewed	Endoplasmic reticulum membrane
823_reviewed	Cytoplasm
9223_reviewed	Cell junction, tight junction
1499_reviewed	Cytoplasm
5925_reviewed	Nucleus
1523_reviewed	Nucleus
7251_reviewed	Cytoplasm
1026_reviewed	Cytoplasm
4174_reviewed	Nucleus
4171_reviewed	Nucleus
8317_reviewed	Nucleus
4999_reviewed	Nucleus
10926_reviewed	Nucleus
10270_reviewed	Nucleus
6117_reviewed	Nucleus
5001_reviewed	Nucleus
4172_reviewed	Nucleus
7534_reviewed	Cytoplasm
9322_reviewed	Cytoplasm, cytoskeleton. Cytoplasm, cell cortex. Lysosome. Golgi apparatus. Cell membrane. Cell projection, phagocytic cup. Note=Translocates to the plasma membrane in response to insulin stimulation, and this may require active RHOQ (By similarity). Localizes to cortical regions coincident with F-actin, to lysosomes and to sites of phagocytosis in macrophages. Also localizes to the Golgi, and this requires AKAP9
998_reviewed	Cell membrane
1033_reviewed	Cytoplasm, perinuclear region
1017_reviewed	Cytoplasm, cytoskeleton, microtubule organizing center, centrosome. Nucleus, Cajal body. Cytoplasm. Endosome. Note=Localized at the centrosomes in late G2 phase after separation of the centrosomes but before the start of prophase. Nuclear-cytoplasmic trafficking is mediated during the inhibition by 1,25-(OH)(2)D(3)
5932_reviewed	Nucleus
5933_reviewed	Nucleus
3486_reviewed	Secreted
1277_reviewed	Secreted, extracellular space, extracellular matrix
1386_reviewed	Nucleus. Cytoplasm. Mitochondrion outer membrane. Note=Shuttles between the cytoplasm and the nucleus and heterodimerization with JUN is essential for the nuclear localization. Localization to the cytoplasm is observed under conditions of cellular stress and in disease states. Localizes at the mitochondrial outer membrane in response to genotoxic stress. Phosphorylation at Thr-52 is required for its nuclear localization and negatively regulates its mitochondrial localization. Co-localizes with the MRN complex in the IR-induced foci (IRIF)
4088_reviewed	Cytoplasm
4089_reviewed	Cytoplasm
896_reviewed	Nucleus
27335_reviewed	Nucleus
10928_reviewed	Cell membrane
891_reviewed	Cytoplasm. Nucleus. Cytoplasm, cytoskeleton, microtubule organizing center, centrosome
1465_reviewed	Nucleus
1445_reviewed	Cytoplasm
3480_reviewed	Cell membrane
1634_reviewed	Secreted, extracellular space, extracellular matrix. Secreted
1956_reviewed	Cell membrane
6493_reviewed	Nucleus
405_reviewed	Nucleus
6492_reviewed	Nucleus
266743_reviewed	Nucleus
1839_reviewed	[Heparin-binding EGF-like growth factor]: Secreted, extracellular space. Note=Mature HB-EGF is released into the extracellular space and probably binds to a receptor
7704_reviewed	Nucleus
5111_reviewed	Nucleus
1647_reviewed	Nucleus
5335_reviewed	Cell projection, lamellipodium
1915_reviewed	Cytoplasm
3895_reviewed	Endoplasmic reticulum membrane; Single-pass type II membrane protein. Note=Vesicle membrane protein anchored to the endoplasmic reticulum
1936_reviewed	[Isoform 2]: Nucleus
3791_reviewed	Cell junction
133522_reviewed	Nucleus
2099_reviewed	Nucleus
79039_reviewed	Nucleus, nucleolus
30836_reviewed	Nucleus
2260_reviewed	Cell membrane; Single-pass type I membrane protein. Nucleus. Cytoplasm, cytosol. Cytoplasmic vesicle. Note=After ligand binding, both receptor and ligand are rapidly internalized. Can translocate to the nucleus after internalization, or by translocation from the endoplasmic reticulum or Golgi apparatus to the cytosol, and from there to the nucleus
2224_reviewed	Cytoplasm
6514_reviewed	Cell membrane
3838_reviewed	Cytoplasm
6517_reviewed	Cell membrane
1616_reviewed	Cytoplasm
2898_reviewed	Postsynaptic cell membrane
6386_reviewed	Cell junction, focal adhesion
9463_reviewed	Cytoplasm, perinuclear region
2897_reviewed	Cell membrane
904_reviewed	Nucleus
2896_reviewed	Secreted
10287_reviewed	Membrane; Lipid-anchor
2781_reviewed	Membrane; Lipid-anchor
2775_reviewed	Cell membrane
2773_reviewed	Cytoplasm
3298_reviewed	Cytoplasm
7329_reviewed	Nucleus
3984_reviewed	Cytoplasm
3084_reviewed	[Pro-neuregulin-1, membrane-bound isoform]: Cell membrane; Single-pass type I membrane protein. Note=Does not seem to be active
4209_reviewed	Nucleus
10971_reviewed	Cytoplasm. Note=In neurons, axonally transported to the nerve terminals
3667_reviewed	Cytoplasm
7531_reviewed	Nucleus
8651_reviewed	Nucleus
5747_reviewed	Cell junction, focal adhesion
5599_reviewed	Cytoplasm
3643_reviewed	Cell membrane
3552_reviewed	Nucleus
4692_reviewed	Perikaryon. Nucleus. Note=Neural perikarya, translocates to the nucleus of postmitotic neurons and interacts with the nuclear matrix
3717_reviewed	Endomembrane system
10419_reviewed	Cytoplasm
3875_reviewed	Nucleus matrix
10049_reviewed	Cytoplasm, perinuclear region
4000_reviewed	Nucleus lamina
4001_reviewed	Nucleus lamina
6720_reviewed	[Sterol regulatory element-binding protein 1]: Endoplasmic reticulum membrane
26502_reviewed	Nucleus
596_reviewed	Mitochondrion outer membrane
663_reviewed	Cytoplasm. Cytoplasm, perinuclear region. Note=Localizes to the nuclear envelope region and to other cytoplasmic structures
7159_reviewed	Cytoplasm, perinuclear region. Nucleus. Note=Predominantly found in the perinuclear region. Some small fraction is nuclear. Sequester in the cytoplasm on overexpression of DDX42
57142_reviewed	[Isoform A]: Endoplasmic reticulum membrane
8678_reviewed	Cytoplasm
4790_reviewed	[Nuclear factor NF-kappa-B p105 subunit]: Cytoplasm
4066_reviewed	Nucleus
8631_reviewed	Cytoplasm
5788_reviewed	Cell membrane
2547_reviewed	Nucleus
4689_reviewed	Cytoplasm, cytosol
7520_reviewed	Nucleus
4361_reviewed	Nucleus
23468_reviewed	Nucleus
51588_reviewed	Nucleus, PML body
51176_reviewed	Nucleus
4286_reviewed	Nucleus
4904_reviewed	Cytoplasm
8683_reviewed	Nucleus
55729_reviewed	Nucleus
4152_reviewed	Nucleus
10036_reviewed	Nucleus
10401_reviewed	Cytoplasm
23598_reviewed	Nucleus
4176_reviewed	Nucleus
23595_reviewed	Nucleus
4804_reviewed	Cell membrane
5567_reviewed	Cytoplasm
1326_reviewed	Cytoplasm
5970_reviewed	Nucleus
64320_reviewed	Cytoplasm
10848_reviewed	Cytoplasm
3178_reviewed	Nucleus
2237_reviewed	[Isoform 1]: Nucleus, nucleolus. Nucleus, nucleoplasm. Note=Resides mostly in the nucleoli and relocalizes to the nucleoplasm upon DNA damage
4839_reviewed	Nucleus, nucleolus
10445_reviewed	Nucleus
2113_reviewed	Nucleus
208_reviewed	Cytoplasm
26060_reviewed	Early endosome membrane
2114_reviewed	Nucleus
8558_reviewed	Cytoplasm, cytoskeleton, cilium basal body
22941_reviewed	Apical cell membrane
2017_reviewed	Cytoplasm, cytoskeleton
7456_reviewed	Cytoplasmic vesicle
22938_reviewed	Nucleus
6497_reviewed	Nucleus
4893_reviewed	Cell membrane
5910_reviewed	Cytoplasm, cytosol
4233_reviewed	Membrane; Single-pass type I membrane protein
2146_reviewed	Nucleus
5966_reviewed	Nucleus
5531_reviewed	Cytoplasm. Nucleus. Cytoplasm, cytoskeleton, microtubule organizing center, centrosome
4985_reviewed	Cell membrane
9737_reviewed	Cytoplasm
4641_reviewed	Cytoplasm
867_reviewed	Cytoplasm. Cell membrane
387_reviewed	Cell membrane
5079_reviewed	Nucleus
7091_reviewed	Nucleus
9784_reviewed	Cytoplasm
6403_reviewed	Cell membrane
5311_reviewed	Cell projection, cilium membrane
7220_reviewed	Cell membrane
3739_reviewed	Cell membrane
1739_reviewed	Cell membrane
3364_reviewed	Nucleus
5573_reviewed	Cell membrane
5575_reviewed	Cell membrane
8165_reviewed	Mitochondrion outer membrane
2241_reviewed	Cytoplasm. Cytoplasm, cytoskeleton. Cell membrane; Peripheral membrane protein; Cytoplasmic side. Cell projection. Cell junction. Membrane; Peripheral membrane protein; Cytoplasmic side. Nucleus. Cytoplasm, cell cortex. Note=Associated with the chromatin. Detected on microtubules in polarized and motile vascular endothelial cells. Colocalizes with F-actin at the cell cortex. Colocalizes with PECAM1 and CTNND1 at nascent cell-cell contacts
7110_reviewed	Cytoplasm. Nucleus. Golgi apparatus membrane. Note=Concentrated at the budding structures localized at the tips of cisternae
5594_reviewed	Cytoplasm, cytoskeleton, spindle
4751_reviewed	Chromosome, centromere, kinetochore
22927_reviewed	Nucleus
10399_reviewed	Cell membrane
367_reviewed	Nucleus
3689_reviewed	Cell membrane
5170_reviewed	Cytoplasm. Nucleus. Cell membrane; Peripheral membrane protein. Cell junction, focal adhesion. Note=Tyrosine phosphorylation seems to occur only at the cell membrane. Translocates to the cell membrane following insulin stimulation by a mechanism that involves binding to GRB14 and INSR. SRC and HSP90 promote its localization to the cell membrane. Its nuclear localization is dependent on its association with PTPN6 and its phosphorylation at Ser-396. Restricted to the nucleus in neuronal cells while in non-neuronal cells it is found in the cytoplasm. The Ser-241 phosphorylated form is distributed along the perinuclear region in neuronal cells while in non-neuronal cells it is found in both the nucleus and the cytoplasm. IGF1 transiently increases phosphorylation at Ser-241 of neuronal PDPK1, resulting in its translocation to other cellular compartments. The tyrosine-phosphorylated form colocalizes with PTK2B in focal adhesions after angiotensin II stimulation
5590_reviewed	Cytoplasm
23286_reviewed	Cytoplasm, perinuclear region
23607_reviewed	Cytoplasm, cytoskeleton
5867_reviewed	Membrane; Peripheral membrane protein
9135_reviewed	Cytoplasm. Early endosome. Recycling endosome. Cytoplasmic vesicle
5868_reviewed	Cell membrane
79890_reviewed	Cytoplasm
5869_reviewed	Cell membrane
5906_reviewed	Cell membrane
5908_reviewed	Cell membrane
5888_reviewed	Nucleus
10635_reviewed	Chromosome
11144_reviewed	Nucleus
26959_reviewed	Nucleus
10131_reviewed	Mitochondrion
26574_reviewed	Nucleus, nucleolus
9984_reviewed	[Isoform 1]: Nucleus speckle. Nucleus, nucleoplasm. Nucleus matrix. Cytoplasm. Note=Can shuttle between the nucleus and cytoplasm. Nuclear localization is required for induction of apoptotic cell death. Translocates to the cytoplasm during the early phase of apoptosis execution
6256_reviewed	Nucleus
10902_reviewed	Nucleus
6886_reviewed	Nucleus
4005_reviewed	Nucleus
9267_reviewed	Cell membrane
10139_reviewed	Golgi apparatus
6626_reviewed	Nucleus
6662_reviewed	Nucleus
2516_reviewed	Nucleus
8204_reviewed	Nucleus
1191_reviewed	[Isoform 1]: Secreted
7048_reviewed	Cell membrane
939_reviewed	Cell membrane
10572_reviewed	Cytoplasm
11216_reviewed	Mitochondrion
322_reviewed	Cell membrane
7024_reviewed	Nucleus
10153_reviewed	Nucleus
4801_reviewed	Nucleus
1869_reviewed	Nucleus
4914_reviewed	Cell membrane
25_reviewed	Cytoplasm, cytoskeleton. Nucleus. Mitochondrion
3265_reviewed	Cell membrane
84941_reviewed	Cytoplasm. Nucleus
2242_reviewed	Cytoplasm, cytosol. Cytoplasm, cytoskeleton. Cell membrane; Peripheral membrane protein; Cytoplasmic side. Cytoplasmic vesicle. Golgi apparatus. Cell junction, focal adhesion. Note=Distributed throughout the cytosol when the kinase is not activated. Association with microtubules requires activation of the kinase activity. Shuttles between focal adhesions and cell-cell contacts in epithelial cells. Recruited to the lateral cell membrane in polarized epithelial cells by interaction with phosphorylated EZR. Detected at tubular membrane structures in the cytoplasm and at the cell periphery
3845_reviewed	Cell membrane
6714_reviewed	Cell membrane
2048_reviewed	Cell membrane; Single-pass type I membrane protein. Cell projection, axon
7046_reviewed	Cell junction, tight junction
7128_reviewed	Cytoplasm. Nucleus. Lysosome
8887_reviewed	Cytoplasm
7157_reviewed	Cytoplasm, cytoskeleton, microtubule organizing center, centrosome
51741_reviewed	Cytoplasm
8556_reviewed	Nucleus
7132_reviewed	Cell membrane
4921_reviewed	Cell membrane
6464_reviewed	Cytoplasm. Cell junction, focal adhesion
999_reviewed	Cell junction, adherens junction
1500_reviewed	Cell junction, adherens junction
79872_reviewed	Nucleus speckle
2313_reviewed	Nucleus
2623_reviewed	Nucleus
7428_reviewed	[Isoform 1]: Cytoplasm
7411_reviewed	Cytoplasm. Nucleus. Note=In complex with VHL can translocate to the nucleus
79960_reviewed	Nucleus
7515_reviewed	Nucleus
3980_reviewed	[Isoform 1]: Mitochondrion
11284_reviewed	Nucleus
7572_reviewed	Nucleus
7727_reviewed	Nucleus
7556_reviewed	Nucleus
10155_reviewed	Nucleus
7507_reviewed	Nucleus
29935_reviewed	Nucleus
7508_reviewed	Nucleus
5886_reviewed	Nucleus
186_reviewed	Cell membrane
57509_reviewed	Mitochondrion
10048_reviewed	Cytoplasm
8237_reviewed	Cytoplasm
6421_reviewed	Nucleus speckle
4841_reviewed	Nucleus
5584_reviewed	Cytoplasm
660_reviewed	Cytoplasm
11099_reviewed	Cytoplasm, cytoskeleton
10716_reviewed	Nucleus
8573_reviewed	Nucleus
3397_reviewed	Cytoplasm
23413_reviewed	Golgi apparatus
11141_reviewed	Cell membrane
90249_reviewed	Cell membrane
9500_reviewed	Cytoplasm
6839_reviewed	Nucleus
7337_reviewed	Cytoplasm
29978_reviewed	Cytoplasm
9367_reviewed	Cell membrane
10244_reviewed	Cytoplasm. Endosome membrane
1488_reviewed	Nucleus
11279_reviewed	Nucleus
65109_reviewed	Nucleus
26019_reviewed	Cytoplasm, perinuclear region
990_reviewed	Nucleus
28227_reviewed	Nucleus
6457_reviewed	Cytoplasm
30011_reviewed	Cytoplasm
7454_reviewed	Cytoplasm, cytoskeleton
10243_reviewed	Postsynaptic cell membrane
23229_reviewed	Cytoplasm
10084_reviewed	Nucleus
51729_reviewed	Nucleus. Cytoplasm. Note=Predominantly located in the nucleus with granular heterogeneous distribution. Excluded from nucleoli in interphase cells, distributed throughout cytoplasm in dividing cells. Colocalized with SC35 and U2B in the nucleus. In the cytoplasm, associates with the intermediate filament protein vimentin
23414_reviewed	Nucleus
2332_reviewed	Cytoplasm, Cytoplasmic ribonucleoprotein granule
8087_reviewed	Cytoplasm, Cytoplasmic ribonucleoprotein granule
26747_reviewed	Nucleus
5605_reviewed	Cytoplasm
5422_reviewed	Nucleus
5937_reviewed	Nucleus
6103_reviewed	Cytoplasm, cytoskeleton, flagellum axoneme
57096_reviewed	Cell projection, cilium
6855_reviewed	Cytoplasmic vesicle, secretory vesicle, synaptic vesicle membrane
164_reviewed	Golgi apparatus
7182_reviewed	Nucleus
8202_reviewed	Cytoplasm. Nucleus. Note=Mainly cytoplasmic and weakly nuclear. Upon TNF activation and subsequent phosphorylation, it translocates from the cytoplasm to the nucleus
6047_reviewed	Cytoplasm
8031_reviewed	Cytoplasmic vesicle, autophagosome
56924_reviewed	Cytoplasm. Nucleus. Note=Cotranslocates into nucleus with AR in response to androgen induction
25898_reviewed	Nucleus
9063_reviewed	Nucleus speckle
10580_reviewed	Cell junction, adherens junction. Cell membrane. Cytoplasm, cytoskeleton. Cell junction, focal adhesion. Nucleus
3642_reviewed	Nucleus
11335_reviewed	Nucleus
3930_reviewed	Nucleus inner membrane
23162_reviewed	Cell projection, axon
3831_reviewed	Cell projection, growth cone
598_reviewed	Cytoplasm, cytoskeleton, microtubule organizing center, centrosome
57099_reviewed	Endomembrane system; Peripheral membrane protein. Note=Associated with intracellular membranes
664_reviewed	Mitochondrion. Mitochondrion outer membrane; Single-pass membrane protein. Note=Coexpression with the EIB 19-kDa protein results in a shift in NIP3 localization pattern to the nuclear envelope. Colocalizes with ACAA2 in the mitochondria. Colocalizes with SPATA18 at the mitochondrion outer membrane
6252_reviewed	Endoplasmic reticulum membrane
581_reviewed	[Isoform Alpha]: Mitochondrion outer membrane
597_reviewed	Cytoplasm
5782_reviewed	Cytoplasm
9051_reviewed	Cytoplasm
5829_reviewed	Cytoplasm, cytoskeleton
7286_reviewed	Secreted
24144_reviewed	Cytoplasm
162_reviewed	Golgi apparatus. Cytoplasmic vesicle, clathrin-coated vesicle membrane; Peripheral membrane protein; Cytoplasmic side. Note=Component of the coat surrounding the cytoplasmic face of coated vesicles located at the Golgi complex
3718_reviewed	Endomembrane system
6776_reviewed	Cytoplasm
1984_reviewed	Cytoplasm
6125_reviewed	Cytoplasm
51651_reviewed	Mitochondrion outer membrane
166_reviewed	Nucleus
7088_reviewed	Nucleus
55502_reviewed	Nucleus
3170_reviewed	Nucleus
3572_reviewed	[Isoform 1]: Cell membrane
2059_reviewed	Cytoplasm, cell cortex
1855_reviewed	Cell membrane
27247_reviewed	Mitochondrion. Cytoplasm, cytosol
7290_reviewed	Nucleus. Nucleus, PML body. Note=Primarily, though not exclusively, localized to the nucleus. Localizes to PML bodies immediately prior to onset of senescence
6310_reviewed	Cytoplasm
8161_reviewed	Nucleus
9409_reviewed	Peroxisome membrane
5824_reviewed	Cytoplasm
9326_reviewed	Cytoplasm
3172_reviewed	Nucleus
3376_reviewed	Cytoplasm
2617_reviewed	Cytoplasm
27429_reviewed	Mitochondrion intermembrane space. Mitochondrion membrane
1432_reviewed	Cytoplasm
11221_reviewed	Cytoplasm. Nucleus
9564_reviewed	Cell junction, focal adhesion
2889_reviewed	Early endosome
10293_reviewed	Nucleus, nucleoplasm
2314_reviewed	Nucleus
1477_reviewed	Nucleus
7516_reviewed	Nucleus
5892_reviewed	Nucleus
5193_reviewed	Peroxisome membrane
5830_reviewed	Cytoplasm, cytosol
5194_reviewed	Peroxisome membrane
382_reviewed	Cytoplasm, cytosol
22916_reviewed	Nucleus
4686_reviewed	Nucleus
11243_reviewed	Nucleus
4780_reviewed	Cytoplasm, cytosol
9451_reviewed	Endoplasmic reticulum membrane
1742_reviewed	Cell membrane
3761_reviewed	Cell membrane
4690_reviewed	Cytoplasm. Endoplasmic reticulum. Nucleus. Note=Mostly cytoplasmic, but shuttles between the cytoplasm and the nucleus. Import into the nucleus requires the interaction with SOCS7. Predominantly nuclear following genotoxic stresses, such as UV irradiation, hydroxyurea or mitomycin C treatments
2047_reviewed	Cell membrane
50488_reviewed	Cytoplasm
5965_reviewed	Nucleus
3840_reviewed	Cytoplasm
2066_reviewed	Cell membrane
10413_reviewed	Cytoplasm
8554_reviewed	Nucleus
6772_reviewed	Cytoplasm
9261_reviewed	Cytoplasm
3759_reviewed	Cell membrane
5725_reviewed	Nucleus
3191_reviewed	Nucleus, nucleoplasm
3430_reviewed	Cytoplasm
9111_reviewed	Cytoplasm
30818_reviewed	Cytoplasm
1027_reviewed	Nucleus. Cytoplasm. Endosome
10762_reviewed	Nucleus, nuclear pore complex
659_reviewed	Cell membrane
3636_reviewed	Cytoplasm, cytosol
1028_reviewed	Nucleus
7357_reviewed	Golgi apparatus membrane
4760_reviewed	Cytoplasm
9001_reviewed	Cytoplasm
1639_reviewed	Cytoplasm, cell cortex
9146_reviewed	Cytoplasm
1315_reviewed	Cytoplasm. Golgi apparatus membrane
22820_reviewed	Cytoplasm
26958_reviewed	Cytoplasm, cytosol
4646_reviewed	Golgi apparatus, trans-Golgi network membrane
1601_reviewed	Cytoplasm. Cytoplasmic vesicle, clathrin-coated vesicle membrane. Membrane, clathrin-coated pit. Note=Colocalizes with large insert-containing isoforms of MYO6 at clathrin-coated pits/vesicles. During mitosis is progressively displaced from the membrane and translocated to the cytoplasm
55802_reviewed	Cytoplasm, P-body
6868_reviewed	Membrane
79947_reviewed	Endoplasmic reticulum membrane
10577_reviewed	Secreted
572_reviewed	Mitochondrion outer membrane. Cytoplasm
23705_reviewed	Cell membrane
4356_reviewed	Cell membrane
5901_reviewed	Nucleus
7041_reviewed	Cell junction, focal adhesion. Nucleus matrix. Cytoplasm, cytoskeleton. Note=Associated with the actin cytoskeleton; colocalizes with stress fibers
2185_reviewed	Cytoplasm. Cytoplasm, perinuclear region. Cell membrane; Peripheral membrane protein; Cytoplasmic side. Cell junction, focal adhesion. Cell projection, lamellipodium. Cytoplasm, cell cortex. Nucleus. Note=Interaction with NPHP1 induces the membrane-association of the kinase. Colocalizes with integrins at the cell periphery
274_reviewed	[Isoform BIN1]: Nucleus
8723_reviewed	Early endosome membrane
657_reviewed	Cell membrane
10262_reviewed	Nucleus
137492_reviewed	Late endosome membrane; Peripheral membrane protein. Nucleus
10524_reviewed	Nucleus
2120_reviewed	Nucleus
4605_reviewed	Nucleus
90441_reviewed	Cytoplasm
27101_reviewed	Nucleus
4085_reviewed	Nucleus
2100_reviewed	Nucleus
5468_reviewed	Cytoplasm
573_reviewed	[Isoform 1]: Nucleus. Cytoplasm. Note=Isoform 1 localizes predominantly to the nucleus
3312_reviewed	Cytoplasm
23645_reviewed	Endoplasmic reticulum membrane; Peripheral membrane protein; Cytoplasmic side
2887_reviewed	Cytoplasm
56893_reviewed	Nucleus
7874_reviewed	Nucleus
8726_reviewed	Nucleus. Chromosome. Note=Transiently colocalizes with XIST at inactive X chromosomes
10657_reviewed	Nucleus
5913_reviewed	Cell membrane; Peripheral membrane protein; Cytoplasmic side. Postsynaptic cell membrane; Peripheral membrane protein; Cytoplasmic side. Cytoplasm, cytoskeleton. Note=Cytoplasmic surface of postsynaptic membranes
7022_reviewed	Nucleus
22808_reviewed	Cell membrane
5241_reviewed	Nucleus. Cytoplasm. Note=Nucleoplasmic shuttling is both hormone- and cell cycle-dependent. On hormone stimulation, retained in the cytoplasm in the G(1) and G(2)/M phases
5887_reviewed	Nucleus
7068_reviewed	Nucleus
5705_reviewed	Cytoplasm
9869_reviewed	Nucleus
5192_reviewed	Peroxisome membrane
4175_reviewed	Nucleus
5994_reviewed	Nucleus
5993_reviewed	Nucleus
7186_reviewed	Cytoplasm
599_reviewed	Mitochondrion membrane
10018_reviewed	Endomembrane system
55620_reviewed	Cytoplasm
5753_reviewed	Cytoplasm. Nucleus. Cell projection, ruffle. Membrane
3603_reviewed	[Interleukin-16]: Secreted
4659_reviewed	Cytoplasm
6015_reviewed	Nucleus
8535_reviewed	Nucleus
5879_reviewed	Cell membrane
7442_reviewed	Postsynaptic cell membrane
143425_reviewed	Cytoplasmic vesicle, secretory vesicle, synaptic vesicle membrane
6867_reviewed	Cytoplasm
8089_reviewed	Nucleus
1207_reviewed	Cytoplasm, cytosol
6477_reviewed	Cytoplasm. Nucleus. Note=Predominantly cytoplasmic. Partially nuclear
3835_reviewed	Nucleus
23089_reviewed	Extracellular vesicle membrane
6478_reviewed	Cytoplasm
6314_reviewed	[Isoform a]: Nucleus
1406_reviewed	Nucleus
3611_reviewed	Cell junction, focal adhesion
80895_reviewed	Cytoplasm
3987_reviewed	Cell junction, focal adhesion
1785_reviewed	Cytoplasm, cytoskeleton
642_reviewed	Cytoplasm
5528_reviewed	Cytoplasm. Nucleus. Note=Nuclear in interphase, nuclear during mitosis
9464_reviewed	Nucleus
1080_reviewed	Apical cell membrane
57120_reviewed	Cytoplasm. Golgi apparatus membrane
26034_reviewed	Cytoplasm
9266_reviewed	Cell membrane
190_reviewed	Nucleus
10614_reviewed	Nucleus
9276_reviewed	Cytoplasm, cytosol
8498_reviewed	Cytoplasm
7514_reviewed	Cytoplasm. Nucleus, nucleoplasm. Nucleus, Cajal body. Nucleus, nucleolus. Note=Located in the nucleoplasm, Cajal bodies and nucleoli. Shuttles between the nucleus/nucleolus and the cytoplasm
2801_reviewed	Golgi apparatus, cis-Golgi network membrane
26003_reviewed	Golgi apparatus membrane
9311_reviewed	Cell membrane
3556_reviewed	[Isoform 1]: Cell membrane; Single-pass type I membrane protein
54472_reviewed	Cytoplasm
5511_reviewed	Nucleus. Nucleus speckle. Note=Primarily, but not exclusively, nuclear
3182_reviewed	Nucleus
8626_reviewed	Nucleus
9971_reviewed	Nucleus
8648_reviewed	Nucleus
8318_reviewed	Nucleus
5000_reviewed	Nucleus
22883_reviewed	Postsynaptic cell membrane
2533_reviewed	Cytoplasm
1788_reviewed	Nucleus
8458_reviewed	Cytoplasm
988_reviewed	Nucleus
6294_reviewed	Nucleus
9667_reviewed	Cytoplasm. Nucleus
5602_reviewed	Cytoplasm
5600_reviewed	Cytoplasm
8841_reviewed	Nucleus
4092_reviewed	Nucleus
7205_reviewed	Cytoplasm, cytoskeleton
9170_reviewed	Cell surface
9355_reviewed	Nucleus
1876_reviewed	Nucleus
23429_reviewed	Nucleus
5427_reviewed	Nucleus
10284_reviewed	Nucleus
3276_reviewed	Nucleus
55740_reviewed	Cytoplasm. Cytoplasm, cytoskeleton
10006_reviewed	Cytoplasm
4739_reviewed	Cytoplasm, cell cortex
4170_reviewed	Membrane
8874_reviewed	Cell junction, focal adhesion
23048_reviewed	Cytoplasm. Cytoplasm, cytoskeleton. Cytoplasm, cell cortex. Lysosome. Cytoplasmic vesicle. Cell membrane; Peripheral membrane protein; Cytoplasmic side. Membrane, clathrin-coated pit. Note=Enriched in cortical regions coincident with F-actin. Also localizes to endocytic vesicles and lysosomes
8658_reviewed	Cytoplasm
8718_reviewed	[Isoform 1]: Cell membrane; Single-pass type I membrane protein
8717_reviewed	Nucleus
11035_reviewed	Cytoplasm, cytosol
8737_reviewed	Cytoplasm
10892_reviewed	Cytoplasm, perinuclear region
8915_reviewed	Cytoplasm, perinuclear region
84270_reviewed	[Isoform 1]: Nucleus
1174_reviewed	Golgi apparatus
8905_reviewed	Golgi apparatus. Cytoplasmic vesicle membrane; Peripheral membrane protein; Cytoplasmic side. Membrane, clathrin-coated pit. Note=Component of the coat surrounding the cytoplasmic face of coated vesicles located at the Golgi complex
8906_reviewed	Golgi apparatus membrane
8932_reviewed	Nucleus
11321_reviewed	Cytoplasm
85509_reviewed	Nucleus
53615_reviewed	Nucleus
22888_reviewed	Nucleus
7332_reviewed	Nucleus
5174_reviewed	Membrane
6583_reviewed	Apical cell membrane
116085_reviewed	Apical cell membrane
10059_reviewed	Cytoplasm, cytosol
2932_reviewed	Cytoplasm
905_reviewed	Cytoplasm, perinuclear region
5873_reviewed	Membrane
94121_reviewed	Membrane
705_reviewed	Cytoplasm
10024_reviewed	Cytoplasm
9628_reviewed	Cytoplasm
55929_reviewed	Nucleus. Cytoplasm. Note=Targeted to replication foci throughout S phase by DNMT1
8502_reviewed	Cell junction, desmosome
55914_reviewed	Cell junction, hemidesmosome
55048_reviewed	Late endosome membrane
10672_reviewed	Cell membrane
10566_reviewed	Cytoplasmic vesicle, secretory vesicle, acrosome
9402_reviewed	Nucleus
23582_reviewed	Cytoplasm. Nucleus
51433_reviewed	Nucleus
26986_reviewed	Cytoplasm
10043_reviewed	Cytoplasm
81570_reviewed	Mitochondrion intermembrane space
8576_reviewed	Cytoplasm, perinuclear region. Membrane
10787_reviewed	Cell membrane
90480_reviewed	Mitochondrion
11252_reviewed	Cytoplasm
29763_reviewed	Cytoplasm
3758_reviewed	Cell membrane
9368_reviewed	Cytoplasm
4681_reviewed	Secreted
29979_reviewed	Cytoplasm
5034_reviewed	Endoplasmic reticulum
6895_reviewed	Cytoplasm. Cytoplasm, perinuclear region. Nucleus
8411_reviewed	Early endosome membrane
57403_reviewed	Endosome membrane
8725_reviewed	Nucleus. Cytoplasm. Mitochondrion. Cell projection, dendrite
10256_reviewed	Cytoplasm
11186_reviewed	[Isoform A]: Cytoplasm, cytoskeleton. Cytoplasm, cytoskeleton, microtubule organizing center, centrosome. Cytoplasm, cytoskeleton, spindle. Cytoplasm, cytoskeleton, spindle pole. Nucleus. Note=Localizes to cytoplasmic microtubules during interphase, to bipolar centrosomes associated with microtubules during prophase, to spindle fibers and spindle poles at metaphase and anaphase, to the midzone during early telophase, and to the midbody in late telophase in cells. Colocalizes with MDM2 in the nucleus
3066_reviewed	Nucleus
27185_reviewed	Cytoplasm
9638_reviewed	Cytoplasm, cytoskeleton, microtubule organizing center, centrosome
51429_reviewed	Cytoplasmic vesicle membrane; Peripheral membrane protein; Cytoplasmic side. Cell membrane; Peripheral membrane protein; Cytoplasmic side. Cytoplasmic vesicle, clathrin-coated vesicle. Golgi apparatus, trans-Golgi network. Cell projection, ruffle. Cytoplasm. Note=Localized at sites of endocytosis at the cell membrane. Detected on newly formed macropinosomes. Transiently recruited to clathrin-coated pits at a late stage of clathrin-coated vesicle formation. Colocalizes with the actin cytoskeleton at the cell membrane
8751_reviewed	Endomembrane system
84440_reviewed	Endosome
8766_reviewed	Cell membrane
23433_reviewed	Cytoplasm
23265_reviewed	Cytoplasm, cytosol
54984_reviewed	Nucleus
10549_reviewed	Cytoplasm
29993_reviewed	Cytoplasm
10628_reviewed	Cytoplasm
27033_reviewed	Nucleus
10675_reviewed	Cell membrane
10188_reviewed	Cell junction, adherens junction
9670_reviewed	Cytoplasm. Nucleus
5080_reviewed	Nucleus
23594_reviewed	Nucleus
23431_reviewed	Golgi apparatus, trans-Golgi network membrane
10717_reviewed	Golgi apparatus, trans-Golgi network membrane
64105_reviewed	Nucleus. Chromosome, centromere. Chromosome, centromere, kinetochore. Note=Localizes exclusively in the centromeres. The CENPA-CAD complex is probably recruited on centromeres by the CENPA-NAC complex
55553_reviewed	Nucleus
326_reviewed	Nucleus
1894_reviewed	Nucleus
50855_reviewed	Cytoplasm. Cell membrane. Cell projection, ruffle. Cell junction, tight junction. Cytoplasm, cytoskeleton, microtubule organizing center, centrosome, centriolar satellite
10128_reviewed	Mitochondrion
55201_reviewed	Nucleus. Cytoplasm, cytosol. Cytoplasm, cytoskeleton
26353_reviewed	Cytoplasm
3315_reviewed	Cytoplasm
51298_reviewed	Nucleus
22948_reviewed	Cytoplasm
8500_reviewed	Cytoplasm, cell cortex
28964_reviewed	Cytoplasm
5914_reviewed	Nucleus
7353_reviewed	Nucleus
55666_reviewed	Cytoplasm, cytosol
57761_reviewed	Nucleus
468_reviewed	Nucleus
9915_reviewed	Nucleus
10499_reviewed	Nucleus
2672_reviewed	Nucleus
83737_reviewed	Cell membrane
96764_reviewed	Cytoplasm
4016_reviewed	Secreted, extracellular space
10516_reviewed	Secreted
4536_reviewed	Mitochondrion inner membrane
26994_reviewed	Early endosome. Recycling endosome. Cytoplasm. Nucleus. Note=Predominantly cytoplasmic, when unphosphorylated, and nuclear, when phosphorylated by PKB/AKT1
2060_reviewed	Cytoplasm. Cell membrane; Peripheral membrane protein; Cytoplasmic side. Membrane, clathrin-coated pit. Note=Recruited to the plasma membrane upon EGFR activation and localizes to coated pits. Colocalizes with UBQLN1 in ubiquitin-rich cytoplasmic aggregates that are not endocytic compartments and in cytoplasmic juxtanuclear structures called aggresomes
9351_reviewed	Endomembrane system
1734_reviewed	Endoplasmic reticulum membrane
23032_reviewed	Cytoplasm, perinuclear region
10210_reviewed	Nucleus. Nucleus, PML body. Note=Localizes to discrete nuclear foci which partly overlap with PML nuclear bodies. Targeted to PML nuclear bodies upon DNA damage
5187_reviewed	Nucleus. Cytoplasm. Note=Nucleocytoplasmic shuttling is effected by interaction with other circadian core oscillator proteins and/or by phosphorylation. Retention of PER1 in the cytoplasm occurs through PER1-PER2 heterodimer formation. Translocate to the nucleus after phosphorylation by CSNK1D or CSNK1E. Also translocated to the nucleus by CRY1 or CRY2 (By similarity)
1407_reviewed	Cytoplasm
8864_reviewed	[Isoform 1]: Nucleus
406_reviewed	Nucleus
55145_reviewed	Nucleus, nucleoplasm
5074_reviewed	Cytoplasm. Nucleus. Note=Mainly cytoplasmic in absence of apoptosis signal and in normal cells. Nuclear in most cancer cell lines. Nuclear entry seems to be essential but not sufficient for apoptosis (By similarity). Nuclear localization includes nucleoplasm and PML nuclear bodies
3297_reviewed	Nucleus
8189_reviewed	Cytoplasm, cytoskeleton. Cell junction, tight junction. Cell membrane; Peripheral membrane protein; Cytoplasmic side. Cell junction. Nucleus, nucleoplasm. Note=Cytoplasmic face of adhesion plaques (major) and nucleoplasm (minor) (in cells with TJ). Nucleoplasm (in cells without TJ). Nuclear bodies of heat-stressed cells. Colocalizes with HSF1 in nuclear stress bodies upon heat shock (PubMed:14707147)
1838_reviewed	Cytoplasm
3798_reviewed	Cytoplasm, perinuclear region
4173_reviewed	Nucleus
898_reviewed	Nucleus
8452_reviewed	Nucleus
2890_reviewed	Cell membrane
2037_reviewed	Cytoplasm, cytoskeleton
6272_reviewed	Golgi apparatus, Golgi stack membrane
23062_reviewed	Golgi apparatus, trans-Golgi network membrane
118460_reviewed	Cytoplasm
11340_reviewed	Cytoplasm
23016_reviewed	Nucleus, nucleolus
23369_reviewed	Cytoplasm
340719_reviewed	Cytoplasm, perinuclear region
51147_reviewed	Nucleus
22818_reviewed	Cytoplasm
51226_reviewed	Cytoplasm
57554_unreviewed	Cytoplasm
22866_reviewed	Cytoplasm. Membrane; Peripheral membrane protein
149371_reviewed	Cytoplasm
55770_reviewed	Midbody, Midbody ring
64130_reviewed	Cell membrane
140290_reviewed	Nucleus
10608_reviewed	Nucleus
27289_reviewed	Cell membrane
91544_reviewed	Cytoplasm, cytoskeleton
11244_reviewed	Nucleus
23051_reviewed	Nucleus
1912_reviewed	Nucleus
10092_reviewed	Cytoplasm, cytoskeleton
10093_reviewed	Cytoplasm, cytoskeleton
116154_reviewed	Nucleus matrix. Note=Localized to the nuclear matrix-intermediate filament scaffold. Isoform 2 is also found in some cytoplasmic extensions
5499_reviewed	Cytoplasm
26059_reviewed	Cytoplasm
8497_reviewed	Cytoplasm
51160_reviewed	Cell membrane
9033_reviewed	Cell projection, cilium membrane
51086_reviewed	Nucleus
27252_reviewed	Cytoplasm, perinuclear region. Nucleus. Golgi apparatus, trans-Golgi network. Cell projection, axon
51013_reviewed	Nucleus, nucleolus
5218_reviewed	Cell membrane; Peripheral membrane protein. Cytoplasm. Nucleus. Note=Recruited to the cell membrane by CCNY
23176_reviewed	Cytoplasm
9874_reviewed	Nucleus
25842_reviewed	Nucleus
55723_reviewed	Nucleus
7936_reviewed	Nucleus
25920_reviewed	Nucleus
7920_reviewed	Membrane
6048_reviewed	Cell membrane
1460_reviewed	Nucleus
1459_reviewed	Nucleus
56658_reviewed	[Isoform 1]: Cytoplasm, cytosol
83461_reviewed	Cytoplasm, cytosol
10241_reviewed	Cytoplasm, perinuclear region
112858_reviewed	Cytoplasm
79036_reviewed	Lysosome membrane
60_reviewed	Cytoplasm, cytoskeleton
1072_reviewed	Nucleus matrix
10982_reviewed	Cytoplasm, cytoskeleton
7597_reviewed	Nucleus
54925_reviewed	Nucleus
8241_reviewed	Nucleus
58155_reviewed	Nucleus
5359_reviewed	Cell membrane
11052_reviewed	Nucleus
3964_reviewed	Cytoplasmic vesicle
9802_reviewed	Cytoplasm
54165_reviewed	Nucleus
85302_reviewed	Cytoplasm, cytoskeleton, microtubule organizing center, centrosome, centriole. Cytoplasm, cytoskeleton, spindle pole. Cell junction. Note=Localizes specifically to the distal appendage region of the centriole, which anchors the mother centriole to the plasma membrane. Localizes to the apical junction complex (AJC) in epithelial cells
8428_reviewed	Cytoplasm. Nucleus. Membrane. Note=The truncated form (MST3/N) translocates to the nucleus. Colocalizes with STK38L in the membrane
11235_reviewed	Cytoplasm
55663_reviewed	Nucleus
80345_reviewed	Nucleus
11007_reviewed	Nucleus
284058_reviewed	Nucleus
2874_reviewed	Nucleus
6303_reviewed	Cytoplasm, cytosol
84991_reviewed	Nucleus
23219_reviewed	Chromosome, centromere, kinetochore
11030_reviewed	Nucleus
55342_reviewed	Cytoplasm
113878_reviewed	Cytoplasm
5013_reviewed	Nucleus
2992_reviewed	Cytoplasm
2947_reviewed	Cytoplasm
4598_reviewed	Cytoplasm
10363_reviewed	Nucleus
54997_reviewed	Nucleus
8382_reviewed	Cell projection, cilium
143241_reviewed	Cytoplasm, cytoskeleton, flagellum axoneme
8907_reviewed	Golgi apparatus. Cytoplasmic vesicle, clathrin-coated vesicle membrane; Peripheral membrane protein; Cytoplasmic side. Note=Component of the coat surrounding the cytoplasmic face of coated vesicles located at the Golgi complex
92610_reviewed	Cytoplasm
2810_reviewed	Cytoplasm
7431_reviewed	Cytoplasm
11143_reviewed	Nucleus
56474_reviewed	Cytoplasm, cytosol
10540_reviewed	Cytoplasm, cytoskeleton, microtubule organizing center, centrosome
9883_reviewed	Nucleus, nuclear pore complex
10551_reviewed	Secreted
55274_reviewed	Nucleus
83746_reviewed	Nucleus
4100_reviewed	Cytoplasm. Nucleus
54471_reviewed	Mitochondrion outer membrane
8996_reviewed	[Isoform 1]: Nucleus, nucleolus
373_reviewed	Cytoplasm
23636_reviewed	Nucleus, nuclear pore complex
53371_reviewed	Nucleus, nuclear pore complex
9055_reviewed	Nucleus
5090_reviewed	Nucleus
57085_reviewed	Endoplasmic reticulum membrane
59349_reviewed	Cytoplasmic vesicle, COPII-coated vesicle
10174_reviewed	[Isoform Alpha]: Cell junction
55198_reviewed	Early endosome membrane
902_reviewed	Nucleus
10534_reviewed	Cytoplasm
9482_reviewed	Membrane
10490_reviewed	Early endosome membrane
3099_reviewed	Mitochondrion outer membrane
1073_reviewed	Nucleus matrix
4110_reviewed	Nucleus
54431_reviewed	Endoplasmic reticulum lumen
10016_reviewed	Endoplasmic reticulum membrane
23593_reviewed	Cytoplasm
4591_reviewed	Chromosome
79843_reviewed	Nucleus
5300_reviewed	Nucleus
9265_reviewed	Cytoplasm, cytosol. Cell membrane
122786_reviewed	Cytoplasm
26580_reviewed	Endoplasmic reticulum membrane
55266_reviewed	Membrane
9694_reviewed	Endoplasmic reticulum membrane
10328_reviewed	Endoplasmic reticulum membrane
9513_reviewed	Cytoplasm, Cytoplasmic ribonucleoprotein granule
10589_reviewed	Nucleus
26258_reviewed	Cytoplasm
220134_reviewed	Cytoplasm, cytoskeleton, spindle
84984_reviewed	Cytoplasm, cytoskeleton, microtubule organizing center, centrosome, centriole
6449_reviewed	Cytoplasm
6696_reviewed	Secreted
170082_reviewed	Nucleus
4188_reviewed	Nucleus
286514_reviewed	Cytoplasm
10488_reviewed	[Isoform 1]: Endoplasmic reticulum membrane
3183_reviewed	Nucleus
3839_reviewed	Cytoplasm
9337_reviewed	Cytoplasm
3205_reviewed	Nucleus
6733_reviewed	Cytoplasm
11338_reviewed	Nucleus
8985_reviewed	Rough endoplasmic reticulum
84528_reviewed	Nucleus
84872_reviewed	Nucleus
50848_reviewed	Cell junction, tight junction
8227_reviewed	Nucleus speckle
1649_reviewed	Cytoplasm
51171_reviewed	Cytoplasm
9632_reviewed	Cytoplasmic vesicle, COPII-coated vesicle membrane
10483_reviewed	Cytoplasmic vesicle, COPII-coated vesicle membrane
81628_reviewed	Nucleus
5049_reviewed	Cytoplasm
5050_reviewed	Cytoplasm
22893_reviewed	Nucleus
71_reviewed	Cytoplasm, cytoskeleton
5152_reviewed	[Isoform PDE9A1]: Cell projection, ruffle membrane
22954_reviewed	Cytoplasm
3927_reviewed	Cytoplasm, cell cortex
7518_reviewed	Nucleus
25900_reviewed	Nucleus
5780_reviewed	Cytoplasm
10313_reviewed	Endoplasmic reticulum membrane
51324_reviewed	Cytoplasm, cytosol
55122_reviewed	Nucleus
79912_reviewed	Nucleus
139596_reviewed	Cytoplasm
55093_reviewed	Cytoplasm, cytosol
4848_reviewed	Cytoplasm
4849_reviewed	Cytoplasm
2010_reviewed	Nucleus inner membrane
89885_reviewed	Mitochondrion
56159_reviewed	Chromosome
114327_reviewed	Cytoplasm, cytoskeleton, cilium axoneme
10474_reviewed	Nucleus
112869_reviewed	Nucleus
10054_reviewed	Cytoplasm. Nucleus. Note=Shuttles between the cytoplasm and the nucleus, sumoylation is required either for nuclear translocation or nuclear retention
10055_reviewed	Nucleus
2771_reviewed	Cytoplasm
23498_reviewed	Cytoplasm, cytosol
1312_reviewed	Cell membrane
862_reviewed	Nucleus
51225_reviewed	Cytoplasm
331_reviewed	Cytoplasm
10656_reviewed	Nucleus
27095_reviewed	Golgi apparatus, cis-Golgi network
79090_reviewed	Golgi apparatus, cis-Golgi network
11059_reviewed	Cytoplasm
327_reviewed	Cytoplasm
6495_reviewed	Nucleus
57596_reviewed	Cytoplasm
7360_reviewed	Cytoplasm
10425_reviewed	Nucleus
10254_reviewed	Cytoplasm
79173_reviewed	Chromosome
6304_reviewed	Nucleus matrix
51127_reviewed	Cytoplasm
9491_reviewed	Cytoplasm
84838_reviewed	Nucleus
200523_reviewed	Nucleus
5704_reviewed	Cytoplasm. Nucleus
6418_reviewed	Cytoplasm, cytosol. Endoplasmic reticulum. Nucleus, nucleoplasm. Note=In the cytoplasm, found both in the cytosol and associated with the endoplasmic reticulum. The SET complex is associated with the endoplasmic reticulum. Following CTL attack and cleavage by GZMA, moves rapidly to the nucleus, where it is found in the nucleoplasm, avoiding the nucleolus. Similar translocation to the nucleus is also observed for lymphocyte-activated killer cells after the addition of calcium
80764_reviewed	Nucleus. Chromosome
868_reviewed	Cytoplasm
9391_reviewed	Cytoplasm
51647_reviewed	Nucleus
4207_unreviewed	Nucleus
3190_reviewed	Cytoplasm
23059_reviewed	Cell projection, cilium
30008_reviewed	Secreted, extracellular space, extracellular matrix
84260_reviewed	Cytoplasm, cytoskeleton
1602_reviewed	Nucleus
10495_reviewed	Cell membrane. Secreted, extracellular space. Note=Extracellular and plasma membrane-associated
5987_reviewed	Nucleus
163_reviewed	Cell membrane
4292_reviewed	Nucleus
9587_reviewed	Nucleus. Cytoplasm, cytoskeleton, spindle. Note=During early mitosis, unevenly distributed throughout the nucleoplasm. From metaphase to anaphase, concentrated on the spindle
164592_reviewed	Cytoplasm, cytoskeleton, microtubule organizing center, centrosome
58500_reviewed	Nucleus
3306_reviewed	Cytoplasm, cytoskeleton, spindle
2563_reviewed	Cell membrane
51684_reviewed	Cytoplasm
169792_reviewed	Nucleus
9841_reviewed	Nucleus
54550_reviewed	Cytoplasm
79172_reviewed	Nucleus. Chromosome, centromere. Chromosome, centromere, kinetochore. Note=The CENPA-CAD complex is probably recruited on centromeres by the CENPA-NAC complex
84080_reviewed	Cytoplasm, cytoskeleton, microtubule organizing center, centrosome
23650_reviewed	Cytoplasm
11117_reviewed	Secreted, extracellular space, extracellular matrix
66036_reviewed	Cytoplasm
26039_reviewed	Nucleus
54971_reviewed	Nucleus
10197_reviewed	Nucleus
8861_reviewed	Nucleus
170463_reviewed	Nucleus
90678_reviewed	Cytoplasm
4830_reviewed	Cytoplasm
4833_reviewed	Mitochondrion intermembrane space
25816_reviewed	Cytoplasm
29079_reviewed	Nucleus
124460_reviewed	Early endosome membrane
5552_reviewed	Cytoplasmic granule
23214_reviewed	Nucleus
51386_reviewed	Cytoplasm
27111_reviewed	Cytoplasm
60491_reviewed	Cytoplasm
90060_reviewed	Cytoplasm, cytoskeleton, microtubule organizing center, centrosome, centriole
10458_reviewed	Cytoplasm. Membrane; Peripheral membrane protein. Cell projection, filopodium. Cell projection, ruffle. Cytoplasm, cytoskeleton. Note=Detected throughout the cytoplasm in the absence of specific binding partners. Detected in filopodia and close to membrane ruffles. Recruited to actin pedestals that are formed upon infection by bacteria at bacterial attachment sites
51517_reviewed	Nucleus. Note=Colocalizes with DRF1 at membrane ruffles, and with Nck at Z-disks in mature cardiac myocytes
3434_reviewed	Cytoplasm
3437_reviewed	Cytoplasm
22980_reviewed	Nucleus
358_reviewed	Membrane
677_reviewed	Nucleus
54927_reviewed	Mitochondrion inner membrane
3735_reviewed	[Isoform Cytoplasmic]: Cytoplasm, cytosol
7965_reviewed	Cytoplasm, cytosol
6431_reviewed	Nucleus
10921_reviewed	Nucleus. Nucleus speckle. Cytoplasm. Note=Nucleocytoplasmic shuttling protein. Colocalizes with the core EJC, ALYREF/THOC4, NXF1 and UAP56 in the nucleus and nuclear speckles
5601_reviewed	Cytoplasm
80817_reviewed	Cytoplasm, cytoskeleton, microtubule organizing center, centrosome
57820_reviewed	Nucleus. Chromosome. Note=Associates to the synaptonemal complex
10320_reviewed	Nucleus
7376_reviewed	Nucleus
27125_reviewed	Nucleus
7316_reviewed	[Ubiquitin]: Cytoplasm
3091_reviewed	Cytoplasm
51545_reviewed	Nucleus
84445_reviewed	Cytoplasm. Cytoplasm, cytoskeleton, microtubule organizing center, centrosome. Note=Localized to the centrosome throughout the cell cycle. Localized to the midbody in cells undergoing cytokinesis
407_reviewed	Photoreceptor inner segment
1856_reviewed	Cell membrane
10567_reviewed	Cell membrane
56997_reviewed	Mitochondrion membrane
56341_reviewed	Cell membrane
5252_reviewed	Nucleus. Cytoplasm, cytoskeleton, microtubule organizing center, centrosome. Note=Localizes specifically to the promoters of numerous target genes. Localizes to double-strand breaks (DSBs) sites following DNA damage. Co-localizes with NEK6 in the centrosome
1198_reviewed	[Isoform 1]: Nucleus. Cytoplasm
57035_reviewed	Nucleus
55662_reviewed	Nucleus. Cytoplasm. Cytoplasm, perinuclear region. Note=Mainly cytoplasmic localization, but interaction with NOTCH1 results in nuclear localization and interaction with ABPA3 results in perinuclear localization in macrophages
140462_reviewed	Mitochondrion
9782_reviewed	Nucleus matrix
27316_reviewed	Nucleus
202559_reviewed	Nucleus
7718_reviewed	Nucleus
81576_reviewed	Nucleus
9577_reviewed	Cytoplasm
29086_reviewed	Cytoplasm
83637_reviewed	Nucleus
6455_reviewed	Cytoplasm
5995_reviewed	Membrane; Multi-pass membrane protein
26128_reviewed	Cytoplasm, cytoskeleton
7579_reviewed	Nucleus
51282_reviewed	Nucleus
154865_reviewed	Cytoplasm, cytoskeleton, flagellum axoneme
1019_reviewed	Cytoplasm
1032_reviewed	Nucleus
11135_reviewed	Endomembrane system
1731_reviewed	Cytoplasm
23157_reviewed	Cytoplasm
7536_reviewed	Nucleus
10521_reviewed	Nucleus
283518_reviewed	Endoplasmic reticulum
1102_reviewed	Cytoplasmic vesicle, secretory vesicle, acrosome
57642_reviewed	Secreted, extracellular space
55374_reviewed	Membrane
6297_reviewed	Nucleus
79959_reviewed	Cytoplasm, cytoskeleton, microtubule organizing center, centrosome
51562_reviewed	Nucleus
81565_reviewed	Cytoplasm, cytoskeleton. Cytoplasm, cytoskeleton, microtubule organizing center, centrosome. Chromosome, centromere, kinetochore. Cytoplasm, cytoskeleton, spindle. Note=Localizes to the cell body of the motor neurons and colocalizes with assembled neurofilaments within axonal processes. Localizes to the microtubules of the manchette in elongated spermatids. Colocalizes with DISC1 in the perinuclear region, including the centrosome (By similarity). Localizes to the interphase centrosome and the mitotic spindle. Localizes to the kinetochore in a CENPF-dependent manner
10733_reviewed	Cytoplasm, cytoskeleton, microtubule organizing center, centrosome, centriole
3433_reviewed	Cytoplasm
2130_reviewed	Nucleus
55249_reviewed	Cytoplasm
22827_reviewed	Nucleus
1615_reviewed	Cytoplasm, cytosol
196383_reviewed	Cytoplasm, cytosol
84708_reviewed	Cytoplasm
11145_reviewed	Cell membrane
153733_reviewed	Cytoplasm, cytoskeleton, microtubule organizing center, centrosome, centriolar satellite
374618_reviewed	Cytoplasm, cytoskeleton, microtubule organizing center, centrosome, centriolar satellite
51538_reviewed	Nucleus, nucleolus
25953_reviewed	[Isoform 1]: Cell membrane
51138_reviewed	Cytoplasm
9470_reviewed	Cytoplasm
56478_reviewed	Cytoplasm, P-body
84219_reviewed	Lysosome membrane
11158_reviewed	Cytoplasm, cytoskeleton, microtubule organizing center, centrosome, centriole
54474_reviewed	Cytoplasm
8878_reviewed	Cytoplasmic vesicle, autophagosome
9636_reviewed	Cytoplasm
11274_reviewed	[Isoform 1]: Cytoplasm
665_reviewed	Nucleus envelope. Endoplasmic reticulum. Mitochondrion outer membrane. Membrane
55758_reviewed	Nucleus
6616_reviewed	Cytoplasm, perinuclear region
8676_reviewed	Membrane
27129_reviewed	Cytoplasm
7168_reviewed	Cytoplasm, cytoskeleton
26061_reviewed	Peroxisome
116225_reviewed	Cytoplasm
22981_reviewed	Cytoplasm, cytoskeleton, microtubule organizing center, centrosome
84527_reviewed	Nucleus
3646_reviewed	Cytoplasm. Nucleus, PML body
60313_reviewed	Nucleus
60496_reviewed	Cytoplasm, cytosol
2670_reviewed	Cytoplasm
4140_reviewed	Cell membrane
1152_reviewed	Cytoplasm, cytosol
5372_reviewed	Cytoplasm
5870_reviewed	Golgi apparatus membrane
2189_reviewed	Nucleus
9189_reviewed	Nucleus, PML body
79171_reviewed	Nucleus
8812_reviewed	Nucleus
5682_reviewed	Cytoplasm
11051_reviewed	Nucleus
79869_reviewed	Nucleus
7314_reviewed	[Ubiquitin]: Cytoplasm
25788_reviewed	Nucleus, nucleoplasm
4715_reviewed	Mitochondrion inner membrane
7917_reviewed	Cytoplasm, cytosol
129807_reviewed	[Isoform 1]: Cell membrane
408_reviewed	Cytoplasm. Nucleus. Cell membrane. Membrane, clathrin-coated pit
27232_reviewed	Cytoplasm
10403_reviewed	Nucleus
51019_reviewed	Early endosome
11275_reviewed	Cytoplasm, cytoskeleton
23283_reviewed	Nucleus
63898_reviewed	Cytoplasm
51364_reviewed	Cytoplasm
11091_reviewed	Nucleus
10087_reviewed	Cytoplasm
222546_reviewed	Nucleus
84775_reviewed	Nucleus
22806_reviewed	Nucleus
1173_reviewed	Cell membrane
8470_reviewed	Cytoplasm, perinuclear region
6944_reviewed	Nucleus
84245_reviewed	Nucleus
57409_reviewed	Cytoplasm
9099_reviewed	Cytoplasm
79571_reviewed	Cytoplasm
8615_reviewed	Cytoplasm, cytosol
51659_reviewed	Nucleus
84296_reviewed	Nucleus
7189_reviewed	Cytoplasm
10127_reviewed	Nucleus
6258_reviewed	Nucleus
80308_reviewed	Nucleus
8715_reviewed	Nucleus, nucleolus
1857_reviewed	Cytoplasm
55742_reviewed	Cell junction, focal adhesion
84705_reviewed	Mitochondrion
8260_reviewed	Cytoplasm
118426_reviewed	Lysosome membrane
4291_reviewed	Cytoplasm
27042_reviewed	Nucleus, nucleolus
11267_reviewed	Cytoplasm. Endosome membrane. Nucleus
84313_reviewed	Cytoplasm. Endosome membrane. Nucleus, nucleoplasm. Note=Distributes diffusely throughout the cytoplasm and nucleoplasm, but exhibits a punctate distribution on coexpression with CHMP6
22978_reviewed	Cytoplasm, cytosol
29922_reviewed	Cytoplasm, cytoskeleton, microtubule organizing center, centrosome
6208_reviewed	Cytoplasm
6880_reviewed	Nucleus
10539_reviewed	Cytoplasm, cytosol
7004_reviewed	Nucleus
25937_reviewed	Nucleus
10010_reviewed	Cytoplasm
80149_reviewed	Nucleus
10919_reviewed	Chromosome
26119_reviewed	Cytoplasm
8440_reviewed	Cytoplasm
10152_reviewed	Cytoplasm
130617_reviewed	Endoplasmic reticulum membrane
3872_reviewed	Cytoplasm
10428_reviewed	Chromosome, centromere, kinetochore
196483_reviewed	Cytoplasm
7170_reviewed	Cytoplasm, cytoskeleton
10318_reviewed	Cytoplasm. Nucleus. Note=Shuttles between the nucleus and cytoplasm in a CRM1-dependent manner
117177_reviewed	Cytoplasm
29082_reviewed	Cytoplasmic vesicle membrane. Late endosome membrane
51760_reviewed	Membrane
22924_reviewed	Cytoplasm, cytoskeleton
9533_reviewed	Nucleus
8667_reviewed	Cytoplasm
117144_reviewed	Cell projection, cilium, flagellum membrane
56648_reviewed	Cytoplasm
2954_reviewed	Cytoplasm
4735_reviewed	Cytoplasm
5071_reviewed	Cytoplasm, cytosol
286075_reviewed	Nucleus
55011_reviewed	Nucleus
78994_reviewed	Chromosome
57333_reviewed	Endoplasmic reticulum lumen
5585_reviewed	Cytoplasm
3251_reviewed	Cytoplasm
6133_reviewed	Cytoplasm
90594_reviewed	Nucleus
2275_reviewed	Nucleus
5307_reviewed	Nucleus
11075_reviewed	Cytoplasm
4832_reviewed	Mitochondrion outer membrane
583_reviewed	Cell projection, cilium membrane. Cytoplasm. Cytoplasm, cytoskeleton, microtubule organizing center, centrosome, centriolar satellite
81_reviewed	Nucleus
51778_reviewed	Cytoplasm, myofibril, sarcomere, Z line
51016_reviewed	Endoplasmic reticulum membrane
23543_reviewed	Nucleus. Cytoplasm
1455_reviewed	Cytoplasm, cell cortex
11074_reviewed	Cytoplasm
9877_reviewed	Nucleus
7458_reviewed	Cytoplasm, perinuclear region
132158_reviewed	[Isoform 1]: Cytoplasm
54507_reviewed	Secreted, extracellular space, extracellular matrix
6257_reviewed	Nucleus
29946_reviewed	Nucleus
55684_reviewed	[Isoform 1]: Cytoplasm
54469_reviewed	Cytoplasm
10591_reviewed	Cytoplasm
6095_reviewed	Nucleus
55837_reviewed	Cytoplasm. Nucleus
84062_reviewed	Cytoplasmic vesicle, secretory vesicle, synaptic vesicle membrane
253980_reviewed	Nucleus
4093_reviewed	Cytoplasm
1398_reviewed	Cell membrane
55211_reviewed	Nucleus
894_reviewed	Nucleus
9871_reviewed	Cytoplasmic vesicle, COPII-coated vesicle membrane
10212_reviewed	Nucleus
84324_reviewed	Nucleus. Nucleus speckle
2653_reviewed	Mitochondrion
8574_reviewed	Mitochondrion
22977_reviewed	Cytoplasm
50717_reviewed	Nucleus
55621_reviewed	[Isoform 1]: Mitochondrion
4733_reviewed	Nucleus
51389_reviewed	Cytoplasm, cytosol
10133_reviewed	Cytoplasm, perinuclear region. Golgi apparatus
51074_reviewed	Cytoplasm
3198_reviewed	Nucleus
7775_reviewed	Nucleus
11266_reviewed	Nucleus
26276_reviewed	Late endosome membrane
63894_reviewed	Cytoplasm
79050_reviewed	Nucleus membrane
10992_reviewed	Nucleus
6687_reviewed	Mitochondrion inner membrane
90933_reviewed	Cytoplasm
51322_reviewed	Nucleus speckle
7695_reviewed	Nucleus
55707_reviewed	Cytoplasmic vesicle, clathrin-coated vesicle membrane
23212_reviewed	Nucleus, nucleolus
26207_reviewed	Cytoplasm
114908_reviewed	Membrane
29947_reviewed	Nucleus
51187_reviewed	Nucleus, nucleolus
1454_reviewed	Cytoplasm
64745_reviewed	Mitochondrion matrix
3608_reviewed	Nucleus, nucleolus. Cytoplasm
10422_reviewed	Cytoplasm
51776_reviewed	Cytoplasm
163081_reviewed	Nucleus
25796_reviewed	Cytoplasm
8773_reviewed	Cell membrane; Peripheral membrane protein. Cell membrane; Lipid-anchor. Synapse, synaptosome. Note=Mainly localized to the plasma membrane
10590_reviewed	Cytoplasm. Secreted
79797_reviewed	Nucleus
80321_reviewed	Cytoplasm, cytoskeleton, microtubule organizing center, centrosome
9260_reviewed	Cytoplasm
11060_reviewed	Nucleus
51076_reviewed	Cytoplasm
8834_reviewed	Mitochondrion inner membrane
1800_reviewed	Apical cell membrane
84171_reviewed	Secreted, extracellular space
79734_reviewed	Cytoplasm
7050_reviewed	Nucleus
56904_reviewed	Cytoplasm
128866_reviewed	Cytoplasm, cytosol
7027_reviewed	Nucleus
29959_reviewed	Cytoplasm, cell cortex
5706_reviewed	Cytoplasm
1491_reviewed	Cytoplasm
10494_reviewed	Cytoplasm
23321_reviewed	Cytoplasm
140885_reviewed	Membrane; Single-pass type I membrane protein
246329_reviewed	Cytoplasm
29911_reviewed	Cytoplasm, cytoskeleton, microtubule organizing center, centrosome
10179_reviewed	Nucleus, nucleoplasm
56654_reviewed	Membrane
162681_reviewed	Secreted
57573_reviewed	Nucleus
6396_reviewed	Cytoplasmic vesicle, COPII-coated vesicle membrane
89866_reviewed	Endoplasmic reticulum membrane
23635_reviewed	Nucleus
92595_reviewed	Nucleus
9531_reviewed	Nucleus
60626_reviewed	Cytoplasm, cell cortex
140691_reviewed	Cytoplasm
51421_reviewed	Recycling endosome
55888_reviewed	Nucleus
10856_reviewed	Nucleus matrix. Nucleus, nucleoplasm. Cytoplasm. Membrane. Dynein axonemal particle
134510_reviewed	Nucleus
64400_reviewed	Cytoplasm
1196_reviewed	Nucleus
147687_reviewed	Nucleus
55503_reviewed	Cell membrane
6652_reviewed	Mitochondrion membrane
5819_reviewed	Cell membrane; Single-pass type I membrane protein
28973_reviewed	Mitochondrion
6602_reviewed	Nucleus
51002_reviewed	Cytoplasm, cytosol
5276_reviewed	Secreted
159989_reviewed	Cytoplasm
79004_reviewed	Cytoplasm
114897_reviewed	Secreted
5997_reviewed	[Isoform 1]: Cell membrane
27342_reviewed	Cytoplasm
79666_reviewed	Early endosome membrane
6811_reviewed	Endoplasmic reticulum-Golgi intermediate compartment membrane
8775_reviewed	Cell membrane
10783_reviewed	Cytoplasm. Nucleus. Nucleus speckle. Cytoplasm, cytoskeleton, microtubule organizing center, centrosome. Cytoplasm, cytoskeleton, spindle pole. Note=Colocalizes with APBB1 at the nuclear speckles. Colocalizes with PIN1 in the nucleus. Colocalizes with ATF4, CIRSR, ARHGAP33, ANKRA2, CDC42, NEK9, RAD26L, RBBP6, RPS7, TRIP4, RELB and PHF1 in the centrosome. Localizes to spindle microtubules in metaphase and anaphase and to the midbody during cytokinesis
79363_reviewed	Cytoplasm, cytoskeleton, cilium basal body
80199_reviewed	Cytoplasm
92840_reviewed	Endoplasmic reticulum membrane
55165_reviewed	Cytoplasm
8405_reviewed	Nucleus
126070_reviewed	Nucleus
3059_reviewed	Membrane
8778_reviewed	Membrane; Single-pass type I membrane protein
29907_reviewed	Cytoplasm
4234_reviewed	Nucleus
10785_reviewed	Nucleus
6820_reviewed	Cytoplasm, cytosol
130540_reviewed	Cytoplasm
6717_reviewed	Cytoplasm. Sarcoplasmic reticulum membrane; Peripheral membrane protein; Cytoplasmic side. Note=Relocates to the sarcoplasmic reticulum membrane in response to elevated calcium levels
84289_reviewed	Nucleus
150483_reviewed	Cytoplasm, cytoskeleton, cilium axoneme
23281_reviewed	Cytoplasm, cytoskeleton
57019_reviewed	Cytoplasm
10898_reviewed	Nucleus
81608_reviewed	Nucleus
1819_reviewed	Nucleus
55613_reviewed	Nucleus envelope
55308_reviewed	Cytoplasm
55388_reviewed	Nucleus
1153_reviewed	Nucleus, nucleoplasm
63948_reviewed	Nucleus
10450_reviewed	Nucleus
56949_reviewed	Nucleus
8092_reviewed	Nucleus
23421_reviewed	[Isoform 1]: Nucleus. Chromosome, centromere. Chromosome, centromere, kinetochore
151871_reviewed	Nucleus
84285_reviewed	Nucleus
90268_reviewed	Cytoplasm
329_reviewed	Cytoplasm. Nucleus. Note=Agents that induce either the extrinsic or intrinsic apoptotic pathways promote its redistribution from the nuclear compartment to the cytoplasmic compartment. Associated with the midbody in telophase cells, and found diffusely in the nucleus of interphase cells
84888_reviewed	Late endosome membrane
10607_reviewed	Nucleus, nucleolus
10342_reviewed	Endoplasmic reticulum
23583_reviewed	Nucleus
445_reviewed	Cytoplasm, cytosol
125170_reviewed	Mitochondrion outer membrane
5912_reviewed	Recycling endosome membrane
6782_reviewed	Microsome. Endoplasmic reticulum
57542_reviewed	Cytoplasm
57325_reviewed	Nucleus. Cytoplasm. Note=Mainly nuclear
29925_reviewed	Cytoplasm
29926_reviewed	Cytoplasm
9443_reviewed	Nucleus
7005_reviewed	Nucleus
3609_reviewed	Nucleus, nucleolus
2067_reviewed	[Isoform 1]: Nucleus
2107_reviewed	Cytoplasm
9817_reviewed	Cytoplasm
22929_reviewed	Nucleus
64770_reviewed	Cytoplasm, cytoskeleton, microtubule organizing center, centrosome, centriolar satellite
57715_reviewed	Cell membrane; Single-pass type I membrane protein
10569_reviewed	Nucleus
3241_reviewed	Membrane
26508_reviewed	Nucleus
6919_reviewed	Nucleus
2553_reviewed	Nucleus
23424_reviewed	Cytoplasm
79094_reviewed	Cytoplasm, cytosol
6860_reviewed	Cytoplasmic vesicle, secretory vesicle, neuronal dense core vesicle membrane
57048_reviewed	Mitochondrion membrane
8379_reviewed	Nucleus
2202_reviewed	Secreted, extracellular space, extracellular matrix
54973_reviewed	Nucleus
78992_reviewed	Golgi apparatus, cis-Golgi network membrane
286451_reviewed	Golgi apparatus membrane
25844_reviewed	Cell membrane; Multi-pass membrane protein. Cytoplasm. Golgi apparatus, cis-Golgi network membrane
84272_reviewed	Golgi apparatus, cis-Golgi network membrane
9139_reviewed	Nucleus
2752_reviewed	Cytoplasm, cytosol
94039_reviewed	Nucleus
2495_reviewed	Cytoplasm
2512_reviewed	Cytoplasmic vesicle, autophagosome
9456_reviewed	Cytoplasm
79098_reviewed	Cytoplasm
154313_reviewed	Cytoplasm, cytoskeleton, cilium axoneme
9444_reviewed	Nucleus
27130_reviewed	Cytoplasm
57126_reviewed	Cell membrane
7746_reviewed	Nucleus
1478_reviewed	Nucleus
3219_reviewed	Nucleus
29844_reviewed	Nucleus
84864_reviewed	Nucleus
58190_reviewed	Nucleus
51616_reviewed	Nucleus
79077_reviewed	Mitochondrion
1453_reviewed	Cytoplasm. Nucleus. Cytoplasm, cytoskeleton, microtubule organizing center, centrosome
4615_reviewed	Cytoplasm
6871_reviewed	Nucleus
29115_reviewed	Nucleus
3589_reviewed	Secreted
9747_reviewed	Cell membrane
57658_reviewed	Cytoplasm. Nucleus. Note=Shuttles between nucleus and cytoplasm
8945_reviewed	Cytoplasm
114088_reviewed	Cytoplasm
28988_reviewed	Cytoplasm, cytoskeleton
79735_reviewed	Cytoplasmic vesicle, autophagosome
51460_reviewed	Nucleus
26036_reviewed	Nucleus
6426_reviewed	Cytoplasm
7414_reviewed	Cell membrane
7318_reviewed	Cytoplasm
8473_reviewed	Nucleus
55068_reviewed	Cell membrane
8078_reviewed	Cytoplasm
85007_reviewed	Mitochondrion
95_reviewed	Cytoplasm
1911_reviewed	Nucleus
51375_reviewed	Early endosome membrane
5862_reviewed	Endoplasmic reticulum-Golgi intermediate compartment membrane
55670_reviewed	Peroxisome membrane
6810_reviewed	Cell membrane
84191_reviewed	Cytoplasm
10253_reviewed	Cytoplasm, cytoskeleton
7278_reviewed	Cytoplasm, cytoskeleton
9129_reviewed	Nucleus
9798_reviewed	Cytoplasmic vesicle
27339_reviewed	Nucleus
5700_reviewed	Cytoplasm. Nucleus. Membrane
5701_reviewed	Cytoplasm
5984_reviewed	Nucleus
5985_reviewed	Nucleus
64376_reviewed	Nucleus
5899_reviewed	Cell membrane
8504_reviewed	Peroxisome membrane
216_reviewed	Cytoplasm, cytosol
5716_reviewed	Cytoplasm
8908_reviewed	Cytoplasm
5861_reviewed	Golgi apparatus
4149_reviewed	Nucleus. Cell projection, dendrite
4601_reviewed	Nucleus
638_reviewed	Endomembrane system
10053_reviewed	Golgi apparatus. Cytoplasmic vesicle, clathrin-coated vesicle membrane; Peripheral membrane protein; Cytoplasmic side. Note=Component of the coat surrounding the cytoplasmic face of coated vesicles located at the Golgi complex
7029_reviewed	Nucleus
10617_reviewed	Nucleus
9124_reviewed	Cytoplasm
8027_reviewed	Cytoplasm
875_reviewed	Cytoplasm
3726_reviewed	Nucleus
8061_reviewed	Nucleus
635_reviewed	Cytoplasm, cytosol
7307_reviewed	Nucleus
392_reviewed	Cytoplasm
578_reviewed	Mitochondrion outer membrane
10670_reviewed	Cytoplasm
64121_reviewed	Cytoplasm
3612_reviewed	Cytoplasm
2175_reviewed	Nucleus. Cytoplasm. Note=The major form is nuclear. The minor form is cytoplasmic
25913_reviewed	Nucleus
65057_reviewed	Nucleus
3937_reviewed	Cytoplasm
2941_reviewed	Cytoplasm
8663_reviewed	Cytoplasm
8666_reviewed	Cytoplasm
5883_reviewed	Nucleus
10587_reviewed	Mitochondrion
5702_reviewed	Cytoplasm
2800_reviewed	Golgi apparatus membrane
400_reviewed	Golgi apparatus membrane
3674_reviewed	Cell membrane
653121_reviewed	Nucleus
3104_reviewed	Nucleus
92822_reviewed	Nucleus
26088_reviewed	Golgi apparatus, trans-Golgi network membrane
66008_reviewed	Cytoplasm
4137_reviewed	Cytoplasm, cytosol
5432_reviewed	Nucleus
79840_reviewed	Nucleus
3981_reviewed	Nucleus
5328_reviewed	Secreted
5270_reviewed	Secreted, extracellular space
2247_reviewed	Nucleus
6382_reviewed	Membrane
6383_reviewed	Membrane; Single-pass type I membrane protein
637_reviewed	Cytoplasm
27113_reviewed	Note=Contrary to isoforms 1 and 2, isoform 3 does not localize to the mitochondria
389692_reviewed	Nucleus
3651_reviewed	Nucleus. Cytoplasm, cytosol
5420_reviewed	Apical cell membrane. Cell projection, lamellipodium. Cell projection, filopodium. Cell projection, ruffle. Cell projection, microvillus
56672_reviewed	Nucleus
5566_reviewed	Cytoplasm
4609_reviewed	Nucleus, nucleoplasm
7709_reviewed	Nucleus
6996_reviewed	Nucleus
6794_reviewed	Cytoplasm
51719_reviewed	Cytoplasm
92335_reviewed	Nucleus
54840_reviewed	Nucleus, nucleoplasm
142_reviewed	Chromosome
4771_reviewed	[Isoform 1]: Cell projection, filopodium membrane; Peripheral membrane protein; Cytoplasmic side. Cell projection, ruffle membrane; Peripheral membrane protein; Cytoplasmic side. Nucleus. Note=In a fibroblastic cell line, isoform 1 is found homogeneously distributed over the entire cell, with a particularly strong staining in ruffling membranes and filopodia. Colocalizes with MPP1 in non-myelin-forming Schwann cells. Binds with DCAF1 in the nucleus. The intramolecular association of the FERM domain with the C-terminal tail promotes nuclear accumulation. The unphosphorylated form accumulates predominantly in the nucleus while the phosphorylated form is largely confined to the non-nuclear fractions
27352_reviewed	Cytoplasm
286826_reviewed	Nucleus, nucleoplasm
3725_reviewed	Nucleus
2353_reviewed	Nucleus. Endoplasmic reticulum. Cytoplasm, cytosol. Note=In quiescent cells, present in very small amounts in the cytosol. Following induction of cell growth, first localizes to the endoplasmic reticulum and only later to the nucleus. Localization at the endoplasmic reticulum requires dephosphorylation at Tyr-10 and Tyr-30
5423_reviewed	Nucleus. Cytoplasm. Note=Cytoplasmic in normal conditions. Translocates to the nucleus following DNA damage
79101_reviewed	Nucleus
79003_reviewed	Chromosome, centromere, kinetochore
147841_reviewed	Nucleus
57405_reviewed	Nucleus. Chromosome, centromere, kinetochore
11130_reviewed	Nucleus
79980_reviewed	Nucleus
83540_reviewed	Nucleus. Chromosome, centromere, kinetochore. Note=Localizes to kinetochores from late prophase to anaphase. Localizes specifically to the outer plate of the kinetochore. NDC80 is required for efficient kinetochore localization
5781_reviewed	Cytoplasm
2064_reviewed	Cell projection, ruffle membrane
2065_reviewed	[Isoform 1]: Cell membrane
25936_reviewed	Nucleus
5481_reviewed	Cytoplasm
3326_reviewed	Cytoplasm
5979_reviewed	Cell membrane
6100_reviewed	Nucleus
23164_reviewed	Cytoplasm, cytoskeleton
54776_reviewed	Cytoplasm
80306_reviewed	Nucleus
3065_reviewed	Nucleus
9759_reviewed	Nucleus
10014_reviewed	Nucleus. Cytoplasm. Note=Shuttles between the nucleus and the cytoplasm. In muscle cells, it shuttles into the cytoplasm during myocyte differentiation. The export to cytoplasm depends on the interaction with a 14-3-3 chaperone protein and is due to its phosphorylation at Ser-259 and Ser-498 by AMPK, CaMK1 and SIK1
10013_reviewed	Cytoplasm
10915_reviewed	Nucleus
10291_reviewed	Nucleus
10946_reviewed	Nucleus speckle
23451_reviewed	Nucleus
4670_reviewed	Nucleus, nucleolus
5931_reviewed	Nucleus
5928_reviewed	Nucleus
9112_reviewed	Nucleus
9219_reviewed	Nucleus
200186_reviewed	Cytoplasm
23235_reviewed	Cytoplasm
9733_reviewed	Nucleus, nucleoplasm
9128_reviewed	Nucleus
7532_reviewed	Cytoplasm, cytosol
3799_reviewed	Cytoplasm, cytoskeleton
79711_reviewed	Cytoplasm
146059_reviewed	Cytoplasm. Nucleus. Membrane
10421_reviewed	Cytoplasm. Nucleus. Note=Predominantly nuclear
9343_reviewed	Nucleus
11011_reviewed	Nucleus
7529_reviewed	Cytoplasm
9338_reviewed	Nucleus
26272_reviewed	Cytoplasm
5905_reviewed	Cytoplasm
5298_reviewed	Endomembrane system. Mitochondrion outer membrane; Peripheral membrane protein. Rough endoplasmic reticulum membrane; Peripheral membrane protein. Golgi apparatus
8079_reviewed	Cytoplasm
64210_reviewed	Nucleus
5717_reviewed	Nucleus
51130_reviewed	Cytoplasm
8065_reviewed	Nucleus
1917_reviewed	Endoplasmic reticulum membrane
6738_reviewed	Cytoplasm
23367_reviewed	Cytoplasm
8660_reviewed	Cytoplasm, cytosol
8607_reviewed	Dynein axonemal particle
8453_reviewed	Nucleus
6801_reviewed	Cytoplasm
9416_reviewed	Nucleus
91754_reviewed	Cytoplasm
26064_reviewed	Cytoplasm, cytoskeleton
5356_reviewed	Nucleus
55095_reviewed	Cytoplasm
8661_reviewed	Cytoplasm
55671_reviewed	Cytoplasm
673_reviewed	Nucleus
24148_reviewed	Nucleus, nucleoplasm
29966_reviewed	Cytoplasm
3692_reviewed	Cytoplasm. Nucleus, nucleolus. Note=Shuttles between cytoplasm and nucleus/nucleolus
56647_reviewed	Nucleus
27250_reviewed	Nucleus
57180_reviewed	Cytoplasm, cytoskeleton
10109_reviewed	Cytoplasm, cytoskeleton
51631_reviewed	Nucleus speckle
5500_reviewed	Cytoplasm
5510_reviewed	Nucleus
56950_reviewed	Cytoplasm, cytosol
23136_reviewed	Cytoplasm, cytoskeleton
63891_reviewed	Cytoplasm
10552_reviewed	Cytoplasm, cytoskeleton
8073_reviewed	Cell membrane. Early endosome. Cytoplasm
26505_reviewed	Cell membrane
55660_reviewed	Nucleus speckle
9221_reviewed	Nucleus, nucleolus
80153_reviewed	Cytoplasm, P-body
1021_reviewed	Cytoplasm. Nucleus. Cell projection, ruffle. Cytoplasm, cytoskeleton, microtubule organizing center, centrosome
26031_reviewed	Endoplasmic reticulum membrane
7384_reviewed	Mitochondrion inner membrane
7385_reviewed	Mitochondrion inner membrane
5518_reviewed	Cytoplasm
11156_reviewed	Cell membrane
261726_reviewed	Cytoplasm
9101_reviewed	Cytoplasm
7392_reviewed	Nucleus
8496_reviewed	Cytoplasm, cell cortex
4331_reviewed	Nucleus
9410_reviewed	Nucleus
6949_reviewed	Nucleus, nucleolus
57223_reviewed	Cytoplasm
56288_reviewed	Cytoplasm
10097_reviewed	Cytoplasm, cytoskeleton
1973_reviewed	Cytoplasm, perinuclear region
9414_reviewed	Cell junction, adherens junction
396_reviewed	Cytoplasm
55646_reviewed	Nucleus
6147_reviewed	Cytoplasm
7555_reviewed	Nucleus
6122_reviewed	Nucleus, nucleolus
815_reviewed	Synapse
816_reviewed	Cytoplasm, cytoskeleton
817_reviewed	Cell membrane, sarcolemma
51361_reviewed	Cytoplasm
26504_reviewed	Cell membrane
10514_reviewed	Cytoplasm
5062_reviewed	[Serine/threonine-protein kinase PAK 2]: Cytoplasm
8883_reviewed	Cell membrane
23085_reviewed	Cytoplasm, cytoskeleton, microtubule organizing center, centrosome
989_reviewed	Cytoplasm
60528_reviewed	Mitochondrion
11140_reviewed	Cytoplasm
80223_reviewed	Recycling endosome
29888_reviewed	Cytoplasm
1967_reviewed	Cytoplasm, cytosol
8891_reviewed	Cytoplasm, cytosol
23677_reviewed	Membrane, clathrin-coated pit. Cytoplasmic vesicle, clathrin-coated vesicle. Nucleus
22933_reviewed	Cytoplasm, cytoskeleton, microtubule organizing center, centrosome, centriole
8208_reviewed	Nucleus
9158_reviewed	Nucleus. Endomembrane system; Peripheral membrane protein. Note=Also associated with cytoplasmic membranes, particularly of mitochondria
9847_reviewed	Cytoplasmic vesicle membrane
25843_reviewed	Cytoplasm, perinuclear region
10298_reviewed	Cytoplasm
4947_reviewed	Nucleus
51582_reviewed	Nucleus
8601_reviewed	Membrane; Lipid-anchor. Nucleus. Cytoplasm. Note=Shuttles between the cytoplasm/cell membrane and the nucleus. Anchored to the membrane through palmitoylation
7391_reviewed	Nucleus
2011_reviewed	Cell membrane; Peripheral membrane protein. Cytoplasm. Lateral cell membrane. Cytoplasm, cytoskeleton. Cell projection, dendrite
389_reviewed	Cell membrane
6732_reviewed	[Isoform 2]: Cytoplasm. Nucleus. Nucleus matrix. Microsome. Note=Shuttles between the nucleus and the cytoplasm. Inhibition of the Hsp90 ATPase activity, osmotic stress and interaction with HHV-1 ICP27 protein can induce its translocation to the nucleus. KAT5/TIP60 inhibits its nuclear translocation
10095_reviewed	Cytoplasm, cytoskeleton
5411_reviewed	Nucleus speckle. Cell junction, desmosome. Note=Cell-cell contact area, predominantly desmosome of intercellular adherens junction. Not a nucleocytoplasmic shuttling protein
8668_reviewed	Cytoplasm
8665_reviewed	Cytoplasm
29127_reviewed	Nucleus
10286_reviewed	Nucleus
9493_reviewed	Nucleus. Cytoplasm, cytoskeleton, spindle. Midbody, Midbody ring
10890_reviewed	Cytoplasmic vesicle membrane
4218_reviewed	Cell membrane
51747_reviewed	Nucleus speckle
85369_reviewed	Cytoplasm
10713_reviewed	Nucleus
4795_reviewed	Nucleus
5516_reviewed	Cytoplasm
28969_reviewed	Cytoplasm
51497_reviewed	Nucleus
10480_reviewed	Cytoplasm
9519_reviewed	Cytoplasm
2957_reviewed	Nucleus
7803_reviewed	Cell membrane
8664_reviewed	Cytoplasm
1676_reviewed	Cytoplasm
6189_reviewed	Cytoplasm
79801_reviewed	Midbody
80279_reviewed	Endoplasmic reticulum membrane
10285_reviewed	Nucleus speckle
140609_reviewed	Nucleus
221937_reviewed	Nucleus
1677_reviewed	Cytoplasm. Nucleus
9497_reviewed	Basolateral cell membrane
65992_reviewed	Endoplasmic reticulum membrane
55215_reviewed	Nucleus
81873_reviewed	Cytoplasm, cytoskeleton
5878_reviewed	Cell membrane
25777_reviewed	Nucleus inner membrane
92609_reviewed	Mitochondrion inner membrane
23012_reviewed	Cytoplasm. Cytoplasm, cytoskeleton. Membrane. Note=Associated with the actin cytoskeleton. Co-localizes with STK24/MST3 in the membrane
84529_reviewed	Nucleus
4163_reviewed	Cell membrane. Cell projection, lamellipodium. Nucleus
9131_reviewed	Mitochondrion intermembrane space
9967_reviewed	Nucleus
7871_reviewed	Cell membrane, sarcolemma
54606_reviewed	Nucleus, nucleolus
6142_reviewed	Cytoplasm
23560_reviewed	Nucleus, nucleolus
7327_reviewed	Endoplasmic reticulum
267_reviewed	Endoplasmic reticulum membrane
9406_reviewed	Nucleus
253714_reviewed	Nucleus
7417_reviewed	Mitochondrion outer membrane
80333_reviewed	Cell membrane
30819_reviewed	[Isoform 1]: Cell membrane
10094_reviewed	Cytoplasm, cytoskeleton
5495_reviewed	Cytoplasm, cytosol
7415_reviewed	Cytoplasm, cytosol
6434_reviewed	Nucleus
5894_reviewed	Cell membrane
11331_reviewed	Mitochondrion inner membrane
9958_reviewed	Cytoplasm
53981_reviewed	Nucleus
79184_reviewed	Nucleus
8893_reviewed	Cytoplasm, cytosol
5683_reviewed	Cytoplasm
9295_reviewed	Nucleus. Note=Colocalizes with spliceosome components
23294_reviewed	Cytoplasm. Cell projection
5684_reviewed	Cytoplasm
11344_reviewed	Cytoplasm, cytoskeleton
140890_reviewed	Nucleus
55299_reviewed	Nucleus, nucleolus
1654_reviewed	Cell membrane
991_reviewed	Cytoplasm, cytoskeleton, microtubule organizing center, centrosome
51067_reviewed	Mitochondrion matrix
9520_reviewed	Cytoplasm, cytosol
49856_reviewed	Cytoplasm
9662_reviewed	Cytoplasm, cytoskeleton, microtubule organizing center, centrosome, centriole
2091_reviewed	Nucleus, nucleolus
29780_reviewed	Cell junction, focal adhesion. Cell membrane; Peripheral membrane protein; Cytoplasmic side. Cytoplasm, cytoskeleton. Cell projection, lamellipodium. Cytoplasm, myofibril, sarcomere. Cytoplasm, myofibril, sarcomere, Z line. Note=Constituent of focal adhesions. Detected at the tips of the leading edge of cells. Colocalizes with F-actin at the tips of lamellipodia
151987_reviewed	Cytoplasm, cytoskeleton, microtubule organizing center, centrosome. Nucleus. Note=Ionizing radiation induces relocalization to nuclear foci and colocalization with RPA2
23168_reviewed	Nucleus, nucleoplasm
23172_reviewed	Cytoplasm
6625_reviewed	Nucleus speckle
6428_reviewed	Nucleus
55103_reviewed	Cytoplasm
1977_reviewed	Cytoplasm, P-body
4869_reviewed	Cytoplasm
4796_reviewed	Nucleus
5693_reviewed	Cytoplasm
29889_reviewed	Nucleus, nucleolus
550_reviewed	Endoplasmic reticulum membrane
7178_reviewed	Cytoplasm
11133_reviewed	Lysosome membrane
55846_reviewed	Lysosome membrane
89953_reviewed	Cytoplasm, cytoskeleton
51428_reviewed	Nucleus
8030_reviewed	Cytoplasm. Cytoplasm, cytoskeleton
5687_reviewed	Cytoplasm
57530_reviewed	Cell junction, tight junction
55177_reviewed	Mitochondrion outer membrane
79596_reviewed	Chromosome
10969_reviewed	Nucleus, nucleolus
5688_reviewed	Cytoplasm
3702_reviewed	Cytoplasm
7015_reviewed	Nucleus, nucleolus
4691_reviewed	Nucleus, nucleolus
5587_reviewed	Cytoplasm
4791_reviewed	Nucleus. Cytoplasm. Note=Nuclear, but also found in the cytoplasm in an inactive form complexed to an inhibitor (I-kappa-B)
7187_reviewed	Cytoplasm
84231_reviewed	Cytoplasmic vesicle
9043_reviewed	Cytoplasm
55294_reviewed	[Isoform 1]: Nucleus, nucleoplasm
5971_reviewed	Nucleus
5977_reviewed	Nucleus
6601_reviewed	Nucleus
23118_reviewed	Membrane
10454_reviewed	Cytoplasm, cytosol
29110_reviewed	Cytoplasm
7124_reviewed	Cell membrane
7133_reviewed	[Isoform 1]: Cell membrane; Single-pass type I membrane protein
84717_reviewed	Nucleus
23376_reviewed	Endoplasmic reticulum membrane
11171_reviewed	Cytoplasm. Nucleus. Note=Localized predominantly in the cytoplasm but also found in the nucleus
51603_reviewed	Cytoplasm
2956_reviewed	Nucleus
9688_reviewed	Nucleus membrane
57062_reviewed	Cytoplasm
9181_reviewed	Cytoplasm, cytoskeleton
50628_reviewed	Cytoplasm. Nucleus. Nucleus, nucleolus. Nucleus, gem. Note=Localized in subnuclear structures next to coiled bodies, called gems, which are highly enriched in spliceosomal snRNPs and in the nucleolus
60412_reviewed	Midbody, Midbody ring
9330_reviewed	Nucleus
23244_reviewed	Nucleus
57805_reviewed	Nucleus
4831_reviewed	Cytoplasm
47_reviewed	Cytoplasm, cytosol
10963_reviewed	Cytoplasm
64425_reviewed	Nucleus, nucleolus
1457_reviewed	Nucleus
6301_reviewed	Cytoplasm
3728_reviewed	Cell junction, adherens junction
2176_reviewed	Nucleus. Cytoplasm. Note=The major form is nuclear. The minor form is cytoplasmic
3303_unreviewed	Cytoplasm, cytoskeleton, microtubule organizing center, centrosome
5610_reviewed	Cytoplasm
641_reviewed	Nucleus
7156_reviewed	Mitochondrion matrix
9070_reviewed	Nucleus
4221_reviewed	Nucleus
5929_reviewed	Nucleus
29915_reviewed	Cytoplasm
430_reviewed	Nucleus
2178_reviewed	Nucleus
3716_reviewed	Endomembrane system; Peripheral membrane protein. Note=Wholly intracellular, possibly membrane associated
207_reviewed	Cytoplasm
8312_reviewed	Cell membrane
1487_reviewed	Cytoplasm
613_reviewed	Postsynaptic density
3055_reviewed	[Isoform 1]: Lysosome. Membrane; Lipid-anchor. Cell projection, podosome membrane; Lipid-anchor. Cytoplasm, cytosol. Note=Associated with specialized secretory lysosomes called azurophil granules. At least half of this isoform is found in the cytoplasm, some of this fraction is myristoylated
8243_reviewed	Nucleus
9126_reviewed	Nucleus
5777_reviewed	Cytoplasm
5921_reviewed	Cytoplasm
1796_reviewed	[Isoform 1]: Cytoplasm. Nucleus
5663_reviewed	Cell membrane
2177_reviewed	Nucleus
4436_reviewed	Nucleus
4683_reviewed	Nucleus
10111_reviewed	Nucleus
699_reviewed	Nucleus. Chromosome, centromere, kinetochore. Note=Nuclear in interphase cells. Accumulates gradually during G1 and S phase of the cell cycle, peaks at G2/M, and drops dramatically after mitosis. Localizes to the outer kinetochore. Kinetochore localization is required for normal mitotic timing and checkpoint response to spindle damage and occurs very early in prophase. AURKB, KNL1 and INCENP are required for kinetochore localization (By similarity)
701_reviewed	Cytoplasm. Nucleus. Chromosome, centromere, kinetochore. Cytoplasm, cytoskeleton, microtubule organizing center, centrosome. Note=Cytoplasmic in interphase cells. Associates with the kinetochores in early prophase. Kinetochore localization requires BUB1, PLK1 and KNL1
9184_reviewed	Nucleus. Chromosome, centromere, kinetochore
2188_reviewed	Nucleus
7535_reviewed	Cytoplasm
983_reviewed	Nucleus
2071_reviewed	Nucleus
1022_reviewed	Nucleus
11200_reviewed	[Isoform 2]: Nucleus. Note=Isoform 10 is present throughout the cell
1111_reviewed	Nucleus
23028_reviewed	Nucleus
10362_reviewed	Nucleus. Chromosome. Note=Localized to condensed chromosomes in mitosis in conjunction with BRCA2
23186_reviewed	Nucleus
51317_reviewed	Nucleus
4091_reviewed	Nucleus
90_reviewed	Membrane
4582_reviewed	Apical cell membrane
1495_reviewed	Cell junction, adherens junction
6667_reviewed	Nucleus. Cytoplasm. Note=Nuclear location is governed by glycosylated/phosphorylated states. Insulin promotes nuclear location, while glucagon favors cytoplasmic location
9584_reviewed	Nucleus speckle
355_reviewed	[Isoform 1]: Cell membrane
8772_reviewed	Cytoplasm
8795_reviewed	Membrane; Single-pass type I membrane protein
841_reviewed	Cytoplasm
4478_reviewed	Cell membrane
7430_reviewed	Apical cell membrane
356_reviewed	Cell membrane
9846_reviewed	Cytoplasm
2950_reviewed	Cytoplasm
56946_reviewed	Nucleus
10951_reviewed	Nucleus
2934_reviewed	[Isoform 2]: Cytoplasm, cytoskeleton
4067_reviewed	Cell membrane. Nucleus. Cytoplasm. Cytoplasm, perinuclear region. Golgi apparatus. Membrane
10459_reviewed	Nucleus
3320_reviewed	Cytoplasm
8409_reviewed	[Isoform 1]: Cytoplasm
857_reviewed	Golgi apparatus membrane; Peripheral membrane protein. Cell membrane
24137_reviewed	Nucleus matrix
1434_reviewed	Cytoplasm
4193_reviewed	Nucleus, nucleoplasm
595_reviewed	Nucleus
2308_reviewed	Cytoplasm
10083_reviewed	Cytoplasm, cytosol
3169_reviewed	Nucleus
9604_reviewed	Cytoplasm
10771_reviewed	Nucleus
1025_reviewed	Nucleus. Cytoplasm. Nucleus, PML body. Note=Accumulates on chromatin in response to replication stress. Complexed with CCNT1 in nuclear speckles, but uncomplexed form in the cytoplasm. The translocation from nucleus to cytoplasm is XPO1/CRM1-dependent. Associates with PML body when acetylated
2534_reviewed	Cytoplasm
5156_reviewed	Cell membrane
5893_reviewed	Nucleus
56616_reviewed	Mitochondrion
1630_reviewed	Membrane; Single-pass type I membrane protein
7416_reviewed	Cell membrane
6925_reviewed	Nucleus
54206_reviewed	Cell membrane
8139_reviewed	Cytoplasm. Cytoplasm, cytoskeleton
51564_reviewed	Nucleus
84962_reviewed	Cytoplasm, cytoskeleton. Cell membrane. Cell junction. Nucleus. Cytoplasm, cytoskeleton, microtubule organizing center, centrosome. Cytoplasm, P-body. Note=Shuttles between the cytoplasm and the nucleus. Localizes on centrosomes during G2-M phase. Preferentially co- localizes with cadherin-adhesive complexes at sites of cell-cell contacts. Colocalizes with GFI1 in the nucleus
10746_reviewed	Cytoplasm
8711_reviewed	Cytoplasm
5890_reviewed	Nucleus
5889_reviewed	Nucleus
7517_reviewed	Nucleus. Cytoplasm. Cytoplasm, perinuclear region. Mitochondrion. Note=Accumulates in discrete nuclear foci prior to DNA damage, and these foci persist throughout the time course of DNA repair
5728_reviewed	Cell projection, dendritic spine
650_reviewed	Secreted
1001_reviewed	Cell membrane; Single-pass type I membrane protein
9734_reviewed	Nucleus
57178_reviewed	Nucleus, nucleoplasm
7014_reviewed	Nucleus
7486_reviewed	Nucleus, nucleolus
658_reviewed	Cell membrane
655_reviewed	Secreted
27_reviewed	Cytoplasm, cytoskeleton
3815_reviewed	[Isoform 1]: Cell membrane; Single-pass type I membrane protein
996_reviewed	Nucleus
29945_reviewed	Nucleus
8881_reviewed	Cytoplasm, cytoskeleton, microtubule organizing center, centrosome
51434_reviewed	Cytoplasm, cytoskeleton
7181_reviewed	Nucleus
4217_reviewed	Cytoplasm
80010_reviewed	Nucleus
1003_reviewed	Cell junction, adherens junction
1571_reviewed	Endoplasmic reticulum membrane
3635_reviewed	Cytoplasm
7184_reviewed	Endoplasmic reticulum lumen
2960_reviewed	Nucleus
2959_reviewed	Nucleus
2962_reviewed	Nucleus
25942_reviewed	Nucleus
1147_reviewed	Cytoplasm
5609_reviewed	Nucleus. Cytoplasm
27043_reviewed	Nucleus, nucleolus
7469_reviewed	Nucleus
2908_reviewed	Chromosome
5934_reviewed	Nucleus
7161_reviewed	Nucleus
8850_reviewed	Nucleus
55120_reviewed	Cytoplasm
5294_reviewed	Cell membrane
266747_reviewed	Cytoplasmic vesicle
1660_reviewed	Nucleus
6908_reviewed	Nucleus
2968_reviewed	Nucleus
6882_reviewed	Nucleus
79155_reviewed	Cytoplasm
8517_reviewed	Cytoplasm
9641_reviewed	Cytoplasm
23243_reviewed	Nucleus, nucleoplasm
1996_reviewed	Cytoplasm
10482_reviewed	Nucleus
9360_reviewed	Nucleus matrix
4087_reviewed	Cytoplasm
9372_reviewed	Cytoplasm. Early endosome membrane
157310_reviewed	Secreted
5604_reviewed	Cytoplasm, cytoskeleton, microtubule organizing center, centrosome
1655_reviewed	Nucleus
860_reviewed	Nucleus
375686_reviewed	Cytoplasm
317_reviewed	Cytoplasm
55143_reviewed	Nucleus, nucleolus
9212_reviewed	Nucleus
79661_reviewed	Cytoplasm, cytoskeleton, microtubule organizing center, centrosome
23385_reviewed	Membrane
51107_reviewed	Endoplasmic reticulum membrane
56926_reviewed	Endoplasmic reticulum membrane
23420_reviewed	Endoplasmic reticulum membrane
3688_reviewed	Cell membrane
3675_reviewed	Cell membrane
1759_reviewed	Cell membrane
3619_reviewed	Nucleus
79720_reviewed	Late endosome membrane
64754_reviewed	Cytoplasm
6647_reviewed	Cytoplasm
26277_reviewed	Nucleus
7013_reviewed	Nucleus
10849_reviewed	Nucleus, nucleolus
2068_reviewed	Nucleus
2965_reviewed	Nucleus
2966_reviewed	Nucleus
2967_reviewed	Nucleus
55829_reviewed	Endoplasmic reticulum membrane; Single-pass membrane protein. Cytoplasm
79139_reviewed	Endoplasmic reticulum membrane
3105_reviewed	Cell membrane
5579_reviewed	Cytoplasm
5580_reviewed	Cytoplasm
6135_reviewed	Nucleus, nucleolus
4602_reviewed	Nucleus
10498_reviewed	Nucleus
6804_reviewed	Cytoplasmic vesicle, secretory vesicle, synaptic vesicle membrane
6342_reviewed	Cytoplasm
54386_reviewed	Nucleus
55588_reviewed	Nucleus
9282_reviewed	Nucleus
9439_reviewed	Nucleus
51586_reviewed	Cytoplasm. Nucleus
9862_reviewed	Nucleus
10025_reviewed	Nucleus
9440_reviewed	Nucleus
892_reviewed	Nucleus
1024_reviewed	Nucleus
23097_reviewed	Cytoplasm
9442_reviewed	Nucleus
219541_reviewed	Nucleus
10001_reviewed	Nucleus
112950_reviewed	Nucleus
54797_reviewed	Nucleus
9477_reviewed	Nucleus
81857_reviewed	Nucleus
9441_reviewed	Nucleus
90390_reviewed	Nucleus
6837_reviewed	Nucleus
5436_reviewed	Nucleus
5431_reviewed	Nucleus
8900_reviewed	Nucleus
388324_reviewed	Nucleus
1789_reviewed	Nucleus
10592_reviewed	Nucleus
8467_reviewed	Nucleus
64151_reviewed	Nucleus. Cytoplasm. Chromosome. Note=In interphase cells, the majority of the condensin complex is found in the cytoplasm, while a minority of the complex is associated with chromatin. A subpopulation of the complex however remains associated with chromosome foci in interphase cells. During mitosis, most of the condensin complex is associated with the chromatin. At the onset of prophase, the regulatory subunits of the complex are phosphorylated by CDK1, leading to condensin's association with chromosome arms and to chromosome condensation. Dissociation from chromosomes is observed in late telophase
201176_reviewed	Cytoplasm
81929_reviewed	Chromosome, centromere, kinetochore
57122_reviewed	Nucleus membrane
79902_reviewed	Nucleus, nuclear pore complex
55746_reviewed	Nucleus, nuclear pore complex
23279_reviewed	Nucleus, nuclear pore complex
348995_reviewed	Chromosome, centromere, kinetochore. Nucleus, nuclear pore complex
79023_reviewed	Chromosome, centromere, kinetochore. Nucleus, nuclear pore complex
22872_reviewed	Cytoplasm
9686_reviewed	Nucleus
7003_reviewed	Nucleus
8557_reviewed	Cytoplasm, myofibril, sarcomere
26287_reviewed	Cytoplasm, myofibril, sarcomere, I band
10211_reviewed	Cell membrane; Peripheral membrane protein
3679_reviewed	Membrane; Single-pass type I membrane protein
2274_reviewed	Cytoplasm
80746_reviewed	Nucleus
79042_reviewed	Nucleus
283989_reviewed	Nucleus
116461_reviewed	Nucleus
10978_reviewed	Nucleus
9935_reviewed	Nucleus
585_reviewed	Cell projection, cilium membrane
7099_reviewed	Cell membrane
54106_reviewed	Endoplasmic reticulum membrane
54476_reviewed	Cytoplasm. Cytoplasmic vesicle, clathrin-coated vesicle
221692_reviewed	Cytoplasm
58484_reviewed	Cytoplasm
64127_reviewed	Cell membrane
834_reviewed	Cytoplasm
254887_reviewed	Golgi apparatus membrane
4842_reviewed	Cell membrane, sarcolemma
2647_reviewed	Mitochondrion intermembrane space
388552_reviewed	Cytoplasm
10940_reviewed	Nucleus, nucleolus
10775_reviewed	Nucleus, nucleolus
51367_reviewed	Nucleus, nucleolus
54913_reviewed	Nucleus, nucleolus
10557_reviewed	Nucleus, nucleolus
79897_reviewed	Nucleus, nucleolus
10799_reviewed	Nucleus, nucleolus
2309_reviewed	Cytoplasm, cytosol
8738_reviewed	Cytoplasm
55367_reviewed	Cytoplasm
4986_reviewed	Cell membrane
115557_reviewed	Cell membrane
8148_reviewed	Nucleus
64061_reviewed	Nucleus
148022_reviewed	Cytoplasmic vesicle, autophagosome
6790_reviewed	Cytoplasm, cytoskeleton, microtubule organizing center, centrosome
79083_reviewed	Cytoplasm
10189_reviewed	Nucleus
7919_reviewed	Nucleus. Nucleus speckle. Cytoplasm. Note=Can translocate to the cytoplasm in the presence of MX1. TREX complex assembly seems to occur in regions surrounding nuclear speckles known as perispeckles
25839_reviewed	Cytoplasm, cytosol
9382_reviewed	Golgi apparatus membrane
22796_reviewed	Golgi apparatus membrane
10466_reviewed	Cytoplasm, cytosol
91949_reviewed	Golgi apparatus membrane
23617_reviewed	Cytoplasm
60385_reviewed	Cytoplasm, cytoskeleton, microtubule organizing center, centrosome, centriole
9610_reviewed	Cytoplasm
54922_reviewed	Cytoplasm, perinuclear region
53407_reviewed	Endoplasmic reticulum membrane
9183_reviewed	Cytoplasm
60561_reviewed	Cytoplasm. Endoplasmic reticulum membrane; Peripheral membrane protein
23256_reviewed	Cytoplasm
9554_reviewed	Endoplasmic reticulum membrane
4654_reviewed	Nucleus
3768_reviewed	Membrane
320_reviewed	Cytoplasm
1740_reviewed	Cell membrane
8825_reviewed	Cell membrane
55327_reviewed	Cell membrane
6640_reviewed	Cell membrane, sarcolemma
25960_reviewed	Cell membrane
93649_reviewed	Nucleus
6722_reviewed	Nucleus
8408_reviewed	Cytoplasm, cytosol
7791_reviewed	Cytoplasm. Cytoplasm, cytoskeleton. Nucleus. Cell junction, focal adhesion. Note=Associates with the actin cytoskeleton near the adhesion plaques. Enters the nucleus in the presence of HESX1
10529_reviewed	[Isoform 2]: Cytoplasm
6340_reviewed	Apical cell membrane
4803_reviewed	Secreted
9025_reviewed	Nucleus
3164_reviewed	Nucleus
27161_reviewed	Cytoplasm, P-body
11218_reviewed	Cytoplasm
5058_reviewed	Cytoplasm
7225_reviewed	Cell membrane
1051_reviewed	Nucleus
51667_reviewed	Nucleus
10537_reviewed	Nucleus
9094_reviewed	Cytoplasm, cytoskeleton, microtubule organizing center, centrosome
919_reviewed	Cell membrane
920_reviewed	Cell membrane
3932_reviewed	Cell membrane
55070_reviewed	Nucleus
1642_reviewed	Cytoplasm
8451_reviewed	Cytoplasm
64326_reviewed	Nucleus speckle. Cytoplasm. Note=In the nucleus, it forms nuclear speckles
10808_reviewed	Cytoplasm
8609_reviewed	Nucleus
81545_reviewed	Cytoplasm, cytosol
10891_reviewed	[Isoform 1]: Nucleus
23551_reviewed	Cell membrane
64750_reviewed	Nucleus
57154_reviewed	Cytoplasm
2550_reviewed	Cell projection, dendrite
152789_reviewed	Cytoplasm, cytoskeleton. Membrane; Peripheral membrane protein. Note=Colocalizes with the microtubule network. Localizes to the cell body and neurites of hippocampal neurons where it accumulates in granules. Localizes to the tail and to a lower extent to the head of sperm cells
863_reviewed	[Isoform 1]: Nucleus
23263_reviewed	[Isoform 5]: Cytoplasm
93986_reviewed	Nucleus
27086_reviewed	Nucleus
116113_reviewed	Nucleus
9575_reviewed	Nucleus
56938_reviewed	Nucleus
90627_reviewed	Cytoplasm. Membrane; Peripheral membrane protein; Cytoplasmic side. Mitochondrion membrane; Peripheral membrane protein; Cytoplasmic side. Lipid droplet
7846_reviewed	Cytoplasm, cytoskeleton. Cytoplasm, cytoskeleton, flagellum axoneme
150684_reviewed	Nucleus
4792_reviewed	Cytoplasm
5598_reviewed	Cytoplasm. Nucleus. Nucleus, PML body. Note=Translocates to the nucleus upon activation
28996_reviewed	Nucleus, PML body
5338_reviewed	Cell membrane
1991_reviewed	Cytoplasmic vesicle, phagosome
388677_reviewed	Secreted
6885_reviewed	Cytoplasm
64215_reviewed	Endoplasmic reticulum membrane
12_reviewed	Secreted
467_reviewed	Nucleus
3621_reviewed	Nucleus
25977_reviewed	Cytoplasmic vesicle, clathrin-coated vesicle membrane
2913_reviewed	Cell membrane
5494_reviewed	Nucleus
10640_reviewed	Cytoplasm
79589_reviewed	Cytoplasm
55611_reviewed	Cytoplasm
9699_reviewed	Cell membrane
11069_reviewed	Cytoplasm. Membrane
55035_reviewed	Nucleus, nucleolus
51388_reviewed	Nucleus, nucleolus
6749_reviewed	Nucleus
22882_reviewed	Nucleus
80725_reviewed	Cytoplasm
54778_reviewed	Nucleus
2770_reviewed	Nucleus
63940_reviewed	Cytoplasm
117581_reviewed	Nucleus
23492_reviewed	Nucleus
2733_reviewed	Nucleus
9631_reviewed	Nucleus, nuclear pore complex
1737_reviewed	Mitochondrion matrix
8050_reviewed	Mitochondrion matrix
5162_reviewed	Mitochondrion matrix
5245_reviewed	Mitochondrion inner membrane
2776_reviewed	Cell membrane
6004_reviewed	Membrane
9138_reviewed	Cytoplasm
2768_reviewed	Cell membrane
5202_reviewed	Nucleus
144455_reviewed	Nucleus
5608_reviewed	Nucleus
9873_reviewed	Cytoplasm
1000_reviewed	Cell membrane
695_reviewed	Cytoplasm
2969_reviewed	Cytoplasm
23090_reviewed	Nucleus
25820_reviewed	Cytoplasm
5434_reviewed	Nucleus
26108_reviewed	Nucleus
607_reviewed	Nucleus
163126_reviewed	Nucleus
688_reviewed	Nucleus
5810_reviewed	Nucleus
5884_reviewed	Nucleus
8914_reviewed	Nucleus
54962_reviewed	Cytoplasm
5592_reviewed	Cytoplasm
5982_reviewed	Nucleus
5983_reviewed	Nucleus
6643_reviewed	Early endosome membrane
22854_reviewed	Cell membrane
57689_reviewed	Postsynaptic cell membrane
57787_reviewed	Cytoplasm, cytoskeleton, microtubule organizing center, centrosome
7283_reviewed	Cytoplasm, cytoskeleton, microtubule organizing center, centrosome
3316_reviewed	Cytoplasm
56160_reviewed	Cytoplasm
10238_reviewed	Cytoplasm. Nucleus. Note=Overexpression of DIAHP1 or active RHOA causes translocation from the nucleus to cytoplasm
1859_reviewed	Nucleus
9149_reviewed	Nucleus
6502_reviewed	Cytoplasm
6929_reviewed	Nucleus
26133_reviewed	Cytoplasm, perinuclear region
3551_reviewed	Cytoplasm
708_reviewed	Mitochondrion matrix
9924_reviewed	Cytoplasm
255967_reviewed	Cytoplasm, P-body
6240_reviewed	Cytoplasm
6241_reviewed	Cytoplasm
50484_reviewed	Cytoplasm. Nucleus. Note=Translocates from cytoplasm to nucleus in response to DNA damage
27063_reviewed	Nucleus
84665_reviewed	Cytoplasm
6429_reviewed	Nucleus speckle
25957_reviewed	Nucleus speckle
29109_reviewed	Cytoplasm. Cytoplasm, cytoskeleton. Cell projection, bleb. Note=Predominantly cytoplasmic
8537_reviewed	Cytoplasm
768_reviewed	Nucleus
57591_reviewed	Nucleus
9530_reviewed	Cytoplasm
339_reviewed	Cytoplasm
5413_reviewed	Cytoplasm
3569_reviewed	Secreted
3570_reviewed	[Isoform 1]: Cell membrane
5578_reviewed	Cell membrane
6624_reviewed	Cytoplasm, cytosol
9748_reviewed	Cytoplasm
26086_reviewed	Cytoplasm, cytosol. Endoplasmic reticulum membrane; Peripheral membrane protein; Cytoplasmic side. Golgi apparatus membrane; Peripheral membrane protein; Cytoplasmic side. Cell membrane; Peripheral membrane protein; Cytoplasmic side
116986_reviewed	[Isoform 1]: Cytoplasm. Nucleus
323_reviewed	Endoplasmic reticulum
10009_reviewed	Nucleus
5976_reviewed	Cytoplasm
167227_reviewed	Cytoplasm, P-body
23404_reviewed	Cytoplasm. Nucleus, nucleolus. Nucleus
5394_reviewed	Cytoplasm
65110_reviewed	Nucleus
5898_reviewed	Cell membrane
11336_reviewed	Cytoplasm
9378_reviewed	Presynaptic cell membrane
22871_reviewed	Cell membrane
634_reviewed	[Isoform 1]: Cell membrane
302_reviewed	Secreted, extracellular space, extracellular matrix, basement membrane
3479_reviewed	Secreted
3490_reviewed	Secreted
8662_reviewed	Cytoplasm
8669_reviewed	Cytoplasm
9053_reviewed	Cytoplasm, perinuclear region. Basolateral cell membrane. Cytoplasm, cytoskeleton. Note=Colocalized on microtubules. An intracellular redistribution is triggered during induction of keratinocyte terminal differentiation from microtubules with a perinuclear localization to cortical microtubules organized in spike-like bundles facing intercellular contacts
59341_reviewed	Cell membrane
6938_reviewed	Nucleus
121549_reviewed	Nucleus
100506658_reviewed	Cell membrane
3973_reviewed	Cell membrane
142678_reviewed	Cytoplasm
58_reviewed	Cytoplasm, cytoskeleton
401_reviewed	Nucleus
9454_reviewed	Cytoplasm
57630_reviewed	Cytoplasm, perinuclear region
4296_reviewed	Cytoplasm, cytoskeleton, microtubule organizing center, centrosome
3308_reviewed	Cytoplasm
3337_reviewed	Cytoplasm
1814_reviewed	Cell membrane
54102_reviewed	Cytoplasm
245711_reviewed	Nucleus
3741_reviewed	Cell membrane
203068_reviewed	Cytoplasm, cytoskeleton
6812_reviewed	Cytoplasm, cytosol
1791_reviewed	Nucleus
4345_reviewed	Cell membrane; Single-pass type I membrane protein
131450_reviewed	[Isoform 1]: Cell membrane; Single-pass type I membrane protein
7494_reviewed	Endoplasmic reticulum
58494_reviewed	Cell membrane
83700_reviewed	Cell membrane
348_reviewed	Endosome, multivesicular body
7804_reviewed	Cell membrane
4773_reviewed	Cytoplasm. Nucleus. Note=Cytoplasmic for the phosphorylated form and nuclear after activation that is controlled by calcineurin-mediated dephosphorylation. Rapid nuclear exit of NFATC is thought to be one mechanism by which cells distinguish between sustained and transient calcium signals. The subcellular localization of NFATC plays a key role in the regulation of gene transcription
9425_reviewed	[Isoform 2]: Nucleus
1958_reviewed	Nucleus
890_reviewed	Nucleus
5055_reviewed	Cytoplasm. Secreted, extracellular space
4287_reviewed	Nucleus matrix
29969_reviewed	[Isoform 1]: Nucleus, nucleolus. Note=Also shows a granular distribution in the cytoplasm
5467_reviewed	Nucleus
1808_reviewed	Cytoplasm, cytosol
160_reviewed	Cell membrane
8650_reviewed	Cell membrane
5457_reviewed	Nucleus
6014_reviewed	Nucleus
4261_reviewed	Nucleus
4968_reviewed	Nucleus, nucleoplasm
2903_reviewed	Cell projection, dendritic spine
3122_reviewed	Cell membrane
3109_reviewed	Late endosome membrane
63922_reviewed	Nucleus
79075_reviewed	Nucleus
348980_reviewed	Cell membrane
610_reviewed	Cell membrane
23208_reviewed	Cytoplasmic vesicle membrane
8499_reviewed	Cytoplasm
8541_reviewed	Cytoplasm
80852_reviewed	Cytoplasm
4660_reviewed	Cytoplasm, cytoskeleton
5460_reviewed	Cytoplasm. Nucleus. Note=Expressed in a diffuse and slightly punctuate pattern. Colocalizes with MAPK8 and MAPK9 in the nucleus
6657_reviewed	Nucleus speckle
115950_reviewed	Nucleus
27128_reviewed	Cell membrane
819_reviewed	Endoplasmic reticulum membrane
861_reviewed	Nucleus
196_reviewed	Cytoplasm
6599_reviewed	Nucleus
1613_reviewed	Nucleus
7957_reviewed	Cytoplasm
402_reviewed	Mitochondrion intermembrane space
6904_reviewed	Cell junction, tight junction
6770_reviewed	Mitochondrion outer membrane
54535_reviewed	Cytoplasm. Nucleus
8856_reviewed	Nucleus
4734_reviewed	Cytoplasm
56937_reviewed	Early endosome membrane; Single-pass membrane protein. Golgi apparatus membrane; Single-pass membrane protein
4043_reviewed	Rough endoplasmic reticulum lumen
7436_reviewed	Cell membrane
51106_reviewed	Mitochondrion
7019_reviewed	Mitochondrion
2872_reviewed	[Isoform 2]: Nucleus, PML body
2876_reviewed	Cytoplasm
11033_reviewed	Nucleus. Cytoplasm. Note=Recruited to the plasma membrane upon epidermal growth factor-dependent activation of phosphatidylinositol 4,5-diphosphate (PtdInsP2) 3-kinase
9108_reviewed	Cytoplasm
9107_reviewed	Cytoplasm
8525_reviewed	Nucleus
5451_reviewed	Nucleus
2597_reviewed	Cytoplasm, cytosol
55973_reviewed	Endoplasmic reticulum membrane
10134_reviewed	Endoplasmic reticulum membrane
973_reviewed	Cell membrane; Single-pass type I membrane protein. Note=Following antigen binding, the BCR has been shown to translocate from detergent-soluble regions of the cell membrane to lipid rafts although signal transduction through the complex can also occur outside lipid rafts
974_reviewed	Cell membrane; Single-pass type I membrane protein. Note=Following antigen binding, the BCR has been shown to translocate from detergent-soluble regions of the cell membrane to lipid rafts although signal transduction through the complex can also occur outside lipid rafts
156_reviewed	Cytoplasm
10507_reviewed	Cell membrane
971_reviewed	Membrane; Single-pass type II membrane protein
7334_reviewed	Nucleus
391_reviewed	Cell membrane
4086_reviewed	Cytoplasm
3135_reviewed	[Isoform 1]: Cell membrane
330_reviewed	Cytoplasm
55243_reviewed	Cell membrane
4868_reviewed	Cell membrane
51024_reviewed	Mitochondrion outer membrane
88_reviewed	Cytoplasm, myofibril, sarcomere, Z line
7224_reviewed	Cell membrane
50861_reviewed	Golgi apparatus
7222_reviewed	Cell membrane
7223_reviewed	Cell membrane
6845_reviewed	Cytoplasmic vesicle, secretory vesicle membrane
8943_reviewed	Cytoplasm
9342_reviewed	Cytoplasm
10726_reviewed	Cytoplasm, cytoskeleton. Nucleus
5347_reviewed	Nucleus. Chromosome, centromere, kinetochore. Cytoplasm, cytoskeleton, microtubule organizing center, centrosome
259215_reviewed	Cell membrane
2886_reviewed	Cytoplasm
94241_reviewed	Cytoplasm, cytosol. Nucleus. Nucleus, PML body. Cytoplasmic vesicle, autophagosome. Note=Shuttles between the nucleus and the cytoplasm, depending on cellular stress conditions, and re-localizes to autophagosomes on autophagy activation
23396_reviewed	Cell membrane; Peripheral membrane protein; Cytoplasmic side
2626_reviewed	Nucleus
1482_reviewed	Nucleus
6910_reviewed	Nucleus
2081_reviewed	Endoplasmic reticulum membrane
3638_reviewed	Endoplasmic reticulum membrane
22937_reviewed	Endoplasmic reticulum membrane
6721_reviewed	[Sterol regulatory element-binding protein 2]: Endoplasmic reticulum membrane
81620_reviewed	Nucleus
57532_reviewed	Nucleus
26999_reviewed	Cytoplasm
9371_reviewed	Cytoplasm, cytoskeleton
6195_reviewed	Nucleus. Cytoplasm
6196_reviewed	Nucleus
5595_reviewed	Cell junction, focal adhesion
134957_reviewed	Cytoplasm
6814_reviewed	Cytoplasm, cytosol
2054_reviewed	Membrane; Single-pass type IV membrane protein
6809_reviewed	[Isoform A]: Apical cell membrane
29116_reviewed	Cytoplasm
10330_reviewed	Endoplasmic reticulum
28962_reviewed	Lysosome membrane
5164_reviewed	Mitochondrion matrix
3737_reviewed	Cell membrane
22809_reviewed	Cytoplasm
80254_reviewed	Cytoplasm, cytoskeleton, microtubule organizing center, centrosome
26146_reviewed	Cytoplasm, cytoskeleton
160851_reviewed	Cytoplasm
9423_reviewed	Secreted
55968_reviewed	Nucleus
6548_reviewed	Cell membrane
5784_reviewed	Cytoplasm. Cytoplasm, cytoskeleton
25801_reviewed	Cytoplasm
135_reviewed	Cell membrane
1813_reviewed	Cell membrane
9618_reviewed	Cytoplasm
6198_reviewed	Synapse, synaptosome
1131_reviewed	Cell membrane
51343_reviewed	[Isoform 2]: Nucleus
5048_reviewed	Cytoplasm, cytoskeleton. Cytoplasm, cytoskeleton, microtubule organizing center, centrosome
2321_reviewed	[Isoform 1]: Cell membrane; Single-pass type I membrane protein. Endosome. Note=Autophosphorylation promotes ubiquitination and endocytosis
54602_reviewed	Endosome membrane
7528_reviewed	Nucleus matrix
8819_reviewed	Nucleus
64780_reviewed	Cytoplasm
2152_reviewed	[Isoform 1]: Membrane
2155_reviewed	Secreted
847_reviewed	Peroxisome matrix
29924_reviewed	Cytoplasm
6093_reviewed	Cytoplasm
1729_reviewed	Cell membrane
1385_reviewed	Nucleus
3693_reviewed	Cell membrane; Single-pass type I membrane protein
63967_reviewed	Nucleus
91746_reviewed	Nucleus
22944_reviewed	Nucleus
29899_reviewed	Cytoplasm
1871_reviewed	Nucleus
7030_reviewed	Cytoplasm, cytosol
10910_reviewed	Cytoplasm
51567_reviewed	Nucleus
2904_reviewed	Cell membrane
2690_reviewed	Cell membrane
9466_reviewed	Membrane; Single-pass type I membrane protein
9770_reviewed	Nucleus. Cytoplasm. Chromosome, centromere, kinetochore
6446_reviewed	Cytoplasm. Nucleus. Endoplasmic reticulum membrane. Cell membrane. Mitochondrion. Note=The subcellular localization is controlled by the cell cycle, as well as by exposure to specific hormones and environmental stress stimuli. In proliferating cells, it shuttles between the nucleus and cytoplasm in synchrony with the cell cycle, and in serum/growth factor-stimulated cells it resides in the nucleus. In contrast, after exposure to environmental stress or treatment with glucocorticoids, it is detected in the cytoplasm and with certain stress conditions is associated with the mitochondria. In osmoregulation through the epithelial sodium channel, it can be localized to the cytoplasmic surface of the cell membrane. Nuclear, upon phosphorylation
7043_reviewed	[Latency-associated peptide]: Secreted, extracellular space, extracellular matrix
51742_reviewed	Nucleus
64426_reviewed	Nucleus
79595_reviewed	Nucleus
51068_reviewed	Cytoplasm
22906_reviewed	Cytoplasm
10673_reviewed	Cell membrane; Single-pass type II membrane protein
608_reviewed	Cell membrane; Single-pass type III membrane protein. Endomembrane system; Single-pass type III membrane protein. Note=Perinuclear Golgi-like structures
115650_reviewed	Membrane
80198_reviewed	Nucleus, nucleolus
146956_reviewed	Nucleus, nucleolus
6829_reviewed	Nucleus
5189_reviewed	Cytoplasm, cytosol
5190_reviewed	Cytoplasm, cytosol
9510_reviewed	Secreted, extracellular space, extracellular matrix
7422_reviewed	[N-VEGF]: Cytoplasm
11187_reviewed	Nucleus
1828_reviewed	Cell membrane
1829_reviewed	Cell membrane
1830_reviewed	Cell membrane
1825_reviewed	Cell membrane
1271_reviewed	Cell membrane; Lipid-anchor, GPI-anchor
3977_reviewed	[Isoform 1]: Cell membrane; Single-pass type I membrane protein
204851_reviewed	Nucleus
8930_reviewed	Nucleus
23293_reviewed	Nucleus, nucleolus
26136_reviewed	Cytoplasm. Cell junction, focal adhesion. Note=Detected along actin stress fibers
7408_reviewed	Cytoplasm. Cytoplasm, cytoskeleton. Cell junction, focal adhesion. Cell junction, tight junction
1910_reviewed	Cell membrane
961_reviewed	Cell membrane
914_reviewed	Cell membrane
829_reviewed	Cytoplasm, cytoskeleton
8805_reviewed	Nucleus
4666_reviewed	Cytoplasm
10168_reviewed	Nucleus
2671_reviewed	[Isoform 1]: Mitochondrion intermembrane space. Mitochondrion
10979_reviewed	Cytoplasm. Cytoplasm, cell cortex. Cytoplasm, cytoskeleton. Cytoplasm, cytoskeleton, stress fiber. Cell junction, focal adhesion. Membrane; Peripheral membrane protein; Cytoplasmic side. Cell projection, lamellipodium membrane; Peripheral membrane protein; Cytoplasmic side. Nucleus. Cytoplasm, myofibril, sarcomere, I band
54751_reviewed	Cell junction, focal adhesion
4846_reviewed	Cell membrane. Membrane, caveola. Cytoplasm, cytoskeleton. Golgi apparatus. Note=Specifically associates with actin cytoskeleton in the G2 phase of the cell cycle; which is favored by interaction with NOSIP and results in a reduced enzymatic activity
2983_reviewed	Cytoplasm
5576_reviewed	Cytoplasm
9495_reviewed	Postsynaptic recycling endosome membrane
10981_reviewed	Mitochondrion
687_reviewed	Nucleus
4793_reviewed	Cytoplasm
83666_reviewed	Cytoplasm, cytosol
151636_reviewed	Cytoplasm
72_reviewed	Cytoplasm, cytoskeleton
5618_reviewed	Membrane
5478_reviewed	Cytoplasm
8898_reviewed	Cytoplasm
5077_reviewed	Nucleus
6663_reviewed	Cytoplasm
2961_reviewed	Nucleus
6874_reviewed	Nucleus
6878_reviewed	Nucleus
6879_reviewed	Nucleus
5581_reviewed	Cell membrane
8464_reviewed	Nucleus
9950_reviewed	Golgi apparatus membrane
55272_reviewed	Nucleus, nucleolus
10199_reviewed	Nucleus, nucleolus
92856_reviewed	Nucleus, nucleolus
9217_reviewed	Endoplasmic reticulum membrane
50617_reviewed	Apical cell membrane
5213_reviewed	Cytoplasm
4597_reviewed	Cytoplasm
3313_reviewed	Mitochondrion
147_reviewed	Nucleus membrane
1270_reviewed	Cytoplasm
3202_reviewed	Nucleus
5015_reviewed	Nucleus
7319_reviewed	Late endosome
7525_reviewed	Cell membrane. Cytoplasm, cytoskeleton, microtubule organizing center, centrosome. Cytoplasm, cytosol. Cell junction
10039_reviewed	Nucleus
3309_reviewed	Endoplasmic reticulum lumen
2697_reviewed	Cell membrane
10469_reviewed	Mitochondrion inner membrane
6237_reviewed	Cell membrane
3727_reviewed	Nucleus
152503_reviewed	Cytoplasm
4998_reviewed	Nucleus
821_reviewed	Endoplasmic reticulum membrane
9695_reviewed	Endoplasmic reticulum membrane
8450_reviewed	Cytoplasm
55832_reviewed	Cytoplasm
55240_reviewed	Endosome membrane
9088_reviewed	Endoplasmic reticulum membrane
8852_reviewed	Cell projection, cilium, flagellum
111_reviewed	Cell membrane
7913_reviewed	Nucleus
2562_reviewed	Postsynaptic cell membrane; Multi-pass membrane protein
2002_reviewed	Nucleus
5337_reviewed	Cytoplasm, perinuclear region
4438_reviewed	Chromosome
8153_reviewed	Cytoplasmic vesicle, secretory vesicle, acrosome membrane
84958_reviewed	Cell membrane
94122_reviewed	Membrane
54843_reviewed	[Isoform 1]: Cytoplasm
94120_reviewed	Endomembrane system
5864_reviewed	Cell membrane
9203_reviewed	Nucleus
7750_reviewed	Nucleus
7764_reviewed	Nucleus
8544_reviewed	Nucleus
10987_reviewed	Cytoplasm, cytosol
5321_reviewed	Cytoplasm
1909_reviewed	Cell membrane; Multi-pass membrane protein
6628_reviewed	Cytoplasm, cytosol
79084_reviewed	Nucleus
9810_reviewed	Nucleus
2976_reviewed	Nucleus
9328_reviewed	Nucleus
10623_reviewed	Nucleus
9329_reviewed	Nucleus
4205_reviewed	Nucleus
4208_reviewed	Nucleus
10953_reviewed	Cytoplasm
54815_reviewed	Nucleus speckle
57459_reviewed	Nucleus speckle
9569_reviewed	Nucleus
10933_reviewed	Nucleus
84148_reviewed	Nucleus
3329_reviewed	Mitochondrion matrix
6907_reviewed	Nucleus
79718_reviewed	Nucleus
604_reviewed	Nucleus
6950_reviewed	Cytoplasm, cytosol
6670_reviewed	Nucleus. Nucleus, PML body. Note=Localizes to the nuclear periphery and in nuclear dots when sumoylated. Some localization in PML nuclear bodies
3516_reviewed	Nucleus. Cytoplasm. Note=Mainly nuclear, upon interaction with RITA/C12orf52, translocates to the cytoplasm, down-regulating the Notch signaling pathway
9541_reviewed	Nucleus speckle
27044_reviewed	Cytoplasm
728642_reviewed	Nucleus
2895_reviewed	Postsynaptic cell membrane
392862_reviewed	Postsynaptic cell membrane
81669_reviewed	Nucleus speckle
57018_reviewed	Nucleus speckle
112755_reviewed	[Isoform 1]: Membrane
653361_reviewed	Cytoplasm, cytosol
6877_reviewed	Nucleus
29117_reviewed	Nucleus
11100_reviewed	Nucleus
2648_reviewed	Nucleus
5981_reviewed	Nucleus
6598_reviewed	Nucleus
6605_reviewed	Nucleus
5926_reviewed	Nucleus
2287_reviewed	Nucleus
8028_reviewed	Nucleus
4084_reviewed	Nucleus
1874_reviewed	Nucleus
2289_reviewed	Cytoplasm
2288_reviewed	Cytoplasm, cytosol
10728_reviewed	Cytoplasm
6760_reviewed	Nucleus
57708_reviewed	[Isoform 1]: Nucleus
86_reviewed	Nucleus
9031_reviewed	Nucleus
23309_reviewed	Nucleus
2122_reviewed	Nucleus
8462_reviewed	Nucleus
83855_reviewed	Nucleus
7071_reviewed	Nucleus
8928_reviewed	Nucleus
10114_reviewed	Cytoplasm
10472_reviewed	Nucleus. Note=Associates with condensed chromatin
57649_reviewed	Nucleus
1045_reviewed	Nucleus
7067_reviewed	Nucleus
1875_reviewed	Nucleus
7291_reviewed	Nucleus
3280_reviewed	Nucleus
23411_reviewed	Nucleus, PML body
23493_reviewed	Nucleus
1840_reviewed	Cytoplasm. Nucleus. Note=Predominantly cytoplasmic. Associates with endocytic vesicles. Partially nuclear
23741_reviewed	Nucleus
4194_reviewed	Nucleus
10661_reviewed	Nucleus
7343_reviewed	Nucleus, nucleolus
2972_reviewed	Nucleus
51177_reviewed	Cell membrane
3181_reviewed	Nucleus
6689_reviewed	[Isoform 1]: Nucleus
2246_reviewed	Secreted. Cytoplasm. Cytoplasm, cell cortex. Cytoplasm, cytosol. Nucleus. Note=Lacks a cleavable signal sequence. Within the cytoplasm, it is transported to the cell membrane and then secreted by a non-classical pathway that requires Cu(2+) ions and S100A13. Secreted in a complex with SYT1 (By similarity). Binding of exogenous FGF1 to FGFR facilitates endocytosis followed by translocation of FGF1 across endosomal membrane into the cytosol. Nuclear import from the cytosol requires the classical nuclear import machinery, involving proteins KPNA1 and KPNB1, as well as LRRC59
466_reviewed	Nucleus
994_reviewed	Cytoplasm, cytoskeleton, microtubule organizing center, centrosome
6927_reviewed	Nucleus
9208_reviewed	Nucleus. Cytoplasm
4487_reviewed	Nucleus
4255_reviewed	Nucleus
6778_reviewed	Cytoplasm. Nucleus
9325_reviewed	Nucleus
4778_reviewed	Nucleus, PML body. Cytoplasm. Note=The sumoylated form locates to the nuclear bodies PML oncogenic domains (PODs). Translocated to the cytoplasm through interaction with ITCH
57332_reviewed	Nucleus
84108_reviewed	Nucleus
9252_reviewed	Nucleus. Cytoplasm. Note=Predominantly nuclear. Exported into cytoplasm in response to glucocorticoid
8986_reviewed	Nucleus
3660_reviewed	Nucleus
3659_reviewed	Nucleus
51621_reviewed	Nucleus
7324_reviewed	Nucleus
10477_reviewed	Nucleus
84733_reviewed	Nucleus
3454_reviewed	[Isoform 1]: Cell membrane
10236_reviewed	Nucleus
10492_reviewed	Cytoplasm
2521_reviewed	Nucleus
5465_reviewed	Nucleus
53616_reviewed	Cell membrane
9211_reviewed	Secreted
5501_reviewed	Cytoplasm
29883_reviewed	Nucleus
10140_reviewed	Cytoplasm
84687_reviewed	Cytoplasm, cytoskeleton
5395_reviewed	Nucleus
3195_reviewed	Nucleus
5515_reviewed	Cytoplasm
10026_reviewed	Endoplasmic reticulum membrane
51604_reviewed	Endoplasmic reticulum membrane
41_reviewed	Cell membrane
3856_reviewed	Cytoplasm
63928_reviewed	Nucleus
6550_reviewed	Apical cell membrane
11261_reviewed	Nucleus
7879_reviewed	Cytoplasmic vesicle, autophagosome membrane
1121_reviewed	Cytoplasm, cytosol
5163_reviewed	Mitochondrion matrix
10989_reviewed	Mitochondrion inner membrane
509_reviewed	Mitochondrion inner membrane
116985_reviewed	Cytoplasm
25975_reviewed	Secreted, extracellular space, extracellular matrix, basement membrane
6456_reviewed	Cytoplasm
80349_reviewed	Nucleus
752_reviewed	Cytoplasm
3163_reviewed	Microsome membrane
29903_reviewed	Nucleus
9240_reviewed	Nucleus, nucleolus
5764_reviewed	Secreted
79576_reviewed	Nucleus
11165_reviewed	Cytoplasm
6129_reviewed	Cytoplasm
10621_reviewed	Nucleus
8899_reviewed	Nucleus
54663_reviewed	Nucleus, nucleolus
57622_reviewed	Membrane
8508_reviewed	Mitochondrion matrix
51699_reviewed	Cytoplasm. Membrane; Peripheral membrane protein. Endosome membrane
6045_reviewed	Nucleus
6138_reviewed	Cytoplasm
10980_reviewed	Nucleus
6204_reviewed	Cytoplasm
6447_reviewed	Secreted
8848_reviewed	Cytoplasm
60492_reviewed	Mitochondrion membrane
10813_reviewed	Nucleus, nucleolus
57002_reviewed	Cytoplasm
51726_reviewed	Endoplasmic reticulum lumen
6128_reviewed	Cytoplasm, cytosol
6191_reviewed	Cytoplasm
28985_reviewed	Cytoplasm
8562_reviewed	Cytoplasm
65080_reviewed	Mitochondrion
4673_reviewed	Nucleus
1743_reviewed	Mitochondrion matrix
10081_reviewed	Nucleus
84988_reviewed	Cell membrane
55269_reviewed	Nucleus speckle
5968_reviewed	Secreted
5589_reviewed	Endoplasmic reticulum
6188_reviewed	Cytoplasm
10807_reviewed	Cytoplasm
6419_reviewed	Nucleus
6853_reviewed	Synapse
7083_reviewed	Cytoplasm
2661_reviewed	Secreted
5796_reviewed	Cell junction, adherens junction. Cell membrane; Single-pass type I membrane protein
7345_reviewed	Cytoplasm
10190_reviewed	Cytoplasm
403_reviewed	Golgi apparatus membrane; Peripheral membrane protein; Cytoplasmic side. Cytoplasm, cytoskeleton, spindle. Nucleus. Cytoplasm, cytoskeleton, microtubule organizing center, centrosome. Cytoplasm. Cell projection, cilium
55643_reviewed	Cytoplasm
57562_reviewed	Midbody
55791_reviewed	Chromosome
23649_reviewed	Nucleus
22955_reviewed	Nucleus
5052_reviewed	Cytoplasm
8575_reviewed	Cytoplasm, perinuclear region. Cytoplasm
5775_reviewed	Cell membrane
780_reviewed	[Isoform 1]: Cell membrane; Single-pass type I membrane protein
51548_reviewed	Nucleus
7280_reviewed	Cytoplasm, cytoskeleton
1891_reviewed	Mitochondrion
1400_reviewed	Cytoplasm
11316_reviewed	Cytoplasm
1314_reviewed	Cytoplasm
2674_reviewed	Cell membrane
2668_reviewed	Secreted
4902_reviewed	Secreted
2675_reviewed	Cell membrane
1439_reviewed	Membrane; Single-pass type I membrane protein
1493_reviewed	Cell membrane
941_reviewed	Cell membrane
940_reviewed	Cell membrane
3077_reviewed	Cell membrane
7037_reviewed	Cell membrane
1088_reviewed	Cell membrane
2744_reviewed	[Isoform 1]: Mitochondrion
3654_reviewed	Cytoplasm
7072_reviewed	Nucleus
10922_reviewed	[Isoform 4]: Mitochondrion matrix
1410_reviewed	Cytoplasm
1431_reviewed	Mitochondrion matrix
2263_reviewed	Cell membrane; Single-pass type I membrane protein. Golgi apparatus. Cytoplasmic vesicle. Note=Detected on osteoblast plasma membrane lipid rafts. After ligand binding, the activated receptor is rapidly internalized and degraded
10749_reviewed	Cytoplasm, cytoskeleton
3595_reviewed	Membrane; Single-pass type I membrane protein
3662_reviewed	Nucleus
3832_reviewed	Cytoplasm
2268_reviewed	Cell membrane
10487_reviewed	Cell membrane
5154_reviewed	Secreted. Note=Released by platelets upon wounding
5155_reviewed	Secreted. Note=Released by platelets upon wounding
2057_reviewed	Cell membrane
10335_reviewed	Cytoplasm, perinuclear region. Sarcoplasmic reticulum
2669_reviewed	Cell membrane; Peripheral membrane protein; Cytoplasmic side
10818_reviewed	Endomembrane system. Note=Cytoplasmic, membrane-bound
6642_reviewed	Endosome membrane
2149_reviewed	Cell membrane
2355_reviewed	Nucleus
9270_reviewed	Nucleus. Cytoplasm. Cytoplasm, cytoskeleton
10602_reviewed	Endomembrane system
2664_reviewed	Cytoplasm
81876_reviewed	Cytoplasm
2192_reviewed	Secreted, extracellular space, extracellular matrix
7975_reviewed	Nucleus
4004_reviewed	Nucleus
29760_reviewed	Cytoplasm
975_reviewed	Cell membrane
928_reviewed	Cell membrane
8976_reviewed	Cytoplasm, cytoskeleton
3267_reviewed	Nucleus
3554_reviewed	Membrane
1006_reviewed	Cell membrane; Single-pass type I membrane protein
4688_reviewed	Cytoplasm
1810_reviewed	Nucleus
114790_reviewed	Cytoplasm
836_reviewed	Cytoplasm
10945_reviewed	Golgi apparatus membrane
55738_reviewed	Cytoplasm
8540_reviewed	Peroxisome membrane
8443_reviewed	Peroxisome membrane
5228_reviewed	Secreted. Note=The three isoforms are secreted but PlGF-2 appears to remain cell attached unless released by heparin
10920_reviewed	Cytoplasm
2873_reviewed	Cytoplasm
9318_reviewed	Cytoplasm
8533_reviewed	Cytoplasm
50813_reviewed	Cytoplasm
64708_reviewed	Cytoplasm. Nucleus
5791_reviewed	[Isoform 1]: Cell membrane; Single-pass type I membrane protein
3745_reviewed	Cell membrane
925_reviewed	[Isoform 1]: Cell membrane
9546_reviewed	Cytoplasm, perinuclear region
3615_reviewed	Cytoplasm
4747_reviewed	Cell projection, axon
4744_reviewed	Cytoplasm, cytoskeleton
1452_reviewed	Cytoplasm
93185_reviewed	Cell membrane
933_reviewed	Cell membrane
273_reviewed	Cytoplasmic vesicle, secretory vesicle, synaptic vesicle membrane; Peripheral membrane protein; Cytoplasmic side. Cytoplasm, cytoskeleton
8178_reviewed	Nucleus
23450_reviewed	Nucleus
10369_reviewed	Membrane; Multi-pass membrane protein. Synapse, synaptosome
2893_reviewed	Cell membrane
2917_reviewed	Cell membrane
92_reviewed	Cell membrane
3624_reviewed	Secreted
3560_reviewed	Cell membrane
1877_reviewed	Nucleus, nucleoplasm. Cytoplasm. Note=A small fraction is detected in the cytoplasm. Excluded from the nucleolus where it is targeted upon CDKN2A overexpression. Localizes to the mitotic spindle during embryogenesis
9727_reviewed	Endosome membrane. Recycling endosome membrane
9049_reviewed	Cytoplasm
1479_reviewed	Nucleus
29894_reviewed	Nucleus, nucleoplasm
4794_reviewed	Cytoplasm
7404_reviewed	Nucleus
56034_reviewed	Cytoplasm, cytosol
5159_reviewed	Cell membrane; Single-pass type I membrane protein. Cytoplasmic vesicle. Lysosome lumen. Note=After ligand binding, the autophosphorylated receptor is ubiquitinated and internalized, leading to its degradation
372_reviewed	Cytoplasm
4613_reviewed	Nucleus
4610_reviewed	Nucleus
6777_reviewed	Cytoplasm
5795_reviewed	Cell membrane; Single-pass type I membrane protein. Cell projection, ruffle membrane
3827_reviewed	Secreted, extracellular space
3818_reviewed	Secreted
23495_reviewed	Membrane; Single-pass type III membrane protein
64375_reviewed	Nucleus
64064_reviewed	Mitochondrion
1508_reviewed	Lysosome
2212_reviewed	Cell membrane
9527_reviewed	Golgi apparatus membrane
9570_reviewed	Golgi apparatus, cis-Golgi network membrane
6197_reviewed	Nucleus
2891_reviewed	Cell membrane
6850_reviewed	Cell membrane
3837_reviewed	Cytoplasm
9020_reviewed	Cytoplasm
4684_reviewed	[Isoform 1]: Cell membrane; Single-pass type I membrane protein
5681_reviewed	Golgi apparatus
10603_reviewed	Cytoplasm
824_reviewed	Cytoplasm. Cell membrane. Note=Translocates to the plasma membrane upon Ca(2+) binding
3566_reviewed	Cell membrane; Single-pass type I membrane protein
115677_reviewed	[Isoform 1]: Cell membrane
1280_reviewed	Secreted, extracellular space, extracellular matrix
23643_reviewed	Secreted, extracellular space
3949_reviewed	Cell membrane
3690_reviewed	Cell membrane
3685_reviewed	Cell junction, focal adhesion
6773_reviewed	Cytoplasm
7465_reviewed	Nucleus
4313_reviewed	[Isoform 1]: Secreted, extracellular space, extracellular matrix
7077_reviewed	Secreted
5611_reviewed	Endoplasmic reticulum
3024_reviewed	Nucleus
8036_reviewed	Cytoplasm
22800_reviewed	Cell membrane
10664_reviewed	Nucleus, nucleoplasm
4009_reviewed	Nucleus
2147_reviewed	Secreted, extracellular space
2243_reviewed	Secreted
6046_reviewed	Nucleus
1870_reviewed	Nucleus
8882_reviewed	Nucleus. Nucleus, nucleolus. Nucleus, gem. Nucleus, Cajal body. Cytoplasm, perinuclear region. Cytoplasm. Cell projection, axon
858_reviewed	Nucleus. Cytoplasm. Golgi apparatus membrane; Peripheral membrane protein. Cell membrane; Peripheral membrane protein. Membrane, caveola; Peripheral membrane protein. Note=Potential hairpin-like structure in the membrane. Membrane protein of caveolae. Tyr-19-phosphorylated form is enriched at sites of cell-cell contact and is translocated to the nucleus in complex with MAPK1 in response to insulin (By similarity). Tyr-27-phosphorylated form is located both in the cytoplasm and plasma membrane. CAV1-mediated Ser-23-phosphorylated form locates to the plasma membrane. Ser-36-phosphorylated form resides in intracellular compartments
5336_reviewed	Membrane raft
80351_reviewed	Cytoplasm. Golgi apparatus membrane; Peripheral membrane protein. Nucleus. Chromosome, telomere
63941_reviewed	Golgi apparatus
23542_reviewed	Cytoplasm
10938_reviewed	Recycling endosome membrane
5036_reviewed	[Isoform 1]: Cytoplasm
3455_reviewed	[Isoform 1]: Cell membrane
3440_reviewed	Secreted
7162_reviewed	Cell membrane
8431_reviewed	Nucleus
6945_reviewed	[Isoform Alpha]: Cytoplasm
22877_reviewed	Cytoplasm
5778_reviewed	Cytoplasm
7006_reviewed	Cytoplasm. Cell membrane; Peripheral membrane protein. Cytoplasm, cytoskeleton. Note=Following B-cell or T-cell receptors activation by antigen, translocates to the plasma membrane through its PH domain. Thrombin and integrin engagement induces translocation of TEC to the cytoskeleton during platelet activation. In cardiac myocytes, assumes a diffuse intracellular localization under basal conditions but is recruited to striated structures upon various stimuli, including ATP (By similarity)
93_reviewed	Cell membrane
91_reviewed	Cell membrane
9972_reviewed	Nucleus
23193_reviewed	Endoplasmic reticulum
4843_reviewed	Cytoplasm, cytosol
4867_reviewed	Cell junction
1997_reviewed	Nucleus
23236_reviewed	Nucleus membrane
8733_reviewed	Endoplasmic reticulum membrane
1618_reviewed	Cytoplasm
1617_reviewed	Cytoplasm
8767_reviewed	Cell membrane
9833_reviewed	Cell membrane
155_reviewed	Cell membrane; Multi-pass membrane protein
1950_reviewed	Membrane; Single-pass type I membrane protein
4145_reviewed	Cytoplasm
9241_reviewed	Secreted
1020_reviewed	Cell projection, growth cone
9450_reviewed	Secreted, extracellular space. Note=Associated with CD180 at the cell surface
4064_reviewed	Cell membrane; Single-pass type I membrane protein
9467_reviewed	Cytoplasmic vesicle membrane
2660_reviewed	Secreted
10272_reviewed	[Isoform 1]: Secreted
558_reviewed	Cell membrane
23371_reviewed	Cell junction, focal adhesion
117178_reviewed	Cell junction, adherens junction
87_reviewed	Cytoplasm, cytoskeleton
1653_reviewed	Nucleus. Cytoplasm. Cytoplasmic granule. Cytoplasm, cytosol
26235_reviewed	Cytoplasm. Nucleus. Mitochondrion outer membrane
26234_reviewed	Cytoplasm, perinuclear region
2963_reviewed	Nucleus
4481_reviewed	Membrane; Single-pass type II membrane protein
865_reviewed	Nucleus
3784_reviewed	Cell membrane
5195_reviewed	Peroxisome membrane
5452_reviewed	Cytoplasm
64374_reviewed	Endoplasmic reticulum lumen
4074_reviewed	Lysosome membrane; Single-pass type I membrane protein
57822_reviewed	Nucleus
29841_reviewed	Nucleus
79977_reviewed	Nucleus
5692_reviewed	Cytoplasm
7112_reviewed	Nucleus. Chromosome. Note=Expressed diffusely throughout the nucleus
52_reviewed	Cytoplasm
51678_reviewed	Membrane
7087_reviewed	Cell membrane
7150_reviewed	Nucleus, nucleolus
5915_reviewed	Nucleus
3587_reviewed	Cell membrane
259_reviewed	[Alpha-1-microglobulin]: Secreted
960_reviewed	Cell membrane
811_reviewed	Endoplasmic reticulum lumen
2923_reviewed	Endoplasmic reticulum
4179_reviewed	Cytoplasmic vesicle, secretory vesicle, acrosome inner membrane
213_reviewed	Secreted
2217_reviewed	Cell membrane
23476_reviewed	Nucleus
51191_reviewed	Cytoplasm, perinuclear region
995_reviewed	Nucleus
9457_reviewed	Nucleus
1390_reviewed	Nucleus
8754_reviewed	[Isoform 1]: Cell membrane
7188_reviewed	Cytoplasm
1134_reviewed	Postsynaptic cell membrane
1144_reviewed	Postsynaptic cell membrane; Multi-pass membrane protein. Cell membrane; Multi-pass membrane protein
29108_reviewed	Cytoplasm
4210_reviewed	[Isoform 1]: Cytoplasm, cytoskeleton
11127_reviewed	Cytoplasm, cytoskeleton
3383_reviewed	Cell membrane
5536_reviewed	Nucleus
3568_reviewed	Membrane; Single-pass type I membrane protein
4316_reviewed	Secreted, extracellular space, extracellular matrix
2022_reviewed	Cell membrane
5429_reviewed	Nucleus
1490_reviewed	Secreted, extracellular space, extracellular matrix
23066_reviewed	Nucleus
4211_reviewed	Nucleus
652_reviewed	Secreted, extracellular space, extracellular matrix
6688_reviewed	Nucleus
6503_reviewed	Cytoplasm
5790_reviewed	Membrane
5825_reviewed	Peroxisome membrane
215_reviewed	Peroxisome membrane
2811_reviewed	Membrane; Single-pass type I membrane protein
2161_reviewed	Secreted
958_reviewed	Membrane
154_reviewed	Cell membrane
27040_reviewed	Cell membrane
6789_reviewed	Cytoplasm. Nucleus. Note=The caspase-cleaved form cycles between the nucleus and cytoplasm
5191_reviewed	Cytoplasm, cytosol
3760_reviewed	Membrane
3762_reviewed	Membrane
2322_reviewed	Membrane; Single-pass type I membrane protein. Endoplasmic reticulum lumen. Note=Constitutively activated mutant forms with internal tandem duplications are less efficiently transported to the cell surface and a significant proportion is retained in an immature form in the endoplasmic reticulum lumen. The activated kinase is rapidly targeted for degradation
493_reviewed	Cell membrane
8829_reviewed	[Isoform 2]: Secreted
9113_reviewed	Cytoplasm, cytoskeleton, microtubule organizing center, centrosome
5786_reviewed	Cell membrane
8835_reviewed	Cytoplasm
7707_reviewed	Nucleus
284119_reviewed	Membrane, caveola
6729_reviewed	Nucleus speckle
4094_reviewed	Nucleus
170850_reviewed	Cell membrane
3756_reviewed	Cell membrane
169522_reviewed	Cell membrane; Multi-pass membrane protein. Note=Has to be associated with KCNB1 or possibly another partner to get inserted in the plasma membrane. Remains intracellular in the absence of KCNB1
1969_reviewed	Cell membrane
26073_reviewed	Mitochondrion matrix
1983_reviewed	Cytoplasm
10456_reviewed	Mitochondrion matrix
51652_reviewed	Cytoplasm, cytosol. Membrane; Lipid-anchor. Endosome. Late endosome membrane
3093_reviewed	Cytoplasm
29974_reviewed	Nucleus
27030_reviewed	Nucleus
5378_reviewed	Nucleus
7818_reviewed	Mitochondrion
9229_reviewed	Cell membrane
5588_reviewed	Cytoplasm. Cell membrane; Peripheral membrane protein. Note=In resting T-cells, mostly localized in cytoplasm. In response to TCR stimulation, associates with lipid rafts and then localizes in the immunological synapse
381_reviewed	Golgi apparatus
8518_reviewed	Cytoplasm
2905_reviewed	Cell membrane
3586_reviewed	Secreted
8570_reviewed	Nucleus
3187_reviewed	Nucleus, nucleoplasm
8463_reviewed	Nucleus
5551_reviewed	Cytolytic granule
1605_reviewed	[Alpha-dystroglycan]: Secreted, extracellular space
22807_reviewed	Nucleus
3800_reviewed	Cytoplasm, cytoskeleton
64837_reviewed	Cytoplasm, cytoskeleton
5104_reviewed	Secreted, extracellular space
4012_reviewed	Cell membrane
3897_reviewed	Cell membrane
9685_reviewed	Cytoplasm. Cytoplasm, perinuclear region. Membrane; Peripheral membrane protein. Cytoplasmic vesicle, clathrin-coated vesicle. Note=Found throughout the cell, with the exception of the cell surface. Concentrated in the perinuclear region and associated with clathrin-coated vesicles close to the trans-Golgi network
7025_reviewed	Nucleus
23474_reviewed	Cytoplasm
4049_reviewed	Secreted. Membrane. Note=The homotrimer is secreted. The heterotrimer is membrane-associated
11276_reviewed	Cytoplasm
5037_reviewed	Cytoplasm
3184_reviewed	Nucleus. Cytoplasm. Note=Localized in cytoplasmic mRNP granules containing untranslated mRNAs. Component of ribonucleosomes. Cytoplasmic localization oscillates diurnally
8894_reviewed	Cytoplasm, cytosol
9448_reviewed	Cytoplasm
6337_reviewed	Apical cell membrane
6338_reviewed	Apical cell membrane
56852_reviewed	Nucleus
7320_reviewed	Cell membrane
9512_reviewed	Mitochondrion matrix
2395_reviewed	[Frataxin mature form]: Mitochondrion
51442_reviewed	Nucleus
5727_reviewed	Cell membrane
6608_reviewed	Cell membrane
7078_reviewed	Secreted, extracellular space, extracellular matrix
4486_reviewed	Membrane; Single-pass type I membrane protein
5801_reviewed	Secreted
84867_reviewed	Endoplasmic reticulum membrane
83593_reviewed	Cytoplasm. Cytoplasm, cytoskeleton. Note=Isoform 2 is mainly located in the perinuclear region of unstimulated primary T-cells. Upon stimulation translocates to the leading edge and colocalizes with ITGAL/LFA-1 in the peripheral zone of the immunological synapse. Isoform 2 is localized to growing microtubules in vascular endothelial cells and is dissociated from microtubules by activated RAP1A
8877_reviewed	Cell membrane
5880_reviewed	Cytoplasm. Note=Membrane-associated when activated
225_reviewed	Peroxisome membrane
1643_reviewed	Nucleus
3481_reviewed	Secreted
3484_reviewed	Secreted
5094_reviewed	Nucleus
81624_reviewed	Cytoplasm
4925_reviewed	Golgi apparatus
9015_reviewed	Nucleus, nucleolus
9014_reviewed	Nucleus, nucleolus
9013_reviewed	Nucleus, nucleolus
4800_reviewed	Nucleus
4318_reviewed	Secreted, extracellular space, extracellular matrix
7040_reviewed	Secreted, extracellular space, extracellular matrix
51227_reviewed	Membrane
5277_reviewed	Rough endoplasmic reticulum membrane
9047_reviewed	Cytoplasm
5087_reviewed	Nucleus
3217_reviewed	Nucleus
6741_reviewed	Nucleus
4603_reviewed	Nucleus
5989_reviewed	Nucleus
9479_reviewed	Cytoplasm
7786_reviewed	Cytoplasm
161_reviewed	Cell membrane
7424_reviewed	Secreted
3561_reviewed	Cell membrane
3562_reviewed	Secreted
3563_reviewed	Cell membrane
3802_reviewed	Cell membrane
3107_reviewed	Cell membrane
390_reviewed	Golgi apparatus membrane; Peripheral membrane protein
22895_reviewed	Cytoplasmic vesicle, secretory vesicle, synaptic vesicle membrane
3175_reviewed	Nucleus
2444_reviewed	Cytoplasm
3301_reviewed	Membrane
889_reviewed	Cytoplasm, cytoskeleton. Cell membrane; Peripheral membrane protein. Cell junction. Note=KRIT1 and CDH5 reciprocally regulate their localization to endothelial cell-cell junctions. Association with RAP1 relocalizes KRIT1 from microtubules to cell junction membranes. Translocates from the cytoplasm along microtubules to the cell membrane in a ITGB1BP1-dependent manner
5770_reviewed	Endomembrane system
23673_reviewed	Endosome membrane
930_reviewed	Cell membrane
1380_reviewed	Cell membrane
2_reviewed	Secreted
5047_reviewed	Secreted
6207_reviewed	Cytoplasm
9518_reviewed	Secreted
23558_reviewed	Cytoplasm
114569_reviewed	Cell membrane; Multi-pass membrane protein. Apical cell membrane; Multi-pass membrane protein. Endomembrane system. Cytoplasm, perinuclear region. Note=Associated with lipid rafts. In polarized epithelial cells, restricted to the apical surface. In hepatocytes, as well as in polarized hepatoma Hep-G2 cells, found in the canalicular membrane, equivalent to the apical surface, beneath the canalicular actin cytoskeleton. In non-polarized Hep-G2 cells, distributed to the perinuclear region
9844_reviewed	Cytoplasm. Cell membrane. Note=Translocation to plasma membrane seems to be mediated by DOCK1 and CRK
5450_reviewed	Nucleus
2909_reviewed	Cytoplasm, cytoskeleton, cilium basal body
6883_reviewed	Nucleus
129685_reviewed	Nucleus
2036_reviewed	Cytoplasm, cytoskeleton
5530_reviewed	Cytoplasm
7167_reviewed	Cytoplasm
5345_reviewed	Secreted
4281_reviewed	Cytoplasm
11043_reviewed	Cytoplasm
10612_reviewed	Cytoplasm
85363_reviewed	Cytoplasm
117854_reviewed	Cytoplasm
81603_reviewed	Cytoplasm
6737_reviewed	Cytoplasm
7706_reviewed	Cytoplasm
7726_reviewed	Cytoplasm
1535_reviewed	Cell membrane
6416_reviewed	Cytoplasm
8740_reviewed	[Tumor necrosis factor ligand superfamily member 14, membrane form]: Cell membrane; Single-pass type II membrane protein
5360_reviewed	Secreted
335_reviewed	Secreted
2162_reviewed	Cytoplasm. Secreted
2165_reviewed	Secreted
15_reviewed	Cytoplasm
8471_reviewed	Cell membrane
9188_reviewed	Nucleus, nucleolus
29098_reviewed	Nucleus
1104_reviewed	Nucleus
6786_reviewed	Cell membrane; Single-pass type I membrane protein
57620_reviewed	Endoplasmic reticulum membrane
7266_reviewed	Cytoplasm
64407_reviewed	Cytoplasm
6461_reviewed	Cytoplasm. Cell membrane; Peripheral membrane protein; Cytoplasmic side. Note=Associates with membrane lipid rafts upon TCR stimulation
10681_reviewed	Membrane
6000_reviewed	Cytoplasm, cytosol
5340_reviewed	Secreted
722_reviewed	Secreted
325_reviewed	Secreted
3221_reviewed	Nucleus
948_reviewed	Apical cell membrane
9175_reviewed	Cytoplasm
10935_reviewed	Mitochondrion
4311_reviewed	Cell membrane
2892_reviewed	Cell membrane
23426_reviewed	Cytoplasmic vesicle
5204_reviewed	[Isoform 1]: Nucleus
9961_reviewed	Cytoplasm
8694_reviewed	Endoplasmic reticulum membrane
5881_reviewed	Cytoplasm
10519_reviewed	Apical cell membrane
4883_reviewed	Cell membrane
4878_reviewed	[Long-acting natriuretic peptide]: Secreted
4882_reviewed	Cell membrane
1441_reviewed	[Isoform 2]: Secreted
6427_reviewed	Nucleus
55743_reviewed	Nucleus, PML body
5292_reviewed	[Isoform 1]: Cytoplasm. Nucleus
3146_reviewed	Cell membrane
716_reviewed	Secreted
715_reviewed	Secreted
9232_reviewed	Cytoplasm. Nucleus
9588_reviewed	Cytoplasm
5318_reviewed	Nucleus
54101_unreviewed	Cytoplasm
1760_reviewed	Endoplasmic reticulum membrane
5449_reviewed	Nucleus
5774_reviewed	Cell membrane; Peripheral membrane protein; Cytoplasmic side. Cytoplasm, cytoskeleton
7421_reviewed	Nucleus
6881_reviewed	Nucleus
84612_reviewed	Cytoplasm. Cell membrane
6001_reviewed	[Isoform 1]: Cytoplasm, cytosol
2625_reviewed	Nucleus
84126_reviewed	Nucleus
23648_reviewed	Nucleus
54345_reviewed	Nucleus
4656_reviewed	Nucleus. Note=Recruited to late myogenic gene promoter regulatory sequences with SMARCA4/BRG1/BAF190A and SWI/SNF chromatin-remodeling enzymes to promote chromatin-remodeling and transcription initiation in developing embryos
4617_reviewed	Nucleus
5911_reviewed	Midbody
3673_reviewed	Membrane; Single-pass type I membrane protein
4312_reviewed	Secreted, extracellular space, extracellular matrix
6469_reviewed	[Sonic hedgehog protein]: Endoplasmic reticulum membrane
8892_reviewed	Cytoplasm, cytosol
8890_reviewed	Cytoplasm, cytosol
9150_reviewed	Nucleus
6917_reviewed	Nucleus
7374_reviewed	[Isoform 1]: Mitochondrion
30062_reviewed	Nucleus
10096_reviewed	Cytoplasm, cytoskeleton
10015_reviewed	Cytoplasm, cytosol
6675_reviewed	Cytoplasm, cytosol
10988_reviewed	Cytoplasm
10766_reviewed	Cytoplasm
901_reviewed	Cytoplasm
5527_reviewed	Nucleus. Chromosome, centromere
6102_reviewed	Cell membrane
328_reviewed	Nucleus
5089_reviewed	Nucleus
3824_reviewed	Cell membrane
3821_reviewed	Cell membrane
3822_reviewed	Cell membrane
760_reviewed	Cytoplasm
818_reviewed	Sarcoplasmic reticulum membrane
6236_reviewed	Cell membrane
50650_reviewed	Cytoplasm
388_reviewed	Late endosome membrane; Lipid-anchor. Cell membrane; Lipid-anchor. Nucleus. Cleavage furrow. Note=Late endosomal membrane (geranylgeranylated form). Plasma membrane (farnesylated form). Also detected at the nuclear margin and in the nucleus. Translocates to the equatorial region before furrow formation in a ECT2-dependent manner
56923_reviewed	Cell membrane; Multi-pass membrane protein
10874_reviewed	Secreted
55809_reviewed	Nucleus
23299_reviewed	Golgi apparatus
128_reviewed	Cytoplasm
6678_reviewed	Secreted, extracellular space, extracellular matrix, basement membrane
85403_reviewed	Nucleus speckle
22936_reviewed	Nucleus
26993_reviewed	Nucleus
754_reviewed	Membrane
8417_reviewed	Early endosome membrane
571_reviewed	Nucleus
432_reviewed	[Isoform H1a]: Cell membrane
29956_reviewed	Endoplasmic reticulum membrane
433_reviewed	Membrane; Single-pass type II membrane protein
527_reviewed	Cytoplasmic vesicle, clathrin-coated vesicle membrane
6580_reviewed	Basolateral cell membrane
8792_reviewed	[Isoform 1]: Cell membrane
5586_reviewed	Cytoplasm
3695_reviewed	Cell membrane
5896_reviewed	Nucleus
3836_reviewed	Cytoplasm
4802_reviewed	Nucleus
554_reviewed	Cell membrane
8851_reviewed	[Cyclin-dependent kinase 5 activator 1, p35]: Cell membrane
4254_reviewed	[Isoform 1]: Cell membrane; Single-pass type I membrane protein
5264_reviewed	Peroxisome
118427_reviewed	Secreted
4653_reviewed	Secreted
23291_reviewed	Cytoplasm
3655_reviewed	Cell membrane
3678_reviewed	Cell membrane
10659_reviewed	Nucleus
6317_reviewed	Cytoplasm
1514_reviewed	Lysosome
6621_reviewed	Nucleus
4543_reviewed	Cell membrane; Multi-pass membrane protein
8412_reviewed	Cytoplasm
51274_reviewed	Nucleus
4811_reviewed	Secreted, extracellular space, extracellular matrix, basement membrane
8771_reviewed	Secreted
8764_reviewed	Cell membrane
7010_reviewed	Cell membrane
284_reviewed	Secreted
285_reviewed	Secreted
4168_reviewed	Cytoplasm
140901_reviewed	Nucleus. Nucleus, nucleolus. Cytoplasm. Note=When associated with PDLIM1, it is mostly found in cytoplasm, localized to actin stress fibers (PubMed:11973348). However, PubMed:19756140 detected STK35 only in the nucleus, and the presence of PDLIM1 had no influence on its location
5327_reviewed	Secreted, extracellular space
5274_reviewed	Secreted
2665_reviewed	Cytoplasm
1263_reviewed	Cytoplasm. Nucleus. Nucleus, nucleolus. Golgi apparatus. Cytoplasm, cytoskeleton, microtubule organizing center, centrosome. Note=Translocates to the nucleus upon cisplatin treatment. Localizes to the Golgi apparatus during interphase. According to a report, PLK3 localizes only in the nucleolus and not in the centrosome, or in any other location in the cytoplasm (PubMed:17264206). The discrepancies in results may be explained by the PLK3 antibody specificity, by cell line-specific expression or post-translational modifications
3931_reviewed	Secreted
3676_reviewed	Membrane
3858_reviewed	Secreted, extracellular space
5743_reviewed	Microsome membrane
5329_reviewed	Cell membrane
5871_reviewed	Cytoplasm
80824_reviewed	Cytoplasm. Nucleus. Cytoplasmic vesicle. Note=After dissociation upon AGTR stimulation, re-associates with ARRB2 on endocytic vesicles
8514_reviewed	Cytoplasm
728_reviewed	Cell membrane
1999_reviewed	Cytoplasm
83547_reviewed	Late endosome membrane
7097_reviewed	Membrane
22861_reviewed	Cytoplasm, cytosol
1719_reviewed	Mitochondrion
8038_reviewed	[Isoform 1]: Cell membrane; Single-pass type I membrane protein
5293_reviewed	Cytoplasm
26056_reviewed	Cytoplasmic vesicle, secretory vesicle membrane
5771_reviewed	[Isoform 1]: Endoplasmic reticulum
3953_reviewed	Cell membrane
5167_reviewed	[Ectonucleotide pyrophosphatase/phosphodiesterase family member 1]: Cell membrane
8743_reviewed	Cell membrane
2324_reviewed	Cell membrane
84570_reviewed	Membrane
10527_reviewed	Cytoplasm
10526_reviewed	Cytoplasm
83463_reviewed	Nucleus
6676_reviewed	Membrane
4956_reviewed	Cell projection, cilium, flagellum
23529_reviewed	Secreted
3945_reviewed	Cytoplasm. Mitochondrion inner membrane
3028_reviewed	Mitochondrion
6299_reviewed	Nucleus
3385_reviewed	Cell membrane
116369_reviewed	Membrane
7247_reviewed	Cytoplasm
10714_reviewed	Cytoplasm
9100_reviewed	Cytoplasm
10146_reviewed	Cytoplasm, cytosol
3384_reviewed	Cell membrane
6629_reviewed	Nucleus
6627_reviewed	Nucleus
5316_reviewed	Nucleus
3211_reviewed	Nucleus
2822_reviewed	Secreted
1946_reviewed	Cell membrane
2045_reviewed	Cell membrane
57144_reviewed	Mitochondrion. Cytoplasm. Nucleus. Note=Shuttles between the nucleus and the mitochondria, and mitochondrial localization is essential for the role in cell survival
9771_reviewed	Nucleus
2261_reviewed	[Isoform 1]: Cell membrane; Single-pass type I membrane protein. Cytoplasmic vesicle. Endoplasmic reticulum. Note=The activated receptor is rapidly internalized and degraded. Detected in intracellular vesicles after internalization of the autophosphorylated receptor
2254_reviewed	Secreted
2911_reviewed	Cell membrane
6857_reviewed	Cytoplasmic vesicle, secretory vesicle membrane
56897_reviewed	Nucleus
1297_reviewed	Secreted, extracellular space, extracellular matrix
10959_reviewed	Cytoplasmic vesicle membrane
8548_reviewed	Golgi apparatus membrane
64689_reviewed	Golgi apparatus, cis-Golgi network membrane
23423_reviewed	Endoplasmic reticulum-Golgi intermediate compartment membrane
7039_reviewed	[Transforming growth factor alpha]: Secreted, extracellular space
9939_reviewed	Nucleus
3604_reviewed	Cell membrane; Single-pass type I membrane protein
997_reviewed	Cytoplasm. Nucleus. Note=The phosphorylation of the C-terminal tail plays an important role in mediating nuclear localization. Colocalizes with beta-tubulin on mitotic spindles in anaphase
55140_reviewed	Cytoplasm
55250_reviewed	Cytoplasm
26610_reviewed	Cytoplasm
50807_reviewed	Cytoplasm
6668_reviewed	Nucleus
6671_reviewed	Nucleus
2078_reviewed	Nucleus
276_reviewed	Secreted
2812_reviewed	Membrane; Single-pass type I membrane protein
9973_reviewed	Cytoplasm
8797_reviewed	Cell membrane
7581_reviewed	Nucleus
26259_reviewed	Cytoplasm, perinuclear region
2901_reviewed	Cell membrane
2131_reviewed	Golgi apparatus membrane
2132_reviewed	Golgi apparatus membrane
8569_reviewed	[Isoform 2]: Cytoplasm
83394_reviewed	Endomembrane system
9600_reviewed	Cytoplasm. Golgi apparatus, Golgi stack membrane
57605_reviewed	Endomembrane system
23764_reviewed	Nucleus
4352_reviewed	Cell membrane
11273_reviewed	Membrane
5624_reviewed	Secreted
6617_reviewed	Nucleus
5514_reviewed	Nucleus
23076_reviewed	Nucleus, nucleolus
636_reviewed	Golgi apparatus
900_reviewed	Nucleus
25803_reviewed	Nucleus
4824_reviewed	Nucleus
51655_reviewed	Cell membrane
9722_reviewed	Cell projection, filopodium
5998_reviewed	Cytoplasm
2767_reviewed	Cell membrane
7293_reviewed	Membrane; Single-pass type I membrane protein
158798_reviewed	Cytoplasm
8935_reviewed	Cytoplasm
6532_reviewed	Cell membrane
3903_reviewed	Cell membrane
6631_reviewed	Nucleus
916_reviewed	Cell membrane
859_reviewed	Golgi apparatus membrane
8480_reviewed	Cytoplasm
10124_reviewed	Cell membrane. Cytoplasm. Nucleus, nucleolus. Note=Localization in the nucleolus is dependent by nucleotide binding
55840_reviewed	Nucleus speckle
51100_reviewed	Cytoplasm
397_reviewed	Cytoplasm, cytosol
8187_reviewed	Nucleus
2139_reviewed	Cytoplasm
51804_reviewed	Nucleus
84675_reviewed	Nucleus
10691_reviewed	Nucleus. Cytoplasm. Note=May be also cytoplasmic
84676_reviewed	Cytoplasm. Nucleus
10062_reviewed	Nucleus
2494_reviewed	Nucleus
1821_reviewed	Postsynaptic density
57716_reviewed	[Isoform 1]: Cell membrane
7248_reviewed	Lysosome membrane
79109_reviewed	Cell membrane
96459_reviewed	Lysosome membrane
5562_reviewed	Cytoplasm
6009_reviewed	Endomembrane system
6194_reviewed	Cytoplasm
57521_reviewed	Lysosome membrane
80347_reviewed	Cytoplasm, cytosol
84271_reviewed	Nucleus. Nucleus speckle. Cytoplasm. Note=Nucleocytoplasmic shuttling protein
201163_reviewed	Lysosome membrane
6529_reviewed	Cell membrane
2688_reviewed	Secreted
11016_reviewed	Nucleus
25970_reviewed	Cytoplasm
4082_reviewed	Cell membrane
3625_reviewed	Secreted
119_reviewed	Cytoplasm, cytoskeleton. Cell membrane; Peripheral membrane protein; Cytoplasmic side
58529_reviewed	Nucleus. Cell projection, pseudopodium. Note=Localized to the nucleus and pseudopodia of undifferentiated cells and detected throughout the myotubes of differentiated cells. Colocalizes with ACTN2, FLNC and MYOT at the Z-lines of skeletal muscle
3683_reviewed	Cell membrane
85439_reviewed	Cytoplasm
127833_reviewed	Cytoplasmic vesicle, secretory vesicle, synaptic vesicle membrane
84287_reviewed	Endoplasmic reticulum membrane
3458_reviewed	Secreted
3459_reviewed	Cell membrane
261734_reviewed	Cytoplasm, cytoskeleton, cilium basal body
646_reviewed	Nucleus
2072_reviewed	Nucleus
5577_reviewed	Cytoplasm
3763_reviewed	Membrane
3765_reviewed	Membrane
5458_reviewed	Nucleus
10226_reviewed	Lipid droplet
1746_reviewed	Nucleus
4488_reviewed	Nucleus
58533_reviewed	Early endosome
4077_reviewed	Cytoplasm
9314_reviewed	Nucleus
7538_reviewed	Nucleus
6618_reviewed	Nucleus
57109_reviewed	Nucleus, nucleolus
29941_reviewed	Nucleus
79658_reviewed	Cytoplasm
23092_reviewed	[Isoform 2]: Endosome membrane
8433_reviewed	Nucleus
2074_reviewed	Nucleus
27343_reviewed	Nucleus
8871_reviewed	Cytoplasm
5738_reviewed	Endoplasmic reticulum membrane
3196_reviewed	Nucleus
23568_reviewed	Cytoplasm. Mitochondrion intermembrane space. Cytoplasm, cytoskeleton, microtubule organizing center, centrosome. Nucleus. Cytoplasm, cytoskeleton, spindle. Cytoplasm, cytoskeleton, cilium basal body. Note=The complex formed with ARL2BP, ARL2 and SLC25A4 is expressed in mitochondria (By similarity). Detected in the midbody matrix. Not detected in the Golgi, nucleus and on the mitotic spindle. Centrosome-associated throughout the cell cycle. Not detected to interphase microtubules. In retina photoreceptor cells, localized in the distal connecting cilia, basal body, ciliary-associated centriole, and ciliary rootlet. Interaction with ARL2 may be required for cilia basal body localization
81493_reviewed	Cytoplasm, perinuclear region
1674_reviewed	Cytoplasm, myofibril, sarcomere, Z line
1612_reviewed	[Isoform 1]: Cytoplasm. Cytoplasm, cytoskeleton. Note=Colocalizes with MAP1B in the microtubules and cortical actin fibers
1408_reviewed	Cytoplasm
81858_reviewed	Cytoplasm, cytosol
1069_reviewed	Cytoplasm, cytoskeleton, microtubule organizing center, centrosome
57610_reviewed	Cytoplasm, cytosol
91010_reviewed	Cytoplasm
4204_reviewed	Nucleus
967_reviewed	Cell membrane
10051_reviewed	Nucleus
93643_reviewed	Golgi apparatus, trans-Golgi network
3848_reviewed	Cell membrane
22_reviewed	Mitochondrion inner membrane
2235_reviewed	Mitochondrion inner membrane
7056_reviewed	Membrane; Single-pass type I membrane protein
9918_reviewed	Nucleus
51606_reviewed	Cytoplasmic vesicle, clathrin-coated vesicle membrane
529_reviewed	Apical cell membrane
54910_reviewed	Postsynaptic density membrane
9218_reviewed	Endoplasmic reticulum membrane
5797_reviewed	Cell membrane
51701_reviewed	Nucleus
6924_reviewed	Nucleus
8550_reviewed	Cytoplasm. Nucleus. Note=Translocates to the cytoplasm following phosphorylation and activation. Interaction with ERK3/MAPK6 or ERK4/MAPK4 and phosphorylation at Thr-182, activates the protein kinase activity, followed by translocation to the cytoplasm. Phosphorylation by PKA/PRKACA at Ser-115 also induces nuclear export
1308_reviewed	Cell junction, hemidesmosome. Membrane; Single-pass type II membrane protein. Note=Localized along the plasma membrane of the hemidesmosome
915_reviewed	Cell membrane; Single-pass type I membrane protein
55114_reviewed	Membrane; Peripheral membrane protein. Cytoplasm. Cell junction, tight junction. Note=Associates with membranes and concentrates at sites of cell-cell contact
23191_reviewed	Cytoplasm
654_reviewed	Secreted
260425_reviewed	Cell membrane; Peripheral membrane protein. Cell junction, tight junction. Nucleus
291_reviewed	Mitochondrion inner membrane
3092_reviewed	Cytoplasm. Nucleus. Endomembrane system. Cytoplasmic vesicle, clathrin-coated vesicle membrane. Note=Shuttles between cytoplasm and nucleus. Nuclear translocation can be induced by AR
9026_reviewed	Cytoplasm, perinuclear region. Endomembrane system. Cytoplasmic vesicle, clathrin-coated vesicle membrane. Note=Membrane-associated protein, mainly localized at the endocytic compartments and in the perinuclear region
4987_reviewed	Cell membrane; Multi-pass membrane protein. Cytoplasmic vesicle. Note=Ligand binding leads to receptor internalization into cytoplasmic vesicles, decreasing the amount of available receptor at the cell surface. Internalization requires phosphorylation at Ser-363. Can recycle to the cell membrane
5368_reviewed	Secreted
378_reviewed	Golgi apparatus
3148_reviewed	Nucleus
10276_reviewed	Cytoplasm
153090_reviewed	Cytoplasm
8507_reviewed	Nucleus matrix
4915_reviewed	Cell membrane
942_reviewed	Cell membrane
10159_reviewed	Endoplasmic reticulum membrane
5972_reviewed	Secreted
8490_reviewed	[Isoform 1]: Cytoplasm
429_reviewed	Nucleus
4935_reviewed	Melanosome membrane
8801_reviewed	Mitochondrion
1122_reviewed	Cytoplasm, cytosol
6892_reviewed	Endoplasmic reticulum membrane
50649_reviewed	[Isoform 3]: Cytoplasm. Cell projection, ruffle membrane
5144_reviewed	Apical cell membrane
7439_reviewed	Cell membrane
2042_reviewed	[Isoform 1]: Cell membrane
1948_reviewed	Cell membrane
8022_reviewed	Nucleus
7412_reviewed	[Vascular cell adhesion protein 1]: Cell membrane
9185_reviewed	Cytoplasm
6736_reviewed	Nucleus speckle
51466_reviewed	Cytoplasm, cytoskeleton
56915_reviewed	Nucleus, nucleolus
2938_reviewed	Cytoplasm
8870_reviewed	Membrane
9603_reviewed	Nucleus
4055_reviewed	Membrane; Single-pass type I membrane protein
947_reviewed	Membrane; Single-pass type I membrane protein
10484_reviewed	Cytoplasmic vesicle, COPII-coated vesicle membrane
10427_reviewed	Cytoplasmic vesicle, COPII-coated vesicle membrane
2539_reviewed	Cytoplasm, cytosol
9066_reviewed	Cell membrane
90019_reviewed	Cell membrane
4306_reviewed	Cytoplasm. Nucleus. Endoplasmic reticulum membrane; Peripheral membrane protein. Note=Cytoplasmic and nuclear in the absence of ligand; nuclear after ligand-binding. When bound to HSD11B2, it is found associated with the endoplasmic reticulum membrane
94005_reviewed	Endoplasmic reticulum membrane
7057_reviewed	Secreted
5874_reviewed	Membrane; Lipid-anchor. Late endosome
1501_reviewed	Nucleus
10772_reviewed	Nucleus speckle
23678_reviewed	Cytoplasmic vesicle
5175_reviewed	Cell membrane
3804_reviewed	Cell membrane; Single-pass type I membrane protein
55806_reviewed	Nucleus
8853_reviewed	Cytoplasm. Golgi apparatus, Golgi stack membrane; Peripheral membrane protein. Cell membrane; Peripheral membrane protein. Note=Colocalizes with F-actin and ARF6 in phagocytic cups
2101_reviewed	Nucleus
57491_reviewed	Cytoplasm
85021_reviewed	Membrane, clathrin-coated pit
5885_reviewed	[Double-strand-break repair protein rad21 homolog]: Nucleus
2138_reviewed	Cytoplasm
5723_reviewed	Cytoplasm, cytosol
1009_reviewed	Cell membrane; Single-pass type I membrane protein
949_reviewed	Cell membrane
55824_reviewed	Cell membrane
23604_reviewed	Cytoplasm. Cytoplasmic vesicle, autophagosome lumen
3577_reviewed	Cell membrane; Multi-pass membrane protein
6672_reviewed	Nucleus
1843_reviewed	Nucleus
4898_reviewed	Mitochondrion
5962_reviewed	Cell membrane
1448_reviewed	Secreted
25988_reviewed	Nucleus
25998_reviewed	Cytoplasm. Membrane; Peripheral membrane protein. Note=Translocates to the plasma membrane upon IgM stimulation
2035_reviewed	Cytoplasm, cytoskeleton
114907_reviewed	Cytoplasm
2104_reviewed	Nucleus
6504_reviewed	Cell membrane
3394_reviewed	Nucleus
8625_reviewed	Cytoplasm
3680_reviewed	Membrane
80174_reviewed	Nucleus
27336_reviewed	Nucleus
8175_reviewed	Nucleus
2580_reviewed	Cytoplasm, perinuclear region
1392_reviewed	Secreted
1394_reviewed	Cell membrane; Multi-pass membrane protein. Endosome. Note=Agonist-binding promotes endocytosis
2290_reviewed	Nucleus
8799_reviewed	Peroxisome membrane
10478_reviewed	Cytoplasm
9586_reviewed	Nucleus
1195_reviewed	Nucleus
56001_reviewed	Nucleus, nucleoplasm. Cytoplasm. Note=Localized in the nucleoplasm and at the nuclear envelope. Shuttles between the nucleus and the cytoplasm
26232_reviewed	Cytoplasm
197_reviewed	Secreted
10392_reviewed	Cell membrane
7301_reviewed	Cell membrane; Single-pass type I membrane protein
4323_reviewed	Cell membrane
846_reviewed	Cell membrane
5324_reviewed	Nucleus
114609_reviewed	Cytoplasm
6505_reviewed	Cell membrane
10550_reviewed	Endoplasmic reticulum membrane
9459_reviewed	Cell projection, lamellipodium
10605_reviewed	Cytoplasm
3581_reviewed	Cell membrane; Single-pass type I membrane protein. Secreted
3658_reviewed	Cytoplasm
5524_reviewed	Cytoplasm
9499_reviewed	Cell membrane, sarcolemma
8784_reviewed	[Isoform 1]: Cell membrane; Single-pass type I membrane protein
3087_reviewed	Nucleus
2043_reviewed	Cell membrane
1949_reviewed	Membrane; Single-pass type I membrane protein
2735_reviewed	Cytoplasm
309_reviewed	Cytoplasm
965_reviewed	[Isoform 1]: Cell membrane; Single-pass type I membrane protein
79444_reviewed	Nucleus
55437_reviewed	Nucleus
55003_reviewed	Nucleus, nucleolus
945_reviewed	[Isoform CD33M]: Cell membrane
5621_reviewed	Cell membrane; Lipid-anchor, GPI-anchor
10379_reviewed	Cytoplasm
7080_reviewed	Nucleus
4618_reviewed	Nucleus
2902_reviewed	Cell membrane
8555_reviewed	Nucleus, nucleolus. Nucleus, nucleoplasm. Note=Following DNA damage, translocates from the nucleolus to the nucleoplasm and interacts with FZR1/CDH1
7852_reviewed	Cell membrane
2258_reviewed	[Isoform 1]: Nucleus
147700_reviewed	Cytoplasm, cytoskeleton
54700_reviewed	Nucleus, nucleolus
3206_reviewed	Nucleus
7257_reviewed	Cytoplasm, perinuclear region. Golgi apparatus
239_reviewed	Cytoplasm, cytosol. Membrane. Note=Membrane association is stimulated by EGF
3852_reviewed	Cytoplasm
4298_reviewed	Nucleus
25945_reviewed	Cell membrane
1161_reviewed	Nucleus
3487_reviewed	Secreted
11129_reviewed	Nucleus
57396_reviewed	Nucleus
7423_reviewed	Secreted. Note=Secreted but remains associated to cells or to the extracellular matrix unless released by heparin
4988_reviewed	Cell membrane
2621_reviewed	Secreted
5582_reviewed	Cytoplasm
10274_reviewed	Nucleus. Chromosome. Chromosome, centromere. Note=Associates with chromatin. Before prophase it is scattered along chromosome arms. During prophase, most of cohesin complexes dissociate from chromatin probably because of phosphorylation by PLK1, except at centromeres, where cohesin complexes remain. At anaphase, the RAD21 subunit of cohesin is cleaved, leading to the dissociation of the complex from chromosomes, allowing chromosome separation
10735_reviewed	Nucleus. Chromosome. Chromosome, centromere. Note=Associates with chromatin. Before prophase it is scattered along chromosome arms. During prophase, most of cohesin complexes dissociate from chromatin probably because of phosphorylation by PLK1, except at centromeres, where cohesin complexes remain. At anaphase, the RAD21 subunit of cohesin is cleaved, leading to the dissociation of the complex from chromosomes, allowing chromosome separation. In germ cells, cohesin complex dissociates from chromatin at prophase I, and may be replaced by a meiosis-specific cohesin complex
984_reviewed	Nucleus
3428_reviewed	Nucleus
2049_reviewed	Cell membrane
3224_reviewed	Nucleus
11346_reviewed	Cytoplasm, cytoskeleton
9785_reviewed	Nucleus
10576_reviewed	Cytoplasm
7203_reviewed	Cytoplasm
908_reviewed	Cytoplasm
10575_reviewed	Cytoplasm
3476_reviewed	Cytoplasm
10574_reviewed	Cytoplasm
57718_reviewed	Cytoplasm
55917_reviewed	Cell projection, lamellipodium
51765_reviewed	Cytoplasm
80143_reviewed	Cytoplasm
26127_reviewed	Cytoplasm
55844_reviewed	Cytoplasm
5529_reviewed	Cytoplasm
10694_reviewed	Cytoplasm
5525_reviewed	Cytoplasm
11116_reviewed	Cytoplasm, cytoskeleton, microtubule organizing center, centrosome
5526_reviewed	Cytoplasm
57464_reviewed	Cytoplasm
80342_reviewed	Cell membrane
5537_reviewed	Mitochondrion
51341_reviewed	Nucleus
2257_reviewed	Nucleus
2209_reviewed	Cell membrane
2204_reviewed	[Isoform A.1]: Cell membrane; Single-pass type I membrane protein
1641_reviewed	Cytoplasm
6442_reviewed	Cell membrane, sarcolemma
633_reviewed	Secreted, extracellular space, extracellular matrix
143187_reviewed	Cytoplasmic vesicle
79833_reviewed	Nucleus, nucleoplasm
8487_reviewed	Nucleus, gem. Cytoplasm. Note=Localized in subnuclear structures next to coiled bodies, called gems, which are highly enriched in spliceosomal snRNPs. Also found in the cytoplasm
3777_reviewed	Cell membrane
134728_reviewed	Cytoplasm
1947_reviewed	Cell membrane
4050_reviewed	Membrane
7462_reviewed	Cell membrane
5897_reviewed	Nucleus
5917_reviewed	Cytoplasm
5859_reviewed	Cytoplasm, cytosol
255743_reviewed	Secreted, extracellular space, extracellular matrix
8516_reviewed	Membrane
25792_reviewed	Nucleus
51573_reviewed	Cell membrane
7016_reviewed	Cytoplasm
7169_reviewed	Cytoplasm, cytoskeleton
839_reviewed	Cytoplasm
7079_reviewed	Secreted
399_reviewed	Cytoplasm
64332_reviewed	Nucleus
5063_reviewed	Cytoplasm
27301_reviewed	Nucleus
5165_reviewed	Mitochondrion matrix
26469_reviewed	Nucleus
22974_reviewed	Nucleus
762_reviewed	Cell membrane
7827_reviewed	[Isoform 1]: Cell membrane
2861_reviewed	Cell projection, dendrite
51465_reviewed	Endoplasmic reticulum membrane
57045_reviewed	Secreted
6928_reviewed	Nucleus
1845_reviewed	Nucleus
9522_reviewed	Golgi apparatus, trans-Golgi network membrane
9093_reviewed	Cytoplasm, cytosol
94_reviewed	Cell membrane
3732_reviewed	Cell membrane
11178_reviewed	Cytoplasm
3842_reviewed	Cytoplasm. Nucleus
25897_reviewed	Membrane
54763_reviewed	Cell projection, cilium, flagellum
627_reviewed	Secreted
9169_reviewed	Nucleus
7018_reviewed	Secreted
6249_reviewed	Cytoplasm
9595_reviewed	Cytoplasm. Early endosome. Note=Recruited from the cytosol to endosomes by SNX27
2740_reviewed	Cell membrane
2641_reviewed	Secreted
4901_reviewed	Cytoplasm
84922_reviewed	Cytoplasm
57510_reviewed	Nucleus
29843_reviewed	Nucleus
11128_reviewed	Nucleus
4899_reviewed	Nucleus
147179_reviewed	Cytoplasm, cytoskeleton
2635_reviewed	Cytoplasm
7490_reviewed	Nucleus
9589_reviewed	Nucleus speckle
59343_reviewed	Nucleus, nuclear pore complex
60401_reviewed	Membrane; Single-pass type III membrane protein
10636_reviewed	Nucleus
6002_reviewed	Nucleus
29775_reviewed	Cytoplasm
354_reviewed	Secreted
29992_reviewed	[Isoform 1]: Cell membrane
11183_reviewed	Cytoplasm
79850_reviewed	Cell membrane; Multi-pass membrane protein
6520_reviewed	Apical cell membrane
6659_reviewed	Nucleus
929_reviewed	Cell membrane
3929_reviewed	Secreted
4155_reviewed	Myelin membrane; Peripheral membrane protein; Cytoplasmic side. Note=Cytoplasmic side of myelin
5354_reviewed	Cell membrane
5376_reviewed	Cell membrane
4359_reviewed	Cell membrane
217_reviewed	Mitochondrion matrix
4761_reviewed	Nucleus
10365_reviewed	Nucleus
3488_reviewed	Secreted
8048_reviewed	Nucleus
5127_reviewed	Cytoplasm
9091_reviewed	Membrane
5283_reviewed	Endoplasmic reticulum membrane
5279_reviewed	Endoplasmic reticulum membrane
6854_reviewed	Synapse
6873_reviewed	Nucleus
22926_reviewed	Endoplasmic reticulum membrane
6300_reviewed	Cytoplasm. Nucleus. Mitochondrion. Note=Mitochondrial when associated with SH3BP5. In skeletal muscle colocalizes with SNTA1 at the neuromuscular junction and throughout the sarcolemma (By similarity)
4909_reviewed	Secreted
4779_reviewed	[Endoplasmic reticulum membrane sensor NFE2L1]: Endoplasmic reticulum membrane
4097_reviewed	Nucleus
8324_reviewed	Cell membrane
53339_reviewed	Cytoplasm
6890_reviewed	Endoplasmic reticulum membrane
943_reviewed	[Isoform 1]: Cell membrane
6496_reviewed	Nucleus
4990_reviewed	Nucleus
4781_reviewed	Nucleus
4782_reviewed	Nucleus
4784_reviewed	Nucleus
9908_reviewed	Cytoplasm
840_reviewed	Cytoplasm, cytosol
1879_reviewed	Nucleus
55081_reviewed	Cell projection, cilium
55823_reviewed	Endosome
57617_reviewed	Late endosome membrane
64601_reviewed	Late endosome membrane
65082_reviewed	Cytoplasmic vesicle
9180_reviewed	Membrane
6134_reviewed	Cytoplasm
10345_reviewed	Cell membrane
845_reviewed	Sarcoplasmic reticulum lumen
11124_reviewed	Nucleus
4342_reviewed	Cytoplasm
7593_reviewed	Nucleus
22822_reviewed	Cytoplasm
9045_reviewed	Cytoplasm
8761_reviewed	Cytoplasm
2248_reviewed	Secreted
4772_reviewed	Cytoplasm
9693_reviewed	Cytoplasm. Cytoplasm, perinuclear region. Cell membrane. Late endosome. Cell junction
64170_reviewed	Cytoplasm
7545_reviewed	Nucleus. Cytoplasm
27148_reviewed	Cytoplasm
84174_reviewed	Cytoplasm
84433_reviewed	Cytoplasm
79092_reviewed	[Isoform 1]: Cytoplasm
1609_reviewed	Cell membrane
5007_reviewed	Cytoplasm, cytosol
5076_reviewed	Nucleus
22976_reviewed	Nucleus matrix
5075_reviewed	Nucleus
4222_reviewed	Nucleus
4223_reviewed	Nucleus
7849_reviewed	Nucleus
1182_reviewed	[Isoform 1]: Early endosome membrane
1820_reviewed	Nucleus
7026_reviewed	Nucleus
2063_reviewed	Nucleus
6531_reviewed	Cell membrane
4905_reviewed	Cytoplasm
5745_reviewed	Cell membrane
5744_reviewed	Secreted
6891_reviewed	Endoplasmic reticulum membrane
5066_reviewed	Cytoplasmic vesicle, secretory vesicle membrane
9182_reviewed	Endosome. Note=Accumulates on perinuclear endosomes
10376_reviewed	Cytoplasm, cytoskeleton
924_reviewed	Membrane; Single-pass type I membrane protein
5291_reviewed	Cytoplasm
162989_reviewed	Nucleus, nucleolus
9191_reviewed	Cytoplasm. Nucleus, nucleolus
3661_reviewed	Cytoplasm
3665_reviewed	Nucleus. Cytoplasm. Note=The phosphorylated and active form accumulates selectively in the nucleus
83439_reviewed	Nucleus
11193_reviewed	Nucleus
170482_reviewed	Cell membrane
10622_reviewed	Nucleus
4090_reviewed	Cytoplasm
864_reviewed	Nucleus
23327_reviewed	Cytoplasm
5331_reviewed	Cytoplasm
2561_reviewed	Postsynaptic cell membrane
2005_reviewed	Nucleus
7867_reviewed	Nucleus
226_reviewed	Cytoplasm, myofibril, sarcomere, I band
1846_reviewed	Nucleus
6506_reviewed	Cell membrane
361_reviewed	Cell membrane
9709_reviewed	Endoplasmic reticulum membrane
54434_reviewed	Cytoplasm, cytoskeleton. Cell projection, lamellipodium. Cleavage furrow. Midbody. Note=Also recruited to actin rich membrane protrusions such as lamellipodia, which may allow local control of actin dynamics at sites of cell locomotion. Also localized to the cleavage furrow and the midbody during cytokinesis
30835_reviewed	[Isoform 1]: Membrane raft
5425_reviewed	Nucleus
334_reviewed	Cell membrane
10307_reviewed	Cytoplasm
5686_reviewed	Cytoplasm
5691_reviewed	Cytoplasm
5685_reviewed	Cytoplasm
9019_reviewed	Membrane
89876_reviewed	Mitochondrion
2252_reviewed	Secreted
2255_reviewed	Secreted
4595_reviewed	Nucleus
53335_reviewed	Cytoplasm
64919_reviewed	Nucleus
55157_reviewed	Mitochondrion matrix
9255_reviewed	Nucleus
64499_reviewed	Secreted. Note=Released from the secretory granules upon mast cell activation
410_reviewed	Endoplasmic reticulum
30845_reviewed	Recycling endosome membrane
553115_reviewed	Cytoplasm
2984_reviewed	Cell membrane
79849_reviewed	Cell membrane
22841_reviewed	Cell projection, phagocytic cup
81786_reviewed	Nucleus
23533_reviewed	Nucleus
6430_reviewed	Nucleus
1409_reviewed	Cytoplasm
23022_reviewed	Cytoplasm, cytoskeleton
3275_reviewed	[Isoform 1]: Cytoplasm
23339_reviewed	Cytoplasm. Lysosome membrane
115352_reviewed	Cell membrane
1848_reviewed	Cytoplasm
10611_reviewed	Postsynaptic density
85415_reviewed	Cytoplasm, perinuclear region
26297_reviewed	Cytoplasm
50805_reviewed	Nucleus
57159_reviewed	Cytoplasm, cytoskeleton
58528_reviewed	Cytoplasm
10325_reviewed	Cytoplasm
23185_reviewed	Cytoplasm, cytosol
26528_reviewed	Cytoplasm
10000_reviewed	Nucleus
590_reviewed	Secreted
8292_reviewed	Synapse
27131_reviewed	Endosome
311_reviewed	Cytoplasm
1822_reviewed	Nucleus. Cytoplasm, perinuclear region. Cell junction
9568_reviewed	Cell membrane
84552_reviewed	Cytoplasm. Cell membrane
26271_reviewed	Nucleus
240_reviewed	Cytoplasm
83548_reviewed	Golgi apparatus, Golgi stack membrane
84342_reviewed	Golgi apparatus membrane
57511_reviewed	Golgi apparatus membrane
128178_reviewed	Cytoplasm
30001_reviewed	Endoplasmic reticulum membrane
23071_reviewed	Endoplasmic reticulum lumen
56605_reviewed	Endoplasmic reticulum membrane
64422_reviewed	Cytoplasm
10533_reviewed	Cytoplasm
30837_reviewed	Cytoplasm
7275_reviewed	Cytoplasm
10750_reviewed	Membrane
10040_reviewed	Golgi apparatus, Golgi stack. Endosome membrane
85365_reviewed	Endoplasmic reticulum membrane
9344_reviewed	Cytoplasmic vesicle membrane
92799_reviewed	Lysosome
682_reviewed	Melanosome
6566_reviewed	Cell membrane
3185_reviewed	Nucleus, nucleoplasm
51592_reviewed	Nucleus
25825_reviewed	Cell membrane
5160_reviewed	Mitochondrion matrix
5161_reviewed	Mitochondrion matrix
64145_reviewed	Cell membrane; Lipid-anchor; Cytoplasmic side. Early endosome membrane
11311_reviewed	Golgi apparatus membrane
10112_reviewed	Golgi apparatus
54453_reviewed	Cytoplasm
8547_reviewed	Secreted
3985_reviewed	Cytoplasm, cytoskeleton, spindle
25793_reviewed	Cytoplasm
26224_reviewed	Nucleus
93611_reviewed	Nucleus
10273_reviewed	Cytoplasm
80230_reviewed	Early endosome membrane
2888_reviewed	Cytoplasm
3736_reviewed	Cell membrane
2870_reviewed	Membrane; Lipid-anchor
84893_reviewed	Nucleus
8941_reviewed	Cell membrane
6513_reviewed	Cell membrane
5424_reviewed	Nucleus
3978_reviewed	Nucleus
4862_reviewed	Nucleus
10801_reviewed	Cytoplasm, cytoskeleton
23308_reviewed	Cell membrane
29851_reviewed	[Isoform 1]: Cell membrane
9970_reviewed	Nucleus. Cytoplasm. Cytoplasm, cytoskeleton. Note=Recruited to the cytoplasm by DNAJC7
3757_reviewed	Cell membrane
23350_reviewed	Nucleus
1665_reviewed	Nucleus
10523_reviewed	Cytoplasm
9879_reviewed	Nucleus speckle
22826_reviewed	Nucleus
11325_reviewed	Cytoplasm
11004_reviewed	Cytoplasm, cytoskeleton
10250_reviewed	Nucleus matrix
6746_reviewed	Endoplasmic reticulum membrane; Single-pass type I membrane protein
6734_reviewed	Endoplasmic reticulum membrane
5617_reviewed	Secreted
5479_reviewed	Virion
833_reviewed	Cytoplasm
50616_reviewed	Secreted
58985_reviewed	Cell membrane
6693_reviewed	Membrane
10332_reviewed	[Isoform 1]: Cell membrane
8936_reviewed	Cytoplasm, cytoskeleton
10163_reviewed	Cytoplasm, cytoskeleton
64946_reviewed	Nucleus. Chromosome, centromere, kinetochore. Note=Associates with active centromere-kinetochore complexes throughout the cell cycle. Colocalizes with inner kinetochore plate proteins CENPA and CENPC during both interphase and metaphase
6755_reviewed	Cell membrane; Multi-pass membrane protein
8741_reviewed	Secreted
10316_reviewed	Cell membrane; Multi-pass membrane protein
5447_reviewed	Endoplasmic reticulum membrane
1557_reviewed	Endoplasmic reticulum membrane; Peripheral membrane protein. Microsome membrane; Peripheral membrane protein
1559_reviewed	Endoplasmic reticulum membrane; Peripheral membrane protein. Microsome membrane
1544_reviewed	Endoplasmic reticulum membrane; Peripheral membrane protein. Microsome membrane
1008_reviewed	Cell membrane
8528_reviewed	Peroxisome matrix
1823_reviewed	Cell membrane
23770_reviewed	Mitochondrion
1728_reviewed	Cytoplasm, cytosol
4967_reviewed	Mitochondrion
1738_reviewed	Mitochondrion matrix
2034_reviewed	Nucleus
6159_reviewed	Cytoplasm
22919_reviewed	Cytoplasm, cytoskeleton
5308_reviewed	Nucleus
661_reviewed	Nucleus
55703_reviewed	Nucleus
55718_reviewed	Nucleus
171568_reviewed	Nucleus
6997_reviewed	Cell membrane
6915_reviewed	Cell membrane; Multi-pass membrane protein
85406_reviewed	Endoplasmic reticulum membrane
1812_reviewed	Cell membrane
81848_reviewed	Cytoplasm
2566_reviewed	Postsynaptic cell membrane
1816_reviewed	Cell membrane; Multi-pass membrane protein
10486_reviewed	Cell membrane
4664_reviewed	Nucleus
3958_reviewed	Cytoplasm
2006_reviewed	Secreted, extracellular space, extracellular matrix
55835_reviewed	Cytoplasm, cytoskeleton, microtubule organizing center, centrosome
51520_reviewed	Cytoplasm
3035_reviewed	Cytoplasm
2264_reviewed	Cell membrane; Single-pass type I membrane protein. Endosome. Endoplasmic reticulum. Note=Internalized from the cell membrane to recycling endosomes, and from there back to the cell membrane
11168_reviewed	Nucleus
51561_reviewed	Secreted
3593_reviewed	Secreted
1316_reviewed	Nucleus
2551_reviewed	Nucleus
6935_reviewed	Nucleus
1052_reviewed	Nucleus
11260_reviewed	Nucleus. Cytoplasm. Note=Nuclear, once bound to tRNA and Ran the complex translocates to the cytoplasm. Shuttles between the nucleus and the cytoplasm
3670_reviewed	Nucleus
2056_reviewed	Secreted
3843_reviewed	Cytoplasm. Nucleus. Nucleus, nucleolus. Note=Nucleus; nuclear rim. Found particularly in the nuclear rim and nucleolus
4146_reviewed	Secreted, extracellular space, extracellular matrix
8785_reviewed	Secreted
135112_reviewed	Nucleus
5813_reviewed	Nucleus
3192_reviewed	Nucleus
689_reviewed	Cytoplasm
9332_reviewed	[Soluble CD163]: Secreted
7306_reviewed	Melanosome membrane
4913_reviewed	Nucleus
2073_reviewed	Nucleus
11227_reviewed	Golgi apparatus membrane
29119_reviewed	Cytoplasm, cytoskeleton
8313_reviewed	Cytoplasm
10076_reviewed	Cell junction
2266_reviewed	Secreted
9542_reviewed	[Pro-neuregulin-2, membrane-bound isoform]: Cell membrane
9392_reviewed	Cytoplasm
7052_reviewed	Cell membrane
26354_reviewed	Nucleus
8396_reviewed	Endoplasmic reticulum membrane
1638_reviewed	Melanosome membrane
1050_reviewed	Nucleus
9134_reviewed	Nucleus
4661_reviewed	Nucleus
3694_reviewed	Cell membrane
10618_reviewed	Cell membrane; Single-pass type I membrane protein. Golgi apparatus, trans-Golgi network membrane; Single-pass type I membrane protein. Note=Primarily in trans-Golgi network. Cycles between the trans-Golgi network and the cell surface returning via endosomes
5045_reviewed	Golgi apparatus, trans-Golgi network membrane
55690_reviewed	Golgi apparatus, trans-Golgi network
51206_reviewed	[Isoform 1]: Cell membrane; Single-pass membrane protein
8106_reviewed	Nucleus
2046_reviewed	Cell membrane
161882_reviewed	Nucleus
8013_reviewed	Nucleus
171392_reviewed	Nucleus
7553_reviewed	Nucleus
37_reviewed	Mitochondrion inner membrane
4758_reviewed	Lysosome membrane; Peripheral membrane protein; Lumenal side. Lysosome lumen. Cell membrane. Cytoplasmic vesicle. Lysosome
5476_reviewed	Lysosome
10228_reviewed	Golgi apparatus membrane
9666_reviewed	Cytoplasm
5119_reviewed	Cytoplasm. Endosome membrane; Peripheral membrane protein. Nucleus matrix. Note=The cytoplasmic form is partially membrane-associated and localizes to early endosomes. The nuclear form remains associated with the chromosome scaffold during mitosis. On overexpression, it localizes to nuclear bodies characterized by nuclease-resistant condensed chromatin
27183_reviewed	Late endosome membrane
58497_reviewed	Cytoplasm. Nucleus. Cell junction, focal adhesion. Note=In some transfected cells a nuclear staining is also observed
5443_reviewed	Secreted
4160_reviewed	Cell membrane
4335_reviewed	Nucleus
54739_reviewed	Cytoplasm. Nucleus. Mitochondrion. Note=Found in the cytoplasm and nucleus of placental syncytiotrophoblasts. Translocates to mitochondria upon TNF treatment
9230_reviewed	Recycling endosome membrane
57111_reviewed	Cell membrane
5454_reviewed	Nucleus
51135_reviewed	Cytoplasm
56850_reviewed	Early endosome membrane
64395_reviewed	Nucleus matrix
1837_reviewed	Cytoplasm. Synapse. Cell membrane
51377_reviewed	Cytoplasm
55559_reviewed	Cytoplasm, cytoskeleton, microtubule organizing center, centrosome
2646_reviewed	Cytoplasm
2645_reviewed	Cytoplasm
5054_reviewed	Secreted
5004_reviewed	Secreted
6432_reviewed	Nucleus
10435_reviewed	Endomembrane system
398_reviewed	Cytoplasm
57381_reviewed	Cell membrane
921_reviewed	Cell membrane
22821_reviewed	Cell membrane
3959_reviewed	Secreted
23708_reviewed	Cytoplasm
1901_reviewed	Cell membrane
2977_reviewed	Cytoplasm
932_reviewed	Endomembrane system
3001_reviewed	[Isoform alpha]: Secreted
8125_reviewed	Nucleus
7375_reviewed	Cytoplasm
10598_reviewed	Cytoplasm, cytosol
65108_reviewed	Cytoplasm, cytoskeleton
9863_reviewed	Cytoplasm
51164_reviewed	Cytoplasm, cytoskeleton
10121_reviewed	Cytoplasm, cytoskeleton
29970_reviewed	Cytoplasm
5978_reviewed	Nucleus
54764_reviewed	Cytoplasm
6619_reviewed	Nucleus
10239_reviewed	Golgi apparatus. Cytoplasmic vesicle membrane
8546_reviewed	Cytoplasmic vesicle, clathrin-coated vesicle membrane
26985_reviewed	Golgi apparatus. Cytoplasmic vesicle membrane
55679_reviewed	Nucleus
2159_reviewed	Secreted
7035_reviewed	[Isoform Alpha]: Secreted
4058_reviewed	Cell membrane
9156_reviewed	Nucleus
4150_reviewed	Nucleus
4856_reviewed	Secreted
2000_reviewed	Nucleus, PML body
26092_reviewed	Nucleus inner membrane
80331_reviewed	Cytoplasm, cytosol
103_reviewed	[Isoform 1]: Cytoplasm
9627_reviewed	Cytoplasm
11315_reviewed	Cell membrane
5269_reviewed	Cytoplasm
51412_reviewed	Nucleus
51455_reviewed	Nucleus
30000_reviewed	Cytoplasm
8493_reviewed	Nucleus
51503_reviewed	Nucleus
6136_reviewed	Cytoplasm
22828_reviewed	Nucleus
9814_reviewed	Cytoplasm, cytoskeleton, microtubule organizing center, centrosome, centriole
6137_reviewed	Cytoplasm
4599_reviewed	Cytoplasm
2213_reviewed	Cell membrane; Single-pass type I membrane protein
10288_unreviewed	Cell membrane
3483_reviewed	Secreted, extracellular space
7352_reviewed	Mitochondrion inner membrane
51085_reviewed	Cytoplasm
10629_reviewed	Nucleus
27097_reviewed	Nucleus
117143_reviewed	Nucleus
9913_reviewed	Nucleus
10073_reviewed	Nucleus
80700_reviewed	Cytoplasm
10067_reviewed	Membrane; Multi-pass membrane protein
8315_reviewed	Cytoplasm
5134_reviewed	Nucleus, nucleolus
8991_reviewed	Nucleus
51132_reviewed	Nucleus
9097_reviewed	Cytoplasm
1576_reviewed	Endoplasmic reticulum membrane; Single-pass membrane protein. Microsome membrane
64112_reviewed	Cytoplasm, cytosol
6615_reviewed	Nucleus
60489_reviewed	Cytoplasm
23197_reviewed	Cytoplasm
51514_reviewed	Nucleus
4303_reviewed	Cytoplasm. Nucleus. Note=When phosphorylated, translocated from nucleus to cytoplasm. Dephosphorylation triggers nuclear translocation. Monoubiquitination increases nuclear localization. When deubiquitinated, translocated from nucleus to cytoplasm
4891_reviewed	[Isoform 1]: Early endosome membrane
80762_reviewed	Endosome membrane
64756_reviewed	Mitochondrion inner membrane
506_reviewed	Mitochondrion inner membrane
122953_reviewed	Nucleus
26145_reviewed	Nucleus
959_reviewed	Cell membrane
9179_reviewed	Golgi apparatus, trans-Golgi network membrane
1540_reviewed	Cytoplasm
23586_reviewed	Cytoplasm. Cell projection, ruffle membrane. Cytoplasm, cytoskeleton. Cell junction, tight junction. Note=Colocalized with TRIM25 at cytoplasmic perinuclear bodies. Associated with the actin cytoskeleton at membrane ruffles
7089_reviewed	Nucleus
8728_reviewed	Membrane; Single-pass type I membrane protein
94015_reviewed	Cell membrane
10196_reviewed	Cytoplasm, cytosol
6187_reviewed	Cytoplasm
54442_reviewed	Cytoplasm, cytosol
5563_reviewed	Cytoplasm
54994_reviewed	Cytoplasm
4289_reviewed	Cytoplasm
23746_reviewed	Cytoplasm
54512_reviewed	Cytoplasm
51010_reviewed	Cytoplasm
23471_reviewed	Endoplasmic reticulum membrane
4756_reviewed	Cell membrane; Single-pass type I membrane protein
5315_reviewed	[Isoform M2]: Cytoplasm
54461_reviewed	Cytoplasm
84447_reviewed	Endoplasmic reticulum membrane
7546_reviewed	Nucleus. Cytoplasm
285671_reviewed	Endoplasmic reticulum membrane; Single-pass membrane protein. Nucleus envelope
8916_reviewed	Cytoplasm. Cytoplasmic vesicle. Note=Also found in vesicular-like structures
6596_reviewed	Nucleus
54894_reviewed	Cell membrane; Single-pass type I membrane protein. Endoplasmic reticulum membrane; Single-pass type I membrane protein. Nucleus envelope. Note=According to a report, may be secreted
11047_reviewed	Cytoplasm
9253_reviewed	Cytoplasm
1158_reviewed	Cytoplasm
51009_reviewed	Endoplasmic reticulum membrane
56970_reviewed	Nucleus
23326_reviewed	Nucleus
83743_reviewed	Nucleus, nucleolus
51053_reviewed	Cytoplasm
55593_reviewed	Nucleus
7317_reviewed	Cytoplasm
9960_reviewed	Nucleus
5532_reviewed	Cytoplasm
29128_reviewed	Nucleus
57162_reviewed	Chromosome
51256_reviewed	Lysosome membrane
8521_reviewed	Nucleus
639_reviewed	Nucleus
7443_reviewed	Nucleus
23137_reviewed	Nucleus
79677_reviewed	Nucleus
10138_reviewed	Nucleus
23569_reviewed	Cytoplasm
7468_reviewed	Nucleus
30827_reviewed	Nucleus speckle
80335_reviewed	Nucleus
51666_reviewed	Cytoplasm
26013_reviewed	Nucleus
25766_reviewed	Nucleus speckle
23512_reviewed	Nucleus
6494_reviewed	Nucleus
79577_reviewed	Nucleus
9646_reviewed	Nucleus speckle
123169_reviewed	Nucleus
54623_reviewed	Nucleus
121536_reviewed	Nucleus
8833_reviewed	Cytoplasm, cytosol
10641_reviewed	Lysosome membrane
8131_reviewed	Lysosome membrane
54583_reviewed	Cytoplasm
3622_reviewed	Nucleus
84312_reviewed	Nucleus
54556_reviewed	Nucleus
80314_reviewed	Nucleus
26122_reviewed	Nucleus
64769_reviewed	Nucleus, nucleolus
23774_reviewed	Nucleus
7862_reviewed	Nucleus
130497_reviewed	Nucleus
64858_reviewed	Chromosome, telomere. Nucleus. Cytoplasm, cytoskeleton, microtubule organizing center, centrosome. Note=Mainly localizes to telomeres, recruited via its interaction with TERF2. During mitosis, localizes to the centrosome
9555_reviewed	Nucleus
9678_reviewed	[Isoform 1]: Nucleus
50943_reviewed	Nucleus
9683_reviewed	Cytoplasm, cytosol
7403_reviewed	Nucleus
8481_reviewed	Cytoplasm, cytoskeleton, microtubule organizing center, centrosome, centriole
9400_reviewed	[Isoform Beta]: Nucleus, nucleoplasm
7703_reviewed	Nucleus
80854_reviewed	Nucleus
23765_reviewed	[Isoform 1]: Cell membrane
112483_reviewed	Cytoplasm
9896_reviewed	Endosome membrane
55697_reviewed	Endosome membrane
51720_reviewed	Nucleus
10600_reviewed	Nucleus
139285_reviewed	Cytoplasm. Cell membrane; Peripheral membrane protein; Cytoplasmic side. Nucleus. Note=Shuttles between nucleus and cytoplasm. Detected in nuclear paraspeckles that are found close to splicing speckles. Translocates to the cell membrane following binding to PtdIns(4,5)P2
10868_reviewed	Cytoplasm
8266_reviewed	Cytoplasm, cytosol
439_reviewed	Cytoplasm
84101_reviewed	Nucleus
9825_reviewed	Cytoplasm
219333_reviewed	Nucleus
1762_reviewed	Cytoplasm
64854_reviewed	Cytoplasm
27005_reviewed	Cytoplasm
25862_reviewed	Nucleus
2517_reviewed	Lysosome
8314_reviewed	Cytoplasm
3607_reviewed	Nucleus
7398_reviewed	Nucleus
4139_reviewed	Cell membrane
29761_reviewed	Cytoplasm
154796_reviewed	Cell junction, tight junction
4798_reviewed	Nucleus
8975_reviewed	Cytoplasm
5496_reviewed	Cytoplasm
5694_reviewed	Cytoplasm
6472_reviewed	Mitochondrion
7023_reviewed	Nucleus
7126_reviewed	Cytoplasm. Nucleus. Endosome. Note=Colocalizes with RHOB in endosomes
80124_reviewed	Nucleus
23035_reviewed	Cytoplasm. Membrane; Peripheral membrane protein. Nucleus. Note=In colorectal cancer tissue, expression is concentrated in the cytoplasm and nucleus
57599_reviewed	Nucleus
79921_reviewed	Nucleus
10208_reviewed	Nucleus, Cajal body
8520_reviewed	[Isoform A]: Nucleus matrix
9092_reviewed	Nucleus
114883_reviewed	Late endosome membrane
9352_reviewed	Cytoplasm
9684_reviewed	Cytoplasm
10116_reviewed	Cytoplasm
91833_reviewed	Cytoplasm
10389_reviewed	Nucleus
10426_reviewed	Cytoplasm, cytoskeleton, microtubule organizing center, centrosome
10465_reviewed	Nucleus speckle
10493_reviewed	Cytoplasm, cytosol
126119_reviewed	Cytoplasm, cytosol
10768_reviewed	Endoplasmic reticulum
10845_reviewed	Mitochondrion
23122_reviewed	Chromosome, centromere, kinetochore
57695_reviewed	Nucleus
23382_reviewed	Cytoplasm
26121_reviewed	Nucleus
26263_reviewed	Cytoplasm
85015_reviewed	Photoreceptor inner segment
51185_reviewed	Cytoplasm
51608_reviewed	Cytoplasm, cytosol
51663_reviewed	Nucleus
54800_reviewed	Perikaryon. Cell projection, axon
54915_reviewed	Cytoplasm
55031_reviewed	Cytoplasm
55109_reviewed	Cytoplasm
55182_reviewed	Cytoplasm
55252_reviewed	Nucleus
55578_reviewed	Nucleus
56957_reviewed	Cytoplasm
55818_reviewed	Cytoplasm
57097_reviewed	Nucleus, nuclear pore complex
55905_reviewed	Cytoplasm
56257_reviewed	Nucleus
57602_reviewed	Nucleus, nucleolus
56919_reviewed	Nucleus, nucleolus
57646_reviewed	Nucleus, nucleoplasm
57673_reviewed	Nucleus
63893_reviewed	Cytoplasm
64398_reviewed	Golgi apparatus
64852_reviewed	Nucleus, nucleolus
64855_reviewed	Cytoplasm, cytosol. Cell junction, adherens junction. Membrane
79892_reviewed	Nucleus
80204_reviewed	Nucleus
80311_reviewed	Nucleus
7347_reviewed	Cytoplasm
81609_reviewed	Early endosome membrane
83892_reviewed	Nucleus
84142_reviewed	Nucleus
84861_reviewed	Cytoplasm, cytosol
85313_reviewed	Nucleus
122769_reviewed	Nucleus
129831_reviewed	Cytoplasm
137886_reviewed	Nucleus
143098_reviewed	Membrane; Peripheral membrane protein
154810_reviewed	Cell junction, tight junction
165324_reviewed	Golgi apparatus
192111_reviewed	Mitochondrion outer membrane
200845_reviewed	Cytoplasm, myofibril, sarcomere, M line
219743_reviewed	Peroxisome
221656_reviewed	Nucleus
283899_reviewed	Nucleus
54821_reviewed	Chromosome, centromere
9701_reviewed	Cytoplasm
10642_reviewed	Nucleus. Cytoplasm
51574_reviewed	Nucleus, nucleoplasm
79066_reviewed	Nucleus
10528_reviewed	Nucleus, nucleolus
79871_reviewed	Cytoplasm
9675_reviewed	Cytoplasm
10383_reviewed	Cytoplasm, cytoskeleton
124790_reviewed	Nucleus
221092_reviewed	Nucleus
10644_reviewed	Nucleus. Cytoplasm. Cytoplasm, P-body
6638_reviewed	Nucleus
6731_reviewed	Cytoplasm
10949_reviewed	Nucleus
23107_reviewed	Cytoplasm
121053_reviewed	Nucleus
9465_reviewed	[Isoform Alpha]: Lateral cell membrane; Lipid-anchor. Note=Targeted predominantly to the lateral membrane
3188_reviewed	Nucleus, nucleoplasm
10643_reviewed	Nucleus. Cytoplasm. Cytoplasm, P-body
64431_reviewed	Cytoplasm, cytoskeleton
51441_reviewed	Cytoplasm, cytosol
26015_reviewed	Nucleus
51602_reviewed	Nucleus, nucleolus
8531_reviewed	Cytoplasm. Nucleus
51184_reviewed	Cytoplasm
83860_reviewed	Nucleus
51807_reviewed	Cytoplasm, cytoskeleton
23435_reviewed	Nucleus
6730_reviewed	Cytoplasm
832_reviewed	Cytoplasm, cytoskeleton
6175_reviewed	Nucleus
3841_reviewed	Cytoplasm
9894_reviewed	Cytoplasm. Membrane. Nucleus. Chromosome, telomere
51637_reviewed	Nucleus
4343_reviewed	Cytoplasm, P-body
9987_reviewed	Nucleus
79913_reviewed	Nucleus
6203_reviewed	Cytoplasm
93973_reviewed	Nucleus
51253_reviewed	Mitochondrion
4076_reviewed	Cytoplasm, Cytoplasmic ribonucleoprotein granule
51530_reviewed	Nucleus
6941_reviewed	Nucleus
26018_reviewed	Cell membrane
27243_reviewed	Late endosome membrane
6792_reviewed	Nucleus
83990_reviewed	Nucleus
22909_reviewed	Nucleus
7805_reviewed	Lysosome membrane
540_reviewed	Golgi apparatus, trans-Golgi network membrane
85377_reviewed	Recycling endosome membrane
10460_reviewed	Cytoplasm
5827_reviewed	Peroxisome membrane; Multi-pass membrane protein
112495_reviewed	Nucleus
23133_reviewed	Nucleus
64100_reviewed	Secreted
55827_reviewed	Nucleus
25853_reviewed	Cytoplasm
3720_reviewed	Nucleus
22823_reviewed	Nucleus
79648_reviewed	Cytoplasm, cytoskeleton, microtubule organizing center, centrosome
5325_reviewed	Nucleus
4678_reviewed	Cytoplasm
22992_reviewed	Nucleus, nucleoplasm
55257_reviewed	Nucleus
57616_reviewed	Nucleus
55626_reviewed	Endoplasmic reticulum
25879_reviewed	Nucleus, nucleolus
54876_reviewed	Nucleus
80067_reviewed	Membrane
84759_reviewed	Nucleus
84678_reviewed	Nucleus, nucleolus
81559_reviewed	Cytoplasm
2023_reviewed	Cytoplasm
11329_reviewed	Nucleus
80233_reviewed	Nucleus
2187_reviewed	Nucleus
91442_reviewed	Nucleus
83933_reviewed	Cytoplasm
57132_reviewed	Cytoplasm, cytosol. Endosome. Late endosome membrane
4864_reviewed	Late endosome membrane
79594_reviewed	Mitochondrion outer membrane
55819_reviewed	Membrane
26001_reviewed	Lysosome membrane
84937_reviewed	Endosome. Lysosome. Membrane; Peripheral membrane protein. Cytoplasmic vesicle, secretory vesicle, synaptic vesicle membrane
4850_reviewed	Cytoplasm
255488_reviewed	Mitochondrion membrane
7844_reviewed	Endoplasmic reticulum membrane
57534_reviewed	Cytoplasm
220441_reviewed	Lysosome membrane
494470_reviewed	Nucleus
223082_reviewed	Endosome membrane
55284_reviewed	Nucleus
79102_reviewed	Endoplasmic reticulum membrane
26523_reviewed	Cytoplasm, P-body
152006_reviewed	Nucleus
51426_reviewed	Nucleus
51444_reviewed	Chromosome
196403_reviewed	Cytoplasm
64844_reviewed	Cytoplasm
23295_reviewed	Early endosome
54542_reviewed	Cytoplasm, P-body
9921_reviewed	Cytoplasm
9781_reviewed	Cell membrane
91445_reviewed	Mitochondrion outer membrane
54708_reviewed	Mitochondrion outer membrane
118424_reviewed	Endoplasmic reticulum membrane
2019_reviewed	Nucleus
51141_reviewed	Endoplasmic reticulum membrane
149628_reviewed	[Isoform 1]: Nucleus, nucleoplasm
6934_reviewed	Nucleus, PML body
2802_reviewed	Cytoplasm. Golgi apparatus, Golgi stack membrane; Peripheral membrane protein
127544_reviewed	Cytoplasmic granule membrane
7813_reviewed	Nucleus. Cytoplasm, cytoskeleton, microtubule organizing center, centrosome. Cytoplasm, cytoskeleton, spindle. Note=Associates with the mitotic spindle through anaphase and remains within the midzone and midbody until completion of cytokinesis
51028_reviewed	Cytoplasm. Endosome. Late endosome
79643_reviewed	Endomembrane system. Endosome membrane; Lipid-anchor. Late endosome membrane
79791_reviewed	Cytoplasm
56254_reviewed	Nucleus
51676_reviewed	Cytoplasm, cytoskeleton, stress fiber
51665_reviewed	Cytoplasm
140459_reviewed	Cytoplasm
140460_reviewed	Chromosome
83734_reviewed	Cytoplasm
55054_reviewed	Cytoplasm
9474_reviewed	Cytoplasm
25851_reviewed	Cytoplasmic vesicle, autophagosome membrane. Lysosome membrane. Note=Localizes to Lysosome membranes, and binds PtdIns(3)P at the surface of autophagosome. Localizes to autolysosomes, a vesicle formed by the fusion between autophagosomes and lysosomes
5289_reviewed	Midbody
30849_reviewed	Late endosome
7405_reviewed	Late endosome
22863_reviewed	Cytoplasm
9711_reviewed	Late endosome
29982_reviewed	Nucleus
80183_reviewed	Cytoplasmic vesicle, autophagosome membrane
60673_reviewed	Cytoplasm
9776_reviewed	Cytoplasm, cytosol
10645_reviewed	Nucleus
1201_reviewed	Lysosome membrane
1355_reviewed	Mitochondrion inner membrane
51144_reviewed	Endoplasmic reticulum membrane
8402_reviewed	Mitochondrion inner membrane
6185_reviewed	Endoplasmic reticulum
1468_reviewed	Mitochondrion inner membrane; Multi-pass membrane protein
79751_reviewed	Mitochondrion inner membrane
1650_reviewed	Endoplasmic reticulum membrane
1374_reviewed	Mitochondrion outer membrane
283643_reviewed	Cell projection, cilium
2631_reviewed	Mitochondrion matrix
3030_reviewed	Mitochondrion inner membrane
64223_reviewed	Lysosome membrane
84078_reviewed	Cytoplasm
89890_reviewed	Cytoplasm
79736_reviewed	Mitochondrion matrix
79863_reviewed	Mitochondrion
387338_reviewed	Mitochondrion
3996_reviewed	Early endosome membrane
54958_reviewed	Mitochondrion inner membrane
23008_reviewed	Nucleus
53917_reviewed	Cytoplasm, cytosol
6788_reviewed	Cytoplasm
3032_reviewed	Endoplasmic reticulum
60485_reviewed	Nucleus
79876_reviewed	Cytoplasm
79885_reviewed	Nucleus
11198_reviewed	Nucleus
51547_reviewed	Nucleus, nucleolus
5309_reviewed	Nucleus
3008_reviewed	Nucleus
63925_reviewed	Nucleus
79447_reviewed	Nucleus
4299_reviewed	Nucleus
54888_reviewed	Nucleus, nucleolus
6400_reviewed	Endoplasmic reticulum membrane
3156_reviewed	Endoplasmic reticulum membrane
387521_reviewed	Endoplasmic reticulum membrane
378884_reviewed	Endoplasmic reticulum. Nucleus. Note=Localizes at the endoplasmic reticulum and, to a lesser extent, in the nucleus
84146_reviewed	Nucleus
6744_reviewed	Cytoplasm
5597_reviewed	Cytoplasm
9750_reviewed	Cytoplasm
23242_reviewed	Cell membrane
54521_reviewed	Cytoplasm, cytosol
91748_reviewed	Nucleus
9792_reviewed	Nucleus
9775_reviewed	Nucleus
29028_reviewed	Nucleus
55038_reviewed	Nucleus
57167_reviewed	Cytoplasm. Nucleus
79923_reviewed	Nucleus
84458_reviewed	Nucleus
7767_reviewed	Nucleus
8720_reviewed	Endoplasmic reticulum membrane
2145_reviewed	Nucleus
9557_reviewed	Nucleus
10038_reviewed	Nucleus
116443_reviewed	Cell membrane
51154_reviewed	Nucleus, nucleolus
200558_reviewed	Nucleus
3161_reviewed	Cell surface
59348_reviewed	Nucleus. Nucleus matrix. Note=Associated with the nuclear matrix
118_reviewed	Cytoplasm, cytoskeleton. Cell membrane; Peripheral membrane protein; Cytoplasmic side
80012_reviewed	Nucleus
140690_reviewed	Cytoplasm. Nucleus
54496_reviewed	Cytoplasm, cytosol
113130_reviewed	Nucleus
23047_reviewed	Nucleus
3070_reviewed	Nucleus
63978_reviewed	Nucleus
10432_reviewed	Nucleus
89884_reviewed	Nucleus
4010_reviewed	Nucleus
4212_reviewed	Nucleus
7342_reviewed	Nucleus
27287_reviewed	Nucleus
30012_reviewed	Nucleus
8216_reviewed	Endomembrane system
57862_reviewed	Nucleus
84307_reviewed	[Isoform 1]: Nucleus
57727_reviewed	Nucleus
221504_reviewed	Nucleus
89870_reviewed	Cytoplasm
10956_reviewed	Endoplasmic reticulum lumen
112399_reviewed	Nucleus
80232_reviewed	Cytoplasm
25855_reviewed	Nucleus. Cytoplasm. Note=Predominantly nuclear
5268_reviewed	Secreted, extracellular space
3207_reviewed	Nucleus
25949_reviewed	Nucleus
1112_reviewed	Nucleus
29803_reviewed	Nucleus
4101_unreviewed	Nucleus. Nucleus, PML body
3090_reviewed	Nucleus
84787_reviewed	Nucleus. Chromosome
79685_reviewed	[Isoform 1]: Nucleus, nucleolus
11277_reviewed	Nucleus
23410_reviewed	Mitochondrion matrix
79813_reviewed	Nucleus
26054_reviewed	Nucleus
5626_reviewed	Nucleus
2116_reviewed	Nucleus
6007_reviewed	Cell membrane
92421_reviewed	Cytoplasm, cytosol. Late endosome membrane
53347_reviewed	Cytoplasm. Nucleus
114803_reviewed	Nucleus
7444_reviewed	[Isoform 1]: Cytoplasm
22985_reviewed	Nucleus. Nucleus speckle. Nucleus, nucleoplasm. Note=Phosphorylation on Ser-1180 by SRPK2 redistributes it from the nuclear speckles to the nucleoplasm
28999_reviewed	Nucleus
84959_reviewed	Cytoplasm
10724_reviewed	[Isoform 3]: Nucleus
60592_reviewed	Golgi apparatus membrane
100316904_reviewed	Nucleus
3006_reviewed	Nucleus
57621_reviewed	Nucleus
147923_reviewed	Nucleus
6591_reviewed	Nucleus
579_reviewed	Nucleus
6594_reviewed	Nucleus
8522_reviewed	Cytoplasm
387332_reviewed	Cytoplasm
51773_reviewed	Nucleus
4799_reviewed	Nucleus
157570_reviewed	Nucleus
9643_reviewed	Nucleus
339287_reviewed	Nucleus
55167_reviewed	Nucleus
10943_reviewed	Nucleus
10732_reviewed	Nucleus
2115_reviewed	Nucleus
5794_reviewed	Cell projection, microvillus membrane
3291_reviewed	Microsome
23132_reviewed	Nucleus
57504_reviewed	Nucleus
128674_reviewed	Cell membrane
255877_reviewed	Nucleus
347733_reviewed	Cytoplasm, cytoskeleton
58517_reviewed	Nucleus speckle. Cytoplasm. Note=Colocalizes predominantly, with SFRS2 and LUC7L3 splicing factors, in nuclear speckles. Cytoplasmic localization is faint
2021_reviewed	Mitochondrion
342371_reviewed	Nucleus
80155_reviewed	Cytoplasm. Nucleus. Note=Mainly cytoplasmic, nuclear in some cases. Present in the free cytosolic and cytoskeleton-bound polysomes, but not in the membrane-bound polysomes
134353_reviewed	Nucleus
7884_reviewed	Cytoplasm
10277_reviewed	Cytoplasm
115426_reviewed	Nucleus
57092_reviewed	Nucleus
55536_reviewed	Cytoplasm. Nucleus. Note=Associates with chromatin. Translocates from cytoplasm to nucleus under dexamethasone induction
57763_reviewed	Cytoplasm, cytoskeleton
9682_reviewed	Nucleus
83983_reviewed	Cytoplasm, cytoskeleton, flagellum axoneme
125997_reviewed	Nucleus
80063_reviewed	Nucleus
84875_reviewed	Nucleus, nucleolus
50_reviewed	Mitochondrion
144717_reviewed	Early endosome
4952_reviewed	Cell projection, cilium, photoreceptor outer segment
150368_reviewed	Early endosome
4435_reviewed	Nucleus
7101_reviewed	Nucleus
64344_reviewed	Nucleus
387893_reviewed	Nucleus
55655_reviewed	Cytoplasm
22897_reviewed	Cytoplasm, cytoskeleton, microtubule organizing center, centrosome, centriole
112398_reviewed	Nucleus
402569_reviewed	Nucleus
55759_reviewed	Nucleus, nucleolus
1620_reviewed	Cytoplasm
54887_reviewed	Late endosome
353376_reviewed	[Isoform 1]: Cytoplasm
7629_reviewed	Nucleus
10553_reviewed	Cytoplasm
5081_reviewed	Nucleus
2305_reviewed	Nucleus
2627_reviewed	Nucleus
56259_reviewed	[Isoform 1]: Nucleus
57379_reviewed	Nucleus
353497_reviewed	Nucleus
9975_reviewed	Nucleus
79728_reviewed	Nucleus
1965_reviewed	Cytoplasm, Stress granule
79365_reviewed	Nucleus
55893_reviewed	Cytoplasm. Nucleus. Note=May shuttle between nucleus and cytoplasm
8479_reviewed	Nucleus
6121_reviewed	Cytoplasm
376497_reviewed	Cell membrane
22878_reviewed	Golgi apparatus, cis-Golgi network
3068_reviewed	[Isoform 1]: Nucleus
55869_reviewed	Nucleus
5017_reviewed	Nucleus
51230_reviewed	Nucleus
64092_reviewed	Nucleus
54799_reviewed	Nucleus
81887_reviewed	Nucleus, nucleolus
26168_reviewed	Nucleus, nucleolus
4300_reviewed	Nucleus
3899_reviewed	Nucleus
80237_reviewed	Nucleus
8971_reviewed	Nucleus
1053_reviewed	Nucleus
54904_reviewed	Nucleus
6909_reviewed	Nucleus
6124_reviewed	Cytoplasm
7552_reviewed	Nucleus
10541_reviewed	[Isoform 1]: Nucleus
201161_reviewed	Chromosome, centromere, kinetochore
7466_reviewed	Endoplasmic reticulum membrane
70_reviewed	Cytoplasm, cytoskeleton
6141_reviewed	Cytoplasm, cytosol
6130_reviewed	Cytoplasm
6202_reviewed	Cytoplasm
83844_reviewed	Nucleus
55291_reviewed	Cytoplasm. Nucleus
22870_reviewed	Cytoplasm
9794_reviewed	Nucleus speckle
64718_reviewed	[Isoform 4]: Cytoplasm. Nucleus. Note=Isoform 4 is primarily localized in the cytoplasm but has the ability to shuttle between the nucleus and the cytoplasm
6603_reviewed	Nucleus
65123_reviewed	Nucleus
26512_reviewed	Nucleus
55174_reviewed	Nucleus
80789_reviewed	Nucleus
92105_reviewed	Nucleus
25896_reviewed	Nucleus
55756_reviewed	Nucleus
81556_reviewed	Nucleus
79034_reviewed	Nucleus
79035_reviewed	Nucleus
64859_reviewed	Nucleus
29089_reviewed	Nucleus
9878_reviewed	Nucleus
9937_reviewed	Nucleus
56916_reviewed	Nucleus
26155_reviewed	Nucleus, nucleoplasm. Nucleus, nucleolus. Note=Translocates from the nucleoli to the nucleoplasm in presence of several stressors like ultraviolet irradiation and actinomycin-D. Predominantly detected in the nucleoli in non-mitotic cells. Predominantly detected in nucleoplasma in cells undergoing mitosis
65018_reviewed	Mitochondrion outer membrane
155061_reviewed	Cytoplasm
1815_reviewed	Cell membrane
4190_reviewed	Cytoplasm, cytosol
800_reviewed	Cytoplasm, cytoskeleton
4157_reviewed	Cell membrane
23621_reviewed	Cell membrane
200933_reviewed	Secreted
55529_reviewed	Late endosome membrane
51534_reviewed	Cytoplasm
51510_reviewed	Cytoplasm, cytosol
55072_reviewed	Cytoplasm
80020_reviewed	Endoplasmic reticulum lumen
117584_reviewed	Cytoplasm, cytosol. Cell membrane; Peripheral membrane protein. Recycling endosome membrane
90780_reviewed	Nucleus
3663_reviewed	Cytoplasm
27145_reviewed	Cytoplasm, cytoskeleton
104_reviewed	Nucleus
6233_reviewed	[Small ribosomal subunit protein eS31]: Cytoplasm
6201_reviewed	Cytoplasm, cytoskeleton, microtubule organizing center, centrosome
6049_reviewed	Nucleus
55669_reviewed	Mitochondrion outer membrane
340061_reviewed	Endoplasmic reticulum membrane
1959_reviewed	Nucleus
56899_reviewed	Cytoplasm
6199_reviewed	Cytoplasm. Nucleus
79759_reviewed	Nucleus
165918_reviewed	Nucleus
163786_reviewed	Cytoplasm, cytoskeleton, microtubule organizing center, centrosome
54332_reviewed	Mitochondrion outer membrane
11160_reviewed	Endoplasmic reticulum membrane
29101_reviewed	Nucleus. Cytoplasm. Note=Predominantly in the cytosol
2119_reviewed	Nucleus
2118_reviewed	Nucleus
92181_reviewed	Cytoplasm
8780_reviewed	Cytoplasm, cytosol
88455_reviewed	Cell membrane
201626_reviewed	Mitochondrion matrix
64786_reviewed	Cytoplasm
55658_reviewed	Cytoplasm
9927_reviewed	Mitochondrion outer membrane
820_reviewed	Secreted
23528_reviewed	Nucleus
7702_reviewed	Nucleus
373509_reviewed	Cytoplasm
182_reviewed	Membrane; Single-pass type I membrane protein. Cell membrane
6059_reviewed	Cytoplasm
55737_reviewed	Cytoplasm. Membrane; Peripheral membrane protein. Endosome
253725_reviewed	Early endosome membrane
9779_reviewed	Endosome membrane
23325_reviewed	Early endosome
100287171_reviewed	Early endosome membrane
9897_reviewed	Cytoplasm, cytosol
125476_reviewed	Nucleus
83444_reviewed	Nucleus
54891_reviewed	Nucleus
23409_reviewed	Mitochondrion matrix
3416_reviewed	Cytoplasm, cytosol
292_reviewed	Mitochondrion inner membrane
54552_reviewed	Nucleus, nucleolus
8328_reviewed	Nucleus
10782_reviewed	Cytoplasm
27292_reviewed	Nucleus, nucleoplasm
11056_reviewed	Nucleus, nucleolus
6050_reviewed	Cytoplasm
10556_reviewed	Nucleus, nucleolus
4141_reviewed	Cytoplasm, cytosol
5093_reviewed	Nucleus
53918_reviewed	Cytoplasm
5689_reviewed	Cytoplasm
9361_reviewed	Mitochondrion matrix
8813_reviewed	Endoplasmic reticulum
6184_reviewed	Endoplasmic reticulum membrane
6259_reviewed	Membrane
374383_reviewed	Cell membrane
10294_reviewed	Membrane
7277_reviewed	Cytoplasm, cytoskeleton
8604_reviewed	Mitochondrion inner membrane
10165_reviewed	Mitochondrion inner membrane
55705_reviewed	Cytoplasm
6576_reviewed	Mitochondrion inner membrane
219_reviewed	Mitochondrion matrix
3420_reviewed	Mitochondrion
4722_reviewed	Mitochondrion inner membrane
5832_reviewed	Mitochondrion
4719_reviewed	Mitochondrion inner membrane
4720_reviewed	Mitochondrion inner membrane
6748_reviewed	Endoplasmic reticulum membrane; Single-pass type I membrane protein
582_reviewed	Cell projection, cilium membrane. Cytoplasm. Cytoplasm, cytoskeleton, microtubule organizing center, centrosome, centriolar satellite
9148_reviewed	Cytoplasm, perinuclear region
1211_reviewed	Cytoplasmic vesicle membrane; Peripheral membrane protein; Cytoplasmic side. Membrane, coated pit; Peripheral membrane protein; Cytoplasmic side. Cytoplasm, cytoskeleton, spindle
151648_reviewed	Nucleus
23141_reviewed	Endoplasmic reticulum membrane
55596_reviewed	Nucleus, nucleoplasm
23517_reviewed	Nucleus, nucleoplasm
4026_reviewed	Nucleus. Cytoplasm. Cell junction. Cell membrane. Note=Found in the nucleus, in the cytoplasm and at cell adhesion sites. Shuttles between the cytoplasm and the nucleus. It has been found in sites of cell adhesion such as cell-to-cell contact and focal adhesion which are membrane attachment sites of cells to the extracellular matrix. Mainly nuclear when fused with HMGA2/HMGIC and KMT2A/MLL1
5521_reviewed	[Isoform 1]: Cytoplasm
221150_reviewed	Cytoplasm, cytoskeleton, spindle. Chromosome, centromere, kinetochore
116224_reviewed	Nucleus
51278_reviewed	Nucleus
83858_reviewed	Mitochondrion inner membrane
10382_reviewed	Cytoplasm, cytoskeleton
383_reviewed	Cytoplasm
1509_reviewed	Lysosome. Melanosome. Secreted, extracellular space. Note=Identified by mass spectrometry in melanosome fractions from stage I to stage IV. In aortic samples, detected as an extracellular protein loosely bound to the matrix (PubMed:20551380)
3396_reviewed	Mitochondrion
55794_reviewed	Nucleus
65008_reviewed	Mitochondrion
124995_reviewed	Mitochondrion
6182_reviewed	Mitochondrion matrix
28998_reviewed	Mitochondrion
29074_reviewed	Mitochondrion
9801_reviewed	Mitochondrion
6150_reviewed	Mitochondrion
10573_reviewed	Mitochondrion
11222_reviewed	Mitochondrion
54148_reviewed	Mitochondrion
51073_reviewed	Mitochondrion
57129_reviewed	Mitochondrion
54534_reviewed	Mitochondrion
65005_reviewed	Mitochondrion
28957_reviewed	Mitochondrion
10884_reviewed	Mitochondrion
79922_reviewed	Mitochondrion matrix
26147_reviewed	Nucleus
51692_reviewed	Nucleus
81027_reviewed	Cytoplasm, cytoskeleton
23387_reviewed	Cytoplasm
192669_reviewed	Cytoplasm, P-body
192670_reviewed	Cytoplasm, P-body
55139_reviewed	Cytoplasm
301_reviewed	Nucleus
85409_reviewed	Cell membrane
23043_reviewed	Nucleus. Cytoplasm. Recycling endosome. Cytoplasm, cytoskeleton. Note=Associated with recycling endosomes and the cytoskeletal fraction upon RAP2A overexpression
55971_reviewed	Cytoplasm, cytoskeleton
9110_reviewed	Early endosome membrane
80325_reviewed	Cytoplasm
116092_reviewed	Nucleus
11236_reviewed	Endoplasmic reticulum membrane
54487_reviewed	Nucleus
29102_reviewed	Nucleus
79845_reviewed	Golgi apparatus
4736_reviewed	Cytoplasm
1968_reviewed	Cytoplasm, cytosol
149603_reviewed	Cytoplasm
498_reviewed	Mitochondrion
55159_reviewed	Nucleus
11104_reviewed	Cytoplasm
3344_reviewed	Nucleus
5414_reviewed	Cytoplasm
57561_reviewed	Cytoplasm
80176_reviewed	Cytoplasm
92369_reviewed	Cytoplasm
84727_reviewed	Cytoplasm
7098_reviewed	Endoplasmic reticulum membrane; Single-pass type I membrane protein. Endosome membrane. Early endosome
28514_reviewed	Apical cell membrane
6339_reviewed	Apical cell membrane
57506_reviewed	Mitochondrion outer membrane
684_reviewed	Golgi apparatus, trans-Golgi network. Cell membrane
5916_reviewed	Cytoplasm
55722_reviewed	Cytoplasm, cytoskeleton, microtubule organizing center, centrosome
8445_reviewed	Cytoplasm. Nucleus. Note=Translocates into the nucleus following DNA damage
57118_reviewed	Cytoplasm
84851_reviewed	Cytoplasm
3123_reviewed	Cell membrane
6440_reviewed	Secreted, extracellular space, surface film
55432_reviewed	Cytoplasm
23111_reviewed	Cytoplasm
64798_reviewed	Lysosome membrane
79585_reviewed	Golgi apparatus membrane. Golgi apparatus, trans-Golgi network. Cytoplasmic vesicle
9903_reviewed	Cytoplasm, cytoskeleton, spindle
10206_reviewed	Endoplasmic reticulum membrane
5920_reviewed	Membrane
26043_reviewed	Nucleus
51035_reviewed	Cytoplasm
79058_reviewed	Endomembrane system
7993_reviewed	Endoplasmic reticulum membrane
23190_reviewed	Endoplasmic reticulum membrane
127733_reviewed	Cell projection, cilium
116138_reviewed	Cytoplasm
55717_reviewed	Cytoplasm, cytoskeleton, cilium basal body
51528_reviewed	Endoplasmic reticulum membrane
55131_reviewed	Nucleus, nucleolus
56342_reviewed	Nucleus, nucleolus
6132_reviewed	Cytoplasm
23521_reviewed	Cytoplasm
1656_reviewed	Cytoplasm, P-body
6780_reviewed	Cytoplasm
6900_reviewed	Cell membrane; Lipid-anchor, GPI-anchor. Note=Attached to the neuronal membrane by a GPI-anchor and is also released from neurons
48_reviewed	Cytoplasm, cytosol
11342_reviewed	Endoplasmic reticulum membrane
132660_reviewed	Nucleus
4929_reviewed	Cytoplasm
23063_reviewed	[Isoform 2]: Nucleus
26130_reviewed	Membrane
23034_reviewed	Cytoplasm
3993_reviewed	Cytoplasm
1060_reviewed	Nucleus
1666_reviewed	Mitochondrion
6238_reviewed	Endoplasmic reticulum membrane
92344_reviewed	Cytoplasm
6648_reviewed	Mitochondrion matrix
3805_reviewed	Cell membrane; Single-pass type I membrane protein. Early endosome membrane
92552_reviewed	Nucleus
10299_reviewed	Endoplasmic reticulum membrane
248_reviewed	Cell membrane
11169_reviewed	Nucleus, nucleoplasm
10869_reviewed	Endoplasmic reticulum membrane
144699_reviewed	Cytoplasm
185_reviewed	Cell membrane
5243_reviewed	Membrane
64135_reviewed	Cytoplasm
26524_reviewed	Cytoplasm, cytoskeleton, microtubule organizing center, centrosome. Cytoplasm. Cytoplasm, cytoskeleton, spindle pole. Nucleus. Note=Colocalizes with AURKA at the centrosomes during interphase, early prophase and cytokinesis. Migrates to the spindle poles during mitosis, and to the midbody during cytokinesis. Translocates to the nucleus upon mitotic stress by nocodazole treatment
23644_reviewed	Cytoplasm, P-body
196513_reviewed	Cytoplasm
57447_reviewed	Cytoplasm. Cytoplasm, perinuclear region. Cell projection, growth cone
481_reviewed	Cell membrane
10613_reviewed	Endoplasmic reticulum membrane
5230_reviewed	Cytoplasm, cytosol
93343_reviewed	Cytoplasm. Nucleus. Endosome. Cytoplasm, cytoskeleton, microtubule organizing center, centrosome. Late endosome membrane
89853_reviewed	Endosome
1736_reviewed	[Isoform 1]: Nucleus, nucleolus
55164_reviewed	Cytoplasm, cytosol
1002_reviewed	Cell membrane; Single-pass type I membrane protein
931_reviewed	Cell membrane
22803_reviewed	Nucleus, nucleolus
55638_reviewed	[Isoform 1]: Cytoplasm, cytoskeleton. Cytoplasmic vesicle. Note=Colocalizes with syntaxin vesicles along microtubules in neuronal processes
54462_reviewed	Cytoplasm, cytoskeleton
85458_reviewed	Cell junction, focal adhesion
55763_reviewed	Midbody, Midbody ring
84662_reviewed	Nucleus speckle
10467_reviewed	Nucleus
57531_reviewed	Golgi apparatus, Golgi stack membrane
9867_reviewed	Cytoplasm
80829_reviewed	Nucleus
83590_reviewed	Membrane
23397_reviewed	Nucleus
339390_reviewed	Cell membrane; Single-pass type II membrane protein
25865_reviewed	Cytoplasm
55149_reviewed	Cytoplasm
64343_reviewed	Cytoplasm
81030_reviewed	Cytoplasm
27143_reviewed	Cytoplasm, cytosol
84898_reviewed	Membrane
57003_reviewed	Endoplasmic reticulum membrane
64848_reviewed	Cytoplasm
3703_reviewed	Endoplasmic reticulum
11213_reviewed	Cytoplasm
64207_reviewed	Nucleus
359948_reviewed	Cytoplasm. Nucleus
3664_reviewed	Nucleus
55006_reviewed	Mitochondrion matrix
79132_reviewed	Cytoplasm
27067_reviewed	Cytoplasm. Nucleus. Nucleus, nucleolus. Endoplasmic reticulum. Note=Shuttles between the nucleolus, nucleus and the cytoplasm. Nuclear export of isoform 1 is independent of XPO1/CRM1 and requires the exportin XPO5. Nuclear export of isoform 2 and isoform 3 can occur by both XPO1/CRM1-dependent and XPO1/CRM1-independent pathways. Found in large cytoplasmic ribonucleoprotein (RNP) granules which are present in the actin rich regions of myelinating processes and associated with microtubules, polysomes and the endoplasmic reticulum. Also recruited to stress granules (SGs) upon inhibition of translation or oxidative stress. These structures are thought to harbor housekeeping mRNAs when translation is aborted (By similarity)
22907_reviewed	Cytoplasm
55922_reviewed	Nucleus, nucleolus
25939_reviewed	Nucleus
4940_reviewed	Cytoplasm. Nucleus
9354_reviewed	Cytoplasm
117246_reviewed	Nucleus, nucleolus
4354_reviewed	Cell membrane
23567_reviewed	Nucleus, nucleolus
23098_reviewed	Cytoplasm
27069_reviewed	Mitochondrion inner membrane
79671_reviewed	Mitochondrion outer membrane
79143_reviewed	Endoplasmic reticulum membrane
8879_reviewed	Endoplasmic reticulum membrane
6836_reviewed	Endoplasmic reticulum membrane
79065_reviewed	Preautophagosomal structure membrane
55787_reviewed	Nucleus membrane
81622_reviewed	Endoplasmic reticulum membrane
1209_reviewed	Membrane
81037_reviewed	Endoplasmic reticulum membrane
56889_reviewed	Membrane
81555_reviewed	Endoplasmic reticulum membrane
84206_reviewed	Nucleus
56902_reviewed	Nucleus, nucleolus
83541_reviewed	Cytoplasm
81610_reviewed	Cytoplasm
1780_reviewed	Cytoplasm
26135_reviewed	Cytoplasm
81533_reviewed	Secreted
7905_reviewed	Endoplasmic reticulum membrane
1850_reviewed	Cytoplasm
2634_reviewed	Cytoplasmic vesicle membrane
79723_reviewed	Nucleus
9404_reviewed	Cytoplasm. Cell junction, focal adhesion. Nucleus. Cytoplasm, perinuclear region
375484_reviewed	Nucleus, PML body
254251_reviewed	Nucleus
54951_reviewed	Cytoplasm
23412_reviewed	Cytoplasm
27330_reviewed	Cytoplasm, cytosol
5695_reviewed	Cytoplasm
5690_reviewed	Cytoplasm
9738_reviewed	Cytoplasm, cytoskeleton, microtubule organizing center, centrosome, centriole
79598_reviewed	Cytoplasm, cytoskeleton, microtubule organizing center, centrosome
84250_reviewed	Nucleus
2629_reviewed	Lysosome membrane
10381_reviewed	Cytoplasm, cytoskeleton
728489_reviewed	Mitochondrion
8820_reviewed	Nucleus
92714_reviewed	Cell membrane
4350_reviewed	Cytoplasm
57508_reviewed	Nucleus
90025_reviewed	Cytoplasm
1193_reviewed	Cytoplasm
7881_reviewed	Cytoplasm
782_reviewed	Cell membrane, sarcolemma
55803_reviewed	Cytoplasm
84081_reviewed	Nucleus
9529_reviewed	Note=In cardiomyocytes, localized at specialized membrane contact sites between T-tubules and the sarcoplasmic reticulum, known as junctional membrane complexes
83987_reviewed	Cytoplasm
5105_reviewed	Cytoplasm, cytosol
5250_reviewed	Mitochondrion inner membrane
51438_reviewed	Cytoplasm
57692_reviewed	Cytoplasm, perinuclear region
197370_reviewed	Nucleus
54551_reviewed	Early endosome
54780_reviewed	Nucleus
115548_reviewed	Membrane, clathrin-coated pit
81847_reviewed	Cytoplasm, cytosol. Nucleus. Note=Translocates to the nucleus after DNA damage, such as laser-induced DNA breaks, and concentrates at DNA breaks. This translocation requires PARP1 activation and PAR-binding
899_reviewed	Nucleus
23210_reviewed	Nucleus, nucleoplasm
8019_reviewed	Nucleus
65980_reviewed	Nucleus
51319_reviewed	Nucleus
157313_reviewed	Nucleus
84950_reviewed	Nucleus
55147_reviewed	Nucleus
6433_reviewed	Nucleus
10929_reviewed	Nucleus
1994_reviewed	Cytoplasm
29855_reviewed	Nucleus, nucleoplasm. Nucleus, PML body. Cell junction, tight junction. Note=Localized as a nuclear speckled-like pattern in proliferating primary fibroblasts. Colocalizes with HIRA, PML and SP100 in PML bodies of senescent cells. Colocalizes with TJP1 and CLDN1. Detected along the upper granular cell layer of epidermis. When overexpressed, accumulates in the nucleus in cells showing defective cytokinesis
55352_reviewed	Nucleus
50804_reviewed	Nucleus
11152_reviewed	Preautophagosomal structure
23109_reviewed	Cell projection, dendritic spine membrane; Peripheral membrane protein. Cytoplasm. Endoplasmic reticulum membrane
27076_reviewed	Cell membrane; Lipid-anchor, GPI-anchor
79918_reviewed	Nucleus
51043_reviewed	Nucleus
54930_reviewed	Cytoplasm, cytoskeleton, microtubule organizing center, centrosome
54801_reviewed	Cytoplasm, cytoskeleton
79441_reviewed	Cytoplasm, cytoskeleton, microtubule organizing center, centrosome
115106_reviewed	Cytoplasm
55142_reviewed	Cytoplasm, cytoskeleton, microtubule organizing center, centrosome
23354_reviewed	Cytoplasm, cytoskeleton, microtubule organizing center, centrosome
93323_reviewed	Cytoplasm
23030_reviewed	Nucleus
10397_reviewed	Cytoplasm, cytosol. Cytoplasm, cytoskeleton, microtubule organizing center, centrosome. Nucleus. Cell membrane. Note=Mainly cytoplasmic but differentially localized to other regions. Associates with the plasma membrane in intestinal epithelia and lactating mammary gland. Translocated to the nucleus in a p53/TP53-dependent manner. In prostate epithelium and placental chorion, located in both the cytoplasm and in the nucleus. No nuclear localization in colon epithelium cells. In intestinal mucosa, prostate and renal cortex, located predominantly adjacent to adherens junctions. Cytoplasmic with granular staining in proximal tubular cells of the kidney and salivary gland ducts. Recruits to the membrane of recycling/sorting and late endosomes via binding to phosphatidylinositol 4-phosphate. Associates with microtubules. Colocalizes with TUBG1 in the centrosome. Cytoplasmic location increased with hypoxia. Phosphorylated form found associated with centromeres during S-phase of mitosis and with the plasma membrane
3009_reviewed	Nucleus
3939_reviewed	Cytoplasm
29781_reviewed	Nucleus
23310_reviewed	Nucleus
54892_reviewed	Nucleus
9625_reviewed	Membrane
64651_reviewed	Nucleus
163882_reviewed	Cell membrane
286262_reviewed	Cell projection, stereocilium
170954_reviewed	[Isoform 1]: Cytoplasm, cytoskeleton
23368_reviewed	Cytoplasm
153769_reviewed	Nucleus
161742_reviewed	Cell membrane
55166_reviewed	Nucleus
79682_reviewed	Cytoplasm. Nucleus. Chromosome, centromere, kinetochore. Note=Localizes in the kinetochore domain of centromeres. Colocalizes with PLK1 at the interzone between the inner and the outer kinetochore plates
80152_reviewed	Nucleus. Chromosome, centromere
401541_reviewed	Nucleus
1447_reviewed	Secreted
55854_reviewed	Cytoplasm
6604_reviewed	Nucleus
476_reviewed	Cell membrane
55355_reviewed	Nucleus, nucleolus. Chromosome, centromere. Note=Localizes in centromeres during late telophase and early G1, when CENPA nucleosomes are assembled. Localizes to nucleolus during S phase, nucleolus site being often related to storage
64714_reviewed	Endoplasmic reticulum lumen
59338_reviewed	Cytoplasm
4154_reviewed	Nucleus
57654_reviewed	Chromosome
23039_reviewed	Cytoplasm
23194_reviewed	Cytoplasm, cytoskeleton, microtubule organizing center, centrosome
3005_reviewed	Nucleus
25827_reviewed	Membrane
7270_reviewed	Nucleus
140685_reviewed	Nucleus
27351_reviewed	Cytoplasm
11339_reviewed	Nucleus
2491_reviewed	Nucleus. Chromosome, centromere. Note=Localizes exclusively in the centromeres. The CENPA-CAD complex is probably recruited on centromeres by the CENPA-NAC complex
55839_reviewed	Nucleus. Chromosome, centromere, kinetochore. Note=Localizes exclusively in the kinetochore domain of centromeres. Kinetochore-bound levels decrease when cells enter mitosis and increase again when cells exit mitosis
23126_reviewed	Nucleus
23394_reviewed	Nucleus
22850_reviewed	Nucleus
54816_reviewed	Nucleus
4863_reviewed	Nucleus
10461_reviewed	Cell membrane
5596_reviewed	Cytoplasm
11077_reviewed	Cytoplasm
79884_reviewed	Cytoplasm
10658_reviewed	Nucleus
83732_reviewed	Cytoplasm, cytosol
9024_reviewed	Cytoplasm, cytoskeleton, microtubule organizing center, centrosome. Cytoplasm, perinuclear region. Endoplasmic reticulum. Note=Detected at centrosomes during mitosis. Localizes to the endoplasmic reticulum in response to stress caused by tunicamycin
54620_reviewed	Cytoplasm
6295_reviewed	Cell projection, cilium, photoreceptor outer segment
8120_reviewed	Cytoplasmic vesicle, clathrin-coated vesicle membrane
55768_reviewed	Cytoplasm
83932_reviewed	Nucleus
64581_reviewed	Cell membrane
5696_reviewed	Cytoplasm
5698_reviewed	Cytoplasm
1234_reviewed	Cell membrane
11201_reviewed	Nucleus
5534_reviewed	Cytoplasm, cytosol
55693_reviewed	Nucleus
10017_reviewed	Mitochondrion
5699_reviewed	Cytoplasm
10147_reviewed	Nucleus
3189_reviewed	Nucleus
26024_reviewed	Mitochondrion
55037_reviewed	Mitochondrion
284695_reviewed	Nucleus matrix
5132_reviewed	Cytoplasm, cytosol
9373_reviewed	Nucleus
8074_reviewed	Secreted
26578_reviewed	Cytoplasm
79930_reviewed	Cytoplasm
10634_reviewed	Cytoplasm, cytoskeleton
6311_reviewed	Cytoplasm
10360_reviewed	Nucleus
8110_reviewed	Nucleus
6322_reviewed	Nucleus
10336_reviewed	Nucleus
26053_reviewed	Nucleus
84333_reviewed	Nucleus
23466_reviewed	Nucleus
4704_reviewed	Mitochondrion matrix
4541_reviewed	Mitochondrion inner membrane
9525_reviewed	Late endosome membrane
55585_reviewed	Nucleus
85300_reviewed	Cell projection, axon
51439_reviewed	Membrane
337867_reviewed	Endoplasmic reticulum membrane
51669_reviewed	Endoplasmic reticulum membrane
254225_reviewed	Chromosome
84079_reviewed	Early endosome
3300_reviewed	[Isoform 2]: Cytoplasm
54737_reviewed	Nucleus
668_reviewed	Nucleus
55297_reviewed	Membrane
25950_reviewed	Nucleus
84193_reviewed	Cytoplasm
2554_reviewed	Postsynaptic cell membrane
1446_reviewed	Secreted
9455_reviewed	Cytoplasm
64785_reviewed	Nucleus
9837_reviewed	Nucleus
2569_reviewed	Postsynaptic cell membrane
2590_reviewed	Golgi apparatus, Golgi stack membrane
51246_reviewed	Endoplasmic reticulum membrane
81550_reviewed	Cytoplasm
51271_reviewed	Cytoplasm, cytosol
952_reviewed	Cell surface
729873_reviewed	Cell membrane
6901_reviewed	Mitochondrion outer membrane
58513_reviewed	Cell membrane
199990_reviewed	Nucleus
92597_reviewed	Cytoplasm
6319_reviewed	Endoplasmic reticulum membrane
9839_reviewed	Nucleus
7296_reviewed	[Isoform 1]: Cytoplasm
5265_reviewed	Secreted. Endoplasmic reticulum. Note=The S and Z allele are not secreted effectively and accumulate intracellularly in the endoplasmic reticulum
23532_reviewed	Nucleus
55353_reviewed	Endomembrane system
7763_reviewed	Cytoplasm
26260_reviewed	Nucleus
51194_reviewed	Cytoplasm
9559_reviewed	Cytoplasm
79176_reviewed	Cytoplasm
26270_reviewed	Cytoplasm
65266_reviewed	Cell junction, tight junction
3921_reviewed	Cell membrane. Cytoplasm. Nucleus
6683_reviewed	Cell projection, axon
112936_reviewed	Cytoplasm
2273_reviewed	[Isoform 1]: Cytoplasm
9401_reviewed	Cytoplasm
25852_reviewed	Nucleus
9516_reviewed	Cytoplasm
2706_reviewed	Cell membrane
4117_reviewed	Nucleus. Cytoplasm, cytoskeleton, microtubule organizing center, centrosome. Cytoplasm, cytoskeleton, spindle. Midbody. Cell projection, cilium, photoreceptor outer segment
27246_reviewed	Cytoplasm
3920_reviewed	Lysosome membrane
27248_reviewed	Endoplasmic reticulum lumen
1155_reviewed	Cytoplasm
79699_reviewed	Cytoplasm
154881_reviewed	Cell membrane. Cytoplasm, cytosol
55040_reviewed	Cytoplasm
23588_reviewed	Nucleus
10966_reviewed	Cell membrane
55251_reviewed	Cytoplasm
84133_reviewed	Cell membrane
284654_reviewed	Secreted
55366_reviewed	Cell membrane
221687_reviewed	Membrane
5158_reviewed	Membrane; Lipid-anchor. Cell projection, cilium, photoreceptor outer segment
8994_reviewed	Cytoplasm. Nucleus. Cytoplasm, P-body. Cell junction, adherens junction. Cell junction, focal adhesion. Note=Shuttles between cytoplasm and nucleus but is localized predominantly to the cytoplasm. Found in the nucleus but not nucleoli. Colocalizes with VCL in the focal adhesions. Down-regulation and/or elimination of its expression from the nucleus of neoplastic cells correlates strongly with poor patient prognosis and aggressive forms of breast carcinoma. Conversely, strong nuclear localization correlates with low-tumor grade and better patient prognosis
11137_reviewed	Nucleus
56955_reviewed	Secreted, extracellular space, extracellular matrix
8624_reviewed	Cytoplasm. Endoplasmic reticulum
56984_reviewed	Nucleus
57698_reviewed	Perikaryon
57449_reviewed	Cytoplasm
22905_reviewed	Cytoplasm
152137_reviewed	Cytoplasm. Note=Associated with microtubules of the cytoskeleton and mitotic apparatus
488_reviewed	Endoplasmic reticulum membrane
477_reviewed	Cell membrane
55975_reviewed	Nucleus
286827_reviewed	Endoplasmic reticulum membrane
51295_reviewed	Cytoplasm
135892_reviewed	Cytoplasm
83605_reviewed	Cytoplasm
3652_reviewed	Cytoplasm, cytoskeleton
51088_reviewed	Cytoplasm, cytoskeleton
22836_reviewed	Golgi apparatus
84280_reviewed	Nucleus
222658_reviewed	Cytoplasm
84541_reviewed	Cytoplasm, cytoskeleton, spindle
79798_reviewed	Nucleus
51133_reviewed	Cell membrane
64746_reviewed	Golgi apparatus membrane
5822_reviewed	Nucleus, nucleolus
55213_reviewed	Nucleus
51479_reviewed	Cytoplasm
285429_reviewed	Cytoplasm
345651_reviewed	Cytoplasm, cytoskeleton
220988_reviewed	Nucleus
5935_reviewed	Nucleus
27288_reviewed	Nucleus
6144_reviewed	Cytoplasm, cytosol
84790_reviewed	Cytoplasm, cytoskeleton
115294_reviewed	Cytoplasm
57799_reviewed	Cell membrane
90864_reviewed	Nucleus
7171_reviewed	Cytoplasm, cytoskeleton
26268_reviewed	Cytoplasm
26273_reviewed	Nucleus
26267_reviewed	Cytoplasm
64839_reviewed	Cytoplasm
7690_reviewed	Nucleus
85457_reviewed	Nucleus
65264_reviewed	Cytoplasm
4594_reviewed	Mitochondrion matrix
166785_reviewed	Mitochondrion
8844_reviewed	Cytoplasm
4059_reviewed	Cell membrane
79901_reviewed	Cell membrane
4302_reviewed	Nucleus
56155_reviewed	Cytoplasm
92345_reviewed	Cytoplasm
55651_reviewed	Nucleus, nucleolus. Nucleus, Cajal body. Note=Also localized to Cajal bodies (coiled bodies)
64421_reviewed	Nucleus
312_reviewed	Apical cell membrane
55521_reviewed	Cytoplasm
25999_reviewed	Cell membrane
9988_reviewed	Nucleus
26285_reviewed	Cell junction, tight junction
2696_reviewed	Cell membrane
3357_reviewed	Cell membrane
150_reviewed	Cell membrane
9162_reviewed	Cell projection, axon
80014_reviewed	Cytoplasm, cytosol
222229_reviewed	Nucleus
55644_reviewed	Cytoplasm
3003_reviewed	Secreted
58477_reviewed	Endoplasmic reticulum membrane
23381_reviewed	Cytoplasm
220972_reviewed	Golgi apparatus membrane
7227_reviewed	Nucleus
143471_reviewed	Nucleus
4267_reviewed	Membrane
54478_reviewed	Nucleus
9098_reviewed	Cell membrane
4633_reviewed	Cytoplasm, myofibril, sarcomere, A band
79370_reviewed	Cytoplasm
401190_reviewed	Nucleus
8787_reviewed	[Isoform 3]: Membrane; Peripheral membrane protein. Note=Isoform 3 is targeted to the membrane via its interaction with RGS9BP
116143_reviewed	Dynein axonemal particle
51283_reviewed	Endoplasmic reticulum membrane
53840_reviewed	Cytoplasm
6404_reviewed	Membrane; Single-pass type I membrane protein
257364_reviewed	Cytoplasm, cytosol. Membrane; Peripheral membrane protein; Cytoplasmic side. Cytoplasmic vesicle membrane; Peripheral membrane protein; Cytoplasmic side. Note=Primarily cytosolic, but a minor proportion is membrane-bound (PubMed:18353773). Not associated with membranes (PubMed:21048941)
2150_reviewed	Cell membrane; Multi-pass membrane protein
1861_reviewed	Endoplasmic reticulum lumen
55602_reviewed	Nucleus, nucleoplasm
3362_reviewed	Cell membrane
80196_reviewed	Cell membrane
3738_reviewed	[Isoform 1]: Cell membrane
84376_reviewed	Cytoplasm, cytoskeleton
64412_reviewed	Cytoplasm
51070_reviewed	Cytoplasm
26091_reviewed	Cytoplasm, cytosol
10857_reviewed	Microsome membrane
22858_reviewed	Nucleus
112939_reviewed	Nucleus. Cytoplasm. Note=Distribution in the cytoplasm is dependent on phosphorylation
84335_reviewed	Cytoplasm, cytosol
10773_reviewed	Nucleus
7541_reviewed	Nucleus
114548_reviewed	Cytoplasm, cytoskeleton, microtubule organizing center
1438_reviewed	Cell membrane; Single-pass type I membrane protein
51122_reviewed	Cytoplasm
54939_reviewed	Cytoplasm
28991_reviewed	Cytoplasm
149951_reviewed	Cytoplasmic vesicle
51397_reviewed	Cytoplasm
3751_reviewed	Cell membrane
284252_reviewed	Nucleus
79586_reviewed	[Isoform 1]: Golgi apparatus, Golgi stack membrane
22908_reviewed	Endoplasmic reticulum membrane
5133_reviewed	Cell membrane
55527_reviewed	Mitochondrion
5734_reviewed	Cell membrane; Multi-pass membrane protein
89122_reviewed	Cytoplasm
90135_reviewed	Cytoplasm
84911_reviewed	Nucleus
30820_reviewed	Cell membrane
22889_reviewed	Nucleus
5546_reviewed	Nucleus
174_reviewed	Secreted
25814_reviewed	Cytoplasm, perinuclear region
2783_reviewed	Cytoplasm, perinuclear region
342931_reviewed	Cytoplasm
10202_reviewed	Mitochondrion matrix. Nucleus. Note=A minor fraction of the protein is translocated from the mitochondria to the nucleus, after cleavage of the targeting signal
10865_reviewed	Nucleus
23552_reviewed	Nucleus
8563_reviewed	Nucleus
84321_reviewed	Nucleus
79228_reviewed	Nucleus
80145_reviewed	Cytoplasm
64783_reviewed	Nucleus speckle
2492_reviewed	Cell membrane
7076_reviewed	Secreted
10300_reviewed	Cytoplasm
23246_reviewed	Nucleus, nucleolus
23704_reviewed	Membrane
54820_reviewed	Cytoplasm, cytoskeleton. Cytoplasm, cytoskeleton, microtubule organizing center, centrosome. Chromosome, centromere, kinetochore. Cytoplasm, cytoskeleton, spindle. Cleavage furrow. Cytoplasmic vesicle membrane
23481_reviewed	Nucleus, nucleolus. Nucleus, nucleoplasm. Chromosome. Note=Appears to localize to the periphery of metaphase chromosomes during mitosis and to the prenucleolar bodies that form in mitotic cells prior to the actual nucleoli
5082_reviewed	Cell projection, cilium
79753_reviewed	Nucleus
339967_reviewed	Membrane
57628_reviewed	Cell membrane
1804_reviewed	Cell membrane
10625_reviewed	Cytoplasm
51320_reviewed	Cytoplasm
92140_reviewed	Endoplasmic reticulum membrane; Single-pass membrane protein. Nucleus membrane
6876_reviewed	Cytoplasm
4750_reviewed	Nucleus
93107_reviewed	Cell membrane
6674_reviewed	Cytoplasm
338382_reviewed	Late endosome
10972_reviewed	Endoplasmic reticulum membrane
8724_reviewed	Early endosome
7755_reviewed	Nucleus
54715_reviewed	Nucleus
55603_reviewed	Cytoplasm
115572_reviewed	Cytoplasm
80262_reviewed	Cytoplasm
8939_reviewed	Nucleus
653808_reviewed	Secreted, extracellular space, extracellular matrix
4037_reviewed	Membrane
147912_reviewed	Cytoplasm
23587_reviewed	Nucleus
11179_reviewed	Nucleus
3714_reviewed	Membrane; Single-pass type I membrane protein
4753_reviewed	Secreted
57060_reviewed	Cytoplasm
22913_reviewed	Nucleus
51143_reviewed	Cytoplasm
23307_reviewed	Cytoplasm
57659_reviewed	Nucleus
55689_reviewed	Nucleus
9898_reviewed	Nucleus
93624_reviewed	Nucleus
2778_reviewed	Cytoplasmic vesicle, secretory vesicle
200734_reviewed	Cell membrane
84248_reviewed	Nucleus, nucleoplasm
6010_reviewed	Membrane
3998_reviewed	Endoplasmic reticulum-Golgi intermediate compartment membrane; Single-pass type I membrane protein. Golgi apparatus membrane; Single-pass membrane protein. Endoplasmic reticulum membrane; Single-pass type I membrane protein
29890_reviewed	Nucleus, nucleoplasm
57565_reviewed	Cytoplasm, cytosol
4191_reviewed	Mitochondrion matrix
3684_reviewed	Cell membrane
551_reviewed	Secreted
51126_reviewed	Cytoplasm
83452_reviewed	Golgi apparatus membrane
9363_reviewed	Cell membrane
51411_reviewed	Cytoplasm
286053_reviewed	Nucleus
493861_reviewed	Nucleus
3672_reviewed	Membrane; Single-pass type I membrane protein
126393_reviewed	Cytoplasm
2026_reviewed	Cytoplasm
51382_reviewed	Membrane
65975_reviewed	Cytoplasm
2869_reviewed	Cytoplasm. Nucleus. Cell membrane; Peripheral membrane protein. Note=Predominantly localized at the plasma membrane; targeted to the cell surface through the interaction with phospholipids. Nucleus localization is regulated in a GPCR and Ca(2+)/calmodulin-dependent fashion
23592_reviewed	Nucleus inner membrane
1014_reviewed	Cell membrane
51552_reviewed	Recycling endosome
283807_reviewed	Cytoplasm, myofibril, sarcomere, Z line
10296_reviewed	Cytoplasm
64795_reviewed	Nucleus, nucleoplasm
50485_reviewed	Nucleus
79982_reviewed	Endoplasmic reticulum membrane
60684_reviewed	Golgi apparatus
51112_reviewed	Endoplasmic reticulum-Golgi intermediate compartment
7109_reviewed	Golgi apparatus, cis-Golgi network
126003_reviewed	Golgi apparatus, cis-Golgi network
122553_reviewed	Golgi apparatus, cis-Golgi network
51399_reviewed	Postsynaptic cell membrane
83696_reviewed	Golgi apparatus, cis-Golgi network
55288_reviewed	Mitochondrion outer membrane
25974_reviewed	Cytoplasm, cytosol
27249_reviewed	Cytoplasm
55275_reviewed	Golgi apparatus, trans-Golgi network membrane
6293_reviewed	Golgi apparatus, trans-Golgi network membrane
738_reviewed	Golgi apparatus, trans-Golgi network
51542_reviewed	Golgi apparatus, trans-Golgi network
9644_reviewed	Cytoplasm. Cell projection, podosome
10252_reviewed	Cytoplasm. Membrane; Peripheral membrane protein. Note=Found in the cytoplasm in unstimulated cells but is translocated to the membrane ruffles in cells stimulated with EGF (epidermal growth factor)
10452_reviewed	Mitochondrion outer membrane
26052_reviewed	Cytoplasm
9050_reviewed	Cytoplasm
55616_reviewed	Cytoplasm
55589_reviewed	Nucleus
22848_reviewed	Cell membrane
81532_reviewed	Nucleus
5393_reviewed	Cytoplasm
115752_reviewed	Cytoplasm
22894_reviewed	Cytoplasm
10767_reviewed	Cytoplasm
114791_reviewed	Cytoplasm, cytoskeleton, microtubule organizing center, centrosome
27229_reviewed	Cytoplasm, cytoskeleton, microtubule organizing center, centrosome
4920_reviewed	Cell membrane
25805_reviewed	Membrane
4535_reviewed	Mitochondrion inner membrane
23400_reviewed	Lysosome membrane
10897_reviewed	Endoplasmic reticulum membrane
9774_reviewed	Cytoplasm. Nucleus. Nucleus speckle
10200_reviewed	Nucleus, nucleolus. Cytoplasm. Note=Cytoplasmic in M phase
375757_reviewed	Nucleus
119392_reviewed	Nucleus
51447_reviewed	Nucleus
5654_reviewed	Cell membrane
201562_reviewed	Endoplasmic reticulum membrane
51390_reviewed	Cell membrane
6193_reviewed	Cytoplasm
6205_reviewed	Cytoplasm
6222_reviewed	Cytoplasm
6571_reviewed	Cytoplasmic vesicle, secretory vesicle, synaptic vesicle membrane
79709_reviewed	Endoplasmic reticulum lumen
2799_reviewed	Lysosome
2990_reviewed	Lysosome
9563_reviewed	Endoplasmic reticulum lumen
4669_reviewed	Lysosome
10525_reviewed	Endoplasmic reticulum lumen
5351_reviewed	Rough endoplasmic reticulum membrane; Peripheral membrane protein; Lumenal side
5547_reviewed	Lysosome
5352_reviewed	Rough endoplasmic reticulum membrane
7837_reviewed	Secreted, extracellular space, extracellular matrix
871_reviewed	Endoplasmic reticulum lumen
6448_reviewed	Lysosome
23011_reviewed	Endoplasmic reticulum membrane
9929_reviewed	Cell membrane
9947_reviewed	Cytoplasm
1485_reviewed	Cytoplasm
8993_reviewed	Secreted
6767_reviewed	Cytoplasm
2643_reviewed	Cytoplasm
79650_reviewed	Nucleus
6553_reviewed	Cell membrane
64960_reviewed	Mitochondrion matrix
7419_reviewed	Mitochondrion outer membrane
3098_reviewed	Mitochondrion outer membrane
9868_reviewed	Mitochondrion outer membrane
3579_reviewed	Cell membrane; Multi-pass membrane protein
3299_reviewed	Nucleus
78986_reviewed	Cytoplasm. Nucleus. Golgi apparatus
6402_reviewed	Cell membrane
6751_reviewed	Cell membrane; Multi-pass membrane protein
135138_reviewed	Cytoplasm, cytoskeleton, cilium axoneme
89941_reviewed	Mitochondrion outer membrane
525_reviewed	Apical cell membrane
9114_reviewed	Membrane
523_reviewed	Cytoplasm
535_reviewed	Cytoplasmic vesicle, clathrin-coated vesicle membrane
526_reviewed	Apical cell membrane
528_reviewed	Cytoplasmic vesicle, secretory vesicle, synaptic vesicle membrane
55004_reviewed	Lysosome membrane
2639_reviewed	Mitochondrion matrix
25959_reviewed	Cytoplasm
55379_reviewed	Microsome membrane
140545_reviewed	Cytoplasm
23213_reviewed	Endoplasmic reticulum
2193_reviewed	Cytoplasm
24138_reviewed	Cell projection, ruffle membrane
51094_reviewed	Cell membrane
79602_reviewed	Cell membrane
11258_reviewed	Cytoplasm
5211_reviewed	Cytoplasm
4729_reviewed	Mitochondrion inner membrane
55752_reviewed	Cytoplasm, cytoskeleton. Synapse. Cell projection, dendritic spine. Cell projection, axon
9521_reviewed	Cytoplasm
6143_reviewed	Cytoplasm
6139_reviewed	Cytoplasm
6152_reviewed	Cytoplasm
4728_reviewed	Mitochondrion inner membrane
128869_reviewed	Endoplasmic reticulum membrane
515_reviewed	Mitochondrion. Mitochondrion inner membrane
513_reviewed	Mitochondrion. Mitochondrion inner membrane
54881_reviewed	Nucleus, nucleoplasm
54536_reviewed	Cytoplasm
8802_reviewed	Mitochondrion
115708_reviewed	Nucleus
51605_reviewed	Nucleus
9125_reviewed	Nucleus
201595_reviewed	Endoplasmic reticulum
374291_reviewed	Mitochondrion inner membrane
4723_reviewed	Mitochondrion inner membrane
1938_reviewed	Cytoplasm
4711_reviewed	Mitochondrion inner membrane
539_reviewed	Mitochondrion
4714_reviewed	Mitochondrion inner membrane
54539_reviewed	Mitochondrion inner membrane
10476_reviewed	Mitochondrion. Mitochondrion inner membrane
4716_reviewed	Mitochondrion inner membrane
4724_reviewed	Mitochondrion inner membrane
29088_reviewed	Mitochondrion
8803_reviewed	Mitochondrion
51649_reviewed	Mitochondrion
10056_reviewed	Cytoplasm
84172_reviewed	Nucleus, nucleolus
6389_reviewed	Mitochondrion inner membrane
6390_reviewed	Mitochondrion inner membrane
2108_reviewed	Mitochondrion matrix
2109_reviewed	Mitochondrion matrix
5214_reviewed	Cytoplasm
1629_reviewed	Mitochondrion matrix
26156_reviewed	Nucleus, nucleolus
1176_reviewed	Golgi apparatus. Cytoplasmic vesicle membrane; Peripheral membrane protein; Cytoplasmic side. Note=Component of the coat surrounding the cytoplasmic face of coated vesicles located at the Golgi complex
64978_reviewed	Mitochondrion
79590_reviewed	Mitochondrion
51116_reviewed	Mitochondrion
64965_reviewed	Mitochondrion
56945_reviewed	Mitochondrion
55339_reviewed	Nucleus
3614_reviewed	Cytoplasm
10120_reviewed	Cytoplasm, cytoskeleton. Cytoplasm, cytoskeleton, microtubule organizing center, centrosome
29896_reviewed	Nucleus
51493_reviewed	Nucleus
84617_reviewed	Cytoplasm, cytoskeleton
56339_reviewed	Nucleus
57721_reviewed	Nucleus
54433_reviewed	Nucleus, nucleolus. Nucleus, Cajal body. Note=Also localized to Cajal bodies (coiled bodies)
134430_reviewed	Nucleus, nucleolus
1537_reviewed	Mitochondrion inner membrane
84916_reviewed	Nucleus, nucleolus
84135_reviewed	Nucleus, nucleolus
8301_reviewed	Cell membrane
10693_reviewed	Cytoplasm
10802_reviewed	Cytoplasmic vesicle, COPII-coated vesicle membrane
6888_reviewed	[Isoform 1]: Nucleus
7386_reviewed	Mitochondrion inner membrane
151011_reviewed	Cytoplasm
4676_reviewed	Nucleus
6747_reviewed	Endoplasmic reticulum membrane; Multi-pass membrane protein
3550_reviewed	Nucleus
84061_reviewed	Cell membrane
51340_reviewed	Nucleus
1659_reviewed	Nucleus
57461_reviewed	Nucleus
65003_reviewed	Mitochondrion
64976_reviewed	Mitochondrion
64983_reviewed	Mitochondrion
84311_unreviewed	Mitochondrion
64969_reviewed	Mitochondrion
60488_reviewed	Mitochondrion
740_reviewed	Mitochondrion
51069_reviewed	Mitochondrion
51081_reviewed	Mitochondrion
84545_reviewed	Mitochondrion
7284_reviewed	Mitochondrion matrix
26589_reviewed	Mitochondrion
64949_reviewed	Mitochondrion
27072_reviewed	Endosome membrane
1783_reviewed	Cytoplasm, cytoskeleton
4677_reviewed	Cytoplasm
54732_reviewed	Endoplasmic reticulum membrane; Single-pass type I membrane protein. Golgi apparatus, cis-Golgi network membrane; Single-pass type I membrane protein. Endoplasmic reticulum-Golgi intermediate compartment membrane; Single-pass type I membrane protein. Golgi apparatus, trans-Golgi network membrane
16_reviewed	Cytoplasm
283742_reviewed	Nucleus
9136_reviewed	Nucleus, nucleolus
4927_reviewed	Nucleus, nuclear pore complex
7001_reviewed	Cytoplasm
84365_reviewed	Nucleus, nucleolus. Chromosome. Note=Localizes to mitotic chromosomes in conjunction with MKI67
55720_reviewed	Nucleus, nucleolus
55860_reviewed	Cytoplasm, cytoskeleton
2821_reviewed	Cytoplasm
2181_reviewed	Mitochondrion outer membrane
2182_reviewed	Mitochondrion outer membrane
9601_reviewed	Endoplasmic reticulum lumen
3849_reviewed	Cytoplasm
55781_reviewed	Cytoplasm
38_reviewed	Mitochondrion
10449_reviewed	Mitochondrion
23545_reviewed	Cell membrane; Multi-pass membrane protein. Endosome membrane. Note=In kidney proximal tubules, also detected in subapical vesicles
84961_reviewed	Cytoplasm
10130_reviewed	Endoplasmic reticulum lumen
57418_reviewed	Nucleus, nucleolus
7756_reviewed	Nucleus
9147_reviewed	Cytoplasm, cytosol
140801_reviewed	Cytoplasm
7268_reviewed	Nucleus
7511_reviewed	Cytoplasm, cytosol
10535_reviewed	Nucleus
84153_reviewed	Nucleus
79621_reviewed	Nucleus
80018_reviewed	Cytoplasm
25824_reviewed	[Isoform Mitochondrial]: Mitochondrion
950_reviewed	Lysosome membrane
219988_reviewed	Cytoplasm, P-body
29093_reviewed	Mitochondrion
9524_reviewed	Endoplasmic reticulum membrane
3069_reviewed	Cytoplasm
65993_reviewed	Mitochondrion
5198_reviewed	Cytoplasm
8942_reviewed	Cytoplasm, cytosol
51755_reviewed	Nucleus
1627_reviewed	Cytoplasm
222068_reviewed	Endoplasmic reticulum membrane
1939_reviewed	Cytoplasm
342538_reviewed	Cytoplasm
2319_reviewed	Cell membrane
5019_reviewed	Mitochondrion
28981_reviewed	Cell projection, cilium
8100_reviewed	Cell projection, cilium, flagellum
3295_reviewed	Peroxisome
54908_reviewed	Cytoplasm, cytoskeleton, microtubule organizing center, centrosome. Chromosome, centromere, kinetochore. Nucleus. Cytoplasm, cytoskeleton, spindle pole. Note=Localizes to the nucleus in interphase and to the kinetochore in early prometaphase. Relocalizes to the mitotic spindle pole before metaphase and is subsequently lost from the spindle poles after chromosome congression is completed. Removal of this protein from the kinetochore requires the dynein/dynactin complex
85451_reviewed	Cytoplasm
25915_reviewed	Nucleus
25917_reviewed	Cytoplasm
55898_reviewed	Cytoplasm
30968_reviewed	Cell membrane
4643_reviewed	Cytoplasm
87178_reviewed	Cytoplasm
23603_reviewed	Cell membrane
55173_reviewed	Mitochondrion
23788_reviewed	Mitochondrion outer membrane
57647_reviewed	Nucleus, nucleolus
55226_reviewed	Nucleus, nucleolus
8539_reviewed	Nucleus
55178_reviewed	Mitochondrion
94081_reviewed	Mitochondrion inner membrane
54788_reviewed	Endoplasmic reticulum membrane
10101_reviewed	Nucleus
26355_reviewed	Mitochondrion membrane
10409_reviewed	Cell membrane; Lipid-anchor. Cell projection, growth cone. Note=Associated with the membranes of growth cones that form the tips of elongating axons
84936_reviewed	Cytoplasm, cytoskeleton, microtubule organizing center, centrosome
10245_reviewed	Mitochondrion inner membrane; Multi-pass membrane protein
5464_reviewed	Cytoplasm
159_reviewed	Cytoplasm
7453_reviewed	Cytoplasm
5236_reviewed	[Isoform 1]: Cytoplasm
1727_reviewed	[Isoform 1]: Endoplasmic reticulum membrane
55661_reviewed	Nucleus, nucleolus
55276_reviewed	Cytoplasm, cytosol
25813_reviewed	Mitochondrion outer membrane
2027_reviewed	Cytoplasm. Note=Localized to the Z line. Some colocalization with CKM at M-band (By similarity)
23530_reviewed	Mitochondrion inner membrane
8880_reviewed	Nucleus
54505_reviewed	Cytoplasm
353_reviewed	Cytoplasm
56912_reviewed	Cytoplasm, cytoskeleton, cilium basal body
8602_reviewed	Nucleus, nucleolus
6897_reviewed	Cytoplasm
50809_reviewed	Nucleus
84196_reviewed	Cytoplasm
1371_reviewed	Mitochondrion intermembrane space
6646_reviewed	Endoplasmic reticulum membrane
204_reviewed	Mitochondrion intermembrane space
30844_reviewed	Early endosome membrane
149041_reviewed	Cytoplasm, P-body
387680_reviewed	Early endosome membrane
11080_reviewed	Cytoplasm
9698_reviewed	Cytoplasm
2098_reviewed	Cytoplasm. Cytoplasmic vesicle
8193_reviewed	Cytoplasm
11001_reviewed	Endoplasmic reticulum membrane
23170_reviewed	Cytoplasm
26065_reviewed	Cytoplasm, P-body
293_reviewed	Mitochondrion inner membrane
3419_reviewed	Mitochondrion
10011_reviewed	Nucleus
231_reviewed	Cytoplasm
54940_reviewed	Endosome
51103_reviewed	Mitochondrion
79019_reviewed	Nucleus. Cytoplasm. Chromosome, centromere, kinetochore. Note=Nuclear in non-confluent cells and cytoplasmic in confluent or dividing cells (By similarity). Localizes in the kinetochore domain of centromeres
89891_reviewed	Cytoplasm
54960_reviewed	Nucleus, gem
3553_reviewed	Cytoplasm, cytosol
9887_reviewed	Cytoplasm
9248_reviewed	Cell membrane
91662_reviewed	Cytoplasm
219771_reviewed	Cell membrane
79837_reviewed	Endoplasmic reticulum
7988_reviewed	Nucleus
7551_reviewed	Nucleus
3133_reviewed	Cell membrane
1124_reviewed	Membrane
55069_reviewed	Membrane
9669_reviewed	Cytoplasm
3948_reviewed	Cytoplasm
8836_reviewed	Secreted, extracellular space
51056_reviewed	Cytoplasm
54812_reviewed	Cytoplasm
55074_reviewed	Mitochondrion
55325_reviewed	Endoplasmic reticulum
80127_reviewed	Cytoplasm, cytoskeleton, cilium basal body
26256_reviewed	Cytoplasm, cytoskeleton. Cell projection, cilium, flagellum. Note=Localized to fibrous sheath including the surface of the longitudinal columns and ribs of the principal piece of sperm flagella
283489_reviewed	Nucleus
57337_reviewed	Cytoplasm
286205_reviewed	Membrane
23383_reviewed	Nucleus, nucleoplasm
115509_reviewed	Nucleus
9849_reviewed	Nucleus
80705_reviewed	Cytoplasm
388135_reviewed	Postsynaptic density
712_reviewed	Secreted
65979_reviewed	Cytoplasm
22794_reviewed	Cytoplasm
27022_reviewed	Nucleus
57575_reviewed	Cell membrane
83667_reviewed	Cytoplasm
54532_reviewed	Cell junction, tight junction
79874_reviewed	Cytoplasm
51257_reviewed	Endoplasmic reticulum membrane
9399_reviewed	Membrane
51148_reviewed	Endoplasmic reticulum lumen
55208_reviewed	Cytoplasm
123879_reviewed	Cell membrane
23142_reviewed	Nucleus
84259_reviewed	Nucleus
2055_reviewed	Endoplasmic reticulum membrane
26249_reviewed	Cytoplasm, cytosol
79654_reviewed	Cytoplasm, perinuclear region
10072_reviewed	Cytoplasm, cytosol
7289_reviewed	Nucleus. Cell membrane. Cell projection, cilium
56888_reviewed	Cytoplasm
79001_reviewed	Endoplasmic reticulum membrane
10682_reviewed	Endoplasmic reticulum membrane
57650_reviewed	Cytoplasm
51_reviewed	Peroxisome
1962_reviewed	Peroxisome
10455_reviewed	[Isoform 1]: Mitochondrion
26063_reviewed	Peroxisome
55825_reviewed	Peroxisome
1384_reviewed	Endoplasmic reticulum
10005_reviewed	Peroxisome matrix
373156_reviewed	Peroxisome
83752_reviewed	Peroxisome matrix
10901_reviewed	[Isoform 1]: Peroxisome
23322_reviewed	Cytoplasm. Cytoplasm, cytoskeleton, cilium basal body
85366_reviewed	Cytoplasm. Note=Colocalizes with phosphorylated myosin light chain (RLCP) at filaments of the myofibrils
150275_reviewed	Cytoplasm, cytoskeleton, spindle
55664_reviewed	Cytoplasm
241_reviewed	Nucleus membrane; Multi-pass membrane protein. Endoplasmic reticulum membrane; Multi-pass membrane protein
3991_reviewed	Cell membrane
4776_reviewed	Cytoplasm
5729_reviewed	Cell membrane
81573_reviewed	Endoplasmic reticulum membrane
137735_reviewed	Cytoplasm, myofibril, sarcomere
84448_reviewed	Cytoplasm. Note=In skeletal muscle, sarcomeric or cosarcomeric localization
6940_reviewed	Nucleus
2277_reviewed	Secreted
343521_reviewed	Cell projection, cilium, flagellum
220004_reviewed	Cell projection, cilium
6422_reviewed	Secreted. Note=Cell membrane or extracellular matrix-associated. Released by heparin-binding
151742_reviewed	Membrane
3002_reviewed	Secreted
80206_reviewed	Cytoplasm, cytoskeleton
1503_reviewed	Cytoplasm, cytosol
10970_reviewed	Endoplasmic reticulum membrane
6525_reviewed	Cytoplasm, cytoskeleton. Note=Exhibits a filamentous organization
90102_reviewed	Cytoplasm
90523_reviewed	Nucleus
9891_reviewed	Nucleus
84292_reviewed	Cytoplasm
57794_reviewed	Nucleus
8449_reviewed	Nucleus
118924_reviewed	Nucleus
91603_reviewed	Nucleus
7737_reviewed	Nucleus
10181_reviewed	Nucleus
55749_reviewed	Cytoplasm, perinuclear region
11017_reviewed	Nucleus
27238_reviewed	Nucleus
4236_reviewed	Nucleus
51362_reviewed	Nucleus
51645_reviewed	Nucleus
9716_reviewed	Nucleus
55421_reviewed	Nucleus
84811_reviewed	Nucleus
51634_reviewed	Nucleus
55234_reviewed	Cytoplasm
23759_reviewed	Nucleus
57703_reviewed	Nucleus
2483_reviewed	Nucleus, Cajal body
8220_reviewed	Nucleus
55082_reviewed	Nucleus
54541_reviewed	Mitochondrion
84129_reviewed	Peroxisome
84263_reviewed	Peroxisome
284273_reviewed	Peroxisome
5828_reviewed	Peroxisome membrane
269_reviewed	Membrane; Single-pass type I membrane protein
6795_reviewed	Nucleus. Chromosome. Chromosome, centromere
149420_reviewed	Nucleus
6838_reviewed	Nucleus, nucleoplasm
10135_reviewed	Nucleus
6757_reviewed	Nucleus
26191_reviewed	Cytoplasm
255738_reviewed	Cytoplasm. Secreted. Endosome. Lysosome. Cell surface. Endoplasmic reticulum. Golgi apparatus. Note=Autocatalytic cleavage is required to transport it from the endoplasmic reticulum to the Golgi apparatus and for the secretion of the mature protein. Localizes to the endoplasmic reticulum in the absence of LDLR and colocalizes to the cell surface and to the endosomes/lysosomes in the presence of LDLR. The sorting to the cell surface and endosomes is required in order to fully promote LDLR degradation
246175_reviewed	Cytoplasm
25904_reviewed	Cytoplasm
23216_reviewed	Nucleus
678_reviewed	Nucleus
9657_reviewed	Cytoplasm, cytoskeleton, microtubule organizing center, centrosome
54531_reviewed	Nucleus
283248_reviewed	Nucleus
63916_reviewed	Cytoplasm
112574_reviewed	Endomembrane system
118788_reviewed	Cytoplasm
644150_reviewed	Cytoplasm. Note=In hippocampal neurons colocalizes with WASL in the cell body, axons and the growth cone
23119_reviewed	Nucleus
4544_reviewed	Cell membrane; Multi-pass membrane protein
55161_reviewed	Endoplasmic reticulum membrane
80212_reviewed	Cytoplasm, cytoskeleton, microtubule organizing center, centrosome, centriole
146057_reviewed	Cell projection, cilium
10522_reviewed	[Isoform 1]: Nucleus. Cytoplasm. Note=Cytoplasmic in non-mucinous colorectal carcinoma. When expressed alone, localized almost exclusively in the nucleus but, when expressed with isoform 4, nuclear expression decreases to 32% and cytoplasmic expression increases by 270%
152185_reviewed	Cytoplasm, cytoskeleton, microtubule organizing center, centrosome
283987_reviewed	Cytoplasm
54540_reviewed	Cytoplasm
5139_reviewed	Membrane
640_reviewed	Cell membrane
171024_reviewed	Nucleus
9079_reviewed	Nucleus
81930_reviewed	Cell projection, ruffle. Cytoplasm. Nucleus. Cytoplasm, cytoskeleton, microtubule organizing center, centrosome
81566_reviewed	Nucleus
23228_reviewed	Cytoplasm. Note=Predominantly localized to perinuclear areas in both myoblast and myotube C2C12 cells
29927_reviewed	Endoplasmic reticulum membrane
1068_reviewed	Cytoplasm, cytoskeleton, microtubule organizing center, centrosome
7021_reviewed	Nucleus
51435_reviewed	Endoplasmic reticulum membrane
2915_reviewed	Cell membrane
254013_reviewed	Cytoplasm
151194_reviewed	Cytoplasm
79609_reviewed	Cytoplasm
79091_reviewed	Nucleus
90850_reviewed	Cytoplasm, cytosol
5730_reviewed	Rough endoplasmic reticulum
11167_reviewed	Secreted
51566_reviewed	Mitochondrion outer membrane
84232_reviewed	Nucleus
79664_reviewed	Nucleus
5954_reviewed	Endoplasmic reticulum lumen
5955_reviewed	Endoplasmic reticulum lumen
23534_reviewed	Nucleus envelope
813_reviewed	Endoplasmic reticulum membrane
5110_reviewed	Cytoplasm, cytosol
81855_reviewed	Mitochondrion membrane
4072_reviewed	Lateral cell membrane
55210_reviewed	Mitochondrion inner membrane
63929_reviewed	[Isoform 1]: Mitochondrion
23344_reviewed	Endoplasmic reticulum membrane
487_reviewed	Endoplasmic reticulum membrane
83941_reviewed	Membrane
3485_reviewed	Secreted
10811_reviewed	Cytoplasm. Cell membrane. Note=Translocation to membranes depends on NOXO1 or NCF1 and maybe RAC1
27035_reviewed	Cell projection, invadopodium membrane
9536_reviewed	Membrane
2053_reviewed	Cytoplasm
126074_reviewed	Nucleus
79707_reviewed	Nucleus
8553_reviewed	Cytoplasm
51750_reviewed	Nucleus
1763_reviewed	Nucleus. Mitochondrion. Note=Was initially reported to be exclusively mitochondrial (PubMed:18995831). However, it was later shown to localize both in mitochondrion and nucleus (PubMed:19487465)
54901_reviewed	Endoplasmic reticulum membrane
388585_reviewed	Nucleus
229_reviewed	Cytoplasm, cytosol
55212_reviewed	Cell projection, cilium membrane
26206_reviewed	Cytoplasm
1892_reviewed	Mitochondrion matrix
1044_reviewed	Nucleus
6558_reviewed	Basolateral cell membrane
22918_reviewed	Cell membrane
57410_reviewed	Cytoplasm, cytoskeleton, microtubule organizing center, centrosome
5818_reviewed	Cell membrane
28987_reviewed	Nucleus
54806_reviewed	Cytoplasm, cytoskeleton, cilium basal body
28952_reviewed	Endosome
29099_reviewed	Nucleus
6559_reviewed	Cell membrane
51550_reviewed	Nucleus
10396_reviewed	Cytoplasmic vesicle, secretory vesicle, chromaffin granule membrane
55754_reviewed	Membrane
126626_reviewed	Nucleus
1203_reviewed	[Bis(monoacylglycero)phosphate synthase CLN5, secreted form]: Lysosome
115948_reviewed	Cytoplasm, cytoskeleton, cilium basal body
171482_reviewed	Nucleus, nucleolus
79443_reviewed	Cytoplasmic vesicle, autophagosome. Endosome. Lysosome. Note=Localizes to the external but not to the internal membrane of autophagosomes, and upon autophagosome/late endosome/lysosome fusion, it stays on the external surface of autolysosomes
79807_reviewed	Cytoplasm
415117_reviewed	Cell membrane
124359_reviewed	Nucleus
134492_reviewed	Chromosome, centromere, kinetochore
387357_reviewed	Cytoplasm
55170_reviewed	Nucleus
7802_reviewed	Cell projection, cilium
64147_reviewed	Cytoplasm, cytoskeleton
4938_reviewed	Cytoplasm
10809_reviewed	Cell projection, cilium, flagellum
50999_reviewed	Endoplasmic reticulum membrane
150572_reviewed	Cytoplasm
83759_reviewed	Nucleus. Nucleus, nucleolus
11101_reviewed	Nucleus
152273_reviewed	Cytoplasm, cytoskeleton
23660_reviewed	Nucleus
80818_reviewed	Nucleus
65251_reviewed	Nucleus
93474_reviewed	Nucleus
4332_reviewed	Nucleus. Cytoplasm. Note=Uniformly distributed throughout the interphase cell nucleus. Associates with chromatin
124540_reviewed	Cytoplasm. Note=Associated with polysomes
171017_reviewed	Nucleus
10620_reviewed	Nucleus
2296_reviewed	Nucleus
9745_reviewed	Nucleus
129138_reviewed	Nucleus
1636_reviewed	Cell membrane
5724_reviewed	Cell membrane
624_reviewed	Cell membrane
9370_reviewed	Secreted
26049_reviewed	Nucleus envelope
199953_reviewed	Nucleus inner membrane
84823_reviewed	Nucleus lamina
63932_reviewed	Cytoplasm
51759_reviewed	Nucleus
10652_reviewed	Cytoplasm, cytosol. Cytoplasmic vesicle membrane; Lipid-anchor; Cytoplasmic side. Golgi apparatus membrane; Lipid-anchor; Cytoplasmic side. Note=Probably cycles through vesicles between Golgi and endosomes
224_reviewed	Microsome membrane
10424_reviewed	Membrane
84159_reviewed	Nucleus
57798_reviewed	Nucleus
166968_reviewed	Nucleus
58516_reviewed	Nucleus
23613_reviewed	Nucleus
114825_reviewed	Nucleus
57473_reviewed	Nucleus
9658_reviewed	Nucleus
25925_reviewed	Nucleus
9640_reviewed	Nucleus
23060_reviewed	Nucleus
57592_reviewed	Cytoplasm
152485_reviewed	Nucleus
94104_reviewed	Nucleus
6936_reviewed	Nucleus, nucleoplasm
8536_reviewed	Cytoplasm
28951_reviewed	Cytoplasm
23328_reviewed	Cytoplasm
84951_reviewed	Cell junction, focal adhesion
23192_reviewed	Cytoplasm
84301_reviewed	Cytoplasm, cytosol
2948_reviewed	Cytoplasm
9446_reviewed	Cytoplasm, cytosol
27068_reviewed	Mitochondrion
5831_reviewed	Mitochondrion
7389_reviewed	Cytoplasm, cytosol
9948_reviewed	Cytoplasm
10269_reviewed	Endoplasmic reticulum membrane
60468_reviewed	Cytoplasm
116071_reviewed	Nucleus
1628_reviewed	Nucleus
183_reviewed	Secreted
59272_reviewed	Apical cell membrane
197322_reviewed	Mitochondrion
57130_reviewed	Endoplasmic reticulum membrane
533_reviewed	Cytoplasmic vesicle, clathrin-coated vesicle membrane
3426_reviewed	Secreted, extracellular space. Secreted
64834_reviewed	Endoplasmic reticulum membrane
10961_reviewed	Endoplasmic reticulum lumen. Melanosome. Note=Identified by mass spectrometry in melanosome fractions from stage I to stage IV
2222_reviewed	Endoplasmic reticulum membrane
3249_reviewed	Cell membrane
84975_reviewed	Cell membrane
64710_reviewed	Nucleus
79957_reviewed	Cell membrane
54681_reviewed	Endoplasmic reticulum membrane
54872_reviewed	Endoplasmic reticulum membrane
121260_reviewed	Lysosome membrane
55530_reviewed	Cytoplasmic vesicle, secretory vesicle, synaptic vesicle membrane
9143_reviewed	Cytoplasmic vesicle, secretory vesicle, synaptic vesicle membrane
10430_reviewed	Endoplasmic reticulum membrane
27075_reviewed	Membrane
11319_reviewed	Cytoplasm
1278_reviewed	Secreted, extracellular space, extracellular matrix
1281_reviewed	Secreted, extracellular space, extracellular matrix
1291_reviewed	Secreted, extracellular space, extracellular matrix
7681_reviewed	Nucleus
10844_reviewed	Cytoplasm, cytoskeleton, microtubule organizing center, centrosome
5346_reviewed	Endoplasmic reticulum
51099_reviewed	Cytoplasm
495_reviewed	Apical cell membrane
6856_reviewed	Cytoplasmic vesicle membrane
136371_reviewed	Cytoplasm
493829_reviewed	Cell membrane, sarcolemma
23305_reviewed	Mitochondrion outer membrane
58488_reviewed	Cytoplasm
84282_reviewed	Cytoplasm
10257_reviewed	Basolateral cell membrane
57104_reviewed	Lipid droplet
64328_reviewed	Cytoplasm
113174_reviewed	Nucleus
10558_reviewed	Endoplasmic reticulum membrane
54919_reviewed	Cytoplasm
23154_reviewed	Cytoplasm, cytosol
23597_reviewed	Mitochondrion
5176_reviewed	Secreted
146_reviewed	Cell membrane; Multi-pass membrane protein
6645_reviewed	Membrane. Cytoplasmic vesicle, secretory vesicle membrane; Peripheral membrane protein. Cell junction
6641_reviewed	Cell membrane, sarcolemma
6943_reviewed	Nucleus
501_reviewed	[Isoform 1]: Mitochondrion
6822_reviewed	Cytoplasm
10240_reviewed	Mitochondrion
10295_reviewed	Mitochondrion matrix
11151_reviewed	Cytoplasm, cytoskeleton
55753_reviewed	Mitochondrion matrix
5106_reviewed	Mitochondrion
57215_reviewed	Nucleus
55363_reviewed	Nucleus
25934_reviewed	Cytoplasm, cytosol
79710_reviewed	Nucleus
5629_reviewed	Nucleus
9580_reviewed	Nucleus
8646_reviewed	Secreted
642273_reviewed	Cytoplasm, cytoskeleton
972_reviewed	Cell membrane
1610_reviewed	Cytoplasm, cytosol
2879_reviewed	[Isoform Mitochondrial]: Mitochondrion
8045_reviewed	Cytoplasm, cytoskeleton, microtubule organizing center, centrosome
10201_reviewed	Mitochondrion matrix
81554_reviewed	Mitochondrion membrane
39_reviewed	Cytoplasm, cytosol
80823_reviewed	Cytoplasm
2214_reviewed	Cell membrane
5739_reviewed	Cell membrane; Multi-pass membrane protein
27306_reviewed	Cytoplasm
873_reviewed	Cytoplasm
5733_reviewed	Cell membrane
150094_reviewed	Cytoplasm
51203_reviewed	Cytoplasm
340419_reviewed	Secreted
84870_reviewed	Secreted
343637_reviewed	Secreted
201475_reviewed	Recycling endosome membrane
5742_reviewed	Endoplasmic reticulum membrane
8798_reviewed	[Isoform 1]: Cytoplasm
6815_reviewed	Nucleus
222235_reviewed	Cytoplasm, cytoskeleton, flagellum axoneme
65986_reviewed	Nucleus
1241_reviewed	Cell membrane; Multi-pass membrane protein
55227_reviewed	Cytoplasm
79009_reviewed	Nucleus, nucleolus
26576_reviewed	Nucleus
89801_reviewed	Membrane
10023_reviewed	Cytoplasm
91768_reviewed	Nucleus
9772_reviewed	Endoplasmic reticulum membrane
51535_reviewed	Nucleus
8814_reviewed	Cytoplasm
1852_reviewed	Cytoplasm
26097_reviewed	Nucleus
80011_reviewed	Nucleus
8233_reviewed	Nucleus
51329_reviewed	Nucleus, nucleolus
1906_reviewed	Secreted
14_reviewed	Cell membrane. Cytoplasm
1565_reviewed	Endoplasmic reticulum membrane; Peripheral membrane protein. Microsome membrane
4924_reviewed	Golgi apparatus, cis-Golgi network membrane
56413_reviewed	Cell membrane; Multi-pass membrane protein
2658_reviewed	Secreted
3778_reviewed	Cell membrane
175_reviewed	Lysosome
56851_reviewed	Endoplasmic reticulum membrane
143888_reviewed	Endoplasmic reticulum lumen
56983_reviewed	Endoplasmic reticulum lumen
4125_reviewed	Lysosome lumen
23324_reviewed	Secreted
23509_reviewed	Endoplasmic reticulum
9374_reviewed	Lysosome
27348_reviewed	Endoplasmic reticulum lumen
283349_reviewed	Cytoplasm
57608_reviewed	Cell junction, adherens junction
252983_reviewed	Cytoplasm
84859_reviewed	Cytoplasm
23143_reviewed	Cytoplasm
317762_reviewed	Cell junction, tight junction
2039_reviewed	Cytoplasm. Cytoplasm, cytosol. Cytoplasm, perinuclear region
57460_reviewed	Nucleus
5740_reviewed	Endoplasmic reticulum membrane
9388_reviewed	Secreted
22994_reviewed	Cytoplasm, cytoskeleton, microtubule organizing center, centrosome
58487_reviewed	Nucleus
3199_reviewed	Nucleus
118611_reviewed	Cytoplasm
4015_reviewed	Secreted, extracellular space
55795_reviewed	Cytoplasm
2678_reviewed	Cell membrane
54874_reviewed	Cytoplasm
53635_reviewed	Cytoplasm
55197_reviewed	Nucleus
133619_reviewed	Golgi apparatus
5226_reviewed	Cytoplasm
223_reviewed	Cytoplasm, cytosol
2805_reviewed	Cytoplasm
826_reviewed	Cytoplasm
28960_reviewed	Cytoplasm. Nucleus. Note=Predominantly localized in the nucleus. Nucleocytoplasmic shuttling protein that can transiently enter the cytoplasm in mammalian cells in a XPO1/CRM1-dependent manner
2271_reviewed	[Isoform Mitochondrial]: Mitochondrion
471_reviewed	Cytoplasm, cytosol
84946_reviewed	Cytoplasm
57175_reviewed	Cytoplasm, cytoskeleton
51071_reviewed	Cytoplasm
1781_reviewed	Cytoplasm, cytoskeleton
728689_reviewed	Cytoplasm
10007_reviewed	Cytoplasm
132789_reviewed	Cytoplasm
3417_reviewed	Cytoplasm, cytosol
9943_reviewed	Cytoplasm
22930_reviewed	Cytoplasm
25782_reviewed	Cytoplasm
58490_reviewed	Nucleus
6470_reviewed	Cytoplasm
51236_reviewed	Cytoplasm
54878_reviewed	Cytoplasm
80218_reviewed	Cytoplasm
63935_reviewed	Nucleus
55223_reviewed	Cytoplasm
10475_reviewed	Cytoplasm
126282_reviewed	Cytoplasm
3575_reviewed	[Isoform 1]: Cell membrane; Single-pass type I membrane protein
53944_reviewed	Cytoplasm
11196_reviewed	Cytoplasmic vesicle, COPII-coated vesicle membrane; Peripheral membrane protein; Cytoplasmic side. Endoplasmic reticulum
389421_reviewed	Nucleus. Nucleus, nucleolus
131405_reviewed	Cytoplasm, P-body
10314_reviewed	Cytoplasm
55920_reviewed	Nucleus, nucleolus
140461_reviewed	Cytoplasm
6713_reviewed	Microsome membrane
140456_reviewed	Endoplasmic reticulum
57663_reviewed	Cytoplasm, perinuclear region
54675_reviewed	Mitochondrion inner membrane
80263_reviewed	Cytoplasm
22890_reviewed	Nucleus
23462_reviewed	Nucleus
23241_reviewed	Endoplasmic reticulum
5641_reviewed	Lysosome
57551_reviewed	Cytoplasm
5256_reviewed	Cell membrane
5255_reviewed	Cell membrane
23432_reviewed	Cell projection, cilium membrane
147339_reviewed	Nucleus
55105_reviewed	Nucleus speckle
225689_reviewed	Cytoplasm, cytoskeleton, cilium basal body
157_reviewed	Postsynapse
644815_reviewed	Cytoplasm, cytosol
222584_reviewed	Cytoplasm
114991_reviewed	Nucleus
286077_reviewed	Cytoplasm, cytoskeleton
28966_reviewed	Cytoplasmic vesicle membrane
90362_reviewed	Cytoplasm
51150_reviewed	[Isoform 1]: Golgi apparatus lumen
115098_reviewed	Cytoplasm, cytoskeleton, microtubule organizing center, centrosome
23178_reviewed	Cytoplasm
150472_reviewed	Nucleus
9922_reviewed	Cytoplasm
4440_reviewed	Cytoplasm
10957_reviewed	Nucleus
2686_reviewed	Membrane
149986_reviewed	Cytoplasm, Cytoplasmic ribonucleoprotein granule
29997_reviewed	Nucleus, nucleolus
79727_reviewed	Cytoplasm
11103_reviewed	Nucleus, nucleolus
51808_reviewed	Nucleus, nucleoplasm
23029_reviewed	Nucleus, nucleolus
2720_reviewed	[Isoform 1]: Lysosome
27037_reviewed	Cytoplasm, cytosol
55341_reviewed	Cytoplasm
81501_reviewed	Cell membrane
7253_reviewed	Cell membrane
9289_reviewed	Cell membrane
6775_reviewed	Cytoplasm. Nucleus
51704_reviewed	Cell membrane
109_reviewed	Cell membrane
968_reviewed	[Isoform Short]: Cell membrane; Single-pass type I membrane protein
2780_reviewed	Cell projection, cilium, photoreceptor outer segment
4162_reviewed	Membrane; Single-pass type I membrane protein
970_reviewed	Cell membrane
81502_reviewed	Endoplasmic reticulum membrane
5002_reviewed	Apical cell membrane
55544_reviewed	Cytoplasm, cytosol
23762_reviewed	Membrane
9885_reviewed	Cytoplasm, cytosol
114880_reviewed	Cytoplasm, cytosol
114884_reviewed	Cytoplasm, cytoskeleton
114885_reviewed	Late endosome membrane
5800_reviewed	Membrane; Single-pass type I membrane protein
7429_reviewed	Cytoplasm, cytoskeleton. Cell projection, lamellipodium. Cell projection, ruffle. Cell projection, microvillus. Cell projection, filopodium tip
249_reviewed	Cell membrane
54931_reviewed	Mitochondrion matrix, mitochondrion nucleoid
2926_reviewed	[Isoform 1]: Mitochondrion matrix
953_reviewed	Membrane
138151_reviewed	Nucleus
374_reviewed	Membrane; Single-pass membrane protein
79047_reviewed	Nucleus
80755_reviewed	Cytoplasm
80222_reviewed	Mitochondrion matrix
55172_reviewed	Cytoplasm
23234_reviewed	Nucleus
29765_reviewed	Cytoplasm, cytoskeleton
55466_reviewed	Membrane
55086_reviewed	Chromosome
100529239_unreviewed	Cytoplasm
57037_reviewed	Cell projection, cilium
5836_reviewed	Cytoplasm, cytosol
8468_reviewed	Cytoplasm
54851_reviewed	Nucleus
22824_reviewed	Cytoplasm
124535_reviewed	Nucleus
26098_reviewed	Nucleus
2560_reviewed	Postsynaptic cell membrane
275_reviewed	Mitochondrion
11180_reviewed	Cytoplasm
5033_reviewed	Endoplasmic reticulum lumen
8974_reviewed	Endoplasmic reticulum lumen
84306_reviewed	Nucleus, nucleolus
8394_reviewed	Cell membrane
84515_reviewed	Nucleus
254394_reviewed	Nucleus
84944_reviewed	Cytoplasm
84955_reviewed	[Isoform 1]: Cytoplasm. Nucleus
10568_reviewed	Apical cell membrane
6094_reviewed	Photoreceptor inner segment membrane
51495_reviewed	Endoplasmic reticulum membrane
490_reviewed	Cell membrane
146862_reviewed	Cytoplasm, myofibril, sarcomere, Z line
23252_reviewed	Cytoplasm
54726_reviewed	Cytoplasm
161725_reviewed	Cytoplasm
10002_reviewed	Nucleus
6096_unreviewed	Nucleus, nucleoplasm
3174_reviewed	Nucleus
4957_reviewed	Cytoplasm, cytoskeleton, microtubule organizing center, centrosome
9528_reviewed	Late endosome membrane
29035_reviewed	Nucleus
171483_reviewed	Nucleus
765_reviewed	Secreted
26047_reviewed	Membrane
11278_reviewed	Nucleus
23177_reviewed	Cytoplasm, cytoskeleton, microtubule organizing center, centrosome
8448_reviewed	Lysosome
1806_reviewed	Cytoplasm
123722_reviewed	Nucleus
3351_reviewed	Cell membrane
9572_reviewed	Cell projection, dendrite
23288_reviewed	Cell projection, cilium membrane
153657_reviewed	Cytoplasm, cytoskeleton, microtubule organizing center, centrosome
54518_reviewed	Cell membrane
64753_reviewed	Cytoplasmic vesicle, secretory vesicle, acrosome membrane
80318_reviewed	Golgi apparatus
54900_reviewed	Cell membrane
23609_reviewed	Cytoplasm
221143_reviewed	Cytoplasm
283208_reviewed	Endoplasmic reticulum lumen
339834_reviewed	Chromosome
1046_reviewed	Nucleus
90993_reviewed	[Cyclic AMP-responsive element-binding protein 3-like protein 1]: Endoplasmic reticulum membrane
121268_reviewed	Endomembrane system
6911_reviewed	Nucleus
259197_reviewed	Cell membrane
140597_reviewed	Nucleus
121441_reviewed	Cytoplasm, cytoskeleton, microtubule organizing center, centrosome
653784_reviewed	Cytoplasm, cytoskeleton, microtubule organizing center, centrosome
80097_reviewed	Cytoplasm, cytoskeleton, microtubule organizing center, centrosome
29789_reviewed	Cytoplasm
2331_reviewed	Secreted, extracellular space, extracellular matrix
55128_reviewed	Cytoplasm, perinuclear region. Nucleus. Note=Colocalized with AR in nucleus
2009_reviewed	Cytoplasm
56203_reviewed	Cytoplasm
131377_reviewed	Cytoplasm
26298_reviewed	Nucleus
1192_reviewed	Nucleus
1442_reviewed	Secreted
85476_reviewed	Mitochondrion
51117_reviewed	Mitochondrion inner membrane
84274_reviewed	Mitochondrion inner membrane
10800_reviewed	Cell membrane; Multi-pass membrane protein
57105_reviewed	Cell membrane; Multi-pass membrane protein
2882_reviewed	Secreted
8613_reviewed	Cell membrane
3801_reviewed	Cell junction, adherens junction
1200_reviewed	Lysosome
80169_reviewed	Nucleus
79991_reviewed	Nucleus
9235_reviewed	Secreted
22839_reviewed	Membrane
25828_reviewed	Mitochondrion
26100_reviewed	Preautophagosomal structure membrane
5909_reviewed	Golgi apparatus membrane; Peripheral membrane protein
9882_reviewed	Cytoplasm
619279_reviewed	Nucleus
9663_reviewed	Nucleus
91452_reviewed	Peroxisome membrane
57685_reviewed	Membrane
23175_reviewed	Cytoplasm, cytosol
377630_reviewed	Nucleus
2230_reviewed	Mitochondrion matrix
112812_reviewed	Mitochondrion
64782_reviewed	Nucleus. Nucleus, nucleolus. Note=Localized predomintly in the nucleolus. Translocates from the nucleolus to the nucleoplasm upon apoptosis induction
4521_reviewed	[Isoform p18]: Cytoplasm, cytosol
64098_reviewed	Cell junction, focal adhesion
79005_reviewed	Nucleus, nucleoplasm
84619_reviewed	Nucleus
191_reviewed	Cytoplasm
211_reviewed	Mitochondrion inner membrane
147872_reviewed	Nucleus outer membrane
83594_reviewed	Cytoplasm
685_reviewed	[Betacellulin]: Secreted, extracellular space
129049_reviewed	Golgi apparatus, trans-Golgi network
134359_reviewed	Cytoplasm, cytoskeleton, microtubule organizing center, centrosome
1070_reviewed	Cytoplasm, cytoskeleton, microtubule organizing center, centrosome
1809_reviewed	Cytoplasm
56896_reviewed	Cytoplasm
8789_reviewed	Cell junction
116173_reviewed	Membrane; Multi-pass membrane protein
9724_reviewed	Nucleus, nucleolus
26051_reviewed	Cell membrane
55702_reviewed	Nucleus
283385_reviewed	Cytoplasmic vesicle, secretory vesicle, acrosome
2939_reviewed	Cytoplasm
2949_reviewed	Cytoplasm
730394_reviewed	Nucleus
3613_reviewed	Cytoplasm
9672_reviewed	Cell membrane; Single-pass type I membrane protein
51207_reviewed	Cytoplasm
84948_reviewed	Nucleus
56181_reviewed	Mitochondrion outer membrane
4115_reviewed	Cytoplasm
4336_reviewed	Cytoplasm, perinuclear region. Note=Present in the major dense line of CNS myelin
4355_reviewed	Cytoplasm, cytoskeleton
10361_reviewed	Nucleus
163183_reviewed	Nucleus outer membrane
51686_reviewed	Nucleus. Cytoplasm
5798_reviewed	Membrane
5373_reviewed	Cytoplasm
91703_reviewed	Apical cell membrane
58473_reviewed	Membrane
84283_reviewed	Lysosome
23204_reviewed	Endomembrane system
254122_reviewed	Cell membrane
222894_reviewed	Nucleus
50674_reviewed	Nucleus
374355_reviewed	Cytoplasm
9818_reviewed	Nucleus, nuclear pore complex
84140_reviewed	Cytoplasm, cytoskeleton, cilium basal body
84547_reviewed	Nucleus
158399_reviewed	Nucleus
252884_reviewed	[Isoform 1]: Nucleus
7586_reviewed	Nucleus
8438_reviewed	Nucleus
8727_reviewed	Cytoplasm, cytoskeleton
26468_reviewed	Nucleus
9117_reviewed	Endoplasmic reticulum membrane
93233_reviewed	Cytoplasm, cytoskeleton, cilium axoneme
151393_reviewed	Membrane
9912_reviewed	Cell projection, dendritic spine
130271_reviewed	Cytoplasm
9413_reviewed	Early endosome membrane
9422_reviewed	Nucleus
51763_reviewed	Endoplasmic reticulum
9702_reviewed	Nucleus
9832_reviewed	Golgi apparatus
57541_reviewed	Nucleus
285613_reviewed	Cell membrane
9949_reviewed	Nucleus
10106_reviewed	Nucleus
122961_reviewed	Mitochondrion
23390_reviewed	Golgi apparatus membrane
65009_reviewed	Cytoplasm, cytosol
55118_reviewed	Secreted, extracellular space, extracellular matrix
79364_reviewed	Nucleus
55286_reviewed	Cell membrane
54069_reviewed	Nucleus
22899_reviewed	Cell projection, dendrite
55964_reviewed	Cytoplasm. Cytoplasm, cytoskeleton
55337_reviewed	Cytoplasm
199692_reviewed	Nucleus
83695_reviewed	Nucleus
146849_reviewed	Cytoplasm, perinuclear region
29078_reviewed	Mitochondrion
26228_reviewed	Nucleus
27156_reviewed	Cytoplasm, cytoskeleton, flagellum axoneme
27158_reviewed	Cytoplasm, perinuclear region
83692_reviewed	Cell membrane
50619_reviewed	Cytoplasm
57594_reviewed	Nucleus
57639_reviewed	Cytoplasm, cytoskeleton, microtubule organizing center, centrosome, centriole
652968_reviewed	Cytoplasm, cytosol
158297_reviewed	Cytoplasm, cytoskeleton, microtubule organizing center, centrosome, centriole
387032_reviewed	Nucleus
91647_reviewed	Mitochondrion inner membrane
54955_reviewed	Nucleus
53340_reviewed	Membrane
54432_reviewed	Golgi apparatus, cis-Golgi network membrane
54585_reviewed	Cytoplasm
129401_reviewed	Nucleus, nuclear pore complex
54828_reviewed	Nucleus
54870_reviewed	Nucleus
161582_reviewed	Nucleus
342945_reviewed	Nucleus
54970_reviewed	Cytoplasm
84456_reviewed	Nucleus
55156_reviewed	Cytoplasm
55454_reviewed	Golgi apparatus, Golgi stack membrane
202051_reviewed	Cytoplasm
55760_reviewed	Nucleus
79848_reviewed	Cytoplasm, cytoskeleton, microtubule organizing center, centrosome
79839_reviewed	Cytoplasm, cytoskeleton, microtubule organizing center, centrosome, centriole
79618_reviewed	Nucleus
79719_reviewed	Cytoplasm, cytosol
130340_reviewed	Golgi apparatus. Cytoplasmic vesicle membrane; Peripheral membrane protein; Cytoplasmic side. Membrane, clathrin-coated pit. Note=Component of the coat surrounding the cytoplasmic face of coated vesicles located at the Golgi complex
340371_reviewed	Cytoplasm
83852_reviewed	Nucleus
120534_reviewed	Cytoplasm
93426_reviewed	Nucleus
339448_reviewed	Nucleus
199221_reviewed	Cytoplasm, cytoskeleton, cilium basal body
282809_reviewed	Cytoplasm, cytoskeleton, microtubule organizing center, centrosome
29767_reviewed	Cytoplasm, cytoskeleton
23144_reviewed	Nucleus
256297_reviewed	Nucleus
84295_reviewed	Nucleus. Nucleus, nucleolus. Chromosome, centromere, kinetochore
9807_reviewed	Cytoplasm
29984_reviewed	Cell membrane
54509_reviewed	Cell membrane
4534_reviewed	Cell membrane
9421_reviewed	Nucleus, nucleoplasm
1267_reviewed	Melanosome
2823_reviewed	Cell membrane
116442_reviewed	Cell membrane
8675_reviewed	Golgi apparatus membrane; Single-pass type IV membrane protein
11202_reviewed	Secreted
26286_reviewed	Cytoplasm
55204_reviewed	Golgi apparatus, Golgi stack membrane
83447_reviewed	Mitochondrion inner membrane
285195_reviewed	Late endosome membrane
84446_reviewed	Cytoplasm
2701_reviewed	Cell membrane; Multi-pass membrane protein. Cell junction, gap junction
79971_reviewed	Golgi apparatus membrane
26009_reviewed	Nucleus
124944_reviewed	Nucleus
643_reviewed	Cell membrane; Multi-pass membrane protein
54941_reviewed	Golgi apparatus membrane
9744_reviewed	Recycling endosome membrane
6491_reviewed	Cytoplasm, cytosol
64802_reviewed	Nucleus
8774_reviewed	Membrane
23196_reviewed	Cytoplasm
79811_reviewed	Nucleus
10939_reviewed	Mitochondrion inner membrane
23_reviewed	[Isoform 2]: Cytoplasm
4513_reviewed	Mitochondrion inner membrane
5445_reviewed	Membrane
22931_reviewed	Endoplasmic reticulum membrane
55831_reviewed	Endoplasmic reticulum membrane
284361_reviewed	[Isoform 1]: Endoplasmic reticulum membrane
23065_reviewed	Endoplasmic reticulum membrane
57544_reviewed	Secreted
51234_reviewed	Endoplasmic reticulum membrane
399694_reviewed	Postsynaptic cell membrane. Note=Colocalized with MUSK at the neuromuscular junction
10044_reviewed	Cytoplasm
64759_reviewed	Cell junction, focal adhesion
10810_reviewed	Cytoplasm, cytoskeleton
124930_reviewed	Cell membrane
338692_reviewed	Cell membrane
200894_reviewed	Cell projection, cilium membrane
122011_reviewed	Cytoplasm
4976_reviewed	[Dynamin-like GTPase OPA1, long form]: Mitochondrion inner membrane
54103_reviewed	Golgi apparatus, trans-Golgi network
10437_reviewed	Secreted
151195_reviewed	Cell membrane
83931_reviewed	Nucleus
219699_reviewed	Cell membrane
5538_reviewed	Lysosome
1621_reviewed	[Soluble dopamine beta-hydroxylase]: Cytoplasmic vesicle, secretory vesicle lumen
7425_reviewed	[Neurosecretory protein VGF]: Secreted
51213_reviewed	Nucleus
51593_reviewed	Nucleus, nucleoplasm
92305_reviewed	Endoplasmic reticulum membrane
1180_reviewed	Cell membrane
133584_reviewed	Secreted, extracellular space, extracellular matrix
55168_reviewed	Mitochondrion
9904_reviewed	Nucleus, nucleolus
79893_reviewed	Cytoplasmic vesicle
27180_reviewed	Membrane; Single-pass type I membrane protein
54520_reviewed	Early endosome
57020_reviewed	Membrane
6097_reviewed	Nucleus
4109_reviewed	Nucleus
55810_reviewed	Nucleus
25886_reviewed	Cytoplasm, cytoskeleton, microtubule organizing center, centrosome
152926_reviewed	Mitochondrion matrix
594_reviewed	Mitochondrion matrix
593_reviewed	Mitochondrion matrix
57007_reviewed	Cell membrane
10412_reviewed	Nucleus, nucleolus
55135_reviewed	Nucleus, Cajal body
25871_reviewed	Nucleus
55320_reviewed	Nucleus
3115_reviewed	Cell membrane; Single-pass type I membrane protein. Endoplasmic reticulum membrane; Single-pass type I membrane protein. Golgi apparatus, trans-Golgi network membrane; Single-pass type I membrane protein. Endosome membrane; Single-pass type I membrane protein. Lysosome membrane; Single-pass type I membrane protein. Note=The MHC class II complex transits through a number of intracellular compartments in the endocytic pathway until it reaches the cell membrane for antigen presentation
725_reviewed	Secreted
5627_reviewed	Secreted
84154_reviewed	Nucleus, nucleolus
55850_reviewed	Endoplasmic reticulum membrane
114785_reviewed	Nucleus
55764_reviewed	Cytoplasm, cytoskeleton, cilium basal body
9742_reviewed	Cytoplasm, cytoskeleton, cilium basal body
57539_reviewed	Cytoplasm, cytoskeleton, microtubule organizing center, centrosome
57728_reviewed	Cell projection, cilium
112752_reviewed	Cytoplasm, cytoskeleton
10078_reviewed	Nucleus
10217_reviewed	Nucleus
146909_reviewed	Nucleus. Cytoplasm. Cytoplasm, cytoskeleton. Note=Present predominantly in the nucleus and to a lesser extent in the cytoplasm of interphase cells. During mitosis, found to be closely associated with astral microtubule plus ends emanating from the spindle pole during prometaphase and metaphase
28976_reviewed	Mitochondrion inner membrane
4540_reviewed	Mitochondrion inner membrane
483_reviewed	Apical cell membrane
221421_reviewed	Cytoplasm, cytoskeleton, cilium axoneme
2070_reviewed	Cytoplasm
140710_reviewed	Cytoplasm, cytoskeleton
145508_reviewed	Cytoplasm, cytoskeleton, microtubule organizing center, centrosome, centriole
3796_reviewed	Cytoplasm, cytoskeleton, microtubule organizing center, centrosome
51300_reviewed	Mitochondrion membrane
55863_reviewed	Mitochondrion membrane
283150_reviewed	Nucleus
9933_reviewed	Nucleus, nucleolus
4931_reviewed	[Isoform 2]: Nucleus, nucleoplasm
123016_reviewed	Cytoplasm, cytoskeleton, microtubule organizing center, centrosome
27241_reviewed	Cytoplasm, cytoskeleton, microtubule organizing center, centrosome. Cell projection, cilium membrane. Cytoplasm. Cytoplasm, cytoskeleton, microtubule organizing center, centrosome, centriolar satellite
129880_reviewed	Cell projection, cilium membrane. Cytoplasm. Cytoplasm, cytoskeleton, cilium basal body
55696_reviewed	Nucleus
153129_reviewed	Lysosome membrane
79583_reviewed	Cell projection, cilium membrane
79867_reviewed	Membrane
27077_reviewed	Cytoplasm, cytoskeleton, cilium basal body
80776_reviewed	Cytoplasm, cytoskeleton, cilium basal body
54903_reviewed	Cytoplasm, cytoskeleton, cilium basal body. Cytoplasm, cytoskeleton, microtubule organizing center, centrosome. Note=Localizes at the transition zone, a region between the basal body and the ciliary axoneme
91663_reviewed	Membrane
221830_reviewed	Nucleus, nucleolus
338657_reviewed	Cytoplasm, cytoskeleton, microtubule organizing center, centrosome
55604_reviewed	Cytoplasm
57482_reviewed	Cytoplasm, cytosol
84516_reviewed	Cytoplasm, cytoskeleton
10671_reviewed	Cytoplasm, cytoskeleton
26953_reviewed	Cytoplasm
84524_reviewed	Nucleus
79768_reviewed	Nucleus
55571_reviewed	Cytoplasm
139628_reviewed	Nucleus
54707_reviewed	Cytoplasm
29920_reviewed	Cytoplasm
11166_reviewed	Nucleus
400506_reviewed	Nucleus, nucleolus
51096_reviewed	Nucleus, nucleolus
153443_reviewed	Cytoplasm, perinuclear region
64434_reviewed	Nucleus, nucleolus
79080_reviewed	Nucleus
23160_reviewed	Nucleus, nucleolus
57050_reviewed	Nucleus, nucleolus
51335_reviewed	Nucleus
170506_reviewed	Nucleus
8446_reviewed	Nucleus
55607_reviewed	Cytoplasm, cytoskeleton
54976_reviewed	Secreted
54468_reviewed	Lysosome membrane
79726_reviewed	Lysosome membrane
253461_reviewed	Nucleus
8886_reviewed	Nucleus, nucleolus
55262_reviewed	Cytoplasm, cytoskeleton, spindle
55610_reviewed	Recycling endosome
7260_reviewed	Golgi apparatus, trans-Golgi network
64087_reviewed	Mitochondrion matrix
51008_reviewed	Nucleus
84164_reviewed	Nucleus
114876_reviewed	Late endosome
56652_reviewed	Mitochondrion matrix, mitochondrion nucleoid
8545_reviewed	Nucleus
4528_reviewed	Mitochondrion
4705_reviewed	Mitochondrion matrix
64847_reviewed	Secreted
55526_reviewed	Mitochondrion
3421_reviewed	Mitochondrion
129285_reviewed	Early endosome
9946_reviewed	Early endosome
10795_reviewed	[Isoform 1]: Nucleus
79701_reviewed	Membrane
85450_reviewed	Cell membrane
537_reviewed	Endoplasmic reticulum membrane
84317_reviewed	Endosome
55012_reviewed	Nucleus
55347_reviewed	Mitochondrion
54938_reviewed	Mitochondrion matrix
284114_reviewed	Cell membrane
84514_reviewed	Endoplasmic reticulum
84138_reviewed	Cytoplasm
25923_reviewed	Endoplasmic reticulum membrane
64843_reviewed	Nucleus
9910_reviewed	Cytoplasmic vesicle
80173_reviewed	Cell projection, cilium
150737_reviewed	Cell projection, cilium
92104_reviewed	Cell projection, cilium
57560_reviewed	Cytoplasm. Cytoplasm, cytoskeleton, cilium basal body
64792_reviewed	Cell projection, cilium
144577_reviewed	Lysosome membrane
4538_reviewed	Mitochondrion inner membrane
92667_reviewed	Mitochondrion
221302_reviewed	Cytoplasm
729438_reviewed	Cytoplasm, cytosol
23277_reviewed	Cytoplasm
51614_reviewed	Endoplasmic reticulum-Golgi intermediate compartment membrane
51290_reviewed	Endoplasmic reticulum-Golgi intermediate compartment membrane; Multi-pass membrane protein. Golgi apparatus, cis-Golgi network membrane; Multi-pass membrane protein. Endoplasmic reticulum membrane; Multi-pass membrane protein. Cytoplasm. Nucleus. Note=Cycles between the endoplasmic reticulum and the Golgi. According to a report, localizes to the nucleus (PubMed:11445006). Another report shows a partial localization in the nucleus (PubMed:17980171)
221154_reviewed	Mitochondrion intermembrane space
10367_reviewed	Mitochondrion intermembrane space
27285_reviewed	Cytoplasm, cytoskeleton, cilium axoneme
64793_reviewed	Cytoplasm, cytoskeleton, microtubule organizing center, centrosome
63875_reviewed	Mitochondrion
5533_reviewed	Mitochondrion
10615_reviewed	Cytoplasm
122416_reviewed	Cytoplasmic vesicle
51430_reviewed	Rough endoplasmic reticulum membrane
10311_reviewed	Endosome
4702_reviewed	Mitochondrion inner membrane
27031_reviewed	Cell projection, cilium
49855_reviewed	Endoplasmic reticulum
8897_reviewed	Cytoplasm, cytosol
9592_reviewed	Cytoplasm
221895_reviewed	Nucleus
27019_reviewed	Dynein axonemal particle
64446_reviewed	Cytoplasm, cytoskeleton, cilium axoneme
3752_reviewed	Cell membrane
5593_reviewed	Apical cell membrane
79073_reviewed	Nucleus outer membrane
90417_reviewed	Nucleus
9054_reviewed	[Isoform Mitochondrial]: Mitochondrion
23479_reviewed	[Isoform 1]: Mitochondrion
150274_reviewed	[Iron-sulfur cluster co-chaperone protein HscB, cytoplasmic]: Cytoplasm
84978_reviewed	Membrane
57613_reviewed	Membrane
6574_reviewed	Cell membrane
5506_reviewed	Membrane
54934_reviewed	Nucleus
92912_reviewed	Cytoplasm
84749_reviewed	Mitochondrion outer membrane
166793_reviewed	[Isoform 1]: Cytoplasm
1889_reviewed	Cell membrane
117_reviewed	Cell membrane; Multi-pass membrane protein
55841_reviewed	Cytoplasm, cytosol
347517_reviewed	Cytoplasm
10927_reviewed	Nucleus
51001_reviewed	Mitochondrion
79954_reviewed	Nucleus, nucleolus
8659_reviewed	Mitochondrion matrix
55207_reviewed	Late endosome membrane
1327_reviewed	Mitochondrion inner membrane
84549_reviewed	Nucleus, nucleolus
30_reviewed	Peroxisome
90324_reviewed	Nucleus
79031_reviewed	Cytoplasm
57826_reviewed	Cytoplasm
51202_reviewed	Nucleus, nucleolus
51142_reviewed	Nucleus
25978_reviewed	Cytoplasm, cytosol
51004_reviewed	Mitochondrion inner membrane
51805_reviewed	Mitochondrion inner membrane
64175_reviewed	[Isoform 1]: Endoplasmic reticulum
10491_reviewed	Secreted, extracellular space, extracellular matrix
55677_reviewed	Nucleus
51119_reviewed	Cytoplasm. Nucleus, nucleolus. Nucleus, nucleoplasm. Cytoplasm, cytoskeleton, spindle. Note=Primarily detected in the cytoplasm, and at low levels in nucleus and nucleolus (PubMed:17475909, PubMed:19602484). Detected in the nucleolus during G1 and G2 phase of the cell cycle, and diffusely distributed in the nucleus during S phase. Detected at the mitotic spindle. Colocalizes with the microtubule organizing center during interphase (PubMed:19759903)
150962_reviewed	Nucleus
54942_reviewed	Nucleus speckle
51762_reviewed	Cell membrane
84656_reviewed	Nucleus
4942_reviewed	Mitochondrion matrix
80273_reviewed	Mitochondrion matrix
27000_reviewed	Nucleus
51182_reviewed	Cytoplasm, cytosol
51098_reviewed	Cell projection, cilium
10651_reviewed	Mitochondrion outer membrane
51477_reviewed	Cytoplasm
9277_reviewed	Nucleus, nucleolus
160287_reviewed	Cytoplasm
4134_reviewed	Cytoplasm, cytoskeleton
56922_reviewed	Mitochondrion matrix
7841_reviewed	Endoplasmic reticulum membrane
51642_reviewed	Mitochondrion
23223_reviewed	Nucleus, nucleolus
65083_reviewed	Nucleus, nucleolus
53343_reviewed	[Isoform 1]: Mitochondrion
5095_reviewed	Mitochondrion matrix
5096_reviewed	Mitochondrion matrix
64318_reviewed	Nucleus, nucleolus. Nucleus speckle
6745_reviewed	Endoplasmic reticulum membrane; Single-pass type I membrane protein
23760_reviewed	Golgi apparatus
5357_reviewed	Cytoplasm
5358_reviewed	Cytoplasm
23203_reviewed	Mitochondrion matrix
84057_reviewed	Nucleus
29893_reviewed	Nucleus
27127_reviewed	Nucleus
6051_reviewed	Secreted
9790_reviewed	Nucleus, nucleolus
55153_reviewed	Nucleus, nucleolus
29766_reviewed	Cytoplasm, cytoskeleton
56954_reviewed	Cytoplasm
7390_reviewed	Cytoplasm, cytosol
55726_reviewed	Nucleus
24140_reviewed	Cytoplasm
84305_reviewed	Cytoplasm
124245_reviewed	Nucleus
3916_reviewed	Lysosome membrane
7542_reviewed	Golgi apparatus, cis-Golgi network membrane
4774_reviewed	Nucleus
84699_reviewed	Endoplasmic reticulum membrane
57455_reviewed	Nucleus
91543_reviewed	Endoplasmic reticulum membrane; Peripheral membrane protein; Cytoplasmic side. Golgi apparatus
2191_reviewed	[Prolyl endopeptidase FAP]: Cell surface
100_reviewed	Cell junction
1803_reviewed	[Dipeptidyl peptidase 4 soluble form]: Secreted
2040_reviewed	Cell membrane
7070_reviewed	Cell membrane
55188_reviewed	Cytoplasm, cell cortex
64864_reviewed	Nucleus
27071_reviewed	Cytoplasm
85013_reviewed	Membrane
10100_reviewed	Membrane
116448_reviewed	Nucleus
10817_reviewed	Membrane; Lipid-anchor
79142_reviewed	Nucleus
115992_reviewed	Cytoplasm
6569_reviewed	Apical cell membrane
11009_reviewed	Secreted
10_reviewed	Cytoplasm
2817_reviewed	Cell membrane; Lipid-anchor, GPI-anchor; Extracellular side. Endosome. Note=S-nitrosylated form recycled in endosomes. Localizes to CAV1-containing vesicles close to the cell surface. Cleavage of heparan sulfate side chains takes place mainly in late endosomes. Associates with both forms of PRNP in lipid rafts. Colocalizes with APP in perinuclear compartments and with CP in intracellular compartments. Associates with fibrillar APP amyloid-beta peptides in lipid rafts in Alzheimer disease brains
9851_reviewed	Cytoplasm, cytoskeleton, microtubule organizing center, centrosome, centriole
374654_reviewed	Cell projection, cilium
10464_reviewed	Cytoplasm, cytoskeleton, microtubule organizing center, centrosome
153241_reviewed	Cytoplasm, cytoskeleton, microtubule organizing center, centrosome
79649_reviewed	Cytoplasm, cytoskeleton, spindle
26586_reviewed	Cytoplasm, cytoskeleton. Cytoplasm, cytoskeleton, spindle. Cytoplasm, cytoskeleton, spindle pole. Note=Contrary to the ectopically expressed protein, endogenous CKAP2 does not colocalize with microtubules in G1, S and early G2. At late G2 and prophase after separation of duplicated centrosomes, colocalizes with gamma-tubulin and centrosome-proximal microtubules. From prometaphase through anaphase B, colocalizes with mitotic spindle poles and spindle microtubules. During cytokinesis, absent from midbody microtubules
51512_reviewed	Cytoplasm, cytoskeleton. Note=Associated with microtubules
256714_reviewed	Cytoplasm, cytoskeleton, microtubule organizing center, centrosome
22832_reviewed	Cytoplasm, cytoskeleton, microtubule organizing center, centrosome, centriole. Cytoplasm, cytoskeleton, spindle. Nucleus. Note=Localizes to the distal end of centrioles throughout the cell cycle. During ciliogenesis, found at the cilia base. Localizes to spindle microtubules during mitosis
167691_reviewed	Cytoplasm, cytoskeleton
93594_reviewed	Cytoplasm, cytoskeleton, microtubule organizing center, centrosome
11020_reviewed	Cell projection, cilium
6787_reviewed	Cell projection, cilium
132320_reviewed	Cytoplasm, cytoskeleton, microtubule organizing center, centrosome, centriole
55857_reviewed	Cytoplasm, cytoskeleton, microtubule organizing center, centrosome
7798_reviewed	Cytoplasm, cytoskeleton, microtubule organizing center, centrosome
123811_reviewed	Cytoplasm, cytoskeleton, microtubule organizing center, centrosome, centriole
10806_reviewed	Cytoplasm, cytoskeleton, microtubule organizing center, centrosome, centriole. Cytoplasm, cytoskeleton, microtubule organizing center, centrosome
343099_reviewed	Cytoplasm, cytoskeleton, microtubule organizing center, centrosome, centriolar satellite
79796_reviewed	Endoplasmic reticulum membrane
1047_reviewed	Endoplasmic reticulum membrane; Single-pass type I membrane protein
91289_reviewed	Endoplasmic reticulum membrane
116150_reviewed	Endoplasmic reticulum membrane
9789_reviewed	Endoplasmic reticulum membrane
54862_reviewed	Cytoplasm
10198_reviewed	Cytoplasm, cytoskeleton, microtubule organizing center, centrosome, centriole
57701_reviewed	Cytoplasm, cytoskeleton, microtubule organizing center, centrosome
23271_reviewed	Cytoplasm, cytoskeleton
57662_reviewed	Cytoplasm, cytoskeleton
90799_reviewed	Cytoplasm, cytoskeleton, microtubule organizing center, centrosome
125950_reviewed	Nucleus
284086_reviewed	Cytoplasm
203286_reviewed	Cell projection, cilium
64784_reviewed	Nucleus
10195_reviewed	Endoplasmic reticulum membrane
347_reviewed	Secreted
7780_reviewed	[Isoform 1]: Cytoplasmic vesicle, secretory vesicle membrane
9145_reviewed	Cytoplasmic vesicle, secretory vesicle, synaptic vesicle membrane
23590_reviewed	Mitochondrion
6341_reviewed	Mitochondrion inner membrane
79133_reviewed	Mitochondrion inner membrane
51363_reviewed	Golgi apparatus membrane
874_reviewed	Cytoplasm
1212_reviewed	Cytoplasmic vesicle membrane; Peripheral membrane protein; Cytoplasmic side. Membrane, coated pit; Peripheral membrane protein; Cytoplasmic side. Note=Cytoplasmic face of coated pits and vesicles
3074_reviewed	Lysosome
9787_reviewed	Nucleus. Cytoplasm. Cytoplasm, cytoskeleton, spindle. Note=Localizes to the spindle in mitotic cells. Colocalizes with CDH1 at sites of cell-cell contact in intestinal epithelial cells
7942_reviewed	Nucleus
5257_reviewed	Cell membrane
11232_reviewed	Mitochondrion
5428_reviewed	Mitochondrion
51474_reviewed	Cytoplasm. Cell junction, focal adhesion
5872_reviewed	Cell membrane
54949_reviewed	Mitochondrion matrix
7259_reviewed	Nucleus, nucleolus
4007_reviewed	Cytoplasm
79149_reviewed	Nucleus
7812_reviewed	Cytoplasm. Cytoplasm, Stress granule
8731_reviewed	Nucleus
57606_reviewed	Cytoplasm, cytoskeleton. Note=Colocalizes with microtubules. Detected at the plus end of growing microtubules
57704_reviewed	Endoplasmic reticulum membrane
10994_reviewed	Endoplasmic reticulum membrane
11021_reviewed	Cell membrane
11031_reviewed	Golgi apparatus, trans-Golgi network
3797_reviewed	Cytoplasm, cytoskeleton
22862_reviewed	Golgi apparatus membrane
23355_reviewed	Early endosome
56992_reviewed	Cytoplasm. Cytoplasm, cytoskeleton, spindle. Note=Detected during the interphase in the cytoplasm as finely punctuate pattern and irregularly shaped dots. Detected during mitosis on the mitotic spindle. Colocalizes with TPX2 in mitosis. Localizes at the central spindle at anaphase (By similarity). Localizes at the sites of invaginating cell membranes, a position that corresponds to the location of the contractile actomyosin ring of dividing cells (By similarity). Colocalizes with actin in interphase (By similarity). Colocalizes in dendrites and in growth cone of axons with microtubules (By similarity)
26995_reviewed	Mitochondrion matrix
27333_reviewed	Golgi apparatus, Golgi stack membrane; Single-pass type II membrane protein. Endosome membrane; Single-pass type II membrane protein. Membrane
51263_reviewed	Mitochondrion
51318_reviewed	Mitochondrion
54948_reviewed	Mitochondrion
55075_reviewed	Nucleus
55171_reviewed	Cytoplasm, cytoskeleton, microtubule organizing center, centrosome
55422_reviewed	Nucleus
55435_reviewed	Golgi apparatus, trans-Golgi network. Late endosome. Early endosome. Note=Localizes to the juxta-nuclear Golgi region and to tubular structures throughout the cytoplasm, which are highly mobile and cycle between the juxta-nuclear area and the cell periphery
55680_reviewed	Nucleus
63979_reviewed	Nucleus
55732_reviewed	Chromosome, centromere, kinetochore
57117_reviewed	Nucleus
57706_reviewed	Cytoplasmic vesicle, clathrin-coated vesicle membrane
64778_reviewed	Membrane
64963_reviewed	Mitochondrion
80007_reviewed	Cytoplasm
83871_reviewed	Nucleus
84265_reviewed	Nucleus
84303_reviewed	Mitochondrion inner membrane
84939_reviewed	Nucleus
80179_reviewed	Mitochondrion outer membrane
90378_reviewed	Nucleus
91272_reviewed	Cytoplasm, cytoskeleton, microtubule organizing center, centrosome
91624_reviewed	Cytoplasm, cytoskeleton
113178_reviewed	Membrane; Multi-pass membrane protein
219927_reviewed	Mitochondrion
255394_reviewed	Cytoplasm, cytoskeleton
55735_reviewed	Mitochondrion
286257_reviewed	Nucleus
404636_reviewed	Late endosome
100170841_reviewed	Nucleus
2253_reviewed	Secreted
2250_reviewed	Secreted
23002_reviewed	Cytoplasm
2077_reviewed	Nucleus
27242_reviewed	Cell membrane
154214_reviewed	Membrane
23087_reviewed	Cytoplasm
4783_reviewed	Nucleus
2354_reviewed	Nucleus
100271849_unreviewed	Nucleus
5317_reviewed	[Isoform 1]: Cell junction, desmosome
100129654_reviewed	Nucleus
3400_reviewed	Nucleus
2298_reviewed	Nucleus
200350_reviewed	Nucleus
2302_reviewed	Nucleus
221322_reviewed	Cytoplasm
29105_reviewed	Nucleus
5991_reviewed	Nucleus
5990_reviewed	Nucleus
4741_reviewed	Cytoplasm, cytoskeleton
5630_reviewed	Cytoplasm, cytoskeleton
26261_reviewed	Mitochondrion
51339_reviewed	Cytoplasm. Nucleus. Synapse
2702_reviewed	Cell membrane; Multi-pass membrane protein. Cell junction, gap junction
10052_reviewed	Cell membrane
7036_reviewed	Cell membrane; Single-pass type II membrane protein
29886_reviewed	Early endosome membrane
8644_reviewed	Cytoplasm
2103_reviewed	Nucleus
221120_reviewed	Nucleus
28992_reviewed	Nucleus
121340_reviewed	Nucleus
218_reviewed	Cytoplasm
58509_reviewed	Nucleus
152559_reviewed	Golgi apparatus membrane
340152_reviewed	Cytoplasm, P-body
345611_reviewed	Golgi apparatus membrane
375298_reviewed	Cytoplasm. Nucleus, nucleolus. Note=Enriched in nucleoli. May shuttle between nucleus and cytoplasm. Isoform 5 is not enriched in the nucleoli
9858_reviewed	Nucleus, nucleolus
58480_reviewed	Cell membrane
81790_reviewed	Endoplasmic reticulum membrane
57600_reviewed	Lysosome membrane
55867_reviewed	Cell membrane
56270_reviewed	Preautophagosomal structure
23329_reviewed	Cell membrane
9619_reviewed	Endoplasmic reticulum membrane
64506_reviewed	Cytoplasm
79989_reviewed	Cell projection, cilium
253943_reviewed	Cytoplasm, cytosol
80267_reviewed	Endoplasmic reticulum lumen
54443_reviewed	Nucleus. Cytoplasm, cytoskeleton. Cytoplasm, cell cortex
389856_reviewed	Cytoplasm, cytosol
92565_reviewed	Nucleus
55014_reviewed	Endoplasmic reticulum membrane
55218_reviewed	Mitochondrion outer membrane
55008_reviewed	Cytoplasm, cytosol
79888_reviewed	Endoplasmic reticulum membrane
23300_reviewed	Nucleus
7090_reviewed	Nucleus
3712_reviewed	Mitochondrion matrix
57017_reviewed	Mitochondrion
10229_reviewed	Mitochondrion inner membrane
160760_reviewed	Mitochondrion matrix
114971_reviewed	Mitochondrion inner membrane
79979_reviewed	Mitochondrion
139322_reviewed	Mitochondrion inner membrane
114294_reviewed	Mitochondrion
9830_reviewed	Mitochondrion outer membrane
54413_reviewed	Cell membrane
1583_reviewed	Mitochondrion inner membrane
10965_reviewed	Mitochondrion
84634_reviewed	Cell membrane
29914_reviewed	Endoplasmic reticulum membrane
23237_reviewed	Extracellular vesicle membrane
7364_reviewed	Endoplasmic reticulum membrane
2878_reviewed	Secreted
144097_reviewed	Nucleus
57326_reviewed	Cytoplasm, cytoskeleton
1149_reviewed	Lipid droplet
63924_reviewed	Lipid droplet
201292_reviewed	Cytoplasm
22868_reviewed	Mitochondrion matrix, mitochondrion nucleoid
1558_reviewed	Endoplasmic reticulum membrane; Peripheral membrane protein. Microsome membrane; Peripheral membrane protein
440503_reviewed	Lipid droplet
123_reviewed	Membrane
58157_reviewed	Cytoplasm, cytosol
6769_reviewed	Cytoplasm, cytosol
166378_reviewed	Cytoplasm
79029_reviewed	Cytoplasm
116987_reviewed	Cytoplasm
54969_reviewed	Chromosome
6385_reviewed	[Isoform 1]: Membrane
56829_reviewed	[Isoform 1]: Nucleus
474_reviewed	Nucleus
9811_reviewed	Cytoplasm, perinuclear region
57216_reviewed	Cell membrane
51266_reviewed	Membrane
55016_reviewed	Golgi apparatus, trans-Golgi network membrane
10447_reviewed	Secreted
139341_reviewed	Mitochondrion outer membrane
339745_reviewed	Nucleus
29126_reviewed	Cell membrane
84236_reviewed	Endoplasmic reticulum membrane
197259_reviewed	Cytoplasm
91137_reviewed	Mitochondrion outer membrane
84251_reviewed	Membrane, clathrin-coated pit
23149_reviewed	Membrane, clathrin-coated pit
84722_reviewed	Cytoplasm. Cytoplasm, cytoskeleton, spindle. Cytoplasm, cytoskeleton, spindle pole. Note=Detected at the mitotic spindle and spindle poles. Diffusely distributed throughout the cell during interphase
23017_reviewed	Cell membrane
9475_reviewed	Cell membrane
220042_reviewed	Cytoplasm
5737_reviewed	Cell membrane; Multi-pass membrane protein
54704_reviewed	Mitochondrion
54664_reviewed	Late endosome membrane
11122_reviewed	Membrane; Single-pass type I membrane protein
150290_reviewed	Cytoplasm
26095_reviewed	Nucleus
338599_reviewed	Cytoplasm
1844_reviewed	Nucleus
10736_reviewed	Nucleus
64419_reviewed	Cytoplasm
8776_reviewed	Cell membrane
54545_reviewed	Cytoplasm
26507_reviewed	Cell membrane
6510_reviewed	Cell membrane
81839_reviewed	Cell membrane
5799_reviewed	Cytoplasmic vesicle, secretory vesicle membrane
10687_reviewed	Nucleus, nucleolus
8732_reviewed	Nucleus
83989_reviewed	Nucleus
7179_reviewed	Membrane; Multi-pass membrane protein
93492_reviewed	[Isoform 3]: Endoplasmic reticulum membrane
1847_reviewed	Nucleus
399979_reviewed	Early endosome membrane
55219_reviewed	Nucleus membrane
81567_reviewed	Endoplasmic reticulum lumen
63904_reviewed	Cytoplasm
56940_reviewed	Cytoplasm
2140_reviewed	Cytoplasm
9997_reviewed	Mitochondrion inner membrane
65263_reviewed	Cytoplasm
51091_reviewed	Cytoplasm
25902_reviewed	Mitochondrion
57524_reviewed	Cytoplasm
124590_reviewed	Cytoplasm, cytosol. Cytoplasm, cytoskeleton. Cell membrane
122622_reviewed	Cytoplasm
79809_reviewed	Cytoplasm, cytoskeleton, cilium axoneme
50626_reviewed	Cytoplasm
27152_reviewed	Cytoplasm
27154_reviewed	Nucleus
55506_reviewed	Nucleus
494115_reviewed	Nucleus
55765_reviewed	Nucleus
80139_reviewed	Nucleus
6041_reviewed	Cytoplasm
55036_reviewed	Cytoplasm
27175_reviewed	Cytoplasm, cytoskeleton, microtubule organizing center, centrosome
100532731_unreviewed	Nucleus
58478_reviewed	Cytoplasm
54998_reviewed	Mitochondrion matrix
79600_reviewed	Cytoplasm, cytoskeleton, cilium basal body
7448_reviewed	Secreted, extracellular space
755_reviewed	Mitochondrion
6035_reviewed	Secreted
390916_reviewed	Peroxisome
54867_reviewed	Endoplasmic reticulum membrane
84858_reviewed	Nucleus
113026_reviewed	Membrane; Peripheral membrane protein. Cytoplasm. Cleavage furrow
79587_reviewed	Mitochondrion
135295_reviewed	Nucleus
122830_reviewed	Cytoplasm
79731_reviewed	Mitochondrion matrix
91875_reviewed	Nucleus
587_reviewed	Mitochondrion
9749_reviewed	[Isoform 2]: Membrane
55750_reviewed	Mitochondrion inner membrane
90580_reviewed	Mitochondrion inner membrane
23438_reviewed	Mitochondrion
55572_reviewed	Mitochondrion inner membrane
54805_reviewed	Cell membrane
9911_reviewed	Endoplasmic reticulum membrane
283464_reviewed	Membrane
9567_reviewed	Cytoplasm
9761_reviewed	Endoplasmic reticulum membrane
326625_reviewed	Mitochondrion
114034_reviewed	Nucleus, nucleolus
79882_reviewed	Nucleus speckle
444_reviewed	[Isoform 1]: Endoplasmic reticulum membrane; Single-pass type II membrane protein
55117_reviewed	Membrane
79140_reviewed	Cytoplasm, cytoskeleton, microtubule organizing center, centrosome
64951_reviewed	Mitochondrion
54961_reviewed	Cytoplasm, cytoskeleton
200205_reviewed	Mitochondrion
339230_reviewed	Chromosome
85437_reviewed	Nucleus, nucleoplasm
55176_reviewed	Endoplasmic reticulum membrane
10999_reviewed	Endoplasmic reticulum membrane
6388_reviewed	Secreted
23753_reviewed	Endoplasmic reticulum lumen
493869_reviewed	Membrane
81542_reviewed	Endoplasmic reticulum membrane
11253_reviewed	Endoplasmic reticulum membrane
23341_reviewed	Endoplasmic reticulum membrane
60681_reviewed	Endoplasmic reticulum lumen
11231_reviewed	Endoplasmic reticulum membrane; Multi-pass membrane protein
55230_reviewed	Cytoplasm
54953_reviewed	Membrane
8842_reviewed	Apical cell membrane
3350_reviewed	Cell membrane
23769_reviewed	Cell membrane
11010_reviewed	Membrane
6423_reviewed	Secreted
3730_reviewed	Cell membrane
64777_reviewed	Cytoplasm, cytosol
160622_reviewed	Cytoplasm, perinuclear region
55010_reviewed	Cytoplasm
113510_reviewed	Nucleus
8322_reviewed	Cell membrane
23024_reviewed	Synapse
10626_reviewed	Cytoplasm
379_reviewed	Nucleus, nucleolus
9052_reviewed	Cell membrane
158880_reviewed	Chromosome
7073_reviewed	Nucleus
10346_reviewed	Cytoplasm
29066_reviewed	Nucleus
115004_reviewed	Cell membrane
64236_reviewed	Cytoplasm
56302_reviewed	Apical cell membrane
55512_reviewed	Golgi apparatus membrane
107_reviewed	Membrane
55906_reviewed	Cytoplasm
6248_reviewed	Cell membrane
9258_reviewed	Cytoplasm
153562_reviewed	Cell membrane
79651_reviewed	Endoplasmic reticulum membrane
81844_reviewed	Cytoplasm
253430_reviewed	Nucleus
84131_reviewed	Cytoplasm, cytoskeleton, microtubule organizing center, centrosome
4520_reviewed	Nucleus
57488_reviewed	Cell membrane
148_reviewed	Nucleus membrane
8808_reviewed	Membrane; Single-pass type I membrane protein
3356_reviewed	Cell membrane
57558_reviewed	Cytoplasm
29988_reviewed	Cell membrane
4314_reviewed	Secreted, extracellular space, extracellular matrix. Nucleus
84072_reviewed	Nucleus
83706_reviewed	Cell projection, podosome
79870_reviewed	Cytoplasm
29122_reviewed	Endoplasmic reticulum
4485_reviewed	Secreted
644_reviewed	Cytoplasm, cytosol
55124_reviewed	Cytoplasm
79831_reviewed	Nucleus
7262_reviewed	Cytoplasm
23081_reviewed	Nucleus
80856_reviewed	Endoplasmic reticulum membrane
7982_reviewed	Membrane
152831_reviewed	Cell membrane
91039_reviewed	[Isoform 1]: Cytoplasm, cytosol
161198_reviewed	Membrane
79812_reviewed	Secreted, extracellular space, extracellular matrix
132864_reviewed	Cytoplasm
115207_reviewed	Presynaptic cell membrane. Postsynaptic cell membrane
8895_reviewed	Nucleus
4253_reviewed	Endoplasmic reticulum membrane
10113_reviewed	Endoplasmic reticulum membrane
54221_reviewed	Cell membrane, sarcolemma; Peripheral membrane protein; Cytoplasmic side. Cytoplasm, cytoskeleton. Note=In skeletal muscle, it localizes at the cytoplasmic side of the sarcolemmal membrane
151_reviewed	Cell membrane
59_reviewed	Cytoplasm, cytoskeleton
64423_reviewed	Cytoplasm, perinuclear region
440087_reviewed	Membrane
3141_reviewed	Cytoplasm
3029_reviewed	[Isoform 1]: Mitochondrion matrix
5754_reviewed	Membrane
60312_reviewed	Cytoplasm, cytoskeleton, stress fiber
84141_reviewed	Endoplasmic reticulum membrane
5142_reviewed	[Isoform PDE4B5]: Cytoplasm
27244_reviewed	Nucleus
55908_reviewed	Secreted
79097_reviewed	Cytoplasm, cytosol
8435_reviewed	Endoplasmic reticulum membrane
148066_reviewed	Endoplasmic reticulum membrane
9582_reviewed	Nucleus
6932_reviewed	Nucleus
203228_reviewed	Cytoplasm
140775_reviewed	Cytoplasm
55255_reviewed	Cytoplasm
54361_reviewed	Secreted, extracellular space, extracellular matrix
149095_reviewed	Cell membrane
134549_reviewed	Cytoplasm, cytoskeleton
79568_reviewed	Mitochondrion matrix
55699_reviewed	Mitochondrion matrix
84930_reviewed	Cytoplasm, cytoskeleton, microtubule organizing center, centrosome
4200_reviewed	Mitochondrion matrix
4836_reviewed	Cytoplasm
5814_reviewed	Nucleus
64432_reviewed	Mitochondrion
85364_reviewed	Cytoplasm
26762_reviewed	Cell membrane
57369_reviewed	Cell membrane; Multi-pass membrane protein. Cell junction, gap junction
23150_reviewed	Cytoplasm, cytoskeleton
10841_reviewed	Cytoplasm, cytosol
51490_reviewed	Cytoplasm, cytoskeleton, spindle
1139_reviewed	Postsynaptic cell membrane
201516_reviewed	Nucleus
4507_reviewed	Cytoplasm. Nucleus
5806_reviewed	Secreted
29015_reviewed	Basolateral cell membrane
58489_reviewed	Recycling endosome membrane
256815_reviewed	Mitochondrion
11097_reviewed	Nucleus, nuclear pore complex
359_reviewed	Apical cell membrane
79188_reviewed	Endoplasmic reticulum membrane
23555_reviewed	Cell membrane
3598_reviewed	Cell membrane
138065_reviewed	Endoplasmic reticulum membrane
8692_reviewed	Cell membrane
29980_reviewed	Nucleus
79816_reviewed	Cytoplasm
51622_reviewed	Lysosome membrane
9242_reviewed	Nucleus
51715_reviewed	Cell membrane
51496_reviewed	Nucleus
4522_reviewed	Cytoplasm
51727_reviewed	Nucleus
1646_reviewed	Cytoplasm, cytosol
10840_reviewed	Cytoplasm, cytosol
51599_reviewed	Cell membrane
57181_reviewed	Cell membrane
6560_reviewed	Cell membrane
7779_reviewed	Cell membrane
24145_reviewed	Cell membrane
28982_reviewed	[Isoform 1]: Cell membrane
6515_reviewed	Cell membrane
54477_reviewed	Cytoplasm
10723_reviewed	Cell membrane
120_reviewed	Cytoplasm, cytoskeleton
81552_reviewed	Cytoplasmic vesicle membrane
2683_reviewed	Golgi apparatus, Golgi stack membrane
146850_reviewed	Cytoplasm
285489_reviewed	Cell membrane
23189_reviewed	Cytoplasm, cell cortex
11155_reviewed	Cytoplasm, perinuclear region
133746_reviewed	Nucleus
126364_reviewed	Membrane
9751_reviewed	Membrane
7258_reviewed	Cytoplasm
4939_reviewed	Cytoplasm
58504_reviewed	Cytoplasm
2982_reviewed	Cytoplasm
157285_reviewed	Cytoplasm
1758_reviewed	Nucleus
51105_reviewed	Nucleus
3773_reviewed	Membrane
84792_reviewed	Nucleus
79879_reviewed	Endoplasmic reticulum lumen
9403_reviewed	Endoplasmic reticulum lumen
51109_reviewed	Endoplasmic reticulum membrane
54869_reviewed	Cytoplasm
84632_reviewed	Cytoplasm
8506_reviewed	Membrane
1662_reviewed	Cytoplasm
25926_reviewed	Nucleus, nucleolus
85395_reviewed	Nucleus, nucleolus
54555_reviewed	Nucleus, nucleolus
121227_reviewed	Cell membrane
3861_reviewed	Cytoplasm
7781_reviewed	Cytoplasmic vesicle, secretory vesicle, synaptic vesicle membrane
7782_reviewed	Endosome membrane
6752_reviewed	Cell membrane; Multi-pass membrane protein. Cytoplasm. Note=Located mainly at the cell surface under basal conditions. Agonist stimulation results in internalization to the cytoplasm
54918_reviewed	Cell membrane
8140_reviewed	Apical cell membrane
255252_reviewed	Membrane
2030_reviewed	Basolateral cell membrane
23657_reviewed	Cell membrane
80381_reviewed	Membrane
23670_reviewed	Cell membrane
57707_reviewed	Membrane
91942_reviewed	Mitochondrion
23580_reviewed	Endomembrane system; Peripheral membrane protein. Cytoplasm, cytoskeleton
6507_reviewed	Cell membrane
9712_reviewed	Golgi apparatus. Cytoplasmic vesicle
55092_reviewed	Membrane
57669_reviewed	Cytoplasm
768211_reviewed	Cell membrane
25921_reviewed	Cell membrane
23167_reviewed	Cell membrane
81539_reviewed	Cell membrane
8677_reviewed	Golgi apparatus membrane
253832_reviewed	Golgi apparatus membrane
92521_reviewed	Nucleus
1362_reviewed	Cell membrane
6542_reviewed	Cell membrane
65062_reviewed	Membrane
6573_reviewed	Cell membrane
285282_reviewed	Cytoplasm, cytoskeleton, microtubule organizing center, centrosome
23516_reviewed	Cell membrane
5099_reviewed	Cell membrane; Single-pass type I membrane protein
4919_reviewed	Membrane
56704_reviewed	Cell membrane
285761_reviewed	Membrane
29091_reviewed	Cytoplasm
6533_reviewed	Cell membrane
1525_reviewed	[Isoform 1]: Cell membrane
57720_reviewed	Cell membrane
147007_reviewed	Cytoplasmic vesicle, COPI-coated vesicle membrane
1824_reviewed	Cell membrane
7355_reviewed	[Isoform 1]: Endoplasmic reticulum membrane
10057_reviewed	Basolateral cell membrane
79932_reviewed	Cytoplasmic granule membrane
25963_reviewed	[Isoform 1]: Cell membrane
1186_reviewed	Lysosome membrane
6535_reviewed	Cell membrane
29801_reviewed	Golgi apparatus membrane
54503_reviewed	Golgi apparatus membrane
6522_reviewed	[Isoform A]: Apical cell membrane
79752_reviewed	Cytoplasm, Stress granule
91107_reviewed	Cytoplasm
26284_reviewed	Mitochondrion matrix. Mitochondrion inner membrane; Peripheral membrane protein. Note=Localizes on the matrix side on the mitochondrial inner membrane
54902_reviewed	Mitochondrion inner membrane
1801_reviewed	Nucleus
79861_reviewed	Cytoplasm, cytoskeleton
55915_reviewed	Nucleus
1902_reviewed	Cell membrane
4259_reviewed	Mitochondrion outer membrane
65260_reviewed	Mitochondrion intermembrane space
22943_reviewed	Secreted
27020_reviewed	Cell membrane
54537_reviewed	Nucleus
149840_reviewed	Chromosome
8904_reviewed	Nucleus
10881_reviewed	Cytoplasm, cytoskeleton
10769_reviewed	Cytoplasm, cytoskeleton, microtubule organizing center, centrosome, centriole
3557_reviewed	[Isoform 1]: Secreted
163702_reviewed	Membrane
4593_reviewed	Postsynaptic cell membrane
50507_reviewed	Cytoplasm
64866_reviewed	[Isoform 1]: Cell membrane
5756_reviewed	Cytoplasm. Cytoplasm, cytoskeleton
57198_reviewed	Cell membrane
79400_reviewed	[Isoform v2]: Endoplasmic reticulum
917_reviewed	Cell membrane
146310_reviewed	Cytoplasm
23767_reviewed	Cell membrane
57528_reviewed	Presynaptic cell membrane. Postsynaptic cell membrane
83903_reviewed	Nucleus
8549_reviewed	Cell membrane; Multi-pass membrane protein. Golgi apparatus, trans-Golgi network membrane; Multi-pass membrane protein. Note=Rapidly and constitutively internalized to the trans-Golgi network at steady state. Internalization to the trans-Golgi network may be the result of phosphorylation at Ser-861 and Ser-864; however, the phosphorylation event has not been proven (PubMed:23439653)
27350_reviewed	Nucleus
3117_reviewed	Cell membrane; Single-pass type I membrane protein. Endoplasmic reticulum membrane; Single-pass type I membrane protein. Golgi apparatus, trans-Golgi network membrane; Single-pass type I membrane protein. Endosome membrane; Single-pass type I membrane protein. Lysosome membrane; Single-pass type I membrane protein. Note=The MHC class II complex transits through a number of intracellular compartments in the endocytic pathway until it reaches the cell membrane for antigen presentation
3119_reviewed	Cell membrane; Single-pass type I membrane protein. Endoplasmic reticulum membrane; Single-pass type I membrane protein. Golgi apparatus, trans-Golgi network membrane; Single-pass type I membrane protein. Endosome membrane; Single-pass type I membrane protein. Lysosome membrane; Single-pass type I membrane protein. Note=The MHC class II complex transits through a number of intracellular compartments in the endocytic pathway until it reaches the cell membrane for antigen presentation
57030_reviewed	Cytoplasmic vesicle, secretory vesicle, synaptic vesicle membrane
246213_reviewed	Cytoplasmic vesicle, secretory vesicle, synaptic vesicle membrane
140679_reviewed	Cytoplasmic vesicle membrane
221481_reviewed	Nucleus
23514_reviewed	Nucleus
54465_reviewed	Nucleus
440026_reviewed	Endoplasmic reticulum membrane
55312_reviewed	Cytoplasm
29100_reviewed	Endoplasmic reticulum membrane
3954_reviewed	Mitochondrion inner membrane
4916_reviewed	Membrane; Single-pass type I membrane protein
22891_reviewed	Cytoplasm, cytoskeleton, microtubule organizing center, centrosome
113451_reviewed	Nucleus. Cytoplasm
267012_reviewed	Cytoplasm, cytosol
79038_reviewed	Cell junction, focal adhesion. Cytoplasmic vesicle. Endosome. Note=Within cytoplasmic vesicles, partially colocalizes with EEA1, an endosomal marker
4552_reviewed	[Isoform B]: Cytoplasm
4548_reviewed	Cytoplasm
63976_reviewed	Nucleus
85359_reviewed	Nucleus
374354_reviewed	Cytoplasm, cytosol
84243_reviewed	Golgi apparatus membrane
27133_reviewed	Membrane; Multi-pass membrane protein
25830_reviewed	Cytoplasm
9173_reviewed	[Isoform C]: Cell membrane
5648_reviewed	Secreted
2705_reviewed	Cell membrane; Multi-pass membrane protein. Cell junction, gap junction
9990_reviewed	Cell membrane
51231_reviewed	Nucleus
58495_reviewed	Nucleus
8638_reviewed	[Isoform p56]: Nucleus, nucleolus. Cytoplasm
51338_reviewed	Membrane; Multi-pass membrane protein
5031_reviewed	Cell membrane; Multi-pass membrane protein
51296_reviewed	Lysosome membrane
29928_reviewed	Mitochondrion inner membrane
1268_reviewed	Cell membrane
