2624_reviewed	brown fat cell differentiation
5371_reviewed	apoptotic process
6118_reviewed	base-excision repair
6774_reviewed	acute-phase response
375_reviewed	cellular response to virus
23163_reviewed	endocytic recycling
377_reviewed	intracellular protein transport
23647_reviewed	actin cytoskeleton organization
27236_reviewed	intracellular protein transport
351_reviewed	apoptotic process
10513_reviewed	intracellular protein transport
333_reviewed	animal organ morphogenesis
1600_reviewed	adult walking behavior
10370_reviewed	adrenal cortex formation
7020_reviewed	bone morphogenesis
409_reviewed	adult walking behavior
5900_reviewed	Ras protein signal transduction
1436_reviewed	axon guidance
2885_reviewed	B cell receptor signaling pathway
6521_reviewed	bicarbonate transport
602_reviewed	antimicrobial humoral response
580_reviewed	cellular response to ionizing radiation
153_reviewed	adenylate cyclase-activating adrenergic receptor signaling pathway
10755_reviewed	cellular response to interleukin-7
421_reviewed	cell adhesion
1013_reviewed	adherens junction organization
5664_reviewed	amyloid precursor protein catabolic process
823_reviewed	mammary gland involution
9223_reviewed	cell adhesion
1499_reviewed	acinar cell differentiation
5925_reviewed	aortic valve morphogenesis
1523_reviewed	negative regulation of transcription by RNA polymerase II
7251_reviewed	autophagosome maturation
1026_reviewed	cellular response to amino acid starvation
4174_reviewed	DNA replication
4171_reviewed	apoptotic process
8317_reviewed	cell cycle phase transition
4999_reviewed	DNA replication initiation
10926_reviewed	DNA replication
10270_reviewed	cell cycle G2/M phase transition
6117_reviewed	base-excision repair
5001_reviewed	DNA replication
4172_reviewed	DNA replication
7534_reviewed	angiogenesis
993_reviewed	cell division
9322_reviewed	actin cytoskeleton organization
998_reviewed	actin cytoskeleton organization
1033_reviewed	G1/S transition of mitotic cell cycle
1017_reviewed	cell division
5932_reviewed	blastocyst hatching
5933_reviewed	cell differentiation
3486_reviewed	apoptotic process
1277_reviewed	blood vessel development
1386_reviewed	abducens nucleus development
4088_reviewed	activin receptor signaling pathway
4089_reviewed	adrenal gland development
896_reviewed	cell division
27335_reviewed	formation of cytoplasmic translation initiation complex
10928_reviewed	chemotaxis
891_reviewed	cell division
1465_reviewed	muscle tissue development
1445_reviewed	adaptive immune response
3480_reviewed	amyloid-beta clearance
1634_reviewed	animal organ morphogenesis
1956_reviewed	ERBB2-EGFR signaling pathway
6493_reviewed	cell differentiation
405_reviewed	cell differentiation
6492_reviewed	cell differentiation
266743_reviewed	cell differentiation
1839_reviewed	cell chemotaxis
7704_reviewed	anterior/posterior pattern specification
5111_reviewed	base-excision repair, gap-filling
1647_reviewed	apoptotic process
5335_reviewed	calcium-mediated signaling
1915_reviewed	cellular response to epidermal growth factor stimulus
3895_reviewed	microtubule-based movement
1936_reviewed	cellular response to heat
3791_reviewed	angiogenesis
308_reviewed	blood coagulation
133522_reviewed	energy homeostasis
2099_reviewed	androgen metabolic process
79039_reviewed	estrogen receptor signaling pathway
30836_reviewed	ribosomal small subunit biogenesis
2260_reviewed	angiogenesis
2224_reviewed	cholesterol biosynthetic process
6514_reviewed	carbohydrate metabolic process
3838_reviewed	DNA metabolic process
6517_reviewed	amylopectin biosynthetic process
1616_reviewed	androgen receptor signaling pathway
2898_reviewed	behavioral fear response
6386_reviewed	actin cytoskeleton organization
9463_reviewed	cellular response to decreased oxygen levels
2897_reviewed	central nervous system development
904_reviewed	cell division
2896_reviewed	astrocyte activation involved in immune response
10287_reviewed	autophagy
2781_reviewed	adenylate cyclase-inhibiting G protein-coupled receptor signaling pathway
2775_reviewed	adenylate cyclase-inhibiting G protein-coupled receptor signaling pathway
2773_reviewed	adenylate cyclase-inhibiting G protein-coupled receptor signaling pathway
3298_reviewed	positive regulation of transcription by RNA polymerase II
7329_reviewed	cell division
3984_reviewed	actin cytoskeleton organization
3084_reviewed	activation of protein kinase B activity
4209_reviewed	adult heart development
10971_reviewed	intracellular protein localization
3667_reviewed	cellular response to fatty acid
7531_reviewed	cellular response to heat
8651_reviewed	cell surface receptor signaling pathway via JAK-STAT
5747_reviewed	angiogenesis
5599_reviewed	autophagy
3643_reviewed	adrenal gland development
3552_reviewed	apoptotic process
4692_reviewed	axon extension
3717_reviewed	actin filament polymerization
10419_reviewed	chromatin remodeling
3875_reviewed	anatomical structure morphogenesis
10049_reviewed	actin cytoskeleton organization
4000_reviewed	cellular response to hypoxia
4001_reviewed	heterochromatin formation
6720_reviewed	cellular response to fatty acid
149428_reviewed	apoptotic process
596_reviewed	actin filament organization
663_reviewed	apoptotic process
7159_reviewed	intrinsic apoptotic signaling pathway by p53 class mediator
57142_reviewed	apoptotic process
8678_reviewed	amyloid-beta metabolic process
4790_reviewed	antibacterial innate immune response
4066_reviewed	B cell differentiation
8631_reviewed	adaptive immune response
5788_reviewed	alpha-beta T cell proliferation
7409_reviewed	B cell proliferation
2547_reviewed	activation of innate immune response
4689_reviewed	phagocytosis
7520_reviewed	activation of innate immune response
4361_reviewed	cell population proliferation
23468_reviewed	chromosome condensation
51588_reviewed	central nervous system development
51176_reviewed	anatomical structure regression
4286_reviewed	bone remodeling
4904_reviewed	cellular response to interleukin-7
8683_reviewed	mRNA processing
55729_reviewed	DNA methylation-dependent constitutive heterochromatin formation
4152_reviewed	DNA methylation-dependent constitutive heterochromatin formation
10036_reviewed	DNA repair
10401_reviewed	negative regulation of gene expression
23598_reviewed	male gonad development
4176_reviewed	cell population proliferation
23595_reviewed	DNA replication
4804_reviewed	axon guidance
5567_reviewed	adenylate cyclase-activating G protein-coupled receptor signaling pathway
1326_reviewed	MAPK cascade
5970_reviewed	animal organ morphogenesis
64320_reviewed	positive regulation of NF-kappaB transcription factor activity
10848_reviewed	apoptotic process
3178_reviewed	alternative mRNA splicing, via spliceosome
2237_reviewed	base-excision repair, gap-filling
4839_reviewed	maturation of LSU-rRNA
10445_reviewed	chromatin remodeling
2113_reviewed	cell differentiation
208_reviewed	cellular response to high light intensity
26060_reviewed	adiponectin-activated signaling pathway
2114_reviewed	cell differentiation
8558_reviewed	cell projection organization
22941_reviewed	adult behavior
2017_reviewed	actin cytoskeleton organization
7456_reviewed	actin filament-based movement
22938_reviewed	cellular response to retinoic acid
6497_reviewed	anterior/posterior axis specification
4893_reviewed	MAPK cascade
5910_reviewed	angiotensin-activated signaling pathway involved in heart process
11146_reviewed	cell surface receptor signaling pathway
4233_reviewed	branching morphogenesis of an epithelial tube
2146_reviewed	B cell differentiation
5966_reviewed	canonical NF-kappaB signal transduction
5531_reviewed	double-strand break repair via homologous recombination
4985_reviewed	adenylate cyclase-inhibiting G protein-coupled receptor signaling pathway
9737_reviewed	endosome to lysosome transport
4641_reviewed	actin filament organization
867_reviewed	cellular response to hypoxia
387_reviewed	alpha-beta T cell lineage commitment
5079_reviewed	adult behavior
7091_reviewed	cellular response to leukemia inhibitory factor
8503_reviewed	B cell differentiation
5290_reviewed	actin cytoskeleton organization
9784_reviewed	aorta development
6403_reviewed	calcium-dependent cell-cell adhesion via plasma membrane cell adhesion molecules
5311_reviewed	aorta development
7220_reviewed	calcium ion transmembrane transport
3739_reviewed	action potential
1739_reviewed	actin filament organization
3364_reviewed	cellular response to ionizing radiation
5573_reviewed	adenylate cyclase-activating G protein-coupled receptor signaling pathway
5575_reviewed	adenylate cyclase-activating G protein-coupled receptor signaling pathway
8165_reviewed	antiviral innate immune response
2241_reviewed	actin cytoskeleton organization
7110_reviewed	acrosome assembly
5594_reviewed	apoptotic process
4751_reviewed	cell division
22927_reviewed	cellular response to mechanical stimulus
10399_reviewed	cellular response to glucose stimulus
8439_reviewed	ceramide metabolic process
367_reviewed	androgen receptor signaling pathway
3689_reviewed	amyloid-beta clearance
5170_reviewed	actin cytoskeleton organization
5590_reviewed	cellular response to insulin stimulus
23286_reviewed	cell migration
23607_reviewed	actin filament organization
5867_reviewed	antigen processing and presentation
9135_reviewed	apoptotic process
5868_reviewed	amyloid-beta clearance by transcytosis
79890_reviewed	endocytosis
5869_reviewed	antigen processing and presentation
5906_reviewed	cellular response to cAMP
5863_reviewed	negative regulation of cardiac muscle cell apoptotic process
5908_reviewed	calcium-ion regulated exocytosis
5888_reviewed	cellular response to camptothecin
10635_reviewed	cellular response to ionizing radiation
11144_reviewed	chromosome organization involved in meiotic cell cycle
26959_reviewed	regulation of cell cycle
10131_reviewed	negative regulation of cellular respiration
26574_reviewed	cell adhesion
9984_reviewed	apoptotic process
6256_reviewed	cell differentiation
10902_reviewed	cell surface receptor signaling pathway
6886_reviewed	angiogenesis
4005_reviewed	positive regulation of transcription by RNA polymerase II
9267_reviewed	establishment of epithelial cell polarity
10139_reviewed	gastrulation
6626_reviewed	mRNA splicing, via spliceosome
6662_reviewed	anterior head development
2516_reviewed	adrenal gland development
8204_reviewed	cellular response to estradiol stimulus
1191_reviewed	amyloid-beta clearance
7048_reviewed	brain development
939_reviewed	adaptive immune memory response involving T cells and B cells
10572_reviewed	activation-induced cell death of T cells
11216_reviewed	intracellular protein localization
322_reviewed	apoptotic process
7024_reviewed	mRNA transcription by RNA polymerase II
10153_reviewed	positive regulation of transcription by RNA polymerase II
4801_reviewed	cellular response to leukemia inhibitory factor
1869_reviewed	anoikis
4914_reviewed	axon guidance
25_reviewed	actin cytoskeleton organization
3265_reviewed	adipose tissue development
84941_reviewed	negative regulation of B cell apoptotic process
2242_reviewed	cardiac muscle cell proliferation
3845_reviewed	actin cytoskeleton organization
6714_reviewed	angiotensin-activated signaling pathway
2048_reviewed	angiogenesis
7046_reviewed	activin receptor signaling pathway
7128_reviewed	apoptotic process
8887_reviewed	apoptotic process
7157_reviewed	apoptotic signaling pathway
51741_reviewed	cellular response to transforming growth factor beta stimulus
8556_reviewed	cell division
7132_reviewed	aortic valve development
5708_reviewed	proteasome-mediated ubiquitin-dependent protein catabolic process
25759_reviewed	cell surface receptor protein tyrosine kinase signaling pathway
4921_reviewed	biomineral tissue development
6464_reviewed	actin cytoskeleton organization
999_reviewed	adherens junction organization
1500_reviewed	cell migration involved in sprouting angiogenesis
79872_reviewed	cell-cell adhesion
2313_reviewed	animal organ morphogenesis
2623_reviewed	animal organ regeneration
7428_reviewed	amyloid fibril formation
7411_reviewed	microtubule-based process
79960_reviewed	apoptotic process
7515_reviewed	base-excision repair
3980_reviewed	base-excision repair
11284_reviewed	base-excision repair, gap-filling
7572_reviewed	myelination
7727_reviewed	negative regulation of DNA-templated transcription
7556_reviewed	regulation of transcription by RNA polymerase II
10155_reviewed	chromatin organization
7507_reviewed	base-excision repair
29935_reviewed	DNA damage checkpoint signaling
7508_reviewed	DNA repair
5886_reviewed	nucleotide-excision repair
186_reviewed	angiotensin-mediated vasodilation involved in regulation of systemic arterial blood pressure
57509_reviewed	regulation of macrophage chemotaxis
10048_reviewed	cytoskeleton organization
8237_reviewed	protein deubiquitination
6421_reviewed	activation of innate immune response
4841_reviewed	activation of innate immune response
5584_reviewed	actin filament organization
660_reviewed	adaptive immune response
11099_reviewed	protein dephosphorylation
10716_reviewed	amygdala development
8573_reviewed	calcium ion import
3397_reviewed	angiogenesis
23413_reviewed	regulation of neuron projection development
11141_reviewed	cell surface receptor signaling pathway
90249_reviewed	anterior/posterior axon guidance
9500_reviewed	circadian regulation of gene expression
6839_reviewed	blastocyst hatching
7337_reviewed	androgen receptor signaling pathway
29978_reviewed	autophagosome assembly
9367_reviewed	positive regulation of exocytosis
10244_reviewed	receptor-mediated endocytosis
1488_reviewed	negative regulation of cell population proliferation
11279_reviewed	negative regulation of transcription by RNA polymerase II
65109_reviewed	brain development
26019_reviewed	animal organ regeneration
990_reviewed	cell division
28227_reviewed	protein dephosphorylation
6457_reviewed	central nervous system development
30011_reviewed	actin filament organization
7454_reviewed	actin filament polymerization
10243_reviewed	establishment of protein localization
23229_reviewed	regulation of postsynaptic specialization assembly
10084_reviewed	activation of innate immune response
51729_reviewed	mRNA processing
23414_reviewed	cell differentiation
2332_reviewed	animal organ development
8087_reviewed	animal organ development
26747_reviewed	box C/D snoRNP assembly
5605_reviewed	epithelial cell proliferation involved in lung morphogenesis
369_reviewed	MAPK cascade
5422_reviewed	DNA repair
5937_reviewed	DNA replication
6103_reviewed	cilium assembly
57096_reviewed	neural precursor cell proliferation
6855_reviewed	endocytosis
164_reviewed	basolateral protein secretion
7182_reviewed	cell differentiation
8202_reviewed	cell dedifferentiation
6047_reviewed	negative regulation of protein localization to chromatin
8031_reviewed	cellular response to estrogen stimulus
56924_reviewed	apoptotic process
25898_reviewed	error-free translesion synthesis
9063_reviewed	DNA-templated transcription
10580_reviewed	cell-matrix adhesion
3642_reviewed	adrenal chromaffin cell differentiation
11335_reviewed	cellular response to dexamethasone stimulus
3930_reviewed	cholesterol biosynthetic process
23162_reviewed	anterograde axonal protein transport
3831_reviewed	cell adhesion
598_reviewed	apoptotic process in bone marrow cell
57099_reviewed	apoptotic process
664_reviewed	autophagic cell death
6252_reviewed	brain development
581_reviewed	apoptotic mitochondrial changes
597_reviewed	extrinsic apoptotic signaling pathway in absence of ligand
5782_reviewed	cellular response to epidermal growth factor stimulus
9051_reviewed	cell adhesion
5829_reviewed	cell adhesion
7286_reviewed	bone mineralization
24144_reviewed	biomineral tissue development
162_reviewed	basolateral protein secretion
3718_reviewed	adaptive immune response
6776_reviewed	activated T cell proliferation
1984_reviewed	cellular response to virus
6125_reviewed	cytoplasmic translation
51651_reviewed	apoptotic process
166_reviewed	negative regulation of canonical Wnt signaling pathway
7088_reviewed	animal organ morphogenesis
55502_reviewed	anterior/posterior pattern specification
3170_reviewed	adult locomotory behavior
3572_reviewed	cell surface receptor signaling pathway via STAT
2059_reviewed	actin crosslink formation
1855_reviewed	axon extension
27247_reviewed	iron-sulfur cluster assembly
7290_reviewed	anatomical structure morphogenesis
6310_reviewed	adult locomotory behavior
8161_reviewed	spliceosomal snRNP assembly
9409_reviewed	ER-dependent peroxisome localization
5824_reviewed	establishment of protein localization to peroxisome
9326_reviewed	box C/D snoRNP assembly
3172_reviewed	blood coagulation
3376_reviewed	isoleucyl-tRNA aminoacylation
2617_reviewed	diadenosine tetraphosphate biosynthetic process
27429_reviewed	adult walking behavior
1432_reviewed	3'-UTR-mediated mRNA stabilization
11221_reviewed	dephosphorylation
9564_reviewed	actin filament organization
2889_reviewed	cell surface receptor protein tyrosine kinase signaling pathway
10293_reviewed	apoptotic process
2314_reviewed	actin filament severing
1477_reviewed	mRNA 3'-end processing
7516_reviewed	centrosome cycle
5892_reviewed	DNA repair
5193_reviewed	cellular response to reactive oxygen species
5830_reviewed	cell development
5194_reviewed	cellular response to reactive oxygen species
382_reviewed	cell adhesion
22916_reviewed	alternative mRNA splicing, via spliceosome
4686_reviewed	7-methylguanosine mRNA capping
11243_reviewed	attachment of spindle microtubules to kinetochore
4780_reviewed	aflatoxin catabolic process
9451_reviewed	angiogenesis
1742_reviewed	AMPA glutamate receptor clustering
3761_reviewed	potassium ion import across plasma membrane
4690_reviewed	actin filament organization
2047_reviewed	angiogenesis
50488_reviewed	actin cytoskeleton organization
5965_reviewed	DNA repair
3840_reviewed	NLS-bearing protein import into nucleus
2066_reviewed	cardiac muscle tissue regeneration
10413_reviewed	bud elongation involved in lung branching
8554_reviewed	cell surface receptor signaling pathway via JAK-STAT
6772_reviewed	blood circulation
9261_reviewed	3'-UTR-mediated mRNA stabilization
3759_reviewed	cardiac muscle cell action potential involved in contraction
5725_reviewed	IRES-dependent viral translational initiation
3191_reviewed	mRNA processing
3430_reviewed	innate immune response
9111_reviewed	cell surface receptor signaling pathway via JAK-STAT
30818_reviewed	apoptotic process
1027_reviewed	autophagic cell death
10762_reviewed	mRNA transport
659_reviewed	angiogenesis
3636_reviewed	actin filament organization
1028_reviewed	adrenal gland development
7357_reviewed	cell differentiation
4760_reviewed	amacrine cell differentiation
9001_reviewed	anterograde axonal transport
1639_reviewed	cell division
9146_reviewed	endocytic recycling
1315_reviewed	endoplasmic reticulum to Golgi vesicle-mediated transport
22820_reviewed	endoplasmic reticulum to Golgi vesicle-mediated transport
26958_reviewed	endoplasmic reticulum to Golgi vesicle-mediated transport
4646_reviewed	actin filament organization
1601_reviewed	apoptotic process
55802_reviewed	deadenylation-dependent decapping of nuclear-transcribed mRNA
6868_reviewed	B cell differentiation
79947_reviewed	dolichyl diphosphate biosynthetic process
10577_reviewed	cholesterol efflux
572_reviewed	ADP metabolic process
23705_reviewed	apoptotic process
5901_reviewed	actin cytoskeleton organization
5902_reviewed	nucleocytoplasmic transport
7041_reviewed	cell adhesion
2185_reviewed	activation of Janus kinase activity
274_reviewed	cytoskeleton organization
8723_reviewed	endocytic recycling
657_reviewed	angiogenesis
10262_reviewed	mRNA processing
137492_reviewed	macroautophagy
10524_reviewed	apoptotic process
2120_reviewed	cell differentiation
4605_reviewed	cellular response to leukemia inhibitory factor
90441_reviewed	intrinsic apoptotic signaling pathway in response to oxidative stress
27101_reviewed	cardiac muscle cell differentiation
6500_reviewed	chromatin remodeling
4085_reviewed	cell division
2100_reviewed	cell-cell signaling
5468_reviewed	animal organ regeneration
573_reviewed	apoptotic process
3312_reviewed	ATP metabolic process
23645_reviewed	apoptotic process
2887_reviewed	ERK1 and ERK2 cascade
26058_reviewed	adult locomotory behavior
56893_reviewed	autophagy
7874_reviewed	DNA alkylation repair
8726_reviewed	cellular response to leukemia inhibitory factor
10657_reviewed	G1/S transition of mitotic cell cycle
5913_reviewed	chemical synaptic transmission
7022_reviewed	cell-cell signaling
22808_reviewed	actin cytoskeleton organization
5241_reviewed	cell-cell signaling
5710_reviewed	proteasome-mediated ubiquitin-dependent protein catabolic process
5887_reviewed	cellular response to interleukin-7
7068_reviewed	cell differentiation
5705_reviewed	negative regulation of DNA-templated transcription
7185_reviewed	apoptotic process
9869_reviewed	DNA methylation-dependent constitutive heterochromatin formation
5192_reviewed	cellular response to reactive oxygen species
4175_reviewed	DNA replication
5994_reviewed	positive regulation of MHC class II biosynthetic process
5993_reviewed	negative regulation of transcription by RNA polymerase II
7186_reviewed	canonical NF-kappaB signal transduction
599_reviewed	extrinsic apoptotic signaling pathway in absence of ligand
10018_reviewed	apoptotic process
5753_reviewed	cell differentiation
3603_reviewed	cytokine-mediated signaling pathway
4659_reviewed	cellular response to xenobiotic stimulus
6015_reviewed	anterior/posterior pattern specification
8535_reviewed	negative regulation of apoptotic process
5879_reviewed	actin filament polymerization
7442_reviewed	behavioral response to pain
143425_reviewed	calcium-dependent activation of synaptic vesicle fusion
6867_reviewed	cell division
8089_reviewed	chromatin remodeling
1207_reviewed	cell volume homeostasis
6477_reviewed	amyloid fibril formation
3835_reviewed	DNA repair
23089_reviewed	apoptotic process
6478_reviewed	amyloid fibril formation
6314_reviewed	microtubule cytoskeleton organization
1406_reviewed	animal organ morphogenesis
3611_reviewed	branching involved in ureteric bud morphogenesis
80895_reviewed	signal transduction
3987_reviewed	cell-cell adhesion
1785_reviewed	actin filament bundle organization
642_reviewed	homocysteine catabolic process
5528_reviewed	meiotic sister chromatid cohesion
9464_reviewed	adult heart development
1080_reviewed	amelogenesis
57120_reviewed	apical protein localization
26034_reviewed	oxygen transport
9266_reviewed	actin cytoskeleton organization
190_reviewed	adrenal gland development
10614_reviewed	activation of innate immune response
5999_reviewed	dorsal root ganglion development
9276_reviewed	endoplasmic reticulum to Golgi vesicle-mediated transport
4215_reviewed	blood vessel development
5607_reviewed	cellular response to growth factor stimulus
8498_reviewed	protein export from nucleus
7514_reviewed	cellular response to salt
2801_reviewed	asymmetric cell division
26003_reviewed	cell differentiation
9311_reviewed	detection of chemical stimulus involved in sensory perception of pain
3556_reviewed	cytokine-mediated signaling pathway
54472_reviewed	autophagy
5511_reviewed	cell population proliferation
3182_reviewed	cellular response to amino acid stimulus
8626_reviewed	cellular senescence
9971_reviewed	bile acid metabolic process
8648_reviewed	cellular response to hormone stimulus
8318_reviewed	DNA replication
5000_reviewed	DNA replication initiation
321_reviewed	chemical synaptic transmission
22883_reviewed	cell adhesion
2533_reviewed	immune response
5564_reviewed	cellular response to nutrient levels
5571_reviewed	cellular response to glucose starvation
51422_reviewed	ATP biosynthetic process
5565_reviewed	cellular response to nutrient levels
1788_reviewed	autosome genomic imprinting
8458_reviewed	DNA repair
988_reviewed	DNA damage checkpoint signaling
6294_reviewed	chromatin organization
9667_reviewed	regulation of androgen receptor signaling pathway
5602_reviewed	cellular senescence
5600_reviewed	bone development
8841_reviewed	cellular response to fluid shear stress
4092_reviewed	adherens junction assembly
7205_reviewed	chordate embryonic development
9170_reviewed	adenylate cyclase-activating G protein-coupled receptor signaling pathway
9355_reviewed	axon extension
1876_reviewed	G1/S transition of mitotic cell cycle
23429_reviewed	apoptotic process
5427_reviewed	DNA repair
10284_reviewed	mRNA processing
694_reviewed	cell migration
3276_reviewed	cardiac muscle tissue development
55740_reviewed	actin polymerization or depolymerization
10006_reviewed	actin polymerization or depolymerization
4739_reviewed	actin filament bundle assembly
4170_reviewed	cell fate determination
8874_reviewed	ephrin receptor signaling pathway
23048_reviewed	endocytosis
8658_reviewed	cell division
8718_reviewed	apoptotic process
8717_reviewed	apoptotic process
11035_reviewed	activation of protein kinase activity
8737_reviewed	amyloid fibril formation
10892_reviewed	B cell activation
8915_reviewed	adaptive immune response
84270_reviewed	negative regulation of canonical NF-kappaB signal transduction
1174_reviewed	basolateral protein secretion
8905_reviewed	intracellular protein transport
8906_reviewed	Golgi to vacuole transport
8932_reviewed	cellular response to serotonin
11321_reviewed	protein import into nucleus
85509_reviewed	DNA methylation-dependent constitutive heterochromatin formation
53615_reviewed	chromatin remodeling
22888_reviewed	protein polyubiquitination
7332_reviewed	cell cycle phase transition
5174_reviewed	carnitine transmembrane transport
6583_reviewed	acetylcholine uptake
116085_reviewed	cellular homeostasis
10059_reviewed	calcium ion transport
2932_reviewed	beta-arrestin-dependent dopamine receptor signaling pathway
905_reviewed	cell division
5873_reviewed	antigen processing and presentation
94121_reviewed	exocytosis
705_reviewed	maturation of SSU-rRNA from tricistronic rRNA transcript (SSU-rRNA, 5.8S rRNA, LSU-rRNA)
10024_reviewed	cell adhesion
9628_reviewed	G protein-coupled receptor signaling pathway
55929_reviewed	chromatin remodeling
8502_reviewed	cell-cell adhesion
55914_reviewed	basal protein localization
55048_reviewed	macroautophagy
10672_reviewed	adenylate cyclase-activating G protein-coupled receptor signaling pathway
10566_reviewed	acrosome reaction
9402_reviewed	cell-cell signaling
2549_reviewed	angiogenesis
51433_reviewed	anaphase-promoting complex-dependent catabolic process
26986_reviewed	CRD-mediated mRNA stabilization
10043_reviewed	autophagosome-lysosome fusion
81570_reviewed	antiviral innate immune response
8576_reviewed	cellular response to transforming growth factor beta stimulus
55577_reviewed	defense response to bacterium
10787_reviewed	apical protein localization
10912_reviewed	apoptotic process
90480_reviewed	mitochondrial translation
11252_reviewed	actin cytoskeleton organization
29763_reviewed	cytoskeleton organization
3758_reviewed	circulatory system development
9368_reviewed	actin cytoskeleton organization
4681_reviewed	determination of dorsal identity
29979_reviewed	aggrephagy
5034_reviewed	cellular response to hypoxia
6895_reviewed	global gene silencing by mRNA cleavage
8411_reviewed	chemical synaptic transmission, postsynaptic
57403_reviewed	endocytosis
8725_reviewed	cellular response to growth factor stimulus
10256_reviewed	cell surface receptor protein tyrosine kinase signaling pathway
11186_reviewed	DNA damage response
3066_reviewed	behavioral response to ethanol
27185_reviewed	canonical Wnt signaling pathway
9638_reviewed	axon guidance
51429_reviewed	cleavage furrow formation
8751_reviewed	angiogenesis
84440_reviewed	endocytic recycling
8766_reviewed	amyloid-beta clearance by transcytosis
23433_reviewed	actin filament organization
23265_reviewed	exocytosis
54984_reviewed	mitotic metaphase chromosome alignment
10549_reviewed	cell redox homeostasis
29993_reviewed	actin filament organization
10628_reviewed	cellular response to oxidised low-density lipoprotein particle stimulus
27033_reviewed	negative regulation of transcription by RNA polymerase II
10675_reviewed	cell projection morphogenesis
10188_reviewed	endocytosis
9670_reviewed	protein import into nucleus
5080_reviewed	astrocyte differentiation
23594_reviewed	DNA replication initiation
23431_reviewed	intracellular protein localization
10717_reviewed	intracellular protein localization
64105_reviewed	chromosome segregation
55553_reviewed	brain development
326_reviewed	central tolerance induction to self antigen
1894_reviewed	activation of GTPase activity
50855_reviewed	cell division
10128_reviewed	autophagy
55201_reviewed	apoptotic process
26353_reviewed	cellular response to unfolded protein
3315_reviewed	anterograde axonal protein transport
51298_reviewed	cell differentiation
22948_reviewed	binding of sperm to zona pellucida
8500_reviewed	cell-matrix adhesion
28964_reviewed	brain development
5914_reviewed	apoptotic cell clearance
7353_reviewed	cellular response to misfolded protein
55666_reviewed	ERAD pathway
57761_reviewed	cellular response to insulin stimulus
468_reviewed	bone mineralization
9915_reviewed	brain development
10499_reviewed	cellular response to hormone stimulus
2672_reviewed	cellular response to lipopolysaccharide
83737_reviewed	apoptotic process
96764_reviewed	7-methylguanosine cap hypermethylation
4016_reviewed	aorta development
10516_reviewed	cell-matrix adhesion
4536_reviewed	aerobic respiration
26994_reviewed	protein autoubiquitination
2060_reviewed	clathrin coat assembly
9351_reviewed	protein localization to plasma membrane
1734_reviewed	hormone biosynthetic process
23032_reviewed	axon guidance
10210_reviewed	DNA damage response
5187_reviewed	chromatin remodeling
1407_reviewed	circadian regulation of gene expression
8864_reviewed	chromatin remodeling
406_reviewed	circadian regulation of gene expression
55145_reviewed	DNA-templated transcription
5074_reviewed	actin filament bundle assembly
3297_reviewed	cellular response to angiotensin
8189_reviewed	cell adhesion
1838_reviewed	neuron differentiation
3798_reviewed	anterograde axonal protein transport
4173_reviewed	DNA replication
8543_reviewed	motor neuron axon guidance
898_reviewed	cell division
8452_reviewed	anaphase-promoting complex-dependent catabolic process
2890_reviewed	behavioral response to pain
2037_reviewed	actomyosin structure organization
6272_reviewed	D-glucose import
23062_reviewed	Golgi to plasma membrane protein transport
118460_reviewed	DNA deamination
11340_reviewed	exonucleolytic trimming to generate mature 3'-end of 5.8S rRNA from tricistronic rRNA transcript (SSU-rRNA, 5.8S rRNA, LSU-rRNA)
23016_reviewed	exonucleolytic trimming to generate mature 3'-end of 5.8S rRNA from tricistronic rRNA transcript (SSU-rRNA, 5.8S rRNA, LSU-rRNA)
23369_reviewed	3'-UTR-mediated mRNA destabilization
340719_reviewed	cell migration
51147_reviewed	apoptotic process
22818_reviewed	intra-Golgi vesicle-mediated transport
51226_reviewed	intra-Golgi vesicle-mediated transport
22866_reviewed	intracellular signal transduction
149371_reviewed	endosome organization
55770_reviewed	exocytosis
64130_reviewed	exocytosis
140290_reviewed	negative regulation of transcription by RNA polymerase II
10608_reviewed	negative regulation of transcription by RNA polymerase II
27289_reviewed	actin filament organization
91544_reviewed	proteasome-mediated ubiquitin-dependent protein catabolic process
11244_reviewed	cell differentiation
23051_reviewed	cell differentiation
1912_reviewed	negative regulation of DNA-templated transcription
10092_reviewed	actin cytoskeleton organization
10093_reviewed	actin filament polymerization
116154_reviewed	actin cytoskeleton organization
5499_reviewed	branching morphogenesis of an epithelial tube
26059_reviewed	maintenance of presynaptic active zone structure
8497_reviewed	synapse organization
51160_reviewed	macroautophagy
9033_reviewed	cellular response to acidic pH
7137_reviewed	cardiac muscle contraction
51086_reviewed	bundle of His cell to Purkinje myocyte communication
27252_reviewed	cytoskeleton organization
51013_reviewed	RNA catabolic process
5218_reviewed	cell division
23176_reviewed	cytoskeleton-dependent cytokinesis
9874_reviewed	chromatin organization
25842_reviewed	DNA repair
55723_reviewed	blastocyst hatching
7936_reviewed	negative regulation of transcription by RNA polymerase II
25920_reviewed	cell population proliferation
7920_reviewed	monoacylglycerol catabolic process
6048_reviewed	endoplasmic reticulum mannose trimming
1460_reviewed	adiponectin-activated signaling pathway
1459_reviewed	apoptotic process
56658_reviewed	apoptotic process
83461_reviewed	cell division
10241_reviewed	positive regulation of autophagosome maturation
112858_reviewed	protein phosphorylation
3887_reviewed	intermediate filament organization
79036_reviewed	lysosome localization
60_reviewed	adherens junction assembly
1072_reviewed	actin cytoskeleton organization
10982_reviewed	cell division
7597_reviewed	negative regulation of transcription by RNA polymerase II
54925_reviewed	regulation of transcription by RNA polymerase II
8241_reviewed	3'-UTR-mediated mRNA stabilization
58155_reviewed	cerebellum development
5359_reviewed	acute-phase response
11052_reviewed	co-transcriptional mRNA 3'-end processing, cleavage and polyadenylation pathway
3964_reviewed	cellular response to virus
9802_reviewed	protein destabilization
54165_reviewed	positive regulation of protein neddylation
85302_reviewed	apical junction assembly
8428_reviewed	cellular response to oxidative stress
11235_reviewed	angiogenesis
55663_reviewed	regulation of transcription by RNA polymerase II
80345_reviewed	regulation of transcription by RNA polymerase II
11007_reviewed	cell differentiation
284058_reviewed	chromatin organization
2874_reviewed	B cell differentiation
6303_reviewed	angiogenesis
84991_reviewed	alternative mRNA splicing, via spliceosome
23219_reviewed	protein polyubiquitination
11030_reviewed	protein-containing complex assembly
55342_reviewed	cell motility
113878_reviewed	Notch signaling pathway
5013_reviewed	anterior/posterior pattern specification
83755_reviewed	hair cycle
2992_reviewed	glycogen biosynthetic process
2997_reviewed	glycogen biosynthetic process
2947_reviewed	cellular detoxification of nitrogen compound
4598_reviewed	cholesterol biosynthetic process
10363_reviewed	chromatin organization
54997_reviewed	cellular response to retinoic acid
8382_reviewed	cilium assembly
8907_reviewed	endosome to melanosome transport
92610_reviewed	cytoplasmic pattern recognition receptor signaling pathway
2810_reviewed	cAMP/PKA signal transduction
7431_reviewed	astrocyte development
11143_reviewed	DNA repair
56474_reviewed	'de novo' CTP biosynthetic process
10540_reviewed	melanosome transport
3854_reviewed	ectoderm development
3866_reviewed	epidermis development
9883_reviewed	mRNA transport
10551_reviewed	cell chemotaxis
55274_reviewed	chromatin remodeling
83746_reviewed	ectoderm development
7447_reviewed	negative regulation of insulin secretion
4100_reviewed	negative regulation of Notch signaling pathway
54471_reviewed	mitochondrial fission
8996_reviewed	blood vessel remodeling
373_reviewed	innate immune response
23636_reviewed	cell surface receptor signaling pathway
53371_reviewed	mRNA transport
9055_reviewed	cell division
5090_reviewed	adult locomotory behavior
57085_reviewed	regulation of blood pressure
59349_reviewed	COPII vesicle coating
10174_reviewed	cell adhesion
55198_reviewed	adiponectin-activated signaling pathway
902_reviewed	protein stabilization
10534_reviewed	cell division
9482_reviewed	cellular response to type II interferon
10490_reviewed	Golgi to vacuole transport
3099_reviewed	apoptotic mitochondrial changes
1073_reviewed	actin filament depolymerization
4110_reviewed	negative regulation of transcription by RNA polymerase II
54431_reviewed	ERAD pathway
10016_reviewed	angiogenesis
4591_reviewed	aggresome assembly
5721_reviewed	regulation of G1/S transition of mitotic cell cycle
5300_reviewed	cellular response to hypoxia
9265_reviewed	establishment of epithelial cell polarity
11228_reviewed	signal transduction
122786_reviewed	apical constriction
26580_reviewed	fat cell differentiation
9694_reviewed	protein insertion into ER membrane by stop-transfer membrane-anchor sequence
10328_reviewed	protein insertion into ER membrane by stop-transfer membrane-anchor sequence
9513_reviewed	animal organ development
10589_reviewed	negative regulation of transcription by RNA polymerase II
26258_reviewed	actin filament bundle assembly
220134_reviewed	attachment of mitotic spindle microtubules to kinetochore
84984_reviewed	cilium assembly
6449_reviewed	ERAD pathway
6696_reviewed	androgen catabolic process
170082_reviewed	DNA-templated transcription
4188_reviewed	dorsal/ventral axis specification
286514_reviewed	negative regulation of transcription by RNA polymerase II
10488_reviewed	chemotaxis
3183_reviewed	3'-UTR-mediated mRNA stabilization
3839_reviewed	NLS-bearing protein import into nucleus
9337_reviewed	miRNA-mediated gene silencing by mRNA destabilization
3205_reviewed	anterior/posterior pattern specification
6733_reviewed	angiogenesis
11338_reviewed	mRNA processing
8985_reviewed	basement membrane assembly
84528_reviewed	neuron development
84872_reviewed	negative regulation of miRNA processing
50848_reviewed	actomyosin structure organization
8227_reviewed	B cell activation
1649_reviewed	anterior/posterior axis specification
51171_reviewed	L-fucose catabolic process
9632_reviewed	COPII-coated vesicle cargo loading
10483_reviewed	COPII-coated vesicle cargo loading
81628_reviewed	glucose homeostasis
5049_reviewed	lipid catabolic process
5050_reviewed	lipid catabolic process
22893_reviewed	heterochromatin formation
71_reviewed	angiogenesis
5152_reviewed	cGMP catabolic process
22954_reviewed	actin ubiquitination
3927_reviewed	monoatomic ion transport
9319_reviewed	double-strand break repair
7518_reviewed	base-excision repair
25900_reviewed	DNA double-strand break attachment to nuclear envelope
5780_reviewed	negative regulation of neuron projection development
10313_reviewed	apoptotic process
51324_reviewed	antigen receptor-mediated signaling pathway
55122_reviewed	adaptive immune response
79912_reviewed	cellular response to oxidative stress
139596_reviewed	female pregnancy
55093_reviewed	protein modification process
4848_reviewed	negative regulation of intracellular estrogen receptor signaling pathway
4849_reviewed	determination of left/right symmetry
2010_reviewed	amyloid fibril formation
89885_reviewed	apoptotic process
56159_reviewed	apoptotic process
114327_reviewed	cerebral cortex cell migration
10474_reviewed	chromatin organization
112869_reviewed	DNA repair
10054_reviewed	positive regulation of protein sumoylation
10055_reviewed	positive regulation of protein sumoylation
2771_reviewed	adenylate cyclase-activating G protein-coupled receptor signaling pathway
2571_reviewed	chemical synaptic transmission
23498_reviewed	'de novo' NAD+ biosynthetic process from L-tryptophan
8623_reviewed	methylation
1312_reviewed	artery development
862_reviewed	DNA-templated transcription
51225_reviewed	actin cytoskeleton organization
84680_reviewed	amino acid metabolic process
331_reviewed	copper ion homeostasis
6999_reviewed	L-tryptophan catabolic process to acetyl-CoA
10656_reviewed	mRNA processing
27095_reviewed	COPII vesicle coating
79090_reviewed	COPII vesicle coating
11059_reviewed	central nervous system development
327_reviewed	amyloid-beta metabolic process
6495_reviewed	aorta morphogenesis
57596_reviewed	evoked excitatory postsynaptic potential
7360_reviewed	brain development
10425_reviewed	developmental cell growth
10254_reviewed	macroautophagy
79173_reviewed	double-strand break repair involved in meiotic recombination
6304_reviewed	chromatin organization
51127_reviewed	autophagy
9491_reviewed	negative regulation of proteasomal protein catabolic process
84838_reviewed	positive regulation of DNA-templated transcription
200523_reviewed	flagellated sperm motility
5704_reviewed	blastocyst development
6418_reviewed	DNA replication
80764_reviewed	chromatin organization
868_reviewed	CD4-positive, alpha-beta T cell proliferation
9391_reviewed	chromosome segregation
51647_reviewed	chromosome segregation
4207_unreviewed	cell differentiation
3190_reviewed	mRNA splicing, via spliceosome
23059_reviewed	axoneme assembly
30008_reviewed	aorta development
54557_reviewed	post-translational protein targeting to endoplasmic reticulum membrane
84260_reviewed	apoptotic process
1602_reviewed	development of primary female sexual characteristics
10495_reviewed	electron transport chain
5987_reviewed	Arp2/3 complex-mediated actin nucleation
163_reviewed	aorta development
4292_reviewed	double-strand break repair via nonhomologous end joining
9587_reviewed	deactivation of mitotic spindle assembly checkpoint
58500_reviewed	regulation of transcription by RNA polymerase II
3306_reviewed	male meiosis I
23640_reviewed	positive regulation of proteasomal ubiquitin-dependent protein catabolic process
2563_reviewed	chloride transmembrane transport
5866_reviewed	protein transport
113675_reviewed	L-serine catabolic process
51684_reviewed	aorta development
169792_reviewed	negative regulation of transcription by RNA polymerase II
9841_reviewed	hematopoietic progenitor cell differentiation
54550_reviewed	negative regulation of G protein-coupled receptor internalization
79172_reviewed	chromosome segregation
84080_reviewed	establishment of mitotic spindle orientation
23650_reviewed	innate immune response
11117_reviewed	aortic valve morphogenesis
66036_reviewed	endocytosis
26039_reviewed	chromatin organization
54971_reviewed	chromatin organization
10197_reviewed	apoptotic process
8861_reviewed	anterior/posterior axis specification
170463_reviewed	positive regulation of transcription by RNA polymerase II
90678_reviewed	autophagy
51700_reviewed	bicarbonate transport
10758_reviewed	B cell affinity maturation
51440_reviewed	central nervous system development
4830_reviewed	acetyl-CoA catabolic process
4833_reviewed	CTP biosynthetic process
79002_reviewed	rRNA catabolic process
25816_reviewed	apoptotic process
29079_reviewed	positive regulation of DNA-templated transcription
124460_reviewed	protein transport
5552_reviewed	apoptotic process
4201_reviewed	cell differentiation
23214_reviewed	protein export from nucleus
51386_reviewed	formation of cytoplasmic translation initiation complex
27111_reviewed	cell population proliferation
60491_reviewed	negative regulation of transcription by RNA polymerase II
90060_reviewed	intracellular protein localization
10458_reviewed	actin crosslink formation
51517_reviewed	cytoskeleton organization
3434_reviewed	antiviral innate immune response
3437_reviewed	antiviral innate immune response
22980_reviewed	regulation of protein K48-linked ubiquitination
11034_reviewed	actin filament depolymerization
358_reviewed	camera-type eye morphogenesis
677_reviewed	3'-UTR-mediated mRNA destabilization
54927_reviewed	cristae formation
3735_reviewed	basophil activation involved in immune response
7965_reviewed	apoptotic process
6431_reviewed	alternative mRNA splicing, via spliceosome
10921_reviewed	DNA-templated transcription
5601_reviewed	apoptotic signaling pathway
80817_reviewed	centriole replication
57820_reviewed	blastocyst formation
10320_reviewed	chromatin organization
7376_reviewed	cell differentiation
27125_reviewed	regulation of gene expression
7316_reviewed	modification-dependent protein catabolic process
3091_reviewed	angiogenesis
6759_reviewed	regulation of DNA-templated transcription
51545_reviewed	regulation of transcription by RNA polymerase II
84445_reviewed	fibroblast proliferation
407_reviewed	G protein-coupled receptor internalization
1856_reviewed	canonical Wnt signaling pathway
56997_reviewed	phosphorylation
56341_reviewed	chromatin remodeling
5252_reviewed	DNA repair-dependent chromatin remodeling
1198_reviewed	protein phosphorylation
57035_reviewed	spliceosomal complex assembly
55285_reviewed	mRNA splicing, via spliceosome
55662_reviewed	negative regulation of Notch signaling pathway
140462_reviewed	intracellular signal transduction
9782_reviewed	activation of innate immune response
27316_reviewed	cellular response to interleukin-1
202559_reviewed	mRNA processing
7718_reviewed	regulation of transcription by RNA polymerase II
81576_reviewed	mRNA splicing, via spliceosome
9577_reviewed	apoptotic process
29086_reviewed	cell division
83637_reviewed	positive regulation of transcription by RNA polymerase II
6455_reviewed	central nervous system development
5995_reviewed	cellular response to light stimulus
26128_reviewed	central nervous system projection neuron axonogenesis
7579_reviewed	regulation of transcription by RNA polymerase II
51282_reviewed	positive regulation of DNA-templated transcription
154865_reviewed	cilium assembly
1019_reviewed	cell division
1032_reviewed	autophagic cell death
11135_reviewed	positive regulation of actin filament polymerization
1731_reviewed	cytoskeleton-dependent cytokinesis
23157_reviewed	cell differentiation
7536_reviewed	mRNA 3'-splice site recognition
10521_reviewed	alternative mRNA splicing, via spliceosome
283518_reviewed	negative regulation of delayed rectifier potassium channel activity
1102_reviewed	cell population proliferation
55374_reviewed	protein import into nucleus
6297_reviewed	eye development
79959_reviewed	regulation of centriole replication
51562_reviewed	negative regulation of transcription by RNA polymerase II
81565_reviewed	cell migration
10733_reviewed	centriole replication
3433_reviewed	antiviral innate immune response
10742_reviewed	animal organ development
2130_reviewed	regulation of DNA-templated transcription
55249_reviewed	cell differentiation
22827_reviewed	alternative mRNA splicing, via spliceosome
1615_reviewed	aspartyl-tRNA aminoacylation
196383_reviewed	cilium assembly
84708_reviewed	protein ubiquitination
11145_reviewed	ether lipid metabolic process
51538_reviewed	RNA stabilization
25953_reviewed	methylglyoxal catabolic process to D-lactate via S-lactoyl-glutathione
2762_reviewed	'de novo' GDP-L-fucose biosynthetic process
51138_reviewed	protein deneddylation
9470_reviewed	miRNA-mediated gene silencing by inhibition of translation
56478_reviewed	miRNA-mediated gene silencing by inhibition of translation
84219_reviewed	autophagy
11158_reviewed	cilium assembly
54474_reviewed	apoptotic process
8878_reviewed	aggrephagy
9636_reviewed	defense response to bacterium
11274_reviewed	antiviral innate immune response
665_reviewed	cellular response to hypoxia
55758_reviewed	negative regulation of DNA-templated transcription
6616_reviewed	associative learning
8676_reviewed	exocytosis
27129_reviewed	heart development
22934_reviewed	D-ribose metabolic process
7168_reviewed	actin filament organization
26061_reviewed	fatty acid alpha-oxidation
22981_reviewed	microtubule anchoring at centrosome
84527_reviewed	regulation of transcription by RNA polymerase II
3646_reviewed	formation of cytoplasmic translation initiation complex
60313_reviewed	DNA-templated transcription
60496_reviewed	10-formyltetrahydrofolate catabolic process
2670_reviewed	astrocyte development
79637_reviewed	mRNA processing
4140_reviewed	intracellular signal transduction
1152_reviewed	futile creatine cycle
5372_reviewed	cellular response to leukemia inhibitory factor
5870_reviewed	antigen processing and presentation
2189_reviewed	DNA damage response
9189_reviewed	host-mediated suppression of viral genome replication
79171_reviewed	mRNA splicing, via spliceosome
8812_reviewed	cell division
5682_reviewed	immune system process
11051_reviewed	cell differentiation
79869_reviewed	co-transcriptional mRNA 3'-end processing, cleavage and polyadenylation pathway
7314_reviewed	energy homeostasis
8697_reviewed	anaphase-promoting complex-dependent catabolic process
25788_reviewed	determination of adult lifespan
4715_reviewed	aerobic respiration
7917_reviewed	apoptotic process
129807_reviewed	ganglioside catabolic process
408_reviewed	cell surface receptor signaling pathway
27232_reviewed	glycogen metabolic process
10403_reviewed	attachment of mitotic spindle microtubules to kinetochore
51019_reviewed	actin filament polymerization
11275_reviewed	proteasome-mediated ubiquitin-dependent protein catabolic process
23283_reviewed	mRNA 3'-end processing
51364_reviewed	cilium movement
11091_reviewed	gluconeogenesis
10087_reviewed	cell morphogenesis
3853_reviewed	antimicrobial humoral immune response mediated by antimicrobial peptide
222546_reviewed	endocrine pancreas development
5635_reviewed	5-phosphoribose 1-diphosphate biosynthetic process
84775_reviewed	regulation of transcription by RNA polymerase II
22806_reviewed	B cell differentiation
1173_reviewed	clathrin-dependent endocytosis
10900_reviewed	positive regulation of cGMP-mediated signaling
8470_reviewed	cell growth involved in cardiac muscle cell development
6944_reviewed	chromatin remodeling
84245_reviewed	L-methionine salvage from methylthioadenosine
57409_reviewed	cap-dependent translational initiation
79754_reviewed	intracellular signal transduction
9099_reviewed	circadian behavior
8615_reviewed	endoplasmic reticulum to Golgi vesicle-mediated transport
51659_reviewed	DNA replication
84296_reviewed	DNA replication
7189_reviewed	activation of protein kinase activity
10127_reviewed	negative regulation of transcription by RNA polymerase II
6258_reviewed	cell differentiation
80308_reviewed	FAD biosynthetic process
1857_reviewed	canonical Wnt signaling pathway
51451_reviewed	C-terminal protein methylation
55742_reviewed	actin cytoskeleton organization
84705_reviewed	mitochondrial tRNA wobble uridine modification
8260_reviewed	negative regulation of maintenance of mitotic sister chromatid cohesion, centromeric
118426_reviewed	lysosome localization
4291_reviewed	DNA-templated transcription
27042_reviewed	embryonic organ development
80028_unreviewed	SCF-dependent proteasomal ubiquitin-dependent protein catabolic process
11267_reviewed	early endosome to late endosome transport
84313_reviewed	macroautophagy
22978_reviewed	allantoin metabolic process
29922_reviewed	brain development
6208_reviewed	cytoplasmic translation
6880_reviewed	box C/D snoRNP assembly
7004_reviewed	cell fate specification
25937_reviewed	cilium assembly
10010_reviewed	canonical NF-kappaB signal transduction
80149_reviewed	3'-UTR-mediated mRNA destabilization
10919_reviewed	behavioral response to cocaine
26119_reviewed	amyloid precursor protein metabolic process
8440_reviewed	actin filament organization
10152_reviewed	actin polymerization or depolymerization
130617_reviewed	proteasome-mediated ubiquitin-dependent protein catabolic process
3872_reviewed	epithelial cell differentiation
10428_reviewed	cell adhesion
56952_reviewed	purine ribonucleoside salvage
196483_reviewed	peptidyl-lysine trimethylation
7170_reviewed	actin filament organization
10318_reviewed	cellular response to lipopolysaccharide
117177_reviewed	ciliary basal body-plasma membrane docking
29082_reviewed	autophagosome maturation
51760_reviewed	cell differentiation
22924_reviewed	behavioral response to cocaine
9533_reviewed	transcription by RNA polymerase I
8667_reviewed	formation of cytoplasmic translation initiation complex
117144_reviewed	calcium ion transport
1725_reviewed	glucose homeostasis
56648_reviewed	positive regulation of translational elongation
2954_reviewed	cellular detoxification
4735_reviewed	cell differentiation
5071_reviewed	adult locomotory behavior
286075_reviewed	regulation of transcription by RNA polymerase II
55011_reviewed	box C/D snoRNP assembly
78994_reviewed	muscle organ development
57333_reviewed	collagen biosynthetic process
5585_reviewed	B cell apoptotic process
3251_reviewed	adenine metabolic process
6133_reviewed	cytoplasmic translation
90594_reviewed	regulation of transcription by RNA polymerase II
2275_reviewed	actin cytoskeleton organization
5307_reviewed	anatomical structure morphogenesis
11075_reviewed	cellular response to nerve growth factor stimulus
4832_reviewed	apoptotic process
583_reviewed	adult behavior
81_reviewed	actin cytoskeleton organization
51778_reviewed	negative regulation of calcineurin-NFAT signaling cascade
51016_reviewed	protein insertion into ER membrane by stop-transfer membrane-anchor sequence
23543_reviewed	estrogen receptor signaling pathway
1455_reviewed	endocytosis
11074_reviewed	antiviral innate immune response
9877_reviewed	poly(A)+ mRNA export from nucleus
7458_reviewed	developmental growth
132158_reviewed	fructose catabolic process to hydroxyacetone phosphate and glyceraldehyde-3-phosphate
7138_reviewed	negative regulation of muscle contraction
54507_reviewed	apoptotic process
6257_reviewed	cardiac muscle cell proliferation
29946_reviewed	negative regulation of cell growth
54469_reviewed	apoptotic process
10591_reviewed	allantoin metabolic process
6095_reviewed	angiogenesis
25980_reviewed	spliceosomal tri-snRNP complex assembly
55837_reviewed	negative regulation of transcription elongation by RNA polymerase II
84062_reviewed	actin cytoskeleton organization
253980_reviewed	cell migration
4093_reviewed	anatomical structure morphogenesis
1937_reviewed	response to virus
1398_reviewed	cell chemotaxis
55211_reviewed	lung-associated mesenchyme development
894_reviewed	adult locomotory behavior
9871_reviewed	COPII-coated vesicle cargo loading
10212_reviewed	mRNA export from nucleus
84324_reviewed	mRNA export from nucleus
257397_reviewed	defense response to bacterium
2653_reviewed	glycine decarboxylation via glycine cleavage system
8574_reviewed	aldehyde metabolic process
22977_reviewed	aflatoxin catabolic process
55957_reviewed	G0 to G1 transition
50717_reviewed	myotube cell development
55621_reviewed	tRNA modification
4733_reviewed	cytoplasmic translation
51389_reviewed	androgen receptor signaling pathway
10133_reviewed	cell death
51074_reviewed	apoptotic process
3198_reviewed	abducens nerve formation
7775_reviewed	regulation of transcription by RNA polymerase II
23199_reviewed	gene expression
11266_reviewed	dephosphorylation
26276_reviewed	collagen fibril organization
63894_reviewed	cell differentiation
79050_reviewed	rRNA processing
10992_reviewed	mRNA processing
6687_reviewed	anterograde axonal transport
90933_reviewed	cellular response to lipopolysaccharide
51322_reviewed	chromatin remodeling
26751_reviewed	phosphatidylinositol biosynthetic process
7695_reviewed	negative regulation of transcription by RNA polymerase II
55707_reviewed	endocytosis
23212_reviewed	endonucleolytic cleavage in ITS1 to separate SSU-rRNA from 5.8S rRNA and LSU-rRNA from tricistronic rRNA transcript (SSU-rRNA, 5.8S rRNA, LSU-rRNA)
5631_reviewed	5-phosphoribose 1-diphosphate biosynthetic process
81888_reviewed	glyoxylate metabolic process
26207_reviewed	phospholipid transport
29947_reviewed	autosome genomic imprinting
51187_reviewed	ribosomal large subunit biogenesis
1454_reviewed	canonical Wnt signaling pathway
64745_reviewed	mitochondrial small ribosomal subunit assembly
1933_reviewed	response to ethanol
3608_reviewed	positive regulation of DNA-templated transcription
10422_reviewed	protein maturation
51776_reviewed	cell death
163081_reviewed	regulation of transcription by RNA polymerase II
25796_reviewed	carbohydrate metabolic process
8773_reviewed	exocytosis
79797_reviewed	regulation of transcription by RNA polymerase II
80321_reviewed	cilium assembly
9260_reviewed	actin cytoskeleton organization
11060_reviewed	extracellular transport
6120_reviewed	carbohydrate metabolic process
51076_reviewed	copper ion homeostasis
10606_reviewed	'de novo' AMP biosynthetic process
8834_reviewed	inner mitochondrial membrane organization
1800_reviewed	antibiotic metabolic process
84171_reviewed	collagen fibril organization
79734_reviewed	cell projection organization
7050_reviewed	amacrine cell differentiation
56904_reviewed	membrane organization
128866_reviewed	autophagosome maturation
83988_reviewed	calcium-mediated signaling
7027_reviewed	anoikis
29959_reviewed	DNA damage response
5706_reviewed	ERAD pathway
1491_reviewed	cellular response to leukemia inhibitory factor
10494_reviewed	axonogenesis
23321_reviewed	cellular response to leukemia inhibitory factor
140885_reviewed	cell adhesion
246329_reviewed	neuromuscular synaptic transmission
130013_reviewed	L-tryptophan catabolic process
29911_reviewed	cytoplasmic microtubule organization
10179_reviewed	meiotic cell cycle
162681_reviewed	negative regulation of cell population proliferation
57573_reviewed	regulation of transcription by RNA polymerase II
6396_reviewed	cellular response to nutrient levels
89866_reviewed	endoplasmic reticulum organization
23635_reviewed	positive regulation of transcription by RNA polymerase II
92595_reviewed	cellular response to glucocorticoid stimulus
9531_reviewed	aggresome assembly
60626_reviewed	adenylate cyclase-inhibiting G protein-coupled receptor signaling pathway
4103_reviewed	negative regulation of apoptotic process
140691_reviewed	apoptotic process
51421_reviewed	actin cytoskeleton organization
55888_reviewed	regulation of transcription by RNA polymerase II
10856_reviewed	box C/D snoRNP assembly
25911_reviewed	determination of left/right symmetry
134510_reviewed	negative regulation of ATP-dependent activity
64400_reviewed	apoptotic process
1196_reviewed	negative regulation of gluconeogenesis
147687_reviewed	negative regulation of DNA-templated transcription
55503_reviewed	calcium ion homeostasis
2582_reviewed	galactose catabolic process
6652_reviewed	D-glucuronate catabolic process to D-xylulose 5-phosphate
5819_reviewed	acrosome assembly
28973_reviewed	mitochondrial translation
6602_reviewed	cellular response to fatty acid
51002_reviewed	tRNA threonylcarbamoyladenosine modification
159989_reviewed	cell projection organization
79004_reviewed	negative regulation of cytokine production involved in inflammatory response
114897_reviewed	negative regulation of platelet activation
5997_reviewed	brown fat cell differentiation
27342_reviewed	dendritic transport
79666_reviewed	endosome organization
6811_reviewed	early endosome to Golgi transport
8775_reviewed	apical protein localization
10783_reviewed	apoptotic process
79363_reviewed	axoneme assembly
80199_reviewed	cilium assembly
84067_reviewed	early endosome to late endosome transport
92840_reviewed	detection of light stimulus involved in visual perception
55165_reviewed	cranial skeletal system development
8405_reviewed	proteasome-mediated ubiquitin-dependent protein catabolic process
126070_reviewed	regulation of transcription by RNA polymerase II
3059_reviewed	actin filament organization
55698_reviewed	neural crest cell migration
8778_reviewed	cell adhesion
29907_reviewed	intracellular protein transport
4234_reviewed	cellular response to stress
10785_reviewed	DNA damage response
6820_reviewed	3'-phosphoadenosine 5'-phosphosulfate metabolic process
6717_reviewed	calcium ion transport
84289_reviewed	apoptotic signaling pathway
150483_reviewed	cilium assembly
57019_reviewed	apoptotic process
10898_reviewed	mRNA processing
81608_reviewed	mRNA processing
1819_reviewed	cytoplasmic translation
55613_reviewed	negative regulation of autophagy
64081_reviewed	antiviral innate immune response
55308_reviewed	poly(A)+ mRNA export from nucleus
55388_reviewed	cell population proliferation
1153_reviewed	mRNA stabilization
63948_reviewed	regulation of transcription by RNA polymerase II
10450_reviewed	mRNA splicing, via spliceosome
56949_reviewed	blastocyst development
8092_reviewed	anterior/posterior pattern specification
23421_reviewed	apoptotic process
151871_reviewed	system development
90268_reviewed	innate immune response
329_reviewed	apoptotic process
84888_reviewed	membrane protein ectodomain proteolysis
10607_reviewed	endonucleolytic cleavage in 5'-ETS of tricistronic rRNA transcript (SSU-rRNA, 5.8S rRNA, LSU-rRNA)
2592_reviewed	galactose catabolic process via UDP-galactose, Leloir pathway
10342_reviewed	COPII vesicle coating
23583_reviewed	base-excision repair
445_reviewed	acute-phase response
125170_reviewed	mitochondrion organization
5912_reviewed	negative regulation of cell migration
6782_reviewed	protein refolding
57542_reviewed	cell division
57325_reviewed	negative regulation of transcription by RNA polymerase II
29925_reviewed	GDP-mannose biosynthetic process
29926_reviewed	cognition
9443_reviewed	positive regulation of transcription elongation by RNA polymerase II
7005_reviewed	asymmetric neuroblast division
3609_reviewed	defense response to virus
2067_reviewed	cell population proliferation
84993_reviewed	antiviral innate immune response
5715_reviewed	negative regulation of insulin secretion
2107_reviewed	cytoplasmic translational termination
9817_reviewed	cellular response to interleukin-4
22929_reviewed	cell redox homeostasis
64770_reviewed	protein localization to centrosome
57715_reviewed	axon guidance
10569_reviewed	alternative mRNA splicing, via spliceosome
53938_reviewed	mRNA splicing, via spliceosome
3241_reviewed	regulation of signal transduction
26508_reviewed	anterior/posterior pattern specification
6919_reviewed	DNA-templated transcription elongation
2553_reviewed	mitochondrion organization
23424_reviewed	lens fiber cell differentiation
79094_reviewed	glutathione catabolic process
6860_reviewed	calcium-dependent activation of synaptic vesicle fusion
57048_reviewed	apoptotic process
8379_reviewed	attachment of mitotic spindle microtubules to kinetochore
2202_reviewed	camera-type eye development
54973_reviewed	regulation of transcription elongation by RNA polymerase II
78992_reviewed	vesicle-mediated transport
286451_reviewed	endoplasmic reticulum to Golgi vesicle-mediated transport
25844_reviewed	cell differentiation
84272_reviewed	endoplasmic reticulum to Golgi vesicle-mediated transport
9139_reviewed	DNA-templated transcription
2752_reviewed	angiogenesis
94039_reviewed	regulation of transcription by RNA polymerase II
2495_reviewed	immune response
2512_reviewed	intracellular iron ion homeostasis
9456_reviewed	behavioral response to cocaine
154313_reviewed	axoneme assembly
9444_reviewed	intracellular mRNA localization
27130_reviewed	kidney development
57126_reviewed	cell adhesion
7746_reviewed	regulation of transcription by RNA polymerase II
1478_reviewed	cellular response to nerve growth factor stimulus
3219_reviewed	anterior/posterior pattern specification
29844_reviewed	apoptotic signaling pathway
84864_reviewed	ribosome biogenesis
58190_reviewed	negative regulation of G1/S transition of mitotic cell cycle
51616_reviewed	DNA-templated transcription initiation
79077_reviewed	dCTP catabolic process
1453_reviewed	circadian regulation of gene expression
4615_reviewed	3'-UTR-mediated mRNA stabilization
6871_reviewed	chromatin remodeling
29115_reviewed	regulation of DNA-templated transcription
3589_reviewed	B cell differentiation
9747_reviewed	negative regulation of cell migration
57658_reviewed	nuclear receptor-mediated steroid hormone signaling pathway
8945_reviewed	branching involved in mammary gland duct morphogenesis
114088_reviewed	proteasome-mediated ubiquitin-dependent protein catabolic process
28988_reviewed	adaptive immune response
79735_reviewed	autophagy
51460_reviewed	cell differentiation
26036_reviewed	negative regulation of transcription initiation by RNA polymerase II
6426_reviewed	alternative mRNA splicing, via spliceosome
386618_reviewed	protein homooligomerization
7414_reviewed	adherens junction assembly
7318_reviewed	DNA damage response
8473_reviewed	apoptotic process
54830_reviewed	protein transport
55068_reviewed	ultradian rhythm
8078_reviewed	negative regulation of proteasomal ubiquitin-dependent protein catabolic process
95_reviewed	amino acid metabolic process
1911_reviewed	cellular response to leukemia inhibitory factor
51375_reviewed	endocytic recycling
5862_reviewed	autophagosome-lysosome fusion
55670_reviewed	protein import into peroxisome matrix
6810_reviewed	cellular response to oxidative stress
84191_reviewed	chromosome segregation
10253_reviewed	animal organ development
7278_reviewed	microtubule cytoskeleton organization
9129_reviewed	mRNA processing
9798_reviewed	cell division
27339_reviewed	DNA damage checkpoint signaling
5700_reviewed	proteasome-mediated ubiquitin-dependent protein catabolic process
5701_reviewed	osteoblast differentiation
5711_reviewed	proteasome regulatory particle assembly
5984_reviewed	DNA repair
5985_reviewed	DNA repair
1635_reviewed	dTMP biosynthetic process
64376_reviewed	negative regulation of transcription by RNA polymerase II
5899_reviewed	apoptotic process
8504_reviewed	peroxisome organization
216_reviewed	aldehyde metabolic process
5720_reviewed	antigen processing and presentation of exogenous antigen
5716_reviewed	apoptotic process
8908_reviewed	glycogen biosynthetic process
5861_reviewed	autophagosome assembly
4149_reviewed	negative regulation of transcription by RNA polymerase II
4601_reviewed	blastocyst formation
638_reviewed	apoptotic mitochondrial changes
10053_reviewed	basolateral protein secretion
7029_reviewed	negative regulation of DNA-templated transcription
10617_reviewed	cell surface receptor signaling pathway via JAK-STAT
9124_reviewed	actin cytoskeleton organization
8027_reviewed	macroautophagy
842_reviewed	apoptotic process
875_reviewed	blood vessel diameter maintenance
3726_reviewed	cellular response to calcium ion
8061_reviewed	cellular defense response
635_reviewed	'de novo' L-methionine biosynthetic process
7307_reviewed	mRNA processing
392_reviewed	endosomal transport
578_reviewed	animal organ regeneration
10670_reviewed	apoptotic process
64121_reviewed	apoptotic process
2203_reviewed	cellular hyperosmotic salinity response
3612_reviewed	inositol biosynthetic process
2175_reviewed	DNA repair
25913_reviewed	establishment of protein localization to telomere
65057_reviewed	embryonic limb morphogenesis
3937_reviewed	cell surface receptor protein tyrosine kinase signaling pathway
2941_reviewed	glutathione metabolic process
8663_reviewed	formation of cytoplasmic translation initiation complex
8666_reviewed	formation of cytoplasmic translation initiation complex
5883_reviewed	cellular response to ionizing radiation
10587_reviewed	cell redox homeostasis
5702_reviewed	blastocyst development
2800_reviewed	transepithelial transport
400_reviewed	Golgi organization
3674_reviewed	angiogenesis
653121_reviewed	negative regulation of transcription by RNA polymerase II
3104_reviewed	positive regulation of DNA-templated transcription
92822_reviewed	regulation of transcription by RNA polymerase II
26088_reviewed	Golgi to plasma membrane protein transport
66008_reviewed	dendrite morphogenesis
4137_reviewed	amyloid fibril formation
5432_reviewed	transcription by RNA polymerase II
79840_reviewed	B cell differentiation
3981_reviewed	base-excision repair
5328_reviewed	blood coagulation
5270_reviewed	cell differentiation
2247_reviewed	angiogenesis involved in coronary vascular morphogenesis
6382_reviewed	canonical Wnt signaling pathway
6383_reviewed	cell migration
637_reviewed	apoptotic mitochondrial changes
90427_reviewed	anoikis
27113_reviewed	apoptotic process
389692_reviewed	insulin secretion
3651_reviewed	animal organ morphogenesis
5420_reviewed	cell adhesion
56672_reviewed	regulation of non-canonical NF-kappaB signal transduction
5566_reviewed	adenylate cyclase-activating G protein-coupled receptor signaling pathway
4609_reviewed	acinar cell proliferation
7709_reviewed	ectoderm development
6996_reviewed	base-excision repair
6794_reviewed	apoptotic process
51719_reviewed	cellular hypotonic response
92335_reviewed	activation of protein kinase activity
54840_reviewed	regulation of protein stability
142_reviewed	apoptotic process
4771_reviewed	actin cytoskeleton organization
27352_reviewed	endosomal transport
286826_reviewed	DNA biosynthetic process
3725_reviewed	angiogenesis
2353_reviewed	cellular response to calcium ion
5423_reviewed	base-excision repair
79101_reviewed	regulation of DNA-templated transcription
79003_reviewed	attachment of mitotic spindle microtubules to kinetochore
147841_reviewed	attachment of spindle microtubules to kinetochore
57405_reviewed	attachment of spindle microtubules to kinetochore
11130_reviewed	cell division
79980_reviewed	attachment of spindle microtubules to kinetochore
83540_reviewed	attachment of mitotic spindle microtubules to kinetochore
5781_reviewed	atrioventricular canal development
2064_reviewed	ERBB2 signaling pathway
2065_reviewed	cell surface receptor protein tyrosine kinase signaling pathway
5296_reviewed	B cell differentiation
25936_reviewed	attachment of spindle microtubules to kinetochore
5481_reviewed	apoptotic process
3326_reviewed	cellular response to heat
5979_reviewed	axon guidance
6100_reviewed	cognition
54776_reviewed	neuron projection morphogenesis
80306_reviewed	negative regulation of smooth muscle cell differentiation
3065_reviewed	cellular response to platelet-derived growth factor stimulus
9759_reviewed	cell population proliferation
10014_reviewed	B cell activation
10013_reviewed	actin filament organization
10915_reviewed	mRNA processing
10291_reviewed	mRNA 3'-splice site recognition
10946_reviewed	mRNA 3'-splice site recognition
23451_reviewed	chromatin remodeling
4670_reviewed	alternative mRNA splicing, via spliceosome
5931_reviewed	brain development
5928_reviewed	brain development
9112_reviewed	chromatin remodeling
9219_reviewed	chromatin organization
200186_reviewed	cellular response to cAMP
23235_reviewed	intracellular signal transduction
9733_reviewed	cell morphogenesis
9128_reviewed	mRNA splicing, via spliceosome
7532_reviewed	cellular response to glucose starvation
3799_reviewed	anterograde axonal protein transport
79711_reviewed	protein import into nucleus
146059_reviewed	chromatin organization
10421_reviewed	spliceosomal tri-snRNP complex assembly
9343_reviewed	cellular response to xenobiotic stimulus
5719_reviewed	meiosis I
11011_reviewed	cellular response to gamma radiation
7529_reviewed	intracellular protein localization
5718_reviewed	proteasome-mediated ubiquitin-dependent protein catabolic process
26272_reviewed	cellular homeostasis
8454_reviewed	animal organ morphogenesis
5707_reviewed	proteasome-mediated ubiquitin-dependent protein catabolic process
5905_reviewed	activation of GTPase activity
9861_reviewed	proteasome-mediated ubiquitin-dependent protein catabolic process
5298_reviewed	inner ear development
8079_reviewed	regulation of DNA-templated transcription
64210_reviewed	chromosome segregation
5717_reviewed	proteasome assembly
51130_reviewed	intracellular signal transduction
8065_reviewed	cell migration
1031_reviewed	negative regulation of cell growth
1917_reviewed	positive regulation of apoptotic process
7407_reviewed	tRNA aminoacylation for protein translation
6738_reviewed	cellular response to interferon-alpha
23367_reviewed	cell population proliferation
8660_reviewed	brain development
8607_reviewed	DNA recombination
8453_reviewed	G1/S transition of mitotic cell cycle
6801_reviewed	bicellular tight junction assembly
9416_reviewed	cis assembly of pre-catalytic spliceosome
91754_reviewed	cell division
26064_reviewed	cell differentiation
5356_reviewed	mRNA splicing, via spliceosome
55095_reviewed	nuclear-transcribed mRNA poly(A) tail shortening
8661_reviewed	formation of cytoplasmic translation initiation complex
55671_reviewed	DNA damage response
673_reviewed	animal organ morphogenesis
5709_reviewed	proteasome-mediated ubiquitin-dependent protein catabolic process
24148_reviewed	mRNA splicing, via spliceosome
29966_reviewed	negative regulation of DNA-templated transcription
3692_reviewed	assembly of large subunit precursor of preribosome
56647_reviewed	DNA repair
1974_reviewed	cellular response to leukemia inhibitory factor
27250_reviewed	apoptotic process
10109_reviewed	actin filament polymerization
51631_reviewed	mRNA splice site recognition
80304_reviewed	protein complex oligomerization
5500_reviewed	cell division
56950_reviewed	heart development
23136_reviewed	actomyosin structure organization
63891_reviewed	protein maturation
10552_reviewed	actin cytoskeleton organization
26505_reviewed	magnesium ion homeostasis
55660_reviewed	cell division
9221_reviewed	mitotic cell cycle
80153_reviewed	deadenylation-independent decapping of nuclear-transcribed mRNA
1021_reviewed	astrocyte development
26031_reviewed	bile acid biosynthetic process
7384_reviewed	aerobic respiration
7385_reviewed	aerobic respiration
5518_reviewed	chromosome segregation
11156_reviewed	cellular response to leukemia inhibitory factor
261726_reviewed	DNA damage checkpoint signaling
9101_reviewed	cellular response to dexamethasone stimulus
7392_reviewed	cellular response to glucose stimulus
8496_reviewed	cell adhesion
4331_reviewed	adult heart development
9410_reviewed	mRNA splicing, via spliceosome
6949_reviewed	neural crest cell development
57223_reviewed	DNA damage response
56288_reviewed	asymmetric cell division
10097_reviewed	Arp2/3 complex-mediated actin nucleation
1973_reviewed	cytoplasmic translational initiation
9414_reviewed	cell-cell adhesion
396_reviewed	negative regulation of apoptotic process
55646_reviewed	erythrocyte development
6147_reviewed	cytoplasmic translation
7555_reviewed	cholesterol homeostasis
6122_reviewed	cellular response to interleukin-4
815_reviewed	angiotensin-activated signaling pathway
816_reviewed	cell differentiation
817_reviewed	cardiac muscle cell contraction
51361_reviewed	cytoplasmic microtubule organization
26504_reviewed	enamel mineralization
10213_reviewed	double-strand break repair via homologous recombination
10514_reviewed	cellular response to glucose starvation
2339_reviewed	peptide pheromone maturation
5062_reviewed	adherens junction assembly
9040_reviewed	post-translational protein modification
8883_reviewed	mitotic DNA replication checkpoint signaling
23085_reviewed	I-kappaB phosphorylation
5713_reviewed	proteasome-mediated ubiquitin-dependent protein catabolic process
989_reviewed	cell differentiation
60528_reviewed	mitochondrial tRNA 3'-end processing
11140_reviewed	positive regulation of type 2 mitophagy
80223_reviewed	negative regulation of adiponectin secretion
29888_reviewed	negative regulation of hippo signaling
1967_reviewed	cytoplasmic translational initiation
8891_reviewed	cytoplasmic translational initiation
23677_reviewed	cellular response to amino acid stimulus
22933_reviewed	cellular response to hypoxia
8208_reviewed	DNA repair
55692_reviewed	mRNA splice site recognition
9158_reviewed	fibroblast growth factor receptor signaling pathway
9847_reviewed	insulin receptor signaling pathway
25843_reviewed	negative regulation of hippo signaling
10298_reviewed	apoptotic process
4947_reviewed	negative regulation of polyamine transmembrane transport
51582_reviewed	negative regulation of protein catabolic process
2342_reviewed	lipid metabolic process
8601_reviewed	G protein-coupled receptor signaling pathway
7391_reviewed	carbon catabolite regulation of transcription
2011_reviewed	autophagy of mitochondrion
389_reviewed	actin filament organization
6732_reviewed	chromosome segregation
10095_reviewed	Arp2/3 complex-mediated actin nucleation
5411_reviewed	cell adhesion
8668_reviewed	cytoplasmic translational initiation
8665_reviewed	formation of cytoplasmic translation initiation complex
29127_reviewed	actomyosin contractile ring assembly
10286_reviewed	alternative mRNA splicing, via spliceosome
9493_reviewed	microtubule-based movement
10890_reviewed	antigen processing and presentation
4218_reviewed	autophagy
51747_reviewed	mRNA splice site recognition
85369_reviewed	cortical actin cytoskeleton organization
5504_reviewed	generation of precursor metabolites and energy
10713_reviewed	cell division
4795_reviewed	cellular response to lipopolysaccharide
5516_reviewed	apoptotic mitochondrial changes
9689_reviewed	regulation of translational initiation
28969_reviewed	regulation of translational initiation
5714_reviewed	proteasome-mediated ubiquitin-dependent protein catabolic process
9989_reviewed	protein phosphorylation
51497_reviewed	negative regulation of transcription elongation by RNA polymerase II
10480_reviewed	cytoplasmic translational initiation
9519_reviewed	acrosome assembly
2957_reviewed	positive regulation of transcription by RNA polymerase II
7803_reviewed	positive regulation of cell migration
8664_reviewed	cap-dependent translational initiation
1676_reviewed	apoptotic DNA fragmentation
6189_reviewed	cell differentiation
79801_reviewed	fibroblast growth factor receptor signaling pathway
9532_reviewed	negative regulation of protein ubiquitination
80279_reviewed	apoptotic nuclear changes
51506_reviewed	brain development
10285_reviewed	apoptotic process
140609_reviewed	cellular response to potassium ion
221937_reviewed	canonical glycolysis
1677_reviewed	apoptotic chromosome condensation
9497_reviewed	auditory receptor cell development
65992_reviewed	cartilage development
55215_reviewed	interstrand cross-link repair
81873_reviewed	Arp2/3 complex-mediated actin nucleation
9039_reviewed	endomitotic cell cycle
5878_reviewed	endocytosis
25777_reviewed	centrosome localization
92609_reviewed	intracellular protein transport
23012_reviewed	intracellular signal transduction
55233_reviewed	hippo signaling
84529_reviewed	erythrocyte differentiation
4163_reviewed	establishment of protein localization
9131_reviewed	apoptotic process
9967_reviewed	circadian rhythm
7871_reviewed	muscle contraction
54606_reviewed	defense response to virus
6142_reviewed	cytoplasmic translation
23560_reviewed	maturation of LSU-rRNA from tricistronic rRNA transcript (SSU-rRNA, 5.8S rRNA, LSU-rRNA)
7327_reviewed	cellular response to interferon-beta
267_reviewed	endoplasmic reticulum mannose trimming
9406_reviewed	mRNA processing
253714_reviewed	chromatin organization
7417_reviewed	binding of sperm to zona pellucida
80333_reviewed	protein localization to plasma membrane
30819_reviewed	action potential
10094_reviewed	actin polymerization-dependent cell motility
5495_reviewed	N-terminal protein myristoylation
7415_reviewed	aggresome assembly
6434_reviewed	cellular response to glucose stimulus
5894_reviewed	death-inducing signaling complex assembly
11331_reviewed	antiviral innate immune response
9958_reviewed	BMP signaling pathway
53981_reviewed	mRNA 3'-end processing by stem-loop binding and cleavage
79184_reviewed	cell division
8893_reviewed	astrocyte development
5683_reviewed	proteasome-mediated ubiquitin-dependent protein catabolic process
9295_reviewed	mRNA processing
23294_reviewed	ephrin receptor signaling pathway
5684_reviewed	proteasome-mediated ubiquitin-dependent protein catabolic process
11344_reviewed	actin filament depolymerization
830_reviewed	actin cytoskeleton organization
140890_reviewed	mRNA processing
55299_reviewed	ribosomal large subunit assembly
1654_reviewed	cell differentiation
991_reviewed	anaphase-promoting complex-dependent catabolic process
51067_reviewed	mitochondrial tyrosyl-tRNA aminoacylation
6251_reviewed	cell-matrix adhesion
9520_reviewed	cellular response to hypoxia
9815_reviewed	brain development
49856_reviewed	cell projection organization
9662_reviewed	centriole replication
2091_reviewed	box C/D sno(s)RNA 3'-end processing
29780_reviewed	actin cytoskeleton organization
151987_reviewed	mRNA processing
23168_reviewed	blastocyst growth
23172_reviewed	attachment of spindle microtubules to kinetochore
6625_reviewed	cellular response to retinoic acid
6428_reviewed	cellular response to leukemia inhibitory factor
55103_reviewed	Ras protein signal transduction
1977_reviewed	behavioral fear response
4869_reviewed	cell volume homeostasis
4796_reviewed	double-strand break repair via homologous recombination
5693_reviewed	proteasomal ubiquitin-independent protein catabolic process
29889_reviewed	ribosome biogenesis
550_reviewed	ERAD pathway
7178_reviewed	calcium ion transport
11133_reviewed	actin filament organization
55846_reviewed	cellular response to amino acid starvation
89953_reviewed	microtubule-based movement
51428_reviewed	apoptotic process
200081_reviewed	B cell activation
5687_reviewed	ubiquitin-dependent protein catabolic process
57530_reviewed	microtubule cytoskeleton organization
55177_reviewed	apoptotic process
79596_reviewed	protein autoubiquitination
10969_reviewed	ribosomal large subunit biogenesis
5688_reviewed	proteasome-mediated ubiquitin-dependent protein catabolic process
5295_reviewed	B cell differentiation
3702_reviewed	adaptive immune response
7015_reviewed	cellular response to hypoxia
4691_reviewed	angiogenesis
5587_reviewed	angiogenesis
4791_reviewed	canonical NF-kappaB signal transduction
7187_reviewed	apoptotic process
84231_reviewed	apoptotic process
9043_reviewed	lysosome localization
55294_reviewed	cellular response to UV
5971_reviewed	antigen processing and presentation
23633_reviewed	entry of viral genome into host nucleus through nuclear pore complex via importin
5977_reviewed	apoptotic process
6601_reviewed	chromatin remodeling
23118_reviewed	defense response to bacterium
10454_reviewed	aorta development
29110_reviewed	activation of innate immune response
9755_reviewed	defense response to virus
7124_reviewed	antiviral innate immune response
7133_reviewed	aortic valve development
84717_reviewed	chromatin remodeling
23376_reviewed	DNA damage checkpoint signaling
11171_reviewed	alternative mRNA splicing, via spliceosome
51603_reviewed	methylation
2956_reviewed	determination of adult lifespan
9688_reviewed	nuclear envelope organization
57062_reviewed	RNA metabolic process
9181_reviewed	actin filament organization
50628_reviewed	rRNA processing
60412_reviewed	chemical synaptic transmission
9330_reviewed	5S class rRNA transcription by RNA polymerase III
4430_reviewed	actin filament bundle assembly
23244_reviewed	cell division
57805_reviewed	DNA damage response
4831_reviewed	cell adhesion
47_reviewed	acetyl-CoA biosynthetic process
10963_reviewed	cellular response to interleukin-7
64425_reviewed	nucleolar large rRNA transcription by RNA polymerase I
1457_reviewed	apoptotic process
6301_reviewed	cytoplasmic translation
3728_reviewed	bundle of His cell-Purkinje myocyte adhesion involved in cell communication
2176_reviewed	cellular response to oxidative stress
3303_unreviewed	ATP metabolic process
5610_reviewed	antiviral innate immune response
641_reviewed	cellular response to camptothecin
7156_reviewed	chromosome separation
9070_reviewed	DNA damage response
4221_reviewed	DNA damage response
5929_reviewed	DNA damage response
29915_reviewed	antiviral innate immune response
430_reviewed	chorionic trophoblast cell development
2178_reviewed	gene expression
3716_reviewed	cell differentiation
207_reviewed	apoptotic mitochondrial changes
8312_reviewed	axial mesoderm formation
1487_reviewed	negative regulation of cell population proliferation
613_reviewed	actin cytoskeleton organization
3055_reviewed	cell adhesion
8243_reviewed	cell division
9126_reviewed	cell division
5777_reviewed	B cell receptor signaling pathway
5921_reviewed	angiogenesis
1796_reviewed	cell surface receptor protein tyrosine kinase signaling pathway
5663_reviewed	amyloid-beta formation
2177_reviewed	brain morphogenesis
4436_reviewed	B cell differentiation
4683_reviewed	blastocyst growth
10111_reviewed	chromosome organization involved in meiotic cell cycle
699_reviewed	apoptotic process
701_reviewed	apoptotic process
9184_reviewed	attachment of spindle microtubules to kinetochore
2188_reviewed	DNA damage response
7535_reviewed	adaptive immune response
983_reviewed	apoptotic process
2071_reviewed	apoptotic process
1022_reviewed	cell division
11200_reviewed	cell division
1111_reviewed	apoptotic process
23028_reviewed	cellular response to cAMP
10362_reviewed	chromatin organization
23186_reviewed	chromatin organization
51317_reviewed	chromatin organization
4091_reviewed	anatomical structure morphogenesis
90_reviewed	acute inflammatory response
4582_reviewed	DNA damage response, signal transduction by p53 class mediator
1495_reviewed	apical junction assembly
6667_reviewed	cellular response to estrogen stimulus
9584_reviewed	mRNA processing
355_reviewed	activation-induced cell death of T cells
8772_reviewed	apoptotic process
8795_reviewed	activation of NF-kappaB-inducing kinase activity
843_reviewed	apoptotic process
841_reviewed	angiogenesis
4478_reviewed	establishment of endothelial barrier
7430_reviewed	actin cytoskeleton organization
356_reviewed	apoptotic process
9846_reviewed	osteoclast differentiation
2950_reviewed	animal organ regeneration
56946_reviewed	chromatin organization
10951_reviewed	DNA damage response
2934_reviewed	actin filament capping
4067_reviewed	adaptive immune response
10459_reviewed	actin filament organization
3320_reviewed	cardiac muscle cell apoptotic process
8409_reviewed	apoptotic process
857_reviewed	angiogenesis
24137_reviewed	anterograde axonal transport
1434_reviewed	protein export from nucleus
4193_reviewed	amyloid fibril formation
595_reviewed	cell division
1399_reviewed	acetylcholine receptor signaling pathway
2308_reviewed	apoptotic process
10083_reviewed	actin filament bundle assembly
3169_reviewed	alveolar secondary septum development
9604_reviewed	androgen receptor signaling pathway
10771_reviewed	defense response to virus
1025_reviewed	cell population proliferation
2534_reviewed	activated T cell proliferation
5156_reviewed	adrenal gland development
5923_reviewed	long-term memory
5893_reviewed	cellular response to oxidative stress
56616_reviewed	apoptotic process
1630_reviewed	anterior/posterior axon guidance
7416_reviewed	apoptotic process
6925_reviewed	cell differentiation
54206_reviewed	apoptotic process
8139_reviewed	cytoskeleton organization
51564_reviewed	cell-cell junction assembly
84962_reviewed	calcium-dependent cell-cell adhesion via plasma membrane cell adhesion molecules
10746_reviewed	cellular response to mechanical stimulus
8711_reviewed	protein autophosphorylation
5890_reviewed	blastocyst growth
5889_reviewed	DNA recombination
7517_reviewed	DNA damage response
5728_reviewed	apoptotic process
650_reviewed	ameloblast differentiation
1001_reviewed	adherens junction organization
9734_reviewed	B cell activation
57178_reviewed	androgen receptor signaling pathway
7014_reviewed	axonal transport of messenger ribonucleoprotein complex
7486_reviewed	base-excision repair
658_reviewed	BMP signaling pathway
655_reviewed	allantois development
27_reviewed	cell adhesion
3815_reviewed	actin cytoskeleton organization
996_reviewed	anaphase-promoting complex-dependent catabolic process
10393_reviewed	anaphase-promoting complex-dependent catabolic process
29945_reviewed	anaphase-promoting complex-dependent catabolic process
8881_reviewed	anaphase-promoting complex-dependent catabolic process
51434_reviewed	anaphase-promoting complex-dependent catabolic process
7181_reviewed	cell differentiation
4616_reviewed	apoptotic process
4217_reviewed	apoptotic signaling pathway
80010_reviewed	DNA replication
1003_reviewed	adherens junction organization
1571_reviewed	4-nitrophenol metabolic process
3635_reviewed	apoptotic process
9046_reviewed	cell surface receptor protein tyrosine kinase signaling pathway
7184_reviewed	actin rod assembly
2960_reviewed	transcription by RNA polymerase II
2959_reviewed	DNA-templated transcription initiation
2962_reviewed	negative regulation of protein binding
25942_reviewed	activation of innate immune response
1147_reviewed	anatomical structure morphogenesis
5609_reviewed	apoptotic process
27043_reviewed	cellular response to estrogen stimulus
7469_reviewed	negative regulation of transcription elongation by RNA polymerase II
2908_reviewed	adrenal gland development
5934_reviewed	cell differentiation
7161_reviewed	cerebrospinal fluid secretion
8850_reviewed	cellular response to insulin stimulus
55120_reviewed	DNA damage response
5294_reviewed	angiogenesis
266747_reviewed	Ras protein signal transduction
1660_reviewed	alternative mRNA splicing, via spliceosome
6908_reviewed	DNA-templated transcription initiation
2968_reviewed	DNA repair
6882_reviewed	host-mediated activation of viral transcription
79155_reviewed	apoptotic process
8517_reviewed	anoikis
9641_reviewed	activation of innate immune response
23243_reviewed	positive regulation of focal adhesion assembly
1996_reviewed	3'-UTR-mediated mRNA stabilization
10482_reviewed	mRNA export from nucleus
9360_reviewed	protein folding
4087_reviewed	activin receptor signaling pathway
9372_reviewed	endocytosis
10193_reviewed	autophagy
5604_reviewed	Bergmann glial cell differentiation
1655_reviewed	alternative mRNA splicing, via spliceosome
860_reviewed	BMP signaling pathway
55816_reviewed	cell surface receptor protein tyrosine kinase signaling pathway
317_reviewed	apoptotic process
55143_reviewed	chromosome organization
9212_reviewed	cell cycle G2/M phase transition
79661_reviewed	base-excision repair
23385_reviewed	adult behavior
51107_reviewed	amyloid precursor protein catabolic process
56926_reviewed	determination of left/right asymmetry in lateral mesoderm
23420_reviewed	multi-pass transmembrane protein insertion into ER membrane
3688_reviewed	angiogenesis
3675_reviewed	dendritic spine maintenance
1759_reviewed	clathrin coat assembly involved in endocytosis
3619_reviewed	chromosome segregation
79720_reviewed	macroautophagy
64754_reviewed	cellular response to dexamethasone stimulus
6647_reviewed	action potential initiation
26277_reviewed	negative regulation of epithelial cell proliferation
7013_reviewed	cell division
10849_reviewed	cell surface receptor protein tyrosine kinase signaling pathway
2068_reviewed	apoptotic process
2965_reviewed	DNA repair
2966_reviewed	G protein-coupled receptor internalization
2967_reviewed	DNA repair
55829_reviewed	cell redox homeostasis
79139_reviewed	cellular response to misfolded protein
3105_reviewed	antibacterial humoral response
5579_reviewed	adaptive immune response
25780_reviewed	MAPK cascade
5580_reviewed	apoptotic process
6135_reviewed	cytoplasmic translation
4602_reviewed	B cell differentiation
10498_reviewed	chromatin remodeling
6804_reviewed	calcium-ion regulated exocytosis
6342_reviewed	alpha-linolenic acid metabolic process
54386_reviewed	intracellular signal transduction
55588_reviewed	positive regulation of transcription elongation by RNA polymerase II
9282_reviewed	positive regulation of DNA-templated transcription
9439_reviewed	positive regulation of gene expression
51586_reviewed	positive regulation of transcription elongation by RNA polymerase II
9862_reviewed	positive regulation of DNA-templated transcription
10025_reviewed	positive regulation of DNA-templated transcription
9440_reviewed	positive regulation of DNA-templated transcription
892_reviewed	G0 to G1 transition
1024_reviewed	positive regulation of transcription by RNA polymerase II
23097_reviewed	cellular response to lipopolysaccharide
9442_reviewed	positive regulation of transcription elongation by RNA polymerase II
219541_reviewed	positive regulation of transcription by RNA polymerase II
10001_reviewed	positive regulation of transcription by RNA polymerase II
112950_reviewed	positive regulation of transcription elongation by RNA polymerase II
54797_reviewed	positive regulation of transcription elongation by RNA polymerase II
9477_reviewed	DNA-templated transcription
81857_reviewed	negative regulation of fibroblast proliferation
9441_reviewed	positive regulation of gene expression
90390_reviewed	positive regulation of DNA-templated transcription
6837_reviewed	positive regulation of transcription elongation by RNA polymerase II
5436_reviewed	nuclear-transcribed mRNA catabolic process
5431_reviewed	transcription by RNA polymerase II
8900_reviewed	cell division
388324_reviewed	apoptotic signaling pathway
147011_reviewed	arachidonate secretion
1789_reviewed	methylation
10592_reviewed	cell division
8467_reviewed	antiviral innate immune response
64151_reviewed	cell division
201176_reviewed	protein heterooligomerization
81929_reviewed	attachment of mitotic spindle microtubules to kinetochore
57122_reviewed	female gonad development
79902_reviewed	lamellipodium assembly
55746_reviewed	mRNA export from nucleus
23279_reviewed	mRNA export from nucleus
348995_reviewed	cell division
79023_reviewed	cell division
22872_reviewed	COPII-coated vesicle cargo loading
9686_reviewed	negative regulation of cardiac muscle cell proliferation
7003_reviewed	embryonic organ development
8557_reviewed	adult heart development
26287_reviewed	muscle contraction
7134_reviewed	cardiac muscle cell contraction
10211_reviewed	adherens junction organization
3679_reviewed	cell-cell adhesion
2274_reviewed	atrial cardiac muscle cell development
80746_reviewed	mRNA processing
79042_reviewed	mRNA processing
283989_reviewed	mRNA processing
116461_reviewed	mRNA processing
10978_reviewed	cerebellar cortex development
9935_reviewed	abducens nerve formation
585_reviewed	adult behavior
7099_reviewed	astrocyte development
54106_reviewed	canonical NF-kappaB signal transduction
54476_reviewed	apoptotic process
221692_reviewed	actin cytoskeleton organization
58484_reviewed	activation of innate immune response
64127_reviewed	adaptive immune response
834_reviewed	AIM2 inflammasome complex assembly
254887_reviewed	protein localization to plasma membrane
4842_reviewed	blood circulation
2647_reviewed	aerobic respiration
388552_reviewed	anterograde axonal transport
63915_reviewed	anterograde axonal transport
10940_reviewed	tRNA 5'-leader removal
10775_reviewed	rRNA processing
51367_reviewed	rRNA processing
54913_reviewed	rRNA processing
10557_reviewed	rRNA processing
79897_reviewed	response to xenobiotic stimulus
10799_reviewed	endonucleolytic cleavage in ITS1 to separate SSU-rRNA from 5.8S rRNA and LSU-rRNA from tricistronic rRNA transcript (SSU-rRNA, 5.8S rRNA, LSU-rRNA)
2309_reviewed	antral ovarian follicle growth
835_reviewed	apoptotic process
8738_reviewed	apoptotic signaling pathway
55367_reviewed	apoptotic process
4986_reviewed	adenylate cyclase-inhibiting G protein-coupled receptor signaling pathway
115557_reviewed	axon guidance
8148_reviewed	mRNA stabilization
64061_reviewed	negative regulation of cell cycle
29950_reviewed	positive regulation of cell population proliferation
148022_reviewed	apoptotic signaling pathway
6790_reviewed	anterior/posterior axis specification
79083_reviewed	intracellular protein transport
10189_reviewed	mRNA export from nucleus
7919_reviewed	mRNA export from nucleus
25839_reviewed	Golgi organization
9382_reviewed	Golgi organization
22796_reviewed	Golgi organization
10466_reviewed	Golgi organization
91949_reviewed	glycoprotein biosynthetic process
23617_reviewed	protein autophosphorylation
9610_reviewed	endocytosis
54922_reviewed	angiogenesis
53407_reviewed	endoplasmic reticulum membrane organization
9183_reviewed	cell division
60561_reviewed	endoplasmic reticulum to Golgi vesicle-mediated transport
23256_reviewed	endoplasmic reticulum to Golgi vesicle-mediated transport
9554_reviewed	endoplasmic reticulum to Golgi vesicle-mediated transport
4654_reviewed	cellular response to estradiol stimulus
3768_reviewed	muscle contraction
320_reviewed	axo-dendritic transport
1741_reviewed	cell-cell adhesion
1740_reviewed	anterograde axonal protein transport
8825_reviewed	exocytosis
55327_reviewed	exocytosis
6640_reviewed	muscle contraction
25960_reviewed	canonical Wnt signaling pathway
93649_reviewed	cardiac muscle cell apoptotic process
6722_reviewed	actin cytoskeleton organization
8408_reviewed	autophagosome assembly
8831_reviewed	axonogenesis
7791_reviewed	cell-cell signaling
10529_reviewed	cardiac muscle thin filament assembly
6340_reviewed	cellular response to acidic pH
4803_reviewed	axon extension
9025_reviewed	cell division
3164_reviewed	apoptotic process
27161_reviewed	miRNA metabolic process
11218_reviewed	negative regulation of cell population proliferation
5058_reviewed	actin cytoskeleton organization
7225_reviewed	calcium ion transmembrane transport
1051_reviewed	acute-phase response
51667_reviewed	positive regulation of proteasomal ubiquitin-dependent protein catabolic process
10537_reviewed	aggresome assembly
9094_reviewed	chemical synaptic transmission
919_reviewed	adaptive immune response
920_reviewed	adaptive immune response
3932_reviewed	B cell receptor signaling pathway
55070_reviewed	positive regulation of proteasomal ubiquitin-dependent protein catabolic process
1642_reviewed	apoptotic process
8451_reviewed	cell population proliferation
64326_reviewed	negative regulation of fatty acid biosynthetic process
10808_reviewed	positive regulation of MHC class I biosynthetic process
8609_reviewed	axon guidance
81545_reviewed	adaptive immune response
10891_reviewed	adipose tissue development
23551_reviewed	locomotory behavior
64750_reviewed	negative regulation of BMP signaling pathway
57154_reviewed	BMP signaling pathway
2550_reviewed	adenylate cyclase-inhibiting G protein-coupled receptor signaling pathway
152789_reviewed	cognition
863_reviewed	DNA-templated transcription
23263_reviewed	intracellular signal transduction
93986_reviewed	camera-type eye development
27086_reviewed	cellular response to tumor necrosis factor
116113_reviewed	regulation of transcription by RNA polymerase II
9575_reviewed	cellular response to ionizing radiation
56938_reviewed	circadian regulation of gene expression
90627_reviewed	actin cytoskeleton organization
7846_reviewed	adult locomotory behavior
150684_reviewed	cholesterol homeostasis
4792_reviewed	B cell receptor signaling pathway
5598_reviewed	adenylate cyclase-activating G protein-coupled receptor signaling pathway
28996_reviewed	adult walking behavior
5338_reviewed	cytoskeleton organization
1991_reviewed	acute inflammatory response to antigenic stimulus
388677_reviewed	cell differentiation
6885_reviewed	anoikis
64215_reviewed	negative regulation of proteolysis
12_reviewed	acute-phase response
467_reviewed	cellular response to amino acid starvation
3621_reviewed	negative regulation of cell growth
25977_reviewed	presynaptic endocytosis
2913_reviewed	cellular response to stress
5494_reviewed	cellular response to transforming growth factor beta stimulus
10640_reviewed	epithelial cell apoptotic process
79589_reviewed	negative regulation of cytokine production
55611_reviewed	adaptive immune response
9699_reviewed	adenylate cyclase-modulating G protein-coupled receptor signaling pathway
11069_reviewed	adaptive immune response
55035_reviewed	protein localization to nucleolus
51388_reviewed	ribosomal large subunit biogenesis
6749_reviewed	DNA repair
22882_reviewed	central nervous system neuron differentiation
4437_reviewed	DNA repair
80725_reviewed	exocytosis
54778_reviewed	global genome nucleotide-excision repair
2770_reviewed	adenylate cyclase-activating G protein-coupled receptor signaling pathway
63940_reviewed	positive regulation of cytokine production involved in inflammatory response
117581_reviewed	cell differentiation
23492_reviewed	chromatin organization
2733_reviewed	mRNA export from nucleus
9631_reviewed	atrial cardiac muscle cell action potential
1737_reviewed	glucose metabolic process
8050_reviewed	pyruvate decarboxylation to acetyl-CoA
5162_reviewed	glucose metabolic process
5245_reviewed	antiviral innate immune response
2776_reviewed	adenylate cyclase-activating G protein-coupled receptor signaling pathway
6004_reviewed	G protein-coupled receptor signaling pathway
9138_reviewed	G protein-coupled receptor signaling pathway
2768_reviewed	adenylate cyclase-modulating G protein-coupled receptor signaling pathway
5202_reviewed	negative regulation of amyloid fibril formation
144455_reviewed	chorionic trophoblast cell differentiation
5608_reviewed	apoptotic process
9873_reviewed	clathrin-dependent endocytosis
1000_reviewed	adherens junction organization
695_reviewed	adaptive immune response
2969_reviewed	negative regulation of angiogenesis
23090_reviewed	cell differentiation
25820_reviewed	PKR/eIFalpha signaling
5434_reviewed	protein stabilization
26108_reviewed	canonical Wnt signaling pathway
607_reviewed	canonical Wnt signaling pathway
163126_reviewed	cell differentiation
688_reviewed	angiogenesis
5810_reviewed	cellular response to ionizing radiation
5884_reviewed	DNA damage checkpoint signaling
135458_reviewed	double-strand break repair via homologous recombination
8914_reviewed	branching morphogenesis of an epithelial tube
54962_reviewed	cell cycle phase transition
5592_reviewed	bone growth
5982_reviewed	DNA repair
5983_reviewed	DNA repair
5128_reviewed	protein phosphorylation
6643_reviewed	early endosome to Golgi transport
22854_reviewed	axonogenesis
57689_reviewed	modulation of chemical synaptic transmission
57787_reviewed	cell division
7283_reviewed	cytoplasmic microtubule organization
3316_reviewed	negative regulation of apoptotic process
56160_reviewed	cellular response to hydroxyurea
10238_reviewed	protein ubiquitination
1859_reviewed	circadian rhythm
9149_reviewed	adipose tissue development
6502_reviewed	cellular response to cell-matrix adhesion
6929_reviewed	B cell differentiation
26133_reviewed	calcium ion transmembrane transport
3551_reviewed	antigen processing and presentation of exogenous peptide antigen via MHC class I, TAP-dependent
708_reviewed	apoptotic process
9924_reviewed	mRNA processing
255967_reviewed	deadenylation-dependent decapping of nuclear-transcribed mRNA
6240_reviewed	2'-deoxyribonucleotide biosynthetic process
6241_reviewed	2'-deoxyribonucleotide biosynthetic process
50484_reviewed	2'-deoxyribonucleotide biosynthetic process
27063_reviewed	cardiac muscle tissue morphogenesis
84665_reviewed	axon guidance
6429_reviewed	mRNA processing
29109_reviewed	actin filament organization
8537_reviewed	myelination
768_reviewed	morphogenesis of an epithelium
6654_reviewed	axon guidance
57591_reviewed	actin cytoskeleton organization
9530_reviewed	cellular response to epidermal growth factor stimulus
339_reviewed	chromosomal 5-methylcytosine DNA demethylation pathway
5413_reviewed	adult behavior
3569_reviewed	acute-phase response
3570_reviewed	acute-phase response
5578_reviewed	angiogenesis
6624_reviewed	actin cytoskeleton organization
9855_reviewed	actin cytoskeleton organization
9748_reviewed	apoptotic process
26086_reviewed	cell differentiation
116986_reviewed	actin cytoskeleton organization
323_reviewed	axon guidance
10009_reviewed	intracellular signal transduction
5976_reviewed	3'-UTR-mediated mRNA destabilization
167227_reviewed	deadenylation-dependent decapping of nuclear-transcribed mRNA
23404_reviewed	CUT catabolic process
5394_reviewed	CUT catabolic process
65110_reviewed	in utero embryonic development
5898_reviewed	cell division
11336_reviewed	exocyst localization
9378_reviewed	adult behavior
22871_reviewed	AMPA glutamate receptor clustering
634_reviewed	angiogenesis
302_reviewed	angiogenesis
3479_reviewed	activation of protein kinase B activity
3490_reviewed	angiogenesis
8662_reviewed	formation of cytoplasmic translation initiation complex
8669_reviewed	formation of cytoplasmic translation initiation complex
9053_reviewed	establishment or maintenance of cell polarity
59341_reviewed	actin cytoskeleton organization
6938_reviewed	cell differentiation
121549_reviewed	epithelium development
100506658_reviewed	bicellular tight junction assembly
3973_reviewed	adenylate cyclase-activating G protein-coupled receptor signaling pathway
142678_reviewed	Notch signaling pathway
58_reviewed	mesenchyme migration
401_reviewed	dopaminergic neuron differentiation
9454_reviewed	G protein-coupled glutamate receptor signaling pathway
57630_reviewed	negative regulation of apoptotic process
4296_reviewed	cell cycle G1/S phase transition
3308_reviewed	chaperone-mediated protein complex assembly
7265_reviewed	chemokine-mediated signaling pathway
3337_reviewed	cellular response to heat
1814_reviewed	acid secretion
245711_reviewed	DNA damage response
3741_reviewed	action potential
203068_reviewed	cell division
6812_reviewed	axon target recognition
1791_reviewed	DNA metabolic process
4345_reviewed	cell-cell adhesion
131450_reviewed	heterotypic cell-cell adhesion
7297_reviewed	cell differentiation
7494_reviewed	adipose tissue development
58494_reviewed	cell-cell adhesion
83700_reviewed	adaptive immune response
348_reviewed	artery morphogenesis
7804_reviewed	ammon gyrus development
4773_reviewed	B cell receptor signaling pathway
9425_reviewed	negative regulation of peptidyl-lysine crotonylation
1958_reviewed	BMP signaling pathway
890_reviewed	animal organ regeneration
5055_reviewed	fibrinolysis
4287_reviewed	actin cytoskeleton organization
29969_reviewed	negative regulation of DNA-templated transcription
5467_reviewed	adipose tissue development
1808_reviewed	cell differentiation
160_reviewed	clathrin-dependent endocytosis
8650_reviewed	adherens junction organization
5457_reviewed	axonogenesis
6014_reviewed	adenylate cyclase-activating G protein-coupled receptor signaling pathway
4261_reviewed	host-mediated suppression of symbiont invasion
4968_reviewed	base-excision repair
2903_reviewed	brain development
3122_reviewed	adaptive immune response
3109_reviewed	adaptive immune response
63922_reviewed	DNA replication
79075_reviewed	DNA replication
348980_reviewed	apical protein localization
610_reviewed	ammonium transmembrane transport
23208_reviewed	autophagy
8499_reviewed	cell-matrix adhesion
8541_reviewed	neurotransmitter secretion
80852_reviewed	artery smooth muscle contraction
4660_reviewed	neuron projection morphogenesis
5460_reviewed	anatomical structure morphogenesis
6657_reviewed	adenohypophysis development
115950_reviewed	extracellular negative regulation of signal transduction
27128_reviewed	regulation of ARF protein signal transduction
819_reviewed	B cell homeostasis
861_reviewed	cardiac muscle tissue regeneration
196_reviewed	apoptotic process
6599_reviewed	animal organ morphogenesis
1613_reviewed	apoptotic process
7957_reviewed	autophagosome assembly
402_reviewed	bicellular tight junction assembly
6904_reviewed	adherens junction assembly
6770_reviewed	cholesterol metabolic process
54535_reviewed	cell differentiation
8856_reviewed	cell differentiation
4734_reviewed	adaptive immune response
56937_reviewed	androgen receptor signaling pathway
4043_reviewed	amyloid-beta clearance by transcytosis
7436_reviewed	cholesterol metabolic process
51106_reviewed	mitochondrial small ribosomal subunit assembly
7019_reviewed	mitochondrial respiratory chain complex assembly
2872_reviewed	cell surface receptor signaling pathway
2876_reviewed	angiogenesis involved in wound healing
11033_reviewed	cell surface receptor signaling pathway
9108_reviewed	phosphatidylinositol biosynthetic process
9107_reviewed	endocytosis
8525_reviewed	cell migration
5451_reviewed	negative regulation of DNA-templated transcription
2597_reviewed	antimicrobial humoral immune response mediated by antimicrobial peptide
8837_reviewed	apoptotic process
55973_reviewed	apoptotic process
10134_reviewed	apoptotic process
973_reviewed	adaptive immune response
974_reviewed	adaptive immune response
156_reviewed	cardiac muscle contraction
2769_reviewed	calcium-mediated signaling
10507_reviewed	axon guidance
971_reviewed	cell adhesion
7334_reviewed	antiviral innate immune response
4294_reviewed	apoptotic process
391_reviewed	actin cytoskeleton organization
255520_reviewed	defense response to virus
4086_reviewed	anatomical structure morphogenesis
3135_reviewed	antigen processing and presentation of endogenous peptide antigen via MHC class I via ER pathway, TAP-independent
7533_reviewed	glucocorticoid catabolic process
2935_reviewed	G1/S transition of mitotic cell cycle
330_reviewed	apoptotic process
55243_reviewed	cell-cell adhesion
4868_reviewed	cell-cell adhesion
51024_reviewed	cellular response to glucose stimulus
88_reviewed	actin cytoskeleton organization
7224_reviewed	calcium ion transmembrane transport
50861_reviewed	blastocyst hatching
7222_reviewed	calcium ion transmembrane transport
7223_reviewed	calcium ion import
6845_reviewed	calcium-ion regulated exocytosis
8943_reviewed	anterograde axonal transport
9342_reviewed	autophagosome maturation
5208_reviewed	fructose 2,6-bisphosphate metabolic process
10726_reviewed	cell division
5347_reviewed	astral microtubule organization
2886_reviewed	epidermal growth factor receptor signaling pathway
94241_reviewed	apoptotic process
23396_reviewed	actin cytoskeleton organization
2626_reviewed	aortic valve morphogenesis
1482_reviewed	adult heart development
6910_reviewed	atrial septum morphogenesis
2081_reviewed	cellular response to glucose stimulus
3638_reviewed	cellular response to insulin stimulus
22937_reviewed	cholesterol metabolic process
6721_reviewed	cellular response to laminar fluid shear stress
81620_reviewed	attachment of mitotic spindle microtubules to kinetochore
26999_reviewed	apoptotic process
9371_reviewed	anterograde axonal transport
6195_reviewed	chemical synaptic transmission
6196_reviewed	brain renin-angiotensin system
5595_reviewed	apoptotic process
134957_reviewed	exocytosis
6814_reviewed	brain development
2054_reviewed	acrosome reaction
6809_reviewed	exocytic insertion of neurotransmitter receptor to postsynaptic membrane
29116_reviewed	cholesterol homeostasis
10330_reviewed	negative regulation of gene expression
28962_reviewed	osteoclast differentiation
5164_reviewed	cellular response to nutrient
3737_reviewed	action potential
22809_reviewed	cerebellar granule cell precursor proliferation
80254_reviewed	cell division
26146_reviewed	cilium assembly
160851_reviewed	diacylglycerol metabolic process
9423_reviewed	anterior/posterior axon guidance
55968_reviewed	autophagosome assembly
6548_reviewed	cardiac muscle cell contraction
5784_reviewed	lymphangiogenesis
25801_reviewed	membrane fusion
135_reviewed	adenylate cyclase-activating G protein-coupled receptor signaling pathway
1813_reviewed	acid secretion
9618_reviewed	apoptotic process
6198_reviewed	apoptotic process
1131_reviewed	acetylcholine receptor signaling pathway
51343_reviewed	anaphase-promoting complex-dependent catabolic process
5048_reviewed	acrosome assembly
2321_reviewed	blood vessel morphogenesis
54602_reviewed	metal ion transport
7528_reviewed	anterior/posterior pattern specification
8819_reviewed	negative regulation of cell migration
64780_reviewed	actin filament bundle assembly
2152_reviewed	activation of blood coagulation via clotting cascade
2155_reviewed	animal organ regeneration
847_reviewed	aerobic respiration
29924_reviewed	embryonic organ development
6093_reviewed	actin cytoskeleton organization
1729_reviewed	actin cytoskeleton organization
1385_reviewed	axonogenesis
64599_reviewed	insulin-like growth factor receptor signaling pathway
3693_reviewed	cell adhesion mediated by integrin
63967_reviewed	DNA damage checkpoint signaling
91746_reviewed	brown fat cell differentiation
22944_reviewed	DNA damage response
29899_reviewed	cell division
1871_reviewed	G1/S transition of mitotic cell cycle
7030_reviewed	adaptive immune response
10910_reviewed	kinetochore assembly
51567_reviewed	cell surface receptor signaling pathway
2904_reviewed	brain development
2690_reviewed	cartilage development involved in endochondral bone morphogenesis
9466_reviewed	cell surface receptor signaling pathway
9770_reviewed	bone remodeling
6446_reviewed	apoptotic process
7043_reviewed	cell-cell junction organization
51742_reviewed	establishment of Sertoli cell barrier
64426_reviewed	apoptotic process
79595_reviewed	negative regulation of cell migration
51068_reviewed	positive regulation of protein localization to nucleolus
22906_reviewed	axonal transport of mitochondrion
10673_reviewed	B cell costimulation
608_reviewed	adaptive immune response
115650_reviewed	adaptive immune response
80198_reviewed	DNA catabolic process
146956_reviewed	double-strand break repair
6829_reviewed	negative regulation of DNA-templated transcription, elongation
5189_reviewed	microtubule-based peroxisome localization
5190_reviewed	peroxisome organization
9510_reviewed	extracellular matrix organization
7422_reviewed	angiogenesis
11187_reviewed	actin cytoskeleton organization
1828_reviewed	calcium-dependent cell-cell adhesion via plasma membrane cell adhesion molecules
1829_reviewed	bundle of His cell-Purkinje myocyte adhesion involved in cell communication
1830_reviewed	actin filament organization
1825_reviewed	cell adhesion
1271_reviewed	brainstem development
3977_reviewed	cell surface receptor signaling pathway
204851_reviewed	adherens junction assembly
8930_reviewed	depyrimidination
23293_reviewed	mRNA export from nucleus
26136_reviewed	negative regulation of cell population proliferation
7408_reviewed	actin polymerization or depolymerization
1910_reviewed	aldosterone metabolic process
9690_reviewed	protein K29-linked ubiquitination
961_reviewed	angiogenesis
914_reviewed	apoptotic process
829_reviewed	actin cytoskeleton organization
8805_reviewed	calcium ion homeostasis
793_reviewed	cochlea development
4666_reviewed	cardiac ventricle development
831_reviewed	negative regulation of type B pancreatic cell apoptotic process
10168_reviewed	regulation of transcription by RNA polymerase II
2671_reviewed	liver development
10979_reviewed	adherens junction maintenance
54751_reviewed	cell-cell adhesion
4846_reviewed	angiogenesis
2983_reviewed	blood circulation
5576_reviewed	adenylate cyclase-activating G protein-coupled receptor signaling pathway
9495_reviewed	adenylate cyclase-inhibiting G protein-coupled receptor signaling pathway
10981_reviewed	antigen processing and presentation
687_reviewed	cellular response to cortisol stimulus
4793_reviewed	cellular response to lipopolysaccharide
4144_reviewed	cellular response to leukemia inhibitory factor
27430_reviewed	one-carbon metabolic process
83666_reviewed	cell migration
151636_reviewed	defense response to virus
72_reviewed	cellular response to acetaldehyde
5618_reviewed	activation of Janus kinase activity
5478_reviewed	activation of protein kinase B activity
8898_reviewed	dendritic spine maintenance
5077_reviewed	animal organ morphogenesis
6663_reviewed	anatomical structure morphogenesis
2961_reviewed	transcription by RNA polymerase II
6874_reviewed	DNA-templated transcription initiation
6878_reviewed	apoptotic process
6879_reviewed	chromatin organization
5581_reviewed	cell division
8464_reviewed	positive regulation of DNA-templated transcription
9950_reviewed	Golgi organization
55272_reviewed	maturation of SSU-rRNA
10199_reviewed	maturation of SSU-rRNA
92856_reviewed	maturation of SSU-rRNA
9217_reviewed	cholesterol transport
50617_reviewed	intracellular pH reduction
5213_reviewed	canonical glycolysis
4597_reviewed	cholesterol biosynthetic process
3313_reviewed	calcium import into the mitochondrion
147_reviewed	adenylate cyclase-activating adrenergic receptor signaling pathway
1270_reviewed	astrocyte activation
3202_reviewed	anterior/posterior pattern specification
5015_reviewed	axon guidance
7319_reviewed	chromatin remodeling
7525_reviewed	cell differentiation
10039_reviewed	DNA ADP-ribosylation
3309_reviewed	cellular response to glucose starvation
2697_reviewed	atrial cardiac muscle cell action potential
10469_reviewed	intracellular protein transport
6237_reviewed	face morphogenesis
3727_reviewed	cellular response to calcium ion
152503_reviewed	cytoskeleton organization
4998_reviewed	DNA replication initiation
821_reviewed	clathrin-dependent endocytosis
9695_reviewed	carbohydrate metabolic process
8450_reviewed	astrocyte differentiation
55832_reviewed	cell differentiation
55240_reviewed	apoptotic process
9088_reviewed	G2/M transition of mitotic cell cycle
8852_reviewed	cell surface receptor protein serine/threonine kinase signaling pathway
111_reviewed	adenylate cyclase-activating dopamine receptor signaling pathway
7913_reviewed	chromatin remodeling
2562_reviewed	cellular response to histamine
2002_reviewed	cell differentiation
5337_reviewed	cellular response to nutrient
6242_reviewed	actomyosin contractile ring assembly
4438_reviewed	female gamete generation
4439_reviewed	chiasma assembly
8153_reviewed	actin filament organization
84958_reviewed	exocytosis
94122_reviewed	exocytosis
54843_reviewed	exocytosis
94120_reviewed	exocytosis
5864_reviewed	axonogenesis
6898_reviewed	2-oxoglutarate metabolic process
9203_reviewed	cytoskeleton organization
7750_reviewed	negative regulation of DNA-templated transcription
7764_reviewed	negative regulation of DNA-templated transcription
8544_reviewed	digestion
10987_reviewed	exosomal secretion
5321_reviewed	glycerol metabolic process
1909_reviewed	activation of adenylate cyclase activity
6628_reviewed	7-methylguanosine cap hypermethylation
79084_reviewed	epithelial cell proliferation involved in prostate gland development
9810_reviewed	chromatin organization
2976_reviewed	5S class rRNA transcription by RNA polymerase III
9328_reviewed	5S class rRNA transcription by RNA polymerase III
10623_reviewed	defense response to virus
9329_reviewed	5S class rRNA transcription by RNA polymerase III
4205_reviewed	apoptotic process
4208_reviewed	AMPA selective glutamate receptor signaling pathway
10953_reviewed	protein targeting to mitochondrion
54815_reviewed	chromatin remodeling
57459_reviewed	chromatin remodeling
9569_reviewed	negative regulation of transcription by RNA polymerase II
10933_reviewed	chromatin organization
84148_reviewed	dosage compensation by inactivation of X chromosome
3329_reviewed	'de novo' protein folding
6907_reviewed	negative regulation of transcription by RNA polymerase II
79718_reviewed	blastocyst hatching
604_reviewed	actin cytoskeleton organization
6950_reviewed	binding of sperm to zona pellucida
6670_reviewed	B cell differentiation
3516_reviewed	angiogenesis
9541_reviewed	in utero embryonic development
27044_reviewed	miRNA catabolic process
728642_reviewed	apoptotic process
2895_reviewed	cerebellar granule cell differentiation
392862_reviewed	long-term synaptic depression
81669_reviewed	regulation of apoptotic process
57018_reviewed	regulation of apoptotic process
112755_reviewed	calcium ion-regulated exocytosis of neurotransmitter
653361_reviewed	cellular defense response
6877_reviewed	DNA-templated transcription initiation
29117_reviewed	chromatin remodeling
11100_reviewed	alternative mRNA splicing, via spliceosome
2648_reviewed	cellular response to nerve growth factor stimulus
5981_reviewed	DNA repair
6598_reviewed	blastocyst hatching
6605_reviewed	chromatin remodeling
5926_reviewed	erythrocyte development
8028_reviewed	positive regulation of transcription by RNA polymerase II
4084_reviewed	negative regulation of transcription by RNA polymerase II
1874_reviewed	animal organ morphogenesis
2289_reviewed	negative regulation of phosphatidylinositol 3-kinase/protein kinase B signal transduction
2288_reviewed	androgen receptor signaling pathway
10728_reviewed	chaperone-mediated protein complex assembly
6760_reviewed	cell morphogenesis
57708_reviewed	chromatin remodeling
86_reviewed	blastocyst formation
9031_reviewed	chromatin remodeling
23309_reviewed	negative regulation of cell migration
2122_reviewed	apoptotic process
8462_reviewed	apoptotic process
83855_reviewed	G protein-coupled dopamine receptor signaling pathway
7071_reviewed	bone mineralization
8928_reviewed	aorta morphogenesis
10114_reviewed	apoptotic process
10472_reviewed	negative regulation of DNA-templated transcription
57649_reviewed	negative regulation of DNA-templated transcription
1045_reviewed	animal organ morphogenesis
7067_reviewed	cartilage condensation
1875_reviewed	animal organ morphogenesis
7291_reviewed	aortic valve morphogenesis
3280_reviewed	adenohypophysis development
23411_reviewed	angiogenesis
23493_reviewed	anterior/posterior axis specification
1840_reviewed	cell surface receptor signaling pathway
23741_reviewed	cell differentiation
4194_reviewed	atrial septum development
10661_reviewed	cellular response to endothelin
7343_reviewed	positive regulation of transcription by RNA polymerase I
2972_reviewed	DNA-templated transcription initiation
51177_reviewed	lamellipodium morphogenesis
3181_reviewed	DNA geometric change
6689_reviewed	cell differentiation
2246_reviewed	activation of protein kinase B activity
466_reviewed	cAMP/PKA signal transduction
994_reviewed	cell division
6927_reviewed	D-glucose import
9208_reviewed	negative regulation of transcription by RNA polymerase II
4487_reviewed	activation of meiosis
4255_reviewed	DNA alkylation repair
6778_reviewed	cell surface receptor signaling pathway via JAK-STAT
9325_reviewed	estrogen receptor signaling pathway
4778_reviewed	hemostasis
57332_reviewed	cellular response to hydrogen peroxide
84108_reviewed	chromatin remodeling
9252_reviewed	axon guidance
8986_reviewed	inflammatory response
3660_reviewed	cell population proliferation
3659_reviewed	apoptotic process
51621_reviewed	negative regulation of cell population proliferation
7324_reviewed	ISG15-protein conjugation
7325_reviewed	DNA damage response
10477_reviewed	protein K11-linked ubiquitination
84733_reviewed	cell differentiation
3454_reviewed	cell surface receptor signaling pathway via JAK-STAT
7832_reviewed	anterior/posterior pattern specification
10236_reviewed	mRNA processing
10492_reviewed	cellular response to type II interferon
2521_reviewed	amyloid fibril formation
5465_reviewed	behavioral response to nicotine
53616_reviewed	cell adhesion
9211_reviewed	axon guidance
28954_reviewed	negative regulation of calcium ion transmembrane transport via high voltage-gated calcium channel
5501_reviewed	blastocyst development
29883_reviewed	deadenylation-dependent decapping of nuclear-transcribed mRNA
10140_reviewed	negative regulation of BMP signaling pathway
84687_reviewed	actin filament depolymerization
5395_reviewed	mismatch repair
3195_reviewed	animal organ development
5515_reviewed	intracellular signal transduction
10026_reviewed	attachment of GPI anchor to protein
51604_reviewed	attachment of GPI anchor to protein
41_reviewed	associative learning
7410_reviewed	angiogenesis
10451_reviewed	angiogenesis
3856_reviewed	cell differentiation involved in embryonic placenta development
63928_reviewed	cellular response to calcium ion
6550_reviewed	monoatomic ion transport
11261_reviewed	cellular response to acidic pH
7879_reviewed	bone resorption
1121_reviewed	intracellular protein transport
5163_reviewed	cell population proliferation
10989_reviewed	cristae formation
509_reviewed	ATP biosynthetic process
116985_reviewed	actin filament organization
25975_reviewed	cell adhesion
6456_reviewed	cellular response to brain-derived neurotrophic factor stimulus
80349_reviewed	negative regulation of myeloid cell differentiation
752_reviewed	actin filament severing
3163_reviewed	heme catabolic process
9240_reviewed	inflammatory response to antigenic stimulus
5764_reviewed	bone mineralization
79576_reviewed	granulocyte differentiation
11165_reviewed	adenosine 5'-(hexahydrogen pentaphosphate) catabolic process
6129_reviewed	cytoplasmic translation
10621_reviewed	defense response to virus
8899_reviewed	mRNA cis splicing, via spliceosome
54663_reviewed	blastocyst formation
57622_reviewed	regulation of postsynaptic density assembly
8508_reviewed	mitophagy
51699_reviewed	endocytic recycling
6045_reviewed	anterior/posterior axis specification
6138_reviewed	cytoplasmic translation
10980_reviewed	protein deneddylation
6204_reviewed	cytoplasmic translation
6447_reviewed	intracellular protein transport
8848_reviewed	negative regulation of apoptotic process
10813_reviewed	rRNA processing
57002_reviewed	protein maturation
51726_reviewed	mRNA modification
6128_reviewed	cytoplasmic translation
6191_reviewed	cytoplasmic translation
28985_reviewed	DNA damage response
8562_reviewed	formation of translation preinitiation complex
65080_reviewed	mitochondrial translation
4673_reviewed	DNA replication
1743_reviewed	2-oxoglutarate decarboxylation to succinyl-CoA
10081_reviewed	apoptotic process
55269_reviewed	activation of innate immune response
5968_reviewed	antimicrobial humoral immune response mediated by antimicrobial peptide
5589_reviewed	intracellular signal transduction
6188_reviewed	apoptotic process
10807_reviewed	cell division
6419_reviewed	cell population proliferation
6853_reviewed	chemical synaptic transmission
7083_reviewed	DNA synthesis involved in mitotic DNA replication
2661_reviewed	cell surface receptor protein serine/threonine kinase signaling pathway
5796_reviewed	cell adhesion
7345_reviewed	adult walking behavior
83549_reviewed	CTP salvage
10190_reviewed	microtubule cytoskeleton organization
403_reviewed	cilium assembly
55643_reviewed	neurogenesis
57562_reviewed	cilium assembly
55791_reviewed	dosage compensation by inactivation of X chromosome
23649_reviewed	DNA replication
22955_reviewed	heterochromatin formation
5052_reviewed	canonical NF-kappaB signal transduction
8575_reviewed	antiviral innate immune response
5775_reviewed	protein dephosphorylation
780_reviewed	axon development
51548_reviewed	base-excision repair
84060_reviewed	mRNA processing
7280_reviewed	cerebral cortex development
1891_reviewed	fatty acid beta-oxidation
1400_reviewed	negative regulation of neuron projection development
11316_reviewed	endoplasmic reticulum to Golgi vesicle-mediated transport
1314_reviewed	endoplasmic reticulum to Golgi vesicle-mediated transport
2674_reviewed	cell migration
2668_reviewed	adult locomotory behavior
4902_reviewed	cell surface receptor protein tyrosine kinase signaling pathway
2675_reviewed	cell surface receptor protein tyrosine kinase signaling pathway
1439_reviewed	cell surface receptor signaling pathway via JAK-STAT
1493_reviewed	adaptive immune response
941_reviewed	cell surface receptor signaling pathway
940_reviewed	apoptotic signaling pathway
3077_reviewed	BMP signaling pathway
7037_reviewed	acute-phase response
1088_reviewed	heterophilic cell-cell adhesion via plasma membrane cell adhesion molecules
2744_reviewed	chemical synaptic transmission
3654_reviewed	canonical NF-kappaB signal transduction
7072_reviewed	apoptotic process
10922_reviewed	apoptotic signaling pathway
1410_reviewed	apoptotic process involved in morphogenesis
1431_reviewed	carbohydrate metabolic process
2263_reviewed	angiogenesis
10749_reviewed	anterograde neuronal dense core vesicle transport
3595_reviewed	cell surface receptor signaling pathway
3662_reviewed	chromatin remodeling
3832_reviewed	cell division
2268_reviewed	bone mineralization
10487_reviewed	actin filament organization
5154_reviewed	actin cytoskeleton organization
5155_reviewed	angiogenesis
2057_reviewed	brain development
10335_reviewed	cGMP-mediated signaling
2669_reviewed	cell surface receptor signaling pathway
51291_reviewed	intracellular signal transduction
11184_reviewed	cell population proliferation
10818_reviewed	anterior/posterior axis specification, embryo
6642_reviewed	early endosome to Golgi transport
2149_reviewed	anatomical structure morphogenesis
2355_reviewed	alveolar secondary septum development
9270_reviewed	activation of protein kinase B activity
10602_reviewed	positive regulation of actin filament polymerization
2664_reviewed	negative regulation of axonogenesis
81876_reviewed	autophagosome assembly
2192_reviewed	blood coagulation, fibrin clot formation
7975_reviewed	negative regulation of transcription by RNA polymerase II
4004_reviewed	negative regulation of transcription by RNA polymerase II
29760_reviewed	B cell differentiation
975_reviewed	CD4-positive, alpha-beta T cell costimulation
928_reviewed	cell adhesion
8976_reviewed	actin cytoskeleton organization
3267_reviewed	acrosome assembly
3554_reviewed	cell surface receptor signaling pathway
1006_reviewed	adherens junction organization
4688_reviewed	cellular defense response
1810_reviewed	negative regulation of transcription by RNA polymerase II
114790_reviewed	intracellular protein localization
836_reviewed	anterior neural tube closure
10945_reviewed	protein retention in ER lumen
55738_reviewed	protein transport
8540_reviewed	ether lipid biosynthetic process
8443_reviewed	cerebellum morphogenesis
3082_reviewed	cell chemotaxis
5228_reviewed	cell differentiation
10920_reviewed	activation of NF-kappaB-inducing kinase activity
2873_reviewed	JNK cascade
9318_reviewed	inner cell mass cell proliferation
8533_reviewed	in utero embryonic development
50813_reviewed	COP9 signalosome assembly
64708_reviewed	COP9 signalosome assembly
5791_reviewed	cell surface receptor protein tyrosine phosphatase signaling pathway
3745_reviewed	action potential
925_reviewed	adaptive immune response
9546_reviewed	chemical synaptic transmission
3615_reviewed	'de novo' XMP biosynthetic process
4747_reviewed	anterograde axonal transport
4744_reviewed	axon development
1452_reviewed	cell division
93185_reviewed	cell motility
933_reviewed	B cell activation
273_reviewed	chemical synaptic transmission
8178_reviewed	in utero embryonic development
23450_reviewed	mRNA splicing, via spliceosome
10369_reviewed	eye blink reflex
2893_reviewed	glutamate receptor signaling pathway
2917_reviewed	adenylate cyclase-inhibiting G protein-coupled glutamate receptor signaling pathway
92_reviewed	activin receptor signaling pathway
3624_reviewed	androgen metabolic process
3560_reviewed	cytokine-mediated signaling pathway
1877_reviewed	cell division
9727_reviewed	cell division
9049_reviewed	protein maturation
1479_reviewed	co-transcriptional mRNA 3'-end processing, cleavage and polyadenylation pathway
29894_reviewed	co-transcriptional RNA 3'-end processing, cleavage and polyadenylation pathway
4794_reviewed	D-serine transmembrane transport
7404_reviewed	heart development
56034_reviewed	animal organ morphogenesis
5159_reviewed	angiogenesis
372_reviewed	adult locomotory behavior
4613_reviewed	astrocyte differentiation
4610_reviewed	regulation of inner ear auditory receptor cell differentiation
6777_reviewed	activated T cell proliferation
5795_reviewed	angiogenesis
3827_reviewed	blood coagulation
3818_reviewed	blood coagulation
23495_reviewed	adaptive immune response
64375_reviewed	negative regulation of DNA-templated transcription
64064_reviewed	ketone body catabolic process
1508_reviewed	cellular response to thyroid hormone stimulus
2212_reviewed	antibody-dependent cellular cytotoxicity
9527_reviewed	endoplasmic reticulum to Golgi vesicle-mediated transport
9570_reviewed	intra-Golgi vesicle-mediated transport
6197_reviewed	central nervous system development
28986_reviewed	apoptotic process
2891_reviewed	ionotropic glutamate receptor signaling pathway
6850_reviewed	adaptive immune response
9021_reviewed	branching involved in labyrinthine layer morphogenesis
3837_reviewed	astral microtubule organization
9020_reviewed	cellular response to mechanical stimulus
4684_reviewed	cell adhesion
5681_reviewed	determination of left/right symmetry
10603_reviewed	actin cytoskeleton organization
824_reviewed	behavioral response to pain
3566_reviewed	defense response to protozoan
22920_reviewed	anterograde dendritic transport of neurotransmitter receptor complex
115677_reviewed	endocytosis
1280_reviewed	anterior head development
23643_reviewed	cell surface receptor signaling pathway
3949_reviewed	amyloid-beta clearance
3690_reviewed	angiogenesis involved in wound healing
3685_reviewed	angiogenesis
6773_reviewed	cell surface receptor signaling pathway via JAK-STAT
7465_reviewed	cell division
4313_reviewed	angiogenesis
7077_reviewed	negative regulation of membrane protein ectodomain proteolysis
5611_reviewed	cellular response to cold
3024_reviewed	chromosome condensation
8036_reviewed	cellular response to growth hormone stimulus
22800_reviewed	osteoblast differentiation
10664_reviewed	cardiac muscle cell development
4009_reviewed	axon guidance
2147_reviewed	acute-phase response
2243_reviewed	adaptive immune response
6046_reviewed	chromatin looping
1870_reviewed	intrinsic apoptotic signaling pathway by p53 class mediator
8882_reviewed	apoptotic process involved in development
858_reviewed	basement membrane organization
5336_reviewed	antifungal innate immune response
80351_reviewed	negative regulation of telomere maintenance via telomere lengthening
63941_reviewed	protein metabolic process
23542_reviewed	behavioral fear response
5606_reviewed	cardiac muscle contraction
10938_reviewed	cellular response to nerve growth factor stimulus
5036_reviewed	negative regulation of apoptotic process
3455_reviewed	cell surface receptor signaling pathway
3440_reviewed	adaptive immune response
7162_reviewed	cell adhesion
91419_reviewed	double-strand break repair via nonhomologous end joining
8431_reviewed	animal organ regeneration
6945_reviewed	negative regulation of DNA-templated transcription
22877_reviewed	positive regulation of transcription by RNA polymerase II
5778_reviewed	MAPK cascade
7006_reviewed	adaptive immune response
93_reviewed	activin receptor signaling pathway
91_reviewed	activin receptor signaling pathway
9972_reviewed	amyloid fibril formation
23193_reviewed	carbohydrate metabolic process
4843_reviewed	cell redox homeostasis
4867_reviewed	actin cytoskeleton organization
1997_reviewed	cell differentiation
23236_reviewed	activation of meiosis involved in egg activation
8733_reviewed	attachment of GPI anchor to protein
1618_reviewed	3'-UTR-mediated mRNA stabilization
1617_reviewed	3'-UTR-mediated mRNA stabilization
8767_reviewed	adaptive immune response
9833_reviewed	apoptotic process
155_reviewed	adenylate cyclase-activating adrenergic receptor signaling pathway
1950_reviewed	angiogenesis
4145_reviewed	positive regulation of cell population proliferation
9241_reviewed	atrial cardiac muscle tissue morphogenesis
1020_reviewed	behavioral response to cocaine
9450_reviewed	inflammatory response
4064_reviewed	B cell proliferation
9467_reviewed	intracellular signal transduction
2660_reviewed	cellular response to dexamethasone stimulus
10272_reviewed	cell differentiation
558_reviewed	blood vessel remodeling
23371_reviewed	cellular homeostasis
117178_reviewed	cell adhesion
87_reviewed	actin cytoskeleton organization
1653_reviewed	defense response to virus
26235_reviewed	autophagy of mitochondrion
26234_reviewed	intracellular iron ion homeostasis
2963_reviewed	positive regulation of transcription by RNA polymerase II
4481_reviewed	amyloid-beta clearance
865_reviewed	cell maturation
3784_reviewed	action potential
5195_reviewed	cellular response to reactive oxygen species
5452_reviewed	cellular response to virus
64374_reviewed	cotranslational protein targeting to membrane
4074_reviewed	endosome to lysosome transport
57822_reviewed	central nervous system development
29841_reviewed	desmosome organization
79977_reviewed	anterior neural tube closure
5692_reviewed	negative regulation of inflammatory response to antigenic stimulus
52_reviewed	chemical synaptic transmission
51678_reviewed	protein-containing complex assembly
7087_reviewed	cell adhesion
7150_reviewed	animal organ regeneration
5915_reviewed	apoptotic process
3587_reviewed	cytokine-mediated signaling pathway
259_reviewed	cell adhesion
960_reviewed	cartilage development
811_reviewed	cardiac muscle cell differentiation
2923_reviewed	adaptive immune response
4179_reviewed	adaptive immune response
213_reviewed	bilirubin transport
2217_reviewed	IgG immunoglobulin transcytosis in epithelial cells mediated by FcRn immunoglobulin receptor
23476_reviewed	chromatin remodeling
51191_reviewed	defense response to virus
995_reviewed	cell division
9457_reviewed	positive regulation of transcription by RNA polymerase II
1390_reviewed	cAMP/PKA signal transduction
8754_reviewed	amyloid precursor protein catabolic process
7188_reviewed	apoptotic process
1134_reviewed	acetylcholine receptor signaling pathway
1144_reviewed	acetylcholine receptor signaling pathway
29108_reviewed	activation of innate immune response
4210_reviewed	inflammatory response
11127_reviewed	anterograde axonal transport
3383_reviewed	adhesion of symbiont to host
5536_reviewed	cellular response to cadmium ion
3568_reviewed	cytokine-mediated signaling pathway
4316_reviewed	antibacterial peptide biosynthetic process
2022_reviewed	artery morphogenesis
5429_reviewed	cellular response to UV-C
1490_reviewed	angiogenesis
6498_reviewed	blastocyst formation
23066_reviewed	positive regulation of DNA-templated transcription
4211_reviewed	angiogenesis
652_reviewed	ameloblast differentiation
6688_reviewed	anatomical structure regression
6503_reviewed	regulation of MAPK cascade
5790_reviewed	defense response
5825_reviewed	bile acid and bile salt transport
215_reviewed	alpha-linolenic acid metabolic process
2811_reviewed	blood coagulation
2161_reviewed	blood coagulation
958_reviewed	B cell mediated immunity
154_reviewed	adenylate cyclase-activating adrenergic receptor signaling pathway
6452_reviewed	signal transduction
27040_reviewed	adaptive immune response
6789_reviewed	apoptotic process
5191_reviewed	endochondral ossification
3760_reviewed	membrane repolarization during atrial cardiac muscle cell action potential
3762_reviewed	membrane repolarization during atrial cardiac muscle cell action potential
2322_reviewed	B cell differentiation
493_reviewed	calcium ion export
8829_reviewed	angiogenesis
9113_reviewed	cell division
5786_reviewed	integrin-mediated signaling pathway
8835_reviewed	cell surface receptor signaling pathway via JAK-STAT
7707_reviewed	cellular defense response
284119_reviewed	positive regulation of cell motility
6729_reviewed	exocrine pancreas development
4094_reviewed	in utero embryonic development
170850_reviewed	action potential
3756_reviewed	cellular response to calcium ion
169522_reviewed	action potential
1969_reviewed	activation of GTPase activity
26073_reviewed	DNA repair
1983_reviewed	formation of cytoplasmic translation initiation complex
10456_reviewed	cellular response to cytokine stimulus
51652_reviewed	apoptotic process
3093_reviewed	cellular response to interferon-beta
29974_reviewed	chromosomal 5-methylcytosine DNA demethylation pathway
27030_reviewed	female meiosis I
5378_reviewed	mismatch repair
7818_reviewed	apoptotic mitochondrial changes
9229_reviewed	chemical synaptic transmission
5588_reviewed	axon guidance
381_reviewed	intracellular protein transport
8518_reviewed	regulation of translation
2905_reviewed	brain development
3586_reviewed	B cell differentiation
8570_reviewed	3'-UTR-mediated mRNA destabilization
3187_reviewed	mRNA splicing, via spliceosome
8463_reviewed	cellular response to retinoic acid
5551_reviewed	apoptotic process
1605_reviewed	angiogenesis involved in wound healing
22807_reviewed	positive regulation of transcription by RNA polymerase II
3800_reviewed	anterograde axonal protein transport
64837_reviewed	lysosome localization
5104_reviewed	fusion of sperm to egg plasma membrane involved in single fertilization
23624_reviewed	cell surface receptor signaling pathway
4012_reviewed	antigen processing and presentation of exogenous peptide antigen via MHC class I, TAP-independent
3897_reviewed	axon development
9685_reviewed	clathrin coat assembly
7025_reviewed	cell differentiation
23474_reviewed	glutathione metabolic process
4049_reviewed	apoptotic process
11276_reviewed	endocytosis
5037_reviewed	negative regulation of MAPK cascade
3184_reviewed	3'-UTR-mediated mRNA destabilization
8894_reviewed	cytoplasmic translational initiation
9448_reviewed	intracellular signal transduction
6337_reviewed	cellular response to acidic pH
6338_reviewed	aldosterone metabolic process
56852_reviewed	DNA damage response
7320_reviewed	apoptotic process
9512_reviewed	mitochondrial calcium ion transmembrane transport
51442_reviewed	regulation of DNA-templated transcription
5727_reviewed	animal organ morphogenesis
6608_reviewed	anterior/posterior pattern specification
7078_reviewed	negative regulation of extracellular matrix disassembly
4486_reviewed	cell migration
5801_reviewed	ERBB2 signaling pathway
84867_reviewed	protein dephosphorylation
83593_reviewed	apoptotic process
8877_reviewed	blood vessel development
5880_reviewed	actin filament organization
225_reviewed	alpha-linolenic acid metabolic process
1643_reviewed	cellular response to UV
3481_reviewed	animal organ morphogenesis
3484_reviewed	insulin receptor signaling pathway
5094_reviewed	chromatin looping
81624_reviewed	actin crosslink formation
4925_reviewed	small GTPase-mediated signal transduction
9015_reviewed	transcription by RNA polymerase I
9014_reviewed	DNA-templated transcription
9013_reviewed	transcription by RNA polymerase I
4800_reviewed	positive regulation of DNA-templated transcription
4318_reviewed	apoptotic process
7040_reviewed	adaptive immune response based on somatic recombination of immune receptors built from immunoglobulin superfamily domains
51227_reviewed	GPI anchor biosynthetic process
5277_reviewed	cellular response to leukemia inhibitory factor
9047_reviewed	angiogenesis
5087_reviewed	adrenal gland development
3217_reviewed	anterior/posterior pattern specification
6741_reviewed	histone mRNA metabolic process
4603_reviewed	cell differentiation
5989_reviewed	immune response
9479_reviewed	JNK cascade
7786_reviewed	intracellular signal transduction
161_reviewed	clathrin-dependent endocytosis
7424_reviewed	animal organ morphogenesis
3561_reviewed	CD4-positive, CD25-positive, alpha-beta regulatory T cell differentiation
3562_reviewed	cell surface receptor signaling pathway via STAT
3563_reviewed	cytokine-mediated signaling pathway
3802_reviewed	immune response
3107_reviewed	adaptive immune response
390_reviewed	actin cytoskeleton organization
22895_reviewed	calcium-dependent activation of synaptic vesicle fusion
3175_reviewed	anatomical structure morphogenesis
2444_reviewed	cell differentiation
3301_reviewed	negative regulation of apoptotic process
889_reviewed	angiogenesis
5770_reviewed	cellular response to angiotensin
23673_reviewed	autophagosome assembly
930_reviewed	antigen receptor-mediated signaling pathway
1380_reviewed	B cell activation
2_reviewed	negative regulation of complement activation, lectin pathway
5047_reviewed	apoptotic process
6207_reviewed	cytoplasmic translation
9518_reviewed	cell surface receptor protein serine/threonine kinase signaling pathway
23558_reviewed	cellular response to estrogen stimulus
7163_reviewed	anatomical structure morphogenesis
114569_reviewed	myelination
9844_reviewed	actin cytoskeleton organization
5450_reviewed	cellular response to virus
2909_reviewed	axon guidance
6883_reviewed	DNA-templated transcription initiation
129685_reviewed	cell differentiation
2036_reviewed	actomyosin structure organization
1827_reviewed	calcineurin-NFAT signaling cascade
5530_reviewed	calcineurin-NFAT signaling cascade
7167_reviewed	canonical glycolysis
5345_reviewed	acute-phase response
4281_reviewed	microtubule cytoskeleton organization
11043_reviewed	host-mediated suppression of symbiont invasion
10612_reviewed	nervous system development
85363_reviewed	activation of innate immune response
117854_reviewed	antiviral innate immune response
81603_reviewed	canonical NF-kappaB signal transduction
6737_reviewed	antiviral innate immune response
7706_reviewed	antiviral innate immune response
7726_reviewed	host-mediated suppression of symbiont invasion
1535_reviewed	cellular response to angiotensin
6416_reviewed	cellular response to mechanical stimulus
8740_reviewed	apoptotic process
5360_reviewed	ceramide transport
335_reviewed	acylglycerol homeostasis
2162_reviewed	blood coagulation
2165_reviewed	blood coagulation
15_reviewed	cellular response to cAMP
8471_reviewed	insulin receptor signaling pathway
9188_reviewed	chromatin remodeling
29098_reviewed	endoplasmic reticulum to Golgi vesicle-mediated transport
1104_reviewed	cell division
6786_reviewed	activation of store-operated calcium channel activity
57620_reviewed	activation of store-operated calcium channel activity
7266_reviewed	protein folding
64407_reviewed	G protein-coupled receptor signaling pathway
6461_reviewed	angiogenesis
10681_reviewed	dark adaptation
6000_reviewed	G protein-coupled receptor signaling pathway
5340_reviewed	biological process involved in interaction with symbiont
722_reviewed	complement activation, classical pathway
325_reviewed	acute-phase response
3221_reviewed	anterior/posterior pattern specification
948_reviewed	amyloid fibril formation
9175_reviewed	JNK cascade
10935_reviewed	cell redox homeostasis
4311_reviewed	amygdala development
2892_reviewed	glutamate receptor signaling pathway
23426_reviewed	intracellular signal transduction
5204_reviewed	negative regulation of amyloid fibril formation
9961_reviewed	cell population proliferation
8694_reviewed	diacylglycerol metabolic process
5881_reviewed	actin cytoskeleton organization
10519_reviewed	angiogenesis
4883_reviewed	angiogenesis
4878_reviewed	aortic valve morphogenesis
4882_reviewed	activation of meiosis involved in egg activation
1441_reviewed	amelogenesis
6427_reviewed	mRNA processing
55743_reviewed	cell division
5292_reviewed	apoptotic process
3146_reviewed	adaptive immune response
716_reviewed	complement activation, classical pathway
715_reviewed	complement activation, classical pathway
9232_reviewed	cell division
9588_reviewed	cell redox homeostasis
5318_reviewed	bundle of His cell-Purkinje myocyte adhesion involved in cell communication
54101_unreviewed	protein phosphorylation
1760_reviewed	intracellular calcium ion homeostasis
5449_reviewed	adenohypophysis development
5774_reviewed	MAPK cascade
9228_unreviewed	signaling
7421_reviewed	apoptotic process involved in mammary gland involution
6881_reviewed	allantois development
84612_reviewed	axonogenesis
6001_reviewed	G protein-coupled acetylcholine receptor signaling pathway
3656_reviewed	canonical NF-kappaB signal transduction
2625_reviewed	anatomical structure formation involved in morphogenesis
84126_reviewed	DNA damage checkpoint signaling
23648_reviewed	head morphogenesis
54345_reviewed	angiogenesis
4656_reviewed	cellular response to estradiol stimulus
4617_reviewed	camera-type eye development
5911_reviewed	actin cytoskeleton organization
3673_reviewed	animal organ morphogenesis
4312_reviewed	cellular response to UV-A
6469_reviewed	alpha-beta T cell differentiation
8892_reviewed	central nervous system development
8890_reviewed	cytoplasmic translational initiation
9150_reviewed	cell division
6917_reviewed	erythrocyte differentiation
5053_reviewed	amino acid biosynthetic process
7374_reviewed	base-excision repair
30062_reviewed	camera-type eye development
10096_reviewed	actin polymerization-dependent cell motility
10015_reviewed	actomyosin contractile ring assembly
6675_reviewed	antiviral innate immune response
10988_reviewed	protein processing
10766_reviewed	female gamete generation
901_reviewed	cell division
5527_reviewed	DNA damage response, signal transduction by p53 class mediator
6102_reviewed	cilium assembly
328_reviewed	base-excision repair
5089_reviewed	animal organ morphogenesis
3824_reviewed	adaptive immune response
3821_reviewed	adaptive immune response
3822_reviewed	adaptive immune response
760_reviewed	angiotensin-activated signaling pathway
818_reviewed	cell differentiation
6236_reviewed	small GTPase-mediated signal transduction
50650_reviewed	positive regulation of Rho protein signal transduction
388_reviewed	actin filament organization
56923_reviewed	arachidonate secretion
10874_reviewed	eating behavior
55809_reviewed	cellular response to progesterone stimulus
23299_reviewed	centrosome localization
128_reviewed	fatty acid omega-oxidation
6678_reviewed	negative regulation of angiogenesis
85403_reviewed	regulation of transcription elongation by RNA polymerase II
22936_reviewed	positive regulation of transcription elongation by RNA polymerase II
26993_reviewed	cell cycle G2/M phase transition
754_reviewed	negative regulation of DNA damage response, signal transduction by p53 class mediator
8417_reviewed	intracellular protein transport
571_reviewed	DNA repair
432_reviewed	immune response
29956_reviewed	ceramide biosynthetic process
433_reviewed	cell surface receptor signaling pathway
527_reviewed	endosomal lumen acidification
6580_reviewed	acetylcholine transport
8792_reviewed	adaptive immune response
5586_reviewed	apical junction assembly
5876_reviewed	endoplasmic reticulum to Golgi vesicle-mediated transport
3695_reviewed	cell adhesion
5896_reviewed	adaptive immune response
3836_reviewed	NLS-bearing protein import into nucleus
4802_reviewed	positive regulation of transcription by RNA polymerase II
554_reviewed	activation of adenylate cyclase activity
8851_reviewed	axon guidance
4254_reviewed	cell adhesion
5264_reviewed	2-oxobutyrate catabolic process
118427_reviewed	eye photoreceptor cell development
4653_reviewed	bone development
23291_reviewed	brain morphogenesis
3655_reviewed	cell-cell adhesion
3678_reviewed	angiogenesis
10659_reviewed	mRNA splice site recognition
1514_reviewed	adaptive immune response
6621_reviewed	snRNA transcription by RNA polymerase II
4543_reviewed	adenylate cyclase-inhibiting G protein-coupled receptor signaling pathway
8412_reviewed	endothelin receptor signaling pathway
51274_reviewed	cellular response to endothelin
4811_reviewed	basement membrane organization
8771_reviewed	apoptotic process
8764_reviewed	adaptive immune response
7010_reviewed	angiogenesis
284_reviewed	activation of transmembrane receptor protein tyrosine kinase activity
285_reviewed	angiogenesis
4168_reviewed	cellular response to leukemia inhibitory factor
140901_reviewed	negative regulation of G2/M transition of mitotic cell cycle
5327_reviewed	blood coagulation
5274_reviewed	central nervous system development
2665_reviewed	negative regulation of cilium assembly
1263_reviewed	apoptotic process
3931_reviewed	aflatoxin metabolic process
3676_reviewed	axonogenesis involved in innervation
3858_reviewed	cornification
5743_reviewed	brown fat cell differentiation
5329_reviewed	blood coagulation
5871_reviewed	immune response
80824_reviewed	dephosphorylation
8514_reviewed	regulation of potassium ion transmembrane transport
5523_reviewed	eye photoreceptor cell differentiation
728_reviewed	adenylate cyclase-inhibiting G protein-coupled receptor signaling pathway
1999_reviewed	blastocyst development
83547_reviewed	cilium assembly
7097_reviewed	apoptotic process
22861_reviewed	activation of innate immune response
5520_reviewed	protein dephosphorylation
5519_reviewed	apoptotic process involved in morphogenesis
1719_reviewed	axon regeneration
8038_reviewed	cell adhesion
5293_reviewed	adaptive immune response
26056_reviewed	negative regulation of adiponectin secretion
5771_reviewed	B cell differentiation
3953_reviewed	angiogenesis
5167_reviewed	3'-phosphoadenosine 5'-phosphosulfate metabolic process
8743_reviewed	apoptotic process
2324_reviewed	blood vessel morphogenesis
84570_reviewed	axonogenesis involved in innervation
10527_reviewed	innate immune response
10526_reviewed	protein import into nucleus
83463_reviewed	regulation of transcription by RNA polymerase II
6676_reviewed	cell differentiation
4956_reviewed	cell differentiation
6655_reviewed	B cell homeostasis
23529_reviewed	B cell differentiation
3945_reviewed	lactate metabolic process
3028_reviewed	androgen metabolic process
6299_reviewed	adrenal gland development
3385_reviewed	cell adhesion
9615_reviewed	allantoin metabolic process
116369_reviewed	cell differentiation
7247_reviewed	regulatory ncRNA-mediated post-transcriptional gene silencing
10714_reviewed	DNA biosynthetic process
9100_reviewed	autophagy
10146_reviewed	defense response to virus
3384_reviewed	cell adhesion
6629_reviewed	mRNA splicing, via spliceosome
6627_reviewed	mRNA splicing, via spliceosome
5316_reviewed	angiogenesis
3211_reviewed	anatomical structure formation involved in morphogenesis
2822_reviewed	cell migration involved in sprouting angiogenesis
1946_reviewed	axon guidance
2045_reviewed	axon guidance
57144_reviewed	apoptotic process
9771_reviewed	nervous system development
2261_reviewed	bone maturation
2254_reviewed	activin receptor signaling pathway
2911_reviewed	cellular response to electrical stimulus
6857_reviewed	calcium-dependent activation of synaptic vesicle fusion
56897_reviewed	DNA synthesis involved in DNA repair
1975_reviewed	eukaryotic translation initiation factor 4F complex assembly
1297_reviewed	animal organ morphogenesis
10959_reviewed	allantois development
8548_reviewed	Golgi organization
64689_reviewed	establishment of protein localization to plasma membrane
23423_reviewed	endoplasmic reticulum to Golgi vesicle-mediated transport
7039_reviewed	angiogenesis
142679_reviewed	negative regulation of JNK cascade
9939_reviewed	mRNA export from nucleus
3604_reviewed	apoptotic process
997_reviewed	cellular response to interferon-beta
29882_reviewed	anaphase-promoting complex-dependent catabolic process
11065_reviewed	anaphase-promoting complex-dependent catabolic process
55140_reviewed	central nervous system development
55250_reviewed	regulation of receptor signaling pathway via JAK-STAT
26610_reviewed	regulation of transcription by RNA polymerase II
50807_reviewed	cilium assembly
6668_reviewed	immune response
6671_reviewed	regulation of transcription by RNA polymerase II
2078_reviewed	cell differentiation
276_reviewed	carbohydrate metabolic process
1154_reviewed	cytokine-mediated signaling pathway
2812_reviewed	blood coagulation, intrinsic pathway
9973_reviewed	cellular response to oxidative stress
8797_reviewed	activation of NF-kappaB-inducing kinase activity
7581_reviewed	regulation of DNA-templated transcription
26259_reviewed	cell population proliferation
2901_reviewed	excitatory postsynaptic potential
2131_reviewed	antigen processing and presentation
2132_reviewed	cellular response to fibroblast growth factor stimulus
8569_reviewed	intracellular signal transduction
83394_reviewed	phosphatidylinositol biosynthetic process
9600_reviewed	brain development
57605_reviewed	phosphatidylinositol biosynthetic process
23764_reviewed	in utero embryonic development
4352_reviewed	basophil homeostasis
11273_reviewed	mRNA metabolic process
5624_reviewed	blood coagulation
139716_reviewed	macrophage differentiation
6617_reviewed	snRNA transcription by RNA polymerase II
5514_reviewed	negative regulation of cardiac muscle cell apoptotic process
23076_reviewed	apoptotic process
636_reviewed	anatomical structure morphogenesis
900_reviewed	cell division
25803_reviewed	cell differentiation
4824_reviewed	androgen receptor signaling pathway
51655_reviewed	G protein-coupled receptor signaling pathway
9722_reviewed	nitric oxide biosynthetic process
54926_reviewed	protein K48-linked ubiquitination
5998_reviewed	G protein-coupled receptor signaling pathway
2767_reviewed	action potential
7293_reviewed	immune response
8935_reviewed	B cell activation
6532_reviewed	amino acid transport
3903_reviewed	adaptive immune response
6631_reviewed	mRNA 5'-splice site recognition
916_reviewed	adaptive immune response
859_reviewed	actin filament organization
8480_reviewed	cell division
10124_reviewed	brown fat cell differentiation
55840_reviewed	apoptotic process
51100_reviewed	'de novo' post-translational protein folding
397_reviewed	cellular response to redox state
8187_reviewed	negative regulation of transcription by RNA polymerase II
2139_reviewed	cell differentiation
51804_reviewed	anatomical structure morphogenesis
84675_reviewed	defense response to virus
10691_reviewed	negative regulation of apoptotic process
84676_reviewed	innate immune response
10062_reviewed	apoptotic cell clearance
2494_reviewed	acinar cell differentiation
1821_reviewed	central nervous system development
57716_reviewed	axon ensheathment
7248_reviewed	activation of GTPase activity
79109_reviewed	cellular response to insulin stimulus
96459_reviewed	B cell apoptotic process
5562_reviewed	autophagy
6009_reviewed	cellular response to nutrient levels
6194_reviewed	cellular response to ethanol
57521_reviewed	cellular response to amino acid stimulus
80347_reviewed	coenzyme A biosynthetic process
84271_reviewed	poly(A)+ mRNA export from nucleus
201163_reviewed	cell proliferation involved in kidney development
6529_reviewed	amino acid transport
2688_reviewed	animal organ development
11016_reviewed	negative regulation of transcription by RNA polymerase II
25970_reviewed	cell motility
4082_reviewed	actin crosslink formation
3625_reviewed	activin receptor signaling pathway
119_reviewed	actin cytoskeleton organization
58529_reviewed	myofibril assembly
3683_reviewed	cell adhesion
85439_reviewed	clathrin-dependent endocytosis
127833_reviewed	calcium-dependent activation of synaptic vesicle fusion
84287_reviewed	apoptotic process
3458_reviewed	adaptive immune response
3459_reviewed	astrocyte activation
261734_reviewed	actin cytoskeleton organization
646_reviewed	cell differentiation
2072_reviewed	cellular response to UV
5577_reviewed	adenylate cyclase-activating G protein-coupled receptor signaling pathway
3763_reviewed	potassium ion import across plasma membrane
3765_reviewed	potassium ion import across plasma membrane
5458_reviewed	axon extension
10226_reviewed	cellular response to glucose starvation
1746_reviewed	brain development
4488_reviewed	activation of meiosis
58533_reviewed	cellular response to amyloid-beta
4077_reviewed	macroautophagy
9314_reviewed	canonical Wnt signaling pathway
7538_reviewed	3'-UTR-mediated mRNA destabilization
6618_reviewed	snRNA transcription
57109_reviewed	DNA catabolic process
29941_reviewed	epithelial cell migration
79658_reviewed	cytoskeleton organization
23092_reviewed	actin cytoskeleton organization
8433_reviewed	male gonad development
2074_reviewed	positive regulation of defense response to virus by host
27343_reviewed	base-excision repair, gap-filling
8871_reviewed	membrane organization
5738_reviewed	lipid droplet organization
3196_reviewed	animal organ development
23568_reviewed	maintenance of protein location in nucleus
81493_reviewed	intermediate filament-based process
1674_reviewed	cytoskeleton organization
1612_reviewed	apoptotic process
1408_reviewed	blue light signaling pathway
81858_reviewed	apoptotic nuclear changes
1069_reviewed	cell division
57610_reviewed	cytoskeleton organization
91010_reviewed	actin cytoskeleton organization
4204_reviewed	adult locomotory behavior
967_reviewed	cell migration
10051_reviewed	cell division
93643_reviewed	Golgi organization
3848_reviewed	complement activation, lectin pathway
22_reviewed	intracellular iron ion homeostasis
2235_reviewed	cellular response to dexamethasone stimulus
7056_reviewed	blood coagulation
9918_reviewed	cell division
51606_reviewed	endocytosis
529_reviewed	proton transmembrane transport
54910_reviewed	axon guidance
9218_reviewed	ceramide transport
5797_reviewed	homophilic cell adhesion via plasma membrane adhesion molecules
51701_reviewed	cellular response to osmotic stress
6924_reviewed	regulation of transcription by RNA polymerase II
8550_reviewed	cellular senescence
1308_reviewed	cell-matrix adhesion
915_reviewed	adaptive immune response
55114_reviewed	negative regulation of small GTPase mediated signal transduction
23191_reviewed	axon extension
654_reviewed	BMP signaling pathway
260425_reviewed	apoptotic process
291_reviewed	adaptive thermogenesis
3092_reviewed	actin filament organization
9026_reviewed	actin filament organization
4987_reviewed	adenylate cyclase-inhibiting G protein-coupled receptor signaling pathway
5368_reviewed	chemical synaptic transmission
378_reviewed	apical protein localization
3148_reviewed	cell chemotaxis
10276_reviewed	cellular response to hydrogen peroxide
153090_reviewed	angiogenesis
8507_reviewed	negative regulation of translation
4915_reviewed	brain-derived neurotrophic factor receptor signaling pathway
942_reviewed	adaptive immune response
10159_reviewed	angiotensin maturation
5972_reviewed	amyloid-beta metabolic process
8490_reviewed	G protein-coupled receptor signaling pathway
429_reviewed	adrenal chromaffin cell differentiation
4935_reviewed	eye pigment biosynthetic process
8801_reviewed	succinate metabolic process
1122_reviewed	intracellular protein transport
6892_reviewed	antigen processing and presentation of endogenous peptide antigen via MHC class I
50649_reviewed	filopodium assembly
5144_reviewed	adrenergic receptor signaling pathway
7439_reviewed	chloride transmembrane transport
2042_reviewed	axon guidance
1948_reviewed	adherens junction organization
8022_reviewed	animal organ morphogenesis
7412_reviewed	amine metabolic process
9185_reviewed	endocytosis
6736_reviewed	cell differentiation
51466_reviewed	actin filament organization
56915_reviewed	defense response to virus
2938_reviewed	epithelial cell differentiation
8870_reviewed	anatomical structure morphogenesis
9603_reviewed	integrated stress response signaling
4055_reviewed	apoptotic process
947_reviewed	cell motility
10484_reviewed	COPII-coated vesicle cargo loading
10427_reviewed	aorta morphogenesis
2539_reviewed	cellular response to oxidative stress
9066_reviewed	calcium ion regulated lysosome exocytosis
90019_reviewed	acrosome reaction
4306_reviewed	nuclear receptor-mediated steroid hormone signaling pathway
94005_reviewed	attachment of GPI anchor to protein
7057_reviewed	apoptotic process
5874_reviewed	anterograde axonal protein transport
1501_reviewed	cell adhesion
10772_reviewed	cytosolic transport
23678_reviewed	intracellular signal transduction
5175_reviewed	angiogenesis
3804_reviewed	immune response
55806_reviewed	regulation of transcription by RNA polymerase II
2101_reviewed	positive regulation of transcription by RNA polymerase II
57491_reviewed	regulation of transcription by RNA polymerase II
85021_reviewed	endocytosis
5885_reviewed	apoptotic process
2138_reviewed	anatomical structure morphogenesis
5723_reviewed	in utero embryonic development
1009_reviewed	adherens junction organization
949_reviewed	adhesion of symbiont to host
55824_reviewed	adaptive immune response
23604_reviewed	anoikis
3577_reviewed	calcium-mediated signaling
6672_reviewed	DNA damage response, signal transduction by p53 class mediator
1843_reviewed	cellular response to chemokine
4898_reviewed	negative regulation of cold-induced thermogenesis
5962_reviewed	apical protein localization
1448_reviewed	lactation
55024_reviewed	B cell activation
25988_reviewed	cell cycle G1/S phase transition
25998_reviewed	negative regulation of protein phosphorylation
2035_reviewed	actin cytoskeleton organization
114907_reviewed	cellular response to dexamethasone stimulus
2104_reviewed	positive regulation of cold-induced thermogenesis
6504_reviewed	adaptive immune response
3394_reviewed	autophagy
8625_reviewed	positive regulation of MHC class II biosynthetic process
3680_reviewed	cell adhesion
80174_reviewed	positive regulation of cell population proliferation
27336_reviewed	double-strand break repair via homologous recombination
8175_reviewed	mRNA 3'-splice site recognition
2580_reviewed	clathrin coat assembly
1392_reviewed	adrenal gland development
1394_reviewed	activation of adenylate cyclase activity
2290_reviewed	axon midline choice point recognition
8799_reviewed	peroxisome fission
10478_reviewed	ATP transport
9586_reviewed	positive regulation of DNA-templated transcription
1195_reviewed	regulation of RNA splicing
9064_reviewed	JNK cascade
56001_reviewed	mRNA export from nucleus
26232_reviewed	ERAD pathway
197_reviewed	acute-phase response
10392_reviewed	apoptotic process
7301_reviewed	apoptotic cell clearance
4323_reviewed	angiogenesis
846_reviewed	adenylate cyclase-inhibiting G protein-coupled receptor signaling pathway
5324_reviewed	gland morphogenesis
114609_reviewed	3'-UTR-mediated mRNA stabilization
6505_reviewed	adult behavior
10550_reviewed	cellular response to oxidative stress
9459_reviewed	apoptotic process
10605_reviewed	CRD-mediated mRNA stabilization
3581_reviewed	immunoglobulin mediated immune response
3658_reviewed	erythrocyte homeostasis
5524_reviewed	mitotic spindle organization
9499_reviewed	homophilic cell adhesion via plasma membrane adhesion molecules
8784_reviewed	apoptotic process
3087_reviewed	anterior/posterior pattern specification
2043_reviewed	adherens junction organization
1949_reviewed	adult walking behavior
2735_reviewed	cerebellar cortex morphogenesis
309_reviewed	apoptotic signaling pathway
965_reviewed	cell-cell adhesion
79444_reviewed	apoptotic process
55437_reviewed	activation of protein kinase activity
55003_reviewed	cell population proliferation
945_reviewed	cell adhesion
5621_reviewed	cellular response to amyloid-beta
10379_reviewed	cell surface receptor signaling pathway
7080_reviewed	anatomical structure formation involved in morphogenesis
4618_reviewed	muscle cell fate commitment
2902_reviewed	brain development
10045_reviewed	JNK cascade
8555_reviewed	cilium assembly
7852_reviewed	adenylate cyclase-inhibiting G protein-coupled receptor signaling pathway
5603_reviewed	cellular response to anisomycin
2258_reviewed	branching morphogenesis of a nerve
147700_reviewed	axo-dendritic transport
54700_reviewed	cytoplasm organization
3206_reviewed	anterior/posterior pattern specification
7257_reviewed	cell differentiation
239_reviewed	arachidonate metabolic process
3852_reviewed	epidermis development
4298_reviewed	positive regulation of DNA-templated transcription
25945_reviewed	cochlea morphogenesis
1161_reviewed	DNA damage response
3487_reviewed	MAPK cascade
11129_reviewed	mRNA processing
57396_reviewed	regulation of RNA splicing
7423_reviewed	cardiac muscle contraction
4988_reviewed	adenylate cyclase-inhibiting G protein-coupled acetylcholine receptor signaling pathway
2621_reviewed	activation of protein kinase B activity
5582_reviewed	chemical synaptic transmission
10274_reviewed	cell division
10735_reviewed	cell division
984_reviewed	apoptotic process
3428_reviewed	activation of innate immune response
2049_reviewed	angiogenesis
3224_reviewed	anterior/posterior pattern specification
11346_reviewed	positive regulation of actin filament bundle assembly
9785_reviewed	mRNA splicing, via spliceosome
10576_reviewed	binding of sperm to zona pellucida
7203_reviewed	binding of sperm to zona pellucida
908_reviewed	positive regulation of establishment of protein localization to telomere
10575_reviewed	binding of sperm to zona pellucida
3476_reviewed	B cell activation
10574_reviewed	binding of sperm to zona pellucida
57718_reviewed	blastocyst hatching
55917_reviewed	negative regulation of transmembrane transport
51765_reviewed	apoptotic process
80143_reviewed	negative regulation of hippo signaling
26127_reviewed	response to wounding
55844_reviewed	cell division
51400_reviewed	G2/M transition of mitotic cell cycle
5529_reviewed	signal transduction
10694_reviewed	binding of sperm to zona pellucida
5525_reviewed	negative regulation of protein localization to plasma membrane
11116_reviewed	cell projection organization
5526_reviewed	cellular response to growth factor stimulus
57464_reviewed	cell migration
80342_reviewed	antiviral innate immune response
5537_reviewed	COPII vesicle coating
51341_reviewed	B cell differentiation
1264_reviewed	actin filament organization
2257_reviewed	adult locomotory behavior
2209_reviewed	antibody-dependent cellular cytotoxicity
2204_reviewed	cellular response to granulocyte macrophage colony-stimulating factor stimulus
81928_reviewed	cell division
1641_reviewed	axoneme assembly
6442_reviewed	muscle contraction
633_reviewed	articular cartilage development
143187_reviewed	autophagy
79833_reviewed	mRNA splicing, via spliceosome
8487_reviewed	mRNA processing
3777_reviewed	cellular response to acidic pH
134728_reviewed	immune response
1982_reviewed	cell death
1947_reviewed	axon guidance
4050_reviewed	cell surface receptor signaling pathway
7462_reviewed	adaptive immune response
5897_reviewed	B cell differentiation
5917_reviewed	arginyl-tRNA aminoacylation
5859_reviewed	brain development
255743_reviewed	branching involved in ureteric bud morphogenesis
8516_reviewed	cell projection organization
25792_reviewed	maintenance of protein location in nucleus
51573_reviewed	ethanolamine metabolic process
7016_reviewed	actin cytoskeleton organization
7169_reviewed	actin filament organization
839_reviewed	activation of innate immune response
7079_reviewed	negative regulation of membrane protein ectodomain proteolysis
399_reviewed	actin filament organization
64332_reviewed	B cell proliferation
5063_reviewed	axonogenesis
27301_reviewed	base-excision repair
5165_reviewed	cellular response to fatty acid
26469_reviewed	blastocyst formation
22974_reviewed	activation of protein kinase activity
762_reviewed	bicarbonate transport
7827_reviewed	actin cytoskeleton organization
2861_reviewed	adenylate cyclase-inhibiting G protein-coupled receptor signaling pathway
7326_reviewed	proteasome-mediated ubiquitin-dependent protein catabolic process
51465_reviewed	ERAD pathway
57045_reviewed	BMP signaling pathway
6928_reviewed	anterior/posterior pattern specification
1845_reviewed	cellular response to epidermal growth factor stimulus
9522_reviewed	endocytosis
9093_reviewed	activation-induced cell death of T cells
94_reviewed	angiogenesis
11178_reviewed	negative regulation of macroautophagy
3842_reviewed	protein import into nucleus
25897_reviewed	microtubule cytoskeleton organization
54763_reviewed	cilium organization
627_reviewed	axon guidance
9169_reviewed	mRNA processing
7018_reviewed	antibacterial humoral response
6249_reviewed	cytoplasmic microtubule organization
9595_reviewed	regulation of cell adhesion
2740_reviewed	activation of adenylate cyclase activity
2641_reviewed	adenylate cyclase-activating G protein-coupled receptor signaling pathway
4901_reviewed	positive regulation of gene expression
84922_reviewed	positive regulation of transcription by RNA polymerase II
57510_reviewed	miRNA metabolic process
29843_reviewed	negative regulation of proteasomal ubiquitin-dependent protein catabolic process
11128_reviewed	defense response to virus
4899_reviewed	positive regulation of transcription by RNA polymerase II
2635_reviewed	cellular response to interleukin-1
7490_reviewed	adrenal cortex formation
9589_reviewed	mRNA modification
59343_reviewed	fat cell differentiation
60401_reviewed	cytokine-mediated signaling pathway
10636_reviewed	cell division
6002_reviewed	G protein-coupled receptor signaling pathway
29775_reviewed	activation of NF-kappaB-inducing kinase activity
354_reviewed	negative regulation of angiogenesis
29992_reviewed	signal transduction
11183_reviewed	intracellular signal transduction
79850_reviewed	lipid homeostasis
6520_reviewed	amino acid transport
6659_reviewed	ascending aorta morphogenesis
929_reviewed	apoptotic process
3929_reviewed	acute-phase response
4155_reviewed	axon ensheathment
5354_reviewed	astrocyte development
5376_reviewed	apoptotic process
4359_reviewed	cell aggregation
217_reviewed	alcohol metabolic process
100506742_reviewed	positive regulation of inflammatory response
4761_reviewed	associative learning
10365_reviewed	cell morphogenesis
3488_reviewed	cell population proliferation
8048_reviewed	cardiac muscle contraction
5127_reviewed	exocytosis
9091_reviewed	carbohydrate metabolic process
5283_reviewed	GPI anchor biosynthetic process
5279_reviewed	GPI anchor biosynthetic process
5634_reviewed	5-phosphoribose 1-diphosphate biosynthetic process
6854_reviewed	calcium-ion regulated exocytosis
6873_reviewed	G2/M transition of mitotic cell cycle
22926_reviewed	ATF6-mediated unfolded protein response
6300_reviewed	intracellular signal transduction
4909_reviewed	adult locomotory behavior
4779_reviewed	anatomical structure morphogenesis
4097_reviewed	adult behavior
8324_reviewed	canonical Wnt signaling pathway
53339_reviewed	muscle organ development
6890_reviewed	adaptive immune response
943_reviewed	cellular response to mechanical stimulus
6496_reviewed	apoptotic process involved in development
4990_reviewed	animal organ morphogenesis
4781_reviewed	anterior commissure morphogenesis
4782_reviewed	DNA replication
4784_reviewed	DNA replication
9908_reviewed	innate immune response
840_reviewed	apoptotic process
1879_reviewed	regulation of transcription by RNA polymerase II
55081_reviewed	apoptotic process
55823_reviewed	autophagy
57617_reviewed	autophagy
64601_reviewed	autophagosome maturation
65082_reviewed	autophagosome maturation
5509_reviewed	glycogen metabolic process
27085_reviewed	negative regulation of cell population proliferation
9180_reviewed	cytokine-mediated signaling pathway
6134_reviewed	cytoplasmic translation
10345_reviewed	cytoplasmic microtubule organization
845_reviewed	cardiac muscle contraction
11124_reviewed	apoptotic process
4342_reviewed	chromatin organization
7593_reviewed	negative regulation of transcription by RNA polymerase II
22822_reviewed	apoptotic process
9045_reviewed	cytoplasmic translation
8761_reviewed	blood coagulation
2248_reviewed	anatomical structure morphogenesis
4772_reviewed	aortic valve morphogenesis
9693_reviewed	adenylate cyclase-activating adrenergic receptor signaling pathway
64170_reviewed	antifungal innate immune response
7545_reviewed	adult walking behavior
27148_reviewed	axoneme assembly
84174_reviewed	antigen receptor-mediated signaling pathway
84433_reviewed	B cell differentiation
79092_reviewed	activation of NF-kappaB-inducing kinase activity
1609_reviewed	glycerolipid metabolic process
5007_reviewed	bile acid biosynthetic process
5076_reviewed	axonogenesis
22976_reviewed	adipose tissue development
5075_reviewed	embryo development ending in birth or egg hatching
4222_reviewed	hematopoietic stem cell differentiation
4223_reviewed	angiogenesis
7849_reviewed	anatomical structure morphogenesis
1182_reviewed	adult locomotory behavior
1820_reviewed	positive regulation of transcription by RNA polymerase II
7026_reviewed	anterior/posterior pattern specification
2063_reviewed	cell differentiation
6531_reviewed	adenohypophysis development
4905_reviewed	exocytosis
5745_reviewed	adenylate cyclase-activating G protein-coupled receptor signaling pathway
5744_reviewed	adenylate cyclase-activating G protein-coupled cAMP receptor signaling pathway
6891_reviewed	antigen processing and presentation of endogenous peptide antigen via MHC class I
5066_reviewed	peptide amidation
9182_reviewed	endosomal transport
10376_reviewed	cell division
924_reviewed	adaptive immune response
5291_reviewed	angiogenesis involved in wound healing
162989_reviewed	apoptotic nuclear changes
9191_reviewed	decidualization
3661_reviewed	antiviral innate immune response
3665_reviewed	cytoplasmic pattern recognition receptor signaling pathway
83439_reviewed	canonical Wnt signaling pathway
11193_reviewed	mRNA cis splicing, via spliceosome
170482_reviewed	adaptive immune response
10622_reviewed	cell population proliferation
4090_reviewed	anatomical structure morphogenesis
864_reviewed	chondrocyte differentiation
23327_reviewed	monoatomic ion transmembrane transport
5331_reviewed	G protein-coupled receptor signaling pathway
2561_reviewed	cellular response to histamine
2005_reviewed	cell differentiation
7867_reviewed	intracellular signal transduction
226_reviewed	actin filament organization
1846_reviewed	dephosphorylation
6506_reviewed	adult behavior
361_reviewed	cellular response to type II interferon
7165_reviewed	carbohydrate metabolic process
7164_reviewed	G2/M transition of mitotic cell cycle
9709_reviewed	endoplasmic reticulum calcium ion homeostasis
54434_reviewed	actin cytoskeleton organization
30835_reviewed	adaptive immune response
5425_reviewed	DNA biosynthetic process
334_reviewed	axonogenesis
10307_reviewed	positive regulation of protein secretion
5686_reviewed	proteasome-mediated ubiquitin-dependent protein catabolic process
5691_reviewed	proteasome-mediated ubiquitin-dependent protein catabolic process
5685_reviewed	proteasome-mediated ubiquitin-dependent protein catabolic process
9019_reviewed	cell surface receptor protein tyrosine kinase signaling pathway
89876_reviewed	axonemal central apparatus assembly
2252_reviewed	actin cytoskeleton organization
2255_reviewed	actin cytoskeleton organization
4595_reviewed	base-excision repair
53335_reviewed	cellular response to L-glutamate
64919_reviewed	alpha-beta T cell differentiation
55157_reviewed	aspartyl-tRNA aminoacylation
9255_reviewed	angiogenesis
64499_reviewed	proteolysis
410_reviewed	lipid metabolic process
30845_reviewed	cilium assembly
553115_reviewed	COPII vesicle coating
2984_reviewed	cGMP biosynthetic process
79849_reviewed	monoatomic ion transport
22841_reviewed	establishment of cell polarity
81786_reviewed	antiviral innate immune response
23533_reviewed	G protein-coupled receptor signaling pathway
6430_reviewed	cellular response to insulin stimulus
1409_reviewed	actin filament organization
1415_reviewed	lens development in camera-type eye
1420_reviewed	lens development in camera-type eye
26225_reviewed	intracellular protein transport
23022_reviewed	actin cytoskeleton organization
3275_reviewed	chromatin remodeling
23339_reviewed	autophagosome-lysosome fusion
115352_reviewed	cell surface receptor signaling pathway
1848_reviewed	cell differentiation
10611_reviewed	actin cytoskeleton organization
85415_reviewed	glomerular filtration
26297_reviewed	negative regulation of protein secretion
50805_reviewed	cell development
57159_reviewed	cell differentiation
58528_reviewed	cellular response to amino acid stimulus
10325_reviewed	cellular response to amino acid starvation
23185_reviewed	positive regulation of 3'-UTR-mediated mRNA stabilization
26528_reviewed	cell differentiation
10000_reviewed	brain morphogenesis
590_reviewed	acetylcholine catabolic process
8292_reviewed	acetylcholine catabolic process in synaptic cleft
27131_reviewed	epidermal growth factor catabolic process
311_reviewed	cytokinetic process
1822_reviewed	cell killing
9568_reviewed	adenylate cyclase-inhibiting G protein-coupled receptor signaling pathway
84552_reviewed	cell division
26271_reviewed	cell division
240_reviewed	arachidonate metabolic process
83548_reviewed	endoplasmic reticulum to Golgi vesicle-mediated transport
84342_reviewed	Golgi organization
57511_reviewed	Golgi organization
128178_reviewed	cell differentiation
30001_reviewed	brown fat cell differentiation
23071_reviewed	cell redox homeostasis
56605_reviewed	cell redox homeostasis
64422_reviewed	autophagosome assembly
10533_reviewed	autophagosome assembly
30837_reviewed	insulin receptor signaling pathway
7275_reviewed	intraciliary transport
10750_reviewed	cell-cell signaling
10040_reviewed	activation of protein kinase activity
85365_reviewed	dolichol-linked oligosaccharide biosynthetic process
310_reviewed	autophagy
9344_reviewed	actin cytoskeleton organization
92799_reviewed	positive regulation of epidermal growth factor receptor signaling pathway
682_reviewed	angiogenesis
6566_reviewed	behavioral response to nutrient
3185_reviewed	mRNA splicing, via spliceosome
51592_reviewed	negative regulation of BMP signaling pathway
25825_reviewed	amyloid-beta metabolic process
5160_reviewed	glucose metabolic process
5161_reviewed	glucose metabolic process
64145_reviewed	early endosome to Golgi transport
11311_reviewed	intracellular protein transport
10112_reviewed	microtubule bundle formation
54453_reviewed	endocytosis
8547_reviewed	cell surface pattern recognition receptor signaling pathway
3985_reviewed	actin cytoskeleton organization
5330_reviewed	cell chemotaxis
25793_reviewed	autophagy of mitochondrion
26190_reviewed	protein modification process
26224_reviewed	entrainment of circadian clock by photoperiod
93611_reviewed	ERAD pathway
10273_reviewed	cellular response to heat
80230_reviewed	early endosome to Golgi transport
2888_reviewed	insulin receptor signaling pathway
3736_reviewed	action potential
2870_reviewed	G protein-coupled receptor signaling pathway
84893_reviewed	DNA catabolic process
8941_reviewed	axon guidance
6513_reviewed	cellular hyperosmotic response
5424_reviewed	base-excision repair, gap-filling
3978_reviewed	anatomical structure morphogenesis
4862_reviewed	central nervous system development
10801_reviewed	actin cytoskeleton organization
23308_reviewed	adaptive immune response
29851_reviewed	cell-cell adhesion
5612_reviewed	negative regulation of cell population proliferation
9970_reviewed	cell differentiation
84106_reviewed	integrin-mediated signaling pathway
3757_reviewed	cardiac muscle contraction
23350_reviewed	RNA processing
1665_reviewed	antiviral innate immune response
10523_reviewed	intracellular calcium ion homeostasis
9879_reviewed	mRNA splicing, via spliceosome
11325_reviewed	intracellular protein localization
11004_reviewed	attachment of mitotic spindle microtubules to kinetochore
10250_reviewed	mRNA splicing, via spliceosome
6746_reviewed	cotranslational protein targeting to membrane
6734_reviewed	cotranslational protein targeting to membrane
5617_reviewed	cell surface receptor signaling pathway
5479_reviewed	bone development
833_reviewed	cysteinyl-tRNA aminoacylation
50616_reviewed	acute-phase response
58985_reviewed	cytokine-mediated signaling pathway
6693_reviewed	apoptotic signaling pathway
10332_reviewed	adaptive immune response
8936_reviewed	actin cytoskeleton organization
10163_reviewed	actin cytoskeleton organization
64946_reviewed	chromosome segregation
6755_reviewed	cellular response to glucocorticoid stimulus
8741_reviewed	immune response
10316_reviewed	calcium-mediated signaling
5447_reviewed	carnitine metabolic process
1557_reviewed	epoxygenase P450 pathway
1559_reviewed	cholesterol metabolic process
1544_reviewed	aflatoxin metabolic process
1008_reviewed	adherens junction organization
8528_reviewed	aspartate metabolic process
1823_reviewed	cell-cell adhesion
10231_reviewed	calcineurin-NFAT signaling cascade
23770_reviewed	apoptotic process
1728_reviewed	cell redox homeostasis
4967_reviewed	2-oxoglutarate decarboxylation to succinyl-CoA
1738_reviewed	2-oxoglutarate decarboxylation to succinyl-CoA
2034_reviewed	angiogenesis
6159_reviewed	cytoplasmic translation
22919_reviewed	attachment of mitotic spindle microtubules to kinetochore
5308_reviewed	anatomical structure morphogenesis
661_reviewed	defense response to virus
55703_reviewed	defense response to virus
55718_reviewed	defense response to virus
171568_reviewed	defense response to virus
6997_reviewed	anterior/posterior axis specification, embryo
6915_reviewed	adenylate cyclase-activating G protein-coupled receptor signaling pathway
85406_reviewed	protein transport
1812_reviewed	adenylate cyclase-activating adrenergic receptor signaling pathway
81848_reviewed	animal organ development
2566_reviewed	adult behavior
1816_reviewed	adenylate cyclase-activating adrenergic receptor signaling pathway
10486_reviewed	actin filament organization
4664_reviewed	endochondral ossification
3958_reviewed	eosinophil chemotaxis
2006_reviewed	animal organ morphogenesis
55835_reviewed	astral microtubule nucleation
51520_reviewed	cellular response to amino acid starvation
3035_reviewed	histidyl-tRNA aminoacylation
2264_reviewed	cell migration
11168_reviewed	chromatin remodeling
51561_reviewed	cell surface receptor signaling pathway via JAK-STAT
3593_reviewed	cell migration
1316_reviewed	B cell differentiation
2551_reviewed	blastocyst formation
6935_reviewed	cartilage development
1052_reviewed	fat cell differentiation
11260_reviewed	intracellular protein transport
53358_reviewed	cell surface receptor protein tyrosine kinase signaling pathway
3670_reviewed	atrial septum morphogenesis
2056_reviewed	acute-phase response
3843_reviewed	cellular response to amino acid stimulus
4146_reviewed	extracellular matrix organization
8785_reviewed	extracellular matrix organization
135112_reviewed	negative regulation of cellular response to oxidative stress
5813_reviewed	dendritic transport of messenger ribonucleoprotein complex
3192_reviewed	adaptive thermogenesis
689_reviewed	in utero embryonic development
9332_reviewed	acute-phase response
7306_reviewed	acetoacetic acid metabolic process
4913_reviewed	base-excision repair, AP site formation
2073_reviewed	base-excision repair, AP site formation
11227_reviewed	glycosaminoglycan biosynthetic process
29119_reviewed	bundle of His cell-Purkinje myocyte adhesion involved in cell communication
8313_reviewed	aortic valve morphogenesis
10076_reviewed	animal organ regeneration
2266_reviewed	blood coagulation, fibrin clot formation
9542_reviewed	animal organ development
9392_reviewed	autophagy
7052_reviewed	proteolysis
7139_reviewed	cardiac muscle contraction
7135_reviewed	cardiac muscle contraction
26354_reviewed	positive regulation of miRNA transcription
8396_reviewed	1-phosphatidyl-1D-myo-inositol 4,5-bisphosphate biosynthetic process
1638_reviewed	cell development
1050_reviewed	acute-phase response
9134_reviewed	cell division
4661_reviewed	cell differentiation
3694_reviewed	amelogenesis
5045_reviewed	amyloid fibril formation
55690_reviewed	lymphocyte homeostasis
51206_reviewed	collagen-activated signaling pathway
8106_reviewed	cellular response to lipopolysaccharide
2046_reviewed	axon guidance
161882_reviewed	atrial septum morphogenesis
8013_reviewed	adult behavior
171392_reviewed	bone resorption
7378_reviewed	cellular response to glucose starvation
151531_reviewed	CMP catabolic process
7553_reviewed	regulation of transcription by RNA polymerase II
37_reviewed	energy derivation by oxidation of organic compounds
435_reviewed	ammonia assimilation cycle
4758_reviewed	ganglioside catabolic process
5476_reviewed	intracellular protein transport
10228_reviewed	endocytic recycling
9666_reviewed	protein polyubiquitination
5119_reviewed	autophagosome maturation
27183_reviewed	actomyosin contractile ring contraction
58497_reviewed	regulation of microtubule polymerization
5443_reviewed	calcium-mediated signaling
4160_reviewed	adenylate cyclase-activating G protein-coupled receptor signaling pathway
4335_reviewed	cellular senescence
54739_reviewed	apoptotic process
89_reviewed	actin cytoskeleton organization
9230_reviewed	amyloid-beta clearance by transcytosis
57111_reviewed	epithelial cell morphogenesis
5454_reviewed	central nervous system neuron differentiation
51135_reviewed	cytokine-mediated signaling pathway
56850_reviewed	negative regulation of receptor clustering
64395_reviewed	germ cell development
1837_reviewed	chemical synaptic transmission
51377_reviewed	chromatin remodeling
55559_reviewed	cell division
2646_reviewed	carbohydrate derivative metabolic process
2645_reviewed	calcium ion import
5054_reviewed	angiogenesis
5004_reviewed	acute-phase response
6432_reviewed	cellular response to leukemia inhibitory factor
10435_reviewed	actin cytoskeleton organization
398_reviewed	blastocyst hatching
57381_reviewed	actin cytoskeleton organization
921_reviewed	apoptotic signaling pathway
22821_reviewed	intracellular signal transduction
3959_reviewed	cell adhesion
23708_reviewed	nuclear-transcribed mRNA catabolic process, nonsense-mediated decay
1901_reviewed	actin cytoskeleton organization
2977_reviewed	cGMP-mediated signaling
3001_reviewed	apoptotic process
8125_reviewed	intracellular signal transduction
10741_reviewed	positive regulation of gene expression
7375_reviewed	negative regulation of protein ubiquitination
10598_reviewed	maintenance of unfolded protein
65108_reviewed	actin filament organization
9863_reviewed	cellular response to nerve growth factor stimulus
10121_reviewed	vesicle-mediated transport
29970_reviewed	positive regulation of hippo signaling
5978_reviewed	auditory receptor cell stereocilium organization
54764_reviewed	cell migration
6619_reviewed	snRNA transcription
10239_reviewed	anterograde axonal transport
8546_reviewed	anterograde synaptic vesicle transport
26985_reviewed	anterograde axonal transport
55679_reviewed	cell-cell adhesion
2159_reviewed	blood coagulation
7035_reviewed	blood coagulation
4058_reviewed	cell population proliferation
7058_reviewed	cell adhesion
9156_reviewed	DNA recombination
4150_reviewed	negative regulation of apoptotic signaling pathway
4856_reviewed	angiogenesis
2000_reviewed	cell differentiation
26092_reviewed	nuclear membrane organization
80331_reviewed	exocytosis
103_reviewed	adenosine to inosine editing
9627_reviewed	cell death
11315_reviewed	adult locomotory behavior
9246_reviewed	innate immune response
140807_reviewed	intermediate filament organization
3880_reviewed	cell differentiation involved in embryonic placenta development
3817_reviewed	regulation of systemic arterial blood pressure
5269_reviewed	cellular response to osmotic stress
51412_reviewed	chromatin organization
64219_reviewed	protein catabolic process
51455_reviewed	DNA biosynthetic process
30000_reviewed	negative regulation of muscle cell differentiation
8493_reviewed	cellular response to starvation
51503_reviewed	mRNA cis splicing, via spliceosome
6136_reviewed	cytoplasmic translation
22828_reviewed	negative regulation of termination of RNA polymerase II transcription, poly(A)-coupled
6137_reviewed	blastocyst development
4599_reviewed	antiviral innate immune response
2213_reviewed	antibody-dependent cellular cytotoxicity
10288_unreviewed	adaptive immune response
3483_reviewed	cell adhesion
7352_reviewed	adaptive thermogenesis
51085_reviewed	anatomical structure morphogenesis
10629_reviewed	chromatin remodeling
27097_reviewed	positive regulation of DNA-templated transcription
117143_reviewed	positive regulation of DNA-templated transcription
9913_reviewed	maintenance of protein location in nucleus
10073_reviewed	cytoskeleton organization
80700_reviewed	endosome to lysosome transport via multivesicular body sorting pathway
10067_reviewed	exocytosis
8315_reviewed	MAPK cascade
5134_reviewed	apoptotic process
8991_reviewed	protein transport
51132_reviewed	negative regulation of DNA-templated transcription
9097_reviewed	chemical synaptic transmission
1576_reviewed	aflatoxin metabolic process
64112_reviewed	apoptotic signaling pathway
6615_reviewed	aortic valve morphogenesis
60489_reviewed	antiviral innate immune response
23197_reviewed	ERAD pathway
51514_reviewed	DNA damage response
4303_reviewed	insulin receptor signaling pathway
4891_reviewed	cadmium ion transmembrane transport
80762_reviewed	CD4-positive, alpha-beta T cell proliferation
64756_reviewed	mitochondrial proton-transporting ATP synthase complex assembly
506_reviewed	angiogenesis
122953_reviewed	chromatin remodeling
26145_reviewed	negative regulation of transcription by RNA polymerase II
959_reviewed	B cell differentiation
9179_reviewed	autophagosome assembly
1540_reviewed	CD4-positive or CD8-positive, alpha-beta T cell lineage commitment
23586_reviewed	antiviral innate immune response
7089_reviewed	animal organ morphogenesis
9209_reviewed	regulation of DNA-templated transcription
8728_reviewed	amyloid precursor protein catabolic process
94015_reviewed	L-glutamate transmembrane transport
10196_reviewed	chromatin remodeling
6187_reviewed	cytoplasmic translation
54442_reviewed	proteasome-mediated ubiquitin-dependent protein catabolic process
5563_reviewed	autophagy
53632_reviewed	cellular response to glucose starvation
54994_reviewed	positive regulation of canonical Wnt signaling pathway
4289_reviewed	actin cytoskeleton organization
23746_reviewed	apoptotic process
54512_reviewed	defense response to virus
51010_reviewed	CUT catabolic process
23471_reviewed	cotranslational protein targeting to membrane
4756_reviewed	axon guidance
5315_reviewed	canonical glycolysis
25841_reviewed	cellular response to toxic substance
26233_reviewed	proteolysis
54461_reviewed	proteasome-mediated ubiquitin-dependent protein catabolic process
79866_reviewed	cell division
84447_reviewed	endoplasmic reticulum mannose trimming
7546_reviewed	brain development
285671_reviewed	adult behavior
8916_reviewed	protein ubiquitination
246330_reviewed	innate immune response
6596_reviewed	chromosomal DNA methylation maintenance following DNA replication
54894_reviewed	negative regulation of Wnt signaling pathway
11047_reviewed	proteasome assembly
10616_reviewed	canonical NF-kappaB signal transduction
9253_reviewed	adherens junction organization
1158_reviewed	phosphocreatine biosynthetic process
51009_reviewed	endoplasmic reticulum unfolded protein response
56970_reviewed	chromatin organization
23326_reviewed	embryo development ending in birth or egg hatching
22881_reviewed	establishment or maintenance of cell polarity
83743_reviewed	DNA replication
51053_reviewed	animal organ morphogenesis
55593_reviewed	negative regulation of canonical Wnt signaling pathway
7317_reviewed	DNA damage response
9960_reviewed	DNA repair
5532_reviewed	axon extension
29128_reviewed	chromosomal DNA methylation maintenance following DNA replication
57162_reviewed	DNA repair
57161_reviewed	positive regulation of canonical NF-kappaB signal transduction
51256_reviewed	activation of GTPase activity
8521_reviewed	anatomical structure morphogenesis
51255_reviewed	protein autoubiquitination
639_reviewed	adaptive immune response
7443_reviewed	Cajal body organization
23137_reviewed	cell division
79677_reviewed	cellular senescence
10138_reviewed	negative regulation of DNA-templated transcription
23569_reviewed	chromatin organization
7468_reviewed	atrial septum primum morphogenesis
30827_reviewed	positive regulation of DNA-templated transcription
80335_reviewed	DNA-templated transcription termination
51666_reviewed	intracellular signal transduction
26013_reviewed	chromatin organization
7272_reviewed	chromosome segregation
25766_reviewed	mRNA cis splicing, via spliceosome
23512_reviewed	cell population proliferation
6494_reviewed	adaptive immune response
79577_reviewed	cellular response to lipopolysaccharide
9646_reviewed	blastocyst growth
123169_reviewed	endodermal cell fate commitment
54623_reviewed	cellular response to lipopolysaccharide
121536_reviewed	chromatin organization
8833_reviewed	GMP biosynthetic process
10641_reviewed	cellular response to amino acid starvation
8131_reviewed	aorta morphogenesis
54583_reviewed	cardiac muscle tissue morphogenesis
3622_reviewed	DNA damage response
84312_reviewed	negative regulation of cell migration
54556_reviewed	positive regulation of DNA-templated transcription
80314_reviewed	DNA-templated transcription
26122_reviewed	chromatin organization
64769_reviewed	chromatin remodeling
23338_reviewed	protein ubiquitination
9767_reviewed	regulation of cell cycle
23774_reviewed	chromatin remodeling
7862_reviewed	chromatin remodeling
130497_reviewed	cell differentiation
64858_reviewed	double-strand break repair via nonhomologous end joining
9555_reviewed	DNA repair
9678_reviewed	germinal center B cell differentiation
50943_reviewed	B cell homeostasis
9683_reviewed	cellular response to UV
7403_reviewed	chromatin remodeling
8481_reviewed	axoneme assembly
9400_reviewed	cell division
7703_reviewed	anterior/posterior pattern specification
80854_reviewed	chromatin organization
23765_reviewed	cell surface receptor signaling pathway
112483_reviewed	nor-spermidine metabolic process
9896_reviewed	locomotory behavior
55697_reviewed	phosphatidylinositol biosynthetic process
51720_reviewed	DNA repair-dependent chromatin remodeling
10600_reviewed	cell division
139285_reviewed	adipose tissue development
158_reviewed	'de novo' AMP biosynthetic process
10868_reviewed	antiviral innate immune response
8266_reviewed	post-translational protein targeting to endoplasmic reticulum membrane
439_reviewed	protein insertion into ER membrane
84101_reviewed	antiviral innate immune response
9825_reviewed	necroptotic process
219333_reviewed	protein deubiquitination
64854_reviewed	adult feeding behavior
27005_reviewed	protein deubiquitination
25862_reviewed	mRNA splicing, via spliceosome
2517_reviewed	fucose metabolic process
8314_reviewed	common myeloid progenitor cell proliferation
3607_reviewed	canonical glycolysis
7398_reviewed	DNA repair
4139_reviewed	cytoskeleton organization
29761_reviewed	negative regulation of ERAD pathway
154796_reviewed	actin cytoskeleton organization
4798_reviewed	chromatin remodeling
8975_reviewed	autophagy
5496_reviewed	peptidyl-threonine dephosphorylation
5557_reviewed	DNA replication initiation
5558_reviewed	DNA replication initiation
5694_reviewed	proteasome-mediated ubiquitin-dependent protein catabolic process
6472_reviewed	dTMP biosynthetic process
7023_reviewed	cellular response to dexamethasone stimulus
7126_reviewed	apoptotic process
80124_reviewed	DNA damage response
23035_reviewed	hippocampus development
57599_reviewed	DNA damage response
124739_reviewed	protein deubiquitination
10208_reviewed	Cajal body organization
8520_reviewed	chromosome organization
9092_reviewed	maturation of 5S rRNA
114883_reviewed	bile acid biosynthetic process
9684_reviewed	negative regulation of NF-kappaB transcription factor activity
57559_reviewed	cellular response to L-leucine
10116_reviewed	apoptotic process
10389_reviewed	anatomical structure morphogenesis
10426_reviewed	cytoplasmic microtubule organization
10443_reviewed	blastocyst development
10465_reviewed	mRNA splicing, via spliceosome
10493_reviewed	intermembrane phospholipid transfer
126119_reviewed	protein deubiquitination
10768_reviewed	angiotensin-activated signaling pathway
10845_reviewed	ATP metabolic process
23122_reviewed	basement membrane organization
23276_reviewed	cell division
57695_reviewed	cell division
23382_reviewed	one-carbon metabolic process
26094_reviewed	protein ubiquitination
26121_reviewed	mRNA splicing, via spliceosome
26263_reviewed	cellular response to starvation
85015_reviewed	cell migration
51185_reviewed	limb development
51608_reviewed	ERAD pathway
54800_reviewed	intermediate filament organization
54915_reviewed	immune system process
55031_reviewed	base-excision repair
55109_reviewed	angiogenesis
55182_reviewed	dorsal/ventral neural tube patterning
55252_reviewed	animal organ morphogenesis
55578_reviewed	autophagy
51633_reviewed	cell population proliferation
56957_reviewed	adaptive immune response
55818_reviewed	androgen receptor signaling pathway
57097_reviewed	cell differentiation
55905_reviewed	cell differentiation
55958_reviewed	cell division
90293_reviewed	cell division
56257_reviewed	negative regulation of transcription by RNA polymerase II
57602_reviewed	chromatin organization
56919_reviewed	positive regulation of MAPK cascade
57563_reviewed	proteasome-mediated ubiquitin-dependent protein catabolic process
57646_reviewed	cell population proliferation
57673_reviewed	DNA methylation-dependent constitutive heterochromatin formation
63893_reviewed	positive regulation of BMP signaling pathway
64398_reviewed	central nervous system neuron development
64852_reviewed	co-transcriptional mRNA 3'-end processing, cleavage and polyadenylation pathway
64855_reviewed	gonadotropin secretion
79892_reviewed	cell division
80204_reviewed	negative regulation of epithelial to mesenchymal transition
80311_reviewed	negative regulation of double-strand break repair via homologous recombination
80344_reviewed	exploration behavior
7347_reviewed	post-translational protein modification
81609_reviewed	endocytic recycling
83892_reviewed	negative regulation of Rho protein signal transduction
84142_reviewed	attachment of spindle microtubules to kinetochore
84861_reviewed	cell division
114781_reviewed	adult locomotory behavior
115290_reviewed	ERAD pathway
122769_reviewed	intracellular signal transduction
129831_reviewed	cell differentiation
137886_reviewed	autophagosome assembly
143098_reviewed	bicellular tight junction assembly
154810_reviewed	actin cytoskeleton organization
165324_reviewed	autophagosome assembly
192111_reviewed	macroautophagy
200845_reviewed	negative regulation of smoothened signaling pathway
219743_reviewed	protein processing
221656_reviewed	epigenetic programing of female pronucleus
283899_reviewed	chromatin remodeling
54821_reviewed	cell division
9701_reviewed	regulation of signal transduction
10642_reviewed	CRD-mediated mRNA stabilization
51574_reviewed	box C/D sno(s)RNA 3'-end processing
79066_reviewed	mRNA catabolic process
10528_reviewed	ribosomal small subunit biogenesis
79871_reviewed	PERK-mediated unfolded protein response
79657_reviewed	protein stabilization
9675_reviewed	positive regulation of DNA damage checkpoint
10383_reviewed	flagellated sperm motility
124790_reviewed	negative regulation of DNA-templated transcription
221092_reviewed	alternative mRNA splicing, via spliceosome
10644_reviewed	anatomical structure morphogenesis
6638_reviewed	mRNA splicing, via spliceosome
55631_reviewed	intracellular signal transduction
6731_reviewed	SRP-dependent cotranslational protein targeting to membrane
10949_reviewed	3'-UTR-mediated mRNA stabilization
3310_reviewed	cellular response to heat
23107_reviewed	cell population proliferation
121053_reviewed	box C/D snoRNP assembly
9465_reviewed	action potential
80185_reviewed	positive regulation of DNA damage checkpoint
3188_reviewed	regulation of RNA splicing
10643_reviewed	anatomical structure morphogenesis
64431_reviewed	chromatin remodeling
51441_reviewed	embryonic morphogenesis
26227_reviewed	brain development
26015_reviewed	transcription by RNA polymerase II
51602_reviewed	ribosomal small subunit biogenesis
8531_reviewed	3'-UTR-mediated mRNA stabilization
51184_reviewed	protein import into nucleus
83860_reviewed	maintenance of protein location in nucleus
51807_reviewed	microtubule cytoskeleton organization
23435_reviewed	3'-UTR-mediated mRNA destabilization
6730_reviewed	response to xenobiotic stimulus
832_reviewed	actin polymerization or depolymerization
6175_reviewed	cytoplasmic translation
3841_reviewed	NLS-bearing protein import into nucleus
9894_reviewed	'de novo' cotranslational protein folding
51637_reviewed	negative regulation of protein kinase activity
4343_reviewed	3'-UTR-mediated mRNA destabilization
9987_reviewed	regulation of gene expression
79913_reviewed	chromatin remodeling
6203_reviewed	cytoplasmic translation
93973_reviewed	cell division
51253_reviewed	mitochondrial translation
26118_reviewed	intracellular signal transduction
4076_reviewed	generation of neurons
51530_reviewed	cell division
6941_reviewed	regulation of gene expression
26018_reviewed	hair cycle process
27243_reviewed	autophagosome maturation
6792_reviewed	modulation of chemical synaptic transmission
83990_reviewed	chiasma assembly
22909_reviewed	DNA repair
7805_reviewed	cellular response to leukemia inhibitory factor
540_reviewed	copper ion export
85377_reviewed	cell migration involved in sprouting angiogenesis
10460_reviewed	cell division
112495_reviewed	5S class rRNA transcription by RNA polymerase III
23133_reviewed	brain development
90326_reviewed	positive regulation of transcription by RNA polymerase II
3475_reviewed	adipose tissue development
64100_reviewed	single fertilization
8816_reviewed	negative regulation of fatty acid biosynthetic process
55827_reviewed	positive regulation of transcription by RNA polymerase II
25853_reviewed	protein ubiquitination
79269_reviewed	protein ubiquitination
23038_reviewed	cellular response to insulin stimulus
3720_reviewed	cardiac muscle cell proliferation
22823_reviewed	cellular response to leukemia inhibitory factor
79648_reviewed	bone development
5325_reviewed	apoptotic process
4678_reviewed	blastocyst development
147040_reviewed	negative regulation of neuroblast proliferation
22992_reviewed	chromatin remodeling
55257_reviewed	chromatin organization
57616_reviewed	long-term synaptic potentiation
55626_reviewed	autophagosome assembly
25879_reviewed	decidualization
90379_reviewed	immune system process
54876_reviewed	protein ubiquitination
80067_reviewed	acrosome assembly
84759_reviewed	chromatin remodeling
84678_reviewed	chromatin remodeling
81559_reviewed	host-mediated suppression of symbiont invasion
2023_reviewed	canonical glycolysis
11329_reviewed	DNA damage checkpoint signaling
80233_reviewed	interstrand cross-link repair
2187_reviewed	interstrand cross-link repair
91442_reviewed	interstrand cross-link repair
83933_reviewed	chromatin organization
57132_reviewed	autophagosome maturation
4864_reviewed	adult walking behavior
79594_reviewed	apoptotic process
55819_reviewed	apoptotic process
26001_reviewed	cellular response to leucine starvation
84937_reviewed	positive regulation of autophagosome-lysosome fusion
4850_reviewed	nuclear-transcribed mRNA poly(A) tail shortening
255488_reviewed	apoptotic process
7844_reviewed	central nervous system development
57534_reviewed	blood vessel development
220441_reviewed	apoptotic process
494470_reviewed	forelimb morphogenesis
223082_reviewed	positive regulation of autophagosome-lysosome fusion
148581_reviewed	DNA repair
55284_reviewed	antiviral innate immune response
79102_reviewed	endosome organization
26523_reviewed	miRNA metabolic process
152006_reviewed	male gonad development
51426_reviewed	cellular response to UV
51444_reviewed	cellular response to leukemia inhibitory factor
196403_reviewed	Notch signaling pathway
64844_reviewed	negative regulation of cilium assembly
23295_reviewed	endosome to lysosome transport
54542_reviewed	B cell homeostasis
9921_reviewed	negative regulation of Schwann cell proliferation
9781_reviewed	pattern recognition receptor signaling pathway
91445_reviewed	autophagy
54708_reviewed	negative regulation of cytoplasmic pattern recognition receptor signaling pathway
118424_reviewed	ERAD pathway
2019_reviewed	adult locomotory behavior
51141_reviewed	cellular response to insulin stimulus
4604_reviewed	cell adhesion
149628_reviewed	activation of innate immune response
6934_reviewed	blood vessel development
63826_reviewed	D-serine biosynthetic process
127544_reviewed	adaptive immune response
54766_reviewed	negative regulation of cell population proliferation
7813_reviewed	cell division
51028_reviewed	macroautophagy
79643_reviewed	autophagosome maturation
79791_reviewed	anaphase-promoting complex-dependent catabolic process
56254_reviewed	negative regulation of cell migration
51676_reviewed	actin cytoskeleton organization
51665_reviewed	intracellular signal transduction
140459_reviewed	intracellular signal transduction
140460_reviewed	intracellular signal transduction
83734_reviewed	autophagosome assembly
55054_reviewed	autophagosome assembly
9474_reviewed	aggrephagy
25851_reviewed	autophagosome maturation
5289_reviewed	autophagosome assembly
30849_reviewed	autophagosome maturation
7405_reviewed	autophagosome maturation
22863_reviewed	autophagosome assembly
9711_reviewed	autophagy
29982_reviewed	autophagy
80183_reviewed	autophagosome maturation
60673_reviewed	autophagosome assembly
9776_reviewed	autophagosome assembly
10645_reviewed	calcium-mediated signaling
1201_reviewed	actin cytoskeleton organization
1355_reviewed	cytochrome complex assembly
51144_reviewed	estrogen biosynthetic process
8402_reviewed	gluconeogenesis
6185_reviewed	protein modification process
1468_reviewed	dicarboxylic acid transport
79751_reviewed	aspartate transmembrane transport
1650_reviewed	glycoprotein biosynthetic process
1374_reviewed	aflatoxin metabolic process
283643_reviewed	positive regulation of smoothened signaling pathway
2631_reviewed	mitochondrion organization
3030_reviewed	fatty acid beta-oxidation
64223_reviewed	cellular response to hypoxia
84078_reviewed	negative regulation of signal transduction
89890_reviewed	negative regulation of signal transduction
79736_reviewed	positive regulation of mitochondrial transcription
79863_reviewed	mitochondrial small ribosomal subunit assembly
387338_reviewed	mitochondrial large ribosomal subunit assembly
3996_reviewed	axonogenesis
23008_reviewed	positive regulation of stress-activated MAPK cascade
26608_reviewed	cellular response to glucose starvation
53917_reviewed	attachment of spindle microtubules to kinetochore
6788_reviewed	canonical Wnt signaling pathway
3032_reviewed	fatty acid beta-oxidation
81617_reviewed	intracellular signal transduction
60485_reviewed	cardiac muscle cell proliferation
83937_reviewed	signal transduction
79876_reviewed	erythrocyte differentiation
79885_reviewed	chromatin organization
11198_reviewed	DNA repair
51547_reviewed	DNA damage response
5309_reviewed	anatomical structure morphogenesis
3008_reviewed	chromosome condensation
63925_reviewed	brain development
79447_reviewed	DNA recombination
4299_reviewed	regulation of gene expression
54888_reviewed	cell division
6400_reviewed	ERAD pathway
3156_reviewed	cholesterol biosynthetic process
387521_reviewed	ether lipid biosynthetic process
378884_reviewed	autophagy
84146_reviewed	regulation of transcription by RNA polymerase II
5597_reviewed	intracellular signal transduction
8491_reviewed	intracellular signal transduction
9750_reviewed	cell adhesion
23242_reviewed	actin filament network formation
51307_reviewed	protein import into nucleus
54521_reviewed	cytosolic ciliogenesis
64762_reviewed	cellular response to epidermal growth factor stimulus
91748_reviewed	negative regulation of DNA-templated transcription
146691_reviewed	negative regulation of mitotic nuclear division
9792_reviewed	negative regulation of cell growth
9775_reviewed	associative learning
29028_reviewed	nucleosome assembly
7136_reviewed	cardiac muscle contraction
57167_reviewed	embryonic limb morphogenesis
79923_reviewed	cell differentiation
84458_reviewed	cellular response to estradiol stimulus
7767_reviewed	negative regulation of DNA-templated transcription
8720_reviewed	ATF6-mediated unfolded protein response
2145_reviewed	anatomical structure morphogenesis
9557_reviewed	chromatin remodeling
10038_reviewed	base-excision repair
116443_reviewed	calcium ion transport
51154_reviewed	nuclear-transcribed mRNA catabolic process
200558_reviewed	DNA damage response
3161_reviewed	hyaluronan catabolic process
59348_reviewed	negative regulation of DNA-templated transcription
118_reviewed	actin cytoskeleton organization
80012_reviewed	negative regulation of DNA-templated transcription
140690_reviewed	establishment of protein localization to chromatin
54496_reviewed	chromatin remodeling
113130_reviewed	cell division
23047_reviewed	cell division
3070_reviewed	apoptotic process
63978_reviewed	cell fate specification
10432_reviewed	activation of innate immune response
89884_reviewed	animal organ morphogenesis
4010_reviewed	dopaminergic neuron differentiation
4212_reviewed	animal organ morphogenesis
7342_reviewed	angiogenesis
27287_reviewed	cell differentiation
30012_reviewed	animal organ development
8216_reviewed	negative regulation of Ras protein signal transduction
57862_reviewed	negative regulation of gene expression
84307_reviewed	negative regulation of DNA-templated transcription
65988_reviewed	regulation of DNA-templated transcription
57727_reviewed	glucose homeostasis
221504_reviewed	regulation of transcription by RNA polymerase II
89870_reviewed	innate immune response
10956_reviewed	endoplasmic reticulum unfolded protein response
112399_reviewed	apoptotic process
80232_reviewed	proteasome-mediated ubiquitin-dependent protein catabolic process
79968_reviewed	DNA damage response
25855_reviewed	apoptotic process
123228_reviewed	post-translational protein modification
5268_reviewed	extracellular matrix organization
3207_reviewed	anatomical structure morphogenesis
25949_reviewed	embryonic organ development
1112_reviewed	craniofacial suture morphogenesis
29803_reviewed	regulation of fatty acid transport
9274_reviewed	apoptotic process
4101_unreviewed	cellular senescence
3090_reviewed	intrinsic apoptotic signaling pathway in response to DNA damage
84787_reviewed	DNA repair
79685_reviewed	negative regulation of cell migration
11277_reviewed	activation of immune response
23410_reviewed	aerobic respiration
79813_reviewed	beige fat cell differentiation
26054_reviewed	protein desumoylation
5626_reviewed	apoptotic process
2116_reviewed	blastocyst development
6007_reviewed	ammonium homeostasis
92421_reviewed	autophagosome maturation
53347_reviewed	negative regulation of T cell receptor signaling pathway
114803_reviewed	chromatin remodeling
7444_reviewed	cellular response to oxidative stress
22985_reviewed	apoptotic chromosome condensation
28999_reviewed	cardiac muscle hypertrophy in response to stress
84959_reviewed	collagen-activated tyrosine kinase receptor signaling pathway
10724_reviewed	glycoprotein catabolic process
60592_reviewed	positive regulation of macroautophagy
9637_reviewed	axon guidance
100316904_reviewed	regulation of DNA-templated transcription
3006_reviewed	chromosome condensation
57621_reviewed	negative regulation of transcription by RNA polymerase II
147923_reviewed	regulation of transcription by RNA polymerase II
6591_reviewed	aortic valve morphogenesis
579_reviewed	animal organ formation
6594_reviewed	brain development
8522_reviewed	clathrin coat assembly
387332_reviewed	DNA-templated transcription initiation
25822_reviewed	negative regulation of transcription by RNA polymerase II
51773_reviewed	chromatin organization
4799_reviewed	inflammatory response
157570_reviewed	chromosome segregation
9643_reviewed	chromatin organization
339287_reviewed	chromatin remodeling
55167_reviewed	DNA damage response
10943_reviewed	positive regulation of DNA-templated transcription
10732_reviewed	cell differentiation
2115_reviewed	axon guidance
5794_reviewed	apoptotic process
3291_reviewed	cortisol metabolic process
2782_reviewed	adenylate cyclase-activating dopamine receptor signaling pathway
23132_reviewed	chromatin organization
57504_reviewed	chromatin remodeling
128674_reviewed	cellular response to hormone stimulus
255877_reviewed	negative regulation of transcription by RNA polymerase II
347733_reviewed	cerebral cortex development
58517_reviewed	mRNA processing
2021_reviewed	apoptotic DNA fragmentation
342371_reviewed	brain development
80155_reviewed	angiogenesis
134353_reviewed	mRNA 3'-end processing by stem-loop binding and cleavage
7884_reviewed	cap-dependent translational initiation
10277_reviewed	ERAD pathway
115426_reviewed	cell differentiation
57092_reviewed	proteasome-mediated ubiquitin-dependent protein catabolic process
9306_reviewed	cell surface receptor signaling pathway via JAK-STAT
2931_reviewed	autosome genomic imprinting
55536_reviewed	positive regulation of cell population proliferation
57763_reviewed	regulation of gene expression
9682_reviewed	cardiac muscle hypertrophy in response to stress
83983_reviewed	flagellated sperm motility
125997_reviewed	DNA methylation-dependent constitutive heterochromatin formation
80063_reviewed	regulation of DNA-templated transcription
84875_reviewed	chromatin organization
50_reviewed	citrate metabolic process
144717_reviewed	endosome organization
4952_reviewed	cell projection organization
150368_reviewed	endosome organization
4435_reviewed	apoptotic process
7101_reviewed	aggressive behavior
64344_reviewed	angiogenesis
387893_reviewed	cell division
55655_reviewed	apoptotic process
22897_reviewed	cell division
112398_reviewed	cell redox homeostasis
402569_reviewed	blastocyst development
55759_reviewed	maturation of 5.8S rRNA from tricistronic rRNA transcript (SSU-rRNA, 5.8S rRNA, LSU-rRNA)
1620_reviewed	behavioral fear response
353376_reviewed	cellular response to lipopolysaccharide
7629_reviewed	negative regulation of transcription by RNA polymerase II
10553_reviewed	positive regulation of programmed cell death
5081_reviewed	anatomical structure morphogenesis
2305_reviewed	DNA damage response, signal transduction by p53 class mediator
2627_reviewed	animal organ formation
56259_reviewed	adaptive immune response
57379_reviewed	B cell differentiation
353497_reviewed	DNA synthesis involved in DNA repair
9975_reviewed	cell differentiation
79728_reviewed	animal organ morphogenesis
1965_reviewed	cellular response to amino acid starvation
79365_reviewed	anterior/posterior pattern specification
55893_reviewed	positive regulation of transcription by RNA polymerase II
8479_reviewed	chromatin organization
6121_reviewed	circadian rhythm
376497_reviewed	adiponectin-activated signaling pathway
22878_reviewed	collagen biosynthetic process
3068_reviewed	chromatin remodeling
55869_reviewed	chromatin organization
5017_reviewed	epidermal cell differentiation
51230_reviewed	chromatin organization
64092_reviewed	negative regulation of adaptive immune response
54799_reviewed	double-strand break repair via homologous recombination
81887_reviewed	maturation of 5.8S rRNA
26168_reviewed	negative regulation of double-strand break repair via homologous recombination
4300_reviewed	anterior/posterior pattern specification
3899_reviewed	embryonic hindlimb morphogenesis
80237_reviewed	DNA-templated transcription elongation
8971_reviewed	chromosome condensation
1053_reviewed	cellular response to lipopolysaccharide
54904_reviewed	methylation
6909_reviewed	aorta morphogenesis
6124_reviewed	cytoplasmic translation
7552_reviewed	positive regulation of DNA-templated transcription
10541_reviewed	inner ear development
201161_reviewed	ameboidal-type cell migration
7466_reviewed	calcium ion homeostasis
70_reviewed	actin filament organization
6141_reviewed	cytoplasmic translation
6130_reviewed	cytoplasmic translation
4637_reviewed	muscle contraction
6202_reviewed	cytoplasmic translation
83844_reviewed	G1/S transition of mitotic cell cycle
55291_reviewed	regulation of signal transduction
22870_reviewed	regulation of signal transduction
9794_reviewed	atrioventricular node cell development
64718_reviewed	protein ubiquitination
6603_reviewed	chromatin remodeling
65123_reviewed	DNA damage response
26512_reviewed	protein localization to chromatin
55174_reviewed	regulation of transcription elongation by RNA polymerase II
80789_reviewed	regulation of transcription elongation by RNA polymerase II
92105_reviewed	regulation of transcription elongation by RNA polymerase II
25896_reviewed	cellular response to ionizing radiation
55756_reviewed	negative regulation of transforming growth factor beta receptor signaling pathway
81556_reviewed	regulation of transcription elongation by RNA polymerase II
79034_reviewed	brain development
79035_reviewed	DNA damage response
64859_reviewed	DNA damage response
29089_reviewed	DNA damage response
5507_reviewed	glycogen biosynthetic process
9878_reviewed	positive regulation of transcription elongation by RNA polymerase II
9937_reviewed	cell division
56916_reviewed	chromatin remodeling
26155_reviewed	apoptotic process
65018_reviewed	autophagy of mitochondrion
155061_reviewed	negative regulation of DNA-templated transcription
1815_reviewed	adenylate cyclase-inhibiting dopamine receptor signaling pathway
83596_reviewed	apoptotic process
4190_reviewed	malate metabolic process
800_reviewed	actin filament bundle assembly
4157_reviewed	adenylate cyclase-activating G protein-coupled receptor signaling pathway
23621_reviewed	amyloid fibril formation
200933_reviewed	anterior commissure morphogenesis
55529_reviewed	negative regulation of phagocytosis
51534_reviewed	ESCRT III complex disassembly
51510_reviewed	autophagosome maturation
55072_reviewed	canonical NF-kappaB signal transduction
80020_reviewed	ERAD pathway
117584_reviewed	apoptotic process
90780_reviewed	brain development
3663_reviewed	cellular response to muramyl dipeptide
60672_reviewed	negative regulation of cell migration
27145_reviewed	cerebral cortex development
104_reviewed	adenosine to inosine editing
6233_reviewed	cytoplasmic translation
6201_reviewed	cytoplasmic translation
6049_reviewed	axon extension
55884_reviewed	intracellular signal transduction
55669_reviewed	GTP metabolic process
340061_reviewed	activation of innate immune response
1959_reviewed	aorta development
56899_reviewed	ephrin receptor signaling pathway
6199_reviewed	negative regulation of insulin receptor signaling pathway
79759_reviewed	DNA repair
165918_reviewed	DNA damage response
163786_reviewed	centriole replication
54332_reviewed	cellular response to vitamin D
11160_reviewed	cholesterol metabolic process
29101_reviewed	co-transcriptional mRNA 3'-end processing, cleavage and polyadenylation pathway
2119_reviewed	cell differentiation
2118_reviewed	cell differentiation
8780_reviewed	cellular response to dsDNA
88455_reviewed	negative regulation of protein localization to endosome
201626_reviewed	antiviral innate immune response
64786_reviewed	regulation of GTPase activity
55658_reviewed	cytoplasm protein quality control by the ubiquitin-proteasome system
10906_reviewed	negative regulation of innate immune response
9927_reviewed	aerobic respiration
820_reviewed	amyloid fibril formation
23528_reviewed	embryonic body morphogenesis
7702_reviewed	positive regulation of transcription by RNA polymerase II
373509_reviewed	endosome organization
182_reviewed	angiogenesis
6059_reviewed	negative regulation of endoribonuclease activity
55737_reviewed	endocytic recycling
253725_reviewed	endocytic recycling
9779_reviewed	autophagy
23325_reviewed	cognition
100287171_reviewed	Arp2/3 complex-mediated actin nucleation
9897_reviewed	actin filament polymerization
125476_reviewed	chromatin remodeling
83444_reviewed	chromatin remodeling
54891_reviewed	chromatin remodeling
23409_reviewed	cellular response to hypoxia
3416_reviewed	amyloid-beta clearance
292_reviewed	adaptive thermogenesis
54552_reviewed	negative regulation of protein sumoylation
27338_reviewed	anaphase-promoting complex-dependent catabolic process
8328_reviewed	chromatin organization
10782_reviewed	chromatin remodeling
85453_reviewed	cellular response to gamma radiation
27292_reviewed	positive regulation of rRNA processing
11056_reviewed	maturation of SSU-rRNA
6050_reviewed	cell migration
10556_reviewed	rRNA processing
4141_reviewed	cellular response to epidermal growth factor stimulus
5093_reviewed	positive regulation of transcription by RNA polymerase II
53918_reviewed	cell division
5689_reviewed	proteasome-mediated ubiquitin-dependent protein catabolic process
9361_reviewed	cellular response to oxidative stress
8813_reviewed	dolichol phosphate mannose biosynthetic process
6184_reviewed	protein N-linked glycosylation
6259_reviewed	axon extension involved in axon guidance
374383_reviewed	NK T cell activation
10294_reviewed	positive regulation of cell population proliferation
7277_reviewed	microtubule cytoskeleton organization
8604_reviewed	aspartate transmembrane transport
10165_reviewed	aspartate transmembrane transport
55705_reviewed	proteasome localization
6576_reviewed	mitochondrial citrate transmembrane transport
219_reviewed	aldehyde metabolic process
3420_reviewed	isocitrate metabolic process
4722_reviewed	aerobic respiration
5832_reviewed	citrulline biosynthetic process
4719_reviewed	aerobic respiration
4720_reviewed	aerobic respiration
582_reviewed	adult behavior
9148_reviewed	cellular response to amino acid stimulus
1211_reviewed	cell division
151648_reviewed	attachment of spindle microtubules to kinetochore
23141_reviewed	cell division
55596_reviewed	co-transcriptional lncRNA 3' end processing, cleavage and polyadenylation pathway
23517_reviewed	DNA damage response
4026_reviewed	cell-cell adhesion
5521_reviewed	apoptotic process
221150_reviewed	attachment of mitotic spindle microtubules to kinetochore
116224_reviewed	mitotic G2/M transition checkpoint
51278_reviewed	cellular response to heat
83858_reviewed	mitochondrion organization
10382_reviewed	microtubule cytoskeleton organization
78990_reviewed	protein deubiquitination
383_reviewed	adaptive immune response
1509_reviewed	antigen processing and presentation of exogenous peptide antigen via MHC class II
3396_reviewed	mitochondrial translation
55794_reviewed	mitochondrial large ribosomal subunit assembly
65008_reviewed	mitochondrial translation
124995_reviewed	mitochondrial translation
6182_reviewed	mitochondrial transcription
28998_reviewed	mitochondrial translation
29074_reviewed	mitochondrial translation
9801_reviewed	mitochondrial translation
6150_reviewed	mitochondrial translation
10573_reviewed	mitochondrial translation
11222_reviewed	mitochondrial translation
54148_reviewed	mitochondrial translation
51073_reviewed	mitochondrial translation
57129_reviewed	mitochondrial translation
54534_reviewed	mitochondrial translation
65005_reviewed	mitochondrial translation
28957_reviewed	mitochondrial translation
10884_reviewed	apoptotic process
79922_reviewed	rRNA 2'-O-methylation
26147_reviewed	negative regulation of gene expression, epigenetic
51692_reviewed	co-transcriptional mRNA 3'-end processing, cleavage and polyadenylation pathway
81027_reviewed	microtubule cytoskeleton organization
23387_reviewed	intracellular signal transduction
192669_reviewed	miRNA processing
192670_reviewed	male gonad development
55139_reviewed	cellular response to hydrogen peroxide
301_reviewed	actin cytoskeleton organization
85409_reviewed	exocytosis
23043_reviewed	actin cytoskeleton organization
55971_reviewed	actin crosslink formation
9110_reviewed	midbody abscission
11236_reviewed	endoplasmic reticulum mannose trimming
54487_reviewed	DNA damage response
29102_reviewed	defense response to Gram-negative bacterium
79845_reviewed	negative regulation of mitochondrial membrane potential
4736_reviewed	cytoplasmic translation
1968_reviewed	cytoplasmic translational initiation
317649_reviewed	regulation of translation
149603_reviewed	positive regulation of cell population proliferation
498_reviewed	ATP biosynthetic process
55159_reviewed	DNA damage response
11104_reviewed	cell division
3344_reviewed	regulation of DNA-templated transcription
5414_reviewed	apoptotic process
57561_reviewed	fat pad development
80176_reviewed	proteasome-mediated ubiquitin-dependent protein catabolic process
92369_reviewed	intracellular signal transduction
84727_reviewed	intracellular signal transduction
7098_reviewed	activation of NF-kappaB-inducing kinase activity
28514_reviewed	astrocyte development
6339_reviewed	cellular response to acidic pH
57506_reviewed	activation of innate immune response
684_reviewed	B cell activation
26548_reviewed	centrosome duplication
5916_reviewed	anterior/posterior pattern specification
55722_reviewed	centriole replication
8445_reviewed	DNA damage response
57118_reviewed	inflammatory response
84851_reviewed	defense response to virus
3123_reviewed	antigen processing and presentation of endogenous peptide antigen via MHC class II
6440_reviewed	respiratory gaseous exchange by respiratory system
55432_reviewed	endoplasmic reticulum unfolded protein response
23111_reviewed	adipose tissue development
64798_reviewed	G protein-coupled receptor signaling pathway
79585_reviewed	actin filament polymerization
9903_reviewed	cell division
54765_reviewed	innate immune response
10206_reviewed	endoplasmic reticulum mannose trimming
5920_reviewed	lipid catabolic process
26043_reviewed	proteasome-mediated ubiquitin-dependent protein catabolic process
51035_reviewed	negative regulation of ERAD pathway
79058_reviewed	glucose homeostasis
7993_reviewed	ERAD pathway
23190_reviewed	ERAD pathway
127733_reviewed	cilium assembly
116138_reviewed	proteasome-mediated ubiquitin-dependent protein catabolic process
55717_reviewed	cilium assembly
51528_reviewed	ERAD pathway
55131_reviewed	mRNA processing
56342_reviewed	maturation of LSU-rRNA from tricistronic rRNA transcript (SSU-rRNA, 5.8S rRNA, LSU-rRNA)
6132_reviewed	cytoplasmic translation
23521_reviewed	cellular response to type II interferon
26269_reviewed	regulation of ARF protein signal transduction
1656_reviewed	miRNA-mediated gene silencing by inhibition of translation
6780_reviewed	anterograde dendritic transport of messenger ribonucleoprotein complex
6900_reviewed	adult walking behavior
48_reviewed	citrate metabolic process
11342_reviewed	organelle localization
132660_reviewed	nucleosome organization
4929_reviewed	adult locomotory behavior
23063_reviewed	cell division
26130_reviewed	endocytosis
23034_reviewed	nuclear-transcribed mRNA poly(A) tail shortening
3993_reviewed	branching involved in labyrinthine layer morphogenesis
1060_reviewed	attachment of mitotic spindle microtubules to kinetochore
1666_reviewed	fatty acid beta-oxidation
6238_reviewed	osteoblast differentiation
92344_reviewed	dorsal/ventral neural tube patterning
6648_reviewed	acetylcholine-mediated vasodilation involved in regulation of systemic arterial blood pressure
3805_reviewed	cellular defense response
92552_reviewed	negative regulation of TORC1 signaling
10299_reviewed	endoplasmic reticulum mannose trimming
248_reviewed	dephosphorylation
11169_reviewed	DNA repair
84132_reviewed	cell differentiation
10869_reviewed	ERAD pathway
144699_reviewed	SCF-dependent proteasomal ubiquitin-dependent protein catabolic process
185_reviewed	angiotensin-activated signaling pathway
5243_reviewed	cellular hyperosmotic salinity response
64135_reviewed	antiviral innate immune response
26524_reviewed	canonical Wnt signaling pathway
23644_reviewed	deadenylation-independent decapping of nuclear-transcribed mRNA
196513_reviewed	deadenylation-dependent decapping of nuclear-transcribed mRNA
57447_reviewed	cell differentiation
481_reviewed	ATP metabolic process
10613_reviewed	cholesterol metabolic process
5230_reviewed	canonical glycolysis
5223_reviewed	canonical glycolysis
93343_reviewed	endosome to lysosome transport via multivesicular body sorting pathway
89853_reviewed	membrane fission
1736_reviewed	box H/ACA sno(s)RNA 3'-end processing
55164_reviewed	box H/ACA snoRNP assembly
1002_reviewed	adherens junction organization
931_reviewed	B cell activation
22803_reviewed	hippocampus development
55638_reviewed	anterograde neuronal dense core vesicle transport
54462_reviewed	microtubule bundle formation
85458_reviewed	canonical Wnt signaling pathway
55763_reviewed	defense response to virus
84662_reviewed	cell differentiation involved in kidney development
10467_reviewed	calcium ion homeostasis
57531_reviewed	Golgi organization
9867_reviewed	inflammatory response
80829_reviewed	activation of NF-kappaB-inducing kinase activity
83590_reviewed	ERAD pathway
23397_reviewed	cell division
339390_reviewed	alpha-beta T cell proliferation
25865_reviewed	adaptive immune response
55149_reviewed	histone mRNA catabolic process
64343_reviewed	defense response to virus
81030_reviewed	activation of innate immune response
57003_reviewed	endoplasmic reticulum calcium ion homeostasis
64848_reviewed	germline cell cycle switching, mitotic to meiotic cell cycle
91404_reviewed	negative regulation of calcium ion transmembrane transport via high voltage-gated calcium channel
3703_reviewed	post-translational protein modification
11213_reviewed	cytokine-mediated signaling pathway
64207_reviewed	development of secondary female sexual characteristics
359948_reviewed	immature B cell differentiation
3664_reviewed	cell development
55006_reviewed	mitochondrial tRNA processing
79132_reviewed	antiviral innate immune response
27067_reviewed	anterograde dendritic transport of messenger ribonucleoprotein complex
22907_reviewed	central nervous system development
55922_reviewed	negative regulation of DNA-templated transcription
25939_reviewed	dATP catabolic process
4940_reviewed	antiviral innate immune response
9354_reviewed	ERAD pathway
117246_reviewed	maturation of 5.8S rRNA from tricistronic rRNA transcript (SSU-rRNA, 5.8S rRNA, LSU-rRNA)
7866_reviewed	adipose tissue development
4354_reviewed	regulation of neutrophil chemotaxis
23098_reviewed	cell differentiation
27069_reviewed	apoptotic process
79671_reviewed	innate immune response
79143_reviewed	layer formation in cerebral cortex
8879_reviewed	androgen metabolic process
6836_reviewed	COPII-coated vesicle cargo loading
79065_reviewed	autophagosome assembly
55787_reviewed	regulation of bone mineralization
81622_reviewed	antigen processing and presentation of exogenous peptide antigen via MHC class II
1209_reviewed	cell differentiation
81037_reviewed	apoptotic process
56889_reviewed	protein localization to membrane
81555_reviewed	endoplasmic reticulum to Golgi vesicle-mediated transport
84206_reviewed	protein autophosphorylation
56902_reviewed	ribosomal small subunit biogenesis
83541_reviewed	mitotic spindle organization
81610_reviewed	cell division
1780_reviewed	transport along microtubule
26135_reviewed	negative regulation of translation
7905_reviewed	endoplasmic reticulum membrane organization
1850_reviewed	dephosphorylation
2634_reviewed	activation of innate immune response
79723_reviewed	cell differentiation
9404_reviewed	cell adhesion
254251_reviewed	regulation of transcription by RNA polymerase II
54951_reviewed	signal transduction
23412_reviewed	sodium ion transport
27330_reviewed	central nervous system development
5695_reviewed	proteasome-mediated ubiquitin-dependent protein catabolic process
5690_reviewed	proteasome-mediated ubiquitin-dependent protein catabolic process
9738_reviewed	centriole replication
79598_reviewed	cell projection organization
84250_reviewed	chromatin looping
222484_reviewed	neural precursor cell proliferation
2629_reviewed	antigen processing and presentation
27102_reviewed	acute inflammatory response
10381_reviewed	axon guidance
728489_reviewed	chaperone-mediated protein complex assembly
8820_reviewed	brain development
92714_reviewed	extracellular transport
4350_reviewed	base-excision repair
57508_reviewed	regulation of transcription elongation by RNA polymerase II
90025_reviewed	proteasome-mediated ubiquitin-dependent protein catabolic process
1193_reviewed	chloride transport
7881_reviewed	learning or memory
782_reviewed	calcium ion transmembrane transport
55803_reviewed	heart development
84081_reviewed	developmental process
9529_reviewed	Golgi organization
83987_reviewed	microtubule cytoskeleton organization
63943_reviewed	regulation of blood vessel branching
5105_reviewed	cellular response to dexamethasone stimulus
5250_reviewed	mitochondrial phosphate ion transmembrane transport
5333_reviewed	lipid catabolic process
4102_reviewed	negative regulation of autophagy
4105_reviewed	negative regulation of autophagy
4113_reviewed	negative regulation of transcription by RNA polymerase II
51438_reviewed	negative regulation of transcription by RNA polymerase II
57692_reviewed	negative regulation of transcription by RNA polymerase II
197370_reviewed	chromatin looping
54551_reviewed	Arp2/3 complex-mediated actin nucleation
64110_reviewed	negative regulation of double-strand break repair via homologous recombination
54780_reviewed	chromatin looping
115548_reviewed	clathrin coat assembly
81847_reviewed	positive regulation of canonical Wnt signaling pathway
899_reviewed	cell division
23210_reviewed	cell surface receptor signaling pathway
8019_reviewed	chromatin remodeling
65980_reviewed	chromatin remodeling
51319_reviewed	alternative mRNA splicing, via spliceosome
157313_reviewed	cell division
84950_reviewed	mRNA splicing, via spliceosome
55147_reviewed	mRNA processing
6433_reviewed	alternative mRNA splicing, via spliceosome
10929_reviewed	mRNA processing
1994_reviewed	3'-UTR-mediated mRNA stabilization
29855_reviewed	chromatin organization
55352_reviewed	chromatin remodeling
50804_reviewed	myotube differentiation
11152_reviewed	autophagosome assembly
11123_reviewed	anatomical structure morphogenesis
23109_reviewed	positive regulation of transcription by RNA polymerase II
27076_reviewed	cell-matrix adhesion
79918_reviewed	negative regulation of NF-kappaB transcription factor activity
51043_reviewed	adaptive thermogenesis
54930_reviewed	cell division
54801_reviewed	cell division
79441_reviewed	cell division
115106_reviewed	cell division
55142_reviewed	cell division
23354_reviewed	cell division
93323_reviewed	cell division
23030_reviewed	brain development
10397_reviewed	cellular response to hypoxia
3009_reviewed	chromatin organization
3939_reviewed	glucose catabolic process to lactate via pyruvate
29781_reviewed	female meiosis chromosome separation
23310_reviewed	cell division
54892_reviewed	cell division
9625_reviewed	brain development
64651_reviewed	apoptotic process
163882_reviewed	positive regulation of Golgi to plasma membrane protein transport
286262_reviewed	auditory receptor cell stereocilium organization
90673_reviewed	glycogen metabolic process
23368_reviewed	intrinsic apoptotic signaling pathway by p53 class mediator
153769_reviewed	negative regulation of apoptotic process
161742_reviewed	negative regulation of angiogenesis
55166_reviewed	chromosome segregation
79682_reviewed	chordate embryonic development
80152_reviewed	cell division
401541_reviewed	CENP-A containing chromatin assembly
1447_reviewed	calcium ion transport
55854_reviewed	cytokine-mediated signaling pathway
6604_reviewed	cardiac right ventricle formation
476_reviewed	cardiac muscle cell action potential involved in contraction
55355_reviewed	CENP-A containing chromatin assembly
64714_reviewed	platelet aggregation
59338_reviewed	androgen metabolic process
4154_reviewed	embryonic limb morphogenesis
57654_reviewed	protein ubiquitination
23039_reviewed	protein export from nucleus
23194_reviewed	cell division
3005_reviewed	chromosome condensation
25827_reviewed	host-mediated perturbation of viral RNA genome replication
147945_reviewed	inflammatory response
7270_reviewed	chromatin remodeling
140685_reviewed	granulocyte differentiation
27351_reviewed	protein desumoylation
11339_reviewed	cell communication
2491_reviewed	CENP-A containing chromatin assembly
55839_reviewed	CENP-A containing chromatin assembly
23126_reviewed	cell division
23394_reviewed	cGMP-mediated signaling
22850_reviewed	nervous system development
54816_reviewed	regulation of DNA-templated transcription
4863_reviewed	cell cycle G1/S phase transition
10461_reviewed	cell migration
5596_reviewed	intracellular signal transduction
11077_reviewed	double-strand break repair involved in meiotic recombination
79884_reviewed	mitotic cytokinesis
10658_reviewed	embryo development ending in birth or egg hatching
83732_reviewed	maturation of SSU-rRNA
9024_reviewed	actin cytoskeleton organization
64410_reviewed	negative regulation of fatty acid biosynthetic process
54620_reviewed	chromatin remodeling
6295_reviewed	cell surface receptor signaling pathway
8120_reviewed	anterograde axonal transport
55768_reviewed	glycoprotein catabolic process
83932_reviewed	DNA damage response
64581_reviewed	antifungal innate immune response
5696_reviewed	antigen processing and presentation
5698_reviewed	immune system process
1234_reviewed	apoptotic process
11201_reviewed	DNA repair
5534_reviewed	branching involved in blood vessel morphogenesis
55693_reviewed	cellular response to ionizing radiation
10017_reviewed	apoptotic process
5699_reviewed	antigen processing and presentation of exogenous peptide antigen via MHC class I, TAP-dependent
10147_reviewed	mRNA processing
3189_reviewed	epithelial cell differentiation
26024_reviewed	mitochondrial translation
55037_reviewed	mitochondrial translation
284695_reviewed	mRNA processing
5132_reviewed	G protein-coupled receptor signaling pathway
245972_reviewed	regulation of macroautophagy
9373_reviewed	cellular response to lipopolysaccharide
79931_reviewed	cellular response to lipopolysaccharide
8074_reviewed	calcium ion homeostasis
26578_reviewed	ossification
79930_reviewed	cell surface receptor protein tyrosine kinase signaling pathway
10634_reviewed	actin crosslink formation
6311_reviewed	negative regulation of receptor internalization
10360_reviewed	chromatin remodeling
8110_reviewed	chromatin remodeling
201501_reviewed	negative regulation of cell population proliferation
6322_reviewed	negative regulation of DNA-templated transcription
10336_reviewed	random inactivation of X chromosome
26053_reviewed	actin cytoskeleton organization
84333_reviewed	positive regulation of transcription by RNA polymerase II
23466_reviewed	chromatin organization
4704_reviewed	aerobic respiration
4541_reviewed	aerobic respiration
9525_reviewed	angiogenesis
339976_reviewed	innate immune response
55585_reviewed	embryo implantation
85300_reviewed	apoptotic process
51439_reviewed	ERAD pathway
337867_reviewed	negative regulation of canonical Wnt signaling pathway
51669_reviewed	calcium ion transport
254225_reviewed	DNA damage response
84079_reviewed	early endosome to late endosome transport
3300_reviewed	ERAD pathway
54737_reviewed	constitutive heterochromatin formation
668_reviewed	anatomical structure morphogenesis
55297_reviewed	Golgi to lysosome transport
25950_reviewed	negative regulation of NF-kappaB transcription factor activity
84193_reviewed	actin modification
2554_reviewed	chloride transmembrane transport
1446_reviewed	response to 11-deoxycorticosterone
166824_reviewed	apoptotic process
9455_reviewed	behavioral response to cocaine
64785_reviewed	cellular senescence
9837_reviewed	DNA replication
2569_reviewed	chemical synaptic transmission
2590_reviewed	positive regulation of immunoglobulin production
51246_reviewed	intrinsic apoptotic signaling pathway in response to DNA damage by p53 class mediator
81550_reviewed	DNA topological change
51271_reviewed	membrane fission
952_reviewed	apoptotic signaling pathway
6901_reviewed	cardiolipin acyl-chain remodeling
58513_reviewed	endocytosis
199990_reviewed	DNA damage response
92597_reviewed	hippo signaling
6319_reviewed	monounsaturated fatty acid biosynthetic process
9839_reviewed	astrocyte activation
7296_reviewed	cell population proliferation
5265_reviewed	acute-phase response
23532_reviewed	apoptotic process
55353_reviewed	endosome organization
7763_reviewed	face development
26260_reviewed	protein ubiquitination
51194_reviewed	protein import into nucleus
9559_reviewed	endocytic recycling
23403_reviewed	SCF-dependent proteasomal ubiquitin-dependent protein catabolic process
79176_reviewed	bone mineralization
29904_reviewed	cellular response to anoxia
26270_reviewed	DNA damage checkpoint signaling
65266_reviewed	aldosterone secretion
3921_reviewed	antiviral innate immune response
6683_reviewed	axonogenesis
6468_reviewed	embryonic limb morphogenesis
112936_reviewed	cellular response to type II interferon
2273_reviewed	animal organ morphogenesis
9401_reviewed	DNA repair
25852_reviewed	proteasome-mediated ubiquitin-dependent protein catabolic process
9516_reviewed	cellular response to lipopolysaccharide
2706_reviewed	cell-cell signaling
4117_reviewed	cell differentiation
27246_reviewed	negative regulation of epidermal growth factor receptor signaling pathway
3920_reviewed	autophagosome maturation
27248_reviewed	endoplasmic reticulum unfolded protein response
1155_reviewed	cell differentiation
23221_reviewed	actin filament organization
254170_reviewed	positive regulation of protein ubiquitination
79699_reviewed	positive regulation of proteasomal ubiquitin-dependent protein catabolic process
10444_reviewed	positive regulation of proteasomal ubiquitin-dependent protein catabolic process
154881_reviewed	intracellular glutamate homeostasis
55040_reviewed	endocytosis
4607_reviewed	cardiac muscle contraction
23588_reviewed	proteasome-mediated ubiquitin-dependent protein catabolic process
10966_reviewed	cellular detoxification
84133_reviewed	limb development
284654_reviewed	positive regulation of canonical Wnt signaling pathway
55366_reviewed	bone mineralization
221687_reviewed	protein ubiquitination
5158_reviewed	entrainment of circadian clock by photoperiod
126433_reviewed	ERAD pathway
8994_reviewed	cell migration
283871_reviewed	glycerol biosynthetic process
11137_reviewed	DNA-templated transcription
56955_reviewed	biomineral tissue development
8624_reviewed	cerebellar granule cell precursor proliferation
56984_reviewed	chaperone-mediated protein complex assembly
57698_reviewed	actin filament bundle retrograde transport
57449_reviewed	endothelial cell chemotaxis
55872_reviewed	cellular response to UV
22905_reviewed	endocytosis
152137_reviewed	sensory perception of sound
488_reviewed	calcium ion import into sarcoplasmic reticulum
477_reviewed	adult locomotory behavior
55975_reviewed	proteasome-mediated ubiquitin-dependent protein catabolic process
286827_reviewed	host-mediated suppression of symbiont invasion
51295_reviewed	cell surface receptor protein serine/threonine kinase signaling pathway
135892_reviewed	innate immune response
83605_reviewed	blood vessel endothelial cell differentiation
3652_reviewed	proteasome-mediated ubiquitin-dependent protein catabolic process
25948_reviewed	gene expression
54793_reviewed	intracellular signal transduction
51088_reviewed	proteasome-mediated ubiquitin-dependent protein catabolic process
22836_reviewed	male gonad development
79786_reviewed	protein ubiquitination
55175_reviewed	proteasome-mediated ubiquitin-dependent protein catabolic process
84280_reviewed	positive regulation of phosphatidylinositol 3-kinase/protein kinase B signal transduction
23510_reviewed	proteasome-mediated ubiquitin-dependent protein catabolic process
222658_reviewed	positive regulation of phosphorylation
54813_reviewed	proteasome-mediated ubiquitin-dependent protein catabolic process
84541_reviewed	neural crest cell development
79798_reviewed	adrenal cortex development
23386_reviewed	cilium assembly
51133_reviewed	protein homooligomerization
9886_reviewed	actin filament organization
64746_reviewed	steroid biosynthetic process
5822_reviewed	maturation of SSU-rRNA from tricistronic rRNA transcript (SSU-rRNA, 5.8S rRNA, LSU-rRNA)
55213_reviewed	chromatin organization
51479_reviewed	endocytosis
345651_reviewed	axonogenesis
220988_reviewed	mRNA splicing, via spliceosome
3857_reviewed	epidermis development
5935_reviewed	positive regulation of mRNA splicing, via spliceosome
27288_reviewed	mRNA splicing, via spliceosome
6144_reviewed	cytoplasmic translation
84790_reviewed	cell division
10489_reviewed	protein ubiquitination
115294_reviewed	protein ubiquitination
57799_reviewed	cell migration
122809_reviewed	cytokine-mediated signaling pathway
90864_reviewed	negative regulation of cGAS/STING signaling pathway
7171_reviewed	actin filament organization
26268_reviewed	fat cell differentiation
84085_reviewed	chromatin organization
23014_reviewed	apoptotic process
26273_reviewed	protein ubiquitination
26267_reviewed	apoptotic process
64839_reviewed	nervous system development
54850_reviewed	protein ubiquitination
7690_reviewed	negative regulation of transcription by RNA polymerase II
85457_reviewed	negative regulation of circadian rhythm
55236_reviewed	DNA damage response
65264_reviewed	apoptotic process
114928_reviewed	hematopoietic stem cell homeostasis
4594_reviewed	homocysteine metabolic process
166785_reviewed	cobalamin metabolic process
10278_reviewed	cell adhesion
8844_reviewed	positive regulation of MAPK cascade
4059_reviewed	angiogenesis
79901_reviewed	ascorbate homeostasis
4302_reviewed	chromatin organization
56155_reviewed	attachment of spindle microtubules to kinetochore
92345_reviewed	box H/ACA snoRNP assembly
55651_reviewed	rRNA pseudouridine synthesis
64421_reviewed	adaptive immune response
312_reviewed	cell differentiation
55521_reviewed	acrosome reaction
25999_reviewed	cytoplasmic microtubule organization
9988_reviewed	regulation of DNA-templated transcription
26285_reviewed	bicellular tight junction assembly
2696_reviewed	activation of adenylate cyclase activity
3357_reviewed	calcium-mediated signaling
150_reviewed	actin cytoskeleton organization
9162_reviewed	diacylglycerol metabolic process
80014_reviewed	cell migration
222229_reviewed	chromatin organization
55644_reviewed	tRNA modification
3003_reviewed	complement activation, GZMK pathway
58477_reviewed	protein targeting to ER
23381_reviewed	mRNA export from nucleus
220972_reviewed	adaptive immune response
7227_reviewed	negative regulation of transcription by RNA polymerase II
143471_reviewed	cell differentiation
4267_reviewed	homotypic cell-cell adhesion
54478_reviewed	cell division
9098_reviewed	protein deubiquitination
64857_reviewed	regulation of actin filament polymerization
4633_reviewed	cardiac muscle contraction
79370_reviewed	apoptotic process
401190_reviewed	G protein-coupled receptor signaling pathway
8787_reviewed	dark adaptation
116143_reviewed	apoptotic process
51283_reviewed	apoptotic process
53840_reviewed	defense response to virus
6404_reviewed	cell adhesion
257364_reviewed	cleavage furrow formation
2150_reviewed	blood coagulation
1861_reviewed	cell adhesion
55602_reviewed	DNA damage response
8786_reviewed	G protein-coupled receptor signaling pathway
3362_reviewed	adenylate cyclase-activating serotonin receptor signaling pathway
80196_reviewed	apoptotic process
3738_reviewed	action potential
4671_reviewed	apoptotic process
84376_reviewed	cytoplasmic microtubule organization
64412_reviewed	branching involved in ureteric bud morphogenesis
51070_reviewed	negative regulation of catalytic activity
26091_reviewed	cell differentiation
10857_reviewed	associative learning
22858_reviewed	cilium assembly
112939_reviewed	negative regulation of DNA-templated transcription
84335_reviewed	negative regulation of cell size
10773_reviewed	negative regulation of transcription by RNA polymerase II
7541_reviewed	cardiac septum development
114548_reviewed	acute inflammatory response
1438_reviewed	cell surface receptor signaling pathway via JAK-STAT
54939_reviewed	signal transduction
149951_reviewed	negative regulation of DNA-templated transcription
3751_reviewed	action potential
284252_reviewed	negative regulation of DNA-templated transcription
79586_reviewed	chondroitin sulfate proteoglycan biosynthetic process
22908_reviewed	exocytic insertion of neurotransmitter receptor to postsynaptic membrane
5133_reviewed	adaptive immune response
55527_reviewed	negative regulation of inflammatory response
5734_reviewed	adenylate cyclase-activating G protein-coupled receptor signaling pathway
89122_reviewed	innate immune response
90135_reviewed	neurogenesis
84911_reviewed	regulation of transcription by RNA polymerase II
30820_reviewed	chemical synaptic transmission
22889_reviewed	mRNA splice site recognition
5546_reviewed	regulation of cell cycle
174_reviewed	apoptotic process
25814_reviewed	cell division
2783_reviewed	G protein-coupled receptor signaling pathway
342931_reviewed	innate immune response
283106_reviewed	double-strand break repair
10202_reviewed	C21-steroid hormone metabolic process
10865_reviewed	cellular response to estrogen stimulus
23552_reviewed	cell division
8563_reviewed	monocyte differentiation
84321_reviewed	mRNA export from nucleus
79228_reviewed	apoptotic process
80145_reviewed	mRNA export from nucleus
64783_reviewed	branching involved in blood vessel morphogenesis
2492_reviewed	adenylate cyclase-activating G protein-coupled receptor signaling pathway
344558_reviewed	positive regulation of JNK cascade
7076_reviewed	cartilage development
10300_reviewed	cell division
23246_reviewed	cell population proliferation
23704_reviewed	membrane repolarization during action potential
54820_reviewed	cell division
23481_reviewed	cell population proliferation
5082_reviewed	cell projection organization
79753_reviewed	miRNA processing
339967_reviewed	proteolysis
57628_reviewed	positive regulation of protein localization to plasma membrane
1804_reviewed	protein localization to plasma membrane
10625_reviewed	intrinsic apoptotic signaling pathway
51320_reviewed	chondrocyte hypertrophy
92140_reviewed	lipopolysaccharide-mediated signaling pathway
6876_reviewed	epithelial cell differentiation
4750_reviewed	cell division
93107_reviewed	action potential
6674_reviewed	axonemal dynein complex assembly
338382_reviewed	cellular response to type II interferon
9655_reviewed	cell surface receptor signaling pathway via JAK-STAT
10972_reviewed	COPI coating of Golgi vesicle
8724_reviewed	endocytic recycling
7755_reviewed	negative regulation of transcription by RNA polymerase II
54715_reviewed	mRNA processing
55603_reviewed	mRNA stabilization
115572_reviewed	mRNA stabilization
80262_reviewed	Golgi to plasma membrane protein transport
8939_reviewed	DNA-templated transcription
653808_reviewed	defense response to Gram-positive bacterium
4037_reviewed	negative regulation of fat cell differentiation
147912_reviewed	lens development in camera-type eye
23587_reviewed	positive regulation of cell migration
11179_reviewed	cellular response to hydrogen peroxide
3714_reviewed	auditory receptor cell fate commitment
4753_reviewed	commissural neuron axon guidance
92906_reviewed	mRNA processing
57060_reviewed	negative regulation of mRNA splicing, via spliceosome
22913_reviewed	cholesterol homeostasis
51143_reviewed	cell division
23307_reviewed	endocytosis
57659_reviewed	DNA damage response
55689_reviewed	chromatin remodeling
9898_reviewed	binding of sperm to zona pellucida
93624_reviewed	chromatin remodeling
2778_reviewed	female pregnancy
200734_reviewed	negative regulation of epithelial to mesenchymal transition
84248_reviewed	mRNA export from nucleus
6010_reviewed	absorption of visible light
3998_reviewed	blood coagulation
29890_reviewed	dosage compensation by inactivation of X chromosome
1421_reviewed	cellular response to reactive oxygen species
10916_reviewed	female pregnancy
4191_reviewed	aerobic respiration
3684_reviewed	amyloid-beta clearance
551_reviewed	cell-cell signaling
51126_reviewed	N-terminal peptidyl-aspartic acid acetylation
83452_reviewed	autophagosome assembly
9363_reviewed	antigen processing and presentation
51411_reviewed	cell chemotaxis
59345_reviewed	G protein-coupled receptor signaling pathway
286053_reviewed	cell division
493861_reviewed	chromatin looping
3672_reviewed	cell-cell adhesion
7216_reviewed	embryo implantation
126393_reviewed	negative regulation of apoptotic process
2026_reviewed	canonical glycolysis
51382_reviewed	cilium assembly
65975_reviewed	manchette assembly
2869_reviewed	adenylate cyclase-modulating G protein-coupled receptor signaling pathway
23592_reviewed	negative regulation of activin receptor signaling pathway
1014_reviewed	calcium-dependent cell-cell adhesion via plasma membrane cell adhesion molecules
51552_reviewed	defense response to bacterium
283807_reviewed	proteasome-mediated ubiquitin-dependent protein catabolic process
10296_reviewed	cell adhesion
64795_reviewed	proteasome-mediated ubiquitin-dependent protein catabolic process
50485_reviewed	DNA damage response
79982_reviewed	cellular response to misfolded protein
60684_reviewed	constitutive secretory pathway
51112_reviewed	COPII vesicle coating
7109_reviewed	early endosome to Golgi transport
126003_reviewed	COPII vesicle coating
122553_reviewed	endoplasmic reticulum to Golgi vesicle-mediated transport
51399_reviewed	autophagy
83696_reviewed	cerebral cortex development
55288_reviewed	cellular homeostasis
25974_reviewed	cobalamin metabolic process
27249_reviewed	cobalamin metabolic process
55275_reviewed	endocytic recycling
6293_reviewed	ectodermal cell differentiation
738_reviewed	autophagy
51542_reviewed	apoptotic DNA fragmentation
9644_reviewed	in utero embryonic development
10252_reviewed	animal organ development
10452_reviewed	monoatomic ion transport
26052_reviewed	endocytosis
55616_reviewed	cell migration
55589_reviewed	positive regulation of Notch signaling pathway
22848_reviewed	membrane organization
81532_reviewed	signal transduction
5393_reviewed	exonucleolytic trimming to generate mature 3'-end of 5.8S rRNA from tricistronic rRNA transcript (SSU-rRNA, 5.8S rRNA, LSU-rRNA)
115752_reviewed	mRNA catabolic process
22894_reviewed	CUT catabolic process
10767_reviewed	nuclear-transcribed mRNA catabolic process, no-go decay
114791_reviewed	cytoplasmic microtubule organization
27229_reviewed	cytoplasmic microtubule organization
4920_reviewed	cell surface receptor protein tyrosine kinase signaling pathway
25805_reviewed	cell migration
4535_reviewed	aerobic respiration
23400_reviewed	autophagosome organization
10897_reviewed	endoplasmic reticulum to Golgi vesicle-mediated transport
9774_reviewed	apoptotic process
10200_reviewed	maturation of 5.8S rRNA
140739_reviewed	post-translational protein modification
375757_reviewed	cellular response to ionizing radiation
119392_reviewed	cellular response to estrogen stimulus
51447_reviewed	cellular response to flavonoid
1411_reviewed	lens development in camera-type eye
5654_reviewed	chorionic trophoblast cell differentiation
201562_reviewed	fatty acid elongation
51390_reviewed	long-chain fatty acid catabolic process
6193_reviewed	cytoplasmic translation
6205_reviewed	cytoplasmic translation
6222_reviewed	cytoplasmic translation
6571_reviewed	aminergic neurotransmitter loading into synaptic vesicle
79709_reviewed	collagen fibril organization
2799_reviewed	glycosaminoglycan catabolic process
2990_reviewed	aorta development
9563_reviewed	glucose metabolic process
4669_reviewed	adult behavior
10525_reviewed	cellular response to hypoxia
5351_reviewed	collagen biosynthetic process
5547_reviewed	angiogenesis involved in wound healing
5352_reviewed	collagen biosynthetic process
7837_reviewed	angiogenesis
871_reviewed	chondrocyte development involved in endochondral bone morphogenesis
6448_reviewed	determination of adult lifespan
23011_reviewed	anterograde axonal transport
9929_reviewed	cell motility
9947_reviewed	negative regulation of transcription by RNA polymerase II
1485_reviewed	tRNA threonylcarbamoyladenosine metabolic process
8993_reviewed	antimicrobial humoral immune response mediated by antimicrobial peptide
6767_reviewed	protein folding
2643_reviewed	dopamine biosynthetic process
79650_reviewed	RNA splicing
6553_reviewed	monoatomic ion transport
64960_reviewed	mitochondrial translation
7419_reviewed	adenine transport
3098_reviewed	canonical glycolysis
9868_reviewed	activation of innate immune response
3579_reviewed	calcium-mediated signaling
3299_reviewed	lens fiber cell differentiation
78986_reviewed	negative regulation of ERK1 and ERK2 cascade
6402_reviewed	calcium-dependent cell-cell adhesion via plasma membrane cell adhesion molecules
6751_reviewed	cellular response to estradiol stimulus
135138_reviewed	cellular response to unfolded protein
55861_reviewed	apoptotic process
89941_reviewed	cellular homeostasis
525_reviewed	adult behavior
9114_reviewed	cellular response to increased oxygen levels
523_reviewed	ATP metabolic process
535_reviewed	endosomal lumen acidification
526_reviewed	ATP metabolic process
528_reviewed	proton transmembrane transport
55004_reviewed	cellular response to amino acid stimulus
2639_reviewed	fatty acid beta-oxidation using acyl-CoA dehydrogenase
25959_reviewed	apoptotic process
55379_reviewed	intracellular signal transduction
23213_reviewed	apoptotic process
2193_reviewed	phenylalanyl-tRNA aminoacylation
24138_reviewed	defense response to virus
51094_reviewed	adiponectin-activated signaling pathway
79602_reviewed	adiponectin-activated signaling pathway
11258_reviewed	cytoskeleton-dependent cytokinesis
5211_reviewed	canonical glycolysis
4729_reviewed	aerobic respiration
55752_reviewed	cytoskeleton-dependent cytokinesis
9521_reviewed	cellular response to leukemia inhibitory factor
6143_reviewed	cytoplasmic translation
6139_reviewed	cytoplasmic translation
6152_reviewed	cytoplasmic translation
4728_reviewed	aerobic respiration
128869_reviewed	attachment of GPI anchor to protein
515_reviewed	proton motive force-driven ATP synthesis
513_reviewed	aerobic respiration
54536_reviewed	exocytosis
8802_reviewed	succinyl-CoA catabolic process
115708_reviewed	mRNA processing
51605_reviewed	mRNA processing
9125_reviewed	cytokine-mediated signaling pathway
201595_reviewed	ERAD pathway
374291_reviewed	aerobic respiration
4723_reviewed	aerobic respiration
1938_reviewed	cellular response to brain-derived neurotrophic factor stimulus
4711_reviewed	aerobic respiration
539_reviewed	ATP biosynthetic process
4714_reviewed	aerobic respiration
54539_reviewed	aerobic respiration
10476_reviewed	proton motive force-driven ATP synthesis
4716_reviewed	aerobic respiration
4724_reviewed	aerobic respiration
29088_reviewed	cellular response to leukemia inhibitory factor
8803_reviewed	succinate metabolic process
51649_reviewed	mitochondrial translation
10056_reviewed	phenylalanyl-tRNA aminoacylation
84172_reviewed	embryo implantation
6389_reviewed	mitochondrial electron transport, succinate to ubiquinone
6390_reviewed	aerobic respiration
2108_reviewed	amino acid catabolic process
2109_reviewed	amino acid catabolic process
5214_reviewed	canonical glycolysis
1629_reviewed	branched-chain alpha-keto acid decarboxylation to branched-chain acyl-CoA
6123_reviewed	negative regulation of myotube differentiation
26156_reviewed	osteoblast differentiation
1176_reviewed	anterograde axonal transport
64978_reviewed	mitochondrial translation
79590_reviewed	mitochondrial translation
51116_reviewed	mitochondrial ribosome assembly
64965_reviewed	mitochondrial translation
56945_reviewed	mitochondrial translation
55339_reviewed	DNA damage tolerance
3614_reviewed	'de novo' XMP biosynthetic process
79612_reviewed	positive regulation of DNA-templated transcription
29896_reviewed	mRNA splicing, via spliceosome
51493_reviewed	in utero embryonic development
84617_reviewed	microtubule cytoskeleton organization
3305_reviewed	binding of sperm to zona pellucida
56339_reviewed	cellular response to UV
57721_reviewed	forebrain radial glial cell differentiation
54433_reviewed	snoRNA guided rRNA pseudouridine synthesis
134430_reviewed	ribosomal small subunit biogenesis
1537_reviewed	cellular respiration
84916_reviewed	maturation of SSU-rRNA
84135_reviewed	positive regulation of rRNA processing
8301_reviewed	amyloid-beta clearance by transcytosis
7086_reviewed	D-xylulose 5-phosphate biosynthetic process
10693_reviewed	protein folding
10802_reviewed	cholesterol homeostasis
6888_reviewed	carbohydrate metabolic process
7386_reviewed	mitochondrial electron transport, ubiquinol to cytochrome c
151011_reviewed	cytoskeleton-dependent cytokinesis
2618_reviewed	'de novo' AMP biosynthetic process
4676_reviewed	nucleosome assembly
6747_reviewed	SRP-dependent cotranslational protein targeting to membrane
3550_reviewed	mitotic cell cycle
84061_reviewed	cognition
51340_reviewed	mRNA splicing, via spliceosome
1659_reviewed	mRNA splicing, via spliceosome
57461_reviewed	generation of catalytic spliceosome for second transesterification step
65003_reviewed	mitochondrial translation
64976_reviewed	anatomical structure morphogenesis
64983_reviewed	mitochondrial translation
64969_reviewed	mitochondrial translation
60488_reviewed	mitochondrial translation
740_reviewed	mitochondrial translation
51069_reviewed	mitochondrial translation
51081_reviewed	mitochondrial translation
84545_reviewed	mitochondrial translation
7284_reviewed	mitochondrial large ribosomal subunit assembly
26589_reviewed	mitochondrial translation
64949_reviewed	mitochondrial translation
27072_reviewed	cellular response to starvation
1783_reviewed	cellular response to nerve growth factor stimulus
4677_reviewed	asparaginyl-tRNA aminoacylation
54732_reviewed	COPI coating of Golgi vesicle
16_reviewed	alanyl-tRNA aminoacylation
283742_reviewed	positive regulation of cell population proliferation
4143_reviewed	L-methionine catabolic process
9136_reviewed	ribosomal small subunit biogenesis
4927_reviewed	mRNA export from nucleus
7001_reviewed	cell redox homeostasis
84365_reviewed	protein-containing complex assembly
55720_reviewed	endonucleolytic cleavage of tricistronic rRNA transcript (SSU-rRNA, 5.8S rRNA, LSU-rRNA)
55860_reviewed	retrograde axonal transport of mitochondrion
2821_reviewed	canonical glycolysis
2181_reviewed	fatty acid metabolic process
2182_reviewed	alpha-linolenic acid metabolic process
9601_reviewed	protein folding
3849_reviewed	cornification
55781_reviewed	maturation of SSU-rRNA
38_reviewed	acetyl-CoA biosynthetic process
10449_reviewed	cellular response to hypoxia
23545_reviewed	cellular response to increased oxygen levels
84961_reviewed	behavioral fear response
10130_reviewed	protein folding
57418_reviewed	DNA-templated DNA replication
7756_reviewed	attachment of spindle microtubules to kinetochore
9147_reviewed	CAT tailing
140801_reviewed	cell differentiation
9380_reviewed	carboxylic acid metabolic process
7268_reviewed	defense response to virus
7511_reviewed	bradykinin catabolic process
10535_reviewed	DNA replication
84153_reviewed	mismatch repair
230_reviewed	epithelial cell differentiation
79621_reviewed	fibroblast proliferation
80018_reviewed	cytoskeleton organization
25824_reviewed	cell redox homeostasis
950_reviewed	aminophospholipid transport
219988_reviewed	deadenylation-dependent decapping of nuclear-transcribed mRNA
29093_reviewed	mitochondrial translation
9524_reviewed	fatty acid elongation
3069_reviewed	cholesterol metabolic process
65993_reviewed	mitochondrial translation
5198_reviewed	'de novo' AMP biosynthetic process
140465_reviewed	muscle contraction
8942_reviewed	'de novo' NAD+ biosynthetic process from L-tryptophan
6611_reviewed	methionine metabolic process
51755_reviewed	cellular response to estrogen stimulus
1627_reviewed	actin filament organization
222068_reviewed	endoplasmic reticulum to Golgi vesicle-mediated transport
1939_reviewed	formation of translation preinitiation complex
342538_reviewed	protein targeting to membrane
2319_reviewed	anterograde dendritic transport
5019_reviewed	adipose tissue development
28981_reviewed	cilium assembly
8100_reviewed	cell projection organization
3295_reviewed	alpha-linolenic acid metabolic process
54908_reviewed	cell division
85451_reviewed	cell morphogenesis involved in neuron differentiation
25915_reviewed	mitochondrial respiratory chain complex I assembly
55623_reviewed	tRNA modification
25917_reviewed	tRNA methylation
55898_reviewed	cell differentiation
30968_reviewed	CD4-positive, alpha-beta T cell activation
4643_reviewed	actin filament organization
87178_reviewed	cellular response to interferon-beta
23603_reviewed	actin filament organization
55173_reviewed	mitochondrial translation
23788_reviewed	cellular response to radiation
57647_reviewed	brain development
55226_reviewed	negative regulation of telomere maintenance via telomerase
8539_reviewed	fibroblast apoptotic process
55178_reviewed	mitochondrial large ribosomal subunit assembly
94081_reviewed	erythrocyte differentiation
54788_reviewed	cellular response to misfolded protein
10101_reviewed	cell projection organization
440_reviewed	asparagine biosynthetic process
26355_reviewed	cellular response to hypoxia
10409_reviewed	diaphragm development
84936_reviewed	midbody abscission
10245_reviewed	intracellular protein transport
5464_reviewed	phosphate-containing compound metabolic process
159_reviewed	'de novo' AMP biosynthetic process
7453_reviewed	angiogenesis
5236_reviewed	carbohydrate metabolic process
1727_reviewed	blood circulation
55661_reviewed	rRNA processing
55276_reviewed	glucose metabolic process
25813_reviewed	cristae formation
2027_reviewed	canonical glycolysis
23530_reviewed	cell redox homeostasis
8880_reviewed	positive regulation of gene expression
54505_reviewed	formation of translation preinitiation complex
353_reviewed	adenine salvage
7372_reviewed	'de novo' pyrimidine nucleobase biosynthetic process
56912_reviewed	cilium assembly
8602_reviewed	endonucleolytic cleavage in 5'-ETS of tricistronic rRNA transcript (SSU-rRNA, 5.8S rRNA, LSU-rRNA)
6897_reviewed	threonyl-tRNA aminoacylation
50809_reviewed	cellular response to hypoxia
84196_reviewed	protein deubiquitination
1371_reviewed	heme A biosynthetic process
6646_reviewed	cholesterol efflux
204_reviewed	ADP biosynthetic process
30844_reviewed	cell migration involved in sprouting angiogenesis
55324_reviewed	defense response to virus
149041_reviewed	3'-UTR-mediated mRNA destabilization
387680_reviewed	endosomal transport
29968_reviewed	L-serine biosynthetic process
11080_reviewed	negative regulation of transcription by RNA polymerase II
9698_reviewed	3'-UTR-mediated mRNA destabilization
2098_reviewed	formaldehyde catabolic process
8193_reviewed	apoptotic process
11001_reviewed	bile acid biosynthetic process
23170_reviewed	innate immune response
26065_reviewed	defense response to virus
293_reviewed	apoptotic process
3419_reviewed	carbohydrate metabolic process
10011_reviewed	apoptotic process
231_reviewed	C21-steroid hormone biosynthetic process
54940_reviewed	endocytosis
51103_reviewed	chaperone-mediated protein complex assembly
79019_reviewed	chromosome segregation
89891_reviewed	cilium assembly
54960_reviewed	spliceosomal snRNP assembly
3553_reviewed	apoptotic process
56006_reviewed	brain development
55181_reviewed	nuclear-transcribed mRNA catabolic process, nonsense-mediated decay
64333_reviewed	regulation of small GTPase mediated signal transduction
9887_reviewed	mRNA export from nucleus
9248_reviewed	cell-cell signaling
91662_reviewed	cellular response to cytokine stimulus
219771_reviewed	cell division
79837_reviewed	1-phosphatidyl-1D-myo-inositol 4,5-bisphosphate biosynthetic process
7988_reviewed	dendrite development
7551_reviewed	cell differentiation
3133_reviewed	adaptive immune response
1124_reviewed	acrosome assembly
9669_reviewed	regulation of translational initiation
199720_reviewed	cell differentiation
3948_reviewed	ATP biosynthetic process
8836_reviewed	tetrahydrofolylpolyglutamate metabolic process
51056_reviewed	proteolysis
54812_reviewed	protein transport
55074_reviewed	adult walking behavior
55325_reviewed	negative regulation of proteolysis involved in protein catabolic process
80127_reviewed	flagellated sperm motility
26256_reviewed	epithelial cilium movement involved in extracellular fluid movement
51097_reviewed	glycolipid biosynthetic process
80162_reviewed	carbohydrate metabolic process
348303_reviewed	response to selenium ion
283489_reviewed	attachment of mitotic spindle microtubules to kinetochore
57337_reviewed	antiviral innate immune response
286205_reviewed	DNA-templated transcription
23383_reviewed	cell division
115509_reviewed	regulation of transcription by RNA polymerase II
9849_reviewed	chromatin organization
80705_reviewed	cell projection assembly
388135_reviewed	inhibitory postsynaptic potential
712_reviewed	astrocyte activation
65979_reviewed	actin cytoskeleton organization
23248_reviewed	mRNA 3'-end processing
22794_reviewed	intracellular mRNA localization
27022_reviewed	anatomical structure morphogenesis
57575_reviewed	cell adhesion
83667_reviewed	cellular oxidant detoxification
54532_reviewed	action potential
79874_reviewed	cell projection organization
51257_reviewed	antibacterial innate immune response
9399_reviewed	lipid transport
23608_reviewed	protein polyubiquitination
51148_reviewed	cell adhesion
55208_reviewed	positive regulation of protein neddylation
123879_reviewed	negative regulation of cell growth
23142_reviewed	positive regulation of protein neddylation
84259_reviewed	DNA damage response
2055_reviewed	adult walking behavior
1018_reviewed	cell division
26249_reviewed	distal tubule morphogenesis
79654_reviewed	proteasome-mediated ubiquitin-dependent protein catabolic process
10072_reviewed	proteolysis
7289_reviewed	anterior/posterior pattern specification
56888_reviewed	negative regulation of HRI-mediated signaling
79001_reviewed	blood coagulation
10682_reviewed	cholesterol biosynthetic process
57650_reviewed	broken chromosome clustering
51_reviewed	alpha-linolenic acid metabolic process
1962_reviewed	alpha-linolenic acid metabolic process
10455_reviewed	fatty acid beta-oxidation
26063_reviewed	fatty acid beta-oxidation using acyl-CoA oxidase
55825_reviewed	fatty acid biosynthetic process
1384_reviewed	fatty acid beta-oxidation
10005_reviewed	acyl-CoA metabolic process
373156_reviewed	epithelial cell differentiation
83752_reviewed	peroxisome organization
10901_reviewed	alcohol metabolic process
23322_reviewed	cerebellum development
85366_reviewed	cardiac muscle contraction
150275_reviewed	positive regulation of cell population proliferation
26973_reviewed	centrosome duplication
55664_reviewed	protein folding
241_reviewed	cellular response to calcium ion
3991_reviewed	cholesterol metabolic process
4776_reviewed	brain-derived neurotrophic factor receptor signaling pathway
5729_reviewed	adenosine metabolic process
81573_reviewed	cellular response to prostaglandin D stimulus
137735_reviewed	actin cytoskeleton organization
84448_reviewed	cytoskeleton organization
6940_reviewed	regulation of transcription by RNA polymerase II
2277_reviewed	dopaminergic neuron differentiation
343521_reviewed	microtubule-based movement
220004_reviewed	flagellated sperm motility
6422_reviewed	BMP signaling pathway
151742_reviewed	cell surface receptor protein serine/threonine kinase signaling pathway
3002_reviewed	apoptotic process
80206_reviewed	actin filament organization
1503_reviewed	'de novo' CTP biosynthetic process
6525_reviewed	muscle organ development
90102_reviewed	basement membrane organization
90523_reviewed	negative regulation of cardiac muscle hypertrophy
9891_reviewed	cell adhesion
84292_reviewed	inflammatory response to wounding
9647_reviewed	apoptotic process
57794_reviewed	mRNA processing
8449_reviewed	antiviral innate immune response
118924_reviewed	mRNA splicing, via spliceosome
91603_reviewed	blastocyst growth
7737_reviewed	DNA repair
10181_reviewed	apoptotic process
55749_reviewed	apoptotic process
11017_reviewed	mRNA splicing, via spliceosome
27238_reviewed	mRNA splicing, via spliceosome
4236_reviewed	mRNA splicing, via spliceosome
51362_reviewed	embryonic brain development
51645_reviewed	embryonic brain development
9716_reviewed	mRNA splicing, via spliceosome
55421_reviewed	7-methylguanosine mRNA capping
84811_reviewed	mRNA splicing, via spliceosome
51634_reviewed	mRNA splicing, via spliceosome
55234_reviewed	mRNA splicing, via spliceosome
23759_reviewed	mRNA processing
57703_reviewed	mRNA splicing, via spliceosome
2483_reviewed	mRNA splicing, via spliceosome
8220_reviewed	mRNA splicing, via spliceosome
55082_reviewed	mRNA processing
54541_reviewed	apoptotic process
84129_reviewed	fatty acid beta-oxidation
84263_reviewed	cholesterol homeostasis
284273_reviewed	negative regulation of fat cell differentiation
5828_reviewed	cellular response to reactive oxygen species
269_reviewed	anti-Mullerian hormone receptor signaling pathway
65061_reviewed	regulation of cell cycle phase transition
340156_reviewed	signal transduction
6795_reviewed	attachment of spindle microtubules to kinetochore
149420_reviewed	negative regulation of G2/M transition of mitotic cell cycle
5129_reviewed	positive regulation of myelination
4293_reviewed	apoptotic process
22879_reviewed	early viral transcription
6838_reviewed	ribosomal large subunit biogenesis
10135_reviewed	cell-cell signaling
6757_reviewed	regulation of DNA-templated transcription
26191_reviewed	autophagy
255738_reviewed	apoptotic process
246175_reviewed	mRNA processing
25904_reviewed	mRNA catabolic process
23216_reviewed	negative regulation of insulin secretion involved in cellular response to glucose stimulus
678_reviewed	3'-UTR-mediated mRNA destabilization
9657_reviewed	cilium assembly
54531_reviewed	chromatin remodeling
283248_reviewed	negative regulation of DNA-templated transcription
63916_reviewed	actin filament organization
112574_reviewed	cleavage furrow formation
118788_reviewed	positive regulation of phosphatidylinositol 3-kinase/protein kinase B signal transduction
150946_reviewed	cognition
644150_reviewed	Arp2/3 complex-mediated actin nucleation
23119_reviewed	negative regulation of DNA-templated transcription
4544_reviewed	camera-type eye development
55161_reviewed	endoplasmic reticulum tubular network organization
80212_reviewed	innate immune response
146057_reviewed	cerebellar granular layer development
10522_reviewed	anatomical structure morphogenesis
152185_reviewed	cell division
283987_reviewed	insulin processing
5139_reviewed	apoptotic signaling pathway
640_reviewed	B cell receptor signaling pathway
171024_reviewed	positive regulation of actin filament bundle assembly
9133_reviewed	cell division
9079_reviewed	epithelial structure maintenance
79660_reviewed	glycogen metabolic process
81930_reviewed	cellular response to estradiol stimulus
81566_reviewed	apoptotic process
23228_reviewed	B cell proliferation involved in immune response
29927_reviewed	cotranslational protein targeting to membrane
1068_reviewed	cell division
7021_reviewed	aorta morphogenesis
51435_reviewed	response to oxidative stress
2915_reviewed	cellular response to amyloid-beta
254013_reviewed	methylation
151194_reviewed	negative regulation of protein folding
79609_reviewed	negative regulation of ATP-dependent activity
79091_reviewed	protein methylation
90850_reviewed	negative regulation of translational initiation
8495_reviewed	neuromuscular junction development
5730_reviewed	cyclooxygenase pathway
11167_reviewed	cell differentiation
51566_reviewed	axonal transport of mitochondrion
84232_reviewed	negative regulation of transcription by RNA polymerase I
79664_reviewed	positive regulation of transcription by RNA polymerase III
5954_reviewed	camera-type eye development
23534_reviewed	protein import into nucleus
5110_reviewed	protein methylation
81855_reviewed	mitochondrial transmembrane transport
4072_reviewed	negative regulation of cell-cell adhesion mediated by cadherin
55210_reviewed	antiviral innate immune response
63929_reviewed	glomerular filtration
23344_reviewed	endoplasmic reticulum-plasma membrane tethering
487_reviewed	apoptotic mitochondrial changes
83941_reviewed	apoptotic signaling pathway
3485_reviewed	cellular response to hormone stimulus
10811_reviewed	regulation of hydrogen peroxide metabolic process
27035_reviewed	angiogenesis
9536_reviewed	cell population proliferation
2053_reviewed	epoxide metabolic process
126074_reviewed	double-strand break repair via homologous recombination
79707_reviewed	cleavage in ITS2 between 5.8S rRNA and LSU-rRNA of tricistronic rRNA transcript (SSU-rRNA, 5.8S rRNA, LSU-rRNA)
8553_reviewed	anterior/posterior pattern specification
64428_reviewed	hematopoietic progenitor cell differentiation
51750_reviewed	DNA repair
1763_reviewed	base-excision repair
5471_reviewed	'de novo' AMP biosynthetic process
54901_reviewed	maintenance of translational fidelity
55253_reviewed	wybutosine biosynthetic process
388585_reviewed	anterior/posterior pattern specification
229_reviewed	fructose 1,6-bisphosphate metabolic process
55212_reviewed	brain development
26206_reviewed	cell differentiation
1892_reviewed	branched-chain amino acid catabolic process
1044_reviewed	animal organ morphogenesis
6558_reviewed	ammonium transmembrane transport
22918_reviewed	angiogenesis
57410_reviewed	inflammatory response
5818_reviewed	axon guidance
2729_reviewed	blood vessel diameter maintenance
2730_reviewed	apoptotic mitochondrial changes
10950_reviewed	negative regulation of cell population proliferation
28987_reviewed	maturation of SSU-rRNA
54806_reviewed	cell surface receptor protein tyrosine kinase signaling pathway
28952_reviewed	endocytic recycling
29099_reviewed	cholesterol homeostasis
6559_reviewed	cell volume homeostasis
9870_reviewed	apoptotic process
51550_reviewed	cell division
10396_reviewed	aminophospholipid translocation
55754_reviewed	aminophospholipid transport
126626_reviewed	positive regulation of transcription by RNA polymerase II
1203_reviewed	brain development
115948_reviewed	brain development
171482_reviewed	meiotic cell cycle
79443_reviewed	plus-end-directed vesicle transport along microtubule
79807_reviewed	respiratory system development
54676_reviewed	nuclear-transcribed mRNA catabolic process, no-go decay
415117_reviewed	exocytosis
134492_reviewed	protein folding
387357_reviewed	adaptive immune response
55170_reviewed	base-excision repair
7802_reviewed	sperm flagellum assembly
64147_reviewed	extracellular matrix disassembly
4938_reviewed	antiviral innate immune response
10809_reviewed	lipid transport
50999_reviewed	endoplasmic reticulum to Golgi vesicle-mediated transport
150572_reviewed	heart development
83759_reviewed	circadian regulation of gene expression
11101_reviewed	proteasomal protein catabolic process
152273_reviewed	actin cytoskeleton organization
23660_reviewed	regulation of DNA-templated transcription
80818_reviewed	regulation of transcription by RNA polymerase II
65251_reviewed	regulation of transcription by RNA polymerase II
93474_reviewed	lipid metabolic process
4332_reviewed	activation of innate immune response
124540_reviewed	central nervous system development
171017_reviewed	regulation of transcription by RNA polymerase II
10620_reviewed	positive regulation of transcription by RNA polymerase II
2296_reviewed	anatomical structure morphogenesis
9745_reviewed	negative regulation of neuron differentiation
129138_reviewed	nucleocytoplasmic transport
1636_reviewed	proteolysis
5724_reviewed	chemotaxis
624_reviewed	arachidonate secretion
9370_reviewed	brown fat cell differentiation
199953_reviewed	angiogenesis
84823_reviewed	heterochromatin formation
63932_reviewed	endoplasmic reticulum membrane organization
51759_reviewed	chromosome segregation
10652_reviewed	endoplasmic reticulum to Golgi vesicle-mediated transport
224_reviewed	aldehyde metabolic process
10424_reviewed	adipose tissue development
84159_reviewed	adipose tissue development
57798_reviewed	chromatin organization
166968_reviewed	negative regulation of transcription by RNA polymerase II
58516_reviewed	negative regulation of cell differentiation
23613_reviewed	double-strand break repair via homologous recombination
114825_reviewed	chromatin remodeling
57473_reviewed	constitutive heterochromatin formation
9658_reviewed	adipose tissue development
25925_reviewed	neuron fate commitment
9640_reviewed	negative regulation of insulin receptor signaling pathway
23060_reviewed	muscle organ development
152485_reviewed	chromatin remodeling
94104_reviewed	mRNA splicing, via spliceosome
6936_reviewed	mRNA splicing, via spliceosome
8536_reviewed	cell differentiation
28951_reviewed	negative regulation of fat cell differentiation
23328_reviewed	positive regulation of angiogenesis
84951_reviewed	intracellular protein localization
57093_reviewed	innate immune response
23192_reviewed	aggrephagy
1397_reviewed	hemopoiesis
84301_reviewed	cellular response to hydroxyurea
2584_reviewed	galactitol metabolic process
2948_reviewed	glutathione metabolic process
9446_reviewed	cellular response to arsenic-containing substance
140838_reviewed	CMP-N-acetylneuraminate biosynthetic process
5238_reviewed	carbohydrate metabolic process
27068_reviewed	diphosphate metabolic process
5831_reviewed	cellular response to oxidative stress
7264_reviewed	'de novo' GDP-L-fucose biosynthetic process
7389_reviewed	heme A biosynthetic process
9948_reviewed	actin filament depolymerization
10269_reviewed	adult walking behavior
60468_reviewed	import into nucleus
116071_reviewed	defense response to protozoan
1628_reviewed	liver development
183_reviewed	angiotensin-activated signaling pathway
59272_reviewed	proteolysis
197322_reviewed	fatty acid biosynthetic process
57130_reviewed	extraction of mislocalized protein from ER membrane
533_reviewed	endosomal lumen acidification
3426_reviewed	complement activation, classical pathway
64834_reviewed	alpha-linolenic acid metabolic process
10961_reviewed	intracellular protein transport
2222_reviewed	cholesterol biosynthetic process
3249_reviewed	basement membrane disassembly
84975_reviewed	molybdate ion transport
64710_reviewed	cellular response to X-ray
54681_reviewed	regulation of erythrocyte differentiation
54872_reviewed	GPI anchor biosynthetic process
121260_reviewed	dipeptide import across plasma membrane
55530_reviewed	xenobiotic transport
9143_reviewed	positive regulation of transporter activity
10430_reviewed	multi-pass transmembrane protein insertion into ER membrane
27075_reviewed	regulation of calcium ion transmembrane transport
11319_reviewed	fibroblast proliferation
1278_reviewed	blood vessel development
1281_reviewed	aorta smooth muscle tissue morphogenesis
1291_reviewed	2-oxoglutarate metabolic process
7681_reviewed	protein polyubiquitination
10844_reviewed	brain development
5346_reviewed	cellular response to cold
51099_reviewed	cell differentiation
495_reviewed	intracellular potassium ion homeostasis
6856_reviewed	chemical synaptic transmission
136371_reviewed	intracellular signal transduction
493829_reviewed	exocytosis
7328_reviewed	proteasome-mediated ubiquitin-dependent protein catabolic process
23305_reviewed	acyl-CoA metabolic process
58488_reviewed	lipid transport
84282_reviewed	antiviral innate immune response
10257_reviewed	bile acid and bile salt transport
57104_reviewed	acylglycerol acyl-chain remodeling
64328_reviewed	positive regulation of protein export from nucleus
113174_reviewed	positive regulation of synoviocyte proliferation
10558_reviewed	ceramide biosynthetic process
54919_reviewed	cilium movement
23154_reviewed	bone resorption
55027_reviewed	erythrocyte maturation
23597_reviewed	acyl-CoA metabolic process
5176_reviewed	cellular response to cobalt ion
146_reviewed	adenylate cyclase-activating adrenergic receptor signaling pathway
6641_reviewed	muscle contraction
6943_reviewed	branching involved in ureteric bud morphogenesis
501_reviewed	aldehyde metabolic process
6822_reviewed	3'-phosphoadenosine 5'-phosphosulfate metabolic process
10240_reviewed	mitochondrial translation
10295_reviewed	amino acid catabolic process
11151_reviewed	actin cytoskeleton organization
55753_reviewed	2-oxoglutarate metabolic process
5106_reviewed	cellular response to dexamethasone stimulus
57215_reviewed	cell population proliferation
55363_reviewed	cell differentiation
25934_reviewed	mitophagy
5629_reviewed	acinar cell differentiation
9580_reviewed	anatomical structure morphogenesis
8646_reviewed	BMP signaling pathway
642273_reviewed	positive regulation of cell migration
972_reviewed	antigen processing and presentation
1610_reviewed	D-alanine catabolic process
2879_reviewed	apoptotic process
2937_reviewed	amino acid metabolic process
8045_reviewed	apoptotic process
10201_reviewed	apoptotic process
81554_reviewed	mitochondrial fusion
39_reviewed	farnesyl diphosphate biosynthetic process, mevalonate pathway
80823_reviewed	learning or memory
2214_reviewed	antibody-dependent cellular cytotoxicity
5739_reviewed	adenylate cyclase-activating G protein-coupled receptor signaling pathway
27306_reviewed	cyclooxygenase pathway
873_reviewed	epithelial cell differentiation
5733_reviewed	adenylate cyclase-activating G protein-coupled receptor signaling pathway
150094_reviewed	anoikis
51203_reviewed	establishment of mitotic spindle localization
115703_reviewed	protein transport
340419_reviewed	bone mineralization
84870_reviewed	blood vessel remodeling
343637_reviewed	nail development
201475_reviewed	autophagy
5742_reviewed	prostaglandin biosynthetic process
6815_reviewed	negative regulation of protein binding
222235_reviewed	SCF-dependent proteasomal ubiquitin-dependent protein catabolic process
65986_reviewed	negative regulation of transcription by RNA polymerase II
1241_reviewed	G protein-coupled receptor signaling pathway
26576_reviewed	cell differentiation
89801_reviewed	regulation of glycogen (starch) synthase activity
10023_reviewed	canonical Wnt signaling pathway
91768_reviewed	cell division
9772_reviewed	intracellular magnesium ion homeostasis
51535_reviewed	constitutive heterochromatin formation
8814_reviewed	heart development
1852_reviewed	ERK1 and ERK2 cascade
26097_reviewed	chromatin remodeling
80011_reviewed	negative regulation of proteasomal protein catabolic process
8233_reviewed	mRNA splicing, via spliceosome
51329_reviewed	mRNA processing
1906_reviewed	adenylate cyclase-inhibiting G protein-coupled receptor signaling pathway
14_reviewed	angiogenesis
1565_reviewed	alkaloid catabolic process
4924_reviewed	small GTPase-mediated signal transduction
56413_reviewed	chemotaxis
2658_reviewed	activin receptor signaling pathway
3778_reviewed	intracellular potassium ion homeostasis
175_reviewed	protein deglycosylation
56851_reviewed	protein insertion into ER membrane by stop-transfer membrane-anchor sequence
143888_reviewed	protein O-linked glycosylation via glucose
56983_reviewed	axial mesoderm development
4125_reviewed	glycoprotein catabolic process
23324_reviewed	glycoprotein catabolic process
23509_reviewed	angiogenesis
9374_reviewed	fatty-acyl-CoA biosynthetic process
27348_reviewed	endoplasmic reticulum organization
283349_reviewed	signal transduction
54504_reviewed	proteolysis
57608_reviewed	cell adhesion
252983_reviewed	cellular response to type II interferon
84859_reviewed	septin cytoskeleton organization
23143_reviewed	cellular response to chemokine
317762_reviewed	cell population proliferation
2039_reviewed	actin cytoskeleton organization
5740_reviewed	apoptotic signaling pathway
9388_reviewed	cholesterol homeostasis
22994_reviewed	cilium assembly
58487_reviewed	ATF6-mediated unfolded protein response
3199_reviewed	anterior/posterior pattern specification
118611_reviewed	protein polyubiquitination
4015_reviewed	ascending aorta development
55795_reviewed	negative regulation of gene expression, epigenetic
2678_reviewed	amino acid metabolic process
54874_reviewed	autophagy
53635_reviewed	positive regulation of transcription by RNA polymerase II
55197_reviewed	mRNA 3'-end processing
133619_reviewed	epithelial structure maintenance
5226_reviewed	D-gluconate metabolic process
223_reviewed	aldehyde metabolic process
2805_reviewed	aspartate biosynthetic process
826_reviewed	positive regulation of cell population proliferation
28960_reviewed	deadenylation-dependent decapping of nuclear-transcribed mRNA
2271_reviewed	arginine metabolic process
471_reviewed	'de novo' AMP biosynthetic process
84946_reviewed	ribosomal small subunit biogenesis
57175_reviewed	actin cytoskeleton organization
51071_reviewed	carbohydrate catabolic process
1781_reviewed	microtubule-based movement
728689_reviewed	formation of cytoplasmic translation initiation complex
2673_reviewed	circadian regulation of gene expression
10007_reviewed	carbohydrate metabolic process
132789_reviewed	carbohydrate metabolic process
3417_reviewed	2-oxoglutarate metabolic process
54187_reviewed	carbohydrate biosynthetic process
9943_reviewed	cell volume homeostasis
22930_reviewed	brain development
25782_reviewed	establishment of protein localization to endoplasmic reticulum membrane
58490_reviewed	mRNA 3'-end processing
56931_reviewed	mRNA processing
6470_reviewed	carnitine biosynthetic process
54878_reviewed	apoptotic process
80218_reviewed	establishment of mitotic sister chromatid cohesion
63935_reviewed	methylation
55223_reviewed	innate immune response
10475_reviewed	innate immune response
126282_reviewed	negative regulation of TOR signaling
3575_reviewed	B cell homeostasis
53944_reviewed	endocytosis
11196_reviewed	endoplasmic reticulum to Golgi vesicle-mediated transport
389421_reviewed	miRNA catabolic process
131405_reviewed	3'-UTR-mediated mRNA destabilization
10314_reviewed	carbohydrate metabolic process
55920_reviewed	cell division
140461_reviewed	intracellular signal transduction
6713_reviewed	cholesterol biosynthetic process
92591_reviewed	intracellular signal transduction
140456_reviewed	endoplasmic reticulum unfolded protein response
57663_reviewed	defense response to virus
54675_reviewed	cardiolipin biosynthetic process
80263_reviewed	bone development
22890_reviewed	B cell differentiation
5224_reviewed	canonical glycolysis
23462_reviewed	angiogenesis
23241_reviewed	apoptotic process
5641_reviewed	antigen processing and presentation of exogenous peptide antigen via MHC class I, TAP-dependent
57551_reviewed	central nervous system neuron development
5261_reviewed	generation of precursor metabolites and energy
5256_reviewed	carbohydrate metabolic process
5255_reviewed	generation of precursor metabolites and energy
23432_reviewed	adenylate cyclase-activating G protein-coupled receptor signaling pathway
84264_reviewed	methylglyoxal catabolic process to D-lactate via S-lactoyl-glutathione
147339_reviewed	negative regulation of viral life cycle
225689_reviewed	DNA damage response
157_reviewed	desensitization of G protein-coupled receptor signaling pathway
644815_reviewed	BMP signaling pathway
222584_reviewed	cell population proliferation
114991_reviewed	regulation of transcription by RNA polymerase II
286077_reviewed	biomineral tissue development
9462_reviewed	adipose tissue development
28966_reviewed	protein transport
56977_reviewed	embryo development ending in birth or egg hatching
51150_reviewed	calcium-ion regulated exocytosis
115098_reviewed	cell division
23178_reviewed	energy homeostasis
9922_reviewed	actin cytoskeleton organization
114818_reviewed	proteasome-mediated ubiquitin-dependent protein catabolic process
4440_reviewed	central nervous system development
10957_reviewed	nuclear-transcribed mRNA catabolic process, nonsense-mediated decay
2686_reviewed	glutathione biosynthetic process
149986_reviewed	maternal mRNA clearance
29997_reviewed	cellular response to hypoxia
79727_reviewed	cellular response to glucose stimulus
11103_reviewed	ribosomal small subunit biogenesis
51808_reviewed	protein transport
23029_reviewed	maturation of LSU-rRNA from tricistronic rRNA transcript (SSU-rRNA, 5.8S rRNA, LSU-rRNA)
2720_reviewed	carbohydrate metabolic process
27037_reviewed	methylation
55341_reviewed	nuclear export
81788_reviewed	actin cytoskeleton organization
81501_reviewed	cellular response to interleukin-4
7253_reviewed	adenylate cyclase-activating G protein-coupled receptor signaling pathway
9289_reviewed	angiogenesis
6775_reviewed	cell surface receptor signaling pathway via JAK-STAT
51704_reviewed	cell volume homeostasis
109_reviewed	acrosome reaction
968_reviewed	autocrine signaling
2780_reviewed	adenylate cyclase-modulating G protein-coupled receptor signaling pathway
4162_reviewed	anatomical structure morphogenesis
970_reviewed	adaptive immune memory response involving T cells and B cells
81502_reviewed	cellular response to oxidative stress
5002_reviewed	organic cation transport
55544_reviewed	3'-UTR-mediated mRNA stabilization
23762_reviewed	lipid transport
9885_reviewed	bile acid biosynthetic process
114880_reviewed	bile acid biosynthetic process
114884_reviewed	intermembrane lipid transfer
114885_reviewed	fat cell differentiation
5800_reviewed	axon guidance
7429_reviewed	actin filament capping
249_reviewed	bone mineralization
54931_reviewed	mitochondrial RNA 5'-end processing
2926_reviewed	anterior/posterior pattern specification
953_reviewed	ADP catabolic process
138151_reviewed	negative regulation of cell population proliferation
374_reviewed	cell-cell signaling
79047_reviewed	negative regulation of DNA-templated transcription
80755_reviewed	alanyl-tRNA aminoacylation
80222_reviewed	mitochondrial threonyl-tRNA aminoacylation
55191_reviewed	'de novo' NAD+ biosynthetic process from L-tryptophan
55172_reviewed	axonemal dynein complex assembly
6813_reviewed	cellular response to type II interferon
23187_reviewed	basement membrane organization
23234_reviewed	nucleosome assembly
5636_reviewed	5-phosphoribose 1-diphosphate biosynthetic process
29765_reviewed	actin filament organization
55466_reviewed	negative regulation of endothelial cell migration
55086_reviewed	negative regulation of double-strand break repair via homologous recombination
5836_reviewed	glucose homeostasis
8468_reviewed	cell differentiation
54851_reviewed	cell differentiation
22824_reviewed	protein folding
124535_reviewed	cell differentiation
26098_reviewed	positive regulation of DNA-templated transcription
2560_reviewed	cellular response to histamine
275_reviewed	glycine catabolic process
11180_reviewed	G1 to G0 transition
5033_reviewed	collagen fibril organization
84306_reviewed	apoptotic process
8394_reviewed	actin cytoskeleton organization
84515_reviewed	DNA damage response
254394_reviewed	DNA damage response
84944_reviewed	cell morphogenesis
84955_reviewed	immune system process
79665_reviewed	mRNA splicing, via spliceosome
282969_reviewed	female mating behavior
10568_reviewed	in utero embryonic development
6094_reviewed	camera-type eye photoreceptor cell differentiation
51495_reviewed	canonical NF-kappaB signal transduction
490_reviewed	calcium ion export across plasma membrane
146862_reviewed	cell differentiation
23252_reviewed	cellular response to nutrient levels
220213_reviewed	protein K63-linked deubiquitination
54726_reviewed	antiviral innate immune response
161725_reviewed	protein deubiquitination
10002_reviewed	cell population proliferation
6096_unreviewed	amacrine cell differentiation
3174_reviewed	cell differentiation
4957_reviewed	cell differentiation
9528_reviewed	autophagy
29035_reviewed	negative regulation of signal transduction by p53 class mediator
171483_reviewed	meiotic cell cycle
765_reviewed	detection of chemical stimulus involved in sensory perception of bitter taste
26047_reviewed	adult behavior
11278_reviewed	negative regulation of transcription by RNA polymerase II
23177_reviewed	centriole-centriole cohesion
8448_reviewed	calcium-dependent activation of synaptic vesicle fusion
1806_reviewed	beta-alanine biosynthetic process
3351_reviewed	adenylate cyclase-inhibiting G protein-coupled receptor signaling pathway
3628_reviewed	phosphate-containing compound metabolic process
9572_reviewed	cell differentiation
23288_reviewed	limb morphogenesis
153657_reviewed	response to endoplasmic reticulum stress
54518_reviewed	positive regulation of cell adhesion
64753_reviewed	acrosome assembly
80318_reviewed	cGMP-mediated signaling
54900_reviewed	adaptive immune response
23609_reviewed	cell differentiation
221143_reviewed	peptidyl-lysine methylation
283208_reviewed	collagen fibril organization
79656_reviewed	negative regulation of DNA-templated transcription
339834_reviewed	DNA recombination
1046_reviewed	anterior/posterior axis specification
90993_reviewed	endoplasmic reticulum unfolded protein response
5837_reviewed	glycogen catabolic process
121268_reviewed	positive regulation of NF-kappaB transcription factor activity
23475_reviewed	'de novo' NAD+ biosynthetic process from L-tryptophan
89927_reviewed	cell motility involved in cerebral cortex radial glia guided migration
6911_reviewed	anatomical structure morphogenesis
259197_reviewed	cell recognition
121441_reviewed	cell division
29789_reviewed	ATP metabolic process
2331_reviewed	collagen fibril organization
55128_reviewed	innate immune response
2009_reviewed	brain development
10221_reviewed	negative regulation of JNK cascade
56203_reviewed	actin filament organization
131377_reviewed	negative regulation of proteasomal ubiquitin-dependent protein catabolic process
26298_reviewed	cell differentiation
1192_reviewed	chloride transport
1442_reviewed	animal organ development
85476_reviewed	mitochondrial translational elongation
51117_reviewed	ubiquinone biosynthetic process
84274_reviewed	methylation
10800_reviewed	calcium ion transport
57105_reviewed	immune response
2882_reviewed	cellular response to oxidative stress
8613_reviewed	Bergmann glial cell differentiation
25893_reviewed	innate immune response
3801_reviewed	epithelial cell-cell adhesion
1200_reviewed	bone resorption
80169_reviewed	bone marrow development
79991_reviewed	negative regulation of telomere maintenance via telomerase
9235_reviewed	cell adhesion
79899_reviewed	cellular response to oxidative stress
22839_reviewed	modification of postsynaptic structure
25828_reviewed	cell redox homeostasis
26100_reviewed	autophagosome assembly
5909_reviewed	adaptive immune response
9882_reviewed	cellular response to insulin stimulus
619279_reviewed	regulation of transcription by RNA polymerase II
9663_reviewed	cellular response to insulin stimulus
91452_reviewed	fatty acid catabolic process
57685_reviewed	calcium ion transport
23175_reviewed	animal organ regeneration
377630_reviewed	apoptotic process
2230_reviewed	cellular response to cAMP
64782_reviewed	intrinsic apoptotic signaling pathway in response to DNA damage by p53 class mediator
4521_reviewed	DNA protection
64098_reviewed	actin cytoskeleton organization
79005_reviewed	alternative mRNA splicing, via spliceosome
84619_reviewed	negative regulation of DNA-templated transcription
191_reviewed	one-carbon metabolic process
211_reviewed	cellular response to insulin stimulus
147872_reviewed	actin filament organization
83594_reviewed	circadian regulation of gene expression
685_reviewed	cell population proliferation
767_reviewed	positive regulation of calcium-mediated signaling
134359_reviewed	centriole elongation
1070_reviewed	cell division
1809_reviewed	actin crosslink formation
3846_reviewed	epidermis development
56896_reviewed	axon guidance
8789_reviewed	fructose 1,6-bisphosphate metabolic process
116173_reviewed	chemotaxis
9724_reviewed	cell differentiation
26051_reviewed	establishment of endothelial barrier
55702_reviewed	generation of catalytic spliceosome for first transesterification step
283385_reviewed	negative regulation of signal transduction by p53 class mediator
2939_reviewed	epithelial cell differentiation
2949_reviewed	glutathione metabolic process
730394_reviewed	DNA-templated transcription
3613_reviewed	inositol biosynthetic process
9672_reviewed	cell migration
125115_reviewed	epithelial cell differentiation
51207_reviewed	dephosphorylation
84948_reviewed	central nervous system formation
4111_reviewed	negative regulation of transcription by RNA polymerase II
56181_reviewed	aerobic respiration
4115_reviewed	negative regulation of transcription by RNA polymerase II
4336_reviewed	nervous system development
4355_reviewed	excitatory postsynaptic potential
10361_reviewed	blastocyst development
163183_reviewed	establishment of epithelial cell apical/basal polarity
4953_reviewed	cell population proliferation
51686_reviewed	negative regulation of polyamine transmembrane transport
5798_reviewed	dense core granule maturation
5373_reviewed	GDP-D-mannose biosynthetic process from fructose-6-phosphate
58473_reviewed	phototransduction
84283_reviewed	cornification
23204_reviewed	apoptotic process
254122_reviewed	endosomal transport
222894_reviewed	cell development
50674_reviewed	axon development
9818_reviewed	mRNA transport
84140_reviewed	cilium assembly
84547_reviewed	neurogenesis
158399_reviewed	regulation of transcription by RNA polymerase II
252884_reviewed	negative regulation of DNA-templated transcription
7586_reviewed	regulation of transcription by RNA polymerase II
8438_reviewed	chromosome organization
8687_reviewed	epithelial cell differentiation
8727_reviewed	cell adhesion
26468_reviewed	cell maturation
9117_reviewed	endoplasmic reticulum to Golgi vesicle-mediated transport
93233_reviewed	cilium movement
9912_reviewed	exocytosis
130271_reviewed	negative regulation of actin filament depolymerization
9413_reviewed	CXCL12-activated CXCR4 signaling pathway
9422_reviewed	regulation of transcription by RNA polymerase II
51763_reviewed	actin cytoskeleton organization
9702_reviewed	fibroblast growth factor receptor signaling pathway
57541_reviewed	positive regulation of DNA-templated transcription
285613_reviewed	positive regulation of cell-substrate adhesion
10106_reviewed	negative regulation of G1/S transition of mitotic cell cycle
122961_reviewed	iron-sulfur cluster assembly
23390_reviewed	axonogenesis
65009_reviewed	cardiac muscle cell proliferation
55118_reviewed	axonal fasciculation
79364_reviewed	positive regulation of DNA-templated transcription
55286_reviewed	regulation of cell cycle
54069_reviewed	cell division
22899_reviewed	negative regulation of synapse maturation
55964_reviewed	cytoskeleton-dependent cytokinesis
55337_reviewed	defense response to virus
199692_reviewed	regulation of transcription by RNA polymerase II
83695_reviewed	cellular response to ionizing radiation
146849_reviewed	acrosome assembly
29078_reviewed	defense response to virus
25940_reviewed	lysosome localization
26228_reviewed	cell surface receptor protein tyrosine kinase signaling pathway
27158_reviewed	electron transport chain
83692_reviewed	cell adhesion
50619_reviewed	regulation of small GTPase mediated signal transduction
57594_reviewed	regulation of transcription by RNA polymerase II
51005_reviewed	N-acetylglucosamine catabolic process
57639_reviewed	cell morphogenesis
652968_reviewed	cellular response to amino acid starvation
158297_reviewed	cell projection organization
387032_reviewed	regulation of transcription by RNA polymerase II
91647_reviewed	mitochondrial proton-transporting ATP synthase complex assembly
54955_reviewed	ribosomal large subunit biogenesis
53340_reviewed	binding of sperm to zona pellucida
54432_reviewed	vesicle-mediated transport
54585_reviewed	flagellated sperm motility
129401_reviewed	cellular response to leukemia inhibitory factor
54828_reviewed	angiogenesis
54870_reviewed	endoplasmic reticulum unfolded protein response
161582_reviewed	cilium movement
342945_reviewed	regulation of transcription by RNA polymerase II
54970_reviewed	axonemal dynein complex assembly
84456_reviewed	chromatin organization
55034_reviewed	Mo-molybdopterin cofactor biosynthetic process
55156_reviewed	intracellular distribution of mitochondria
55454_reviewed	chondroitin sulfate proteoglycan biosynthetic process
202051_reviewed	cell differentiation
79848_reviewed	positive regulation of cell division
79839_reviewed	centriole-centriole cohesion
79618_reviewed	negative regulation of DNA-templated transcription
79719_reviewed	protein transport
130340_reviewed	intracellular protein transport
80726_reviewed	spermatid development
340371_reviewed	DNA damage response
83852_reviewed	cell division
93426_reviewed	cell division
199221_reviewed	ciliary transition zone assembly
282809_reviewed	acrosome assembly
29767_reviewed	actin filament organization
23144_reviewed	mRNA 3'-end processing
256297_reviewed	amacrine cell differentiation
84295_reviewed	blastocyst hatching
9807_reviewed	inositol phosphate biosynthetic process
29984_reviewed	actin filament bundle assembly
54509_reviewed	actin filament organization
4534_reviewed	phosphatidylinositol biosynthetic process
9421_reviewed	angiogenesis
1267_reviewed	adult locomotory behavior
2823_reviewed	neural retina development
116442_reviewed	autophagy
8675_reviewed	endocytic recycling
11202_reviewed	ERBB4 signaling pathway
26286_reviewed	COPI coating of Golgi vesicle
51059_reviewed	lipid metabolic process
55204_reviewed	Golgi organization
83447_reviewed	cell differentiation
285195_reviewed	defense response to bacterium
84446_reviewed	associative learning
2701_reviewed	blood vessel development
55715_reviewed	cell surface receptor protein tyrosine kinase signaling pathway
79971_reviewed	anterior/posterior axis specification
26009_reviewed	chromatin organization
124944_reviewed	chromatin organization
643_reviewed	B cell activation
54941_reviewed	adaptive immune response
9744_reviewed	protein transport
6491_reviewed	centrosome duplication
64802_reviewed	ATP generation from poly-ADP-D-ribose
8774_reviewed	intra-Golgi vesicle-mediated transport
79811_reviewed	apoptotic process
10939_reviewed	axonogenesis
23_reviewed	inflammatory response
4513_reviewed	ATP synthesis coupled electron transport
5445_reviewed	lactone catabolic process
22931_reviewed	brain development
55831_reviewed	protein insertion into ER membrane by stop-transfer membrane-anchor sequence
284361_reviewed	angiogenesis
23065_reviewed	protein insertion into ER membrane by stop-transfer membrane-anchor sequence
51234_reviewed	apoptotic process
399694_reviewed	apoptotic process
10044_reviewed	JNK cascade
64759_reviewed	positive regulation of Rac protein signal transduction
10810_reviewed	actin cytoskeleton organization
124930_reviewed	negative regulation of receptor internalization
338692_reviewed	negative regulation of receptor internalization
200894_reviewed	cilium assembly
122011_reviewed	negative regulation of canonical Wnt signaling pathway
4976_reviewed	apoptotic process
54103_reviewed	positive regulation of amyloid-beta formation
10437_reviewed	antigen processing and presentation of exogenous peptide antigen via MHC class I
151195_reviewed	cell differentiation
83931_reviewed	glycogen metabolic process
219699_reviewed	angiogenesis
5538_reviewed	adult locomotory behavior
1621_reviewed	behavioral response to ethanol
7425_reviewed	carbohydrate homeostasis
51213_reviewed	mRNA transport
51593_reviewed	neuronal stem cell population maintenance
92305_reviewed	ERAD pathway
5502_reviewed	glycogen metabolic process
1180_reviewed	chloride transmembrane transport
133584_reviewed	extracellular matrix organization
55168_reviewed	mitochondrial translation
9904_reviewed	positive regulation of embryonic development
79893_reviewed	cell differentiation
27180_reviewed	cell adhesion
54520_reviewed	endocytic recycling
57020_reviewed	endocytic recycling
6097_reviewed	adipose tissue development
4109_reviewed	negative regulation of transcription by RNA polymerase II
55810_reviewed	cell differentiation
25886_reviewed	cilium assembly
152926_reviewed	branched-chain amino acid catabolic process
594_reviewed	branched-chain alpha-keto acid decarboxylation to branched-chain acyl-CoA
593_reviewed	branched-chain alpha-keto acid decarboxylation to branched-chain acyl-CoA
57007_reviewed	angiogenesis
10412_reviewed	maturation of 5.8S rRNA
55135_reviewed	Cajal body organization
25871_reviewed	negative regulation of neuron differentiation
55320_reviewed	cell division
3115_reviewed	adaptive immune response
725_reviewed	blood coagulation
5627_reviewed	blood coagulation
84154_reviewed	maturation of LSU-rRNA from tricistronic rRNA transcript (SSU-rRNA, 5.8S rRNA, LSU-rRNA)
55850_reviewed	endoplasmic reticulum tubular network organization
55764_reviewed	camera-type eye morphogenesis
9742_reviewed	cilium assembly
57539_reviewed	cellular response to leukemia inhibitory factor
57728_reviewed	cell morphogenesis
112752_reviewed	cilium assembly
10078_reviewed	spliceosomal snRNP assembly
55094_reviewed	mRNA splicing, via spliceosome
60625_reviewed	in utero embryonic development
10217_reviewed	negative regulation of G1/S transition of mitotic cell cycle
146909_reviewed	cell division
28976_reviewed	long-chain fatty acid metabolic process
4540_reviewed	aerobic respiration
483_reviewed	intracellular potassium ion homeostasis
221421_reviewed	axonemal central apparatus assembly
2070_reviewed	anatomical structure morphogenesis
140710_reviewed	cell division
145508_reviewed	intracellular protein localization
3796_reviewed	cell division
51300_reviewed	mitochondrial respiratory chain complex I assembly
55863_reviewed	mitochondrial respiratory chain complex I assembly
283150_reviewed	brain development
9933_reviewed	regulation of protein ADP-ribosylation
4931_reviewed	positive regulation of protein binding
123016_reviewed	axon guidance
27241_reviewed	cilium assembly
129880_reviewed	cilium assembly
55696_reviewed	cellular response to xenobiotic stimulus
153129_reviewed	amino acid transmembrane transport
79583_reviewed	camera-type eye development
79867_reviewed	cilium assembly
27077_reviewed	camera-type eye development
80776_reviewed	cilium assembly
54903_reviewed	branching morphogenesis of an epithelial tube
91663_reviewed	establishment of endothelial barrier
221830_reviewed	cellular response to leukemia inhibitory factor
338657_reviewed	chromosome separation
55604_reviewed	actin filament network formation
57482_reviewed	epithelial structure maintenance
84516_reviewed	aorta development
10671_reviewed	mitotic spindle organization
26953_reviewed	protein import into nucleus
84524_reviewed	apoptotic process
79768_reviewed	cytoplasmic microtubule organization
55571_reviewed	nuclear-transcribed mRNA poly(A) tail shortening
29920_reviewed	cellular response to oxidative stress
11166_reviewed	brain development
51096_reviewed	ribosomal small subunit biogenesis
153443_reviewed	maturation of SSU-rRNA
64434_reviewed	hair follicle maturation
79080_reviewed	chromosome segregation
23160_reviewed	maturation of SSU-rRNA from tricistronic rRNA transcript (SSU-rRNA, 5.8S rRNA, LSU-rRNA)
57050_reviewed	brain development
51335_reviewed	mitochondrial ribosome assembly
170506_reviewed	3'-UTR-mediated mRNA destabilization
8446_reviewed	protein dephosphorylation
55607_reviewed	actin filament organization
54976_reviewed	adaptive thermogenesis
54468_reviewed	cellular response to amino acid starvation
79726_reviewed	cellular response to amino acid starvation
253461_reviewed	DNA damage response
8886_reviewed	cellular response to estradiol stimulus
5875_reviewed	endoplasmic reticulum to Golgi vesicle-mediated transport
55262_reviewed	cilium assembly
55610_reviewed	endocytic recycling
7260_reviewed	endocytic recycling
64087_reviewed	branched-chain amino acid catabolic process
23201_reviewed	positive regulation of base-excision repair
51008_reviewed	DNA alkylation repair
84164_reviewed	DNA alkylation repair
114876_reviewed	bile acid biosynthetic process
56652_reviewed	DNA-templated DNA replication
8545_reviewed	epigenetic regulation of gene expression
4528_reviewed	formation of translation preinitiation complex
4705_reviewed	aerobic respiration
64847_reviewed	carbohydrate metabolic process
55526_reviewed	generation of precursor metabolites and energy
3421_reviewed	carbohydrate metabolic process
129285_reviewed	regulation of intracellular mRNA localization
10795_reviewed	cell differentiation
85450_reviewed	extrinsic apoptotic signaling pathway via death domain receptors
537_reviewed	cellular response to increased oxygen levels
84317_reviewed	cellular response to increased oxygen levels
55012_reviewed	B cell homeostasis
55347_reviewed	glucuronate metabolic process
54938_reviewed	mitochondrial seryl-tRNA aminoacylation
284114_reviewed	apoptotic process
245973_reviewed	positive regulation of Wnt signaling pathway
84138_reviewed	developmental process
25923_reviewed	endoplasmic reticulum membrane fusion
64843_reviewed	axonogenesis
9910_reviewed	endocytosis
80173_reviewed	cilium assembly
150737_reviewed	cilium assembly
92104_reviewed	intraciliary transport
57560_reviewed	apoptotic process
64792_reviewed	cilium assembly
144577_reviewed	cellular response to amino acid starvation
4538_reviewed	aerobic respiration
92667_reviewed	mitochondrial DNA repair
4946_reviewed	negative regulation of polyamine transmembrane transport
729438_reviewed	cellular response to L-arginine
23277_reviewed	intracellular distribution of mitochondria
51614_reviewed	endoplasmic reticulum to Golgi vesicle-mediated transport
51290_reviewed	endoplasmic reticulum to Golgi vesicle-mediated transport
79018_reviewed	proteasome-mediated ubiquitin-dependent protein catabolic process
221154_reviewed	calcium import into the mitochondrion
10367_reviewed	calcium import into the mitochondrion
27285_reviewed	cilium assembly
64793_reviewed	cell migration
63875_reviewed	mitochondrial translation
5533_reviewed	calcineurin-mediated signaling
10615_reviewed	cell division
23779_reviewed	negative regulation of endocytic recycling
122416_reviewed	intracellular copper ion homeostasis
51430_reviewed	ossification
605_reviewed	chromatin remodeling
9275_reviewed	apoptotic process
57648_reviewed	cell differentiation
10311_reviewed	endocytic recycling
4702_reviewed	aerobic respiration
27031_reviewed	atrial septum development
49855_reviewed	antral ovarian follicle growth
8897_reviewed	cellular response to glucose starvation
9592_reviewed	cell motility
221895_reviewed	lipid metabolic process
27019_reviewed	cilium movement
64446_reviewed	cilium assembly
3752_reviewed	action potential
5593_reviewed	intracellular signal transduction
79073_reviewed	cellular response to gamma radiation
90417_reviewed	cell division
84978_reviewed	actomyosin structure organization
6574_reviewed	biomineral tissue development
5506_reviewed	glycogen metabolic process
54934_reviewed	chromatin organization
92912_reviewed	protein K48-linked ubiquitination
84749_reviewed	autophagy of mitochondrion
166793_reviewed	negative regulation of cell population proliferation
1889_reviewed	axonogenesis involved in innervation
117_reviewed	adenylate cyclase-activating G protein-coupled receptor signaling pathway
55841_reviewed	cell migration
347517_reviewed	intra-Golgi vesicle-mediated transport
10927_reviewed	gamete generation
51001_reviewed	mitochondrial ribosome assembly
79954_reviewed	maturation of SSU-rRNA from tricistronic rRNA transcript (SSU-rRNA, 5.8S rRNA, LSU-rRNA)
8659_reviewed	L-proline catabolic process
55207_reviewed	anterograde axonal transport
79624_reviewed	DNA damage response
1327_reviewed	cellular respiration
84549_reviewed	maturation of 5.8S rRNA
30_reviewed	alpha-linolenic acid metabolic process
79031_reviewed	actin cytoskeleton organization
57826_reviewed	establishment of endothelial intestinal barrier
51202_reviewed	extrinsic apoptotic signaling pathway via death domain receptors
51142_reviewed	cellular response to oxidative stress
25978_reviewed	autophagosome maturation
51004_reviewed	ubiquinone biosynthetic process
51805_reviewed	glycerol metabolic process
64175_reviewed	bone development
10491_reviewed	collagen fibril organization
55677_reviewed	chromatin remodeling
51119_reviewed	bone marrow development
79631_reviewed	cytosolic ribosome assembly
23233_reviewed	exocytosis
150962_reviewed	primary miRNA processing
54942_reviewed	dendrite morphogenesis
51762_reviewed	antigen processing and presentation
84656_reviewed	transcription elongation-coupled chromatin remodeling
4942_reviewed	L-arginine catabolic process to L-glutamate
80273_reviewed	intracellular protein transport
27000_reviewed	'de novo' cotranslational protein folding
51182_reviewed	'de novo' cotranslational protein folding
51098_reviewed	cilium assembly
10651_reviewed	inner mitochondrial membrane organization
51477_reviewed	inositol biosynthetic process
9277_reviewed	maturation of SSU-rRNA from tricistronic rRNA transcript (SSU-rRNA, 5.8S rRNA, LSU-rRNA)
160287_reviewed	lactate metabolic process
4134_reviewed	cell division
56922_reviewed	biotin metabolic process
7841_reviewed	oligosaccharide metabolic process
51642_reviewed	mitochondrial translation
65083_reviewed	ribosomal small subunit biogenesis
53343_reviewed	ADP catabolic process
5095_reviewed	branched-chain amino acid metabolic process
5096_reviewed	branched-chain amino acid metabolic process
64318_reviewed	DNA replication initiation
6745_reviewed	cotranslational protein targeting to membrane
23760_reviewed	lipid metabolic process
5357_reviewed	actin filament bundle assembly
5358_reviewed	actin filament bundle assembly
23203_reviewed	protein processing
84057_reviewed	homologous chromosome pairing at meiosis
29893_reviewed	homologous chromosome pairing at meiosis
27127_reviewed	meiotic cell cycle
6051_reviewed	proteolysis
9790_reviewed	endonucleolytic cleavage of tricistronic rRNA transcript (SSU-rRNA, 5.8S rRNA, LSU-rRNA)
55153_reviewed	protein transport
8407_reviewed	actin filament organization
29114_reviewed	actin filament organization
8940_reviewed	chromosome segregation
29766_reviewed	actin filament organization
56954_reviewed	asparagine metabolic process
7390_reviewed	cellular response to amine stimulus
55726_reviewed	cell division
24140_reviewed	cytoplasmic translation
84305_reviewed	exon-exon junction complex disassembly
124245_reviewed	RNA destabilization
3916_reviewed	establishment of protein localization to organelle
7542_reviewed	regulation of DNA-templated transcription
4774_reviewed	BMP signaling pathway
84699_reviewed	positive regulation of acute inflammatory response
57455_reviewed	rRNA 3'-end processing
91543_reviewed	CD4-positive, alpha-beta T cell activation
2191_reviewed	angiogenesis
100_reviewed	adenosine catabolic process
1803_reviewed	behavioral fear response
2040_reviewed	host-mediated activation of viral genome replication
7070_reviewed	angiogenesis
55188_reviewed	G protein-coupled receptor signaling pathway
64864_reviewed	positive regulation of transcription by RNA polymerase II
128434_reviewed	negative regulation of neuron apoptotic process
27071_reviewed	protein dephosphorylation
10100_reviewed	astrocyte development
116448_reviewed	axon development
1412_reviewed	lens development in camera-type eye
10817_reviewed	fibroblast growth factor receptor signaling pathway
79142_reviewed	autophagy
115992_reviewed	autophagy
139599_reviewed	brain morphogenesis
6569_reviewed	arsenate ion transmembrane transport
11009_reviewed	apoptotic process
10_reviewed	xenobiotic metabolic process
114822_reviewed	negative regulation of stress fiber assembly
2817_reviewed	cell migration
9851_reviewed	centriole replication
374654_reviewed	microtubule-based movement
10464_reviewed	activation of Janus kinase activity
153241_reviewed	astral microtubule organization
79649_reviewed	microtubule cytoskeleton organization
26586_reviewed	apoptotic process
51512_reviewed	DNA damage response, signal transduction by p53 class mediator
256714_reviewed	axon development
22832_reviewed	cilium assembly
167691_reviewed	intraciliary transport
93594_reviewed	cilium assembly
11020_reviewed	cilium assembly
6787_reviewed	cell division
132320_reviewed	cilium assembly
55857_reviewed	spindle organization
7798_reviewed	apical constriction
123811_reviewed	cilium assembly
10806_reviewed	cell projection organization
343099_reviewed	positive regulation of adipose tissue development
79796_reviewed	dolichol-linked oligosaccharide biosynthetic process
1047_reviewed	binding of sperm to zona pellucida
91289_reviewed	protein maturation
116150_reviewed	angiogenesis
9789_reviewed	protein targeting to ER
54862_reviewed	apical dendrite arborization
10198_reviewed	negative regulation of cilium assembly
57701_reviewed	microtubule bundle formation
23271_reviewed	axon development
57662_reviewed	cilium movement
57480_reviewed	regulation of small GTPase mediated signal transduction
284086_reviewed	animal organ morphogenesis
203286_reviewed	determination of left/right symmetry
64784_reviewed	cellular response to cAMP
10195_reviewed	dolichol-linked oligosaccharide biosynthetic process
347_reviewed	angiogenesis
7780_reviewed	intracellular zinc ion homeostasis
9145_reviewed	cellular response to leukemia inhibitory factor
23590_reviewed	isoprenoid biosynthetic process
6341_reviewed	intracellular copper ion homeostasis
79133_reviewed	methylation
51363_reviewed	chondroitin sulfate proteoglycan biosynthetic process
874_reviewed	cognition
1212_reviewed	clathrin-dependent endocytosis
3074_reviewed	astrocyte cell migration
9787_reviewed	centrosome localization
7942_reviewed	adaptive immune response
5257_reviewed	generation of precursor metabolites and energy
11232_reviewed	DNA-templated DNA replication
5428_reviewed	base-excision repair
51474_reviewed	actin filament bundle assembly
5872_reviewed	bicellular tight junction assembly
54949_reviewed	mitochondrial electron transport, succinate to ubiquinone
7259_reviewed	nucleosome assembly
4007_reviewed	cell projection organization
79149_reviewed	regulation of transcription by RNA polymerase II
7812_reviewed	CRD-mediated mRNA stabilization
8731_reviewed	7-methylguanosine mRNA capping
9991_reviewed	anatomical structure morphogenesis
57606_reviewed	cytoplasmic microtubule organization
57704_reviewed	bile acid metabolic process
10994_reviewed	fatty acid alpha-oxidation
11021_reviewed	antigen processing and presentation
11031_reviewed	cellular response to insulin stimulus
3797_reviewed	microtubule-based movement
22862_reviewed	cell-cell adhesion
23355_reviewed	endosomal vesicle fusion
56992_reviewed	centrosome separation
26995_reviewed	mitochondrial tRNA pseudouridine synthesis
51263_reviewed	mitochondrial translation
51318_reviewed	mitochondrial translation
54948_reviewed	mitochondrial translation
55075_reviewed	intrinsic apoptotic signaling pathway in response to DNA damage
55171_reviewed	maintenance of centrosome location
55422_reviewed	regulation of DNA-templated transcription
55435_reviewed	negative regulation of cell motility
55680_reviewed	regulation of endocytosis
63979_reviewed	ATP metabolic process
55732_reviewed	chromosome segregation
57117_reviewed	regulation of transcription elongation by RNA polymerase II
57624_reviewed	neuron projection morphogenesis
57706_reviewed	endocytic recycling
64963_reviewed	mitochondrial translation
83871_reviewed	antigen processing and presentation
84265_reviewed	transcription by RNA polymerase III
84303_reviewed	cristae formation
84939_reviewed	chromatin organization
80179_reviewed	actin filament organization
90378_reviewed	chromatin organization
91272_reviewed	cell division
91624_reviewed	axon guidance
113178_reviewed	exocytosis
205860_reviewed	innate immune response
219927_reviewed	mitochondrial translation
254048_reviewed	chromatin organization
255394_reviewed	muscle cell migration
55735_reviewed	cristae formation
286257_reviewed	DNA damage response
404636_reviewed	endosome transport via multivesicular body sorting pathway
100170841_reviewed	neuron fate commitment
2253_reviewed	anatomical structure morphogenesis
2250_reviewed	cell-cell signaling
23002_reviewed	presynaptic actin cytoskeleton organization
2077_reviewed	cell differentiation
27242_reviewed	adaptive immune response
154214_reviewed	protein ubiquitination
23087_reviewed	apoptotic process
4783_reviewed	cellular response to interleukin-4
2354_reviewed	behavioral response to cocaine
100271849_unreviewed	cell differentiation
5317_reviewed	ameloblast differentiation
100129654_reviewed	developmental process
3400_reviewed	astrocyte differentiation
285231_reviewed	protein ubiquitination
2298_reviewed	anatomical structure morphogenesis
200350_reviewed	anatomical structure morphogenesis
2302_reviewed	actin cytoskeleton organization
221322_reviewed	determination of left/right symmetry
29105_reviewed	cilium assembly
5991_reviewed	cell maturation
5990_reviewed	acrosome assembly
4741_reviewed	neurofilament bundle assembly
9118_reviewed	cell differentiation
5630_reviewed	intermediate filament organization
26261_reviewed	axoneme assembly
51339_reviewed	embryonic hindgut morphogenesis
2702_reviewed	angiogenesis
10052_reviewed	atrial cardiac muscle cell action potential
2784_reviewed	cell volume homeostasis
7036_reviewed	cellular response to iron ion
29886_reviewed	early endosome to Golgi transport
8644_reviewed	cellular response to calcium ion
2103_reviewed	cell dedifferentiation
221120_reviewed	cell population proliferation
28992_reviewed	DNA damage response
121340_reviewed	cellular response to parathyroid hormone stimulus
218_reviewed	aldehyde metabolic process
58509_reviewed	cellular response to interleukin-1
152559_reviewed	negative regulation of MAP kinase activity
340152_reviewed	3'-UTR-mediated mRNA destabilization
345611_reviewed	autophagosome assembly
375298_reviewed	negative regulation of apoptotic process
58480_reviewed	actin filament organization
81790_reviewed	adult walking behavior
57600_reviewed	intrinsic apoptotic signaling pathway in response to DNA damage
55867_reviewed	monoatomic ion transport
56270_reviewed	autophagosome assembly
23329_reviewed	negative regulation of cilium assembly
9619_reviewed	amyloid precursor protein catabolic process
64506_reviewed	cellular response to amino acid stimulus
143279_reviewed	protein polyubiquitination
285855_reviewed	blastocyst formation
79989_reviewed	axoneme assembly
253943_reviewed	mRNA destabilization
55277_reviewed	carbohydrate phosphorylation
80267_reviewed	carbohydrate metabolic process
54443_reviewed	actomyosin contractile ring assembly
389856_reviewed	defense response to virus
92565_reviewed	negative regulation of apoptotic process
55014_reviewed	autophagosome maturation
199713_reviewed	cellular response to interleukin-1
55218_reviewed	DNA double-strand break processing
55008_reviewed	hematopoietic progenitor cell differentiation
79888_reviewed	negative regulation of phosphatidylcholine biosynthetic process
23300_reviewed	DNA damage response
7090_reviewed	animal organ morphogenesis
3712_reviewed	branched-chain amino acid catabolic process
57017_reviewed	mitochondrial electron transport, NADH to ubiquinone
10229_reviewed	determination of adult lifespan
160760_reviewed	negative regulation of mitophagy
114971_reviewed	cardiolipin biosynthetic process
79979_reviewed	tRNA processing
27440_reviewed	glycerophospholipid biosynthetic process
139322_reviewed	cristae formation
114294_reviewed	lipid metabolic process
9830_reviewed	inflammatory response
54413_reviewed	adult behavior
1583_reviewed	C21-steroid hormone biosynthetic process
10965_reviewed	acyl-CoA metabolic process
84634_reviewed	G protein-coupled receptor signaling pathway
29914_reviewed	menaquinone biosynthetic process
23237_reviewed	anterior/posterior pattern specification
7364_reviewed	androgen metabolic process
2878_reviewed	hydrogen peroxide catabolic process
9540_reviewed	apoptotic process
144097_reviewed	DNA damage response
374569_reviewed	aspartate family amino acid metabolic process
57326_reviewed	articular cartilage development
1149_reviewed	apoptotic process
63924_reviewed	apoptotic process
201292_reviewed	antiviral innate immune response
22868_reviewed	apoptotic process
1558_reviewed	epoxygenase P450 pathway
440503_reviewed	lipid droplet organization
123_reviewed	cellular response to glucose starvation
58157_reviewed	cellular response to hypoxia
6769_reviewed	cellular response to heat
92241_reviewed	cellular hyperosmotic response
166378_reviewed	brain development
79029_reviewed	autophagosome maturation
116987_reviewed	protein transport
54969_reviewed	DNA damage response
6385_reviewed	cell migration
56829_reviewed	defense response to virus
474_reviewed	auditory receptor cell fate determination
9811_reviewed	nuclear-transcribed mRNA catabolic process, nonsense-mediated decay
57216_reviewed	anterior/posterior pattern specification
51266_reviewed	cell surface receptor signaling pathway
9819_reviewed	negative regulation of cell cycle
55016_reviewed	antigen processing and presentation of peptide antigen via MHC class II
4107_reviewed	negative regulation of transcription by RNA polymerase II
10447_reviewed	epidermal cell differentiation
139341_reviewed	autophagy of mitochondrion
339745_reviewed	negative regulation of protein ubiquitination
29126_reviewed	adaptive immune response
84236_reviewed	apoptotic process
197259_reviewed	cell surface receptor signaling pathway
91137_reviewed	autophagy of mitochondrion
84251_reviewed	clathrin-dependent endocytosis
23149_reviewed	clathrin coat assembly
84722_reviewed	cell division
23017_reviewed	apoptotic signaling pathway
143384_reviewed	G1/S transition of mitotic cell cycle
9475_reviewed	actin cytoskeleton organization
220042_reviewed	apoptotic process
5737_reviewed	adenylate cyclase-activating G protein-coupled receptor signaling pathway
54704_reviewed	peptidyl-threonine dephosphorylation
54664_reviewed	dendrite morphogenesis
11122_reviewed	cell adhesion
150290_reviewed	dephosphorylation
26095_reviewed	lymphangiogenesis
338599_reviewed	glucose homeostasis
1844_reviewed	endoderm formation
10736_reviewed	anatomical structure morphogenesis
64419_reviewed	macroautophagy
8776_reviewed	phosphatidylinositol biosynthetic process
26507_reviewed	magnesium ion homeostasis
138639_reviewed	cilium assembly
6510_reviewed	amino acid transport
81839_reviewed	mucociliary clearance
5799_reviewed	insulin secretion involved in cellular response to glucose stimulus
10687_reviewed	positive regulation of apoptotic process
8732_reviewed	7-methylguanosine mRNA capping
83989_reviewed	mRNA processing
7179_reviewed	protein dephosphorylation
93492_reviewed	phosphatidylinositol biosynthetic process
1847_reviewed	dephosphorylation
399979_reviewed	chondrocyte differentiation
55219_reviewed	brain development
81567_reviewed	negative regulation of apoptotic process
63904_reviewed	flagellated sperm motility
56940_reviewed	cellular response to epidermal growth factor stimulus
2140_reviewed	anatomical structure morphogenesis
9997_reviewed	eye development
65263_reviewed	L-proline biosynthetic process
51091_reviewed	conversion of seryl-tRNAsec to selenocys-tRNAsec
25902_reviewed	10-formyltetrahydrofolate biosynthetic process
57524_reviewed	regulation of postsynaptic density assembly
124590_reviewed	equilibrioception
122622_reviewed	'de novo' AMP biosynthetic process
79809_reviewed	Bergmann glial cell differentiation
27152_reviewed	cell division
30850_reviewed	Golgi to secretory granule transport
27154_reviewed	chromatin remodeling
55506_reviewed	brain development
494115_reviewed	mRNA processing
55765_reviewed	adherens junction maintenance
80139_reviewed	adherens junction assembly
6041_reviewed	defense response to virus
55036_reviewed	axonemal dynein complex assembly
54680_reviewed	box C/D snoRNP assembly
89857_reviewed	B cell receptor signaling pathway
27175_reviewed	cytoplasmic microtubule organization
100532731_unreviewed	apoptotic signaling pathway
58478_reviewed	L-methionine salvage from methylthioadenosine
54998_reviewed	mitochondrial translation
79600_reviewed	central nervous system interneuron axonogenesis
83448_reviewed	mRNA processing
7448_reviewed	cell adhesion
755_reviewed	cilium assembly
6035_reviewed	defense response to Gram-positive bacterium
390916_reviewed	butyryl-CoA catabolic process
729830_reviewed	protein localization to perinuclear region of cytoplasm
54867_reviewed	apoptotic process
84858_reviewed	G1 to G0 transition involved in cell differentiation
113026_reviewed	angiogenesis
79587_reviewed	cysteinyl-tRNA aminoacylation
135295_reviewed	mRNA 5'-splice site recognition
122830_reviewed	protein stabilization
79731_reviewed	asparaginyl-tRNA aminoacylation
91875_reviewed	cellular response to starvation
587_reviewed	branched-chain amino acid biosynthetic process
9749_reviewed	actin cytoskeleton organization
55750_reviewed	glycerolipid metabolic process
90580_reviewed	protein insertion into mitochondrial inner membrane
23438_reviewed	histidyl-tRNA aminoacylation
55572_reviewed	mitochondrial respiratory chain complex I assembly
54805_reviewed	magnesium ion homeostasis
9911_reviewed	amyloid precursor protein metabolic process
283464_reviewed	protein O-linked glycosylation via glucose
9567_reviewed	cytoplasmic translation
326625_reviewed	cobalamin metabolic process
114034_reviewed	snRNA 3'-end processing
79882_reviewed	cell differentiation
444_reviewed	activation of store-operated calcium channel activity
55117_reviewed	amino acid transport
79140_reviewed	cilium assembly
84451_reviewed	protein autophosphorylation
64951_reviewed	mitochondrial translation
54961_reviewed	actin cytoskeleton organization
200205_reviewed	heme biosynthetic process
55132_reviewed	mRNA stabilization
85437_reviewed	mRNA splicing, via spliceosome
55176_reviewed	post-translational protein targeting to membrane, translocation
10999_reviewed	establishment of localization in cell
6388_reviewed	protein refolding
23753_reviewed	cellular response to misfolded protein
493869_reviewed	cellular response to oxidative stress
81542_reviewed	negative regulation of platelet aggregation
11253_reviewed	endoplasmic reticulum mannose trimming
23341_reviewed	regulation of autophagosome size
60681_reviewed	aorta morphogenesis
11231_reviewed	liver development
55230_reviewed	negative regulation of apoptotic process
54953_reviewed	intracellular protein localization
8842_reviewed	camera-type eye photoreceptor cell differentiation
222950_reviewed	neuron projection morphogenesis
3350_reviewed	adenylate cyclase-inhibiting serotonin receptor signaling pathway
23769_reviewed	cell adhesion
6423_reviewed	BMP signaling pathway
3730_reviewed	axon guidance
64777_reviewed	proteasome-mediated ubiquitin-dependent protein catabolic process
160622_reviewed	regulation of postsynaptic neurotransmitter receptor internalization
55010_reviewed	DNA repair
113510_reviewed	DNA double-strand break processing involved in repair via single-strand annealing
8322_reviewed	angiogenesis
23024_reviewed	neuromuscular junction development
10626_reviewed	positive regulation of DNA-templated transcription
10627_reviewed	platelet aggregation
379_reviewed	intracellular protein transport
9052_reviewed	negative regulation of epidermal growth factor-activated receptor activity
158880_reviewed	DNA damage response
7073_reviewed	apoptotic process
10346_reviewed	defense response to virus
29066_reviewed	miRNA processing
115004_reviewed	cGAS/STING signaling pathway
64236_reviewed	actin cytoskeleton organization
56302_reviewed	calcium ion homeostasis
55512_reviewed	BMP signaling pathway
107_reviewed	adenylate cyclase-activating G protein-coupled receptor signaling pathway
55906_reviewed	nervous system development
6248_reviewed	negative regulation of D-glucose transmembrane transport
9258_reviewed	erythrocyte differentiation
153562_reviewed	bicellular tight junction assembly
79651_reviewed	negative regulation of inflammatory response to antigenic stimulus
81844_reviewed	defense response to virus
253430_reviewed	inositol phosphate biosynthetic process
84131_reviewed	cilium organization
4520_reviewed	cartilage homeostasis
57488_reviewed	endocytosis
148_reviewed	adenylate cyclase-activating adrenergic receptor signaling pathway
8808_reviewed	cell surface receptor signaling pathway
3356_reviewed	artery smooth muscle contraction
57558_reviewed	protein deubiquitination
29988_reviewed	carbohydrate metabolic process
4314_reviewed	cellular response to amino acid stimulus
84072_reviewed	blastocyst development
83706_reviewed	cell-matrix adhesion
29122_reviewed	proteolysis
4485_reviewed	negative regulation of gluconeogenesis
54629_reviewed	proteolysis
55793_reviewed	proteolysis
644_reviewed	apoptotic DNA fragmentation
55124_reviewed	germ-line stem cell population maintenance
79831_reviewed	circadian regulation of gene expression
7262_reviewed	animal organ morphogenesis
23081_reviewed	androgen receptor signaling pathway
80856_reviewed	blood coagulation
7982_reviewed	extracellular matrix organization
27231_reviewed	NAD+ biosynthetic process via the salvage pathway
152831_reviewed	carbohydrate metabolic process
91039_reviewed	negative regulation of programmed cell death
161198_reviewed	cell migration
79812_reviewed	angiogenesis
132864_reviewed	cellular response to hypoxia
115207_reviewed	protein homooligomerization
8895_reviewed	cellular response to calcium ion
4253_reviewed	endoplasmic reticulum to Golgi vesicle-mediated transport
10113_reviewed	COPII vesicle coating
54221_reviewed	central nervous system development
151_reviewed	adenylate cyclase-inhibiting adrenergic receptor signaling pathway
59_reviewed	cellular response to transforming growth factor beta stimulus
64423_reviewed	actin filament polymerization
3141_reviewed	biotin metabolic process
3029_reviewed	glutathione biosynthetic process
5754_reviewed	actin cytoskeleton organization
60312_reviewed	regulation of signal transduction
135644_reviewed	innate immune response
84141_reviewed	apoptotic process
5142_reviewed	cAMP catabolic process
27244_reviewed	cellular oxidant detoxification
55908_reviewed	cell maturation
79097_reviewed	innate immune response
8435_reviewed	cholesterol efflux
148066_reviewed	negative regulation of cell cycle
9582_reviewed	clearance of foreign intracellular DNA
6932_reviewed	canonical Wnt signaling pathway
203228_reviewed	autophagosome-lysosome fusion
140775_reviewed	autophagy
55255_reviewed	autophagy
54361_reviewed	adrenal gland development
149095_reviewed	fusion of sperm to egg plasma membrane involved in single fertilization
134549_reviewed	actin filament bundle assembly
79568_reviewed	calcium import into the mitochondrion
55699_reviewed	isoleucyl-tRNA aminoacylation
84930_reviewed	cell division
4200_reviewed	malate metabolic process
4836_reviewed	in utero embryonic development
286887_reviewed	intermediate filament cytoskeleton organization
5814_reviewed	negative regulation of transcription by RNA polymerase II
64432_reviewed	mitochondrial translation
90957_reviewed	positive regulation of translation
85364_reviewed	activation of innate immune response
84182_reviewed	protein K48-linked deubiquitination
26762_reviewed	phagocytosis, engulfment
57369_reviewed	cell-cell signaling
23150_reviewed	establishment of epithelial cell polarity
10841_reviewed	cytoskeleton organization
51490_reviewed	cell division
92715_reviewed	protein histidyl modification to diphthamide
1139_reviewed	acetylcholine receptor signaling pathway
201516_reviewed	negative regulation of mitotic recombination
4507_reviewed	L-methionine salvage from methylthioadenosine
2256_reviewed	cell-cell signaling
5806_reviewed	extracellular matrix organization
29015_reviewed	hypoxanthine transport
84328_reviewed	response to ionizing radiation
58489_reviewed	negative regulation of protein localization to microtubule
11097_reviewed	mRNA transport
359_reviewed	actin filament organization
79188_reviewed	innate immune response
23555_reviewed	negative regulation of Notch signaling pathway
3598_reviewed	cytokine-mediated signaling pathway
138065_reviewed	apoptotic process
8692_reviewed	carbohydrate metabolic process
29980_reviewed	DNA damage checkpoint signaling
79816_reviewed	actin filament organization
84315_reviewed	protein secretion
51622_reviewed	vesicle-mediated transport
9242_reviewed	branchiomeric skeletal muscle development
51715_reviewed	autophagosome assembly
51496_reviewed	bone development
5834_reviewed	glycogen catabolic process
4522_reviewed	10-formyltetrahydrofolate biosynthetic process
51727_reviewed	'de novo' pyrimidine nucleobase biosynthetic process
1646_reviewed	cellular response to jasmonic acid stimulus
285513_reviewed	cell morphogenesis involved in neuron differentiation
10840_reviewed	10-formyltetrahydrofolate catabolic process
338785_reviewed	intermediate filament organization
51599_reviewed	epithelial structure maintenance
57181_reviewed	epithelial to mesenchymal transition
6560_reviewed	cell volume homeostasis
7779_reviewed	cadmium ion transmembrane transport
24145_reviewed	ATP transport
28982_reviewed	blood vessel development
6515_reviewed	carbohydrate metabolic process
54477_reviewed	reproductive system development
10723_reviewed	cell volume homeostasis
120_reviewed	barbed-end actin filament capping
2683_reviewed	acute inflammatory response
146850_reviewed	angiogenesis
285489_reviewed	enzyme-linked receptor protein signaling pathway
23189_reviewed	actin cytoskeleton organization
11155_reviewed	actin cytoskeleton organization
133746_reviewed	'de novo' actin filament nucleation
9751_reviewed	neuron differentiation
7258_reviewed	cell differentiation
4939_reviewed	antiviral innate immune response
58504_reviewed	angiogenesis
2982_reviewed	blood circulation
157285_reviewed	cell migration
1758_reviewed	biomineral tissue development
51105_reviewed	negative regulation of proteasomal ubiquitin-dependent protein catabolic process
3773_reviewed	potassium ion import across plasma membrane
84792_reviewed	negative regulation of transcription by RNA polymerase II
79879_reviewed	angiogenesis
9403_reviewed	'de novo' post-translational protein folding
51109_reviewed	cellular detoxification of aldehyde
54869_reviewed	positive regulation of ruffle assembly
84632_reviewed	inflammatory response
8506_reviewed	axonogenesis
1662_reviewed	anterior head development
25926_reviewed	maturation of SSU-rRNA
85395_reviewed	maturation of SSU-rRNA from tricistronic rRNA transcript (SSU-rRNA, 5.8S rRNA, LSU-rRNA)
54555_reviewed	positive regulation of cell growth
121227_reviewed	otolith morphogenesis
1103_reviewed	acetylcholine biosynthetic process
3861_reviewed	epidermis development
3868_reviewed	cytoskeleton organization
7781_reviewed	positive regulation of transport
7782_reviewed	response to toxic substance
6752_reviewed	adenylate cyclase-inhibiting G protein-coupled receptor signaling pathway
54918_reviewed	endocytic recycling
8140_reviewed	alanine transport
144402_reviewed	cellular response to calcium ion
2030_reviewed	adenine transport
23657_reviewed	adult behavior
80381_reviewed	positive regulation of T cell proliferation
23670_reviewed	angiogenesis
57707_reviewed	negative regulation of cellular response to oxidative stress
57446_reviewed	cell differentiation
91942_reviewed	cilium assembly
23580_reviewed	cellular response to type II interferon
6507_reviewed	auditory behavior
9712_reviewed	Golgi organization
57669_reviewed	actomyosin structure organization
768211_reviewed	positive regulation of p38MAPK cascade
25921_reviewed	innate immune response
55789_reviewed	cell migration
23167_reviewed	phosphatidylinositol phosphate biosynthetic process
81539_reviewed	amino acid import
8677_reviewed	Golgi vesicle transport
253832_reviewed	host-mediated activation of viral process
92521_reviewed	actin cytoskeleton organization
1362_reviewed	peptide metabolic process
6542_reviewed	amino acid import across plasma membrane
65062_reviewed	cilium assembly
6573_reviewed	cyclic-GMP-AMP transmembrane import across plasma membrane
285282_reviewed	B cell differentiation
23516_reviewed	cellular response to glucose stimulus
5099_reviewed	cell adhesion
4919_reviewed	astrocyte development
56704_reviewed	calcium ion transport into cytosol
29091_reviewed	negative regulation of exocytosis
6533_reviewed	alanine transport
1525_reviewed	actin cytoskeleton organization
57720_reviewed	clathrin-dependent endocytosis
147007_reviewed	cellular response to increased oxygen levels
23042_reviewed	carboxylic acid metabolic process
1824_reviewed	bundle of His cell-Purkinje myocyte adhesion involved in cell communication
7355_reviewed	galactose metabolic process
10057_reviewed	cAMP transport
79932_reviewed	flagellated sperm motility
25963_reviewed	cellular response to mechanical stimulus
1186_reviewed	chloride transmembrane transport
6535_reviewed	amino acid transport
29801_reviewed	high-density lipoprotein particle assembly
54503_reviewed	positive regulation of canonical NF-kappaB signal transduction
6522_reviewed	amelogenesis
79752_reviewed	cellular response to arsenite ion
91107_reviewed	protein ubiquitination
26284_reviewed	mitochondrial small ribosomal subunit assembly
54902_reviewed	mitochondrial respiratory chain complex III assembly
1802_reviewed	protein histidyl modification to diphthamide
1801_reviewed	fibroblast proliferation
79861_reviewed	microtubule cytoskeleton organization
55915_reviewed	carbohydrate metabolic process
1902_reviewed	adenylate cyclase-inhibiting G protein-coupled receptor signaling pathway
65095_reviewed	endonucleolytic cleavage in ITS1 to separate SSU-rRNA from 5.8S rRNA and LSU-rRNA from tricistronic rRNA transcript (SSU-rRNA, 5.8S rRNA, LSU-rRNA)
4259_reviewed	arachidonate metabolic process
65260_reviewed	respiratory chain complex IV assembly
22943_reviewed	canonical Wnt signaling pathway
27020_reviewed	axon guidance
54537_reviewed	DNA repair
149840_reviewed	DNA repair
8904_reviewed	cellular response to calcium ion
10881_reviewed	acrosome assembly
10769_reviewed	DNA damage response, signal transduction by p53 class mediator
3557_reviewed	acute-phase response
163702_reviewed	cellular response to virus
4593_reviewed	cell differentiation
50507_reviewed	bone resorption
5756_reviewed	actin filament depolymerization
57198_reviewed	Golgi organization
79400_reviewed	angiogenesis
917_reviewed	adaptive immune response
146310_reviewed	cell differentiation
23767_reviewed	axon guidance
57528_reviewed	behavioral fear response
83903_reviewed	intracellular signal transduction
8549_reviewed	epithelial cell proliferation involved in renal tubule morphogenesis
27350_reviewed	clearance of foreign intracellular DNA
3117_reviewed	adaptive immune response
3119_reviewed	adaptive immune response
57030_reviewed	chloride transport
246213_reviewed	cochlea development
140679_reviewed	beta-alanine transport
221481_reviewed	flagellated sperm motility
23514_reviewed	cellular response to camptothecin
54465_reviewed	DNA damage response
440026_reviewed	autophagosome assembly
55312_reviewed	apoptotic process
29100_reviewed	autophagy
3954_reviewed	calcium export from the mitochondrion
4916_reviewed	axon extension involved in regeneration
22891_reviewed	cerebellar molecular layer morphogenesis
113451_reviewed	agmatine biosynthetic process
267012_reviewed	D-amino acid metabolic process
4552_reviewed	cobalamin metabolic process
4548_reviewed	axon regeneration
63976_reviewed	beige fat cell differentiation
84243_reviewed	innate immune response
27133_reviewed	potassium ion transmembrane transport
25830_reviewed	dendrite arborization
9173_reviewed	immune response
5648_reviewed	complement activation, alternative pathway
2705_reviewed	cell-cell signaling
9990_reviewed	angiogenesis
2998_reviewed	glycogen biosynthetic process
51231_reviewed	DNA damage response
58495_reviewed	angiogenesis
8638_reviewed	antiviral innate immune response
5031_reviewed	cellular response to prostaglandin E stimulus
51296_reviewed	dipeptide import across plasma membrane
29928_reviewed	protein insertion into mitochondrial inner membrane
1268_reviewed	adenylate cyclase-activating G protein-coupled receptor signaling pathway
