fold_id,y_true,y_proba,y_pred_default,y_pred_optimal
1,1,0.499517464175528,0,1
1,1,0.8167634763202282,1,1
1,0,0.12269650126307961,0,1
1,1,0.5523696019334138,1,1
1,0,0.4537051190572256,0,1
1,0,0.17788677227176963,0,1
1,0,0.6273038572839934,1,1
1,1,0.13291504779264485,0,1
1,1,0.34197772263137705,0,1
1,1,0.9353727170934981,1,1
1,0,0.04498899835051654,0,0
1,1,0.4986671427505725,0,1
1,1,0.6280118945276583,1,1
1,1,0.13994645770750994,0,1
1,0,0.17039819318840926,0,1
1,0,0.1597699939648116,0,1
1,0,0.16112899847614848,0,1
1,0,0.06392691138412354,0,1
1,1,0.42084710944618553,0,1
1,0,0.1360240191009516,0,1
1,1,0.5028497226141635,1,1
1,0,0.3260888461922763,0,1
1,0,0.6779822886137179,1,1
1,0,0.3690843009165188,0,1
1,1,0.1955021121900269,0,1
1,0,0.04040572909697652,0,0
1,1,0.3333434278951304,0,1
1,1,0.22739747286358503,0,1
1,0,0.6433204512822204,1,1
1,0,0.5537874148049802,1,1
1,1,0.9154502826698788,1,1
1,0,0.2634784357584954,0,1
1,1,0.5547056224791993,1,1
1,0,0.22305738631387023,0,1
1,0,0.785247771240335,1,1
1,1,0.4040470995335648,0,1
1,0,0.07879718430345835,0,1
1,1,0.24237483646349806,0,1
1,0,0.29236647730977594,0,1
1,0,0.2929704418062878,0,1
1,0,0.5809164272124695,1,1
1,1,0.249716519378811,0,1
1,1,0.8811881263844074,1,1
1,1,0.9265117658468591,1,1
1,1,0.2666074823544817,0,1
1,1,0.17981935358297904,0,1
1,0,0.28541174446192996,0,1
1,1,0.7797514903013277,1,1
1,0,0.20397804837096514,0,1
1,1,0.5563147165600338,1,1
1,0,0.07248423940680837,0,1
1,1,0.38037110023837767,0,1
1,1,0.4675554957698488,0,1
1,1,0.7271291260724541,1,1
1,1,0.7719558372196232,1,1
1,1,0.7690840537996081,1,1
1,0,0.06603707049597048,0,1
1,0,0.09887805470804087,0,1
1,0,0.19024199042829307,0,1
1,1,0.5380013833741383,1,1
1,0,0.060178036334998186,0,0
1,1,0.5378956545143618,1,1
1,1,0.5237036873785713,1,1
1,1,0.6162042805401499,1,1
1,1,0.6291558388158268,1,1
1,1,0.9322984180177203,1,1
1,0,0.31225904469492083,0,1
1,1,0.32006068830983536,0,1
1,1,0.8387070381314637,1,1
1,0,0.0738365137131432,0,1
1,1,0.7257425996633892,1,1
1,1,0.6538678087190798,1,1
1,0,0.16767246355996376,0,1
1,1,0.514808346704674,1,1
1,1,0.6071434502655617,1,1
1,1,0.9290545731977213,1,1
1,0,0.2257535352755051,0,1
1,1,0.508362438981713,1,1
1,0,0.5408294870662129,1,1
1,0,0.14664964266938105,0,1
1,1,0.6104801925411204,1,1
1,0,0.13610873009320051,0,1
1,1,0.5082139300477636,1,1
1,0,0.365399107691248,0,1
1,1,0.5213921085526996,1,1
1,1,0.7021947186887989,1,1
1,0,0.6835837066956285,1,1
1,0,0.40882531599365607,0,1
1,1,0.6269904633602197,1,1
1,1,0.4661755167571568,0,1
1,0,0.1216374611528106,0,1
1,0,0.7120413888426964,1,1
1,1,0.696780417143864,1,1
1,1,0.4419793702336798,0,1
1,0,0.08007327816936907,0,1
1,1,0.49831814385564344,0,1
1,1,0.6594187414460523,1,1
1,1,0.1906641592444194,0,1
1,1,0.14167443851057618,0,1
1,0,0.34546744248834593,0,1
1,1,0.8314343606027838,1,1
1,1,0.8081499086366847,1,1
1,1,0.5791841212461192,1,1
1,0,0.5074310655465792,1,1
1,1,0.06128789791780132,0,1
1,1,0.763430632541803,1,1
1,1,0.900068031895513,1,1
1,1,0.7553458726654008,1,1
1,1,0.8017110166190452,1,1
1,1,0.3425687019944516,0,1
1,0,0.42079205382197477,0,1
1,0,0.07889003931260313,0,1
1,0,0.05016538907472686,0,0
1,1,0.2977403655097905,0,1
1,0,0.5211386601820734,1,1
1,1,0.28524676835964524,0,1
1,1,0.6257771207340044,1,1
1,1,0.2748946154066286,0,1
1,0,0.10965172191686076,0,1
1,1,0.44659988883979534,0,1
1,1,0.725974609101216,1,1
1,1,0.29211103616249506,0,1
1,1,0.8472043235516251,1,1
1,0,0.251048370606573,0,1
1,0,0.3701190141674462,0,1
1,1,0.5864924918301836,1,1
1,0,0.42709652808582643,0,1
1,1,0.854344834576345,1,1
1,1,0.40749964181549886,0,1
1,0,0.25107728031297494,0,1
1,0,0.14379111014036194,0,1
1,0,0.3990543900787757,0,1
1,1,0.837118873276908,1,1
1,1,0.3101749035619289,0,1
1,1,0.05382563864303961,0,0
1,1,0.22207495298288876,0,1
1,1,0.3236890831125436,0,1
1,1,0.46061192469546025,0,1
1,0,0.5476848378366367,1,1
1,1,0.7143776158149588,1,1
1,0,0.6630135088781148,1,1
1,1,0.5218023196012459,1,1
1,0,0.6188979407988784,1,1
1,0,0.8077923509619415,1,1
1,1,0.1698078290348712,0,1
1,0,0.601602550405714,1,1
1,1,0.6629207078929477,1,1
1,0,0.1597207440926843,0,1
1,0,0.2404745932068959,0,1
1,1,0.31479197029624056,0,1
1,1,0.9056047348083754,1,1
1,1,0.9417248291876592,1,1
1,1,0.861848551840173,1,1
1,1,0.7216639689401656,1,1
1,0,0.1737369212321874,0,1
1,1,0.36793305534065635,0,1
1,1,0.770977926837064,1,1
1,0,0.47867227993283507,0,1
1,1,0.15779901005237248,0,1
1,0,0.3806517354004659,0,1
1,0,0.7208322325917539,1,1
1,0,0.1297047388348486,0,1
1,0,0.822229158661792,1,1
1,0,0.16592489103743316,0,1
1,0,0.5848885370748712,1,1
1,1,0.3816408695547203,0,1
1,1,0.7281106843963786,1,1
1,1,0.6067695700071347,1,1
1,1,0.1767343254025807,0,1
1,1,0.9119538691301302,1,1
1,1,0.717561939245285,1,1
1,1,0.3130889370384508,0,1
1,1,0.13124827730947364,0,1
1,0,0.08674001580968997,0,1
1,1,0.21138221697250356,0,1
1,0,0.2550256408989573,0,1
1,0,0.04454016781466367,0,0
1,1,0.5424466152079808,1,1
1,1,0.7296325591939206,1,1
1,1,0.8636351737137912,1,1
1,1,0.640439845546462,1,1
1,1,0.5361671328531509,1,1
1,0,0.6094333484600296,1,1
1,1,0.08142676849022919,0,1
1,1,0.20339253960727105,0,1
1,1,0.2749926499790552,0,1
1,1,0.1009780184848365,0,1
1,1,0.7607285603933681,1,1
1,1,0.20554486379671427,0,1
1,1,0.2558282741850834,0,1
1,1,0.6540329156130898,1,1
1,1,0.63342877629854,1,1
1,1,0.7655321360919062,1,1
1,1,0.9403988218123931,1,1
1,0,0.5001807274464504,1,1
1,0,0.07654849799342275,0,1
1,1,0.7462064025679435,1,1
1,1,0.33168903530761784,0,1
1,0,0.5815399090058639,1,1
1,1,0.4034637562026497,0,1
1,1,0.7600403237506265,1,1
1,0,0.1703509302955308,0,1
1,1,0.568390590043457,1,1
1,0,0.5850853160275011,1,1
1,0,0.390444656459393,0,1
1,1,0.9412453637553521,1,1
1,0,0.36625438044977404,0,1
1,1,0.23410520189811526,0,1
1,1,0.6541408281125473,1,1
1,1,0.6159067847592095,1,1
1,0,0.09781453346344952,0,1
1,0,0.2821240795246425,0,1
1,0,0.43598775872221734,0,1
1,0,0.25160702460734663,0,1
1,0,0.330058804270986,0,1
1,1,0.24391536923883492,0,1
1,1,0.576798904734145,1,1
1,1,0.1547472292769995,0,1
1,1,0.2821952392551626,0,1
1,1,0.5570867505331897,1,1
1,1,0.9287133771523105,1,1
1,1,0.6767807193142703,1,1
1,0,0.6605524788139302,1,1
1,0,0.2100817867213718,0,1
1,1,0.48343158587724067,0,1
1,1,0.6427416350184771,1,1
1,1,0.6164644125254134,1,1
1,1,0.3759581076683349,0,1
1,0,0.41744862348267586,0,1
1,0,0.7313376941024984,1,1
1,0,0.6518530152231753,1,1
1,0,0.21207805860821508,0,1
1,0,0.07826454054578459,0,1
1,0,0.15785396527791515,0,1
1,0,0.176415533445467,0,1
1,1,0.40699518760297637,0,1
1,0,0.29099080692282525,0,1
1,1,0.0838466566040036,0,1
1,1,0.33185786423274805,0,1
1,0,0.10174957969088916,0,1
1,0,0.05175116214286938,0,0
1,0,0.26641810240634706,0,1
1,1,0.6247136251425505,1,1
1,1,0.12407652336678256,0,1
1,1,0.49114982126462753,0,1
1,1,0.16697723990191157,0,1
1,1,0.764700083642715,1,1
1,1,0.583917246218928,1,1
1,1,0.7470094105171828,1,1
1,0,0.2809695586984329,0,1
1,1,0.10920010699387243,0,1
1,1,0.6277504942388887,1,1
1,1,0.43406254494425633,0,1
1,1,0.7680517882084986,1,1
1,1,0.5570440866532879,1,1
1,0,0.27395674447409674,0,1
1,1,0.051137123975827016,0,0
1,0,0.38472067019745354,0,1
1,1,0.6993530938866456,1,1
1,1,0.6825053014308649,1,1
1,1,0.77216050115948,1,1
1,1,0.05969790653059409,0,0
1,0,0.709245406920007,1,1
1,1,0.40479332079928926,0,1
1,1,0.5174308077791422,1,1
1,1,0.1478463015961495,0,1
1,1,0.23616346413759795,0,1
1,1,0.9201126884676284,1,1
1,1,0.4076112161505835,0,1
1,1,0.21627738826239248,0,1
1,0,0.29313157051744027,0,1
1,1,0.6955160171702254,1,1
1,0,0.06290926936238984,0,1
1,1,0.5647311563184231,1,1
1,1,0.9334706366777037,1,1
1,1,0.6714849754076531,1,1
1,1,0.7844812382986229,1,1
1,1,0.15767532954714095,0,1
1,1,0.9395565297653685,1,1
1,0,0.1716150343947472,0,1
1,0,0.07882609988446325,0,1
1,1,0.33880722206747144,0,1
1,1,0.6955590475269642,1,1
1,0,0.5308805723592281,1,1
1,1,0.9384018592072036,1,1
1,0,0.09340397929511166,0,1
1,1,0.9251117064463099,1,1
1,1,0.6593062682048325,1,1
1,0,0.3346396403863891,0,1
1,1,0.06118640410484094,0,1
1,1,0.08636677120823819,0,1
1,1,0.850528808506155,1,1
1,1,0.3230247310976062,0,1
1,1,0.7772682063819256,1,1
1,1,0.9394269617412065,1,1
1,0,0.4868306235862793,0,1
1,1,0.8914459073015922,1,1
1,0,0.443286681144393,0,1
1,1,0.9296877006976516,1,1
1,1,0.7069076081294303,1,1
1,1,0.5589920980978793,1,1
1,1,0.5161565589169645,1,1
1,0,0.43807948741257613,0,1
1,1,0.32390362847325105,0,1
1,0,0.08117410418807365,0,1
1,1,0.6081418337050425,1,1
1,1,0.412460097985473,0,1
1,1,0.5053219345148975,1,1
1,1,0.612903757913417,1,1
1,1,0.9169589876490356,1,1
1,1,0.27543122451883806,0,1
1,0,0.11265067902718286,0,1
1,1,0.7243089191302973,1,1
1,1,0.49176602773669037,0,1
1,1,0.24205586404862547,0,1
1,1,0.38700730003148864,0,1
1,0,0.29842944182454484,0,1
1,1,0.3077929010156891,0,1
1,1,0.10963546365626575,0,1
1,1,0.44331307108829177,0,1
1,1,0.30527704124275024,0,1
1,0,0.5547444496490493,1,1
1,1,0.5111213069457224,1,1
1,1,0.076105742857529,0,1
1,1,0.7505862534470327,1,1
1,1,0.3226871030988082,0,1
1,0,0.2470237781654912,0,1
1,0,0.24770079223518562,0,1
1,1,0.7545941138089117,1,1
1,1,0.2265848067475582,0,1
1,0,0.5691891601788382,1,1
1,0,0.40057442615611777,0,1
1,0,0.1431574032700726,0,1
1,1,0.5569194239433183,1,1
1,1,0.2876737487530062,0,1
1,1,0.7230233769364082,1,1
1,0,0.42993517005184717,0,1
1,1,0.9285568774882911,1,1
1,1,0.27372000339272295,0,1
1,1,0.4410844860246372,0,1
1,0,0.36204316805460335,0,1
1,1,0.0625550794362,0,1
1,1,0.4017203039990832,0,1
1,1,0.9431393270534247,1,1
1,1,0.284666103095551,0,1
1,0,0.6079661043845237,1,1
1,1,0.8382994602797231,1,1
1,1,0.805515222568858,1,1
1,1,0.347212762990222,0,1
1,1,0.07372570313983333,0,1
1,1,0.46224976155328573,0,1
1,1,0.4526515629812728,0,1
1,0,0.37026780650361735,0,1
1,1,0.5806601771576165,1,1
1,1,0.42998206120434107,0,1
1,1,0.8201856528092755,1,1
1,0,0.8303060213472359,1,1
1,1,0.614181532145795,1,1
1,1,0.4028830607541736,0,1
1,1,0.1750851453164358,0,1
1,1,0.20817023664748577,0,1
1,1,0.7812175268720861,1,1
1,1,0.5767643387665784,1,1
1,0,0.6273755821552567,1,1
1,1,0.6962455275602458,1,1
1,1,0.8075064093598562,1,1
1,1,0.4857347151300654,0,1
1,0,0.32975901610642133,0,1
1,1,0.15352837901353975,0,1
1,1,0.7411238728186544,1,1
1,1,0.41567263293297085,0,1
1,0,0.39030146946324473,0,1
1,1,0.11636289697833788,0,1
1,1,0.9400743138181656,1,1
1,1,0.6016727159134896,1,1
1,1,0.792434733089848,1,1
1,1,0.17705754642347066,0,1
1,0,0.24035107326329808,0,1
1,1,0.6874393294390514,1,1
1,0,0.5204433665784342,1,1
1,1,0.4302715684625294,0,1
1,1,0.9416282284619159,1,1
1,0,0.30359774782038423,0,1
1,1,0.9343288822182537,1,1
1,0,0.452600428539459,0,1
1,1,0.6117905186724868,1,1
1,1,0.2997008979765447,0,1
1,0,0.3744042064935944,0,1
1,0,0.2474306816563955,0,1
1,1,0.7597290835569392,1,1
1,1,0.8713075214648448,1,1
1,0,0.41893373157603025,0,1
1,1,0.340121761952694,0,1
1,1,0.463387821801754,0,1
1,1,0.652547409161312,1,1
1,1,0.683193169493241,1,1
1,0,0.1814837143842919,0,1
1,1,0.23006348738008647,0,1
1,1,0.8972460863075395,1,1
1,1,0.9070662656250853,1,1
1,0,0.043489704521090834,0,0
1,1,0.9302728807950456,1,1
1,1,0.9265915483567639,1,1
1,0,0.642924426068287,1,1
1,1,0.8089444862731172,1,1
1,1,0.4602168291056173,0,1
1,1,0.6844651240844505,1,1
1,1,0.7199000220860708,1,1
1,1,0.5066166608766675,1,1
1,0,0.5879156062868395,1,1
1,0,0.2067648973465917,0,1
1,1,0.2767757987328321,0,1
1,0,0.10477116016761384,0,1
1,0,0.1288881896748794,0,1
1,1,0.725723671413392,1,1
1,1,0.4743100604975773,0,1
1,0,0.3406023669225141,0,1
1,1,0.5171203299828259,1,1
1,1,0.4294585424077641,0,1
1,0,0.13055693733640547,0,1
1,1,0.7118115502191178,1,1
1,1,0.5736244301794134,1,1
1,0,0.5565147571287676,1,1
1,1,0.9391848307260213,1,1
1,1,0.8480822902102993,1,1
1,0,0.6922705758470865,1,1
1,1,0.5279470034814758,1,1
1,0,0.27501242381310026,0,1
1,1,0.7041094250234523,1,1
1,1,0.7383429775979795,1,1
1,1,0.9337784476014976,1,1
1,0,0.6672185199327024,1,1
1,1,0.3947496885811987,0,1
1,0,0.6020288121677059,1,1
1,1,0.5297068504506275,1,1
1,1,0.1388165773673182,0,1
1,1,0.7964376518613095,1,1
1,1,0.36512264081458534,0,1
1,1,0.6455437178439812,1,1
1,1,0.7599459545726767,1,1
1,1,0.4784400177796818,0,1
1,1,0.5312791397154373,1,1
1,0,0.07500744390272791,0,1
1,1,0.5400515672857917,1,1
1,1,0.07577251615255483,0,1
1,1,0.7981472348423977,1,1
1,1,0.9189572393683445,1,1
1,1,0.3258678296783377,0,1
1,1,0.31458808567697744,0,1
1,1,0.7145787118386706,1,1
1,1,0.7628470883353483,1,1
1,1,0.5349507177142292,1,1
1,0,0.15440262153298676,0,1
1,1,0.2271817253507791,0,1
1,1,0.25559628575567644,0,1
1,1,0.5691902543875865,1,1
1,0,0.11402713996171675,0,1
1,1,0.21095158081574114,0,1
1,1,0.9300244060775741,1,1
1,0,0.08662798053477355,0,1
1,1,0.8040126436420141,1,1
1,1,0.9392570733059249,1,1
1,1,0.5672415388985907,1,1
1,1,0.937918345474164,1,1
1,1,0.5445863519090637,1,1
1,1,0.2675959547768346,0,1
1,1,0.4025219263980534,0,1
1,1,0.577960113160219,1,1
1,1,0.7154508215368418,1,1
1,1,0.9202041232992522,1,1
1,0,0.5821644862161054,1,1
1,0,0.1257416373865168,0,1
1,1,0.8043985256642251,1,1
1,1,0.6410757392899978,1,1
1,1,0.5223129747261422,1,1
1,1,0.3561419640821074,0,1
1,1,0.5788925353901119,1,1
1,1,0.3589379262990663,0,1
1,1,0.5708505644777008,1,1
1,0,0.10680210588399176,0,1
1,1,0.8207642718530085,1,1
1,1,0.8063496420146808,1,1
1,1,0.8565445121054241,1,1
1,1,0.8528387063413513,1,1
1,1,0.7045419718073316,1,1
1,1,0.39466107144584117,0,1
1,1,0.2867767201994457,0,1
1,1,0.8165080055073973,1,1
1,1,0.23755377052549706,0,1
1,1,0.7358645654446293,1,1
1,1,0.2690742392261616,0,1
1,1,0.915008105509821,1,1
1,1,0.4853397223270883,0,1
1,1,0.5993931738226497,1,1
1,0,0.08635279062581416,0,1
1,1,0.5001043534343662,1,1
1,1,0.8295501660492638,1,1
1,1,0.9402454407547898,1,1
1,1,0.39944045020860175,0,1
1,1,0.6356089929857212,1,1
1,1,0.9317864441878323,1,1
1,0,0.10518118216179578,0,1
1,0,0.23234137403407482,0,1
1,0,0.2326383682187942,0,1
1,1,0.25346316779776706,0,1
1,1,0.3009496294854025,0,1
1,1,0.10679688452071566,0,1
1,1,0.7304345730005724,1,1
1,1,0.8104373111306109,1,1
1,1,0.12480233321978365,0,1
1,0,0.6188021197291853,1,1
1,1,0.16672687466763852,0,1
1,1,0.7931353010399301,1,1
1,1,0.8725554581388972,1,1
1,0,0.06563477090811513,0,1
1,1,0.8685324588368772,1,1
1,1,0.6747742436011521,1,1
1,1,0.9337240515622253,1,1
1,1,0.6226281661426051,1,1
1,0,0.1748521460162839,0,1
1,1,0.5999659103460503,1,1
1,1,0.5549032551030701,1,1
1,1,0.9359816813514958,1,1
1,1,0.9369438424941641,1,1
1,1,0.3497047024133377,0,1
1,1,0.7857987405537268,1,1
1,0,0.07433324315691409,0,1
1,0,0.3291083200086801,0,1
1,0,0.3233678931536223,0,1
1,1,0.3471352387601138,0,1
1,1,0.9299366424967113,1,1
1,1,0.6989529481941136,1,1
1,0,0.1476706593779965,0,1
1,1,0.7115272387045659,1,1
1,0,0.5230566005855956,1,1
1,1,0.9307455403890362,1,1
1,1,0.24797260430918439,0,1
1,1,0.6818572145982515,1,1
1,0,0.23145759863602797,0,1
1,0,0.2074779840195428,0,1
1,1,0.6992854456044648,1,1
1,1,0.6949531808927355,1,1
1,1,0.7961344868642273,1,1
1,1,0.7726225412794294,1,1
1,0,0.6717675450688084,1,1
1,1,0.31312114549144204,0,1
1,0,0.32062454942424456,0,1
1,0,0.2559340411542469,0,1
1,1,0.2112814289600305,0,1
1,1,0.18366845244242674,0,1
1,1,0.7090559824125618,1,1
1,1,0.9381072644327888,1,1
1,1,0.2871707855340516,0,1
1,1,0.6067780124363378,1,1
1,1,0.5475377714260378,1,1
1,1,0.36478576769700305,0,1
1,1,0.5328126008893407,1,1
1,1,0.698083514713699,1,1
1,1,0.4356372271918909,0,1
1,0,0.21293442235488558,0,1
1,0,0.5505148405390263,1,1
1,1,0.6657101610820747,1,1
1,1,0.911257075167107,1,1
1,0,0.5212491358425626,1,1
1,1,0.30574490999725656,0,1
1,1,0.3925873922900849,0,1
1,1,0.19304203410183446,0,1
1,0,0.2690932239272252,0,1
1,0,0.42529979794072287,0,1
1,0,0.15279704894470217,0,1
1,1,0.12926447622943418,0,1
1,0,0.5323653988447792,1,1
1,1,0.44472365978138884,0,1
1,1,0.123278709039943,0,1
1,1,0.2249190203021208,0,1
1,1,0.38112439918783836,0,1
1,1,0.12663499563966812,0,1
1,1,0.921206518089079,1,1
1,1,0.7853644063083612,1,1
1,1,0.9133418621959659,1,1
1,1,0.4936743861172017,0,1
1,1,0.2376562117497105,0,1
1,0,0.07078457655194001,0,1
1,1,0.37017417607852854,0,1
1,0,0.37815151246385864,0,1
1,0,0.13547090350336616,0,1
1,1,0.24192671773617982,0,1
1,1,0.6720986937020798,1,1
1,1,0.9397582391586317,1,1
1,1,0.05631664165718188,0,0
1,0,0.06410959769902504,0,1
1,1,0.4055382569042172,0,1
1,0,0.40414485104479264,0,1
1,1,0.6740706589964119,1,1
1,1,0.5403911074124927,1,1
1,1,0.6892204850990912,1,1
1,1,0.9400469926898027,1,1
1,1,0.3459347546474364,0,1
1,1,0.8014959562069969,1,1
1,1,0.7049607336642981,1,1
1,1,0.16907925777997676,0,1
1,1,0.9260058155108825,1,1
1,1,0.9407590244046901,1,1
1,1,0.9290451916878039,1,1
1,0,0.7589394309622551,1,1
1,1,0.9120113088511356,1,1
1,1,0.18597832425715066,0,1
1,1,0.5804618540065887,1,1
1,1,0.9331953946149891,1,1
1,1,0.45006067480975803,0,1
1,1,0.6014076300884614,1,1
1,1,0.40511036522426674,0,1
1,1,0.934301944689391,1,1
1,1,0.15389430038758467,0,1
1,1,0.9382010087004511,1,1
1,1,0.9361620166541037,1,1
1,1,0.22835518220998674,0,1
1,1,0.16744624938590924,0,1
1,1,0.6723936565095969,1,1
1,1,0.9410249270568845,1,1
1,1,0.5374134181783793,1,1
1,0,0.5457857501341202,1,1
1,1,0.7611229653834954,1,1
1,0,0.6284113803019264,1,1
1,1,0.9270069225025466,1,1
1,1,0.6621236712339471,1,1
1,1,0.06363960981599165,0,1
1,0,0.6304894344216296,1,1
1,0,0.36029359864734656,0,1
1,0,0.16304369423595855,0,1
1,1,0.21284406926712557,0,1
1,1,0.6610711089711636,1,1
1,1,0.2593023448340003,0,1
1,0,0.247411181031473,0,1
1,1,0.5999938852126895,1,1
1,1,0.3005627428295831,0,1
1,1,0.8087787802914894,1,1
1,1,0.9330286009623923,1,1
1,1,0.6095091506722035,1,1
1,0,0.052707731529784925,0,0
1,1,0.17745906241065623,0,1
1,0,0.08229514430429831,0,1
1,1,0.5392974187823031,1,1
1,0,0.26886612098743257,0,1
1,0,0.6424414676802882,1,1
1,0,0.5004988857621414,1,1
1,0,0.2893170495308324,0,1
1,1,0.37477546351384866,0,1
1,1,0.3667353337809979,0,1
1,1,0.9276059205842644,1,1
1,1,0.4587625446160359,0,1
1,0,0.765324531203804,1,1
1,1,0.6107437230426513,1,1
1,0,0.2966719526251682,0,1
1,1,0.608532525603255,1,1
1,1,0.8996717987432756,1,1
1,1,0.6491500234659761,1,1
1,1,0.8285558601694069,1,1
1,1,0.2752996857159268,0,1
1,1,0.2199032420893976,0,1
1,1,0.7944770155344281,1,1
1,1,0.18288864080249753,0,1
1,1,0.9398549698021936,1,1
1,0,0.4540994689131011,0,1
1,0,0.09638839587656256,0,1
1,1,0.9223826726095284,1,1
1,1,0.4064719921751146,0,1
1,1,0.3911030375854203,0,1
1,1,0.8329659441934618,1,1
1,1,0.5691120623451474,1,1
1,1,0.9194842390568633,1,1
1,1,0.29763863315197514,0,1
1,1,0.7440805721641032,1,1
1,1,0.8497537098607453,1,1
1,1,0.27528597655317427,0,1
1,1,0.6139703010868757,1,1
1,1,0.45290995782491816,0,1
1,1,0.21123974536539653,0,1
1,1,0.812348826804209,1,1
1,1,0.6421204147387767,1,1
1,0,0.35042684869693325,0,1
1,0,0.27826397427957417,0,1
1,1,0.5677370121661067,1,1
1,1,0.9366628900565388,1,1
1,1,0.927294598030346,1,1
1,1,0.25349466972532914,0,1
1,1,0.9300634251549531,1,1
1,1,0.5331192682026419,1,1
1,0,0.7082727376799284,1,1
1,0,0.23922546152155644,0,1
1,1,0.6699755614868369,1,1
1,1,0.940963053409422,1,1
1,1,0.5237429166903778,1,1
1,1,0.35948632781255524,0,1
1,1,0.9361318374295373,1,1
1,1,0.5606868992690671,1,1
1,1,0.11939254681007465,0,1
1,1,0.33390845632173866,0,1
1,1,0.8072366442340257,1,1
1,1,0.8241493147993061,1,1
1,1,0.8512609213528319,1,1
1,1,0.15535041665067223,0,1
1,1,0.8211166114700618,1,1
1,1,0.6593209455619323,1,1
1,1,0.4702644785770323,0,1
1,1,0.7004726289640124,1,1
1,1,0.6548050928010389,1,1
1,1,0.7928347627787546,1,1
1,1,0.4600062373134763,0,1
1,0,0.1803725218687349,0,1
1,1,0.39439456910238196,0,1
1,1,0.2662572861928223,0,1
1,1,0.13185311218892226,0,1
1,1,0.08485328567488835,0,1
1,1,0.16918668997082165,0,1
1,1,0.9372272738478298,1,1
1,1,0.691254885099848,1,1
1,1,0.10046689973694063,0,1
1,1,0.25016772703289675,0,1
1,1,0.9371668566048613,1,1
1,1,0.2695865778365797,0,1
1,1,0.7620879063053547,1,1
1,1,0.37960708726698095,0,1
1,1,0.18157679223759274,0,1
1,0,0.5729470510184906,1,1
1,1,0.2243409330209365,0,1
1,1,0.7548690923695607,1,1
1,1,0.3773201854460394,0,1
1,0,0.431995608543801,0,1
1,1,0.9089822857187808,1,1
1,1,0.7536463383399107,1,1
1,1,0.787872686957465,1,1
1,1,0.6958096412654966,1,1
1,0,0.5250183183423669,1,1
1,1,0.7928785309140928,1,1
1,1,0.15353563808589518,0,1
1,1,0.8589896003792568,1,1
1,1,0.6343583906111318,1,1
1,1,0.3151480164533883,0,1
1,1,0.7981138013080532,1,1
1,0,0.6206387505234132,1,1
1,1,0.592846665595571,1,1
1,1,0.6077674254491351,1,1
1,0,0.1079319274803194,0,1
1,1,0.8532998593097485,1,1
1,1,0.5537217923972545,1,1
1,0,0.46400237248101617,0,1
1,1,0.9355526556811452,1,1
1,1,0.25286610606428495,0,1
1,1,0.7553411925136616,1,1
1,1,0.5641414557950502,1,1
1,1,0.4691007797899983,0,1
1,1,0.4937434368096071,0,1
1,1,0.6953944976214327,1,1
1,0,0.35782448235694453,0,1
1,1,0.7778673004446878,1,1
1,0,0.6330400446778124,1,1
1,1,0.07386920037534908,0,1
1,1,0.29412911134600606,0,1
1,0,0.3227904158915824,0,1
1,1,0.4846429784419023,0,1
1,1,0.5332138989569171,1,1
1,1,0.365710383082285,0,1
1,1,0.9301336713448719,1,1
1,1,0.9305408316668121,1,1
1,1,0.9400827478460826,1,1
1,1,0.9418861261975893,1,1
1,1,0.4511811582396847,0,1
1,1,0.45829512506558645,0,1
1,1,0.4039788535422717,0,1
1,1,0.3076846322036013,0,1
1,1,0.8359428278258592,1,1
1,1,0.6674503795218089,1,1
1,1,0.7982173779180929,1,1
1,0,0.20447088841245972,0,1
1,1,0.10481087838171342,0,1
1,1,0.19368649017556566,0,1
1,0,0.30188526255019277,0,1
1,0,0.11118004734351597,0,1
1,1,0.25252120475696394,0,1
1,1,0.08936981819213224,0,1
1,1,0.5861084654796681,1,1
1,1,0.09551930754473477,0,1
1,1,0.9398272925425377,1,1
1,1,0.27314286827260975,0,1
1,1,0.6556077811999964,1,1
1,1,0.6274679946102305,1,1
1,1,0.9234008354718632,1,1
1,1,0.7605574639766643,1,1
1,0,0.372089953328464,0,1
1,1,0.46478786395021254,0,1
1,1,0.9300534645341816,1,1
1,0,0.39086743201525087,0,1
1,1,0.528038693796815,1,1
1,1,0.8550129928960751,1,1
1,1,0.13557541479414797,0,1
1,1,0.08038291156682531,0,1
1,1,0.8348624119933347,1,1
1,1,0.14447553202937866,0,1
1,1,0.4934400706262699,0,1
1,1,0.37299361553542965,0,1
1,1,0.9284559430900764,1,1
1,1,0.49070743030691916,0,1
1,1,0.3109892261758829,0,1
1,1,0.2647530886253019,0,1
1,1,0.07165332612854258,0,1
1,1,0.6216259811060152,1,1
1,1,0.9316544964999964,1,1
1,1,0.49118760627947633,0,1
1,1,0.897166899038167,1,1
1,0,0.161600413812583,0,1
1,0,0.04641385095391509,0,0
1,1,0.36364403819583363,0,1
1,1,0.30446975421831474,0,1
1,1,0.6978430558914417,1,1
1,1,0.20923602388668477,0,1
1,1,0.1829275506900849,0,1
1,1,0.4903057274735871,0,1
1,1,0.8053205538422291,1,1
1,1,0.748139224460494,1,1
1,1,0.5818950190704653,1,1
1,1,0.3842024411067884,0,1
1,0,0.5257507996868983,1,1
1,0,0.5714693052464598,1,1
1,1,0.9377447338523128,1,1
1,1,0.6872136061421527,1,1
1,1,0.18443232246459473,0,1
1,1,0.14700849232726582,0,1
1,1,0.9362136567085668,1,1
1,1,0.22552328788733503,0,1
1,1,0.7298115120511868,1,1
1,0,0.7121990202254717,1,1
1,0,0.6450781601311476,1,1
1,1,0.2928202204837305,0,1
1,1,0.6570175270639406,1,1
1,1,0.5679459423269734,1,1
1,1,0.13730406405015103,0,1
1,1,0.5651898444719983,1,1
1,1,0.7955682179295264,1,1
1,1,0.2595220398536552,0,1
1,1,0.5626654665400798,1,1
1,1,0.7384288749013177,1,1
1,1,0.5874223091183821,1,1
1,1,0.10242774758482746,0,1
1,1,0.2946332687449781,0,1
1,1,0.3867588049989928,0,1
1,0,0.5748491358890008,1,1
1,1,0.9374237799553651,1,1
1,1,0.07930871647999418,0,1
1,1,0.864255349700763,1,1
1,0,0.12872151055532316,0,1
1,0,0.7016566057246483,1,1
1,1,0.5073842821796116,1,1
1,0,0.1591364261933974,0,1
1,1,0.7736488749000974,1,1
1,1,0.852217945482147,1,1
1,1,0.6519234737252854,1,1
1,1,0.9397812662123293,1,1
1,1,0.7197674240882411,1,1
1,0,0.07626284319936294,0,1
1,1,0.6121614625127021,1,1
1,1,0.443034247181813,0,1
1,1,0.8214315336203328,1,1
1,1,0.9240160459273404,1,1
1,1,0.23248441699640598,0,1
1,1,0.5335772068681733,1,1
1,0,0.07574061156293535,0,1
1,1,0.9391556375685922,1,1
1,1,0.6100030417400761,1,1
1,1,0.311597750791381,0,1
1,1,0.47324902437209476,0,1
1,1,0.26381405460554924,0,1
1,1,0.6021825212477169,1,1
1,1,0.6017110414819759,1,1
1,1,0.6189487880612601,1,1
1,0,0.2138695271308616,0,1
1,1,0.7487123289665814,1,1
1,1,0.8267339910512649,1,1
1,1,0.6497736518156992,1,1
1,1,0.39054220015089247,0,1
1,1,0.8121051505994451,1,1
1,0,0.19050809935744026,0,1
1,0,0.17562175391649695,0,1
1,1,0.21778960415409987,0,1
1,1,0.7297207948323657,1,1
1,1,0.5525266344984613,1,1
1,1,0.2623701241009196,0,1
1,1,0.6068369713799858,1,1
1,1,0.1798602941513892,0,1
1,1,0.14744570992353545,0,1
1,1,0.37168371635161446,0,1
1,1,0.3673970866905762,0,1
1,1,0.47410650873894233,0,1
1,1,0.8652203805567046,1,1
1,1,0.40924608663063916,0,1
1,1,0.43354462213867717,0,1
1,1,0.9384861411171795,1,1
1,1,0.8175912817138179,1,1
1,0,0.15695512690395416,0,1
1,1,0.7919966171222053,1,1
1,1,0.7472692609373293,1,1
1,1,0.408557263335348,0,1
1,0,0.12661866040241435,0,1
1,1,0.5993128543153471,1,1
1,1,0.5082915329454668,1,1
1,1,0.6058830126529322,1,1
1,1,0.20242386232775259,0,1
1,0,0.05332934922902072,0,0
1,1,0.1196558599599991,0,1
1,1,0.24826741316033657,0,1
1,1,0.9371593060956801,1,1
1,1,0.761614957298831,1,1
1,1,0.3601724451302748,0,1
1,0,0.27684909301097127,0,1
1,1,0.2950534470460988,0,1
1,0,0.11007401827741416,0,1
1,1,0.5359745068536371,1,1
1,1,0.7728535386751153,1,1
1,1,0.7229408650260536,1,1
1,1,0.2460518180358992,0,1
1,0,0.20918808106625428,0,1
1,1,0.3786311925934444,0,1
1,1,0.9365739520156925,1,1
1,1,0.4193752253093535,0,1
1,1,0.4293577206828627,0,1
1,1,0.8347476930325757,1,1
1,1,0.7633549116913193,1,1
1,0,0.724325824972469,1,1
1,1,0.6622642606400501,1,1
1,1,0.13499448210245987,0,1
1,1,0.17093989451371516,0,1
1,1,0.8441692300167754,1,1
1,1,0.09114696003920432,0,1
1,1,0.6437236145526805,1,1
1,1,0.31469097970143756,0,1
1,0,0.20805788830299438,0,1
1,1,0.6936602249849514,1,1
1,0,0.1508163598392216,0,1
1,0,0.40122992647085187,0,1
1,1,0.6784029883525885,1,1
1,0,0.4097944213087759,0,1
1,1,0.556071281093208,1,1
1,1,0.2122876167524509,0,1
1,0,0.5162212559832964,1,1
1,1,0.47013991599646815,0,1
1,1,0.47347283824355096,0,1
1,1,0.9248654348547093,1,1
1,1,0.3483824445238689,0,1
1,1,0.6157605313029739,1,1
1,1,0.40817655986419943,0,1
1,1,0.4842602990347364,0,1
1,1,0.24753357487845695,0,1
1,1,0.7211499701530161,1,1
1,1,0.6183429222098411,1,1
1,1,0.8124487312314824,1,1
1,1,0.710957941770757,1,1
1,1,0.35382762226511955,0,1
1,1,0.42481597506501606,0,1
1,1,0.3461917950942782,0,1
1,1,0.3351631335949509,0,1
1,1,0.8323455275314863,1,1
1,1,0.3343085077596421,0,1
1,1,0.2716131163399185,0,1
1,1,0.5597951995034657,1,1
1,0,0.5478750409075397,1,1
1,1,0.4331669318278876,0,1
1,1,0.358721586447498,0,1
1,1,0.2759857574116598,0,1
1,1,0.9410223532116384,1,1
1,1,0.2942919281158218,0,1
1,1,0.7676403157178716,1,1
1,1,0.8747087153349651,1,1
1,1,0.07828063846194434,0,1
1,0,0.0683739248754011,0,1
1,0,0.7995703842500427,1,1
1,1,0.29519689427299045,0,1
1,1,0.8332184468938206,1,1
1,1,0.9139686107628171,1,1
1,1,0.4392570997218486,0,1
1,1,0.09375525298153913,0,1
1,1,0.33868853401311044,0,1
1,1,0.15238499411943515,0,1
1,1,0.3260909635630875,0,1
1,1,0.6372807886491634,1,1
1,1,0.19110554437976515,0,1
1,1,0.8719005985253744,1,1
1,1,0.9209382990938456,1,1
1,0,0.7461034240782514,1,1
1,1,0.5046487534999541,1,1
1,0,0.09106013215896194,0,1
1,1,0.7359201006194726,1,1
1,1,0.9382822131981259,1,1
1,1,0.11577023046551836,0,1
1,0,0.7167581194131558,1,1
1,1,0.48824927109713256,0,1
1,0,0.15028278521236188,0,1
1,1,0.7697241914826377,1,1
1,1,0.3353880216973907,0,1
1,1,0.7916190811188273,1,1
1,1,0.583075554880735,1,1
1,1,0.7295600080090312,1,1
1,1,0.8043562347882733,1,1
1,1,0.2908231209443008,0,1
1,1,0.9387798963097148,1,1
1,1,0.6106377336438635,1,1
1,1,0.563383985569331,1,1
1,1,0.5701041895400302,1,1
1,1,0.8237179928899502,1,1
1,1,0.33628190312833794,0,1
1,1,0.21979125930998528,0,1
1,1,0.6934848746119552,1,1
1,1,0.6928454046782614,1,1
1,1,0.5231222493769322,1,1
1,0,0.13957990773659604,0,1
1,1,0.10283433007010286,0,1
1,1,0.23510118550234116,0,1
1,1,0.33610637333482457,0,1
1,1,0.6827463057907295,1,1
1,1,0.6093206682105526,1,1
1,1,0.7318666454702224,1,1
1,1,0.4942531893326825,0,1
1,1,0.10834722216054116,0,1
1,1,0.5709230609848767,1,1
1,1,0.3854790291468741,0,1
1,1,0.8405418755502009,1,1
1,1,0.415844446705326,0,1
1,0,0.2504918777237984,0,1
1,0,0.2849822064723631,0,1
1,1,0.34993360203500423,0,1
1,1,0.8620204304380935,1,1
1,1,0.5225555157352774,1,1
1,1,0.15713098400631945,0,1
1,1,0.4248756476831183,0,1
1,1,0.3447885721632542,0,1
1,1,0.3754810874101111,0,1
1,1,0.42754622048215146,0,1
1,1,0.7995579105273268,1,1
1,1,0.5846814087877442,1,1
1,1,0.6214496350844074,1,1
1,1,0.8409173341718993,1,1
1,0,0.10271221879620644,0,1
1,0,0.21349314781720544,0,1
1,1,0.6463236293686497,1,1
1,1,0.756302472891181,1,1
1,1,0.05364413968843104,0,0
1,1,0.29765378673423276,0,1
1,1,0.8429109801893256,1,1
1,1,0.5601418184673185,1,1
1,1,0.5272616234522226,1,1
1,1,0.4687898558607473,0,1
1,0,0.4547999459282129,0,1
1,1,0.11979428683037041,0,1
1,1,0.21826970374155608,0,1
1,1,0.5432374004589605,1,1
1,1,0.7122234947799972,1,1
1,0,0.23281339925973463,0,1
1,1,0.1170606984237866,0,1
1,1,0.22710926489611008,0,1
1,1,0.49839151895088724,0,1
1,0,0.21318816400020527,0,1
1,0,0.19235403343839072,0,1
1,1,0.9336882135423785,1,1
1,1,0.788683270778038,1,1
1,1,0.9365552231624091,1,1
1,0,0.18713278894363444,0,1
1,0,0.22467064716763702,0,1
1,1,0.7236971574424029,1,1
1,1,0.5363546259496872,1,1
1,0,0.16442274090658843,0,1
1,0,0.8389257870874697,1,1
1,1,0.9346985467071437,1,1
1,0,0.31711017573128836,0,1
1,0,0.30517951408392224,0,1
1,1,0.14763145298770333,0,1
1,0,0.09645825941994121,0,1
1,1,0.754392895927051,1,1
1,1,0.9404614290383589,1,1
1,1,0.40665282472054115,0,1
1,1,0.4478857228148709,0,1
1,1,0.09991911321701785,0,1
1,0,0.7211578445427311,1,1
1,1,0.42220910836067965,0,1
1,1,0.37263622924521594,0,1
1,1,0.9375498318392029,1,1
1,1,0.7721149680604803,1,1
1,1,0.21919130572952641,0,1
1,1,0.5303838824409143,1,1
1,1,0.9198485000193712,1,1
1,0,0.15429736465524435,0,1
1,1,0.12947012671666067,0,1
1,1,0.47844130569674115,0,1
1,1,0.7017604663160286,1,1
1,1,0.16258401714678455,0,1
1,1,0.833476328188485,1,1
1,1,0.9280205866231331,1,1
1,1,0.9391436407720876,1,1
1,1,0.549877742666594,1,1
1,1,0.5856084826457191,1,1
1,1,0.7421001589335297,1,1
1,1,0.5545835297843964,1,1
1,1,0.6069668961285439,1,1
1,1,0.12918569815593312,0,1
1,1,0.5930846194452067,1,1
1,1,0.5606012810542492,1,1
1,1,0.13283724300432084,0,1
1,1,0.6097362457397669,1,1
1,1,0.15971196320505066,0,1
1,1,0.6768475472721429,1,1
1,0,0.13764603395680844,0,1
1,1,0.6335317461868453,1,1
1,1,0.5970593854070695,1,1
1,0,0.4953677876781665,0,1
1,0,0.28508335342181396,0,1
1,1,0.46092538915863673,0,1
1,1,0.6032394805668475,1,1
1,0,0.7555224721059732,1,1
1,1,0.5864547171025657,1,1
1,1,0.47126294272179664,0,1
1,1,0.4577043659961408,0,1
1,1,0.7617476354307692,1,1
1,1,0.0730104537628278,0,1
1,1,0.6653872722880516,1,1
1,0,0.37321207233829967,0,1
1,1,0.8218840869904659,1,1
1,1,0.9398256334485701,1,1
1,1,0.20652551920122,0,1
1,1,0.5191329404666776,1,1
1,1,0.7516498357561286,1,1
1,1,0.9389808465710648,1,1
1,1,0.716195498141697,1,1
1,1,0.9259038938784617,1,1
1,1,0.4449393316653932,0,1
1,1,0.8334341187935117,1,1
1,1,0.8208937710461678,1,1
1,1,0.6965284532683796,1,1
1,1,0.20381072195147446,0,1
1,1,0.14884231993396888,0,1
1,1,0.375964593167812,0,1
1,1,0.6514433441302159,1,1
1,0,0.09112174458956745,0,1
1,1,0.15036887631856866,0,1
1,0,0.6539777501595666,1,1
1,1,0.9420293968199053,1,1
1,1,0.16998849026295537,0,1
1,1,0.25466145939344953,0,1
1,1,0.6841299015375716,1,1
1,1,0.35601666035746016,0,1
1,0,0.626801466177957,1,1
1,1,0.665163676858785,1,1
1,1,0.3764888449578645,0,1
1,1,0.9275653724310129,1,1
1,1,0.3285144639659021,0,1
1,1,0.7737965812159283,1,1
1,1,0.6336717574439185,1,1
1,1,0.3663796551268775,0,1
1,1,0.7112399814164093,1,1
1,1,0.24516404390700525,0,1
1,1,0.15384049658535295,0,1
1,1,0.9134947673410105,1,1
1,1,0.9362791765024402,1,1
1,1,0.9335806451914721,1,1
1,0,0.09395661240266918,0,1
1,1,0.6596659625783424,1,1
1,1,0.5806341008799171,1,1
1,1,0.5310927532001806,1,1
1,1,0.12962370423394512,0,1
1,1,0.3810152921234175,0,1
1,1,0.2549631148293345,0,1
1,1,0.320266454362309,0,1
1,1,0.9266899345265338,1,1
1,1,0.34736379712869814,0,1
1,1,0.4388129181803964,0,1
1,1,0.9379630037055384,1,1
1,0,0.5193294636624992,1,1
1,1,0.2802956279219924,0,1
1,1,0.2774908754729786,0,1
1,0,0.1832180142028121,0,1
1,1,0.35506126940033017,0,1
1,0,0.40547831613746255,0,1
1,1,0.7346833332282139,1,1
1,1,0.34863910286001787,0,1
1,1,0.9372442165253231,1,1
1,1,0.9263549076552308,1,1
1,0,0.3385855897634414,0,1
1,1,0.7073332939981485,1,1
1,1,0.5858460045824305,1,1
1,1,0.8262181821633297,1,1
1,1,0.620445511545392,1,1
1,1,0.4913987673276896,0,1
1,1,0.7617582625649278,1,1
1,1,0.27015625840279844,0,1
1,1,0.7316224367705099,1,1
1,1,0.5177570537204997,1,1
1,0,0.7684371344585285,1,1
1,1,0.4617453538360424,0,1
1,1,0.17320206181915807,0,1
1,1,0.4973873496895043,0,1
1,1,0.6253746022518318,1,1
1,1,0.7819701931753139,1,1
1,1,0.6154688650398317,1,1
1,1,0.23199124860650275,0,1
1,0,0.19233815113964606,0,1
1,1,0.07938732231923053,0,1
1,1,0.18954112727834535,0,1
1,0,0.3870406357933649,0,1
1,1,0.8172807962611209,1,1
1,1,0.7698269747496823,1,1
1,1,0.5153417697249728,1,1
1,1,0.19258102412893988,0,1
1,1,0.11307144292506133,0,1
1,1,0.6539839793817126,1,1
1,1,0.24434214427195644,0,1
1,1,0.48730489578865,0,1
1,0,0.05207429243348456,0,0
1,1,0.8169314746400853,1,1
1,0,0.3939986492011217,0,1
1,1,0.8861531171756285,1,1
1,0,0.31846884647111323,0,1
1,1,0.2115408063901123,0,1
1,1,0.6815624002776745,1,1
1,1,0.2085638326814135,0,1
1,1,0.267148393996675,0,1
1,1,0.25263591862722307,0,1
1,1,0.3524876793808929,0,1
1,0,0.7209908511032821,1,1
1,1,0.5879655061457347,1,1
1,1,0.527142966452821,1,1
1,0,0.5614279688324156,1,1
1,1,0.5006582830105785,1,1
1,1,0.5480039750804143,1,1
1,0,0.25254001801047027,0,1
1,1,0.625714198583734,1,1
1,1,0.804140169586093,1,1
1,1,0.5658622697909285,1,1
1,1,0.7021024075238833,1,1
1,1,0.08741784558088365,0,1
1,1,0.9290644763029731,1,1
1,0,0.25014881218522383,0,1
1,1,0.38160993477267136,0,1
1,1,0.2738199659135045,0,1
1,0,0.13567479609699615,0,1
1,1,0.5710159819670303,1,1
1,1,0.41615043951780695,0,1
1,0,0.7147310286513039,1,1
1,0,0.2760216416827615,0,1
1,1,0.5212349279767681,1,1
1,0,0.400303338289429,0,1
1,1,0.31384137957599656,0,1
1,1,0.6506668821415679,1,1
1,1,0.14240494461280595,0,1
1,1,0.6561642088286335,1,1
1,1,0.1163898454922502,0,1
1,1,0.6543221792643412,1,1
1,1,0.4713609642777786,0,1
1,1,0.4374410647204491,0,1
1,0,0.16274377198493306,0,1
1,1,0.9116188075625579,1,1
1,1,0.31991978508642765,0,1
1,1,0.7243187878206809,1,1
1,1,0.49621709835375744,0,1
1,1,0.7747141160497721,1,1
1,1,0.6284341792540569,1,1
1,0,0.30482098940784286,0,1
1,1,0.4233122222835105,0,1
1,1,0.7113855579624379,1,1
1,1,0.761780570572788,1,1
1,1,0.2538151722575989,0,1
1,1,0.5643295204846005,1,1
1,1,0.5646076797217173,1,1
1,1,0.48657245905906144,0,1
1,0,0.23134351052216712,0,1
1,1,0.6700061510535754,1,1
1,1,0.6012633917113936,1,1
1,1,0.8163863483006107,1,1
1,1,0.565128713422789,1,1
1,1,0.038656338908828566,0,0
1,0,0.14105745694024288,0,1
1,1,0.5201006199643556,1,1
1,0,0.22067832728858494,0,1
1,1,0.5153299841596645,1,1
1,1,0.9104998930648758,1,1
1,1,0.5207685468810463,1,1
1,1,0.828786968277939,1,1
1,1,0.39618930244848977,0,1
1,1,0.32892867808917314,0,1
1,1,0.9304794581205968,1,1
1,1,0.3328604628848151,0,1
1,1,0.6592490920783761,1,1
1,1,0.152999340795419,0,1
1,1,0.935526809231317,1,1
1,1,0.5357991132951329,1,1
1,1,0.5364248465269262,1,1
1,0,0.14401811593779712,0,1
1,1,0.10158967405806034,0,1
1,1,0.8699776589767381,1,1
1,1,0.30153898626109865,0,1
1,0,0.4500649453263863,0,1
1,1,0.9408264950111938,1,1
1,1,0.7371852675953744,1,1
1,1,0.8459194865102365,1,1
1,1,0.674377457425404,1,1
1,1,0.5946446299016874,1,1
1,1,0.8100133749367617,1,1
1,1,0.6663044500366703,1,1
1,1,0.3351519826207168,0,1
1,1,0.30561803855068664,0,1
1,1,0.14767218411313682,0,1
1,0,0.34277233147117103,0,1
1,1,0.14158279684884795,0,1
1,1,0.5199927822742964,1,1
1,0,0.22568443640075622,0,1
1,1,0.32572662638926586,0,1
1,0,0.05580082211761562,0,0
1,1,0.7688858431733634,1,1
1,1,0.6513293997720491,1,1
1,1,0.11628985040290873,0,1
1,1,0.3404294191288323,0,1
1,1,0.29430428896281,0,1
1,1,0.8401307575177899,1,1
1,1,0.35906721780613116,0,1
1,1,0.1228810025817001,0,1
1,1,0.17662512461274887,0,1
1,1,0.4513263180669625,0,1
1,1,0.8196597659220366,1,1
1,1,0.7005110708978224,1,1
1,1,0.19451614378342458,0,1
1,1,0.15886918850959644,0,1
1,1,0.1866070032829416,0,1
1,1,0.7506609983534851,1,1
1,1,0.5236119373297431,1,1
1,1,0.2899460123641428,0,1
1,1,0.8396688588803769,1,1
1,1,0.10135810308009599,0,1
1,1,0.6416964323315482,1,1
1,1,0.3985675618108623,0,1
1,1,0.6955647130493962,1,1
1,1,0.5139576411964571,1,1
1,1,0.6879894341420522,1,1
1,1,0.9403675674399521,1,1
1,1,0.5637632320731917,1,1
1,1,0.13058670415967238,0,1
1,1,0.5138069149501133,1,1
1,1,0.36135058250287344,0,1
1,1,0.24529681917046756,0,1
1,1,0.9276554386623124,1,1
1,0,0.18194055545777052,0,1
1,1,0.9356028727858081,1,1
1,1,0.9308416010118995,1,1
1,1,0.12474516993243845,0,1
1,1,0.9232227284022907,1,1
1,1,0.13033212853538192,0,1
1,1,0.8123772182890785,1,1
1,0,0.28873864935206695,0,1
1,1,0.9294884675776414,1,1
1,1,0.3579199469571444,0,1
1,1,0.06841020076159045,0,1
1,1,0.6692516477075268,1,1
1,1,0.6562368341250094,1,1
1,1,0.39014723748221064,0,1
1,1,0.6296578733773498,1,1
1,1,0.19311338741150105,0,1
1,1,0.47216000594087876,0,1
1,1,0.2399672737683404,0,1
1,1,0.5875401372637786,1,1
1,1,0.18766166364803333,0,1
1,1,0.21284305503433998,0,1
1,1,0.3742839701592069,0,1
1,1,0.6350301608335448,1,1
1,1,0.8472840564951329,1,1
1,1,0.20966026081268888,0,1
1,1,0.923719117612878,1,1
1,1,0.12781767948823047,0,1
1,1,0.9292292459384858,1,1
1,1,0.7138450287087439,1,1
1,1,0.20443485512695136,0,1
1,1,0.936918540132908,1,1
1,1,0.8798923276108277,1,1
1,0,0.445679280485055,0,1
1,1,0.8191807752936638,1,1
1,1,0.6936448461553462,1,1
1,1,0.20836717610654454,0,1
1,1,0.3006220597074699,0,1
1,1,0.14521133077960702,0,1
1,1,0.7136609023754297,1,1
1,1,0.1861976833332075,0,1
1,1,0.4969698435911091,0,1
1,1,0.7967192672203514,1,1
1,1,0.5688620481149126,1,1
1,1,0.13587178548196246,0,1
1,1,0.5767739968080423,1,1
1,1,0.21006983677342608,0,1
1,1,0.7183747070101758,1,1
1,1,0.9190407500170343,1,1
1,1,0.4187895171621749,0,1
1,1,0.8389333336201769,1,1
1,1,0.573011605256453,1,1
1,1,0.5774957546930297,1,1
1,1,0.5960631187046012,1,1
1,1,0.5660700208350289,1,1
1,0,0.7352982972454536,1,1
1,1,0.7308423137143238,1,1
1,1,0.4541643294294559,0,1
1,1,0.35736119831055924,0,1
1,1,0.8102027912859749,1,1
1,1,0.9242482049875833,1,1
1,1,0.4821767926814859,0,1
1,1,0.4301477100827941,0,1
1,1,0.7518591512506003,1,1
1,1,0.9337912003864964,1,1
1,1,0.14358671250043215,0,1
1,1,0.19952911813365865,0,1
1,1,0.4784309177699805,0,1
1,1,0.5374829930627689,1,1
1,1,0.3338406057664272,0,1
1,0,0.4872738536411768,0,1
1,1,0.7855566233141467,1,1
1,0,0.23463088210644065,0,1
1,1,0.4317522959640899,0,1
1,1,0.42415165634488217,0,1
1,1,0.7158533811547084,1,1
1,0,0.2312731479019182,0,1
1,1,0.4236592593740218,0,1
1,1,0.6432119676935693,1,1
1,1,0.19226728897027576,0,1
1,1,0.7919997686965727,1,1
1,1,0.6602720427155891,1,1
1,1,0.9395056488361646,1,1
1,1,0.2964622090905621,0,1
1,1,0.4472005472428634,0,1
1,1,0.4140927902804103,0,1
1,1,0.8001239320329419,1,1
1,1,0.046021241602034774,0,0
1,1,0.2646373616589431,0,1
1,1,0.2297837801361649,0,1
1,1,0.7721649171001254,1,1
1,1,0.24200633318133663,0,1
1,1,0.3154783812537292,0,1
1,1,0.19439966969071626,0,1
1,1,0.7044363871257845,1,1
1,1,0.39404630049391565,0,1
1,1,0.8321064480239805,1,1
1,1,0.43613392776608734,0,1
1,1,0.5365730125536216,1,1
1,1,0.5931228252466315,1,1
1,1,0.24089603158156883,0,1
1,1,0.2506262975228901,0,1
1,1,0.6464865645499448,1,1
1,1,0.6667751445168463,1,1
1,1,0.6174134749993573,1,1
1,1,0.8553614423278513,1,1
1,1,0.10421373376816542,0,1
1,1,0.6299773090451688,1,1
1,1,0.11088876363934946,0,1
1,1,0.13387144254747202,0,1
1,1,0.5077035089256451,1,1
1,1,0.9321665276401951,1,1
1,1,0.6895997835781225,1,1
1,1,0.8286206800467854,1,1
1,1,0.743638145956736,1,1
1,1,0.47780931908338337,0,1
1,0,0.3493747208676667,0,1
1,1,0.4138454265120639,0,1
1,0,0.5836468748313506,1,1
1,1,0.5098310675871329,1,1
1,1,0.36760067432687366,0,1
1,1,0.4558665465306159,0,1
1,1,0.7831200907670147,1,1
1,1,0.267528808822312,0,1
1,1,0.7695007151747983,1,1
1,1,0.9426565012365724,1,1
1,1,0.15140164205614406,0,1
1,1,0.1664359102295749,0,1
1,1,0.4823445352998851,0,1
1,1,0.6029185595125103,1,1
1,1,0.6740939785276742,1,1
1,1,0.7878897091151019,1,1
1,1,0.5375090943718766,1,1
1,1,0.2765369237136751,0,1
1,1,0.4005011068033535,0,1
1,1,0.39071996028451605,0,1
1,1,0.3071862913696113,0,1
1,1,0.21870817038645268,0,1
1,1,0.7972015756045662,1,1
1,1,0.7159948767630657,1,1
1,1,0.934921894003382,1,1
1,1,0.6057545698950227,1,1
1,1,0.6642882502258883,1,1
1,1,0.18082887220374838,0,1
1,0,0.13428661567045255,0,1
1,1,0.6616794750647839,1,1
1,1,0.23670064555288492,0,1
1,1,0.7007203688508344,1,1
1,1,0.19026582971569025,0,1
1,1,0.7305388952239362,1,1
1,1,0.6754378230160584,1,1
1,1,0.5559620413256879,1,1
1,1,0.821614562185434,1,1
1,1,0.22181152148245786,0,1
1,1,0.2615736158106834,0,1
1,1,0.9282741380956926,1,1
1,0,0.2634931087842797,0,1
1,1,0.6824016217832417,1,1
1,1,0.6057243482154104,1,1
1,1,0.5976465388654748,1,1
1,1,0.48733101913152127,0,1
1,1,0.0815048629608596,0,1
1,1,0.5881011239621975,1,1
1,1,0.3422333650881842,0,1
1,1,0.7871978537296703,1,1
1,1,0.7858001646586424,1,1
1,1,0.745663085164749,1,1
1,1,0.18398124098455923,0,1
1,1,0.5962965459071127,1,1
1,1,0.22983666218147686,0,1
1,1,0.9265345192964378,1,1
1,1,0.1874162158771491,0,1
1,1,0.4137393720916498,0,1
1,1,0.5847329103122827,1,1
1,1,0.21526152159483922,0,1
1,0,0.5915894242149831,1,1
1,0,0.1557983350496241,0,1
1,0,0.2031840225369193,0,1
1,1,0.9352021972789379,1,1
1,1,0.5136387092169028,1,1
1,1,0.7785694961099467,1,1
1,0,0.13690295518980974,0,1
1,1,0.8523013223746051,1,1
1,1,0.07517176083596151,0,1
1,1,0.7620008461022899,1,1
1,1,0.1767444166109009,0,1
1,1,0.25783992906948217,0,1
1,1,0.7999889429419385,1,1
1,1,0.42309363136154626,0,1
1,1,0.7176239342151669,1,1
1,0,0.6081990773510106,1,1
1,1,0.8102116614234554,1,1
1,1,0.5324529350291106,1,1
1,1,0.6931735678540832,1,1
1,1,0.6415335851955484,1,1
1,1,0.5835902555978377,1,1
1,1,0.14213838208615695,0,1
1,0,0.6668068486930532,1,1
1,1,0.22194465073821262,0,1
1,0,0.6803949285797565,1,1
1,1,0.5526382444221116,1,1
1,1,0.4747498418671602,0,1
1,1,0.2941455707159682,0,1
1,1,0.25518365927262887,0,1
1,1,0.9380395251937597,1,1
1,1,0.28702017676802466,0,1
1,1,0.3908005168150496,0,1
1,1,0.1541545397464581,0,1
1,1,0.48557843626549896,0,1
1,1,0.9348545781328529,1,1
1,1,0.7360947951453777,1,1
1,1,0.9416831757539212,1,1
1,1,0.4853552934926879,0,1
1,0,0.13589391798061082,0,1
1,0,0.27174403733681024,0,1
1,1,0.6782013480875368,1,1
1,0,0.20964040692367647,0,1
1,1,0.5304117240775578,1,1
1,1,0.7188717980345559,1,1
1,1,0.9160269810046943,1,1
1,1,0.7558075085864961,1,1
1,0,0.11016251775221945,0,1
1,1,0.15955893293047882,0,1
1,1,0.2422839955464462,0,1
1,1,0.9110328145538451,1,1
1,1,0.7654207846995547,1,1
1,0,0.21100757122960168,0,1
1,0,0.20634958826914765,0,1
1,1,0.8457261197771498,1,1
1,1,0.9381060988939062,1,1
1,1,0.5754401712080012,1,1
1,1,0.903303788702384,1,1
1,1,0.942054817101138,1,1
1,1,0.8694332014439499,1,1
1,1,0.04375455462809295,0,0
1,1,0.648277405061407,1,1
1,0,0.08977636451825208,0,1
1,1,0.6427713367494715,1,1
1,1,0.7891469151119437,1,1
1,1,0.4069237921831012,0,1
1,1,0.7197794676524166,1,1
1,1,0.26588118355297974,0,1
1,1,0.8073512278026129,1,1
1,1,0.08596580512623847,0,1
1,1,0.13169991142206378,0,1
1,1,0.8202412428716833,1,1
1,1,0.11708448331702226,0,1
1,1,0.4931661615957725,0,1
1,1,0.34702591549255934,0,1
1,1,0.6109769806666872,1,1
1,1,0.6390925838628442,1,1
1,1,0.12338381818209375,0,1
1,0,0.33879370820280047,0,1
1,1,0.4895565277872944,0,1
1,1,0.7595090563052964,1,1
1,1,0.5252615440501873,1,1
1,1,0.31308764452383625,0,1
1,1,0.8410966546566768,1,1
1,1,0.3923811202386037,0,1
1,1,0.6404871566899397,1,1
1,1,0.941254232410769,1,1
1,1,0.9397194299196284,1,1
1,0,0.19217261878883307,0,1
1,0,0.19143743213024061,0,1
1,1,0.34851695582936193,0,1
1,1,0.5824428313489155,1,1
1,1,0.7607629499140472,1,1
1,1,0.18435755635393905,0,1
1,1,0.37328411141633755,0,1
1,0,0.3490062749847349,0,1
1,1,0.9318802624977544,1,1
1,1,0.9412470484253748,1,1
1,1,0.4093377280660161,0,1
1,1,0.8002728563255642,1,1
1,1,0.14092871262606396,0,1
1,1,0.4662139199945739,0,1
1,1,0.10339377785929783,0,1
1,1,0.5567322014191106,1,1
1,1,0.7573062444842874,1,1
1,1,0.8573058983019147,1,1
1,1,0.7151166547721537,1,1
1,1,0.5956100092533705,1,1
1,1,0.5976688849463823,1,1
1,1,0.9290395621592432,1,1
1,1,0.6640124107571272,1,1
1,0,0.6140710205476532,1,1
1,1,0.15811242645055246,0,1
1,1,0.9322178538151661,1,1
1,0,0.2940924643157506,0,1
1,1,0.8051639101191953,1,1
1,1,0.6476439106144866,1,1
1,1,0.7415667610120156,1,1
1,1,0.7119540520570686,1,1
1,1,0.8850008869085237,1,1
1,0,0.14633745871626883,0,1
1,1,0.8738025345778426,1,1
1,1,0.5254141355158392,1,1
1,0,0.7173048586626589,1,1
1,1,0.43977600083130824,0,1
1,1,0.6153180943227896,1,1
1,1,0.6937941361172357,1,1
1,1,0.9227800173584795,1,1
1,1,0.6878797365693015,1,1
1,1,0.74201125994661,1,1
1,1,0.18653939187900762,0,1
1,1,0.6766104666294019,1,1
1,1,0.3089291602985072,0,1
1,1,0.741147335097171,1,1
1,1,0.5771861393182209,1,1
1,1,0.25655828226303357,0,1
1,0,0.3554185292102927,0,1
1,1,0.7727480838410951,1,1
1,1,0.3386520885935357,0,1
1,1,0.20054267133041978,0,1
1,0,0.5906671928469734,1,1
1,0,0.1378377341401899,0,1
1,1,0.7481888634562552,1,1
1,1,0.35169051818930563,0,1
1,1,0.7217981839514112,1,1
1,1,0.5889099929710719,1,1
1,1,0.5221078729070653,1,1
1,1,0.2650117103754135,0,1
1,1,0.18674822109855427,0,1
1,1,0.3249703099502805,0,1
1,1,0.7839102501508391,1,1
1,1,0.15401388458604034,0,1
1,1,0.7631864248205752,1,1
1,1,0.2532930569355914,0,1
1,1,0.38357191248865663,0,1
1,1,0.520253873225114,1,1
1,1,0.9162853122435062,1,1
1,1,0.774056158040451,1,1
1,0,0.7262165164684452,1,1
1,1,0.3477501483665368,0,1
1,1,0.7946779293966666,1,1
1,1,0.4780374075257032,0,1
1,1,0.5054992382272531,1,1
1,0,0.1097169277355624,0,1
1,1,0.7850094252101079,1,1
1,1,0.8410990329283006,1,1
1,1,0.12150422636400054,0,1
1,1,0.11708660063667099,0,1
1,1,0.6573037729601271,1,1
1,1,0.5613356574001814,1,1
1,1,0.7458584007762346,1,1
1,1,0.5588914782680428,1,1
1,1,0.7015008538318782,1,1
1,1,0.2890721362873723,0,1
1,1,0.92814513324963,1,1
1,1,0.8124237833183635,1,1
1,1,0.5481880074551532,1,1
1,1,0.5849180590071914,1,1
1,1,0.06711630685101706,0,1
1,1,0.549712232168024,1,1
1,1,0.5711447639228067,1,1
1,1,0.06974004278895608,0,1
1,1,0.25589309132857146,0,1
1,1,0.6253440283457956,1,1
1,0,0.28644560256914686,0,1
1,1,0.702864277111984,1,1
1,0,0.1302166911535084,0,1
1,1,0.8112692812151837,1,1
1,0,0.08469782640980013,0,1
1,1,0.6902175919632518,1,1
1,1,0.9301552284530038,1,1
1,1,0.6338618587280892,1,1
1,1,0.5768891283880896,1,1
1,1,0.9311356595457472,1,1
2,0,0.19156422994096808,0,1
2,0,0.298308621285636,0,1
2,0,0.053343876587654736,0,0
2,1,0.9197859484570463,1,1
2,1,0.5828975666737242,1,1
2,1,0.08675428979773706,0,1
2,1,0.8676028559132357,1,1
2,0,0.25226731078639386,0,1
2,1,0.48519600471586016,0,1
2,0,0.1743665779290468,0,1
2,1,0.2932184658623316,0,1
2,1,0.6601914703423133,1,1
2,0,0.05858263882121443,0,0
2,1,0.9150961647408502,1,1
2,0,0.13308658413110447,0,1
2,0,0.5067302663440231,1,1
2,1,0.3525097191731545,0,1
2,0,0.09427336034594946,0,1
2,1,0.12901555028813938,0,1
2,0,0.755766678102174,1,1
2,1,0.9312879813704629,1,1
2,0,0.41776001829557835,0,1
2,0,0.30573950227094465,0,1
2,1,0.24927484916829723,0,1
2,1,0.15096155402091568,0,1
2,0,0.3617851744040522,0,1
2,1,0.5292843230425769,1,1
2,1,0.9344502910634702,1,1
2,1,0.7806878294642117,1,1
2,1,0.9332653101023682,1,1
2,1,0.795302053876951,1,1
2,1,0.7514134209270086,1,1
2,0,0.30626914585153436,0,1
2,1,0.5955644034881071,1,1
2,1,0.0950057503617574,0,1
2,0,0.46244465978480637,0,1
2,1,0.9214178359705688,1,1
2,0,0.11936244419255548,0,1
2,1,0.06284240504449398,0,1
2,0,0.3777112651552623,0,1
2,0,0.561089054932529,1,1
2,0,0.13668508731501547,0,1
2,0,0.19630849541820086,0,1
2,0,0.41569847867897336,0,1
2,1,0.7797711890455691,1,1
2,0,0.8160120495991118,1,1
2,0,0.13397052662285147,0,1
2,1,0.9454467963981814,1,1
2,0,0.7515759441929959,1,1
2,0,0.6844579596106447,1,1
2,1,0.6005054631112792,1,1
2,0,0.43885990831766364,0,1
2,1,0.2933637560259863,0,1
2,1,0.1488453387410364,0,1
2,0,0.17006135435808714,0,1
2,1,0.8282247710582041,1,1
2,0,0.35530410501876414,0,1
2,0,0.39822840395997244,0,1
2,0,0.1795277441739713,0,1
2,1,0.5774301054530946,1,1
2,1,0.9416575334293478,1,1
2,0,0.24855756665550394,0,1
2,0,0.5637503294049253,1,1
2,1,0.35663671679117914,0,1
2,1,0.9471217343676562,1,1
2,0,0.3167856652597216,0,1
2,1,0.31401139370415765,0,1
2,1,0.40324559532702675,0,1
2,1,0.9283298762084832,1,1
2,1,0.9474310903871376,1,1
2,0,0.6813739590794984,1,1
2,0,0.4685284485590826,0,1
2,1,0.9242814638510292,1,1
2,1,0.7884385651572757,1,1
2,0,0.44401159158899334,0,1
2,0,0.4937675892094234,0,1
2,0,0.4614248877326126,0,1
2,0,0.22962466391980169,0,1
2,1,0.3490740370891892,0,1
2,0,0.11978672569517194,0,1
2,0,0.07812399596198223,0,1
2,1,0.6428001505603871,1,1
2,0,0.15628578604131646,0,1
2,0,0.057184757368875044,0,0
2,0,0.4344152664962759,0,1
2,0,0.3580024779068191,0,1
2,0,0.2158827675239003,0,1
2,0,0.4195966399239907,0,1
2,1,0.28100031764816935,0,1
2,0,0.41960609190538944,0,1
2,0,0.6052297704831244,1,1
2,1,0.2337425178970897,0,1
2,1,0.6809810655909887,1,1
2,0,0.15394112253999528,0,1
2,1,0.9451163805365134,1,1
2,1,0.8952269909400107,1,1
2,0,0.14417736725659924,0,1
2,1,0.13538425590814823,0,1
2,1,0.9244301329660484,1,1
2,1,0.14109851142246072,0,1
2,1,0.1160857739228452,0,1
2,1,0.858817688952007,1,1
2,1,0.6824824317991832,1,1
2,1,0.38436977583161863,0,1
2,1,0.4903792315941142,0,1
2,0,0.2155371078851088,0,1
2,1,0.5083042916737408,1,1
2,1,0.09447465380465629,0,1
2,1,0.4891040010962979,0,1
2,1,0.16389713650751508,0,1
2,1,0.2369353330915555,0,1
2,1,0.9448555888819583,1,1
2,0,0.48766672502811853,0,1
2,1,0.06765214204167473,0,1
2,0,0.7270203230785214,1,1
2,1,0.6941821763812343,1,1
2,1,0.6628574008749905,1,1
2,0,0.22403757946513722,0,1
2,0,0.05472634098044526,0,0
2,0,0.4621085697745535,0,1
2,1,0.09103897901128814,0,1
2,0,0.7837263329155421,1,1
2,0,0.525958185658412,1,1
2,0,0.1663337979009578,0,1
2,0,0.02948968611345899,0,0
2,1,0.9417356891730363,1,1
2,0,0.1631762734980021,0,1
2,1,0.6941144471783689,1,1
2,0,0.40914079193083064,0,1
2,1,0.4392909550203845,0,1
2,1,0.93974290852574,1,1
2,1,0.5640759680533721,1,1
2,1,0.6105438935140007,1,1
2,0,0.22027369364832197,0,1
2,0,0.675140631217059,1,1
2,1,0.29752596903428025,0,1
2,1,0.24532857190905868,0,1
2,0,0.22785426530657488,0,1
2,1,0.5502439566348324,1,1
2,0,0.3891380453941224,0,1
2,0,0.044742135600750216,0,0
2,1,0.2069868841564024,0,1
2,0,0.3828869978620595,0,1
2,1,0.4953540901403273,0,1
2,0,0.44077472506458665,0,1
2,0,0.24000853146451884,0,1
2,1,0.17111203414521564,0,1
2,1,0.6375921585782488,1,1
2,1,0.6914885584028903,1,1
2,0,0.12457738129911536,0,1
2,1,0.6494669447866154,1,1
2,0,0.22958729310512907,0,1
2,0,0.07108041210617938,0,1
2,1,0.9375312745898847,1,1
2,1,0.7869408610795171,1,1
2,1,0.6168470503541043,1,1
2,1,0.9418973063192922,1,1
2,1,0.35895406528153634,0,1
2,0,0.03737847195653102,0,0
2,1,0.538428023011153,1,1
2,1,0.4486827605653397,0,1
2,1,0.6257527829097413,1,1
2,1,0.19283190339018993,0,1
2,0,0.4791218746705406,0,1
2,1,0.5310143174969699,1,1
2,1,0.43152376029936224,0,1
2,1,0.12075585079391436,0,1
2,1,0.9011088196233569,1,1
2,0,0.38825903949977525,0,1
2,1,0.6991815413420465,1,1
2,0,0.6533632162087033,1,1
2,0,0.3690081543282494,0,1
2,1,0.3202795821566035,0,1
2,1,0.6461609734683387,1,1
2,0,0.26220215429667926,0,1
2,0,0.22379831469315728,0,1
2,1,0.14603412826261591,0,1
2,1,0.5936764196019971,1,1
2,1,0.1645398785330885,0,1
2,1,0.11944611511172347,0,1
2,1,0.38434501235180135,0,1
2,1,0.2377293000066387,0,1
2,0,0.16814414386799387,0,1
2,1,0.7475576146896284,1,1
2,0,0.06498592367256355,0,1
2,1,0.7418154412537566,1,1
2,1,0.07786256344597282,0,1
2,1,0.27531891216903515,0,1
2,0,0.559458620284555,1,1
2,0,0.6131459084669265,1,1
2,1,0.9445126218383473,1,1
2,1,0.17971031391385683,0,1
2,1,0.7167572440203871,1,1
2,1,0.8030054941748748,1,1
2,1,0.19247704397532805,0,1
2,0,0.32607492043351927,0,1
2,0,0.2757938705982839,0,1
2,1,0.8893108923286834,1,1
2,1,0.578182740892598,1,1
2,1,0.07568064505765677,0,1
2,1,0.3916402165013702,0,1
2,1,0.48271473980816487,0,1
2,1,0.4220588562725561,0,1
2,1,0.8423361713902909,1,1
2,0,0.24334813586746606,0,1
2,1,0.6865085896496612,1,1
2,0,0.33677661902395384,0,1
2,0,0.34173611534840054,0,1
2,1,0.0524353552357977,0,0
2,1,0.7797428096915144,1,1
2,0,0.25993156384009586,0,1
2,0,0.5369568974672138,1,1
2,0,0.6004682188291148,1,1
2,1,0.19474345375619842,0,1
2,0,0.735878528417979,1,1
2,1,0.3387154696110278,0,1
2,1,0.44037888110587464,0,1
2,0,0.1698511647241288,0,1
2,1,0.914584336062676,1,1
2,1,0.44602326505992124,0,1
2,1,0.32086731264664176,0,1
2,1,0.7334506982780901,1,1
2,1,0.07073539805062731,0,1
2,1,0.5963951703362451,1,1
2,0,0.40238222898752374,0,1
2,1,0.6533002464266605,1,1
2,1,0.21186543857231604,0,1
2,1,0.814788607166878,1,1
2,0,0.8182816494163,1,1
2,1,0.4574979177381132,0,1
2,1,0.9401517375464231,1,1
2,0,0.3242194847998333,0,1
2,0,0.31476497284909327,0,1
2,1,0.5706732462969583,1,1
2,1,0.33449678544785666,0,1
2,0,0.5487991474154781,1,1
2,0,0.6314283810254397,1,1
2,1,0.5604081601683111,1,1
2,1,0.6782726429766658,1,1
2,1,0.2716103565410904,0,1
2,0,0.5553603720771513,1,1
2,1,0.9392845659805612,1,1
2,1,0.49080497182465294,0,1
2,1,0.08278954262321228,0,1
2,1,0.33878847421426733,0,1
2,1,0.7340631819322443,1,1
2,0,0.0846200763204205,0,1
2,1,0.6436556316556337,1,1
2,1,0.24202963982189418,0,1
2,1,0.7272295212722277,1,1
2,0,0.5672576078464375,1,1
2,0,0.19419474664663605,0,1
2,1,0.7633115229829106,1,1
2,1,0.38141671016154477,0,1
2,1,0.7055871660486621,1,1
2,1,0.32323148001254115,0,1
2,1,0.7275646302154041,1,1
2,1,0.7995561710167225,1,1
2,1,0.07996818055396712,0,1
2,0,0.245394629484188,0,1
2,1,0.674734881361465,1,1
2,0,0.4037809504350568,0,1
2,1,0.845642783727642,1,1
2,1,0.6555238783255969,1,1
2,1,0.9340666179973663,1,1
2,0,0.15253079341128875,0,1
2,0,0.2741832739197739,0,1
2,0,0.5631888375877426,1,1
2,0,0.6879429424192163,1,1
2,1,0.5791256414715118,1,1
2,1,0.3921948744047276,0,1
2,1,0.12786256080475722,0,1
2,0,0.33156061168998,0,1
2,1,0.9308190928863175,1,1
2,0,0.08706639451343809,0,1
2,1,0.08090451343173719,0,1
2,1,0.4529466153438008,0,1
2,1,0.09990496801967241,0,1
2,1,0.38906201749014163,0,1
2,1,0.23011477400379834,0,1
2,1,0.13963966239472755,0,1
2,0,0.483092263917897,0,1
2,1,0.8465871806235906,1,1
2,1,0.2956972383093011,0,1
2,1,0.7393366089863213,1,1
2,1,0.5723931485340235,1,1
2,1,0.5798863578790616,1,1
2,1,0.9193038814139342,1,1
2,1,0.667261958341355,1,1
2,1,0.30875713282568606,0,1
2,0,0.033539851104037066,0,0
2,0,0.22092298990902182,0,1
2,1,0.3076233948616215,0,1
2,1,0.40884158706460083,0,1
2,1,0.9321756039080578,1,1
2,0,0.5996531008755465,1,1
2,0,0.634647924528981,1,1
2,1,0.18234192237378818,0,1
2,1,0.4151766347434322,0,1
2,0,0.350684619796096,0,1
2,1,0.562315549061773,1,1
2,1,0.4996809674083107,0,1
2,0,0.613344846207559,1,1
2,0,0.6385789172627767,1,1
2,1,0.9457856941069458,1,1
2,1,0.9478026072440483,1,1
2,1,0.7816641397722146,1,1
2,1,0.2706671093571479,0,1
2,0,0.5596532783031708,1,1
2,1,0.4046173348007326,0,1
2,0,0.1556338882300029,0,1
2,1,0.5805991460180651,1,1
2,0,0.05025842593862115,0,0
2,1,0.3261990003454327,0,1
2,0,0.15608475110682965,0,1
2,1,0.6945494253030351,1,1
2,1,0.603364630208215,1,1
2,1,0.3089565935762223,0,1
2,0,0.5051086793135209,1,1
2,1,0.7875143115004436,1,1
2,1,0.2056394780587905,0,1
2,1,0.7527667635228689,1,1
2,1,0.13584613098319148,0,1
2,1,0.3482553879272886,0,1
2,1,0.9338366120841289,1,1
2,1,0.7221468454997304,1,1
2,0,0.23291787098493943,0,1
2,1,0.6213732158843215,1,1
2,0,0.18828507719814047,0,1
2,0,0.41115427510151553,0,1
2,1,0.9461265633959973,1,1
2,1,0.4379670580776257,0,1
2,1,0.7186560586064827,1,1
2,1,0.36581914839247887,0,1
2,0,0.11351338951792074,0,1
2,1,0.7193830255789598,1,1
2,1,0.7359203834099785,1,1
2,1,0.43874944999005316,0,1
2,1,0.36042706826942933,0,1
2,1,0.9374642489207075,1,1
2,1,0.9425764802961046,1,1
2,0,0.46446486827902184,0,1
2,1,0.5962402177226979,1,1
2,1,0.944443153446819,1,1
2,0,0.5124142605420754,1,1
2,0,0.13865424410997845,0,1
2,0,0.715932461694003,1,1
2,1,0.57502857581994,1,1
2,1,0.11792285040329382,0,1
2,1,0.9104498872341897,1,1
2,0,0.13117634521453042,0,1
2,1,0.43208044858952194,0,1
2,1,0.0474359350046569,0,0
2,1,0.7524434449099778,1,1
2,1,0.6651609932404102,1,1
2,0,0.6832243990746271,1,1
2,0,0.3297755512285094,0,1
2,1,0.22824784236187498,0,1
2,1,0.29205802378934737,0,1
2,1,0.5976413382033512,1,1
2,1,0.33346078706165594,0,1
2,1,0.8159001970234436,1,1
2,0,0.48463338557876906,0,1
2,1,0.6541320765574313,1,1
2,1,0.4303733812925646,0,1
2,1,0.8023122649771502,1,1
2,1,0.38011508768513286,0,1
2,1,0.7815302269077944,1,1
2,1,0.41953226079992123,0,1
2,0,0.13784216963960982,0,1
2,1,0.34042293188138567,0,1
2,1,0.1543696316755725,0,1
2,1,0.8736997002284139,1,1
2,0,0.10866564726853668,0,1
2,1,0.38067147714549787,0,1
2,1,0.34608502654252915,0,1
2,0,0.46142657865587355,0,1
2,1,0.18951383942017908,0,1
2,0,0.06354833004936775,0,1
2,1,0.7222619457888501,1,1
2,1,0.5364558722057989,1,1
2,0,0.17386016093732987,0,1
2,0,0.13920773301710707,0,1
2,1,0.17931503322544892,0,1
2,1,0.7336577028628893,1,1
2,1,0.6342403479688963,1,1
2,1,0.9316144949507494,1,1
2,1,0.3892683851116805,0,1
2,1,0.9194030933585182,1,1
2,1,0.49238065141391874,0,1
2,1,0.9262029378655925,1,1
2,0,0.28026821148289666,0,1
2,1,0.9018780109191689,1,1
2,1,0.6695111203369637,1,1
2,1,0.3885246292999664,0,1
2,1,0.41109823236714466,0,1
2,0,0.4167727361261108,0,1
2,0,0.3777270983093372,0,1
2,1,0.37155848753722936,0,1
2,1,0.6795141581941427,1,1
2,1,0.8524562510332503,1,1
2,1,0.2752552679690813,0,1
2,1,0.6160830660849915,1,1
2,1,0.46895707347600296,0,1
2,1,0.5745031823978564,1,1
2,1,0.792833348638184,1,1
2,1,0.7294704856913404,1,1
2,1,0.508389329352689,1,1
2,1,0.9362914260274806,1,1
2,1,0.8372839086807616,1,1
2,1,0.7017089157035434,1,1
2,0,0.16110060757723427,0,1
2,0,0.6223001428201823,1,1
2,1,0.5322855441458717,1,1
2,1,0.05991515382253357,0,0
2,0,0.08952222839484564,0,1
2,1,0.9473223447201468,1,1
2,0,0.16357690969412228,0,1
2,1,0.12157174465985886,0,1
2,1,0.4614012841771559,0,1
2,1,0.5246319515212569,1,1
2,0,0.6351347934845104,1,1
2,1,0.14707326623485317,0,1
2,1,0.831845881661585,1,1
2,1,0.4979702858590857,0,1
2,0,0.20296849007250184,0,1
2,1,0.8212577994336698,1,1
2,1,0.7301103546252891,1,1
2,1,0.5032197387690828,1,1
2,0,0.3804296857559187,0,1
2,1,0.9453932294981464,1,1
2,1,0.9267623224304992,1,1
2,1,0.7568216378288731,1,1
2,1,0.44982293211288826,0,1
2,1,0.6321390383614252,1,1
2,1,0.5278686688266446,1,1
2,1,0.8104434269245138,1,1
2,1,0.4667013063799621,0,1
2,1,0.5691052638088174,1,1
2,1,0.6557161258480988,1,1
2,1,0.6058374553238676,1,1
2,0,0.14742609998960182,0,1
2,1,0.7807558349000181,1,1
2,0,0.6536746715653691,1,1
2,1,0.6932013004854357,1,1
2,1,0.8317123858574983,1,1
2,1,0.4791347975202483,0,1
2,1,0.4373217595115018,0,1
2,1,0.6940768179144495,1,1
2,0,0.5937655374524833,1,1
2,1,0.4171818125519823,0,1
2,1,0.5100447361670365,1,1
2,1,0.9364972572404168,1,1
2,1,0.8231203293758487,1,1
2,1,0.8093105232824578,1,1
2,0,0.18517347405150034,0,1
2,0,0.4565435046362071,0,1
2,1,0.4310939897124169,0,1
2,1,0.41098686309267485,0,1
2,0,0.6357880751914718,1,1
2,1,0.4074018179177884,0,1
2,0,0.10680080880279234,0,1
2,1,0.20036811324364662,0,1
2,1,0.4193318865289182,0,1
2,1,0.6892713666246633,1,1
2,1,0.9265156632611454,1,1
2,1,0.11912612013337777,0,1
2,1,0.2179619086828935,0,1
2,1,0.14058355489643817,0,1
2,1,0.25449766301921095,0,1
2,0,0.2248191116967804,0,1
2,1,0.09424658065360067,0,1
2,1,0.28479709553746113,0,1
2,1,0.48355716820278516,0,1
2,1,0.18974345190880973,0,1
2,1,0.2534643756979726,0,1
2,1,0.742485663981137,1,1
2,1,0.4744584172494468,0,1
2,1,0.7432193552335669,1,1
2,1,0.22240657531899058,0,1
2,1,0.07881874977708635,0,1
2,1,0.6771267244613579,1,1
2,0,0.18246383468032878,0,1
2,1,0.835762786216356,1,1
2,0,0.09580940951480983,0,1
2,1,0.17812250716097264,0,1
2,1,0.3106314294724652,0,1
2,1,0.7871164863173021,1,1
2,1,0.159047937633747,0,1
2,1,0.18608943149448395,0,1
2,0,0.11035688457793243,0,1
2,0,0.5051342061256558,1,1
2,1,0.27252597489028024,0,1
2,1,0.6204823699871929,1,1
2,0,0.29613191228263297,0,1
2,1,0.3588149487963489,0,1
2,1,0.4720995207169446,0,1
2,1,0.6590847329402227,1,1
2,1,0.3401385228563792,0,1
2,1,0.2907646671180404,0,1
2,1,0.5394434335250556,1,1
2,1,0.16143655867655043,0,1
2,1,0.6558857645999836,1,1
2,0,0.5342427437393412,1,1
2,1,0.6371516045975713,1,1
2,0,0.18162727875474818,0,1
2,1,0.11767171383907718,0,1
2,0,0.3036098538641224,0,1
2,1,0.243170975402659,0,1
2,0,0.4211065200192272,0,1
2,0,0.8632261817628073,1,1
2,1,0.0640474744527255,0,1
2,1,0.9179798799519318,1,1
2,1,0.9313812694486476,1,1
2,1,0.736953318486858,1,1
2,1,0.9476052790235812,1,1
2,1,0.388437243757724,0,1
2,1,0.3123262099734101,0,1
2,1,0.4368502502184018,0,1
2,1,0.43330845730083906,0,1
2,1,0.46724942710747924,0,1
2,1,0.31407822450678247,0,1
2,1,0.47083754406776457,0,1
2,1,0.44805869271867116,0,1
2,1,0.500790357840066,1,1
2,0,0.0516682287626554,0,0
2,1,0.6341876576414345,1,1
2,1,0.07061133672137951,0,1
2,1,0.946658025519799,1,1
2,1,0.9157672536317603,1,1
2,1,0.9268787858918758,1,1
2,1,0.28980203332574955,0,1
2,1,0.7248659984661658,1,1
2,1,0.4111594408271691,0,1
2,1,0.46716220533509123,0,1
2,1,0.4205886280271263,0,1
2,0,0.29369942122877535,0,1
2,1,0.11360257748654812,0,1
2,1,0.7646473532278575,1,1
2,1,0.8671087206358772,1,1
2,1,0.714075996097131,1,1
2,0,0.748510472612413,1,1
2,1,0.49738415021254456,0,1
2,0,0.07041899801003167,0,1
2,1,0.8113574528340516,1,1
2,0,0.19382774034299302,0,1
2,1,0.2186235588251822,0,1
2,1,0.7283160811660242,1,1
2,0,0.4840827871071139,0,1
2,1,0.3517324536794033,0,1
2,1,0.6597508238070742,1,1
2,1,0.776340112948758,1,1
2,1,0.4947903734276652,0,1
2,1,0.675346969860754,1,1
2,1,0.7116812481378593,1,1
2,1,0.3622324792199344,0,1
2,0,0.37792099456794365,0,1
2,0,0.3796060631588656,0,1
2,1,0.9398064445120745,1,1
2,1,0.5467713254475733,1,1
2,1,0.4761720617573496,0,1
2,1,0.3922498921884935,0,1
2,1,0.08751293580982729,0,1
2,1,0.5203063925705919,1,1
2,1,0.4303455586124049,0,1
2,1,0.24694305609637845,0,1
2,1,0.6432476394568879,1,1
2,1,0.8732845908540326,1,1
2,1,0.12062332076055805,0,1
2,0,0.6025529912442608,1,1
2,1,0.8720260348851908,1,1
2,1,0.8201801005158826,1,1
2,0,0.17157632058901484,0,1
2,1,0.45135224011036523,0,1
2,0,0.48129628057214585,0,1
2,0,0.19457592796204148,0,1
2,0,0.38052484867208597,0,1
2,1,0.8853495987449034,1,1
2,1,0.5789826886460885,1,1
2,1,0.1940101272334065,0,1
2,1,0.6031742718075496,1,1
2,1,0.47747259200941533,0,1
2,1,0.24549947662232247,0,1
2,0,0.12896970029487614,0,1
2,1,0.8870045593685612,1,1
2,1,0.2508734983464376,0,1
2,1,0.42083024773065614,0,1
2,1,0.5963149117290593,1,1
2,1,0.20199528864825197,0,1
2,1,0.8537236700188806,1,1
2,1,0.7900421506120904,1,1
2,0,0.45689317131985324,0,1
2,1,0.9465274801049938,1,1
2,0,0.44718545475340504,0,1
2,1,0.526515127755607,1,1
2,1,0.07606346435867373,0,1
2,0,0.07748322615498983,0,1
2,0,0.4827862179154474,0,1
2,1,0.7951730936588518,1,1
2,1,0.7877703312426867,1,1
2,1,0.2519471838737748,0,1
2,1,0.6918145141233757,1,1
2,1,0.6807898623610146,1,1
2,1,0.8306911743470466,1,1
2,1,0.2526384976137626,0,1
2,1,0.18876587697155758,0,1
2,1,0.23737661289803205,0,1
2,1,0.6122192351040957,1,1
2,1,0.36813558048466033,0,1
2,1,0.8984818453458784,1,1
2,0,0.2677385807983424,0,1
2,1,0.7561040154802582,1,1
2,1,0.11772978438149831,0,1
2,1,0.34236506051269366,0,1
2,1,0.9386123397901628,1,1
2,1,0.6108227410213534,1,1
2,0,0.38587357693674956,0,1
2,1,0.5789848846467429,1,1
2,1,0.5992047758702456,1,1
2,1,0.7569449038640311,1,1
2,1,0.5006916356609743,1,1
2,0,0.5856528526339564,1,1
2,1,0.8185658709062484,1,1
2,1,0.470598104363628,0,1
2,1,0.9390927394819734,1,1
2,1,0.5448792733995319,1,1
2,1,0.836030173380961,1,1
2,1,0.8663533436885905,1,1
2,0,0.5264014449549171,1,1
2,1,0.19258839279107798,0,1
2,1,0.279985995582888,0,1
2,1,0.5558346440285896,1,1
2,0,0.6551670808768881,1,1
2,1,0.38348411339319255,0,1
2,1,0.8318613694933535,1,1
2,1,0.6261608587428521,1,1
2,0,0.5594246950450973,1,1
2,1,0.928796338892025,1,1
2,1,0.943578353851654,1,1
2,1,0.3768954095796741,0,1
2,1,0.7173901843518686,1,1
2,1,0.5845221524971043,1,1
2,0,0.06829758718953559,0,1
2,1,0.18893232605111418,0,1
2,1,0.4328252300460115,0,1
2,0,0.16509308435120829,0,1
2,1,0.22245225120182377,0,1
2,1,0.21664408123709938,0,1
2,1,0.10441308501574187,0,1
2,1,0.761398599581277,1,1
2,1,0.1706654771065732,0,1
2,1,0.5101327846185757,1,1
2,1,0.6945582016488332,1,1
2,0,0.5437650285996998,1,1
2,1,0.786718771572601,1,1
2,1,0.3137406344925453,0,1
2,1,0.7351173590465306,1,1
2,1,0.45804028952922127,0,1
2,1,0.387732079812128,0,1
2,1,0.13547388624936002,0,1
2,1,0.3333185954980802,0,1
2,1,0.7208198761319377,1,1
2,0,0.22618315901347394,0,1
2,1,0.6701690095633084,1,1
2,1,0.09501169000556324,0,1
2,1,0.9419268156806906,1,1
2,1,0.19279478772436778,0,1
2,1,0.3128922283330418,0,1
2,1,0.8325367473701232,1,1
2,1,0.5784917028744242,1,1
2,0,0.5813143328553607,1,1
2,1,0.9307905972713773,1,1
2,1,0.9385109157493408,1,1
2,1,0.3210070684142075,0,1
2,0,0.08921873800753145,0,1
2,1,0.6244785292455072,1,1
2,1,0.5805462811655734,1,1
2,1,0.33286366294114433,0,1
2,1,0.6470475135223994,1,1
2,1,0.6305781758459286,1,1
2,1,0.9455620831509177,1,1
2,1,0.4354580014950636,0,1
2,1,0.4541132669092581,0,1
2,0,0.17359467308273865,0,1
2,1,0.37315656415212217,0,1
2,1,0.579653522619504,1,1
2,1,0.5652655663512829,1,1
2,1,0.6375728456323548,1,1
2,1,0.6869814289935975,1,1
2,1,0.5989149513990918,1,1
2,1,0.9325065662052412,1,1
2,1,0.5175354698320709,1,1
2,0,0.6234559803658998,1,1
2,1,0.7416156263653773,1,1
2,1,0.6863133922894159,1,1
2,1,0.7061051727050786,1,1
2,1,0.7020627358202405,1,1
2,1,0.5879403842199142,1,1
2,0,0.6983072969194563,1,1
2,1,0.5872656086334547,1,1
2,1,0.7115606006946549,1,1
2,1,0.40836114938548285,0,1
2,1,0.6033479458550544,1,1
2,0,0.4384841761767669,0,1
2,0,0.5994927250071865,1,1
2,0,0.6414952380999578,1,1
2,1,0.5776790029960746,1,1
2,1,0.5429847111800135,1,1
2,1,0.619818480419046,1,1
2,0,0.13574294376700335,0,1
2,1,0.15238684938271127,0,1
2,1,0.5369449179409453,1,1
2,0,0.23970321909274214,0,1
2,1,0.09260830669517146,0,1
2,1,0.10781187224453281,0,1
2,1,0.25660126686553525,0,1
2,1,0.36146836699365203,0,1
2,1,0.5969425610068182,1,1
2,0,0.14616507615672453,0,1
2,1,0.8627126335396901,1,1
2,1,0.3896018036834651,0,1
2,1,0.6911522546498196,1,1
2,1,0.6984351158870445,1,1
2,1,0.09032387397645264,0,1
2,1,0.6507879230327428,1,1
2,1,0.5317619476631548,1,1
2,1,0.6488025951849445,1,1
2,1,0.9204212680047469,1,1
2,0,0.2580978045983232,0,1
2,1,0.5114084416805058,1,1
2,1,0.942961376031014,1,1
2,1,0.5695308577387505,1,1
2,1,0.24600424542426563,0,1
2,1,0.725140501249147,1,1
2,1,0.049253222458457604,0,0
2,0,0.16022110814128132,0,1
2,1,0.7044226656012151,1,1
2,1,0.5607194512914037,1,1
2,0,0.6522046573417143,1,1
2,0,0.22248134643704043,0,1
2,1,0.9190066420998697,1,1
2,1,0.6494444379178786,1,1
2,1,0.32622740521843363,0,1
2,1,0.2938984483355557,0,1
2,0,0.20941709761215724,0,1
2,1,0.15840562834439972,0,1
2,1,0.49914465155947435,0,1
2,1,0.3100331783416027,0,1
2,0,0.2690418837043405,0,1
2,1,0.7096661501230946,1,1
2,0,0.12293800055615893,0,1
2,1,0.4040247020881424,0,1
2,0,0.06508067991822361,0,1
2,1,0.7378863800785143,1,1
2,1,0.9277752000189121,1,1
2,1,0.9373227840341438,1,1
2,1,0.6113848040521661,1,1
2,1,0.09291853528833471,0,1
2,1,0.4496948592057424,0,1
2,0,0.41219414168779633,0,1
2,1,0.8224286796931435,1,1
2,1,0.13459893507180595,0,1
2,1,0.9416747216400512,1,1
2,1,0.08064769581608618,0,1
2,1,0.7680442724609621,1,1
2,1,0.912218053484294,1,1
2,1,0.9440544420296846,1,1
2,0,0.10177135073910204,0,1
2,1,0.7174444785607424,1,1
2,1,0.1972105052453584,0,1
2,0,0.1844591931874391,0,1
2,1,0.4801336971494509,0,1
2,1,0.8224704136122761,1,1
2,0,0.1037678387111234,0,1
2,1,0.934901868514926,1,1
2,1,0.5917326979290184,1,1
2,1,0.3853871345314661,0,1
2,1,0.7603505223227267,1,1
2,1,0.13313942784789354,0,1
2,1,0.05762790386789212,0,0
2,1,0.26930407291467984,0,1
2,1,0.6351083171348854,1,1
2,1,0.10480684086399111,0,1
2,0,0.1360828178249768,0,1
2,0,0.12148966730452702,0,1
2,1,0.9436270902753986,1,1
2,1,0.5408231094409996,1,1
2,0,0.25892338513483415,0,1
2,1,0.34279700719695816,0,1
2,1,0.23231015145409267,0,1
2,1,0.5572294795718272,1,1
2,1,0.8304053638793827,1,1
2,0,0.2739456023735203,0,1
2,0,0.34284402735200753,0,1
2,1,0.5411741787771265,1,1
2,1,0.3465173293874804,0,1
2,1,0.444240751224711,0,1
2,1,0.11953460778673905,0,1
2,0,0.09097105760520803,0,1
2,1,0.3174496168383657,0,1
2,1,0.5174196872315324,1,1
2,0,0.698217271086727,1,1
2,1,0.6477562344940757,1,1
2,1,0.5240358741201778,1,1
2,1,0.8185048580518264,1,1
2,1,0.7757970574599212,1,1
2,1,0.7447886344814484,1,1
2,1,0.17904271373604622,0,1
2,1,0.5053797941996402,1,1
2,0,0.2823512039057173,0,1
2,1,0.6811120875739012,1,1
2,1,0.2225168633381492,0,1
2,1,0.7184384680690072,1,1
2,1,0.8421704547899447,1,1
2,1,0.36062495280142726,0,1
2,1,0.2777215720487948,0,1
2,1,0.9430406940797199,1,1
2,1,0.9462049291642779,1,1
2,1,0.4664994420615387,0,1
2,1,0.28502058287240484,0,1
2,1,0.6627472376690627,1,1
2,0,0.872317504455755,1,1
2,1,0.931881884738887,1,1
2,0,0.12401806348825589,0,1
2,0,0.43902137422362575,0,1
2,1,0.31960412659060033,0,1
2,1,0.8356653533247203,1,1
2,1,0.2835551838769977,0,1
2,0,0.2504373227558099,0,1
2,1,0.10336079907882234,0,1
2,1,0.8888549026481786,1,1
2,1,0.11480295668297412,0,1
2,1,0.5010135366773298,1,1
2,1,0.6265309425361647,1,1
2,1,0.9344644881550112,1,1
2,0,0.3228582361541532,0,1
2,1,0.2810065023584331,0,1
2,1,0.7961947471571321,1,1
2,1,0.9400847667004847,1,1
2,1,0.09929311650645843,0,1
2,1,0.12999471261850049,0,1
2,1,0.7959283431566452,1,1
2,1,0.13582730475438348,0,1
2,1,0.2254382472450558,0,1
2,1,0.943757916489752,1,1
2,0,0.4148728919338501,0,1
2,0,0.32900170383354305,0,1
2,1,0.5774820116101255,1,1
2,1,0.3110612607642128,0,1
2,1,0.4872833217955506,0,1
2,1,0.5525118070304322,1,1
2,1,0.10492005922635436,0,1
2,0,0.3572235939872671,0,1
2,1,0.7371743799115281,1,1
2,1,0.5266429434980054,1,1
2,1,0.3195413249607978,0,1
2,1,0.723723863663849,1,1
2,1,0.7096196220901173,1,1
2,1,0.13961586809839288,0,1
2,1,0.5329792767640118,1,1
2,0,0.6641443104101109,1,1
2,0,0.10404796918408031,0,1
2,1,0.5117441402258625,1,1
2,1,0.5632098437435195,1,1
2,1,0.19701402821798758,0,1
2,1,0.5824315724213472,1,1
2,1,0.7884300312226297,1,1
2,1,0.0666350574431008,0,1
2,1,0.7466163304092496,1,1
2,1,0.5026326621436209,1,1
2,1,0.9466763925627748,1,1
2,1,0.35451408080815233,0,1
2,1,0.384424664995627,0,1
2,1,0.7418073428443042,1,1
2,0,0.3653729400852124,0,1
2,0,0.3023951942848235,0,1
2,1,0.9196802695692105,1,1
2,1,0.4736956409947254,0,1
2,1,0.5434008869759065,1,1
2,1,0.481162743082526,0,1
2,1,0.45634814585468686,0,1
2,1,0.5518842488434843,1,1
2,1,0.646056855923734,1,1
2,1,0.3521736443367244,0,1
2,1,0.31090988491616145,0,1
2,1,0.6200257798138799,1,1
2,1,0.6966150002278381,1,1
2,1,0.6719684280624452,1,1
2,0,0.2608647616719661,0,1
2,1,0.13998813143298003,0,1
2,0,0.5313044943614409,1,1
2,1,0.6726950915261619,1,1
2,1,0.7714847683242835,1,1
2,1,0.516144919655115,1,1
2,0,0.27864401244735787,0,1
2,0,0.6593468457324663,1,1
2,0,0.36438319390605867,0,1
2,1,0.5857352685597615,1,1
2,1,0.9054648899279532,1,1
2,1,0.4777005969072339,0,1
2,1,0.4415916178384247,0,1
2,1,0.7178147034160901,1,1
2,1,0.42709933329068644,0,1
2,1,0.1743038708118554,0,1
2,0,0.09360957716933675,0,1
2,1,0.10341158451889496,0,1
2,1,0.7031289286910518,1,1
2,1,0.9463467636526676,1,1
2,1,0.9310448038684195,1,1
2,1,0.12357103061579722,0,1
2,1,0.5946498309728129,1,1
2,1,0.43222336034003744,0,1
2,1,0.6239841244048396,1,1
2,1,0.33945892107836906,0,1
2,1,0.8188534542110472,1,1
2,1,0.940393286666644,1,1
2,1,0.6408678205984385,1,1
2,1,0.9466634127854608,1,1
2,0,0.08318212902161265,0,1
2,1,0.3827620909008219,0,1
2,1,0.9262931773190294,1,1
2,1,0.6308149197452544,1,1
2,0,0.4074818191520346,0,1
2,1,0.5073664639834476,1,1
2,1,0.5395953883766764,1,1
2,1,0.5349084876441215,1,1
2,0,0.8508236404653087,1,1
2,0,0.08323105253683208,0,1
2,1,0.9287093758349962,1,1
2,1,0.07912160313889104,0,1
2,1,0.7304883593035814,1,1
2,1,0.5345190689154304,1,1
2,1,0.9184611741031332,1,1
2,1,0.36336732207305866,0,1
2,1,0.5259313078726486,1,1
2,1,0.3348303756903431,0,1
2,1,0.06898743035249383,0,1
2,1,0.910547183086138,1,1
2,0,0.804601763440184,1,1
2,0,0.426711410811103,0,1
2,1,0.15355864852487658,0,1
2,1,0.8249353829044556,1,1
2,1,0.32227548739667267,0,1
2,1,0.47629314194918115,0,1
2,1,0.28721823677087993,0,1
2,1,0.24261905301102588,0,1
2,1,0.28078101621559276,0,1
2,1,0.06710935681110411,0,1
2,0,0.1958739241389232,0,1
2,1,0.21907659828895518,0,1
2,1,0.7855704903827427,1,1
2,1,0.4876045615617366,0,1
2,1,0.5737408666557887,1,1
2,1,0.6128885622140734,1,1
2,0,0.07784573226867872,0,1
2,1,0.4677938042743661,0,1
2,1,0.23988766151475407,0,1
2,1,0.6379050870360191,1,1
2,1,0.6961377472681174,1,1
2,1,0.47668274267882654,0,1
2,1,0.6832809885012933,1,1
2,1,0.940346191127247,1,1
2,1,0.732110235292181,1,1
2,0,0.15996951264486908,0,1
2,1,0.34285859194605506,0,1
2,0,0.19490280450381395,0,1
2,0,0.16622761990015997,0,1
2,1,0.6115844663239943,1,1
2,1,0.26157067071605294,0,1
2,1,0.667019576607723,1,1
2,1,0.22237409875226813,0,1
2,0,0.671577380594792,1,1
2,1,0.6451176600464881,1,1
2,0,0.6129921044020684,1,1
2,1,0.7070980932857376,1,1
2,1,0.316004721077308,0,1
2,1,0.5336129214185807,1,1
2,1,0.9423576071590509,1,1
2,0,0.11874327177304371,0,1
2,1,0.7583796932449435,1,1
2,0,0.09904338099680189,0,1
2,1,0.41639248409005325,0,1
2,0,0.5568357366218637,1,1
2,1,0.6650701675019345,1,1
2,1,0.09831963126857886,0,1
2,1,0.0673880040032461,0,1
2,1,0.6015562275553406,1,1
2,1,0.6542452130094317,1,1
2,1,0.7421660833440351,1,1
2,1,0.16544170957062837,0,1
2,1,0.7449462670341794,1,1
2,1,0.518229349593956,1,1
2,1,0.4431510017032801,0,1
2,0,0.6236679769064707,1,1
2,1,0.46684095668277337,0,1
2,1,0.7962706231863853,1,1
2,1,0.7582407264261172,1,1
2,0,0.04658723860562239,0,0
2,1,0.7485123173423679,1,1
2,1,0.3211335669483786,0,1
2,1,0.6418587557274184,1,1
2,1,0.711848521059464,1,1
2,1,0.3149231086626595,0,1
2,1,0.5458085474684772,1,1
2,1,0.5970213723727527,1,1
2,1,0.8522172159530736,1,1
2,1,0.3737239062704872,0,1
2,1,0.7916005946530799,1,1
2,1,0.49000986257720025,0,1
2,1,0.16027138878777028,0,1
2,0,0.7054892653022056,1,1
2,1,0.23371657100353754,0,1
2,1,0.2601624330659639,0,1
2,1,0.9445752746103374,1,1
2,1,0.945542796711127,1,1
2,0,0.41295115636428387,0,1
2,1,0.7772753204626787,1,1
2,1,0.5761503067328199,1,1
2,1,0.6831045047186819,1,1
2,1,0.504176127439411,1,1
2,1,0.3970583161149727,0,1
2,1,0.7248354420015378,1,1
2,1,0.807666080225828,1,1
2,1,0.926820541328826,1,1
2,1,0.7131059148645729,1,1
2,1,0.9267810085456695,1,1
2,0,0.6212473010617117,1,1
2,0,0.29206024591138974,0,1
2,1,0.8453117625407782,1,1
2,1,0.47166445494971243,0,1
2,1,0.3622489997938438,0,1
2,1,0.4066509203513285,0,1
2,1,0.9185550251947502,1,1
2,0,0.21644802515760708,0,1
2,1,0.2569433078141188,0,1
2,1,0.912663553505096,1,1
2,1,0.6458806048012932,1,1
2,0,0.4191383305687435,0,1
2,1,0.470093203994592,0,1
2,1,0.943956729621539,1,1
2,1,0.7427017891341224,1,1
2,1,0.16396091167490962,0,1
2,1,0.9354685526086887,1,1
2,0,0.08570198991429338,0,1
2,1,0.8135811162746814,1,1
2,1,0.9264033088084416,1,1
2,1,0.1768187497905203,0,1
2,1,0.17304979293370895,0,1
2,1,0.547027555933559,1,1
2,1,0.9343843139663036,1,1
2,0,0.042175623071063685,0,0
2,1,0.3748753068074146,0,1
2,1,0.7835029662725888,1,1
2,1,0.9237875688164248,1,1
2,0,0.2703063435504505,0,1
2,1,0.44927824691740986,0,1
2,1,0.6702483724749535,1,1
2,1,0.7358493298991201,1,1
2,1,0.6128639819586845,1,1
2,1,0.6201478544449976,1,1
2,1,0.7223113993830752,1,1
2,1,0.40927536036731904,0,1
2,1,0.9354964884735384,1,1
2,1,0.5033978871816807,1,1
2,1,0.5831868702657058,1,1
2,1,0.9393047157430755,1,1
2,1,0.9222005636989455,1,1
2,0,0.6874660188183419,1,1
2,1,0.9278163688694442,1,1
2,1,0.6187092472089137,1,1
2,1,0.15133664302138292,0,1
2,0,0.775236919695797,1,1
2,1,0.15358873927811414,0,1
2,0,0.29962379824703594,0,1
2,1,0.8088193172118843,1,1
2,0,0.23560413222555107,0,1
2,0,0.15985316267774197,0,1
2,1,0.20445441376677076,0,1
2,0,0.13613628809928113,0,1
2,1,0.1548523814546187,0,1
2,1,0.943795283937077,1,1
2,1,0.8515743848251662,1,1
2,1,0.46994054299722815,0,1
2,0,0.06294757082620828,0,1
2,1,0.2211457004351854,0,1
2,1,0.614920961277709,1,1
2,1,0.2754550716511858,0,1
2,1,0.9398211090543582,1,1
2,1,0.23552278629976403,0,1
2,1,0.5373157563624433,1,1
2,1,0.9430166362031163,1,1
2,1,0.12286992198117565,0,1
2,1,0.6641871581223708,1,1
2,1,0.5804211266576974,1,1
2,1,0.927448451927233,1,1
2,1,0.4623762697578712,0,1
2,0,0.0823882424986521,0,1
2,1,0.7129982522321071,1,1
2,1,0.4030329707647624,0,1
2,1,0.8118667643040514,1,1
2,1,0.40275320035483636,0,1
2,1,0.6819311128606239,1,1
2,1,0.2368001732177509,0,1
2,1,0.6133765823012753,1,1
2,1,0.6513038893672213,1,1
2,1,0.7725985638635211,1,1
2,1,0.9432190952244308,1,1
2,1,0.6256502049720218,1,1
2,1,0.21382299153415546,0,1
2,1,0.7741006449624694,1,1
2,1,0.4093552421377955,0,1
2,1,0.06549929680383071,0,1
2,1,0.42334847657219077,0,1
2,1,0.932665327744365,1,1
2,1,0.8043797261711757,1,1
2,1,0.49181439729274057,0,1
2,0,0.34798739049994587,0,1
2,1,0.667262352454915,1,1
2,1,0.7724932343038362,1,1
2,1,0.444100750592561,0,1
2,1,0.7811442060131127,1,1
2,1,0.42336065175351206,0,1
2,1,0.9476206483020162,1,1
2,1,0.825429294848827,1,1
2,1,0.9390151513363761,1,1
2,0,0.48690921589773384,0,1
2,1,0.6742011161819091,1,1
2,1,0.34398605060020426,0,1
2,1,0.7847992585663349,1,1
2,1,0.8217818653431894,1,1
2,1,0.6351033338978177,1,1
2,1,0.5816800655820817,1,1
2,1,0.9375809694511247,1,1
2,1,0.8783691595963579,1,1
2,1,0.6926410706785581,1,1
2,1,0.07487799905090597,0,1
2,1,0.7034043064899964,1,1
2,1,0.7462887661667317,1,1
2,0,0.16576566407721355,0,1
2,1,0.26967945942082777,0,1
2,0,0.43827116916698544,0,1
2,1,0.6084734540763722,1,1
2,1,0.8147995423643091,1,1
2,1,0.64071116114843,1,1
2,1,0.8190249042007524,1,1
2,1,0.8292410463532808,1,1
2,1,0.31891845984431716,0,1
2,0,0.201737524353319,0,1
2,1,0.5786909722383015,1,1
2,1,0.49199207154899016,0,1
2,1,0.2573924105020277,0,1
2,1,0.8297985485946745,1,1
2,1,0.6314233858606877,1,1
2,1,0.9206895454965915,1,1
2,1,0.5184443517867876,1,1
2,1,0.4605623892059332,0,1
2,1,0.8356967470163402,1,1
2,1,0.162099479642608,0,1
2,1,0.6413468786897499,1,1
2,1,0.3156354744303225,0,1
2,1,0.12355911907204942,0,1
2,1,0.36653086959512415,0,1
2,1,0.7160504129703252,1,1
2,0,0.21578832401058995,0,1
2,1,0.9391773620071967,1,1
2,1,0.6746863045513013,1,1
2,1,0.9406110334001633,1,1
2,0,0.10893728953811581,0,1
2,1,0.4798613193613694,0,1
2,1,0.6047331362211262,1,1
2,1,0.7552745351740587,1,1
2,1,0.9367544186629515,1,1
2,1,0.9177037664404575,1,1
2,1,0.8239469583881528,1,1
2,1,0.4549624549864725,0,1
2,1,0.6245990844745942,1,1
2,1,0.08851127588524871,0,1
2,0,0.1272737862061985,0,1
2,1,0.11834358969394561,0,1
2,1,0.9113892389323468,1,1
2,0,0.25122555084264764,0,1
2,1,0.6109069926212941,1,1
2,0,0.1166322336539853,0,1
2,1,0.16725601567321438,0,1
2,0,0.36252271782852946,0,1
2,1,0.45624633331527226,0,1
2,1,0.3769296062577285,0,1
2,1,0.6506560293846616,1,1
2,1,0.9372729982874725,1,1
2,1,0.4002328111610689,0,1
2,1,0.6794246567198714,1,1
2,1,0.7012208920621414,1,1
2,0,0.23512752929601805,0,1
2,1,0.23925404525335073,0,1
2,1,0.5688324212024577,1,1
2,1,0.7011808979847547,1,1
2,1,0.5217570292519242,1,1
2,1,0.26095640371648543,0,1
2,1,0.797936787481586,1,1
2,1,0.5047013591407421,1,1
2,0,0.025620653370036345,0,0
2,1,0.3688006265340316,0,1
2,1,0.7486009317999258,1,1
2,1,0.6291164448997856,1,1
2,1,0.054751829647884026,0,0
2,1,0.22326591056330022,0,1
2,1,0.2694720225629018,0,1
2,1,0.40405671589123826,0,1
2,1,0.9448420596877882,1,1
2,1,0.7290313366805867,1,1
2,1,0.6842534480237801,1,1
2,1,0.23964103121733135,0,1
2,1,0.3883807835958086,0,1
2,1,0.9165073718495935,1,1
2,1,0.7645160732096018,1,1
2,1,0.5787635386286958,1,1
2,1,0.055185476973835405,0,0
2,1,0.4503957860428717,0,1
2,1,0.3690051933594371,0,1
2,1,0.10855454588797374,0,1
2,1,0.7134595883002514,1,1
2,1,0.2329378068837852,0,1
2,1,0.7128146718120558,1,1
2,1,0.8194587636350805,1,1
2,1,0.5143782113947358,1,1
2,1,0.6811627445498962,1,1
2,1,0.21215941463149618,0,1
2,1,0.19500710668167193,0,1
2,1,0.4528373959152452,0,1
2,1,0.7560558309531537,1,1
2,1,0.07099498734679367,0,1
2,1,0.7036119443707443,1,1
2,1,0.34132279171526364,0,1
2,1,0.5213725669848835,1,1
2,0,0.28211219883176636,0,1
2,1,0.924925769888611,1,1
2,1,0.6095993024716645,1,1
2,1,0.35851829283974235,0,1
2,1,0.3889917647462926,0,1
2,1,0.9458581228519812,1,1
2,1,0.4095443724472098,0,1
2,1,0.7156315552401007,1,1
2,1,0.6466625730416713,1,1
2,1,0.8521724711127437,1,1
2,1,0.5681318591495232,1,1
2,1,0.8096595154748831,1,1
2,1,0.4220597983517399,0,1
2,1,0.5734976325910288,1,1
2,1,0.9458195872817905,1,1
2,1,0.145640512249076,0,1
2,1,0.7664426759023507,1,1
2,1,0.8285442349839311,1,1
2,1,0.12372081923265704,0,1
2,1,0.25348245879025627,0,1
2,1,0.5927169920429554,1,1
2,0,0.1900366206388942,0,1
2,1,0.1707335291319368,0,1
2,1,0.2272589269734678,0,1
2,1,0.32695497157974374,0,1
2,1,0.7860752384152329,1,1
2,1,0.1446374725346054,0,1
2,1,0.9015778302676357,1,1
2,1,0.9307205314868692,1,1
2,1,0.9309561121240402,1,1
2,1,0.0826041286643665,0,1
2,1,0.08593067650280775,0,1
2,1,0.5546934271429181,1,1
2,1,0.7236848060880516,1,1
2,0,0.6039170321769238,1,1
2,0,0.16120566756835714,0,1
2,1,0.7814349609495356,1,1
2,1,0.7325173122892746,1,1
2,1,0.49250795773899664,0,1
2,1,0.12659891352079625,0,1
2,1,0.5108375081419347,1,1
2,1,0.7701095663635344,1,1
2,0,0.2102763447461013,0,1
2,0,0.5880261931390359,1,1
2,1,0.35722498492988886,0,1
2,1,0.6752821474162339,1,1
2,1,0.9229116197353684,1,1
2,1,0.937099926500848,1,1
2,1,0.41478075392956465,0,1
2,1,0.9332283561177267,1,1
2,1,0.3957160601781287,0,1
2,1,0.7332926588722996,1,1
2,1,0.9357740572689055,1,1
2,1,0.948403386437878,1,1
2,1,0.7858701542035954,1,1
2,1,0.9472231328226769,1,1
2,1,0.8948712819328551,1,1
2,1,0.7302561999215388,1,1
2,1,0.3732907204708816,0,1
2,0,0.2868916555760945,0,1
2,1,0.19986774317847933,0,1
2,1,0.6661575116554688,1,1
2,1,0.9388856470422309,1,1
2,0,0.1788611846133137,0,1
2,1,0.5073934129615889,1,1
2,1,0.37963781513156075,0,1
2,1,0.6950610130789745,1,1
2,1,0.1437532951315395,0,1
2,1,0.0687412471306051,0,1
2,1,0.2868533050784699,0,1
2,1,0.3767546672489753,0,1
2,0,0.6150772022389613,1,1
2,1,0.940119468553244,1,1
2,1,0.8165363497366702,1,1
2,1,0.9433747510677208,1,1
2,1,0.6860670556293523,1,1
2,1,0.7458419349960186,1,1
2,0,0.5560051598967108,1,1
2,1,0.6785958815728338,1,1
2,1,0.5350306965482643,1,1
2,1,0.09758183027392817,0,1
2,1,0.9328615494659113,1,1
2,1,0.561516792058296,1,1
2,1,0.34002942334939784,0,1
2,1,0.05394095775719053,0,0
2,1,0.23230103527632964,0,1
2,1,0.9229713337302495,1,1
2,1,0.9387463573891144,1,1
2,1,0.5729946256378436,1,1
2,1,0.463397892300579,0,1
2,0,0.13955355034691905,0,1
2,1,0.9433483050609403,1,1
2,1,0.9434395929229203,1,1
2,0,0.3060683114020372,0,1
2,0,0.049186555340816736,0,0
2,1,0.07406350445079984,0,1
2,0,0.17597574421965548,0,1
2,1,0.45418955963921126,0,1
2,1,0.1511319264622167,0,1
2,0,0.2562946351940117,0,1
2,1,0.322954800086998,0,1
2,1,0.7644519037388681,1,1
2,1,0.5596675403549084,1,1
2,1,0.13385767516635694,0,1
2,1,0.35681485153261433,0,1
2,1,0.6562199664897118,1,1
2,1,0.6393697696221217,1,1
2,1,0.7397756654035648,1,1
2,1,0.18104270069156686,0,1
2,1,0.7977296833552154,1,1
2,1,0.270866273990153,0,1
2,1,0.08085727370659472,0,1
2,0,0.2528332654680863,0,1
2,1,0.341690483377962,0,1
2,1,0.7701237405640835,1,1
2,1,0.32753804740822773,0,1
2,1,0.6145348851556708,1,1
2,1,0.9415873490290572,1,1
2,1,0.767307456205585,1,1
2,1,0.5635503979314016,1,1
2,1,0.7534334147010318,1,1
2,1,0.9046669241663925,1,1
2,1,0.9334590966669633,1,1
2,1,0.40533477659885564,0,1
2,1,0.7197714144041527,1,1
2,1,0.9175739776551203,1,1
2,1,0.29111464690559813,0,1
2,1,0.9396702143902023,1,1
2,1,0.7408686652570806,1,1
2,1,0.9365145255640215,1,1
2,1,0.2718766201308538,0,1
2,1,0.8371679866583696,1,1
2,1,0.4789260150934824,0,1
2,1,0.044774961729135324,0,0
2,1,0.9406243070437527,1,1
2,1,0.31866370141027717,0,1
2,1,0.3272825655227559,0,1
2,1,0.8897561072198722,1,1
2,1,0.7271901213349166,1,1
2,1,0.1813674207931267,0,1
2,1,0.1055792260552401,0,1
2,1,0.38020726993182924,0,1
2,1,0.6228056798012939,1,1
2,0,0.03727315536934282,0,0
2,1,0.7326246305796842,1,1
2,1,0.4962861839006957,0,1
2,1,0.9306409579282109,1,1
2,1,0.5801898356826019,1,1
2,1,0.18502575394633408,0,1
2,1,0.7262721948849377,1,1
2,1,0.702928947627025,1,1
2,0,0.07605822383226138,0,1
2,1,0.34408409460594647,0,1
2,1,0.9362876569293063,1,1
2,0,0.6479565995283105,1,1
2,1,0.44290837191033666,0,1
2,1,0.5025116906540639,1,1
2,1,0.49310910866835556,0,1
2,0,0.35853583556112445,0,1
2,1,0.5946652130213276,1,1
2,1,0.9155106956488439,1,1
2,1,0.3680277159477487,0,1
2,1,0.8512849905984826,1,1
2,1,0.4439216828065734,0,1
2,1,0.25810486251821535,0,1
2,1,0.31475106256038765,0,1
2,0,0.5727296997417994,1,1
2,1,0.9413100634394321,1,1
2,0,0.32515013485032224,0,1
2,0,0.06194929259973774,0,1
2,1,0.7579363118931172,1,1
2,1,0.927487917205148,1,1
2,0,0.6093030787832363,1,1
2,1,0.5779599208583429,1,1
2,1,0.4693059010679659,0,1
2,1,0.7740788753892662,1,1
2,1,0.35873500209023035,0,1
2,1,0.06542106338162072,0,1
2,0,0.16131161843744715,0,1
2,0,0.0809136475170954,0,1
2,1,0.13344209341015661,0,1
2,0,0.26675047754838543,0,1
2,1,0.5252998889277122,1,1
2,1,0.4374562380232118,0,1
2,1,0.9346056715433414,1,1
2,1,0.2617106413084172,0,1
2,1,0.5972709433156437,1,1
2,1,0.7107949888542324,1,1
2,1,0.9422008352149112,1,1
2,1,0.4101659895965874,0,1
2,1,0.35220656051584676,0,1
2,1,0.9427365807543191,1,1
2,1,0.3015431479644514,0,1
2,1,0.6073977767969554,1,1
2,1,0.05125657981641172,0,0
2,1,0.5193366421251553,1,1
2,1,0.5158795881855985,1,1
2,1,0.6519544863771194,1,1
2,1,0.6821629284140672,1,1
2,1,0.2971169763533807,0,1
2,1,0.6926334551976153,1,1
2,1,0.76105093096739,1,1
2,0,0.34339343105036535,0,1
2,1,0.7613278728624044,1,1
2,1,0.3008556406318879,0,1
2,1,0.2609722771299255,0,1
2,1,0.16747338304822892,0,1
2,1,0.5588628717964101,1,1
2,1,0.5946694278096394,1,1
2,1,0.232596917747741,0,1
2,1,0.3208181720016967,0,1
2,1,0.2557811212059536,0,1
2,1,0.6433216740027518,1,1
2,1,0.1339149992837762,0,1
2,1,0.28797361001456173,0,1
2,0,0.19248199558634502,0,1
2,1,0.6092001430804561,1,1
2,1,0.5446313520719811,1,1
2,0,0.08580959817862586,0,1
2,1,0.5667186158407819,1,1
2,1,0.9284207922867846,1,1
2,1,0.28622066896110104,0,1
2,1,0.6009459752410057,1,1
2,1,0.5237933314943828,1,1
2,1,0.9453784649596267,1,1
2,1,0.6533027030559903,1,1
2,1,0.10000616102376775,0,1
2,1,0.4835440595894659,0,1
3,1,0.6542374843783055,1,1
3,0,0.6947515558721474,1,1
3,0,0.24726838108021187,0,1
3,1,0.6918071854897708,1,1
3,0,0.49370583456701184,0,1
3,1,0.753676541530054,1,1
3,0,0.26521226744676224,0,1
3,1,0.3368202668088595,0,1
3,0,0.37878973444488895,0,1
3,1,0.3189990700513552,0,1
3,1,0.8031141454424388,1,1
3,1,0.32408775179699967,0,1
3,0,0.5135404552139167,1,1
3,0,0.09102484256974239,0,1
3,0,0.16741380369389022,0,1
3,1,0.23724167450702766,0,1
3,1,0.9375635758328701,1,1
3,1,0.20962161615037775,0,1
3,1,0.15089340896257808,0,1
3,1,0.19847678041066993,0,1
3,1,0.5124319414081219,1,1
3,1,0.45750800951404097,0,1
3,1,0.7614438813332455,1,1
3,1,0.9320412116122013,1,1
3,0,0.45235944408137396,0,1
3,1,0.7345920554149932,1,1
3,0,0.4057245848885861,0,1
3,1,0.6838752746478365,1,1
3,1,0.907953256499915,1,1
3,1,0.8132323871848156,1,1
3,0,0.05880299988037452,0,0
3,0,0.31270280679574497,0,1
3,1,0.7304385584261482,1,1
3,0,0.5800125497818377,1,1
3,0,0.6483601787545856,1,1
3,0,0.3283183944128038,0,1
3,1,0.7276123402615599,1,1
3,0,0.1569615227737427,0,1
3,1,0.42106205835535027,0,1
3,1,0.07325986261489711,0,1
3,0,0.29941212845997284,0,1
3,0,0.663889631804106,1,1
3,0,0.19547746228226673,0,1
3,0,0.2072216587395396,0,1
3,0,0.5531878201971746,1,1
3,1,0.5426625600572708,1,1
3,1,0.24269431953865456,0,1
3,1,0.2875319258838486,0,1
3,1,0.9410775584267689,1,1
3,1,0.8201629452512708,1,1
3,0,0.5634721045646748,1,1
3,0,0.481417467998866,0,1
3,1,0.7779610977240875,1,1
3,1,0.17404700929141728,0,1
3,0,0.7090393432681784,1,1
3,1,0.7223321706847734,1,1
3,1,0.14372224527186078,0,1
3,1,0.4438545085476099,0,1
3,1,0.13866712150341856,0,1
3,1,0.6936600438968804,1,1
3,0,0.21839481266495894,0,1
3,1,0.14296407141574316,0,1
3,0,0.5308089116406969,1,1
3,1,0.3286758029076229,0,1
3,1,0.4855592239026809,0,1
3,0,0.17415505307416151,0,1
3,1,0.7479797228171337,1,1
3,0,0.16254401610642488,0,1
3,1,0.7684754033704164,1,1
3,0,0.1789542407351142,0,1
3,0,0.10738237491227583,0,1
3,1,0.5179155455911991,1,1
3,1,0.7077414722207185,1,1
3,0,0.2026872838263911,0,1
3,0,0.6810159200624608,1,1
3,0,0.13299258768558214,0,1
3,1,0.3526406624762232,0,1
3,0,0.734351332117247,1,1
3,0,0.4239852583574216,0,1
3,1,0.9381017448109419,1,1
3,0,0.21086019001719133,0,1
3,1,0.8194076464320059,1,1
3,0,0.18095264184733498,0,1
3,1,0.5247018229406926,1,1
3,1,0.7839777726194195,1,1
3,0,0.46892828445941276,0,1
3,1,0.9407588127397563,1,1
3,1,0.37525225397019,0,1
3,1,0.11837356251958521,0,1
3,1,0.39025741437400424,0,1
3,1,0.8283724797659664,1,1
3,0,0.07898457855635711,0,1
3,1,0.8003408017036151,1,1
3,0,0.6628048622793705,1,1
3,1,0.8075119888210115,1,1
3,0,0.477783479924698,0,1
3,1,0.757463615654177,1,1
3,0,0.09601751108494049,0,1
3,1,0.052160529215949845,0,0
3,1,0.6069484962948047,1,1
3,0,0.24816795444081588,0,1
3,1,0.16052650260292134,0,1
3,1,0.49300070156850234,0,1
3,1,0.7524616275936318,1,1
3,0,0.05961934292204154,0,0
3,0,0.47761322544260887,0,1
3,0,0.6521658651746494,1,1
3,1,0.17027921243875194,0,1
3,0,0.15084620814759692,0,1
3,1,0.7013978895747592,1,1
3,1,0.7326037445911402,1,1
3,1,0.724647784853211,1,1
3,0,0.40024462857553733,0,1
3,0,0.16896221668110967,0,1
3,1,0.9143144091924947,1,1
3,1,0.09759164317786415,0,1
3,0,0.3236899926195184,0,1
3,1,0.6228449941925145,1,1
3,0,0.4320026233279255,0,1
3,0,0.153544197838077,0,1
3,1,0.8766365789529308,1,1
3,0,0.7240352551004784,1,1
3,1,0.9420516607993886,1,1
3,1,0.5780855765450867,1,1
3,1,0.2130662463913916,0,1
3,1,0.9415908404852863,1,1
3,0,0.6713220597333601,1,1
3,0,0.4604802362147896,0,1
3,1,0.12296341793317363,0,1
3,0,0.5622606039275052,1,1
3,1,0.36212215057748004,0,1
3,0,0.6738702754522242,1,1
3,1,0.6411147918908661,1,1
3,1,0.9390021336153552,1,1
3,1,0.13988410568720433,0,1
3,1,0.5161406048592663,1,1
3,1,0.5846824571972621,1,1
3,1,0.5056948006820271,1,1
3,0,0.37733072757583236,0,1
3,1,0.5919993764068912,1,1
3,0,0.3450562790882312,0,1
3,1,0.9284627787198767,1,1
3,1,0.06235624490494705,0,1
3,0,0.10723189879712383,0,1
3,1,0.5634715641632541,1,1
3,0,0.7668517548941938,1,1
3,1,0.6985177643094688,1,1
3,1,0.3849609201670251,0,1
3,1,0.1226330973459421,0,1
3,0,0.20114190246070363,0,1
3,1,0.17775890978484452,0,1
3,1,0.6022302960229451,1,1
3,1,0.6771789107050696,1,1
3,0,0.3353730665583671,0,1
3,1,0.46058105290105855,0,1
3,1,0.8958327426017216,1,1
3,0,0.17486254595958994,0,1
3,1,0.4144247614492207,0,1
3,1,0.1157994003015919,0,1
3,1,0.6478665495902186,1,1
3,0,0.21336603675859206,0,1
3,0,0.19682947060354222,0,1
3,1,0.645797826814583,1,1
3,1,0.7858805338422361,1,1
3,1,0.9147897045779433,1,1
3,0,0.4182513085096951,0,1
3,0,0.4217418961139858,0,1
3,0,0.49394806997919843,0,1
3,0,0.06867773589559896,0,1
3,1,0.4293348223757722,0,1
3,1,0.5634572947012094,1,1
3,0,0.33210837903974244,0,1
3,0,0.3264218036561636,0,1
3,0,0.5298962861794055,1,1
3,0,0.17843420935075813,0,1
3,0,0.25686544924274485,0,1
3,1,0.7675674703289401,1,1
3,1,0.3060230556402625,0,1
3,1,0.15155424283177807,0,1
3,1,0.6824692480315568,1,1
3,0,0.37086338089123766,0,1
3,1,0.5708936857227415,1,1
3,1,0.7161906556674754,1,1
3,1,0.6952471500313785,1,1
3,1,0.19041997858856985,0,1
3,1,0.08512014405296905,0,1
3,0,0.08174775973580098,0,1
3,1,0.31593094493523505,0,1
3,0,0.05908515472189731,0,0
3,1,0.48695352139965103,0,1
3,1,0.8264898914115457,1,1
3,0,0.26913394653685807,0,1
3,1,0.7117660760674227,1,1
3,1,0.7128730207079303,1,1
3,1,0.14950174436073335,0,1
3,1,0.9161241182257127,1,1
3,1,0.20406727144955406,0,1
3,0,0.13042119429654006,0,1
3,1,0.6972054164335623,1,1
3,1,0.6133893756232885,1,1
3,1,0.46508305975881936,0,1
3,0,0.2447954722254314,0,1
3,1,0.8133127462430841,1,1
3,1,0.5636538928033183,1,1
3,0,0.15282644603010337,0,1
3,1,0.8005130759161115,1,1
3,1,0.8334754096257451,1,1
3,1,0.3781024099332392,0,1
3,0,0.7618235210562107,1,1
3,1,0.2694299358186134,0,1
3,0,0.18354357981725758,0,1
3,0,0.13201404935350597,0,1
3,1,0.9179658174220238,1,1
3,1,0.3153291749776365,0,1
3,0,0.45424061482183403,0,1
3,0,0.17277371665477131,0,1
3,1,0.9405324988267024,1,1
3,1,0.8313091320515199,1,1
3,0,0.15467050640488295,0,1
3,1,0.43805674811104905,0,1
3,1,0.3993035602351458,0,1
3,1,0.8029923532990574,1,1
3,1,0.3814401174322547,0,1
3,1,0.5177388443285804,1,1
3,1,0.7437291041443974,1,1
3,1,0.22988201735556837,0,1
3,0,0.07697846420771493,0,1
3,1,0.06745465342745224,0,1
3,1,0.274638254512754,0,1
3,1,0.3821648337939804,0,1
3,1,0.4810467185647915,0,1
3,1,0.37775466453093276,0,1
3,0,0.13602937063539805,0,1
3,1,0.5661669222913968,1,1
3,1,0.9387921897911465,1,1
3,1,0.9389897286118094,1,1
3,1,0.2048149890428989,0,1
3,0,0.35472627261696704,0,1
3,1,0.4070946276018003,0,1
3,1,0.3134948974315854,0,1
3,1,0.9419399672407388,1,1
3,1,0.6853988599775417,1,1
3,1,0.9399091257904995,1,1
3,1,0.6018199579013054,1,1
3,0,0.7656661518040544,1,1
3,0,0.20742550588821007,0,1
3,0,0.3760626568969416,0,1
3,0,0.35566821892631373,0,1
3,1,0.7190316827118796,1,1
3,1,0.23588739005203954,0,1
3,0,0.3026763410837777,0,1
3,1,0.17726979107051788,0,1
3,1,0.6667133595368929,1,1
3,1,0.06828685665623163,0,1
3,1,0.7129679408240753,1,1
3,1,0.17870963188263533,0,1
3,0,0.3044064771339102,0,1
3,1,0.6026286287227544,1,1
3,1,0.9238686554287243,1,1
3,1,0.17425225581272855,0,1
3,0,0.10573885759307691,0,1
3,0,0.21937617565255205,0,1
3,1,0.9366114825607735,1,1
3,1,0.771099851952423,1,1
3,1,0.5087116248152502,1,1
3,1,0.8329292832540565,1,1
3,1,0.10056114581242842,0,1
3,1,0.6238348894322483,1,1
3,1,0.2912330017250242,0,1
3,0,0.7521390470486202,1,1
3,1,0.6143986344010761,1,1
3,1,0.5072670282985601,1,1
3,0,0.17679259189979143,0,1
3,1,0.6825738255634811,1,1
3,0,0.11603324623689043,0,1
3,1,0.17099476414138928,0,1
3,0,0.10958813398261281,0,1
3,0,0.07558743610129856,0,1
3,1,0.712020592618839,1,1
3,1,0.4520608152787192,0,1
3,0,0.587975263222909,1,1
3,1,0.05959731374201195,0,0
3,0,0.6391884494945241,1,1
3,1,0.10457206408660642,0,1
3,0,0.3161404634386286,0,1
3,0,0.05926675206985342,0,0
3,1,0.8787654330132445,1,1
3,1,0.6232473798403148,1,1
3,1,0.9406287771869306,1,1
3,1,0.6333320837630443,1,1
3,1,0.5981838268385427,1,1
3,1,0.9372477564643726,1,1
3,1,0.4695544640260492,0,1
3,1,0.3283618247661978,0,1
3,1,0.8332891287008656,1,1
3,1,0.12190599218001895,0,1
3,1,0.5604446273661241,1,1
3,1,0.05673422902213995,0,0
3,0,0.2118278075953674,0,1
3,1,0.8223384371204179,1,1
3,1,0.08479951803282525,0,1
3,1,0.6363572947488456,1,1
3,0,0.39691085318081576,0,1
3,0,0.6659553303905706,1,1
3,1,0.9424344752033608,1,1
3,0,0.046693083442075546,0,0
3,1,0.22384791010132832,0,1
3,0,0.19247439532205013,0,1
3,1,0.62919648276614,1,1
3,1,0.5473844741217194,1,1
3,0,0.6935515026544241,1,1
3,1,0.9416516197890787,1,1
3,0,0.6931133098403517,1,1
3,1,0.23310427581723858,0,1
3,1,0.6804293319837719,1,1
3,0,0.4962592017818599,0,1
3,1,0.29313535696438303,0,1
3,1,0.5286952345444031,1,1
3,1,0.1359769888120773,0,1
3,0,0.4701572264380635,0,1
3,0,0.4011426043124685,0,1
3,1,0.656941073984136,1,1
3,1,0.5930260845506148,1,1
3,0,0.3560860229814244,0,1
3,1,0.2781712054843296,0,1
3,1,0.7922277819137556,1,1
3,1,0.42889360456418013,0,1
3,0,0.16913812161162886,0,1
3,1,0.9355518848625283,1,1
3,1,0.2185929572750115,0,1
3,1,0.1999238583429894,0,1
3,1,0.9400673354369962,1,1
3,1,0.4565838820277353,0,1
3,1,0.15354558113008923,0,1
3,0,0.23978487875034635,0,1
3,1,0.7662945069571415,1,1
3,1,0.5427042515994341,1,1
3,1,0.11419928288885416,0,1
3,1,0.43357891398835846,0,1
3,1,0.8289677564735599,1,1
3,1,0.3841814119136163,0,1
3,0,0.6332816229629207,1,1
3,0,0.24065880814849205,0,1
3,1,0.5460790263597519,1,1
3,0,0.2972248294233107,0,1
3,1,0.4098809841846886,0,1
3,0,0.4463563216975627,0,1
3,1,0.941527704673539,1,1
3,1,0.3110752721018997,0,1
3,1,0.4557909325173002,0,1
3,1,0.5859105316687605,1,1
3,1,0.7516713918105165,1,1
3,1,0.3385596766579024,0,1
3,1,0.33209362287838445,0,1
3,1,0.6657880600123195,1,1
3,1,0.203686899248506,0,1
3,1,0.6103592236754396,1,1
3,1,0.9157036634795326,1,1
3,0,0.2717948263933676,0,1
3,0,0.11183305939762082,0,1
3,1,0.6914404705503804,1,1
3,1,0.7854325504492327,1,1
3,1,0.9394541734043369,1,1
3,0,0.06921091157731134,0,1
3,0,0.34403947261061696,0,1
3,1,0.9087663564519448,1,1
3,1,0.9358055716847923,1,1
3,1,0.17846929746995996,0,1
3,1,0.16491890277025956,0,1
3,1,0.32094081462991325,0,1
3,1,0.5385846741862638,1,1
3,1,0.9203696778023028,1,1
3,1,0.36329985982733154,0,1
3,1,0.2568408449420347,0,1
3,1,0.21981974150909814,0,1
3,1,0.2596514227971969,0,1
3,0,0.1486274331354298,0,1
3,1,0.12793348335123775,0,1
3,0,0.43724843147131115,0,1
3,1,0.5151184141968493,1,1
3,1,0.7847812394205521,1,1
3,0,0.14574017382501547,0,1
3,1,0.9407328053846611,1,1
3,1,0.11536988433359736,0,1
3,0,0.31005396119333856,0,1
3,0,0.4098916121311883,0,1
3,1,0.4694329526877779,0,1
3,1,0.1586325918745134,0,1
3,1,0.47435064518286196,0,1
3,0,0.8312205799868417,1,1
3,1,0.5954597514578891,1,1
3,1,0.11010092616134998,0,1
3,1,0.8077089324698903,1,1
3,1,0.9351357519150035,1,1
3,1,0.18961332000884074,0,1
3,1,0.10000571503315978,0,1
3,0,0.2366454083468887,0,1
3,1,0.46535884597419536,0,1
3,1,0.14229069286562446,0,1
3,1,0.15895884590429174,0,1
3,1,0.8034336827369081,1,1
3,1,0.43189625949472926,0,1
3,1,0.7145115708730506,1,1
3,1,0.6690615711905797,1,1
3,0,0.6844243076198762,1,1
3,1,0.7390146386479918,1,1
3,1,0.3583399539684338,0,1
3,0,0.06898185645147463,0,1
3,1,0.23134264995679335,0,1
3,1,0.47111462426447076,0,1
3,0,0.6770452561812028,1,1
3,1,0.2198457546287957,0,1
3,1,0.2935235323423028,0,1
3,1,0.319594682638957,0,1
3,1,0.19758357276474225,0,1
3,0,0.33329636706048416,0,1
3,1,0.9343347992920165,1,1
3,1,0.9041812027765077,1,1
3,0,0.48201967522610123,0,1
3,1,0.7726926547661892,1,1
3,0,0.7238982125951952,1,1
3,0,0.27220383961757344,0,1
3,1,0.5293760126916534,1,1
3,1,0.37274677579787413,0,1
3,1,0.8042017749868469,1,1
3,0,0.11000138849990158,0,1
3,1,0.8439419890477763,1,1
3,1,0.8415329391081863,1,1
3,1,0.5190137589838462,1,1
3,1,0.5221454535705765,1,1
3,1,0.2684892562125494,0,1
3,1,0.38015351404796544,0,1
3,1,0.6236198548612231,1,1
3,1,0.676212450132911,1,1
3,1,0.19543705857523203,0,1
3,1,0.7973918355356767,1,1
3,1,0.5055297946088214,1,1
3,0,0.48480306184969796,0,1
3,1,0.4607236078228648,0,1
3,0,0.7963544680144845,1,1
3,0,0.10250990448050279,0,1
3,1,0.6799930766139339,1,1
3,0,0.22481488296979457,0,1
3,0,0.7280385531748965,1,1
3,1,0.2786355934153746,0,1
3,1,0.942042255074856,1,1
3,1,0.09654034008016742,0,1
3,0,0.04313633781878295,0,0
3,1,0.5500687930594615,1,1
3,1,0.4550466112504265,0,1
3,1,0.13972332069197793,0,1
3,1,0.5910444498102859,1,1
3,1,0.5199086741718749,1,1
3,1,0.4712960275651895,0,1
3,0,0.20347634968076725,0,1
3,1,0.6392053480068078,1,1
3,1,0.9388128183634328,1,1
3,1,0.8323585761398754,1,1
3,1,0.10160046839486678,0,1
3,1,0.6692144504782479,1,1
3,1,0.5551009922994833,1,1
3,1,0.9321789253170928,1,1
3,1,0.6096390651512743,1,1
3,0,0.39875783182432584,0,1
3,1,0.7352639696701405,1,1
3,1,0.25470109670698293,0,1
3,1,0.8584880613872814,1,1
3,1,0.7952334259287361,1,1
3,1,0.5062741601607912,1,1
3,1,0.6234827320423193,1,1
3,0,0.4458226963630315,0,1
3,1,0.7596352466974586,1,1
3,1,0.2682686137552226,0,1
3,1,0.9235672390104457,1,1
3,1,0.7704440983346149,1,1
3,1,0.4396485131754246,0,1
3,1,0.7519200329517546,1,1
3,0,0.8111384459298309,1,1
3,1,0.7475687802491163,1,1
3,1,0.3913392053278788,0,1
3,1,0.2611318167123225,0,1
3,1,0.13226772807588846,0,1
3,0,0.28598166042301343,0,1
3,1,0.2058057880540308,0,1
3,1,0.8615574703037922,1,1
3,1,0.6156112996091353,1,1
3,1,0.6866202648598412,1,1
3,1,0.6020180115430793,1,1
3,1,0.1887441620452385,0,1
3,1,0.4983912161167627,0,1
3,1,0.48318448562905525,0,1
3,1,0.08827113385448865,0,1
3,0,0.2974380133622042,0,1
3,1,0.48707193037696733,0,1
3,1,0.9404196351704018,1,1
3,0,0.4673873228269669,0,1
3,1,0.9246576073086142,1,1
3,0,0.37339682406215413,0,1
3,0,0.20398636752110436,0,1
3,1,0.1847293874214728,0,1
3,1,0.6055165659114095,1,1
3,0,0.11248747993961486,0,1
3,1,0.935871613575942,1,1
3,1,0.7874858454649606,1,1
3,1,0.6512750615820052,1,1
3,1,0.893328627802254,1,1
3,1,0.8539324635661375,1,1
3,0,0.07648193403442496,0,1
3,0,0.5544447185690757,1,1
3,1,0.45006498826644364,0,1
3,1,0.7455732831225261,1,1
3,1,0.7292248855923587,1,1
3,1,0.5329803647400682,1,1
3,0,0.07270152794190819,0,1
3,1,0.9384380928574522,1,1
3,1,0.053490996442752625,0,0
3,1,0.929990128044915,1,1
3,1,0.30579814107904085,0,1
3,1,0.4819760042640907,0,1
3,1,0.6142666387025818,1,1
3,0,0.27410870224077793,0,1
3,1,0.05670345742854759,0,0
3,1,0.15981481053398705,0,1
3,0,0.08617351289529028,0,1
3,0,0.3114758720844303,0,1
3,0,0.4620456018283169,0,1
3,1,0.8375235201118187,1,1
3,1,0.4178977209529448,0,1
3,1,0.5732808498808328,1,1
3,1,0.6529840381823455,1,1
3,0,0.11235753165907836,0,1
3,1,0.19516013497695675,0,1
3,1,0.9421189684590642,1,1
3,1,0.5647720373135501,1,1
3,0,0.6866186812882505,1,1
3,1,0.8472458897559708,1,1
3,1,0.811133353252689,1,1
3,1,0.32723737616483967,0,1
3,1,0.6277484878637467,1,1
3,1,0.6979387757966674,1,1
3,0,0.18524386760716596,0,1
3,0,0.1723835479797636,0,1
3,1,0.5324250906894709,1,1
3,1,0.621475495962497,1,1
3,1,0.4291406948061695,0,1
3,1,0.9282287269931798,1,1
3,1,0.5095134784268088,1,1
3,0,0.4612431416591799,0,1
3,1,0.5529971242398617,1,1
3,1,0.9320629701721825,1,1
3,1,0.27446114880852396,0,1
3,0,0.3661840771661405,0,1
3,1,0.9322550969694046,1,1
3,1,0.5522614564071904,1,1
3,1,0.6441253609579153,1,1
3,1,0.5599513516936565,1,1
3,1,0.3085815515839361,0,1
3,1,0.8838893997456156,1,1
3,1,0.9382002590823727,1,1
3,1,0.7555014532574856,1,1
3,1,0.3233527175786273,0,1
3,1,0.7403488121261955,1,1
3,1,0.4707317883514533,0,1
3,1,0.6579357883826135,1,1
3,0,0.137997019463023,0,1
3,1,0.5273087908568015,1,1
3,1,0.3649512861825567,0,1
3,1,0.9257885630398678,1,1
3,1,0.20520391002691668,0,1
3,1,0.23589084940057917,0,1
3,0,0.7400130038048728,1,1
3,1,0.4661142627815116,0,1
3,1,0.7009655549890235,1,1
3,0,0.2721962929594251,0,1
3,0,0.7039613587334074,1,1
3,1,0.9233584549010432,1,1
3,0,0.1143199639236314,0,1
3,1,0.5937389814801031,1,1
3,1,0.5961742920746836,1,1
3,1,0.6115537008105628,1,1
3,0,0.1274738708772887,0,1
3,1,0.6368591284261558,1,1
3,1,0.3437404570943783,0,1
3,1,0.5584651278803864,1,1
3,1,0.6682856425163743,1,1
3,0,0.45457143114529586,0,1
3,1,0.5212250288081525,1,1
3,1,0.6783208186047158,1,1
3,1,0.46079575440082426,0,1
3,1,0.7025655238336206,1,1
3,1,0.9327910252286382,1,1
3,1,0.8730522534785038,1,1
3,1,0.9336711783141872,1,1
3,1,0.5798976410405166,1,1
3,0,0.06324007601718375,0,1
3,1,0.9416625401661031,1,1
3,1,0.6294850060932407,1,1
3,1,0.13712236470674652,0,1
3,1,0.9110113848017487,1,1
3,1,0.5989110422099618,1,1
3,1,0.1718277134172883,0,1
3,1,0.9267527026385656,1,1
3,1,0.3673052146479718,0,1
3,1,0.35481673957671744,0,1
3,1,0.7903067991594022,1,1
3,0,0.7017649737598423,1,1
3,1,0.9363237291742971,1,1
3,1,0.4503203662735344,0,1
3,1,0.5377426015578269,1,1
3,1,0.48242247383495446,0,1
3,1,0.20964308060938772,0,1
3,1,0.608204425493317,1,1
3,1,0.29246001383938514,0,1
3,1,0.26698995057023645,0,1
3,1,0.5200253725740951,1,1
3,1,0.2264691708522563,0,1
3,0,0.6592333260858724,1,1
3,0,0.6926178960870175,1,1
3,0,0.16266896494653177,0,1
3,1,0.8619848516099127,1,1
3,1,0.6761533540309368,1,1
3,1,0.927428980666785,1,1
3,1,0.7808353020897564,1,1
3,0,0.19952401443808618,0,1
3,1,0.7220883644258461,1,1
3,0,0.6609156518179553,1,1
3,1,0.23131377225248959,0,1
3,1,0.36779791034578785,0,1
3,1,0.5120015655077709,1,1
3,0,0.24631847050395006,0,1
3,0,0.2478861043717591,0,1
3,1,0.5944628182825695,1,1
3,1,0.2671122262839627,0,1
3,1,0.8135152397878722,1,1
3,1,0.33426661761499,0,1
3,1,0.5270569272837076,1,1
3,1,0.5942794061189804,1,1
3,0,0.6226979025230938,1,1
3,0,0.4650939934866074,0,1
3,1,0.25950188028266097,0,1
3,1,0.2657195882837719,0,1
3,1,0.5143497033748635,1,1
3,1,0.6778812995748157,1,1
3,0,0.2145798914791773,0,1
3,0,0.2751024277637343,0,1
3,0,0.2515038500452583,0,1
3,1,0.3812144437775924,0,1
3,1,0.9403310845480504,1,1
3,1,0.52137669770399,1,1
3,1,0.6199522849954645,1,1
3,1,0.40816345237296137,0,1
3,1,0.8611477912915421,1,1
3,0,0.5736241089622358,1,1
3,1,0.14385389437546353,0,1
3,0,0.34798193102626573,0,1
3,1,0.1239542489051414,0,1
3,1,0.9107121011739777,1,1
3,1,0.23602963284465275,0,1
3,1,0.3636215992011284,0,1
3,1,0.9201171628140937,1,1
3,0,0.49766675861339554,0,1
3,1,0.1953075187467159,0,1
3,1,0.3966255362174806,0,1
3,0,0.18941462476593482,0,1
3,1,0.8423189365661797,1,1
3,1,0.49877982054678427,0,1
3,1,0.4412531850066369,0,1
3,1,0.8100289743109029,1,1
3,1,0.728368796910526,1,1
3,1,0.3550195251735932,0,1
3,1,0.7274987777970423,1,1
3,1,0.10413747628453288,0,1
3,1,0.6456146433296495,1,1
3,1,0.7219865945012167,1,1
3,1,0.21806249822797855,0,1
3,0,0.10347964298770446,0,1
3,1,0.8288049953972116,1,1
3,1,0.7138490466054889,1,1
3,1,0.22506048599823325,0,1
3,1,0.6180236620789387,1,1
3,0,0.7181347892036218,1,1
3,0,0.6314229894282463,1,1
3,1,0.9239119854493839,1,1
3,1,0.27490625996667967,0,1
3,1,0.5621681174257396,1,1
3,1,0.8410849366373593,1,1
3,1,0.6279094371409311,1,1
3,1,0.7180174680081457,1,1
3,0,0.5918421619726533,1,1
3,1,0.8348689188031742,1,1
3,1,0.6312110635149256,1,1
3,1,0.6905719668086763,1,1
3,1,0.7844342576767511,1,1
3,0,0.40928922325492717,0,1
3,1,0.8858677664614786,1,1
3,1,0.5697010206520612,1,1
3,0,0.725994937960996,1,1
3,0,0.09771896180096748,0,1
3,1,0.41201705830636337,0,1
3,0,0.2354790011833619,0,1
3,1,0.543446020096084,1,1
3,1,0.3515281173763977,0,1
3,1,0.3768617532715543,0,1
3,1,0.37880361643836574,0,1
3,1,0.4428677047535108,0,1
3,1,0.6428284105318783,1,1
3,1,0.14166269098247816,0,1
3,0,0.4722714090378918,0,1
3,1,0.12174055332034198,0,1
3,1,0.4885846283309759,0,1
3,0,0.5494031693011022,1,1
3,0,0.288670657654859,0,1
3,1,0.9313686562402692,1,1
3,1,0.8111406236085452,1,1
3,0,0.1992481201636893,0,1
3,1,0.12411085222477526,0,1
3,1,0.5866960336723529,1,1
3,1,0.31012665988384686,0,1
3,1,0.7414355170163374,1,1
3,1,0.7492612842624661,1,1
3,1,0.9194579854502021,1,1
3,1,0.7643096862168597,1,1
3,1,0.49400462121388644,0,1
3,1,0.6228314773845867,1,1
3,1,0.6609660271397142,1,1
3,1,0.74667547741611,1,1
3,1,0.2887005727401315,0,1
3,1,0.6867139516796759,1,1
3,1,0.6540030050403293,1,1
3,1,0.423133042753444,0,1
3,1,0.19554546421805194,0,1
3,1,0.34278588545804595,0,1
3,0,0.12648520853699133,0,1
3,1,0.7418982304895363,1,1
3,0,0.21679689733742874,0,1
3,0,0.11912156326844428,0,1
3,1,0.7241466756249395,1,1
3,1,0.9431156812658863,1,1
3,1,0.26858902568223914,0,1
3,1,0.10858104296293876,0,1
3,1,0.45390429618799133,0,1
3,1,0.6639988987229378,1,1
3,1,0.9339044219938467,1,1
3,1,0.25757783608756374,0,1
3,1,0.8769406548925506,1,1
3,1,0.5826508323838036,1,1
3,1,0.6456872568100331,1,1
3,0,0.3012366484535586,0,1
3,1,0.22819038344687098,0,1
3,1,0.9171582553482637,1,1
3,1,0.27067471933977677,0,1
3,1,0.3008885632704472,0,1
3,1,0.6239018980034003,1,1
3,0,0.5871113981320358,1,1
3,1,0.10890108306369504,0,1
3,0,0.5221403664528984,1,1
3,0,0.18435333160603842,0,1
3,1,0.6012706601291584,1,1
3,1,0.49330809202993975,0,1
3,1,0.29906059064095664,0,1
3,1,0.7220980022846646,1,1
3,1,0.41125401805173983,0,1
3,0,0.12596381754704045,0,1
3,1,0.6178479622700975,1,1
3,1,0.216409742206946,0,1
3,1,0.10939700952027137,0,1
3,0,0.6477507495397997,1,1
3,0,0.3380711748592845,0,1
3,1,0.9128943910600579,1,1
3,1,0.34140617619841246,0,1
3,1,0.6539396991106984,1,1
3,0,0.43731356134594557,0,1
3,1,0.6882538604050471,1,1
3,0,0.09178324996945085,0,1
3,1,0.5563797118210149,1,1
3,1,0.8818287087725081,1,1
3,1,0.2616920357831561,0,1
3,1,0.36394940871737913,0,1
3,1,0.6050411525463854,1,1
3,1,0.6901455436511991,1,1
3,0,0.13032302083840813,0,1
3,1,0.15061211361084675,0,1
3,1,0.7327980998716146,1,1
3,1,0.3999609696650458,0,1
3,1,0.47760898687237746,0,1
3,1,0.4058144745030441,0,1
3,1,0.6297601908167184,1,1
3,1,0.23657104199775741,0,1
3,0,0.12019946679906313,0,1
3,1,0.9405543205088444,1,1
3,1,0.7714314241583208,1,1
3,1,0.9251455835963946,1,1
3,1,0.6501385669363728,1,1
3,1,0.6091486858624166,1,1
3,0,0.20221019156711834,0,1
3,1,0.6691828360203446,1,1
3,1,0.5963870237222616,1,1
3,1,0.24598184397478218,0,1
3,1,0.47310226328422467,0,1
3,1,0.7762284270233095,1,1
3,1,0.7179745289635863,1,1
3,1,0.490411838480138,0,1
3,0,0.48542034435833803,0,1
3,1,0.6518594026558369,1,1
3,1,0.25060866807294546,0,1
3,1,0.6066708439643582,1,1
3,1,0.7320548394376214,1,1
3,1,0.4914949103079934,0,1
3,1,0.33806576589958226,0,1
3,1,0.5417175856181359,1,1
3,1,0.741363611168832,1,1
3,1,0.761896000617945,1,1
3,1,0.5485827274440227,1,1
3,1,0.6543593393162696,1,1
3,1,0.7300043935545765,1,1
3,1,0.6568612390675767,1,1
3,1,0.38954475286379425,0,1
3,1,0.5615067475276158,1,1
3,1,0.6834379434526069,1,1
3,1,0.9260611752501611,1,1
3,1,0.37951831193745805,0,1
3,1,0.5861674309993025,1,1
3,1,0.11573468782833089,0,1
3,1,0.9354468476489325,1,1
3,1,0.5225792324745835,1,1
3,1,0.8244837444123249,1,1
3,0,0.5840678558579755,1,1
3,1,0.22965350437279128,0,1
3,0,0.4359838972167151,0,1
3,0,0.3936228017286559,0,1
3,1,0.6961474947523919,1,1
3,1,0.7840656983685087,1,1
3,0,0.6046914666498259,1,1
3,0,0.5463496838704696,1,1
3,0,0.11481118411340023,0,1
3,1,0.20259060557251998,0,1
3,1,0.12021824939680249,0,1
3,1,0.20009067016946208,0,1
3,0,0.1464061754952073,0,1
3,1,0.15233211609146757,0,1
3,1,0.12307230170114589,0,1
3,1,0.9206487159500639,1,1
3,0,0.5549237863277463,1,1
3,1,0.9311478499338632,1,1
3,0,0.23415383598236053,0,1
3,0,0.763901081758748,1,1
3,1,0.7388107904608757,1,1
3,0,0.15745081657010726,0,1
3,1,0.8120389983202578,1,1
3,1,0.43848916079530353,0,1
3,1,0.4382102042946437,0,1
3,1,0.9207141538614257,1,1
3,0,0.29278483373155,0,1
3,1,0.8795498350558052,1,1
3,1,0.2699625125611763,0,1
3,0,0.313521451799716,0,1
3,1,0.5120483316456931,1,1
3,1,0.6087848912347558,1,1
3,1,0.4126295386770157,0,1
3,1,0.4801019474802405,0,1
3,1,0.9396478761073187,1,1
3,1,0.4837461664973896,0,1
3,1,0.6694221758662634,1,1
3,1,0.8055927090871168,1,1
3,1,0.14221477666489052,0,1
3,1,0.6377474048400331,1,1
3,1,0.42707507097002506,0,1
3,0,0.0895365775807856,0,1
3,0,0.2640716374811206,0,1
3,1,0.15416909314562482,0,1
3,1,0.5592238816758363,1,1
3,0,0.0492096471307321,0,0
3,0,0.195832293734604,0,1
3,1,0.18751973652822987,0,1
3,0,0.7390079864558872,1,1
3,1,0.6968170351278722,1,1
3,1,0.7151121318132276,1,1
3,1,0.9423034969981151,1,1
3,0,0.25168899575152137,0,1
3,1,0.45252549246946266,0,1
3,1,0.800870462640553,1,1
3,1,0.178237816568785,0,1
3,1,0.42425293550060755,0,1
3,1,0.7809990541751621,1,1
3,1,0.7937151723665654,1,1
3,0,0.6040018292805698,1,1
3,1,0.13614158835683599,0,1
3,1,0.47292647743605265,0,1
3,1,0.3748515160106107,0,1
3,1,0.4062427417205098,0,1
3,1,0.5363256333265768,1,1
3,1,0.3000931806093936,0,1
3,1,0.5101737269393345,1,1
3,1,0.9244622214455551,1,1
3,0,0.2516034332783307,0,1
3,1,0.7780972425629218,1,1
3,1,0.590244100321787,1,1
3,1,0.7519587119731431,1,1
3,1,0.6779065212791957,1,1
3,1,0.5852098876342356,1,1
3,1,0.4765100977343078,0,1
3,1,0.9230044121384599,1,1
3,1,0.5665923355959338,1,1
3,1,0.3827579381533089,0,1
3,1,0.3556009326532999,0,1
3,1,0.4839901529779064,0,1
3,1,0.9422107314209912,1,1
3,1,0.3639250325573126,0,1
3,1,0.33609768841963616,0,1
3,1,0.8524239471526547,1,1
3,1,0.9392137281350897,1,1
3,1,0.38905644676139667,0,1
3,1,0.7309401894564465,1,1
3,1,0.20923461879078328,0,1
3,1,0.8004474332074021,1,1
3,0,0.12355999892223937,0,1
3,1,0.3526286498575965,0,1
3,1,0.4759483516704458,0,1
3,1,0.1508798572931918,0,1
3,1,0.706615872412835,1,1
3,1,0.36718507636352177,0,1
3,1,0.08804354747959453,0,1
3,1,0.6657251938143728,1,1
3,0,0.13342449483350716,0,1
3,0,0.49534596344149107,0,1
3,0,0.4306022670218439,0,1
3,0,0.04635666969044171,0,0
3,1,0.860474831650977,1,1
3,0,0.823790487403361,1,1
3,1,0.7605745920922193,1,1
3,1,0.4269204206009156,0,1
3,1,0.7395297866831139,1,1
3,1,0.6288887404711903,1,1
3,1,0.9420453099365729,1,1
3,0,0.4503430866640374,0,1
3,1,0.47782361388157407,0,1
3,1,0.5557186055972316,1,1
3,0,0.7882727534866671,1,1
3,1,0.6764558569817737,1,1
3,1,0.17556624661912845,0,1
3,1,0.7200291508638336,1,1
3,1,0.17989495366491562,0,1
3,0,0.6906841103451626,1,1
3,1,0.31453045907135024,0,1
3,0,0.09631356546937397,0,1
3,0,0.0567437949014737,0,0
3,1,0.9381487284854281,1,1
3,0,0.745522458103109,1,1
3,1,0.07878238834405753,0,1
3,1,0.6657153761640118,1,1
3,1,0.672758777058517,1,1
3,1,0.7962456239293789,1,1
3,1,0.5421918006432792,1,1
3,1,0.4888428459596095,0,1
3,1,0.062216082189463666,0,1
3,1,0.2594093790782542,0,1
3,1,0.4652349114425222,0,1
3,1,0.9339017645594403,1,1
3,0,0.3207280298106879,0,1
3,0,0.1770223370050625,0,1
3,1,0.28212495186594067,0,1
3,1,0.5146548096694783,1,1
3,1,0.5485702697497015,1,1
3,1,0.2568801855638818,0,1
3,0,0.6670155902716025,1,1
3,1,0.636913415034577,1,1
3,1,0.929762049944506,1,1
3,0,0.7237886714519524,1,1
3,1,0.7299717538910241,1,1
3,0,0.2629070463215046,0,1
3,1,0.592133095775999,1,1
3,0,0.24334519754973838,0,1
3,0,0.882268462648996,1,1
3,1,0.6562925750122289,1,1
3,0,0.8038849838221444,1,1
3,1,0.6960500216745856,1,1
3,1,0.7669097171684094,1,1
3,1,0.6838440490826999,1,1
3,1,0.5032971783759934,1,1
3,1,0.9357178851086347,1,1
3,1,0.4483907675646288,0,1
3,1,0.6754811062292092,1,1
3,0,0.24360883578273787,0,1
3,1,0.27856646923139267,0,1
3,1,0.8777483504461147,1,1
3,1,0.6277085575109586,1,1
3,0,0.09392344753042856,0,1
3,1,0.16989050101268227,0,1
3,1,0.9397276369101161,1,1
3,1,0.5173498176496841,1,1
3,0,0.5943011571548208,1,1
3,1,0.5720217463952482,1,1
3,0,0.5730064332981004,1,1
3,1,0.9281062699550814,1,1
3,1,0.3208565766375006,0,1
3,1,0.8653154445139776,1,1
3,1,0.18750235470364557,0,1
3,1,0.49293093168133806,0,1
3,1,0.2873239087778999,0,1
3,1,0.41854769208917286,0,1
3,1,0.11001623865723456,0,1
3,0,0.4231141326920238,0,1
3,1,0.7763023423224611,1,1
3,1,0.29991915276583364,0,1
3,1,0.9394996462448754,1,1
3,1,0.6443475595465075,1,1
3,1,0.9336818496113988,1,1
3,1,0.4688120720817021,0,1
3,1,0.5401030346440936,1,1
3,1,0.7967225797589474,1,1
3,0,0.12598097513482592,0,1
3,1,0.8399850325513522,1,1
3,1,0.7285955886640038,1,1
3,1,0.542243469691646,1,1
3,0,0.35662854852031206,0,1
3,1,0.7357100575275061,1,1
3,1,0.5369226527332188,1,1
3,1,0.9333104322176706,1,1
3,1,0.1576428061111567,0,1
3,1,0.5253491237826364,1,1
3,1,0.6587088465626171,1,1
3,1,0.7622113257431707,1,1
3,1,0.7262211604560651,1,1
3,1,0.849937416832636,1,1
3,1,0.5859477748634877,1,1
3,1,0.08282931774361194,0,1
3,1,0.85333664775993,1,1
3,1,0.1911316341001989,0,1
3,1,0.7334747158463135,1,1
3,1,0.7409134935592159,1,1
3,1,0.7435363185070966,1,1
3,1,0.7173500496809952,1,1
3,1,0.8160134155877246,1,1
3,0,0.062105142766124645,0,1
3,0,0.369279692417839,0,1
3,1,0.6311950515582916,1,1
3,1,0.5518489025091186,1,1
3,1,0.6405290578644627,1,1
3,1,0.8695534020624993,1,1
3,0,0.5568051365019243,1,1
3,1,0.2549144036069338,0,1
3,1,0.9418742730060599,1,1
3,1,0.6725638997723254,1,1
3,1,0.07601476038543593,0,1
3,1,0.7277990903828397,1,1
3,1,0.36363526937320934,0,1
3,1,0.6745142471010206,1,1
3,1,0.4655255591347876,0,1
3,1,0.9316858572862882,1,1
3,1,0.6893962433988448,1,1
3,1,0.6577640807427831,1,1
3,1,0.3071524156106075,0,1
3,1,0.4393129954940302,0,1
3,1,0.9363981153685887,1,1
3,1,0.8741194130645529,1,1
3,0,0.5397478875322078,1,1
3,1,0.5136490441705664,1,1
3,1,0.3251635700800486,0,1
3,1,0.0993848797229181,0,1
3,1,0.25961598722978474,0,1
3,1,0.3978334719052592,0,1
3,1,0.5905774203479257,1,1
3,1,0.49586828341646555,0,1
3,1,0.21735877528319747,0,1
3,1,0.6393038455617968,1,1
3,1,0.18033049893072536,0,1
3,1,0.6179484758462175,1,1
3,1,0.8316167609176908,1,1
3,1,0.8947362586040444,1,1
3,1,0.07661370463813101,0,1
3,0,0.1674338186345406,0,1
3,1,0.6207231741504364,1,1
3,1,0.9345687342065292,1,1
3,0,0.06459928479903641,0,1
3,1,0.6989676569259828,1,1
3,1,0.09968907844466114,0,1
3,1,0.6164421080320873,1,1
3,1,0.8799975677258922,1,1
3,0,0.20683100923906822,0,1
3,1,0.3880256900996315,0,1
3,0,0.27481045508619417,0,1
3,1,0.1411242667769355,0,1
3,1,0.11995583039308998,0,1
3,1,0.7535044971651851,1,1
3,1,0.723035284801664,1,1
3,0,0.7267415333247708,1,1
3,1,0.5392224443119206,1,1
3,0,0.49074108580014025,0,1
3,1,0.7594488908061363,1,1
3,0,0.3799751596635293,0,1
3,1,0.627040034045032,1,1
3,1,0.6487959618494401,1,1
3,1,0.2708993164888346,0,1
3,1,0.9298055162658966,1,1
3,1,0.9409783370476221,1,1
3,1,0.9407264626594449,1,1
3,1,0.07789304563697906,0,1
3,1,0.9027417139491909,1,1
3,1,0.9354589315389279,1,1
3,1,0.6450201285274738,1,1
3,1,0.4123754198514819,0,1
3,0,0.12832193168227582,0,1
3,1,0.934341721885591,1,1
3,1,0.2770124534691515,0,1
3,0,0.4788729244318243,0,1
3,1,0.7958718439058917,1,1
3,1,0.6836832162595391,1,1
3,0,0.6868436120831767,1,1
3,1,0.9420585643059879,1,1
3,0,0.18251830628209845,0,1
3,1,0.6701693889718682,1,1
3,1,0.26616309979564184,0,1
3,1,0.1629139872958334,0,1
3,1,0.4244413448462039,0,1
3,1,0.8185322407222322,1,1
3,1,0.3507929554253704,0,1
3,1,0.6856899139077995,1,1
3,1,0.19314444518244842,0,1
3,1,0.5031482813316518,1,1
3,1,0.4849773140295134,0,1
3,1,0.4120407252316172,0,1
3,1,0.3416361629694885,0,1
3,1,0.3879327284538681,0,1
3,0,0.5881765329526984,1,1
3,1,0.14638145495776728,0,1
3,1,0.6747914365399201,1,1
3,1,0.6651483645608255,1,1
3,1,0.9419637456877363,1,1
3,1,0.9402416388212885,1,1
3,1,0.4557724304466746,0,1
3,1,0.35525024306997793,0,1
3,1,0.4494542150333584,0,1
3,1,0.8959602271025422,1,1
3,1,0.9232760717262178,1,1
3,1,0.16094133219845977,0,1
3,1,0.09718600257558371,0,1
3,1,0.5563562785082697,1,1
3,1,0.8043560031295698,1,1
3,1,0.5494634695857543,1,1
3,1,0.6767486772743402,1,1
3,0,0.6323019414990476,1,1
3,1,0.48435140246657704,0,1
3,1,0.08192513033893832,0,1
3,1,0.9275350800438598,1,1
3,1,0.834298709666988,1,1
3,1,0.7334263750087423,1,1
3,1,0.9233140110889849,1,1
3,0,0.06294275041465858,0,1
3,1,0.23928025513584603,0,1
3,1,0.21063179514664884,0,1
3,1,0.6002493272271345,1,1
3,0,0.5446779456564502,1,1
3,1,0.8072067597713926,1,1
3,1,0.20102266559575663,0,1
3,1,0.7009741487480711,1,1
3,0,0.6932961401099608,1,1
3,1,0.23841230949626124,0,1
3,1,0.2123414963621619,0,1
3,1,0.6808855401214263,1,1
3,0,0.278509293110049,0,1
3,1,0.9407953383281167,1,1
3,1,0.6230405128401143,1,1
3,1,0.1583184871449261,0,1
3,1,0.4502617914844421,0,1
3,1,0.5109464125937565,1,1
3,0,0.5391827666013209,1,1
3,1,0.18353436455238414,0,1
3,0,0.3102673040913741,0,1
3,1,0.9383883205009974,1,1
3,1,0.8055517908402224,1,1
3,1,0.9079780204122546,1,1
3,1,0.4005625746692366,0,1
3,1,0.29667604282408333,0,1
3,0,0.2078874854231689,0,1
3,1,0.7176751309901896,1,1
3,1,0.9272937408614695,1,1
3,1,0.9424474716751476,1,1
3,0,0.13736504599315108,0,1
3,1,0.07184917717375401,0,1
3,1,0.2514556548848156,0,1
3,1,0.631782075126541,1,1
3,1,0.6342362667358376,1,1
3,0,0.25917060299540284,0,1
3,1,0.5682497198411546,1,1
3,1,0.7923440450857935,1,1
3,1,0.93472704766279,1,1
3,1,0.524280548634911,1,1
3,0,0.2744323624744815,0,1
3,0,0.27202485571213014,0,1
3,1,0.17642675213003423,0,1
3,1,0.5289276497264048,1,1
3,1,0.446502453272661,0,1
3,1,0.7683009890365461,1,1
3,1,0.7062977214080673,1,1
3,1,0.3887599984329406,0,1
3,1,0.9415550895546492,1,1
3,1,0.43467131328831726,0,1
3,1,0.32333862895494125,0,1
3,1,0.9017105025003718,1,1
3,1,0.7250333033344358,1,1
3,0,0.14422311561575665,0,1
3,1,0.5695724588346787,1,1
3,1,0.4984277840334093,0,1
3,1,0.22555996324927044,0,1
3,1,0.6139266003289139,1,1
3,1,0.9279512868797313,1,1
3,1,0.6235995487838397,1,1
3,1,0.6405819258063813,1,1
3,1,0.7711865524657286,1,1
3,1,0.6568397686193715,1,1
3,0,0.7621534916162482,1,1
3,1,0.5436433335250968,1,1
3,1,0.940143739589166,1,1
3,1,0.3191890582229889,0,1
3,1,0.9097024785023714,1,1
3,1,0.510836000895123,1,1
3,1,0.6763650754287279,1,1
3,1,0.20394857337801908,0,1
3,1,0.14563642575700123,0,1
3,0,0.13599695350524924,0,1
3,0,0.3449886929443753,0,1
3,1,0.6783030327059192,1,1
3,1,0.670596845988626,1,1
3,1,0.46457959573862095,0,1
3,1,0.9275562097791799,1,1
3,1,0.2997242298155296,0,1
3,1,0.5014773494491386,1,1
3,0,0.5725183585981665,1,1
3,1,0.09067731938164743,0,1
3,1,0.3671016228050237,0,1
3,1,0.3728930570769615,0,1
3,1,0.06294538859036057,0,1
3,0,0.7944116102412341,1,1
3,1,0.4655371296642625,0,1
3,1,0.935315248790008,1,1
3,1,0.1756140732712723,0,1
3,1,0.25048671638030917,0,1
3,1,0.25554308722659114,0,1
3,1,0.5712747700813464,1,1
3,1,0.3459679359205451,0,1
3,1,0.9410740031032656,1,1
3,1,0.9178952012910642,1,1
3,1,0.47116784221589597,0,1
3,1,0.7365509411270805,1,1
3,1,0.8153422267164114,1,1
3,1,0.8183068296140935,1,1
3,1,0.13360913065001548,0,1
3,0,0.5966944643242583,1,1
3,1,0.32397546514345044,0,1
3,1,0.6320332016557382,1,1
3,0,0.1515396300721619,0,1
3,1,0.6063317986453965,1,1
3,1,0.3148246229499764,0,1
3,1,0.9223238400689184,1,1
3,1,0.6257489121680778,1,1
3,0,0.48958876585458055,0,1
3,1,0.2922984195451582,0,1
3,1,0.6990768141962668,1,1
3,1,0.5184305467566218,1,1
3,1,0.2417969178413818,0,1
3,1,0.9408496927248909,1,1
3,1,0.7398829656021445,1,1
3,1,0.4788042341550807,0,1
3,1,0.6767219083790498,1,1
3,1,0.36413476254844007,0,1
3,1,0.9351585500635885,1,1
3,0,0.16214796681353527,0,1
3,0,0.3246828716701559,0,1
3,1,0.2721756806478661,0,1
3,1,0.3087598418978338,0,1
3,1,0.9288146564148101,1,1
3,1,0.29471768869681275,0,1
3,1,0.2524546842377714,0,1
3,1,0.6440230287713329,1,1
3,1,0.7742196820075496,1,1
3,1,0.6598773688576709,1,1
3,1,0.5185682536221674,1,1
3,1,0.6577079235827861,1,1
3,1,0.4351369049867035,0,1
3,1,0.21788575393192094,0,1
3,1,0.9428254375407146,1,1
3,1,0.8401625086675605,1,1
3,1,0.1319327665930427,0,1
3,1,0.557763260218062,1,1
3,1,0.39664422332075194,0,1
3,1,0.5535872844048948,1,1
3,1,0.8552748296445942,1,1
3,1,0.7422933268540732,1,1
3,1,0.7948621741716522,1,1
3,1,0.3799595240019587,0,1
3,1,0.6946805000576497,1,1
3,1,0.40858582567844987,0,1
3,1,0.7093459627762095,1,1
3,1,0.5499319727833514,1,1
3,0,0.21115344916275472,0,1
3,0,0.051585170752054585,0,0
3,1,0.6021477406493048,1,1
3,1,0.5759519904301303,1,1
3,1,0.9403815414521899,1,1
3,1,0.9406074039637706,1,1
3,1,0.42873911417781274,0,1
3,1,0.3336350214182991,0,1
3,1,0.7360037746338463,1,1
3,1,0.22265882964404513,0,1
3,1,0.45288856074776696,0,1
3,1,0.7541957314243558,1,1
3,1,0.6038366251098691,1,1
3,1,0.5809907238683416,1,1
3,1,0.6501509448500223,1,1
3,1,0.8105789225467782,1,1
3,0,0.6997849106012606,1,1
3,1,0.31551924111629415,0,1
3,1,0.9377470004229378,1,1
3,1,0.5216993620232755,1,1
3,1,0.9399973744685797,1,1
3,1,0.6336280046141933,1,1
3,1,0.6359826492193503,1,1
3,1,0.706017473477759,1,1
3,1,0.392117063334473,0,1
3,1,0.7789670900945739,1,1
3,1,0.7009120273865012,1,1
3,1,0.15334416204645257,0,1
3,1,0.1696915291357573,0,1
3,1,0.6027717374767323,1,1
3,1,0.3185898365925567,0,1
3,1,0.15768846308795442,0,1
3,1,0.5077183400695583,1,1
3,1,0.6741657472064582,1,1
3,1,0.34564593322485504,0,1
3,1,0.6897985807802489,1,1
3,1,0.14438161316774134,0,1
3,1,0.34671149139444724,0,1
3,1,0.5631051477708788,1,1
3,1,0.7201947606512888,1,1
3,1,0.8583217448573707,1,1
3,1,0.3343764898735729,0,1
3,1,0.7102227206009658,1,1
3,1,0.9074378306188928,1,1
3,1,0.46303459532123675,0,1
3,1,0.47402694083636804,0,1
3,0,0.21846047613534897,0,1
3,1,0.7330964070318018,1,1
3,0,0.27998986392546993,0,1
3,1,0.6441466272018213,1,1
3,1,0.9313896030417472,1,1
3,1,0.6626210731111086,1,1
3,1,0.6042343722194844,1,1
3,1,0.7520369305162495,1,1
3,1,0.19239751013935452,0,1
3,1,0.4721207358713004,0,1
3,1,0.9391691506076998,1,1
3,1,0.6593378361810124,1,1
3,1,0.1988060923061166,0,1
3,0,0.5143122717022909,1,1
3,1,0.43811848042124457,0,1
3,0,0.566867163835816,1,1
3,1,0.22905184669976492,0,1
3,1,0.4042546892827259,0,1
3,1,0.5914447603878263,1,1
3,1,0.6886454954002116,1,1
3,1,0.6702555122476203,1,1
3,1,0.1947136779119764,0,1
3,1,0.8222226723876335,1,1
3,1,0.9302776237173533,1,1
3,1,0.5366500953223664,1,1
3,1,0.6614115664375749,1,1
3,1,0.3215368938498076,0,1
3,0,0.1544699172801234,0,1
3,1,0.8275796409477421,1,1
3,1,0.30812864983771765,0,1
3,1,0.6420917419609175,1,1
3,1,0.930600137418373,1,1
3,1,0.5610190346298943,1,1
3,1,0.9410368488037067,1,1
3,1,0.8128128641493987,1,1
3,1,0.8363964423167485,1,1
3,1,0.38535933536426653,0,1
3,1,0.15621707006921823,0,1
3,1,0.776689492287257,1,1
3,0,0.1160904484667665,0,1
3,1,0.26854708911269826,0,1
3,1,0.5362112510899255,1,1
3,1,0.6466117595077071,1,1
3,0,0.23241507051811328,0,1
3,0,0.24563871944611496,0,1
3,1,0.5015697980092111,1,1
3,1,0.5888555510428324,1,1
3,1,0.1423090963389891,0,1
3,1,0.7525537824005164,1,1
3,1,0.4669870622382192,0,1
3,1,0.7625908238963391,1,1
3,1,0.4405227796455179,0,1
3,1,0.7211018461862752,1,1
3,1,0.432874575952895,0,1
3,1,0.6905596342993724,1,1
3,1,0.12397581518137227,0,1
3,1,0.7085583109369644,1,1
3,0,0.2488899415095033,0,1
3,1,0.4851203257145139,0,1
3,1,0.6392787239618114,1,1
3,1,0.2791430993506997,0,1
3,1,0.27910606982066827,0,1
3,1,0.54073262003726,1,1
3,1,0.3619868994393835,0,1
3,1,0.3523577613913755,0,1
3,1,0.5491027728218646,1,1
3,0,0.8665168241985299,1,1
3,0,0.48271243287001253,0,1
3,1,0.38508421795808795,0,1
3,1,0.7920868451329679,1,1
3,0,0.6443997096807362,1,1
3,1,0.20360096501544994,0,1
3,1,0.6123879554159269,1,1
3,1,0.8657837014158726,1,1
3,1,0.9408833077193147,1,1
3,1,0.2276488301241216,0,1
3,1,0.6405305450920871,1,1
3,0,0.18634750352465249,0,1
3,0,0.08684884388351853,0,1
3,1,0.7181802803909012,1,1
3,0,0.4314695003599203,0,1
3,1,0.391368366009207,0,1
3,1,0.6171038977661707,1,1
3,1,0.5871240814044195,1,1
3,0,0.3099104313853634,0,1
3,0,0.17943883993318963,0,1
3,1,0.9344764945980798,1,1
3,1,0.9412359611090775,1,1
3,0,0.7635257517761743,1,1
3,1,0.4420354864068041,0,1
3,1,0.19562782965690897,0,1
3,1,0.22494643117328042,0,1
3,0,0.1934326355226497,0,1
3,1,0.6720167651430903,1,1
3,1,0.3193111875096297,0,1
3,1,0.2508874123646599,0,1
3,1,0.6921333616266674,1,1
3,1,0.3866594391075822,0,1
3,1,0.67373007316715,1,1
3,1,0.48298356423895866,0,1
3,1,0.6932591232794526,1,1
3,1,0.7644163861867653,1,1
3,1,0.6699326202648801,1,1
3,1,0.13867740058830286,0,1
3,1,0.9415174610400401,1,1
3,1,0.7928587460180285,1,1
3,1,0.9370012101982134,1,1
3,1,0.7637704203486467,1,1
3,1,0.43656031779030113,0,1
3,1,0.8033651331917682,1,1
3,0,0.38959591914751873,0,1
3,1,0.7006261922261239,1,1
3,1,0.1980738566805422,0,1
3,1,0.5786848347035933,1,1
3,1,0.8050301487574528,1,1
3,0,0.3382246800361873,0,1
3,1,0.45402564019519226,0,1
3,1,0.8181447639585943,1,1
3,1,0.9294220738589892,1,1
3,1,0.6215763913078338,1,1
3,1,0.6924858432064186,1,1
3,1,0.3968352048102779,0,1
3,1,0.5095501705275138,1,1
3,1,0.629361753071381,1,1
3,1,0.936490145775999,1,1
3,1,0.07131477304598174,0,1
3,1,0.07455782084265516,0,1
3,1,0.2685156812496292,0,1
3,1,0.9428009784707201,1,1
3,1,0.572086661620335,1,1
3,1,0.4712926502662634,0,1
3,1,0.697329345082888,1,1
3,1,0.3953202849955794,0,1
3,1,0.9376869384421859,1,1
3,0,0.5154025966444103,1,1
3,0,0.15035170277002916,0,1
3,1,0.2982775868629335,0,1
3,1,0.6091440472998889,1,1
3,1,0.8132775525115189,1,1
3,1,0.9340257492806122,1,1
3,1,0.7239487813486895,1,1
3,1,0.9248446506671991,1,1
3,1,0.12275371433026379,0,1
3,1,0.9264344618740071,1,1
3,1,0.8045196039274135,1,1
3,1,0.1802278748346904,0,1
3,1,0.9001272610723521,1,1
3,1,0.76137415172203,1,1
3,1,0.7308340262085097,1,1
3,1,0.7429847309855181,1,1
3,1,0.16401613912521482,0,1
3,1,0.9405753880884679,1,1
3,1,0.7716373524054954,1,1
3,1,0.636261578848222,1,1
3,1,0.6791838145573739,1,1
3,0,0.12285969154929734,0,1
3,1,0.3265295458913659,0,1
3,1,0.6947289583803773,1,1
3,1,0.29800852672324024,0,1
3,1,0.4810867159114192,0,1
3,1,0.7139330454275418,1,1
3,1,0.7768222340481123,1,1
3,1,0.780889273202207,1,1
3,1,0.13433617575723053,0,1
3,1,0.13840013613038626,0,1
3,1,0.757806769809673,1,1
3,1,0.7570201677922143,1,1
3,1,0.36218312779717743,0,1
3,1,0.35200695398563414,0,1
3,0,0.46011129036194076,0,1
3,1,0.8127946150168276,1,1
3,0,0.5877744251527353,1,1
3,1,0.45820058521582047,0,1
3,1,0.4516760456092933,0,1
3,1,0.5476001988033676,1,1
3,1,0.5166384543487756,1,1
3,1,0.5984228528432594,1,1
3,1,0.37623843506354754,0,1
3,1,0.6428733076758439,1,1
3,1,0.940989678973129,1,1
3,1,0.4307641397342897,0,1
3,1,0.28647837761337286,0,1
3,1,0.7647662387978782,1,1
3,1,0.2572024949356908,0,1
3,1,0.8924427497970389,1,1
3,1,0.6645139957471754,1,1
3,0,0.732429627026801,1,1
3,1,0.1934100611361099,0,1
3,1,0.7402731019269283,1,1
3,1,0.7180885201151888,1,1
3,1,0.4423642236134843,0,1
3,1,0.5064777251047022,1,1
3,1,0.8066942564811332,1,1
3,1,0.34401222726775643,0,1
3,1,0.18756163646326665,0,1
3,0,0.7547126565727591,1,1
3,1,0.6869722510259878,1,1
3,1,0.41499026526093896,0,1
3,0,0.38301594572052405,0,1
3,1,0.8414628733309868,1,1
3,1,0.27702432636410634,0,1
3,1,0.6167019662795163,1,1
3,1,0.9423741265088191,1,1
3,0,0.6683827596219705,1,1
3,1,0.9277142391811788,1,1
3,1,0.8065270501486415,1,1
3,1,0.7629793845520583,1,1
3,1,0.6931091756248416,1,1
3,1,0.9405747825977886,1,1
3,1,0.6397527028539678,1,1
3,1,0.5383480845629411,1,1
3,1,0.7743066253706454,1,1
3,1,0.19140597805478135,0,1
3,0,0.6130478825005363,1,1
3,1,0.446919704595635,0,1
3,1,0.4352259501729582,0,1
3,1,0.20770681127771687,0,1
3,1,0.4950749306972665,0,1
3,1,0.8068631366129944,1,1
3,0,0.5503137342061192,1,1
3,1,0.9384156208805973,1,1
3,0,0.5111727712259021,1,1
3,1,0.9411647330502311,1,1
3,1,0.3395938448237008,0,1
3,1,0.14822232637600383,0,1
3,0,0.1997978131002401,0,1
3,1,0.6858119367557863,1,1
3,1,0.6799434528274925,1,1
3,0,0.4345951135729644,0,1
3,1,0.40561463091892286,0,1
3,1,0.31329719987603966,0,1
3,0,0.06749208989444781,0,1
3,1,0.94023134287384,1,1
3,1,0.2516260757924375,0,1
3,1,0.9426444653068362,1,1
3,0,0.5456686319216457,1,1
3,1,0.29447962807231703,0,1
3,1,0.7236295595455983,1,1
3,1,0.7649946554375221,1,1
3,1,0.07230959161175897,0,1
3,1,0.615507098835209,1,1
3,1,0.9396781236112285,1,1
3,1,0.33363578631168045,0,1
3,1,0.27404201046803556,0,1
3,1,0.6228556176581379,1,1
3,1,0.47576028611150517,0,1
3,1,0.735123558966608,1,1
3,1,0.9358444192180577,1,1
3,1,0.6487304329752627,1,1
3,1,0.2872839257621782,0,1
3,0,0.1373234199971941,0,1
3,1,0.1186282796572319,0,1
3,1,0.7518211187831718,1,1
3,1,0.932634194188346,1,1
3,0,0.4210111446573915,0,1
3,1,0.7484401483250533,1,1
3,1,0.08965867772518442,0,1
3,0,0.23398764365920438,0,1
3,0,0.7056823640862796,1,1
3,1,0.7783003669791273,1,1
3,1,0.6697270983819077,1,1
3,1,0.05749724531694699,0,0
3,1,0.6449655632387721,1,1
3,1,0.9412221470617639,1,1
3,1,0.7370445900742447,1,1
3,0,0.099367627997257,0,1
3,1,0.7570775488919121,1,1
3,1,0.8623283709513107,1,1
3,1,0.9110043886293174,1,1
3,1,0.6635539010856046,1,1
3,1,0.9334776164145637,1,1
3,1,0.9312052330835471,1,1
3,1,0.7052553813008147,1,1
3,1,0.5349368498467604,1,1
3,1,0.6261813869321557,1,1
3,1,0.2637527288044399,0,1
3,1,0.46900899570911037,0,1
3,1,0.20675677050683458,0,1
3,1,0.06493159978115301,0,1
3,1,0.16328685951446817,0,1
3,1,0.19237432780496616,0,1
3,0,0.865461504287926,1,1
3,1,0.13532923075246556,0,1
3,1,0.758699746639168,1,1
3,1,0.7249229598189868,1,1
3,0,0.21580989703234596,0,1
3,1,0.4093689499163843,0,1
3,1,0.7631671161212296,1,1
3,1,0.9314867418284435,1,1
3,1,0.5955122664739564,1,1
3,1,0.29753931364467884,0,1
3,1,0.6141353115759751,1,1
3,1,0.6573186204451233,1,1
3,0,0.25645459678942106,0,1
3,1,0.7799940589853323,1,1
3,1,0.21520429447106035,0,1
3,1,0.18554179336347207,0,1
3,1,0.42375570164078313,0,1
3,1,0.920966969943536,1,1
3,0,0.7036133180769487,1,1
3,1,0.30695579444459486,0,1
3,1,0.7299978520797226,1,1
3,1,0.5088110335734426,1,1
3,1,0.7527418206393098,1,1
3,1,0.5916678966160963,1,1
3,1,0.733377272638613,1,1
3,1,0.4832782604386497,0,1
3,1,0.9402086042282329,1,1
3,1,0.08916483852118609,0,1
3,1,0.634781750185234,1,1
3,1,0.5810719899285062,1,1
3,1,0.4965308997686477,0,1
3,1,0.7760010571999229,1,1
3,1,0.24637363512837646,0,1
3,0,0.14245039995926279,0,1
3,1,0.9123733738024549,1,1
3,1,0.929034535910309,1,1
3,0,0.13971873473824392,0,1
3,0,0.07641670453335767,0,1
3,1,0.6415050649593397,1,1
3,0,0.27270233879332756,0,1
3,1,0.9208658120005365,1,1
3,1,0.46664222869806593,0,1
3,1,0.6446513834123678,1,1
3,1,0.22265695466122878,0,1
3,1,0.9404577003367355,1,1
3,1,0.5736620631168214,1,1
3,1,0.11233215413566375,0,1
3,1,0.588429118874086,1,1
3,1,0.3679515423743899,0,1
3,1,0.19841486002760741,0,1
3,0,0.6387410140424447,1,1
3,1,0.2178572521686137,0,1
3,1,0.6852864874509046,1,1
3,1,0.3945062791617219,0,1
3,1,0.7783283688912647,1,1
3,1,0.5370631084896794,1,1
3,0,0.30135746733396007,0,1
3,1,0.5520582651979384,1,1
3,1,0.6892044451116202,1,1
3,1,0.20575888917441165,0,1
3,1,0.5677225396329352,1,1
3,1,0.5348861657227867,1,1
3,1,0.7042827996479941,1,1
3,1,0.9347527142799594,1,1
3,1,0.646244052533141,1,1
3,1,0.6912884224157,1,1
3,1,0.1803475260105254,0,1
3,1,0.46195837822502234,0,1
3,0,0.46974058627323934,0,1
3,1,0.49177459264946877,0,1
3,1,0.8005399611002454,1,1
3,1,0.8346143540168468,1,1
3,1,0.48476571288704634,0,1
3,1,0.6415234173328553,1,1
3,1,0.2493253785933662,0,1
3,1,0.8713618851649316,1,1
3,1,0.7648895021201405,1,1
3,0,0.6157762311823252,1,1
3,1,0.22572134667683955,0,1
3,1,0.5028052072856213,1,1
3,1,0.8056207716788716,1,1
3,1,0.6063939824138637,1,1
3,1,0.7321311505821885,1,1
3,1,0.6380928286243703,1,1
3,1,0.9355639542133537,1,1
3,1,0.4827974895364051,0,1
3,1,0.48109947158119076,0,1
3,1,0.6412431586765074,1,1
3,1,0.9354966430618025,1,1
3,0,0.2819914072703673,0,1
3,1,0.9379694331930891,1,1
3,1,0.7681307029267203,1,1
3,1,0.5692108778415582,1,1
3,1,0.7869481965645831,1,1
3,1,0.8096566719550925,1,1
3,1,0.2784761472307551,0,1
3,1,0.6993148182058868,1,1
3,1,0.47552868807356174,0,1
3,0,0.2102340950508045,0,1
3,1,0.7787986844365757,1,1
3,1,0.29369965911607804,0,1
3,1,0.8659792881702505,1,1
3,0,0.5429234905357173,1,1
3,1,0.2834262420083139,0,1
3,1,0.8364608726207777,1,1
3,1,0.9262341270332387,1,1
3,1,0.3825559173081535,0,1
3,0,0.10487901928393827,0,1
3,1,0.5207507499639403,1,1
3,1,0.6315309125148565,1,1
3,1,0.17258039659318172,0,1
3,1,0.8111032343836841,1,1
3,1,0.6844527461109058,1,1
3,1,0.3017432348711152,0,1
3,1,0.4045380110370341,0,1
3,0,0.1869059033828782,0,1
3,1,0.5939041730951924,1,1
3,1,0.2439777771142612,0,1
3,1,0.8698444181921867,1,1
3,1,0.6236217409136506,1,1
3,1,0.8339030386486533,1,1
3,1,0.728699950042534,1,1
3,0,0.47109446158694324,0,1
3,1,0.7611634170217855,1,1
3,1,0.15877188255659785,0,1
3,1,0.5360948195292251,1,1
3,1,0.7745724357392128,1,1
3,1,0.32019350016961995,0,1
3,1,0.05292061006503357,0,0
3,1,0.18464518989329212,0,1
3,1,0.938106949735467,1,1
3,0,0.44327019643519533,0,1
3,1,0.4759658700408625,0,1
3,1,0.2290275749234854,0,1
3,0,0.5000478097488218,1,1
3,1,0.13698115682452244,0,1
3,0,0.5070750160648696,1,1
3,1,0.44175987040731746,0,1
3,1,0.5834177824475104,1,1
3,1,0.9374300109531247,1,1
3,1,0.5695783815640802,1,1
3,1,0.7091184435069977,1,1
3,1,0.3730623976633229,0,1
3,1,0.28052255525531555,0,1
3,1,0.5432485746604803,1,1
3,1,0.9410562724577366,1,1
3,1,0.3217889546551954,0,1
3,0,0.3844420091258211,0,1
3,1,0.20284731872860362,0,1
3,1,0.5895441137530429,1,1
3,1,0.5227451103131088,1,1
3,1,0.8053870514958424,1,1
3,1,0.4698607540511858,0,1
3,1,0.5321183733008966,1,1
3,1,0.503012302662123,1,1
3,1,0.7984941061499552,1,1
3,1,0.14502930437980796,0,1
3,0,0.6971140716928372,1,1
3,0,0.22023859039551627,0,1
3,1,0.8325795504083888,1,1
3,1,0.09411546411056096,0,1
3,0,0.24831678383123887,0,1
3,1,0.8254195301215682,1,1
3,1,0.3490231866614073,0,1
3,1,0.9412448970071272,1,1
3,1,0.6492088450007105,1,1
3,1,0.3355246816039063,0,1
3,1,0.6910277837614013,1,1
3,1,0.398843648365795,0,1
3,1,0.35734002504152373,0,1
3,1,0.2489481880580257,0,1
3,1,0.6813515778221405,1,1
3,1,0.723939198937227,1,1
3,1,0.8071198009586451,1,1
3,1,0.7275938303783807,1,1
3,1,0.18819743822258816,0,1
3,1,0.7166498818029714,1,1
3,1,0.48724841251967915,0,1
3,1,0.827879361456911,1,1
3,1,0.7366710666079381,1,1
3,0,0.6137868125384811,1,1
3,1,0.7908279913645879,1,1
3,0,0.24550549205039096,0,1
3,0,0.21816283226943173,0,1
3,1,0.3023768031771669,0,1
3,1,0.7423517929474169,1,1
3,1,0.9366878823429495,1,1
3,1,0.6038034606122573,1,1
3,0,0.28546187604384454,0,1
3,1,0.7836200886085825,1,1
3,1,0.730231772613032,1,1
3,1,0.6879427107339325,1,1
3,1,0.3176116689243854,0,1
4,0,0.17611922098058455,0,1
4,1,0.6326764007849978,1,1
4,0,0.03874515648468738,0,0
4,1,0.7492906011995767,1,1
4,0,0.43041325852300205,0,1
4,1,0.14783306750004618,0,1
4,1,0.5739636401291713,1,1
4,0,0.19581360343212142,0,1
4,0,0.21630648190412735,0,1
4,1,0.6450345881855655,1,1
4,1,0.23840987806260538,0,1
4,1,0.36467325876382634,0,1
4,1,0.6788853333310049,1,1
4,0,0.537937366173931,1,1
4,0,0.3405507474559691,0,1
4,1,0.5611015585871002,1,1
4,1,0.8017014935153017,1,1
4,1,0.45011088187412596,0,1
4,1,0.1910913223914094,0,1
4,1,0.19417473999625606,0,1
4,0,0.5067908299924884,1,1
4,1,0.9375119934197435,1,1
4,1,0.6936379172063621,1,1
4,1,0.5192511588875985,1,1
4,0,0.10663651781682698,0,1
4,0,0.13050161079244135,0,1
4,1,0.34090129866366553,0,1
4,1,0.10178715579239073,0,1
4,0,0.38219539219295856,0,1
4,0,0.3008398674562195,0,1
4,1,0.7990090572464414,1,1
4,0,0.5978648742585952,1,1
4,1,0.5602466650583984,1,1
4,1,0.6170338666268184,1,1
4,1,0.6737464600966077,1,1
4,0,0.2706308580407853,0,1
4,0,0.12214063140962372,0,1
4,1,0.662903937237245,1,1
4,0,0.03376537595032325,0,0
4,0,0.8165798888509078,1,1
4,1,0.27174777533756334,0,1
4,1,0.10812605676725452,0,1
4,0,0.397611979318387,0,1
4,0,0.15196691023244174,0,1
4,1,0.626540200207398,1,1
4,0,0.10025069291938252,0,1
4,1,0.8571179291162995,1,1
4,0,0.6488344569910931,1,1
4,1,0.6991946320440637,1,1
4,1,0.8365386248513592,1,1
4,0,0.1820541410837939,0,1
4,0,0.8260468434393379,1,1
4,1,0.34059972179615394,0,1
4,1,0.7722224665539738,1,1
4,1,0.3345956474626431,0,1
4,0,0.14110153154507468,0,1
4,1,0.7367148394511542,1,1
4,0,0.40415123905610834,0,1
4,1,0.9342516523708382,1,1
4,1,0.5684286400572942,1,1
4,1,0.12603264592173877,0,1
4,0,0.13575419132736638,0,1
4,0,0.36138608282000556,0,1
4,0,0.7510295667593858,1,1
4,0,0.22842653649301664,0,1
4,1,0.2591244085473745,0,1
4,0,0.2721005687504391,0,1
4,1,0.5974684508148336,1,1
4,1,0.8137717528998781,1,1
4,1,0.5461788028112519,1,1
4,1,0.3490978916122563,0,1
4,1,0.07752481026176312,0,1
4,1,0.30478151505491946,0,1
4,0,0.12507332031785076,0,1
4,1,0.07409566877218658,0,1
4,0,0.24979396198814485,0,1
4,1,0.9375679283489332,1,1
4,0,0.0818528605768771,0,1
4,1,0.4948794922318509,0,1
4,1,0.5325058461719887,1,1
4,1,0.4298483623794888,0,1
4,1,0.22635741833037587,0,1
4,1,0.7338366145274007,1,1
4,1,0.1780837916692197,0,1
4,1,0.39346919695465987,0,1
4,0,0.24340204178246078,0,1
4,0,0.5339978203761012,1,1
4,1,0.6314698721734766,1,1
4,0,0.12300144643907589,0,1
4,0,0.6563480070378463,1,1
4,0,0.2662794362505496,0,1
4,1,0.7548419501828416,1,1
4,1,0.8095206471039195,1,1
4,0,0.14812608305824654,0,1
4,1,0.6529990027678411,1,1
4,0,0.41544801469865517,0,1
4,0,0.6698629608237346,1,1
4,1,0.9376535908220215,1,1
4,1,0.9357107184535787,1,1
4,0,0.5499427919464427,1,1
4,1,0.14996581426128888,0,1
4,1,0.4368494631875244,0,1
4,1,0.4866260943141137,0,1
4,0,0.25198989388987253,0,1
4,1,0.10115147808244787,0,1
4,1,0.6856123770738802,1,1
4,0,0.1831424315920044,0,1
4,0,0.7180697676530863,1,1
4,0,0.5410726548173724,1,1
4,0,0.7436982311295259,1,1
4,1,0.06145395075074723,0,1
4,0,0.5693337543877138,1,1
4,1,0.4012169732815797,0,1
4,1,0.6285785710524293,1,1
4,1,0.1598375505018449,0,1
4,1,0.936996430153421,1,1
4,0,0.1779478297718252,0,1
4,0,0.05108471165072104,0,0
4,0,0.21728001004208355,0,1
4,0,0.7111926418579557,1,1
4,0,0.2081928290736948,0,1
4,1,0.27616830006846566,0,1
4,0,0.574920121949092,1,1
4,1,0.9410616459377523,1,1
4,1,0.31344810354078556,0,1
4,1,0.937723977171054,1,1
4,0,0.36291418138312614,0,1
4,1,0.9366924732513514,1,1
4,0,0.1940407106961182,0,1
4,1,0.9203403234554361,1,1
4,1,0.7329913508416923,1,1
4,0,0.30747371561821707,0,1
4,1,0.2148755146552942,0,1
4,1,0.4868608538469847,0,1
4,0,0.5935936486887115,1,1
4,1,0.6751085952942598,1,1
4,1,0.09511670742049037,0,1
4,1,0.7072313828952265,1,1
4,1,0.3353220014335092,0,1
4,1,0.1740311821153128,0,1
4,1,0.5199241115932147,1,1
4,1,0.1935619326006346,0,1
4,1,0.1941321957220124,0,1
4,1,0.9096070506218692,1,1
4,1,0.5355470659538342,1,1
4,1,0.7211772911228921,1,1
4,0,0.4604549278965867,0,1
4,1,0.6980867285118753,1,1
4,1,0.21159541228107587,0,1
4,0,0.6398121944308676,1,1
4,1,0.2810578147517414,0,1
4,1,0.5639297199227309,1,1
4,0,0.0597276804183101,0,0
4,0,0.03809357712245849,0,0
4,1,0.8826390522669362,1,1
4,1,0.5880892803160512,1,1
4,1,0.9309539167518825,1,1
4,1,0.5810007873988428,1,1
4,0,0.6093431838975085,1,1
4,0,0.6452269919480694,1,1
4,0,0.1645197272402006,0,1
4,0,0.07963621181123458,0,1
4,0,0.29242676210319535,0,1
4,1,0.543575498042465,1,1
4,1,0.9356525586553454,1,1
4,0,0.23147819442666184,0,1
4,0,0.1090512511316401,0,1
4,0,0.3143015763809089,0,1
4,0,0.2827759899737137,0,1
4,1,0.5297754422787113,1,1
4,1,0.4911977028970354,0,1
4,0,0.3836111747783084,0,1
4,1,0.7922208412251198,1,1
4,1,0.2269968608591559,0,1
4,1,0.6323490979466845,1,1
4,1,0.26506867967323916,0,1
4,1,0.3441476814275037,0,1
4,1,0.5679712104100028,1,1
4,1,0.9420764121852342,1,1
4,1,0.6253714603792005,1,1
4,0,0.09588407745415427,0,1
4,1,0.7958863886025623,1,1
4,1,0.725530863814236,1,1
4,0,0.14044412670817577,0,1
4,1,0.23622805926866053,0,1
4,1,0.9199961799115085,1,1
4,0,0.03957308328858529,0,0
4,1,0.8349931220677959,1,1
4,1,0.40962341128460983,0,1
4,0,0.27336822136189837,0,1
4,1,0.4576781105942253,0,1
4,0,0.43052976670627574,0,1
4,0,0.7299185054268873,1,1
4,1,0.43009749262056657,0,1
4,0,0.1891227787639771,0,1
4,0,0.26935823765571537,0,1
4,1,0.32841444362296496,0,1
4,0,0.2907550057038716,0,1
4,1,0.6891660812627814,1,1
4,1,0.6282783379397412,1,1
4,1,0.09771598942353991,0,1
4,0,0.0980545511824781,0,1
4,1,0.3438211607923468,0,1
4,0,0.589125171750218,1,1
4,1,0.9117819141267824,1,1
4,1,0.48953642429194055,0,1
4,1,0.6238221665299857,1,1
4,0,0.27876664144725016,0,1
4,0,0.4159769728822945,0,1
4,1,0.7824405078699996,1,1
4,1,0.7918202688418914,1,1
4,0,0.691836528593454,1,1
4,0,0.12532328874119578,0,1
4,1,0.7067600046740734,1,1
4,1,0.1576671035598368,0,1
4,1,0.630996754633361,1,1
4,1,0.49630764634822655,0,1
4,1,0.4076501671769834,0,1
4,1,0.32678891386000736,0,1
4,0,0.04041684861681016,0,0
4,1,0.48058304755462755,0,1
4,1,0.6657551458529926,1,1
4,0,0.20539810754914192,0,1
4,0,0.4378268872624845,0,1
4,0,0.048517276824251436,0,0
4,1,0.3230741386471571,0,1
4,1,0.3447290799113194,0,1
4,1,0.5282934169504048,1,1
4,1,0.9344088748487613,1,1
4,1,0.7141340554476672,1,1
4,0,0.3631002515450946,0,1
4,1,0.4716611673450461,0,1
4,1,0.5728848785801824,1,1
4,1,0.678556862142738,1,1
4,0,0.10545377660962271,0,1
4,1,0.6124560865524187,1,1
4,0,0.031064818784515835,0,0
4,1,0.9376093841324269,1,1
4,0,0.12221819727865073,0,1
4,1,0.6531786781148283,1,1
4,1,0.48559296599913143,0,1
4,1,0.19878791701919296,0,1
4,0,0.09158610830259802,0,1
4,1,0.5050967564228699,1,1
4,0,0.2671593337198996,0,1
4,0,0.2718636759679489,0,1
4,1,0.6187645660288372,1,1
4,1,0.9371027220777102,1,1
4,1,0.6638986539558884,1,1
4,1,0.1435300430069869,0,1
4,1,0.4685911146373907,0,1
4,1,0.4290208299383421,0,1
4,0,0.5652614744255164,1,1
4,1,0.6035586462652253,1,1
4,1,0.7523211444610309,1,1
4,1,0.5152550504982816,1,1
4,0,0.18224208830587882,0,1
4,0,0.07174283647342626,0,1
4,1,0.9208896164673054,1,1
4,0,0.12335300033083951,0,1
4,1,0.9397736359144381,1,1
4,1,0.9254995112947112,1,1
4,1,0.34237054494338287,0,1
4,1,0.5940272346254155,1,1
4,1,0.7459266719195711,1,1
4,1,0.7557940322836213,1,1
4,1,0.4589730068281883,0,1
4,1,0.9333904629640543,1,1
4,1,0.5555286914524536,1,1
4,1,0.5461475088883307,1,1
4,1,0.6660527070293731,1,1
4,1,0.43806453187977734,0,1
4,0,0.4563586713050644,0,1
4,0,0.35904979153056593,0,1
4,0,0.45817864384142,0,1
4,1,0.559630821209239,1,1
4,1,0.9352101517970492,1,1
4,1,0.9315798671873188,1,1
4,1,0.6856668955124264,1,1
4,1,0.9164206990864423,1,1
4,1,0.35374399185821725,0,1
4,1,0.21143043008502083,0,1
4,0,0.29558550516631316,0,1
4,1,0.29655839101441034,0,1
4,1,0.8086848594762645,1,1
4,1,0.2940837285523303,0,1
4,0,0.15633188266090178,0,1
4,1,0.6120053652657195,1,1
4,0,0.5146654320523543,1,1
4,1,0.4907376867590081,0,1
4,1,0.8449403235069062,1,1
4,0,0.618590369661424,1,1
4,1,0.9196325599734094,1,1
4,1,0.17905218143875445,0,1
4,1,0.9408700434386397,1,1
4,0,0.7801881900047192,1,1
4,1,0.734614790920221,1,1
4,1,0.3436267432793328,0,1
4,1,0.2501482930355319,0,1
4,0,0.8450984636365458,1,1
4,1,0.7854997654181902,1,1
4,1,0.45052286622681736,0,1
4,1,0.929580293910922,1,1
4,0,0.3632591713540586,0,1
4,0,0.49363174056706716,0,1
4,1,0.7019243032879664,1,1
4,1,0.2686737267213572,0,1
4,0,0.12710370687903275,0,1
4,1,0.7033201709311935,1,1
4,1,0.42669800291814974,0,1
4,1,0.5847399921744832,1,1
4,0,0.4314421282402278,0,1
4,1,0.6172861083678097,1,1
4,1,0.07440387563211628,0,1
4,1,0.14071993430575294,0,1
4,1,0.4366958054704973,0,1
4,1,0.78956646943878,1,1
4,1,0.7234610669179482,1,1
4,1,0.7967409891829977,1,1
4,1,0.4815499403706441,0,1
4,1,0.4419897920310905,0,1
4,1,0.49376892185650223,0,1
4,1,0.5855314178007798,1,1
4,0,0.36118577521924505,0,1
4,1,0.380960190670039,0,1
4,1,0.26569656903521777,0,1
4,1,0.7862075378972786,1,1
4,1,0.07848419474663747,0,1
4,1,0.9364174768510416,1,1
4,1,0.838165705508367,1,1
4,1,0.2111323367348539,0,1
4,1,0.8363410476720294,1,1
4,1,0.14780026435784208,0,1
4,1,0.9319437348859033,1,1
4,1,0.15229452477923347,0,1
4,1,0.6857998871625545,1,1
4,1,0.719217142402225,1,1
4,1,0.424763800354463,0,1
4,0,0.1518180984929208,0,1
4,1,0.510072811298084,1,1
4,1,0.39194583350799533,0,1
4,1,0.6375445874714828,1,1
4,1,0.5005919141153368,1,1
4,1,0.45466139321158794,0,1
4,1,0.7447632868163917,1,1
4,0,0.4735894533475021,0,1
4,1,0.24131835723919037,0,1
4,1,0.33536817583096057,0,1
4,0,0.415515137870201,0,1
4,1,0.137131913779611,0,1
4,1,0.7881153577937153,1,1
4,0,0.46869490540676156,0,1
4,1,0.9335149572409375,1,1
4,0,0.3682995901789828,0,1
4,1,0.8429887112354819,1,1
4,1,0.5141762303032604,1,1
4,0,0.3861615595116691,0,1
4,0,0.5664665781537991,1,1
4,1,0.3328772820909931,0,1
4,1,0.3591840457479605,0,1
4,1,0.5673069969611287,1,1
4,1,0.634456176182114,1,1
4,1,0.24064301396113136,0,1
4,1,0.6697898470303372,1,1
4,1,0.6593022392981088,1,1
4,1,0.5014954385869744,1,1
4,1,0.3026153732888027,0,1
4,1,0.5712151202086256,1,1
4,0,0.1617047216819152,0,1
4,0,0.6237304551289106,1,1
4,0,0.08904241759578899,0,1
4,1,0.9203913004665519,1,1
4,1,0.3162261643647665,0,1
4,0,0.5112611073520917,1,1
4,0,0.2749572170292665,0,1
4,0,0.29940754380066037,0,1
4,0,0.4613196668067494,0,1
4,1,0.14043907272561496,0,1
4,1,0.17901451228691587,0,1
4,1,0.14703988708811,0,1
4,0,0.6999853672780236,1,1
4,1,0.38311240180267936,0,1
4,0,0.14153271944592857,0,1
4,1,0.27338668706737695,0,1
4,1,0.7784962398603605,1,1
4,1,0.35768862343592694,0,1
4,1,0.4047661441654494,0,1
4,1,0.41192826875865385,0,1
4,0,0.290462436006059,0,1
4,0,0.6770150138777955,1,1
4,1,0.6654369577344217,1,1
4,0,0.10025674831042132,0,1
4,1,0.5177698519413295,1,1
4,1,0.2891303252438364,0,1
4,0,0.6835545312081048,1,1
4,1,0.3365278894554381,0,1
4,1,0.6101584155102349,1,1
4,1,0.2512708295229328,0,1
4,1,0.927381203784894,1,1
4,1,0.6482305276715085,1,1
4,1,0.6482131708839418,1,1
4,0,0.521056451798279,1,1
4,1,0.7292822196068409,1,1
4,1,0.06621388287446396,0,1
4,1,0.17391165933587985,0,1
4,1,0.7373993240522748,1,1
4,1,0.7524123842045076,1,1
4,1,0.505647739673218,1,1
4,0,0.39849618086054023,0,1
4,0,0.31724955994691134,0,1
4,1,0.710251771626876,1,1
4,1,0.6567326048403831,1,1
4,1,0.8090333202110036,1,1
4,0,0.043370512303662886,0,0
4,1,0.7492049861792873,1,1
4,1,0.6178330088962918,1,1
4,1,0.6776771306319943,1,1
4,1,0.7476130325316875,1,1
4,1,0.10829381739213256,0,1
4,1,0.9299012252373421,1,1
4,1,0.2814867603500586,0,1
4,1,0.433863155794639,0,1
4,1,0.22411809084134893,0,1
4,1,0.7020737142129234,1,1
4,1,0.30865020360843515,0,1
4,1,0.7018252406985486,1,1
4,1,0.16722358899278286,0,1
4,1,0.7124835080253701,1,1
4,1,0.2646513610002901,0,1
4,0,0.06226541728644963,0,1
4,0,0.13110840882671962,0,1
4,0,0.06869048547972086,0,1
4,1,0.19919915136623015,0,1
4,1,0.3311801499297947,0,1
4,1,0.6316282783685525,1,1
4,1,0.427862271582301,0,1
4,0,0.12050124873343608,0,1
4,1,0.14350029368586903,0,1
4,1,0.7627039152299379,1,1
4,1,0.14933717886473089,0,1
4,1,0.6892949993946855,1,1
4,0,0.5489906078472265,1,1
4,1,0.722593493948476,1,1
4,0,0.1916792529205982,0,1
4,0,0.21448710058001247,0,1
4,0,0.25045326216345437,0,1
4,1,0.6890575048619243,1,1
4,1,0.7862349428973202,1,1
4,1,0.46910450133997106,0,1
4,1,0.45270464009025335,0,1
4,1,0.4288794356387166,0,1
4,0,0.3197520251429927,0,1
4,0,0.11834051570054627,0,1
4,0,0.631708322884576,1,1
4,1,0.3230669779331745,0,1
4,1,0.7174413332247673,1,1
4,0,0.1719368800704094,0,1
4,0,0.1565089015069992,0,1
4,1,0.3542998431532704,0,1
4,0,0.5335429278379324,1,1
4,0,0.06462795145039904,0,1
4,1,0.2807798560122956,0,1
4,0,0.33350744376766167,0,1
4,1,0.8231292968205891,1,1
4,1,0.3388740462572485,0,1
4,0,0.40307199428255,0,1
4,0,0.1565522867108938,0,1
4,1,0.16364581968396164,0,1
4,1,0.6990077310248042,1,1
4,0,0.44175549031844896,0,1
4,1,0.29389437707293364,0,1
4,1,0.44180972038749017,0,1
4,1,0.7845660514400864,1,1
4,1,0.29534978891576125,0,1
4,1,0.37212513228793304,0,1
4,0,0.22528167098365434,0,1
4,1,0.25975371839180306,0,1
4,1,0.6387535972626274,1,1
4,0,0.36355651500758696,0,1
4,1,0.10442948852550521,0,1
4,0,0.33351256677250773,0,1
4,1,0.912553371289981,1,1
4,1,0.8475274847441027,1,1
4,1,0.160634382328431,0,1
4,0,0.3111695160877653,0,1
4,0,0.19295558007584873,0,1
4,1,0.9435518746873355,1,1
4,1,0.2549780163246779,0,1
4,1,0.28355297604784696,0,1
4,1,0.4253951545556619,0,1
4,0,0.3835252428346305,0,1
4,1,0.1308443309322958,0,1
4,0,0.27831685615287394,0,1
4,1,0.5342457588974557,1,1
4,1,0.4431327290565276,0,1
4,1,0.18911152583794955,0,1
4,0,0.3436595780451805,0,1
4,1,0.763654645953538,1,1
4,1,0.5555147993907554,1,1
4,1,0.28467039398937305,0,1
4,0,0.18156033390058882,0,1
4,1,0.9017410147298107,1,1
4,1,0.15903723405458353,0,1
4,1,0.9415470961971497,1,1
4,1,0.18517091074902536,0,1
4,0,0.305093319356242,0,1
4,1,0.9417288170612667,1,1
4,1,0.7935130406181667,1,1
4,1,0.8288009016911458,1,1
4,0,0.3372298615289105,0,1
4,1,0.8603539997384848,1,1
4,1,0.2741389830998913,0,1
4,1,0.6691818385561794,1,1
4,0,0.8351748229300369,1,1
4,0,0.32451598024801265,0,1
4,1,0.41676231393994506,0,1
4,1,0.917891301096441,1,1
4,1,0.17261968005950828,0,1
4,0,0.3639097850485782,0,1
4,1,0.10050129266856749,0,1
4,1,0.9428974480569732,1,1
4,1,0.4574441658261542,0,1
4,0,0.08372884526867667,0,1
4,1,0.2083440155235412,0,1
4,1,0.4207059750826348,0,1
4,1,0.9181588951844948,1,1
4,0,0.04830437228160322,0,0
4,1,0.9005014281066324,1,1
4,1,0.7121604085929301,1,1
4,1,0.28557537470678224,0,1
4,1,0.9078040248219302,1,1
4,0,0.1891846984255354,0,1
4,0,0.2264173915115866,0,1
4,1,0.9375758404830774,1,1
4,0,0.12856399367441054,0,1
4,1,0.4497641036764554,0,1
4,1,0.11176709016867743,0,1
4,1,0.6025666342981318,1,1
4,0,0.1173524815839268,0,1
4,1,0.9364821075877875,1,1
4,0,0.1010286297662839,0,1
4,1,0.9362106797852509,1,1
4,1,0.6666716474409535,1,1
4,0,0.15893243231863824,0,1
4,1,0.23118451449225758,0,1
4,1,0.6969440263979371,1,1
4,1,0.40251318348490156,0,1
4,1,0.7278281428436049,1,1
4,1,0.16267792484429802,0,1
4,1,0.9151106829171145,1,1
4,1,0.38845848078100353,0,1
4,1,0.31104118289184746,0,1
4,1,0.7767873559274819,1,1
4,1,0.7801902462221283,1,1
4,1,0.7847503830364657,1,1
4,1,0.12422255082364614,0,1
4,1,0.6026278743528279,1,1
4,1,0.7141217661385079,1,1
4,0,0.08665570262210187,0,1
4,1,0.4306683669657232,0,1
4,1,0.6444539876212245,1,1
4,0,0.07299489590205176,0,1
4,0,0.6758998297217916,1,1
4,1,0.7340530156474404,1,1
4,1,0.6480438806034905,1,1
4,1,0.5611531151945974,1,1
4,1,0.7712089679720323,1,1
4,1,0.36486846947668145,0,1
4,1,0.04167919450786584,0,0
4,0,0.43638179719253317,0,1
4,1,0.5330260767777215,1,1
4,1,0.26201695885438075,0,1
4,0,0.1763339377538935,0,1
4,0,0.20805537426399276,0,1
4,0,0.4961957657890012,0,1
4,1,0.4049171604413932,0,1
4,1,0.9316981640091696,1,1
4,1,0.8431644701472573,1,1
4,1,0.9041041802024014,1,1
4,1,0.2343267647322257,0,1
4,1,0.7959960538082126,1,1
4,0,0.521527111037614,1,1
4,0,0.2514984880055125,0,1
4,1,0.6039770725197953,1,1
4,0,0.3141247492043193,0,1
4,1,0.5651463667684082,1,1
4,1,0.2545823470458584,0,1
4,1,0.7036721868122079,1,1
4,1,0.5171665151549375,1,1
4,1,0.6878874897735501,1,1
4,0,0.20666855660493627,0,1
4,1,0.21189841076152502,0,1
4,1,0.871215415406406,1,1
4,1,0.3234870497949362,0,1
4,0,0.06856728915800381,0,1
4,1,0.942757837766638,1,1
4,0,0.12671836256833316,0,1
4,1,0.34848773014752477,0,1
4,0,0.40430653176631476,0,1
4,1,0.8122926120703977,1,1
4,1,0.2521275070623978,0,1
4,0,0.3696275098503639,0,1
4,1,0.7679364243981998,1,1
4,0,0.4440599927803472,0,1
4,1,0.924447378070015,1,1
4,1,0.3110939707782484,0,1
4,1,0.1695799994835533,0,1
4,1,0.9417576365308226,1,1
4,1,0.23027013170737953,0,1
4,1,0.714663885709,1,1
4,0,0.5495223786173066,1,1
4,1,0.4936332912326726,0,1
4,1,0.7763603712845896,1,1
4,1,0.70246412453955,1,1
4,1,0.3346007192261553,0,1
4,1,0.6562616189959104,1,1
4,1,0.496212788383323,0,1
4,1,0.48094250893212986,0,1
4,0,0.1697739088536686,0,1
4,1,0.5849916737559487,1,1
4,0,0.6476815238610667,1,1
4,1,0.3296157181581053,0,1
4,1,0.6944313845580543,1,1
4,1,0.5676388046513481,1,1
4,1,0.538400826437206,1,1
4,1,0.6974226121827518,1,1
4,1,0.266795715298998,0,1
4,1,0.9421111669533602,1,1
4,0,0.3726438077096306,0,1
4,1,0.2002534470763651,0,1
4,0,0.6460790423437546,1,1
4,1,0.270835042978983,0,1
4,1,0.21855522026232235,0,1
4,1,0.8378460408778743,1,1
4,1,0.9053507947000053,1,1
4,1,0.6604996916532018,1,1
4,0,0.48431693143811655,0,1
4,1,0.5347939099470326,1,1
4,1,0.6592111129767507,1,1
4,1,0.7735228517946349,1,1
4,1,0.2935985030532478,0,1
4,0,0.6724897372582442,1,1
4,1,0.5656413939278051,1,1
4,1,0.5556646374117434,1,1
4,1,0.5049288440422472,1,1
4,1,0.4542230409974441,0,1
4,1,0.7741093964835534,1,1
4,1,0.8600360175840159,1,1
4,1,0.7049457257853279,1,1
4,1,0.6472042391917434,1,1
4,1,0.9429077626667063,1,1
4,1,0.5424850650896124,1,1
4,1,0.4226976763427839,0,1
4,1,0.5804975484493375,1,1
4,0,0.5136497217081885,1,1
4,1,0.5739062913546915,1,1
4,1,0.6685268956761493,1,1
4,0,0.17148079822294768,0,1
4,1,0.6911748121505668,1,1
4,1,0.33303071960516156,0,1
4,1,0.36023148734071503,0,1
4,1,0.6392184210046172,1,1
4,1,0.13595892452017688,0,1
4,1,0.6139823205424374,1,1
4,1,0.938616723199184,1,1
4,1,0.24831822582013574,0,1
4,1,0.6424804700067462,1,1
4,0,0.27198347675010376,0,1
4,1,0.47607422125459853,0,1
4,0,0.5632523558136041,1,1
4,1,0.1860885901824874,0,1
4,1,0.8101808369701812,1,1
4,1,0.16003681096965897,0,1
4,1,0.5874927923967566,1,1
4,1,0.36864159869764823,0,1
4,1,0.6442192555186398,1,1
4,1,0.41995138243400254,0,1
4,1,0.36265602426820787,0,1
4,1,0.577826384110613,1,1
4,1,0.08114513642003171,0,1
4,1,0.6825861531509128,1,1
4,1,0.5705362814856502,1,1
4,0,0.12485611218493768,0,1
4,1,0.8250247302163896,1,1
4,0,0.24742565270520964,0,1
4,1,0.094551165806183,0,1
4,1,0.38117507062548733,0,1
4,0,0.07490289851194559,0,1
4,1,0.7615342916806518,1,1
4,0,0.16334406180622432,0,1
4,1,0.3412074311748724,0,1
4,1,0.39375220704703306,0,1
4,0,0.651623622952587,1,1
4,1,0.669990715897353,1,1
4,1,0.6402881636059862,1,1
4,1,0.22829126821684623,0,1
4,1,0.6423221223919062,1,1
4,1,0.8227098397332672,1,1
4,1,0.6997828545471972,1,1
4,1,0.7538141134070058,1,1
4,1,0.5165284050288134,1,1
4,1,0.81825128290295,1,1
4,0,0.17923522538011316,0,1
4,1,0.7680352979264413,1,1
4,1,0.3093078980948982,0,1
4,1,0.7831741397350392,1,1
4,1,0.46323831215392053,0,1
4,1,0.04735322157220466,0,0
4,1,0.9392580669171454,1,1
4,0,0.25359427499680626,0,1
4,1,0.12052011258003541,0,1
4,1,0.3867388759547916,0,1
4,1,0.17071217538468741,0,1
4,1,0.5199868451209412,1,1
4,1,0.1414900347866014,0,1
4,1,0.6075548693342406,1,1
4,1,0.6317360608537697,1,1
4,1,0.11042926383957247,0,1
4,1,0.6354424518519797,1,1
4,1,0.44781517759296885,0,1
4,1,0.6777948148246064,1,1
4,1,0.3134012593954544,0,1
4,1,0.3448895309831164,0,1
4,0,0.30710908098257284,0,1
4,1,0.591392254596828,1,1
4,1,0.7328281168128246,1,1
4,1,0.6693191034629363,1,1
4,1,0.7526961333881914,1,1
4,1,0.3835633806191187,0,1
4,1,0.9313062165944158,1,1
4,1,0.7539715981615426,1,1
4,1,0.4843105834129787,0,1
4,1,0.4225710353406829,0,1
4,0,0.6829265097249458,1,1
4,1,0.41568916546460954,0,1
4,1,0.4812065644392076,0,1
4,1,0.16753270850851415,0,1
4,1,0.6920317144941808,1,1
4,1,0.8630849207539965,1,1
4,0,0.1080729444262224,0,1
4,1,0.09935419611946948,0,1
4,1,0.535409386019864,1,1
4,1,0.2079100348894347,0,1
4,1,0.29668063113699683,0,1
4,0,0.32732084494616254,0,1
4,1,0.7664709678485665,1,1
4,1,0.6420523861237335,1,1
4,1,0.2588409734473363,0,1
4,1,0.6527269514305571,1,1
4,0,0.037946048350871654,0,0
4,0,0.13266304615760915,0,1
4,1,0.5399703946482419,1,1
4,0,0.3116708004230405,0,1
4,1,0.49712439650591356,0,1
4,0,0.5927108173685872,1,1
4,1,0.596666551444396,1,1
4,0,0.5701389960138079,1,1
4,1,0.33717931377630284,0,1
4,1,0.1891953041417746,0,1
4,1,0.8085748169208794,1,1
4,0,0.6794641563161774,1,1
4,1,0.6037713436545618,1,1
4,1,0.9415655880387178,1,1
4,1,0.8374204386162692,1,1
4,1,0.6615095469564042,1,1
4,1,0.6296061190282813,1,1
4,1,0.2777726223282685,0,1
4,1,0.9293106269756234,1,1
4,1,0.7686362870378042,1,1
4,1,0.25016121473593156,0,1
4,1,0.6213821279981196,1,1
4,1,0.9243841296473707,1,1
4,1,0.7698313199428368,1,1
4,0,0.6334108295055362,1,1
4,1,0.2095206572959741,0,1
4,0,0.35584272411476114,0,1
4,1,0.7158238514173162,1,1
4,1,0.8033275530890573,1,1
4,1,0.4279121511474395,0,1
4,0,0.3777714417157169,0,1
4,1,0.5442597429455368,1,1
4,1,0.7569525009809086,1,1
4,0,0.5420132995494679,1,1
4,1,0.44055310429941463,0,1
4,1,0.943170096040294,1,1
4,1,0.9426377222135326,1,1
4,1,0.7286498752773491,1,1
4,1,0.7170679737789658,1,1
4,1,0.7365944743267513,1,1
4,1,0.7120276064695111,1,1
4,1,0.31157410869648755,0,1
4,1,0.13674804267684001,0,1
4,1,0.7615322863693482,1,1
4,1,0.9425733031745575,1,1
4,1,0.7494890640552216,1,1
4,1,0.29223122069894614,0,1
4,1,0.300991663196396,0,1
4,1,0.13140764522698914,0,1
4,0,0.8771875993150793,1,1
4,1,0.07296735516457094,0,1
4,1,0.4132629711028203,0,1
4,1,0.2916314369263196,0,1
4,1,0.737020243835936,1,1
4,1,0.5605536060818502,1,1
4,1,0.7678966754467988,1,1
4,1,0.7083708607921181,1,1
4,1,0.5909052500289815,1,1
4,0,0.058143454138412536,0,0
4,1,0.6808539888521248,1,1
4,1,0.2478605634173526,0,1
4,1,0.202961420490021,0,1
4,1,0.37230365492031026,0,1
4,0,0.6053154379705741,1,1
4,1,0.4308798964802715,0,1
4,1,0.7916081855726833,1,1
4,1,0.308973859946093,0,1
4,1,0.5579894969342488,1,1
4,1,0.195811213076398,0,1
4,1,0.7011802198145962,1,1
4,1,0.3406944622934291,0,1
4,1,0.7158917307638811,1,1
4,0,0.45366319015016104,0,1
4,1,0.4144015402109607,0,1
4,1,0.7215031743027264,1,1
4,1,0.49803517283188276,0,1
4,0,0.5478068530159083,1,1
4,1,0.06692144874206293,0,1
4,1,0.27386709974685225,0,1
4,1,0.336340053582191,0,1
4,1,0.796007790827935,1,1
4,1,0.5075646269670281,1,1
4,1,0.7899112773979317,1,1
4,0,0.7308875323857578,1,1
4,1,0.9389108943710999,1,1
4,1,0.9167841841742533,1,1
4,1,0.5779213053811612,1,1
4,0,0.42997391030449045,0,1
4,1,0.3484945620791416,0,1
4,1,0.7587017106388645,1,1
4,1,0.6137133865375244,1,1
4,1,0.49464143720467574,0,1
4,0,0.43283983934065984,0,1
4,1,0.10187858325377529,0,1
4,1,0.5832101142973988,1,1
4,0,0.1565798460064743,0,1
4,1,0.6782057789862577,1,1
4,1,0.12718786390369086,0,1
4,1,0.7109593592351393,1,1
4,1,0.5512768976472361,1,1
4,1,0.7918157523168804,1,1
4,0,0.601788348926519,1,1
4,0,0.26173530668604805,0,1
4,1,0.4336384776354275,0,1
4,1,0.3455895020450484,0,1
4,1,0.16746408785045144,0,1
4,1,0.9358950003527725,1,1
4,1,0.46365794945919936,0,1
4,1,0.24634791735928738,0,1
4,1,0.8395460522415715,1,1
4,1,0.20510885023414993,0,1
4,0,0.5188484428688577,1,1
4,1,0.9358816101973855,1,1
4,1,0.8294651263067799,1,1
4,1,0.6873834374150299,1,1
4,1,0.4408476840906777,0,1
4,1,0.9295894719047658,1,1
4,1,0.6866484590891109,1,1
4,1,0.3355419907052404,0,1
4,1,0.527416141098398,1,1
4,1,0.7155653504597036,1,1
4,0,0.8324075890677839,1,1
4,1,0.5165922239800211,1,1
4,1,0.7173134462296169,1,1
4,1,0.38658986843694787,0,1
4,1,0.7461932097715571,1,1
4,0,0.4530679554347509,0,1
4,1,0.8078780386188551,1,1
4,1,0.7023364289482862,1,1
4,1,0.42464149772783194,0,1
4,1,0.7701056234270514,1,1
4,0,0.514235621370918,1,1
4,1,0.4280609908479127,0,1
4,1,0.11823957535098462,0,1
4,1,0.3221494011897554,0,1
4,1,0.4577409077518384,0,1
4,1,0.3111817088097826,0,1
4,1,0.26115431880298096,0,1
4,1,0.0935950514619404,0,1
4,1,0.48186082209987047,0,1
4,0,0.1881606599304884,0,1
4,1,0.7507389692678853,1,1
4,1,0.5812791813463318,1,1
4,0,0.08769451820548112,0,1
4,0,0.058383800477661965,0,0
4,0,0.5018559122897983,1,1
4,0,0.19087568495417337,0,1
4,1,0.6401430078348077,1,1
4,1,0.5910904105480969,1,1
4,0,0.18341951259686667,0,1
4,1,0.7845684732970899,1,1
4,1,0.23989105166493974,0,1
4,1,0.6943514039684786,1,1
4,0,0.3884648771424876,0,1
4,0,0.15756663857917175,0,1
4,1,0.4246140997627858,0,1
4,0,0.08097362899032695,0,1
4,1,0.8103959258065083,1,1
4,1,0.8171976229406656,1,1
4,1,0.5430019423491719,1,1
4,1,0.23936518569644596,0,1
4,0,0.08142400623278738,0,1
4,1,0.08451669553483951,0,1
4,1,0.9171564640914984,1,1
4,1,0.7046779497305611,1,1
4,0,0.7449062832263176,1,1
4,1,0.5511721102184646,1,1
4,1,0.6611576431523877,1,1
4,1,0.9318191713887986,1,1
4,1,0.8543099967519701,1,1
4,0,0.17733987505149787,0,1
4,0,0.7326001839417458,1,1
4,1,0.5659555104469428,1,1
4,1,0.8240805081337151,1,1
4,1,0.22409184728373963,0,1
4,1,0.10960890877487822,0,1
4,0,0.5732037213739832,1,1
4,1,0.508300246172442,1,1
4,0,0.34747297673599886,0,1
4,0,0.44213238925244436,0,1
4,1,0.39308756130586997,0,1
4,1,0.9157973819770553,1,1
4,1,0.6992975112595349,1,1
4,1,0.6363645527124111,1,1
4,0,0.03747576349095548,0,0
4,1,0.6337377427652897,1,1
4,1,0.3762134345308758,0,1
4,0,0.652903478998448,1,1
4,1,0.9309419901863725,1,1
4,1,0.08230962075684295,0,1
4,1,0.5685909629865925,1,1
4,1,0.7613176924663126,1,1
4,1,0.931062046626176,1,1
4,1,0.5179280020462212,1,1
4,1,0.20348416148859674,0,1
4,1,0.8836932741402448,1,1
4,0,0.2637085241402924,0,1
4,1,0.26935404992041423,0,1
4,0,0.39958949142005434,0,1
4,0,0.48841852705209793,0,1
4,0,0.5803942817112568,1,1
4,0,0.26595890347583834,0,1
4,1,0.5236146270349664,1,1
4,1,0.6221980478564271,1,1
4,1,0.535507201108168,1,1
4,1,0.438498910618607,0,1
4,1,0.4822418574542076,0,1
4,1,0.22054946803783737,0,1
4,1,0.4482180356692067,0,1
4,1,0.5764682594807465,1,1
4,1,0.26331111146495856,0,1
4,1,0.287056982207099,0,1
4,1,0.5767507563635802,1,1
4,1,0.405484532100104,0,1
4,1,0.6526541048087754,1,1
4,1,0.2609046436153698,0,1
4,1,0.3475111871972267,0,1
4,1,0.2301940433867324,0,1
4,1,0.7035666500530989,1,1
4,0,0.5017749529050722,1,1
4,1,0.7724774538843516,1,1
4,1,0.23180701632613182,0,1
4,1,0.6809264206691483,1,1
4,1,0.6767725759168672,1,1
4,1,0.2533351885518999,0,1
4,0,0.5442843629042337,1,1
4,1,0.6284667386121737,1,1
4,0,0.4115646612295129,0,1
4,0,0.29845060709279364,0,1
4,1,0.1726611641727336,0,1
4,1,0.8316483505600136,1,1
4,1,0.16704794264990147,0,1
4,1,0.6491164572489817,1,1
4,1,0.3864232051315749,0,1
4,1,0.49397911327879684,0,1
4,1,0.06728407432767097,0,1
4,1,0.9095669302748368,1,1
4,0,0.06087615725759775,0,1
4,0,0.41235422202766975,0,1
4,1,0.11966557449522935,0,1
4,1,0.6825344515465667,1,1
4,1,0.5317151057642746,1,1
4,1,0.2969996643394897,0,1
4,1,0.9419719237526724,1,1
4,1,0.9340486803249936,1,1
4,1,0.19923656079675497,0,1
4,1,0.941235702371601,1,1
4,0,0.08665435964960384,0,1
4,1,0.49531357734471443,0,1
4,1,0.9356775449625638,1,1
4,1,0.5126603164858657,1,1
4,1,0.3901374019350896,0,1
4,1,0.4010286188952507,0,1
4,1,0.2519421898650836,0,1
4,1,0.13953052621374132,0,1
4,1,0.6705621347759194,1,1
4,1,0.9367433438934822,1,1
4,1,0.35629211543534334,0,1
4,1,0.416434453015113,0,1
4,1,0.593193765301627,1,1
4,0,0.5941108036439842,1,1
4,1,0.2469424940525477,0,1
4,1,0.6043336643750472,1,1
4,1,0.919424035400244,1,1
4,1,0.401356866644923,0,1
4,1,0.6801668668754042,1,1
4,1,0.6002864638637238,1,1
4,0,0.29619568922167283,0,1
4,1,0.3040697916715625,0,1
4,0,0.5048726045631061,1,1
4,1,0.6834399309927588,1,1
4,1,0.3529882184467699,0,1
4,0,0.16792591325772688,0,1
4,1,0.39330605530561596,0,1
4,1,0.10208895814527785,0,1
4,1,0.1020140356019066,0,1
4,1,0.17309414686293445,0,1
4,1,0.6907319267813298,1,1
4,1,0.16967914704842219,0,1
4,1,0.3669821093002848,0,1
4,1,0.6567333171994867,1,1
4,0,0.46761378488050515,0,1
4,1,0.15776461498265984,0,1
4,1,0.13576499160618116,0,1
4,1,0.6577632925550848,1,1
4,0,0.32274520048959093,0,1
4,0,0.23466603154897064,0,1
4,0,0.18562340738978364,0,1
4,1,0.6718379144281101,1,1
4,1,0.15929481427328143,0,1
4,1,0.38768300651077436,0,1
4,1,0.745539049747698,1,1
4,0,0.4831424714311003,0,1
4,1,0.3606821533715157,0,1
4,0,0.08925853959384239,0,1
4,0,0.2562908237752235,0,1
4,1,0.24071432654132416,0,1
4,1,0.537544531782127,1,1
4,1,0.6733184429846555,1,1
4,1,0.7937394825978986,1,1
4,1,0.763333942006195,1,1
4,0,0.1445360136833713,0,1
4,1,0.49996227115876757,0,1
4,0,0.5338549253801533,1,1
4,1,0.2155799577648341,0,1
4,1,0.7006155799144214,1,1
4,1,0.4350324822469604,0,1
4,1,0.4905600091421611,0,1
4,0,0.33915496451137184,0,1
4,1,0.8749132992103695,1,1
4,0,0.06320808317022707,0,1
4,1,0.5479515200532389,1,1
4,0,0.5336803735046797,1,1
4,1,0.4579965917887753,0,1
4,0,0.3354061496149537,0,1
4,1,0.05497238822223787,0,0
4,1,0.38631602564976325,0,1
4,1,0.8933171963680941,1,1
4,1,0.22280962552522782,0,1
4,1,0.9329282527591013,1,1
4,1,0.42867612693883556,0,1
4,1,0.3272481620333072,0,1
4,1,0.4876603480831203,0,1
4,1,0.636099242514686,1,1
4,0,0.7350416262146624,1,1
4,0,0.16001668014738832,0,1
4,1,0.6524993591136219,1,1
4,1,0.7357979157609105,1,1
4,1,0.5262495532371035,1,1
4,1,0.6416833004392826,1,1
4,1,0.8244517080548593,1,1
4,1,0.7159886420217696,1,1
4,1,0.331611950797489,0,1
4,1,0.43971532891320275,0,1
4,1,0.6626256690979762,1,1
4,0,0.4320885163524377,0,1
4,1,0.6680202071404864,1,1
4,1,0.5085184234957054,1,1
4,1,0.20786195765391635,0,1
4,1,0.34009157576161375,0,1
4,1,0.7684887906351829,1,1
4,1,0.9379372687201161,1,1
4,1,0.7964404990693664,1,1
4,1,0.5007488271900965,1,1
4,1,0.9397427088765464,1,1
4,1,0.6874179654852961,1,1
4,1,0.7102115171370769,1,1
4,1,0.5468727633978175,1,1
4,0,0.09716413074656806,0,1
4,1,0.4065507014881427,0,1
4,0,0.12961202914168632,0,1
4,1,0.4475568898081383,0,1
4,1,0.041907838415440844,0,0
4,1,0.4254980625994607,0,1
4,0,0.31427738932512883,0,1
4,1,0.14430932246633724,0,1
4,1,0.23170554758548403,0,1
4,0,0.6971015005919284,1,1
4,1,0.5159581174035083,1,1
4,1,0.4869445731277746,0,1
4,1,0.4258880688250214,0,1
4,1,0.756044692719019,1,1
4,1,0.9367668564389197,1,1
4,1,0.9414229626210658,1,1
4,1,0.8153225443980026,1,1
4,1,0.693317175311309,1,1
4,1,0.628800704005694,1,1
4,1,0.29956840938607826,0,1
4,1,0.412387144944431,0,1
4,1,0.2383356901891179,0,1
4,1,0.6379040081317884,1,1
4,1,0.2555153328240267,0,1
4,1,0.39796213986547524,0,1
4,0,0.3828476257393154,0,1
4,1,0.4227400714709595,0,1
4,1,0.9292629212984542,1,1
4,1,0.1584525973779482,0,1
4,0,0.2537361651751398,0,1
4,1,0.354060654285373,0,1
4,1,0.9361684281005636,1,1
4,0,0.08035851397652521,0,1
4,0,0.07539643836961564,0,1
4,1,0.5891465074358889,1,1
4,1,0.2559872553500224,0,1
4,1,0.942354163428413,1,1
4,1,0.47094740971160837,0,1
4,1,0.755414910484783,1,1
4,1,0.10306097372015238,0,1
4,1,0.08181272437652409,0,1
4,1,0.7832423364332995,1,1
4,1,0.21646121925576212,0,1
4,1,0.5225459455869382,1,1
4,1,0.13451009772250247,0,1
4,1,0.7135725698518209,1,1
4,0,0.41135379072338657,0,1
4,1,0.4650447475646313,0,1
4,1,0.4659691410896328,0,1
4,1,0.9273415347502143,1,1
4,1,0.7053856500019507,1,1
4,1,0.6128699109339657,1,1
4,1,0.7258416702123491,1,1
4,1,0.4759241875762589,0,1
4,0,0.3970801492505354,0,1
4,1,0.14405595914278915,0,1
4,1,0.42460417033060877,0,1
4,0,0.4034489240032554,0,1
4,1,0.5621856120110296,1,1
4,1,0.34433278493741915,0,1
4,0,0.27628259999971877,0,1
4,1,0.3507511123674716,0,1
4,1,0.3554158202483608,0,1
4,1,0.8195548599330346,1,1
4,1,0.926949004824471,1,1
4,1,0.5509273082269999,1,1
4,0,0.5094619609112582,1,1
4,1,0.8128706015134872,1,1
4,1,0.42025292327805674,0,1
4,1,0.7973240878429882,1,1
4,0,0.34413041871901673,0,1
4,1,0.5406152740238743,1,1
4,1,0.27033831603369046,0,1
4,1,0.6453255693034985,1,1
4,1,0.770852976861273,1,1
4,1,0.46560066023613494,0,1
4,1,0.6691533472684305,1,1
4,0,0.10896392495166765,0,1
4,1,0.5464552366275659,1,1
4,1,0.7525676619830509,1,1
4,1,0.9406229306434994,1,1
4,1,0.4144788804726907,0,1
4,1,0.3162849842193486,0,1
4,1,0.26282021861382376,0,1
4,1,0.3857637233274901,0,1
4,1,0.12443591504615266,0,1
4,1,0.8092748737337568,1,1
4,1,0.48630030549622116,0,1
4,1,0.5181785043034984,1,1
4,0,0.848309721225999,1,1
4,1,0.8235589075698772,1,1
4,1,0.22793385789801107,0,1
4,1,0.8104197274456547,1,1
4,1,0.3097007563884393,0,1
4,0,0.09506084454395086,0,1
4,1,0.6894531923491982,1,1
4,1,0.935763067696127,1,1
4,0,0.12315211971205345,0,1
4,1,0.3001181988963811,0,1
4,1,0.927847747260706,1,1
4,1,0.7190813871953251,1,1
4,1,0.7417570237924627,1,1
4,1,0.9275445213815486,1,1
4,0,0.6219136331400444,1,1
4,1,0.8642643501882635,1,1
4,1,0.4480189198662939,0,1
4,1,0.2542483942694603,0,1
4,1,0.568421203634656,1,1
4,1,0.9277032663344154,1,1
4,1,0.2695090898940973,0,1
4,0,0.3747050039429025,0,1
4,1,0.6059985767434001,1,1
4,1,0.3904232002021914,0,1
4,1,0.6677875497064854,1,1
4,1,0.6866487068320187,1,1
4,1,0.5269637269743163,1,1
4,1,0.9174345299407773,1,1
4,1,0.720674076472904,1,1
4,1,0.4816009750343713,0,1
4,1,0.6938066386326298,1,1
4,1,0.3814763198065862,0,1
4,1,0.20470461770810472,0,1
4,1,0.2982551061507844,0,1
4,1,0.7262403750035921,1,1
4,1,0.19065095592903264,0,1
4,1,0.7866456797810721,1,1
4,1,0.5812087503955792,1,1
4,1,0.2915602059513586,0,1
4,1,0.44168109562689106,0,1
4,1,0.3307561684436227,0,1
4,1,0.6787035278175629,1,1
4,1,0.9350824495328899,1,1
4,1,0.7839704709540068,1,1
4,1,0.5350768316476123,1,1
4,0,0.4398670000131697,0,1
4,1,0.7162822096998598,1,1
4,1,0.35178246115733997,0,1
4,0,0.021046841083590586,0,0
4,1,0.4846665401819184,0,1
4,1,0.5614868656802047,1,1
4,1,0.5953214303995341,1,1
4,1,0.35621597867117066,0,1
4,1,0.3047509140675522,0,1
4,1,0.4315972496229598,0,1
4,1,0.5378337635938528,1,1
4,0,0.808642417924033,1,1
4,1,0.6640928634349518,1,1
4,1,0.40084126309502366,0,1
4,1,0.6092500059598772,1,1
4,0,0.1590815626077842,0,1
4,1,0.7214929069658906,1,1
4,1,0.46591464382441045,0,1
4,1,0.8373990883002916,1,1
4,1,0.9348179674881362,1,1
4,0,0.6441871311600357,1,1
4,1,0.8720378215895573,1,1
4,1,0.048722746486406524,0,0
4,0,0.2349765782114136,0,1
4,0,0.2266738767709003,0,1
4,1,0.34581567749977615,0,1
4,1,0.5422714470234163,1,1
4,0,0.5345357938295213,1,1
4,1,0.7350645373377734,1,1
4,1,0.10155716001618094,0,1
4,1,0.7361380898523658,1,1
4,1,0.7502836653481239,1,1
4,1,0.2560517550934667,0,1
4,0,0.4787103441278975,0,1
4,0,0.05571148369336885,0,0
4,1,0.4707168267194437,0,1
4,1,0.9285514715355058,1,1
4,1,0.22675922791613384,0,1
4,1,0.4805110130586987,0,1
4,1,0.1723957507836384,0,1
4,1,0.7554274818236888,1,1
4,1,0.4766560578877698,0,1
4,1,0.2353433037317323,0,1
4,1,0.9277229310958537,1,1
4,0,0.6646534355030518,1,1
4,1,0.9383873318818116,1,1
4,0,0.6367470328465425,1,1
4,1,0.663712790213016,1,1
4,1,0.7011541412081967,1,1
4,1,0.527024425840784,1,1
4,1,0.18694275199708865,0,1
4,1,0.3140928140289682,0,1
4,1,0.21326069995145083,0,1
4,1,0.5326355805802602,1,1
4,1,0.46416383388432325,0,1
4,1,0.9416830511110581,1,1
4,0,0.23658326264295915,0,1
4,0,0.24084303615684627,0,1
4,0,0.31617868184009473,0,1
4,1,0.662214492739551,1,1
4,1,0.3167389003798402,0,1
4,0,0.2623551018105397,0,1
4,1,0.5027670271320006,1,1
4,1,0.7323751470017098,1,1
4,1,0.3671436724579643,0,1
4,1,0.7575171703429225,1,1
4,1,0.8328139911665753,1,1
4,0,0.7552827406035373,1,1
4,1,0.8145125339270775,1,1
4,1,0.7936241968506959,1,1
4,1,0.5872686967153895,1,1
4,1,0.9415009214151449,1,1
4,1,0.273794626564619,0,1
4,1,0.6046870845802046,1,1
4,1,0.9038025760847406,1,1
4,1,0.38905212263461914,0,1
4,1,0.7205236145446936,1,1
4,1,0.2120915997206145,0,1
4,0,0.05103307080252319,0,0
4,1,0.6257401436155107,1,1
4,1,0.6448936904214665,1,1
4,1,0.9398235304353664,1,1
4,1,0.6074966121645181,1,1
4,1,0.7782064224632776,1,1
4,1,0.4040347315046273,0,1
4,0,0.21916365102212032,0,1
4,1,0.8366690021022926,1,1
4,0,0.6247888841475341,1,1
4,1,0.7199179029854005,1,1
4,1,0.21072363070032543,0,1
4,1,0.7628736821880817,1,1
4,1,0.8447395808541959,1,1
4,1,0.7621367276321445,1,1
4,0,0.2574356038390396,0,1
4,1,0.5893481595425661,1,1
4,1,0.7716158322971108,1,1
4,0,0.4656953874076011,0,1
4,1,0.9349151023620891,1,1
4,1,0.34747033949962763,0,1
4,1,0.5494261975014365,1,1
4,1,0.42156144861921596,0,1
4,1,0.5743557888808868,1,1
4,1,0.29766520312411265,0,1
4,1,0.23635719053805967,0,1
4,1,0.6073044293809929,1,1
4,1,0.5257046814566644,1,1
4,1,0.5869368270018149,1,1
4,1,0.6072003538121907,1,1
4,1,0.36302271794322216,0,1
4,1,0.7955212607154709,1,1
4,1,0.7055719959043644,1,1
4,1,0.9371666828561006,1,1
4,1,0.8193746799075728,1,1
4,1,0.10740249199978788,0,1
4,1,0.7819948914487586,1,1
4,1,0.10767973742343404,0,1
4,1,0.9249760609824739,1,1
4,1,0.7004026263092984,1,1
4,1,0.36633719030331835,0,1
4,1,0.09640204520265083,0,1
4,0,0.5080967421034254,1,1
4,1,0.9272188650309185,1,1
4,0,0.6691143374966294,1,1
4,1,0.6322097743605744,1,1
4,1,0.39487252114615307,0,1
4,1,0.4347792920791709,0,1
4,1,0.28571706703021793,0,1
4,1,0.4048890736309998,0,1
4,0,0.1250185305977399,0,1
4,1,0.6106004936315965,1,1
4,1,0.75017074629522,1,1
4,1,0.4258330095962743,0,1
4,1,0.9305122410723538,1,1
4,1,0.7753936784409953,1,1
4,1,0.34731475155344527,0,1
4,1,0.6350795030253832,1,1
4,0,0.08321111776087516,0,1
4,1,0.6030446949172537,1,1
4,0,0.3458375841100911,0,1
4,1,0.5649779960237606,1,1
4,1,0.5140453901429475,1,1
4,0,0.6317478175032444,1,1
4,1,0.062224763603415736,0,1
4,1,0.43220291717465226,0,1
4,1,0.6205008167783387,1,1
4,1,0.5373731492610174,1,1
4,1,0.7521522440794048,1,1
4,1,0.7152482446358724,1,1
4,0,0.7080274876089302,1,1
4,1,0.5211482091218121,1,1
4,1,0.7913045004634754,1,1
4,1,0.9369276208749925,1,1
4,0,0.20003504666593527,0,1
4,1,0.7183656058373901,1,1
4,1,0.6706273741139938,1,1
4,1,0.7388993467808312,1,1
4,1,0.6667382785446823,1,1
4,0,0.5260693463322056,1,1
4,1,0.7142309156248816,1,1
4,1,0.37865301486119984,0,1
4,1,0.3731165087654589,0,1
4,1,0.3943409101916586,0,1
4,1,0.920844895201608,1,1
4,1,0.5457319597961817,1,1
4,0,0.5244500295251012,1,1
4,1,0.9376001288275561,1,1
4,0,0.2329807892845538,0,1
4,1,0.4415986579991461,0,1
4,1,0.6880067009190891,1,1
4,1,0.04700042511236391,0,0
4,1,0.2211072957375348,0,1
4,1,0.2383588559480493,0,1
4,1,0.23836993305641727,0,1
4,1,0.26694744155272565,0,1
4,1,0.23509574852345547,0,1
4,0,0.46262354493654895,0,1
4,1,0.501798473200264,1,1
4,1,0.15646364038209132,0,1
4,1,0.46567178627908673,0,1
4,1,0.19007528129988707,0,1
4,1,0.1826396529128762,0,1
4,1,0.6643693525451233,1,1
4,1,0.7339025519263473,1,1
4,1,0.22120301022952685,0,1
4,1,0.5078717362129543,1,1
4,1,0.9389244714887544,1,1
4,0,0.07813065914910093,0,1
4,1,0.5084468755901068,1,1
4,1,0.6789697563005804,1,1
4,1,0.35457693889816116,0,1
4,1,0.2695260106434541,0,1
4,1,0.2452944360786293,0,1
4,1,0.7660091434310371,1,1
4,1,0.24111637006900244,0,1
4,1,0.710973962753115,1,1
4,1,0.5743097184131147,1,1
4,1,0.6413924002114397,1,1
4,1,0.15290235701337862,0,1
4,1,0.5763137944094412,1,1
4,1,0.2029001824673799,0,1
4,1,0.7704724532427472,1,1
4,1,0.34300217826021395,0,1
4,1,0.7823393802049863,1,1
4,1,0.23215252579112144,0,1
4,1,0.2818040706782755,0,1
4,1,0.31812492783310503,0,1
4,1,0.9384637642568913,1,1
4,1,0.9227216187309543,1,1
4,1,0.1666558317279771,0,1
4,0,0.6109111687198255,1,1
4,1,0.43118861135367426,0,1
4,1,0.6544404039821053,1,1
4,1,0.4623689518102438,0,1
4,1,0.33991922865725166,0,1
4,1,0.6790709303723702,1,1
4,1,0.42599755238469433,0,1
4,0,0.37473877253746435,0,1
4,1,0.5710197172605238,1,1
4,1,0.9242845497516774,1,1
4,1,0.8208441992044992,1,1
4,1,0.6302411806488152,1,1
4,1,0.5121024151359165,1,1
4,1,0.24619934953099795,0,1
4,1,0.474810834324595,0,1
4,1,0.6496341266317649,1,1
4,0,0.07438619535778003,0,1
4,1,0.6167689564990773,1,1
4,1,0.4667762405734539,0,1
4,1,0.6884062059916033,1,1
4,1,0.049712777107308315,0,0
4,0,0.4610444681696883,0,1
4,1,0.42596836507284264,0,1
4,1,0.9429248416844567,1,1
4,1,0.6704282606684906,1,1
4,1,0.3382691989456799,0,1
4,1,0.21549568680674347,0,1
4,1,0.19808789942766122,0,1
4,0,0.3524817638820815,0,1
4,0,0.07958156968882726,0,1
4,1,0.6080346068619258,1,1
4,1,0.3640617014063788,0,1
4,1,0.9231409960772565,1,1
4,0,0.20785181946807152,0,1
4,1,0.7584140298254307,1,1
4,1,0.5684822935717271,1,1
4,1,0.803430008040924,1,1
4,1,0.9350408983115961,1,1
4,1,0.513543337499871,1,1
4,0,0.6574945597891055,1,1
4,1,0.7264276733897629,1,1
4,1,0.9424846889615917,1,1
4,1,0.939342796620311,1,1
4,1,0.6639171355738827,1,1
4,1,0.4560227487739081,0,1
4,1,0.5147229783065833,1,1
4,1,0.6962039339280772,1,1
4,1,0.8609308144243213,1,1
4,1,0.46517948294239525,0,1
4,1,0.6386465719333714,1,1
4,1,0.21109852994719203,0,1
4,1,0.31467129330701354,0,1
4,1,0.3822443165917254,0,1
4,1,0.8115236240033321,1,1
4,1,0.1972985169949314,0,1
4,1,0.291637474392498,0,1
4,1,0.7494758693348067,1,1
4,1,0.7410276707447876,1,1
4,1,0.5768271480641339,1,1
4,1,0.760230650623066,1,1
4,1,0.47990070299120974,0,1
4,1,0.6634214365479337,1,1
4,1,0.1636117124452261,0,1
4,1,0.5702350698757679,1,1
4,1,0.9276032786208303,1,1
4,0,0.2676259310744805,0,1
4,1,0.8087917419385483,1,1
4,1,0.3734755536059534,0,1
4,1,0.773000957369377,1,1
4,1,0.7517267279959646,1,1
4,1,0.29019649052437435,0,1
4,1,0.664627540132523,1,1
4,0,0.12327773697684048,0,1
4,1,0.5827388440371899,1,1
4,1,0.3809175735949095,0,1
4,1,0.8054359695698937,1,1
4,1,0.6840621367576974,1,1
4,1,0.28593814355709946,0,1
4,1,0.9254528292488846,1,1
4,1,0.15572150981425806,0,1
4,1,0.4642894265628603,0,1
4,1,0.14463694356332796,0,1
4,0,0.41641207809724284,0,1
4,1,0.20282684413605181,0,1
4,1,0.9312885309263951,1,1
4,1,0.5583405513429619,1,1
4,1,0.22122792549817868,0,1
4,1,0.42180248414578686,0,1
4,0,0.5088218248315479,1,1
4,1,0.3196065725036264,0,1
4,1,0.6400552203132801,1,1
4,1,0.26760860431074346,0,1
4,1,0.9357879362963556,1,1
4,1,0.13684545888563007,0,1
4,1,0.8906984279513074,1,1
4,1,0.5440607330272298,1,1
4,1,0.36653598847748486,0,1
4,1,0.3950773238491863,0,1
4,1,0.2777968224906622,0,1
4,1,0.3885097131325566,0,1
4,0,0.2921925030703724,0,1
4,1,0.2241228714457249,0,1
4,1,0.32110999892954395,0,1
4,1,0.9327149689805223,1,1
4,1,0.18508353243403644,0,1
4,1,0.7568981696260806,1,1
4,1,0.712963852599933,1,1
4,0,0.23470156259946312,0,1
4,1,0.151417837999664,0,1
4,1,0.8122796033583352,1,1
4,1,0.23005920992753157,0,1
4,1,0.6527298062976178,1,1
4,0,0.4331485165871559,0,1
4,1,0.3482863942809603,0,1
4,1,0.630853175362533,1,1
4,1,0.9373253707118865,1,1
4,0,0.3412844122184488,0,1
4,1,0.7490325342294487,1,1
4,1,0.23644868111692413,0,1
4,1,0.9149228953271032,1,1
4,1,0.2196689511533631,0,1
4,1,0.2982981675349706,0,1
4,1,0.3227043509146082,0,1
4,1,0.4921486718407625,0,1
4,1,0.547650148766882,1,1
4,1,0.15737652469438546,0,1
4,1,0.40061771723267964,0,1
4,0,0.1709204766966867,0,1
4,1,0.6873320615334222,1,1
4,0,0.23230203123124507,0,1
4,1,0.6311143064003933,1,1
4,1,0.4899945722787775,0,1
4,1,0.7806240535192746,1,1
4,1,0.14208824711833892,0,1
4,1,0.5108524774105,1,1
4,0,0.1518317014693981,0,1
4,1,0.4057383389548329,0,1
4,1,0.6137728600194096,1,1
4,1,0.5504217051260549,1,1
4,1,0.07250329866486335,0,1
4,1,0.6089367129359349,1,1
4,1,0.662012016707764,1,1
4,1,0.7664988142727907,1,1
4,1,0.1278272065494258,0,1
4,1,0.5204519295468005,1,1
4,0,0.17734032001629746,0,1
4,1,0.6763624042249567,1,1
4,1,0.4020287525380691,0,1
4,1,0.3653876074054769,0,1
4,1,0.47180907087448115,0,1
4,1,0.8375770915211874,1,1
4,1,0.6408401425799171,1,1
4,1,0.3680213996863038,0,1
4,0,0.6537214318681485,1,1
4,1,0.9269414982758506,1,1
4,0,0.07443503039655018,0,1
4,1,0.6001947169827919,1,1
4,1,0.3675398352897772,0,1
4,1,0.12767972937786887,0,1
4,1,0.9146180985168915,1,1
4,1,0.5388139242021575,1,1
4,1,0.18690569281540956,0,1
4,1,0.517627838181841,1,1
4,1,0.370019723804286,0,1
4,1,0.318156688439879,0,1
4,1,0.505108324195098,1,1
4,1,0.9408038966257591,1,1
4,1,0.7487801933818844,1,1
4,1,0.7542040502609685,1,1
4,1,0.9377946590566447,1,1
4,1,0.299450831093853,0,1
4,0,0.022508516723954253,0,0
4,0,0.4301144659838062,0,1
4,1,0.4199273829410085,0,1
4,1,0.9336329497852485,1,1
4,1,0.6371557478618713,1,1
4,1,0.38416868015184574,0,1
4,0,0.21478373703263456,0,1
4,1,0.16624827500456524,0,1
4,1,0.1941252551489248,0,1
4,1,0.1113345294990933,0,1
4,1,0.8288352868460145,1,1
4,1,0.3633204957517731,0,1
4,1,0.46511673553075567,0,1
4,1,0.4473790223378863,0,1
4,1,0.9392839787523442,1,1
4,1,0.370837506117523,0,1
4,1,0.33494053090286224,0,1
4,1,0.7940594201063816,1,1
4,1,0.7887305723110788,1,1
4,0,0.745450334321565,1,1
4,1,0.3020626328405064,0,1
4,1,0.8231721746303101,1,1
4,1,0.5910943032189646,1,1
4,1,0.22645084157036566,0,1
4,1,0.34890664634896656,0,1
4,1,0.8216848756029044,1,1
4,0,0.4476571880756712,0,1
4,1,0.5611657779276881,1,1
4,1,0.3757519576960027,0,1
4,1,0.45995247936737327,0,1
4,0,0.6472791081603192,1,1
4,1,0.2772382168376817,0,1
4,1,0.11795015963070496,0,1
4,1,0.9369289953405701,1,1
4,1,0.8426302005363877,1,1
4,1,0.7395137971499071,1,1
4,1,0.7464657265498424,1,1
4,1,0.3028793524590986,0,1
4,1,0.9381648301056511,1,1
4,1,0.40439008374908625,0,1
4,1,0.7118769825465069,1,1
4,1,0.3961626123380713,0,1
4,1,0.7474760034707704,1,1
4,1,0.2841052495894688,0,1
4,1,0.6743206715753924,1,1
4,1,0.5659868059196778,1,1
4,1,0.31971906637649145,0,1
4,1,0.2584461247762285,0,1
4,1,0.6562403970905337,1,1
4,0,0.21789642641857526,0,1
4,1,0.7217480993637373,1,1
4,1,0.7888930908416354,1,1
4,1,0.681861424420821,1,1
4,1,0.9139863724445288,1,1
4,1,0.8110122541889847,1,1
4,0,0.4080612018942381,0,1
4,1,0.5141681355995079,1,1
4,1,0.3212604110047431,0,1
4,1,0.675873647718534,1,1
4,1,0.09874264507952606,0,1
4,1,0.27755445066241063,0,1
4,1,0.6150936795990936,1,1
4,1,0.9427472725579514,1,1
4,1,0.6463806900968156,1,1
4,1,0.9242605875560114,1,1
4,1,0.4669158172827891,0,1
4,1,0.43396203919671733,0,1
4,1,0.6116828816327896,1,1
4,1,0.31323593761011936,0,1
4,1,0.36432329920796863,0,1
4,1,0.7689372097617871,1,1
4,1,0.7194739731708318,1,1
4,1,0.1828085124805621,0,1
4,1,0.04410941152814856,0,0
4,1,0.3088967055263394,0,1
4,1,0.6865623705480218,1,1
4,0,0.456336825644158,0,1
4,1,0.7225731672573272,1,1
4,1,0.7839132470983705,1,1
4,1,0.4372164881306107,0,1
4,1,0.2912900827300715,0,1
4,1,0.22396980538523215,0,1
4,1,0.20436785346109956,0,1
4,1,0.7971935717830667,1,1
4,0,0.07314220090574453,0,1
4,1,0.9398119647516435,1,1
4,0,0.1152475034680683,0,1
4,1,0.9395026897803253,1,1
4,0,0.4006033315715885,0,1
4,0,0.16366898772328772,0,1
4,1,0.6329845834322124,1,1
4,1,0.3670240178380893,0,1
4,0,0.43844703364812426,0,1
4,0,0.17879784505253027,0,1
4,1,0.930999860342421,1,1
4,1,0.6610389310489162,1,1
4,0,0.18394342501282177,0,1
4,1,0.0879482292877954,0,1
4,1,0.43793608855432675,0,1
4,1,0.20072720946463088,0,1
4,1,0.6484329043478281,1,1
4,1,0.5570999161445611,1,1
4,1,0.5989149469717455,1,1
4,0,0.5273993221413567,1,1
4,1,0.7039455062299106,1,1
4,1,0.5086253561023343,1,1
4,1,0.9131879513428667,1,1
4,1,0.03946249286081873,0,0
4,1,0.8973000445604664,1,1
4,1,0.7065503637514895,1,1
4,1,0.1205478215135159,0,1
4,1,0.8092696518585403,1,1
4,1,0.5732869935699186,1,1
4,1,0.5077887377725637,1,1
4,1,0.46552298248891444,0,1
4,1,0.17527216264263912,0,1
4,1,0.6494966159163834,1,1
4,1,0.7282008577523971,1,1
4,1,0.7383410539695746,1,1
4,0,0.36050199379938264,0,1
4,1,0.6157816832478986,1,1
4,1,0.3916867744605113,0,1
4,1,0.20039327498046422,0,1
4,1,0.5195621027156373,1,1
4,1,0.8493299772581104,1,1
4,1,0.119584711758606,0,1
4,1,0.7206046608394728,1,1
4,0,0.05166897759290626,0,0
4,1,0.38337575613896396,0,1
4,0,0.081225750669033,0,1
4,1,0.39130219469290384,0,1
4,1,0.5704330595370628,1,1
4,1,0.12238672898231226,0,1
4,1,0.2629792174402702,0,1
4,1,0.740212982889046,1,1
4,1,0.5778520691392323,1,1
4,0,0.11794609723382679,0,1
4,1,0.698067073716675,1,1
4,1,0.20165312599238194,0,1
4,1,0.6889776911520022,1,1
4,1,0.6379568502360053,1,1
4,1,0.6823900385497069,1,1
4,1,0.3731763500542335,0,1
4,1,0.3086813224176938,0,1
4,1,0.22381657762395876,0,1
4,1,0.19611722767764272,0,1
4,1,0.5913673058320295,1,1
4,0,0.32834140909088116,0,1
4,1,0.9148452697770247,1,1
4,1,0.47118574112070316,0,1
4,1,0.6422773113344495,1,1
4,1,0.6967784072713947,1,1
4,0,0.2651637526385869,0,1
4,0,0.45900578062005387,0,1
4,1,0.25023022759148206,0,1
4,1,0.40018406397552736,0,1
4,1,0.632301583131889,1,1
4,1,0.9125801757640198,1,1
4,1,0.9304464109220902,1,1
4,1,0.4003016456575253,0,1
4,1,0.41446029131376,0,1
4,0,0.37416844070585026,0,1
4,0,0.05655895323488742,0,0
4,1,0.3933794486671681,0,1
4,1,0.36992647763468145,0,1
4,0,0.711848633258987,1,1
4,0,0.6816118600160058,1,1
4,0,0.8038677263957497,1,1
4,0,0.4206119869303661,0,1
4,1,0.4968112594243665,0,1
4,1,0.8040299896662654,1,1
4,1,0.721836203331052,1,1
4,0,0.7553245174457152,1,1
4,1,0.942436457292149,1,1
4,1,0.20818182561169132,0,1
4,1,0.6949755671881569,1,1
4,1,0.9417008996555575,1,1
4,1,0.7083351433496542,1,1
4,0,0.21424655850763816,0,1
4,1,0.941888979427508,1,1
4,1,0.4087124874586613,0,1
4,1,0.7232400314336798,1,1
4,1,0.2505543357440923,0,1
4,0,0.3556150997684542,0,1
4,1,0.9394222770087901,1,1
4,1,0.29935113806304825,0,1
4,1,0.16345364566357432,0,1
4,1,0.36023028912801996,0,1
4,1,0.30206531295808176,0,1
4,1,0.24304657090949577,0,1
4,1,0.6568896319488126,1,1
4,1,0.9378207799276335,1,1
4,1,0.2272863352986829,0,1
4,1,0.5098815301871515,1,1
4,1,0.2677239261456331,0,1
4,1,0.782757500492779,1,1
4,0,0.7504213862116285,1,1
4,0,0.5492579990384954,1,1
4,1,0.8131277262022624,1,1
4,1,0.7028408259414693,1,1
4,1,0.7562465626816867,1,1
4,1,0.10311570559915466,0,1
4,1,0.38469852219745326,0,1
4,1,0.7807847681039233,1,1
4,1,0.45857979122662645,0,1
4,1,0.5594328068949412,1,1
4,1,0.452097750820072,0,1
4,1,0.7384552006711839,1,1
4,1,0.932382250251381,1,1
4,1,0.4376012167499539,0,1
4,1,0.3442484477185781,0,1
4,1,0.24587909596501833,0,1
4,0,0.12107073776061211,0,1
4,0,0.4800766951217724,0,1
4,1,0.4796628230542887,0,1
4,1,0.8592887234048165,1,1
4,1,0.3011101683034981,0,1
4,1,0.24329107512067882,0,1
4,1,0.19174065919008954,0,1
4,1,0.35128598433211977,0,1
4,1,0.6304687881285546,1,1
4,1,0.5970055711981865,1,1
4,0,0.09040652081130478,0,1
4,1,0.6769489558769061,1,1
4,0,0.3152954135553085,0,1
4,1,0.4181799749705762,0,1
4,1,0.7951796325898312,1,1
4,1,0.6147029182881744,1,1
4,1,0.9404964919285235,1,1
4,1,0.5249773040327061,1,1
4,1,0.313317194537958,0,1
4,1,0.28656301613197444,0,1
4,1,0.25760959315798654,0,1
4,1,0.6842156240949605,1,1
4,1,0.7166758639310199,1,1
4,1,0.9054306612830643,1,1
4,1,0.4836104453180165,0,1
4,1,0.4652139589761247,0,1
4,1,0.9241122948551677,1,1
4,1,0.26950487198581924,0,1
4,1,0.18423895147778252,0,1
4,1,0.38857076322367895,0,1
4,1,0.7830136870552037,1,1
4,1,0.16532048149785175,0,1
4,1,0.6060327519919805,1,1
4,1,0.5738220941278749,1,1
4,1,0.7342542191698838,1,1
4,1,0.629532954556911,1,1
4,1,0.9441143016886154,1,1
4,0,0.7650087760786635,1,1
4,1,0.6155569702472488,1,1
4,1,0.5378451952258525,1,1
4,1,0.09027612884802401,0,1
4,1,0.6946882721751454,1,1
4,1,0.09984167902055278,0,1
4,1,0.4403771565670359,0,1
4,1,0.43713299049220006,0,1
4,1,0.4657777843983371,0,1
4,1,0.45422265222837915,0,1
4,1,0.62320336224018,1,1
4,1,0.632447272854621,1,1
4,1,0.1363346175554012,0,1
4,0,0.06711245661430226,0,1
4,1,0.5847055603858491,1,1
4,1,0.4427411125012984,0,1
4,1,0.5257541230531737,1,1
4,1,0.2843613636589943,0,1
4,1,0.4162025807874039,0,1
4,1,0.7650740737548181,1,1
4,1,0.22583971787023333,0,1
4,1,0.5170239147192945,1,1
4,0,0.1356482703088981,0,1
4,1,0.4438931657398306,0,1
4,1,0.11488145073483448,0,1
4,1,0.4514621164075692,0,1
4,1,0.46961147956177607,0,1
4,1,0.09805112587553003,0,1
4,1,0.46546137062061727,0,1
4,1,0.6556561681354486,1,1
4,1,0.6250334984535029,1,1
4,1,0.35771034659146933,0,1
4,0,0.6549399293087347,1,1
4,1,0.21957814174598628,0,1
4,1,0.6814575841321171,1,1
4,1,0.20735514383142634,0,1
4,1,0.37972350566635193,0,1
4,1,0.68894617178672,1,1
4,1,0.739832921518096,1,1
4,1,0.6284500344904543,1,1
4,1,0.11874362596131084,0,1
4,1,0.9428456141182022,1,1
4,1,0.7089642378784332,1,1
4,1,0.2016002598184795,0,1
4,1,0.7922733908408285,1,1
4,1,0.174295584027572,0,1
4,1,0.2360476717244446,0,1
4,1,0.9420108556288423,1,1
4,1,0.41285692304498134,0,1
4,1,0.599195810905564,1,1
4,1,0.7405617889977534,1,1
4,1,0.7555414717015669,1,1
4,1,0.47088442934798547,0,1
4,0,0.4096873359076116,0,1
4,1,0.8581359874872868,1,1
4,1,0.7210306233317072,1,1
4,1,0.9327965921254127,1,1
4,1,0.915227226955043,1,1
4,1,0.6042857287753416,1,1
4,1,0.6943164661522667,1,1
4,1,0.5137443398650873,1,1
4,0,0.4565586322877322,0,1
4,1,0.26325424317847956,0,1
4,1,0.6780425416057204,1,1
4,1,0.07103256866344236,0,1
4,1,0.7441171786357066,1,1
4,0,0.4561362561160339,0,1
4,0,0.05250396339425469,0,0
4,0,0.5738495864287414,1,1
4,1,0.23055688477567976,0,1
4,1,0.8558585496808273,1,1
4,1,0.5415379003620847,1,1
4,1,0.5504896346358183,1,1
4,1,0.5606905297999656,1,1
4,0,0.6716430009927035,1,1
4,1,0.9175299082589722,1,1
4,1,0.1555990372276289,0,1
4,1,0.6896011647915636,1,1
4,1,0.9229371542298809,1,1
4,1,0.5476083242184843,1,1
4,1,0.9401551824745844,1,1
4,0,0.1646824393152986,0,1
4,1,0.6700059397234657,1,1
4,1,0.060854769468484976,0,1
4,1,0.9388949930229851,1,1
4,1,0.5467625352760992,1,1
4,1,0.30191120356409523,0,1
4,0,0.26774053999123193,0,1
4,1,0.2003550953350253,0,1
4,1,0.5565568240383613,1,1
4,1,0.7021956020349696,1,1
4,1,0.24538483316687512,0,1
4,1,0.2886243848196524,0,1
4,1,0.6413209554757073,1,1
4,1,0.6186594238688164,1,1
4,1,0.7029418875383817,1,1
4,1,0.33746130166060767,0,1
4,1,0.7435228480838527,1,1
4,0,0.17574105670864718,0,1
4,1,0.7032741123257373,1,1
4,1,0.368205433351917,0,1
4,1,0.12295560555433109,0,1
4,1,0.5964441093653582,1,1
4,1,0.6512012442872959,1,1
4,1,0.7817503947655646,1,1
4,1,0.24486807681307474,0,1
4,1,0.643107843768075,1,1
4,1,0.6766066475364358,1,1
4,1,0.6223654233798995,1,1
4,1,0.186470086194656,0,1
4,1,0.7430107935193943,1,1
4,1,0.75253664012036,1,1
4,1,0.9378640914100089,1,1
4,1,0.9253090476380449,1,1
4,1,0.05352035675169257,0,0
4,1,0.33423918337207437,0,1
4,1,0.9294257363515527,1,1
4,0,0.16712214734238168,0,1
4,0,0.7635699953290377,1,1
4,1,0.10136233541244985,0,1
4,0,0.03443899545474801,0,0
4,1,0.7574251024275472,1,1
4,1,0.74674644839057,1,1
4,1,0.6926640214037272,1,1
4,1,0.7778135962414348,1,1
4,1,0.9376042520912536,1,1
4,1,0.9422483846594987,1,1
4,1,0.7464772204319414,1,1
4,1,0.7658175229513082,1,1
4,0,0.3139350452504428,0,1
4,1,0.16207593273523022,0,1
4,1,0.6122590398662587,1,1
4,1,0.9275187982065553,1,1
4,0,0.17039119766010039,0,1
4,1,0.6868083519673065,1,1
4,1,0.11262185755282945,0,1
4,1,0.7427049101616556,1,1
4,1,0.625427479935633,1,1
4,1,0.1253755524696093,0,1
4,1,0.7192417817976622,1,1
4,1,0.524272734898527,1,1
4,1,0.7646968620135237,1,1
4,1,0.3270128335654283,0,1
4,1,0.43388079941506075,0,1
4,1,0.601617018990015,1,1
4,1,0.28055076308231774,0,1
4,1,0.11102194395153729,0,1
4,1,0.3080571710544598,0,1
4,1,0.9436486564165503,1,1
4,1,0.8702343168038235,1,1
4,1,0.9114072136096271,1,1
4,1,0.1563294049445205,0,1
4,0,0.10619554583929842,0,1
4,1,0.6316220366560351,1,1
4,1,0.9412788337236291,1,1
4,1,0.3682435986203079,0,1
4,1,0.7039910814461815,1,1
4,1,0.528571494179322,1,1
4,1,0.7144255876838687,1,1
4,1,0.3655880711925931,0,1
4,1,0.5192815646138184,1,1
4,1,0.3611429739251059,0,1
4,1,0.5902639968651675,1,1
4,0,0.10085060947399248,0,1
4,1,0.34963130813896703,0,1
4,1,0.7253140702440939,1,1
4,1,0.5114261374957539,1,1
4,1,0.6639563360994193,1,1
4,1,0.7042460758499699,1,1
4,1,0.6049364584980552,1,1
5,1,0.52632931525394,1,1
5,1,0.5245784682870955,1,1
5,0,0.4297532476289955,0,1
5,1,0.7489064620700293,1,1
5,1,0.5670425186557918,1,1
5,1,0.29561521355176884,0,1
5,1,0.0975055191903569,0,1
5,0,0.2554925361324953,0,1
5,1,0.6171057711481399,1,1
5,1,0.640552561650282,1,1
5,1,0.21110874597929621,0,1
5,1,0.15443360590835378,0,1
5,0,0.5052227800037887,1,1
5,0,0.6287534504621447,1,1
5,1,0.8601798980402514,1,1
5,1,0.5118131941098581,1,1
5,0,0.2506883356284854,0,1
5,0,0.42243713260455074,0,1
5,0,0.4595613032525305,0,1
5,1,0.5275336735032417,1,1
5,0,0.3503414985105031,0,1
5,1,0.649741639300986,1,1
5,1,0.6030052634024956,1,1
5,1,0.9064953316304302,1,1
5,0,0.567691792532991,1,1
5,1,0.7719269026443356,1,1
5,1,0.29083361073762876,0,1
5,1,0.6676843162892724,1,1
5,1,0.49621710859793905,0,1
5,1,0.7878640668482003,1,1
5,1,0.939550630842137,1,1
5,0,0.10800567603888753,0,1
5,1,0.17914649233354502,0,1
5,1,0.7180567132116565,1,1
5,0,0.28080495422459545,0,1
5,0,0.4946945865206821,0,1
5,1,0.6353391559887182,1,1
5,0,0.16208531526739164,0,1
5,1,0.2122013415275825,0,1
5,1,0.10887624485116676,0,1
5,1,0.28818878913839363,0,1
5,1,0.9299341183160189,1,1
5,1,0.9319513019686687,1,1
5,1,0.6095372936550586,1,1
5,0,0.15761934485513032,0,1
5,0,0.547440119609599,1,1
5,1,0.21525521559412333,0,1
5,0,0.24900920290041062,0,1
5,1,0.49377393760883037,0,1
5,1,0.5881821246047394,1,1
5,1,0.13624896468009734,0,1
5,1,0.7183398713930633,1,1
5,1,0.5618297690385115,1,1
5,1,0.5036520036375243,1,1
5,1,0.6667697778533371,1,1
5,1,0.38867725688722127,0,1
5,1,0.7180305491567507,1,1
5,1,0.676693819737145,1,1
5,0,0.3133258234621856,0,1
5,0,0.1793266749047774,0,1
5,0,0.26526232524131055,0,1
5,1,0.30149482700114777,0,1
5,1,0.6485321528992305,1,1
5,0,0.05104739672497807,0,0
5,0,0.540607866506689,1,1
5,1,0.6780606878589109,1,1
5,0,0.17953402160694779,0,1
5,0,0.37607247842688013,0,1
5,1,0.44518847649319093,0,1
5,0,0.38031853688109746,0,1
5,1,0.6728910834139893,1,1
5,1,0.08911756889906228,0,1
5,1,0.9432290176708992,1,1
5,1,0.22698827443629882,0,1
5,1,0.5799149357706208,1,1
5,1,0.9391000794150016,1,1
5,0,0.4977740911140183,0,1
5,1,0.8247474898028674,1,1
5,0,0.55433079518867,1,1
5,0,0.12615245405443776,0,1
5,0,0.30871895345519623,0,1
5,1,0.6094098078544773,1,1
5,1,0.29306521791051626,0,1
5,0,0.7875398656157687,1,1
5,1,0.42288273815654215,0,1
5,0,0.6164164524248409,1,1
5,0,0.3905954408270248,0,1
5,1,0.9458913905818209,1,1
5,0,0.19279907974758148,0,1
5,1,0.9432489121570218,1,1
5,1,0.7071989157677847,1,1
5,1,0.73428338472881,1,1
5,1,0.3055252467479754,0,1
5,1,0.32623442576690215,0,1
5,1,0.03886513068440463,0,0
5,0,0.6255867580912675,1,1
5,0,0.6519024550576168,1,1
5,1,0.5493699488617766,1,1
5,1,0.4937927050837609,0,1
5,1,0.9444045029412789,1,1
5,1,0.5201033802587077,1,1
5,1,0.9351568935392364,1,1
5,1,0.37505083680416024,0,1
5,0,0.24206438837583194,0,1
5,1,0.37504558785078573,0,1
5,1,0.399134461241073,0,1
5,1,0.31034020241569304,0,1
5,1,0.9208617387791862,1,1
5,1,0.3530225093515792,0,1
5,1,0.16461826561094947,0,1
5,1,0.09031725290500835,0,1
5,1,0.6492196441206337,1,1
5,1,0.5830366073180421,1,1
5,1,0.5303331411170645,1,1
5,1,0.6826280195766089,1,1
5,1,0.9300004589049548,1,1
5,1,0.3697052878404906,0,1
5,1,0.5372163674954156,1,1
5,1,0.5998673157499264,1,1
5,0,0.12952267889610714,0,1
5,0,0.35243912268058436,0,1
5,0,0.5504288002146691,1,1
5,0,0.5272275049150391,1,1
5,1,0.5340551157209077,1,1
5,1,0.44645748339853025,0,1
5,1,0.5130824532300622,1,1
5,1,0.24018149714573153,0,1
5,1,0.3502982732878197,0,1
5,1,0.1998173194254183,0,1
5,0,0.5163549841556511,1,1
5,0,0.17751779519294691,0,1
5,1,0.8048268923664867,1,1
5,1,0.665361906202218,1,1
5,1,0.7727168412826012,1,1
5,1,0.7253604476525294,1,1
5,1,0.31839271172645645,0,1
5,0,0.1155271721648834,0,1
5,1,0.4794492851998435,0,1
5,1,0.6657569003345336,1,1
5,0,0.4498324938286731,0,1
5,0,0.7376912083624653,1,1
5,1,0.23869077395700375,0,1
5,0,0.09647821012163287,0,1
5,1,0.6764377817220812,1,1
5,1,0.1943463815656077,0,1
5,0,0.1555499576363807,0,1
5,1,0.5065914040505549,1,1
5,1,0.8038753768541156,1,1
5,1,0.9444301185374516,1,1
5,0,0.32393285570747915,0,1
5,1,0.8910012167066291,1,1
5,0,0.12455747439622128,0,1
5,1,0.23300003451624524,0,1
5,1,0.08639745857535316,0,1
5,1,0.7905376753183662,1,1
5,1,0.9240170566117826,1,1
5,1,0.760312702183279,1,1
5,0,0.32627703377812234,0,1
5,1,0.2316004615336227,0,1
5,1,0.434957800639922,0,1
5,1,0.6332258880547501,1,1
5,1,0.2941603318390914,0,1
5,1,0.91905524263014,1,1
5,1,0.464628481669977,0,1
5,1,0.4427921318773066,0,1
5,1,0.901658579228543,1,1
5,1,0.5000538304691678,1,1
5,1,0.8755247981041251,1,1
5,1,0.7737057620826082,1,1
5,1,0.7901752918717762,1,1
5,1,0.5991315132673607,1,1
5,1,0.9433776273692093,1,1
5,1,0.7265093999794794,1,1
5,1,0.9457847495712319,1,1
5,0,0.622021725706407,1,1
5,0,0.3248753519133747,0,1
5,1,0.9274250884956194,1,1
5,1,0.24967086969466137,0,1
5,1,0.6650102018075112,1,1
5,0,0.1338062426290682,0,1
5,0,0.0827444405037123,0,1
5,1,0.4406168879637228,0,1
5,1,0.5194149722501514,1,1
5,0,0.19481832562473253,0,1
5,0,0.8115693502625672,1,1
5,1,0.7318900582275728,1,1
5,1,0.48746763294462075,0,1
5,1,0.4533501596828528,0,1
5,1,0.8211829770387279,1,1
5,1,0.8776759952035332,1,1
5,1,0.8823278606081348,1,1
5,1,0.5387569058381491,1,1
5,0,0.8374248745874503,1,1
5,1,0.39263331285962516,0,1
5,1,0.47364146001808055,0,1
5,1,0.29138064101114836,0,1
5,1,0.7846611175141792,1,1
5,1,0.862505514381831,1,1
5,1,0.0705755946030138,0,1
5,0,0.07436627883611813,0,1
5,0,0.39635052664797565,0,1
5,0,0.5457219665895423,1,1
5,1,0.44657032908267136,0,1
5,1,0.782860254424518,1,1
5,0,0.5245419541352692,1,1
5,1,0.33822545789917147,0,1
5,1,0.19536949125653208,0,1
5,1,0.8826338981802087,1,1
5,0,0.24208162829022664,0,1
5,1,0.4900166128521362,0,1
5,1,0.8520388618227804,1,1
5,1,0.4388002861274201,0,1
5,1,0.6766772725535316,1,1
5,0,0.06817277373787406,0,1
5,1,0.9400495254204809,1,1
5,1,0.15631199954126992,0,1
5,1,0.7556284951667307,1,1
5,0,0.4823910662439836,0,1
5,0,0.17438901362706533,0,1
5,1,0.49111457351768417,0,1
5,0,0.42915169478170456,0,1
5,1,0.2586186106545676,0,1
5,1,0.09175837460227387,0,1
5,1,0.5883065567836072,1,1
5,1,0.4695937007005318,0,1
5,1,0.6617552184599595,1,1
5,1,0.8349745429039134,1,1
5,1,0.5428849119602529,1,1
5,0,0.11556453608556777,0,1
5,0,0.2647516345174728,0,1
5,1,0.7464980015139181,1,1
5,1,0.1546440331598492,0,1
5,0,0.4203047240971946,0,1
5,1,0.9369416386122671,1,1
5,1,0.5590588990120098,1,1
5,0,0.050270663369654134,0,0
5,1,0.4954265043069873,0,1
5,1,0.22528055637431987,0,1
5,1,0.6791760822466656,1,1
5,1,0.3130043150370762,0,1
5,0,0.4793523605658307,0,1
5,0,0.15867556629435578,0,1
5,1,0.36900671125591805,0,1
5,0,0.1814773745239743,0,1
5,1,0.82134146246683,1,1
5,0,0.1250050398917033,0,1
5,1,0.5036211666069333,1,1
5,0,0.8181873654168901,1,1
5,1,0.5246891348837235,1,1
5,1,0.5393716649328869,1,1
5,1,0.5628115109424272,1,1
5,1,0.27144577038075546,0,1
5,1,0.9383147573148436,1,1
5,1,0.43054457340155083,0,1
5,1,0.4060164190733674,0,1
5,0,0.44709286543998145,0,1
5,1,0.5708182881366236,1,1
5,1,0.6214030327550232,1,1
5,1,0.7177185540454797,1,1
5,1,0.5019364858522815,1,1
5,1,0.14706190194782942,0,1
5,0,0.6599589417800439,1,1
5,0,0.07580860330577405,0,1
5,1,0.6915571704950321,1,1
5,0,0.145626787114725,0,1
5,0,0.5299282045461515,1,1
5,1,0.563379211573683,1,1
5,1,0.1949061157206327,0,1
5,1,0.38237684222656904,0,1
5,1,0.5730970085331617,1,1
5,1,0.626052636730973,1,1
5,1,0.6009097200852962,1,1
5,0,0.06854040110382711,0,1
5,0,0.3348089250509861,0,1
5,1,0.6537888999388022,1,1
5,1,0.4151837307940504,0,1
5,1,0.747943433882767,1,1
5,1,0.2538104255783335,0,1
5,1,0.9458500160191917,1,1
5,1,0.6385114344817983,1,1
5,1,0.3282466158959715,0,1
5,1,0.22489800133898488,0,1
5,0,0.30256181205443283,0,1
5,1,0.6878729792355465,1,1
5,0,0.21191497972755569,0,1
5,1,0.46022895453857665,0,1
5,0,0.26862648392603056,0,1
5,1,0.9355824899060395,1,1
5,1,0.28923823585101893,0,1
5,1,0.37548317602268105,0,1
5,0,0.2549304655791256,0,1
5,1,0.34750961543881065,0,1
5,0,0.8219862796644767,1,1
5,0,0.2705383334977782,0,1
5,1,0.9363655237266523,1,1
5,0,0.3215864853503203,0,1
5,0,0.3254066676153589,0,1
5,1,0.7523605857973371,1,1
5,0,0.27920434843399333,0,1
5,1,0.8142920347866561,1,1
5,1,0.511399855822559,1,1
5,1,0.11493232557453334,0,1
5,0,0.07734246242063539,0,1
5,1,0.9240002870381433,1,1
5,0,0.05990930696277229,0,0
5,1,0.7481509236816151,1,1
5,0,0.5990242503094841,1,1
5,1,0.7355668115999625,1,1
5,1,0.41594600531925385,0,1
5,0,0.3198763977404825,0,1
5,1,0.9414864694387303,1,1
5,1,0.7091769161447534,1,1
5,1,0.7925931893834709,1,1
5,0,0.4665989512129576,0,1
5,0,0.19430770192844907,0,1
5,0,0.34270969633146814,0,1
5,1,0.9206996514314576,1,1
5,1,0.6156274102357531,1,1
5,1,0.8190746079887936,1,1
5,1,0.34051036015691327,0,1
5,0,0.29741586778173856,0,1
5,0,0.4588106821816105,0,1
5,1,0.4458287794283435,0,1
5,1,0.8256871909723821,1,1
5,0,0.24444059388236436,0,1
5,1,0.5795935459277745,1,1
5,0,0.12157462586774365,0,1
5,1,0.5607955600922475,1,1
5,1,0.23932159119050883,0,1
5,1,0.8686186562278603,1,1
5,0,0.06015339751758623,0,0
5,0,0.3240316403433774,0,1
5,1,0.6339583216859979,1,1
5,1,0.31656621270310803,0,1
5,0,0.10521050284585942,0,1
5,1,0.5586928847236113,1,1
5,0,0.3222093895813025,0,1
5,1,0.47601163121956125,0,1
5,1,0.3399997417610886,0,1
5,1,0.30033370475816684,0,1
5,1,0.4181785745493584,0,1
5,1,0.24848147962817035,0,1
5,1,0.5728274473509355,1,1
5,1,0.8081595875782881,1,1
5,0,0.26565970347989293,0,1
5,1,0.7006947359290856,1,1
5,1,0.2798631101041848,0,1
5,1,0.4329812338787273,0,1
5,0,0.4965672937026261,0,1
5,1,0.31179963821475964,0,1
5,0,0.16863514828574444,0,1
5,0,0.49003308607919355,0,1
5,1,0.9436743720062019,1,1
5,1,0.7656076191940623,1,1
5,1,0.3723976393640979,0,1
5,1,0.22803337739343663,0,1
5,0,0.0959451625177417,0,1
5,1,0.3444196063336512,0,1
5,1,0.29670447260828725,0,1
5,0,0.3673000154666105,0,1
5,0,0.15715938604245075,0,1
5,1,0.7431487540226248,1,1
5,1,0.9413478902933121,1,1
5,1,0.6040355554800549,1,1
5,0,0.6388501918195819,1,1
5,0,0.17915491348209187,0,1
5,1,0.9422113158704163,1,1
5,1,0.5412814785394071,1,1
5,0,0.25105764586955664,0,1
5,1,0.18732743957493156,0,1
5,1,0.40548272771249,0,1
5,0,0.39697935338181495,0,1
5,1,0.5971183647027655,1,1
5,1,0.4944202623345692,0,1
5,1,0.6356477809039486,1,1
5,1,0.2997543343579271,0,1
5,1,0.5504546035608768,1,1
5,1,0.5197833132773123,1,1
5,1,0.6556082014656218,1,1
5,1,0.687294524008111,1,1
5,1,0.5854519686377805,1,1
5,0,0.23000686296188974,0,1
5,0,0.09735533108472874,0,1
5,1,0.8996577764707021,1,1
5,1,0.8161305072705333,1,1
5,1,0.9455154029108327,1,1
5,1,0.6976435996084198,1,1
5,1,0.7676869523184779,1,1
5,1,0.44613817020087176,0,1
5,1,0.33008005270242496,0,1
5,0,0.05783613812101872,0,0
5,1,0.4814441655632933,0,1
5,0,0.22075540632541227,0,1
5,1,0.6555018840051523,1,1
5,1,0.5991463922440564,1,1
5,1,0.8598102699150949,1,1
5,1,0.5916778401067823,1,1
5,1,0.11984877048526849,0,1
5,1,0.8316902797562737,1,1
5,1,0.2192459241303709,0,1
5,1,0.8713600840814419,1,1
5,1,0.5163134448244853,1,1
5,1,0.3993901962323989,0,1
5,1,0.4813761001024855,0,1
5,0,0.2481887607247528,0,1
5,1,0.6321158886219593,1,1
5,1,0.5963579403291042,1,1
5,0,0.850330291928278,1,1
5,1,0.2956963775041698,0,1
5,1,0.9311695596526043,1,1
5,0,0.4858605457688503,0,1
5,1,0.8054239830573159,1,1
5,1,0.617683813910041,1,1
5,0,0.16312107973359138,0,1
5,1,0.7368671785616446,1,1
5,1,0.7370924161218195,1,1
5,1,0.7374354225595898,1,1
5,0,0.38913162954339264,0,1
5,1,0.19513297409842517,0,1
5,1,0.13651530516817795,0,1
5,1,0.8642635244811008,1,1
5,1,0.6860528844071936,1,1
5,1,0.6594070969063041,1,1
5,1,0.706774851332408,1,1
5,1,0.42146991346508605,0,1
5,1,0.23983378981155343,0,1
5,0,0.11764848621508772,0,1
5,1,0.7773702336699455,1,1
5,1,0.608618479329077,1,1
5,1,0.8155797080009304,1,1
5,1,0.12564425341505128,0,1
5,1,0.38890443057131635,0,1
5,1,0.9381061340979501,1,1
5,1,0.19130666853505854,0,1
5,1,0.5148561163763274,1,1
5,1,0.5809930393856996,1,1
5,1,0.9445430868683761,1,1
5,1,0.8046616411919886,1,1
5,1,0.6299939279914379,1,1
5,1,0.49655393453025076,0,1
5,1,0.8215292246762347,1,1
5,0,0.11725879414487145,0,1
5,1,0.6965280238540056,1,1
5,0,0.2327567647593839,0,1
5,1,0.20163313779011627,0,1
5,1,0.6445006168263416,1,1
5,1,0.811020900871799,1,1
5,1,0.9339400738960081,1,1
5,1,0.3720659240005052,0,1
5,1,0.538867176813291,1,1
5,1,0.6874251116783712,1,1
5,0,0.1558962616338912,0,1
5,1,0.6583483942215246,1,1
5,1,0.41248804103210884,0,1
5,1,0.6709206215517279,1,1
5,0,0.39651158102129413,0,1
5,1,0.432209819257654,0,1
5,1,0.07563805739914177,0,1
5,1,0.3822996441432951,0,1
5,0,0.37357171854063576,0,1
5,0,0.7526827030660679,1,1
5,1,0.7285267667867532,1,1
5,1,0.12734262599374108,0,1
5,1,0.434784089313289,0,1
5,1,0.9271610855596945,1,1
5,1,0.6300657133189274,1,1
5,1,0.8024239758599753,1,1
5,1,0.2854315153837215,0,1
5,1,0.9370149503121735,1,1
5,1,0.5085662456652803,1,1
5,1,0.5462716408494098,1,1
5,1,0.3047768687816831,0,1
5,1,0.7276912097508818,1,1
5,1,0.7645346725783652,1,1
5,1,0.10337980733248335,0,1
5,1,0.5681933574407927,1,1
5,1,0.9402057150909156,1,1
5,1,0.13680435902426943,0,1
5,0,0.5552633308093912,1,1
5,0,0.3798725017379109,0,1
5,1,0.9433793791414669,1,1
5,0,0.11256176340082492,0,1
5,0,0.5541611267819223,1,1
5,1,0.7536638473608805,1,1
5,1,0.4158282233641317,0,1
5,0,0.0443367989255585,0,0
5,1,0.6381980963313044,1,1
5,1,0.937174534077008,1,1
5,1,0.9316966620948027,1,1
5,1,0.18691014796704017,0,1
5,1,0.7155228315877066,1,1
5,0,0.64795060441138,1,1
5,0,0.09041634239886931,0,1
5,1,0.43049926602708405,0,1
5,0,0.2729758755923141,0,1
5,1,0.6262705351792209,1,1
5,1,0.3249583873818589,0,1
5,1,0.6838939611760173,1,1
5,1,0.5207761709346319,1,1
5,0,0.31462527122000494,0,1
5,1,0.7675711486496443,1,1
5,0,0.41492363877396826,0,1
5,1,0.17566402650365442,0,1
5,1,0.6039103227320879,1,1
5,1,0.23752874389315082,0,1
5,1,0.5742042631781715,1,1
5,1,0.21097170464795048,0,1
5,1,0.4486359640970121,0,1
5,1,0.26935191880321113,0,1
5,1,0.6779052024037365,1,1
5,1,0.7518766436176373,1,1
5,1,0.4012417815285396,0,1
5,0,0.38688809599340634,0,1
5,1,0.3768679355499219,0,1
5,1,0.23327459607712936,0,1
5,0,0.0940450880790604,0,1
5,1,0.23895390096366156,0,1
5,1,0.2527980219470915,0,1
5,1,0.9416873129254363,1,1
5,1,0.3816200886375867,0,1
5,1,0.653348734425506,1,1
5,1,0.7120268602306435,1,1
5,1,0.4330717507742474,0,1
5,1,0.2456875217875355,0,1
5,0,0.24534415647755323,0,1
5,1,0.615981258121305,1,1
5,1,0.8891902906890404,1,1
5,1,0.941352776788086,1,1
5,1,0.5609891019245096,1,1
5,1,0.7552103703046544,1,1
5,1,0.3048357975050696,0,1
5,1,0.7943046869733222,1,1
5,1,0.7407693279380967,1,1
5,1,0.1225438854237664,0,1
5,1,0.11075382457943618,0,1
5,1,0.420959095246378,0,1
5,1,0.515979454934778,1,1
5,1,0.6084525961633284,1,1
5,0,0.2135268127630275,0,1
5,1,0.3207752260649093,0,1
5,1,0.5227824917574989,1,1
5,0,0.4152796349048022,0,1
5,1,0.659969544897673,1,1
5,1,0.798763339194811,1,1
5,1,0.9469056872226173,1,1
5,1,0.9397315153692922,1,1
5,0,0.5980461750858498,1,1
5,0,0.1379563347024405,0,1
5,0,0.15219862657494146,0,1
5,0,0.23736299815930142,0,1
5,1,0.7861332684206965,1,1
5,1,0.785195699461084,1,1
5,1,0.9367515248192653,1,1
5,0,0.7900611305781285,1,1
5,1,0.17562645021886578,0,1
5,1,0.9197254865795249,1,1
5,1,0.71014042534998,1,1
5,0,0.6929682432257569,1,1
5,1,0.2568373893228522,0,1
5,1,0.6123175668262271,1,1
5,0,0.43794240144507096,0,1
5,1,0.9459965270462223,1,1
5,1,0.18450194221169766,0,1
5,1,0.4636674918533609,0,1
5,1,0.657321054232612,1,1
5,1,0.7651000299195915,1,1
5,1,0.9409070005765552,1,1
5,0,0.238675925927146,0,1
5,1,0.34660717084587794,0,1
5,1,0.3332712189743287,0,1
5,1,0.47722582445019734,0,1
5,0,0.2912154298971616,0,1
5,1,0.3259239660320067,0,1
5,1,0.7236164578396991,1,1
5,0,0.2669208982074216,0,1
5,0,0.648635173941864,1,1
5,1,0.13996238910485592,0,1
5,1,0.14279451792442563,0,1
5,1,0.3839319449195327,0,1
5,1,0.7200076530508053,1,1
5,1,0.7865575242875454,1,1
5,0,0.8712058735414387,1,1
5,1,0.3096405591803471,0,1
5,1,0.5795880334294927,1,1
5,1,0.6569601635623766,1,1
5,1,0.409890840254852,0,1
5,1,0.8732201859314476,1,1
5,1,0.47941012201609434,0,1
5,0,0.3296518058104619,0,1
5,1,0.7114261229259655,1,1
5,1,0.5722984377136149,1,1
5,1,0.1410408620963675,0,1
5,1,0.39583856976769627,0,1
5,1,0.7169669144238604,1,1
5,1,0.6346633896202747,1,1
5,0,0.2731623318403036,0,1
5,1,0.7587235207924687,1,1
5,1,0.372348134697299,0,1
5,1,0.8269865481109093,1,1
5,0,0.2375079566299735,0,1
5,1,0.17998651528931825,0,1
5,1,0.526982191092329,1,1
5,1,0.10609968435712926,0,1
5,1,0.5191779960333357,1,1
5,1,0.3858075217830883,0,1
5,1,0.24175105322807022,0,1
5,0,0.09914434616914855,0,1
5,1,0.376917268565374,0,1
5,0,0.31105574899222715,0,1
5,1,0.9394999646103489,1,1
5,0,0.1476294985089857,0,1
5,1,0.8659244660239043,1,1
5,1,0.4533001474951262,0,1
5,1,0.7953298793935336,1,1
5,1,0.784849627677028,1,1
5,1,0.2172247447854493,0,1
5,1,0.32235740442196065,0,1
5,0,0.41670577585959623,0,1
5,1,0.26043060524304573,0,1
5,1,0.08063741250902115,0,1
5,1,0.9339230770768345,1,1
5,1,0.9280737515952107,1,1
5,1,0.5441354392173338,1,1
5,1,0.7421327408877728,1,1
5,1,0.6750391007825928,1,1
5,1,0.2770644495050573,0,1
5,1,0.3301289045293027,0,1
5,1,0.4134147666804004,0,1
5,1,0.8115782760848875,1,1
5,1,0.13208797894087923,0,1
5,0,0.6087621241060737,1,1
5,1,0.6768868363756435,1,1
5,1,0.2660588941240432,0,1
5,1,0.6394911053881435,1,1
5,1,0.3075142105002758,0,1
5,1,0.9173503056486733,1,1
5,1,0.529948518276534,1,1
5,1,0.37884164386946234,0,1
5,0,0.4880409803032047,0,1
5,1,0.7290930190611434,1,1
5,1,0.6816794565548752,1,1
5,1,0.10077863086293556,0,1
5,1,0.7088784148009037,1,1
5,0,0.05951574518514766,0,0
5,1,0.930990287829748,1,1
5,1,0.2240562752115468,0,1
5,0,0.5853982468738033,1,1
5,1,0.7215843486938095,1,1
5,1,0.20920362652420166,0,1
5,1,0.9352217379837815,1,1
5,1,0.7246739568340549,1,1
5,1,0.28014994739013127,0,1
5,1,0.5154556508295709,1,1
5,1,0.17661128014272376,0,1
5,0,0.13078636039940078,0,1
5,1,0.38248645163273437,0,1
5,1,0.404234876027171,0,1
5,0,0.3271945229374739,0,1
5,1,0.7042283901052258,1,1
5,1,0.8199977357019764,1,1
5,1,0.9456120698456552,1,1
5,1,0.9316786134811971,1,1
5,1,0.9468392913239028,1,1
5,1,0.13924644114466858,0,1
5,1,0.9389777710120031,1,1
5,0,0.6556387649971712,1,1
5,1,0.7016295780205773,1,1
5,1,0.6463949501920057,1,1
5,1,0.5463015759342079,1,1
5,1,0.8375703295612144,1,1
5,1,0.7604254036041784,1,1
5,0,0.12764254509203363,0,1
5,1,0.144186152914059,0,1
5,1,0.7246390553612783,1,1
5,0,0.20184821722980698,0,1
5,1,0.4771363646137219,0,1
5,1,0.9440091189949278,1,1
5,0,0.21099048110226656,0,1
5,0,0.4503830380677248,0,1
5,1,0.337217947694997,0,1
5,1,0.7316873083625679,1,1
5,1,0.4038761878182688,0,1
5,1,0.25614533598948747,0,1
5,1,0.6408488271272107,1,1
5,1,0.6386789097537093,1,1
5,1,0.9391213423527655,1,1
5,1,0.2299119284797363,0,1
5,1,0.19389895925445735,0,1
5,1,0.5718366119188697,1,1
5,0,0.49926316318684316,0,1
5,1,0.3382427145154633,0,1
5,1,0.18193493005121358,0,1
5,1,0.551292103118046,1,1
5,1,0.5182565035050554,1,1
5,1,0.33249827827205836,0,1
5,1,0.67795427198206,1,1
5,1,0.4773846411712979,0,1
5,1,0.4408564720863595,0,1
5,1,0.6413946270498008,1,1
5,1,0.7462925194054192,1,1
5,1,0.2915123969092813,0,1
5,1,0.3764444006366611,0,1
5,1,0.7885732268463882,1,1
5,1,0.3983317389092555,0,1
5,1,0.6966647443402239,1,1
5,0,0.09415369183622141,0,1
5,1,0.6401605310867209,1,1
5,0,0.13394479114183358,0,1
5,0,0.21857663612395675,0,1
5,0,0.2484685701061967,0,1
5,1,0.5162704971512291,1,1
5,1,0.6753793433490771,1,1
5,0,0.22121035026184627,0,1
5,0,0.25905259259973273,0,1
5,1,0.324306267761356,0,1
5,1,0.5940003901049068,1,1
5,0,0.2944687240050291,0,1
5,1,0.6314795406045418,1,1
5,1,0.9327150863007585,1,1
5,1,0.7351669361400344,1,1
5,1,0.47862277007377035,0,1
5,1,0.4080105257177193,0,1
5,1,0.14626556278334266,0,1
5,1,0.9418534870759563,1,1
5,0,0.4096062370328672,0,1
5,1,0.7993717978705892,1,1
5,1,0.577313922126448,1,1
5,1,0.8590718403020126,1,1
5,1,0.9309376932390595,1,1
5,0,0.5161298740014041,1,1
5,1,0.6643056817634952,1,1
5,0,0.21711772352957018,0,1
5,1,0.1471721382397984,0,1
5,0,0.2036988984216142,0,1
5,1,0.7782523174451624,1,1
5,1,0.306566459477337,0,1
5,1,0.5601138706279734,1,1
5,1,0.2890385670463434,0,1
5,1,0.9435270352804177,1,1
5,0,0.4485683957775362,0,1
5,0,0.6611910554129588,1,1
5,1,0.9374225426904117,1,1
5,1,0.7452343445823596,1,1
5,1,0.3313423083867306,0,1
5,1,0.7672179448109953,1,1
5,1,0.5289888220456911,1,1
5,1,0.3392232060284227,0,1
5,1,0.7183647791484554,1,1
5,1,0.8626104571564732,1,1
5,1,0.5391245256739305,1,1
5,0,0.22741143449853715,0,1
5,1,0.5618560320611504,1,1
5,1,0.6131464335744273,1,1
5,1,0.6527497188639654,1,1
5,1,0.9195900600812514,1,1
5,1,0.34995726554043755,0,1
5,0,0.5923670889093474,1,1
5,1,0.35832108173884314,0,1
5,1,0.6406896962801589,1,1
5,1,0.4841900869382029,0,1
5,1,0.3865701590899598,0,1
5,1,0.9316363145095176,1,1
5,1,0.41164011581807974,0,1
5,0,0.33057486330897595,0,1
5,1,0.9371948269067224,1,1
5,1,0.8390069822948367,1,1
5,1,0.39022264329088435,0,1
5,1,0.37426220147430617,0,1
5,1,0.2527405640021337,0,1
5,0,0.08874450064066848,0,1
5,1,0.5524495310473715,1,1
5,0,0.6004168767724347,1,1
5,1,0.9370936393432332,1,1
5,1,0.7339952282468338,1,1
5,0,0.4881531794134126,0,1
5,1,0.1563468792728567,0,1
5,1,0.7621077470825132,1,1
5,1,0.6671865788960543,1,1
5,1,0.4613314334989484,0,1
5,1,0.32245594490647256,0,1
5,1,0.7678822867610094,1,1
5,1,0.3255189223016913,0,1
5,1,0.5349691087059,1,1
5,1,0.3763016845841287,0,1
5,1,0.26503827130358,0,1
5,0,0.4012387098129603,0,1
5,1,0.8667297479672368,1,1
5,1,0.44797214654567274,0,1
5,1,0.7393376281367708,1,1
5,1,0.432467414889105,0,1
5,1,0.11146932624408834,0,1
5,1,0.5731198797474182,1,1
5,1,0.8046294419854322,1,1
5,1,0.1738091139145154,0,1
5,1,0.696326305404647,1,1
5,1,0.33492522089968263,0,1
5,1,0.67759678368035,1,1
5,0,0.26858632346378203,0,1
5,1,0.498732518363561,0,1
5,0,0.21232143097062925,0,1
5,1,0.20707047223423874,0,1
5,1,0.8952590005889771,1,1
5,1,0.437171150400512,0,1
5,1,0.6411436285841223,1,1
5,1,0.936894078459208,1,1
5,0,0.30392503846846913,0,1
5,1,0.4710292675036204,0,1
5,1,0.5737087378564973,1,1
5,1,0.5916251803592951,1,1
5,1,0.06600751612225514,0,1
5,1,0.9474016076289554,1,1
5,1,0.5918306576232164,1,1
5,1,0.9379458660261977,1,1
5,1,0.6896741633922928,1,1
5,1,0.6153779990933176,1,1
5,0,0.6012328035610541,1,1
5,1,0.5165716270476185,1,1
5,0,0.2092636773836396,0,1
5,1,0.2583621045541754,0,1
5,1,0.1875885078300611,0,1
5,1,0.4319327416184077,0,1
5,1,0.8709015259437367,1,1
5,1,0.2886283579539527,0,1
5,0,0.16651154576243413,0,1
5,1,0.8046246169587008,1,1
5,0,0.049949518655416233,0,0
5,1,0.5287023126314628,1,1
5,1,0.46162783084716585,0,1
5,1,0.6948495822067375,1,1
5,1,0.13815096242694327,0,1
5,1,0.6273750352473724,1,1
5,1,0.9382219571747402,1,1
5,1,0.7575704740826124,1,1
5,1,0.6528880509919597,1,1
5,0,0.3299959832172607,0,1
5,1,0.5887314366289619,1,1
5,0,0.19478336948014474,0,1
5,1,0.9052546919373023,1,1
5,1,0.6496942093956549,1,1
5,0,0.1473185555130507,0,1
5,1,0.3458734569880043,0,1
5,1,0.3486488642679273,0,1
5,0,0.21738071065119297,0,1
5,1,0.7968713335823706,1,1
5,1,0.7352536496562676,1,1
5,1,0.2556107757764303,0,1
5,1,0.6316229228772324,1,1
5,1,0.21696726104186317,0,1
5,1,0.7121661758104965,1,1
5,1,0.32229119758332886,0,1
5,0,0.293821122532446,0,1
5,1,0.13241766775696812,0,1
5,1,0.41309567184038365,0,1
5,0,0.14486489260497853,0,1
5,1,0.2026864589342198,0,1
5,1,0.4120734699378308,0,1
5,0,0.8352626648810192,1,1
5,1,0.48803149716319555,0,1
5,1,0.6393457731597483,1,1
5,0,0.2604398246648238,0,1
5,0,0.4636844701611697,0,1
5,1,0.5943468580510877,1,1
5,1,0.6964506128790166,1,1
5,0,0.769013763706648,1,1
5,1,0.6233426932779944,1,1
5,1,0.7663070688762241,1,1
5,1,0.8469154050142973,1,1
5,1,0.5774594337560749,1,1
5,0,0.4564687194523889,0,1
5,1,0.4977065634581563,0,1
5,1,0.5177587595495353,1,1
5,1,0.7605465843526141,1,1
5,1,0.5959021797534698,1,1
5,1,0.6682370603152649,1,1
5,1,0.33840030959768763,0,1
5,1,0.5152342343295299,1,1
5,1,0.9417819164173551,1,1
5,1,0.48167458733166646,0,1
5,1,0.5491980305212314,1,1
5,1,0.6550421818751039,1,1
5,1,0.33989646430793324,0,1
5,1,0.4975775902947251,0,1
5,1,0.2663438923031341,0,1
5,1,0.85774458118311,1,1
5,1,0.4015076704633837,0,1
5,1,0.6082594724823882,1,1
5,0,0.49525412044954764,0,1
5,1,0.8610219864150109,1,1
5,1,0.27483546443505863,0,1
5,1,0.9456631351501359,1,1
5,0,0.7118459424775586,1,1
5,0,0.16786424260867147,0,1
5,1,0.11438139090416884,0,1
5,0,0.60856740799238,1,1
5,1,0.22923162097457103,0,1
5,1,0.4452097374942798,0,1
5,1,0.5037876797127119,1,1
5,1,0.727801859973566,1,1
5,1,0.9447091053191177,1,1
5,0,0.18686638813092404,0,1
5,1,0.932482088879991,1,1
5,0,0.15433193892815297,0,1
5,0,0.39041734308678183,0,1
5,1,0.8327860675650701,1,1
5,0,0.5891323325963749,1,1
5,1,0.4161271418846126,0,1
5,0,0.060395507080117025,0,0
5,1,0.8049056472135313,1,1
5,1,0.5763129968768884,1,1
5,1,0.947093226757515,1,1
5,1,0.9127531012768747,1,1
5,1,0.7374363498390968,1,1
5,1,0.3427173685589491,0,1
5,0,0.1858283053907183,0,1
5,1,0.4874692435650415,0,1
5,1,0.3541393358417644,0,1
5,1,0.5601806466224266,1,1
5,1,0.4750362155481894,0,1
5,1,0.6195004054618566,1,1
5,1,0.8004969628230505,1,1
5,0,0.6366281384448464,1,1
5,1,0.6285927048303824,1,1
5,1,0.6027668244872397,1,1
5,1,0.5459287080867734,1,1
5,1,0.7211697481790097,1,1
5,0,0.6133357786975624,1,1
5,1,0.7731410574029792,1,1
5,1,0.7099749038339143,1,1
5,1,0.578864173093363,1,1
5,1,0.07624793448606715,0,1
5,1,0.16842356197478622,0,1
5,1,0.6550756074356419,1,1
5,1,0.30626247437247645,0,1
5,1,0.39008225721376616,0,1
5,0,0.5912419583872861,1,1
5,1,0.9451942907053501,1,1
5,1,0.7936816108525856,1,1
5,1,0.21083466464929146,0,1
5,1,0.5678634657974386,1,1
5,1,0.8597966078286599,1,1
5,1,0.24286120998852698,0,1
5,0,0.07111594954589179,0,1
5,1,0.3037735145938146,0,1
5,1,0.7427917577480205,1,1
5,1,0.6917284031530082,1,1
5,1,0.05470969070564808,0,0
5,1,0.8746400470762249,1,1
5,1,0.34150189985999807,0,1
5,1,0.6809030771683325,1,1
5,1,0.7988096176206378,1,1
5,0,0.5946738818745096,1,1
5,1,0.123252243784997,0,1
5,1,0.5555085009165023,1,1
5,1,0.7731851958923841,1,1
5,1,0.5461758423468178,1,1
5,1,0.36389618930570755,0,1
5,1,0.9471126186592966,1,1
5,1,0.7003109629699795,1,1
5,0,0.5951061185491379,1,1
5,1,0.48446276145984307,0,1
5,1,0.8564586705063982,1,1
5,1,0.4960933198018614,0,1
5,1,0.9365529271859601,1,1
5,1,0.8339081095046231,1,1
5,1,0.5078709251393524,1,1
5,1,0.6187904484839762,1,1
5,1,0.6986835283876589,1,1
5,1,0.45775895270276323,0,1
5,1,0.947726951078019,1,1
5,1,0.9456479114641178,1,1
5,1,0.7792584978272754,1,1
5,0,0.10528033567379447,0,1
5,1,0.2023036996488543,0,1
5,1,0.760661889834579,1,1
5,1,0.5895228430562217,1,1
5,1,0.8588957838839784,1,1
5,1,0.6617038315068938,1,1
5,1,0.5559169803192913,1,1
5,1,0.5669099204343605,1,1
5,1,0.6389673657809666,1,1
5,1,0.78396192012671,1,1
5,0,0.23925748762570434,0,1
5,1,0.6503415535434762,1,1
5,1,0.30393313876824946,0,1
5,1,0.24650578799290046,0,1
5,1,0.6970076644921519,1,1
5,1,0.15608580620606938,0,1
5,1,0.4196622133291526,0,1
5,0,0.41505904321468323,0,1
5,1,0.536208210137441,1,1
5,1,0.9427705928246671,1,1
5,0,0.6788946368093532,1,1
5,0,0.14585317510685908,0,1
5,1,0.5678657384606915,1,1
5,1,0.5787521796209689,1,1
5,1,0.9394865350826233,1,1
5,0,0.1968122121921857,0,1
5,1,0.08167922954483395,0,1
5,0,0.12096190325267832,0,1
5,1,0.2528845198649425,0,1
5,1,0.9292324982087055,1,1
5,1,0.5450685571511056,1,1
5,1,0.8100193020534309,1,1
5,1,0.7432124347496185,1,1
5,0,0.1692755732131576,0,1
5,1,0.2890224781984934,0,1
5,1,0.39660864861932665,0,1
5,0,0.2705843324671518,0,1
5,1,0.41926628391290527,0,1
5,1,0.5531996661474823,1,1
5,1,0.2027709214135165,0,1
5,1,0.7453610848700263,1,1
5,1,0.7586036524000267,1,1
5,1,0.8390146295016382,1,1
5,1,0.5583167586676245,1,1
5,1,0.3310664245787171,0,1
5,0,0.4430745215088959,0,1
5,1,0.9453797772178352,1,1
5,1,0.3067578559553854,0,1
5,1,0.852887295082355,1,1
5,1,0.25951175972187607,0,1
5,1,0.9462305180117195,1,1
5,1,0.5362665284832191,1,1
5,1,0.7226916748758326,1,1
5,1,0.34435891779331296,0,1
5,1,0.5858467636163305,1,1
5,1,0.827268829541588,1,1
5,0,0.3557276515170336,0,1
5,1,0.32957915987879355,0,1
5,0,0.29587712111096726,0,1
5,0,0.04502749343183365,0,0
5,0,0.5229745583689491,1,1
5,1,0.448887017791311,0,1
5,1,0.7594845207998134,1,1
5,1,0.44253860062408784,0,1
5,1,0.9472137216523241,1,1
5,1,0.8482870907295835,1,1
5,1,0.29600547033543056,0,1
5,0,0.7221760150835322,1,1
5,1,0.4162675139510479,0,1
5,1,0.1595811626930839,0,1
5,1,0.6358430710580414,1,1
5,1,0.6120210626835686,1,1
5,1,0.7870957554448146,1,1
5,1,0.6926960507240173,1,1
5,1,0.4665460292547604,0,1
5,1,0.6866307925028514,1,1
5,1,0.7409093163114379,1,1
5,1,0.22617620884866294,0,1
5,1,0.8637926201474461,1,1
5,0,0.45082966141611647,0,1
5,0,0.03791521139682477,0,0
5,1,0.5267355090411284,1,1
5,1,0.31514152054021494,0,1
5,1,0.3884967349748658,0,1
5,1,0.9363666383292584,1,1
5,1,0.32726230723077904,0,1
5,1,0.1082782338134787,0,1
5,1,0.6062527091230314,1,1
5,1,0.6093917362710836,1,1
5,1,0.7083985636412855,1,1
5,1,0.9396997312207312,1,1
5,1,0.20891067681244996,0,1
5,1,0.9260714463454005,1,1
5,1,0.5664904029577938,1,1
5,1,0.8557674854783044,1,1
5,1,0.9090518176195849,1,1
5,1,0.9351346984129778,1,1
5,1,0.7945357878354592,1,1
5,0,0.21165185058968267,0,1
5,1,0.6868155659938824,1,1
5,1,0.2163351309419786,0,1
5,1,0.7143438997901326,1,1
5,1,0.6317423974730703,1,1
5,1,0.19197930156753368,0,1
5,1,0.28874810022237424,0,1
5,1,0.7975332654974201,1,1
5,1,0.3100187779771748,0,1
5,1,0.25166946955668806,0,1
5,0,0.22341285230823477,0,1
5,1,0.911962563289878,1,1
5,1,0.17430305738600949,0,1
5,0,0.19815063812739006,0,1
5,1,0.41266168160205224,0,1
5,1,0.49228788400732476,0,1
5,1,0.5889497631911401,1,1
5,0,0.30381807861010307,0,1
5,0,0.7125632100960027,1,1
5,1,0.6556498507436404,1,1
5,1,0.060931475643937416,0,1
5,0,0.2518340128801316,0,1
5,1,0.8767684123621088,1,1
5,1,0.923565714610368,1,1
5,1,0.8070491030923372,1,1
5,1,0.28548537307260213,0,1
5,0,0.49847777187714915,0,1
5,0,0.16708106057980165,0,1
5,1,0.47153410204112883,0,1
5,1,0.6398268192152909,1,1
5,1,0.7130621128389746,1,1
5,0,0.42082763108324056,0,1
5,1,0.8726026399247995,1,1
5,0,0.43811458434293526,0,1
5,1,0.5690709317523513,1,1
5,1,0.20674419490503834,0,1
5,1,0.9104315873720867,1,1
5,1,0.3611440819096163,0,1
5,1,0.942502236009877,1,1
5,1,0.7146844005593526,1,1
5,1,0.8116820172929036,1,1
5,1,0.19626615414486148,0,1
5,1,0.5299008068379683,1,1
5,1,0.933167468653529,1,1
5,1,0.12704512885676247,0,1
5,1,0.3180440232783991,0,1
5,1,0.7616067849089599,1,1
5,1,0.7546625543540987,1,1
5,0,0.7100180744008097,1,1
5,1,0.12071789396351738,0,1
5,1,0.5403136470688031,1,1
5,1,0.9343117682146583,1,1
5,1,0.4754519043940417,0,1
5,1,0.5744899070161854,1,1
5,1,0.4413039647905777,0,1
5,1,0.507104791147081,1,1
5,1,0.9479700017518943,1,1
5,1,0.153089629642493,0,1
5,1,0.735139020372902,1,1
5,1,0.7903738508262144,1,1
5,0,0.10911664241456509,0,1
5,1,0.804129453745505,1,1
5,1,0.4134722433349322,0,1
5,1,0.7827943149076032,1,1
5,1,0.7771165563109218,1,1
5,1,0.9182255455272963,1,1
5,1,0.20467886124047333,0,1
5,1,0.7496471386448363,1,1
5,1,0.7928041508997505,1,1
5,1,0.4640211445543771,0,1
5,0,0.22949358217950933,0,1
5,1,0.9455469698336434,1,1
5,1,0.19004139799694653,0,1
5,0,0.26505360680482287,0,1
5,1,0.344428789316491,0,1
5,1,0.7088415831830327,1,1
5,1,0.7953061429345316,1,1
5,0,0.09322361328215716,0,1
5,1,0.8443456519131601,1,1
5,0,0.331449051284539,0,1
5,0,0.25297710612881397,0,1
5,1,0.3455489042056272,0,1
5,1,0.40004363407252197,0,1
5,1,0.22368757895611158,0,1
5,0,0.681479716372883,1,1
5,1,0.8462633171546421,1,1
5,1,0.3144832267665138,0,1
5,1,0.41756209153886714,0,1
5,1,0.34737621003774927,0,1
5,1,0.9449261391548167,1,1
5,1,0.560523404352834,1,1
5,1,0.7733288655099718,1,1
5,1,0.9298763134996146,1,1
5,0,0.6606457891326268,1,1
5,1,0.8380886843855985,1,1
5,1,0.6141416013330345,1,1
5,0,0.3733598516733413,0,1
5,1,0.9418117491583368,1,1
5,1,0.7061996270819318,1,1
5,1,0.9356999651942511,1,1
5,1,0.11143600877939284,0,1
5,1,0.943404460448226,1,1
5,1,0.796242141696389,1,1
5,1,0.23175327188901373,0,1
5,1,0.16252779923433483,0,1
5,0,0.6602223442384362,1,1
5,1,0.8128858613513442,1,1
5,1,0.47106358038355145,0,1
5,1,0.8595994787411073,1,1
5,1,0.9351199062886081,1,1
5,1,0.9438309702443546,1,1
5,1,0.32068552023520075,0,1
5,1,0.849423872826348,1,1
5,1,0.4683436900560251,0,1
5,0,0.3361247580953681,0,1
5,1,0.4622986334540367,0,1
5,1,0.8274079086809358,1,1
5,1,0.49249250280380036,0,1
5,0,0.18204953154736367,0,1
5,1,0.4922042899914433,0,1
5,1,0.5140915862170881,1,1
5,1,0.2806802277226683,0,1
5,1,0.8394032794196826,1,1
5,0,0.1597580530460179,0,1
5,1,0.25030564759370677,0,1
5,1,0.7278117757717426,1,1
5,1,0.803409453905321,1,1
5,1,0.6220533807149841,1,1
5,1,0.7984308166077795,1,1
5,1,0.5114602571749637,1,1
5,1,0.8958898488466244,1,1
5,1,0.3432990288814327,0,1
5,1,0.6792056355281266,1,1
5,1,0.9237607019224118,1,1
5,1,0.7060431132681969,1,1
5,0,0.10763805129124314,0,1
5,1,0.5189069085822373,1,1
5,0,0.6938757916901291,1,1
5,1,0.5775353083596146,1,1
5,1,0.3888101013959545,0,1
5,0,0.5180196452652118,1,1
5,0,0.3424639806161552,0,1
5,1,0.6053035475814653,1,1
5,0,0.28528571796589447,0,1
5,1,0.45084698548272845,0,1
5,1,0.09448190678780126,0,1
5,1,0.8260433509631419,1,1
5,0,0.2441255163468804,0,1
5,1,0.5183777131357263,1,1
5,1,0.4115632140406628,0,1
5,1,0.4758280805239137,0,1
5,1,0.6820171121539697,1,1
5,1,0.7490249131954823,1,1
5,1,0.23789204110442025,0,1
5,1,0.4005105224002408,0,1
5,1,0.6784850098682556,1,1
5,1,0.6218076401539135,1,1
5,1,0.17550538733921558,0,1
5,1,0.3624479706245223,0,1
5,1,0.9357268030725031,1,1
5,0,0.39218867443281896,0,1
5,1,0.7345006029142191,1,1
5,1,0.8537740831546692,1,1
5,1,0.9193397970097833,1,1
5,1,0.5797583776508024,1,1
5,0,0.1250904115803185,0,1
5,1,0.6335981264535956,1,1
5,1,0.3531195641040444,0,1
5,1,0.6687193996628165,1,1
5,1,0.7188215606592671,1,1
5,1,0.43137672894329754,0,1
5,1,0.942549664267206,1,1
5,1,0.9374681028868082,1,1
5,1,0.8755666682550083,1,1
5,1,0.451790578028715,0,1
5,1,0.20732623633352343,0,1
5,0,0.1266014420280595,0,1
5,1,0.6912335356177667,1,1
5,1,0.9402944310996958,1,1
5,1,0.721540412515185,1,1
5,0,0.8487614163712587,1,1
5,1,0.09696122571073132,0,1
5,1,0.8456628002206169,1,1
5,0,0.698519156615441,1,1
5,1,0.12038916940091977,0,1
5,1,0.6028263780645267,1,1
5,1,0.6010045675525442,1,1
5,1,0.19847502956283358,0,1
5,0,0.5659341524916154,1,1
5,1,0.5336162389444937,1,1
5,1,0.18866271313997138,0,1
5,1,0.42901136605201684,0,1
5,1,0.35126021146838576,0,1
5,1,0.6011471481594854,1,1
5,1,0.9454660054094014,1,1
5,1,0.2010849190932581,0,1
5,1,0.25899031832491365,0,1
5,1,0.2694218507779154,0,1
5,0,0.12582750447826985,0,1
5,1,0.5252009672620038,1,1
5,1,0.9421656513353213,1,1
5,1,0.9376187316073478,1,1
5,1,0.5143334021881626,1,1
5,1,0.5168003571214773,1,1
5,0,0.1370340405104199,0,1
5,1,0.7999404561255329,1,1
5,1,0.7581781200137884,1,1
5,1,0.577177039244273,1,1
5,1,0.22436318538536398,0,1
5,0,0.651634938111627,1,1
5,1,0.28211372994299566,0,1
5,1,0.8151376084795893,1,1
5,1,0.6550954891814288,1,1
5,1,0.5930913397034372,1,1
5,1,0.8292943824090864,1,1
5,1,0.5131123087702619,1,1
5,1,0.5431727420732123,1,1
5,1,0.4459439625968144,0,1
5,1,0.5327623475863509,1,1
5,1,0.5322735116429561,1,1
5,1,0.8970606925338739,1,1
5,0,0.3694712176113814,0,1
5,0,0.34785443834909086,0,1
5,1,0.49253844928241314,0,1
5,1,0.49207108931228066,0,1
5,1,0.7647602810159223,1,1
5,1,0.06866140797295472,0,1
5,1,0.3016666652080522,0,1
5,1,0.6241906644149091,1,1
5,1,0.18769602467202803,0,1
5,0,0.2855901763974757,0,1
5,1,0.45254899880601807,0,1
5,1,0.5853621732110633,1,1
5,1,0.2831944220884126,0,1
5,1,0.5767749226282483,1,1
5,1,0.49841041016018206,0,1
5,1,0.30025637612884115,0,1
5,1,0.9033723837431022,1,1
5,0,0.4237704228160132,0,1
5,1,0.12713245211669516,0,1
5,1,0.6746864625609474,1,1
5,1,0.8055304346861875,1,1
5,1,0.7673715471264237,1,1
5,1,0.8645910311756322,1,1
5,1,0.382106414081991,0,1
5,1,0.6726381352032227,1,1
5,1,0.7111820373293896,1,1
5,1,0.9409603319954459,1,1
5,0,0.15560823944142746,0,1
5,1,0.3523930255911628,0,1
5,1,0.5878316772689043,1,1
5,1,0.30597107418020625,0,1
5,1,0.13556667863597474,0,1
5,1,0.4648540479853161,0,1
5,1,0.5407356580760038,1,1
5,0,0.1107674990657326,0,1
5,1,0.5304741767883572,1,1
5,1,0.6776243064949748,1,1
5,1,0.8984828030207969,1,1
5,1,0.39378084845061717,0,1
5,1,0.6734949373087947,1,1
5,1,0.7800472101726104,1,1
5,1,0.6672453752401338,1,1
5,1,0.8418819314226065,1,1
5,1,0.3702110526547449,0,1
5,1,0.7154705383970089,1,1
5,0,0.36548585724528604,0,1
5,1,0.5155548960896648,1,1
5,1,0.6199463425988166,1,1
5,1,0.10600111093240813,0,1
5,1,0.7382312643900757,1,1
5,0,0.10029274172111753,0,1
5,1,0.604481630798935,1,1
5,0,0.05003979623233876,0,0
5,1,0.11430476649705291,0,1
5,1,0.9452409551089345,1,1
5,1,0.7440610875863435,1,1
5,1,0.5264678936490337,1,1
5,0,0.6746968341224698,1,1
5,1,0.7234855521372379,1,1
5,1,0.9473332018205489,1,1
5,1,0.6816801195813256,1,1
5,1,0.8249085412121728,1,1
5,1,0.8832172971862994,1,1
5,1,0.6868846493247465,1,1
5,1,0.2715491162513427,0,1
5,1,0.8520762905751041,1,1
5,1,0.6010675499681634,1,1
5,1,0.6543325387160156,1,1
5,1,0.7547399256539177,1,1
5,1,0.6984541926808401,1,1
5,1,0.42704768887272676,0,1
5,0,0.15128123365462823,0,1
5,1,0.513589638726585,1,1
5,1,0.2835929490037863,0,1
5,1,0.5315436683455793,1,1
5,1,0.6275088323427352,1,1
5,0,0.11450512345682774,0,1
5,1,0.11761801457845171,0,1
5,1,0.7682466650037797,1,1
5,1,0.18940184425077228,0,1
5,0,0.39707326293438544,0,1
5,1,0.8645423633757832,1,1
5,1,0.945182253468749,1,1
5,1,0.9307855492597067,1,1
5,1,0.41572111809431334,0,1
5,1,0.7260530821092256,1,1
5,1,0.5311453436272539,1,1
5,1,0.8072590942464424,1,1
5,1,0.24414414970456277,0,1
5,0,0.15598667919983347,0,1
5,1,0.9344030785663832,1,1
5,1,0.7859288456162379,1,1
5,1,0.759951057050838,1,1
5,0,0.29325873128839375,0,1
5,1,0.7931449208297985,1,1
5,0,0.07665436635174468,0,1
5,1,0.6959180896948167,1,1
5,1,0.15767474597670833,0,1
5,1,0.6689799080534381,1,1
5,0,0.05668443241747797,0,0
5,1,0.9456021955358589,1,1
5,1,0.6287752054217447,1,1
5,1,0.43130145318946106,0,1
5,1,0.4967302759264128,0,1
5,1,0.19767532534270807,0,1
5,1,0.6553768648455748,1,1
5,1,0.8556566393763221,1,1
5,1,0.2787133939706444,0,1
5,1,0.6108795041555256,1,1
5,1,0.9069088613141767,1,1
5,1,0.2747761418409985,0,1
5,1,0.6524329508190536,1,1
5,1,0.1563462124146084,0,1
5,1,0.5790148717477368,1,1
5,1,0.42112503415187896,0,1
5,1,0.44588719022122525,0,1
5,1,0.6122579937536623,1,1
5,1,0.6058325321013673,1,1
5,1,0.4774778089995858,0,1
5,1,0.9424236003847086,1,1
5,1,0.9452232380676981,1,1
5,1,0.7324825986411939,1,1
5,1,0.21717607274541348,0,1
5,1,0.9451551938407874,1,1
5,1,0.6598022018121271,1,1
5,0,0.23234157436331798,0,1
5,1,0.26309914162104725,0,1
5,1,0.7984187398409657,1,1
5,0,0.08664168491555371,0,1
5,1,0.4814706719532316,0,1
5,1,0.9454391444826266,1,1
5,0,0.27651564322070527,0,1
5,1,0.7661610255988948,1,1
5,1,0.9476722088813097,1,1
5,1,0.9309866895804787,1,1
5,1,0.5233582826674847,1,1
5,0,0.8159777475731683,1,1
5,1,0.9406183116816317,1,1
5,0,0.12686229163536225,0,1
5,1,0.7926074019896142,1,1
5,1,0.34377745180213637,0,1
5,1,0.14158484336363153,0,1
5,0,0.3899367240153206,0,1
5,1,0.5498572830637335,1,1
5,1,0.6399188879345127,1,1
5,1,0.4869525977921492,0,1
5,1,0.947107044500167,1,1
5,1,0.8801495821241977,1,1
5,0,0.20404361861096684,0,1
5,1,0.9466539174870018,1,1
5,1,0.4848999335632929,0,1
5,1,0.9459728826276045,1,1
5,0,0.14093372618287572,0,1
5,1,0.4251298046851232,0,1
5,1,0.47644339471290076,0,1
5,1,0.28413424055984043,0,1
5,1,0.8291469937414923,1,1
5,1,0.47660568515090573,0,1
5,1,0.6675629420302213,1,1
5,1,0.09417535505547033,0,1
5,1,0.7180855503348913,1,1
5,1,0.8116400832863748,1,1
5,0,0.1703858750529898,0,1
5,1,0.43595943324435105,0,1
5,1,0.5749728042396454,1,1
5,1,0.3796801932896752,0,1
5,1,0.8738418336482072,1,1
5,1,0.3140716181818482,0,1
5,1,0.9348974779916777,1,1
5,1,0.7083145091428142,1,1
5,1,0.6729697463404831,1,1
5,1,0.9467528213228992,1,1
5,0,0.3091360631369395,0,1
5,1,0.7219434683612324,1,1
5,0,0.3795083616130644,0,1
5,1,0.26258809551560314,0,1
5,0,0.1961380934167,0,1
5,1,0.947425636206219,1,1
5,1,0.7926857637718479,1,1
5,1,0.621366404401766,1,1
5,1,0.308186408070225,0,1
5,1,0.5271027673370821,1,1
5,1,0.7634622007615586,1,1
5,1,0.8254443327924232,1,1
5,1,0.7434946436525696,1,1
5,1,0.9367174769802762,1,1
5,0,0.2602945804468722,0,1
5,1,0.5496660592587638,1,1
5,1,0.7963847026973263,1,1
5,1,0.7830002861489205,1,1
5,1,0.9414899393721359,1,1
5,1,0.08699606691969175,0,1
5,1,0.2442638788092206,0,1
5,1,0.9441542683880256,1,1
5,1,0.16440308148420976,0,1
5,1,0.5345946641429365,1,1
5,1,0.750803913041256,1,1
5,1,0.6005028725635707,1,1
5,1,0.48603439105753815,0,1
5,1,0.49192305046274826,0,1
5,0,0.09405931575229201,0,1
5,1,0.621517139773668,1,1
5,1,0.7100461548932205,1,1
5,1,0.3356112268758202,0,1
5,1,0.7570544237822254,1,1
5,1,0.7423547459548544,1,1
5,1,0.381317868767966,0,1
5,1,0.4250628475685221,0,1
5,1,0.4013183173424926,0,1
5,1,0.6307495274482583,1,1
5,1,0.42067963691720756,0,1
5,1,0.6881831956243661,1,1
5,1,0.9399163657606657,1,1
5,1,0.33448131034524897,0,1
5,1,0.8430207686548739,1,1
5,1,0.9475646481404644,1,1
5,0,0.6537838704829574,1,1
5,1,0.6037033858691127,1,1
5,1,0.2296438562054972,0,1
5,0,0.3205683969009772,0,1
5,1,0.7499356199986147,1,1
5,1,0.6182728155181895,1,1
5,1,0.7649200570161743,1,1
5,1,0.5811427121962995,1,1
5,0,0.05840865684746311,0,0
5,1,0.6778680818809684,1,1
5,1,0.4846778244043921,0,1
5,1,0.7248579811464383,1,1
5,1,0.8654577981014203,1,1
5,1,0.9381927531462879,1,1
5,1,0.7890942688310836,1,1
5,1,0.44505621348475877,0,1
5,1,0.9368609097333689,1,1
5,0,0.7787144538350007,1,1
5,1,0.9390430171527332,1,1
5,0,0.7591195911472836,1,1
5,1,0.571685489898319,1,1
5,1,0.43618391554371533,0,1
5,1,0.6422716502501332,1,1
5,1,0.6454713727998915,1,1
5,1,0.19578863192520612,0,1
5,1,0.14281823500094631,0,1
5,1,0.8372904748052757,1,1
5,1,0.3496382253018476,0,1
5,1,0.6597397252862577,1,1
5,1,0.6600195589465068,1,1
5,1,0.5543660337609707,1,1
5,1,0.7323815276955556,1,1
5,1,0.7987556015399874,1,1
5,1,0.48264518627834546,0,1
5,1,0.4905703427910351,0,1
5,0,0.3090317665429385,0,1
5,1,0.711193107385713,1,1
5,1,0.4897171054852199,0,1
5,0,0.4435115936941865,0,1
5,1,0.7246330550228818,1,1
5,1,0.9340928507257847,1,1
5,1,0.1654902897975993,0,1
5,0,0.1612858634290886,0,1
5,1,0.9308023897881145,1,1
5,1,0.4887886841413566,0,1
5,1,0.7057720679990692,1,1
5,1,0.940413933065726,1,1
5,1,0.3998654297747037,0,1
5,1,0.41537061786689355,0,1
5,1,0.7269429237961557,1,1
5,1,0.5974206776565483,1,1
5,1,0.9459005115719306,1,1
5,0,0.8551557800609486,1,1
5,0,0.5967305807752492,1,1
5,1,0.5238379335928031,1,1
5,1,0.8285899186049914,1,1
5,1,0.9019443528831085,1,1
5,1,0.8129702723434287,1,1
5,1,0.22659831125401114,0,1
5,1,0.43715314778277176,0,1
5,0,0.11306378120376959,0,1
5,1,0.939538685781697,1,1
5,1,0.6212996975759945,1,1
5,1,0.8394936505920989,1,1
5,1,0.3668743638536708,0,1
5,1,0.5229223298706094,1,1
5,1,0.4017741589243159,0,1
5,0,0.26999480558084177,0,1
5,1,0.775836312586097,1,1
5,1,0.31550302047426404,0,1
5,0,0.14756812741057693,0,1
5,1,0.7140140639102539,1,1
5,1,0.7327436288796747,1,1
5,0,0.29945685472900496,0,1
5,1,0.790836648444327,1,1
5,1,0.715421091867218,1,1
5,0,0.7509466930261524,1,1
5,1,0.6005680835892189,1,1
5,1,0.5601412841072502,1,1
5,1,0.8838218911977297,1,1
5,1,0.7915137147162172,1,1
5,1,0.9340395692796065,1,1
5,1,0.24135415784319508,0,1
5,1,0.4344850177742258,0,1
5,0,0.8347660096228746,1,1
5,1,0.9463282192232395,1,1
5,1,0.9401331925457819,1,1
5,1,0.876011660347923,1,1
5,1,0.26794414371728964,0,1
5,1,0.7283842706701403,1,1
5,1,0.6445697547108378,1,1
5,1,0.4968082129778395,0,1
5,0,0.18671170555761074,0,1
5,1,0.3092622936309372,0,1
5,1,0.4154163763638153,0,1
5,1,0.685848893459864,1,1
5,1,0.9279528743750652,1,1
5,1,0.8309719934212331,1,1
5,1,0.8040937787571016,1,1
5,1,0.4919042168981753,0,1
5,1,0.8570833540835786,1,1
5,1,0.6565064758990802,1,1
5,1,0.6674578862592129,1,1
5,1,0.2250324251356337,0,1
5,1,0.9334618448266169,1,1
5,1,0.5583904676674615,1,1
5,1,0.8661383269616978,1,1
5,1,0.678353858448823,1,1
5,0,0.4655344047410228,0,1
5,1,0.7423078866165733,1,1
5,1,0.5060397847627399,1,1
5,1,0.41798155495391875,0,1
5,1,0.32241076696120125,0,1
5,1,0.9484217833736804,1,1
5,1,0.9352715851879437,1,1
5,1,0.2511311202310881,0,1
5,1,0.7564751895481884,1,1
5,0,0.4041612750675516,0,1
5,1,0.4823401478533523,0,1
5,1,0.18993231612148048,0,1
5,1,0.6530477764234706,1,1
5,1,0.8272280613073171,1,1
5,0,0.04278265745887294,0,0
5,1,0.3118144741320262,0,1
5,1,0.6246766752019057,1,1
5,1,0.8638982150100973,1,1
5,0,0.2723478565682978,0,1
5,0,0.33918293007701783,0,1
5,1,0.7162664126598797,1,1
5,1,0.928888847819199,1,1
5,1,0.7999815461253091,1,1
5,1,0.26595452025855143,0,1
5,1,0.9262050736652879,1,1
5,0,0.5276908419421881,1,1
5,1,0.4464874565169364,0,1
5,1,0.38400057706757096,0,1
5,1,0.7717987088725247,1,1
5,1,0.44305138672053124,0,1
5,1,0.945923379567677,1,1
5,1,0.9413049047907218,1,1
5,1,0.5613338659177484,1,1
5,0,0.1455140838403606,0,1
5,1,0.9096733931416873,1,1
5,0,0.3269729704967432,0,1
5,0,0.7182702148278882,1,1
5,1,0.20550731941468564,0,1
5,0,0.6057518617278238,1,1
5,1,0.27446453703811896,0,1
5,1,0.41483459726499783,0,1
5,1,0.7379746791448576,1,1
5,1,0.6104237805163594,1,1
5,0,0.10298070086586765,0,1
5,1,0.25343299414957665,0,1
5,1,0.5676531038495793,1,1
5,0,0.13403443029327575,0,1
5,1,0.23011245940662095,0,1
5,1,0.3031265312178118,0,1
5,1,0.9481331623656708,1,1
5,1,0.3906977842867012,0,1
5,1,0.6147448511102367,1,1
5,1,0.4944182224704174,0,1
5,1,0.6398817184424654,1,1
5,1,0.5696464966835979,1,1
5,1,0.6046590172120933,1,1
5,1,0.9395768115119651,1,1
5,1,0.927328729499914,1,1
5,1,0.7196118955590985,1,1
5,1,0.6053927487951741,1,1
5,1,0.38636881912764653,0,1
5,1,0.5118269017404782,1,1
5,1,0.7370955568215378,1,1
5,1,0.5353017734098199,1,1
5,1,0.5248628715226236,1,1
5,1,0.1195517531226074,0,1
5,1,0.9467973232628574,1,1
5,1,0.8524543079754696,1,1
5,1,0.5500256345390429,1,1
5,1,0.4366045173163073,0,1
5,1,0.15020384514197727,0,1
5,1,0.786413873029459,1,1
5,0,0.7887167963404714,1,1
5,0,0.7232221318035525,1,1
5,1,0.630063853295429,1,1
5,1,0.9364507799351195,1,1
5,1,0.2149349570788688,0,1
5,1,0.7967833634126587,1,1
5,1,0.842122851032859,1,1
5,1,0.8099270680521794,1,1
5,1,0.8791037539467775,1,1
5,1,0.6564987600729938,1,1
5,1,0.826267673980234,1,1
5,0,0.10849935105773088,0,1
5,1,0.22574167768350256,0,1
5,1,0.6810153742606239,1,1
5,1,0.10733553934812892,0,1
5,1,0.6213790117532141,1,1
5,1,0.4819944890548112,0,1
5,1,0.8917068807989733,1,1
5,0,0.3752079589089945,0,1
5,1,0.7323168943408009,1,1
5,1,0.21052011121938788,0,1
5,0,0.43379121188046577,0,1
5,1,0.8628391356573135,1,1
5,1,0.947276364618516,1,1
5,1,0.31688280370462507,0,1
5,1,0.7431970996306765,1,1
5,0,0.2495504809218699,0,1
5,1,0.9372057121287517,1,1
5,1,0.8404902708216277,1,1
5,1,0.9413132088413113,1,1
5,1,0.8139678662195559,1,1
5,1,0.9296180741349749,1,1
5,0,0.30823331339283727,0,1
5,1,0.5495994339176251,1,1
5,0,0.0676978762357126,0,1
5,1,0.36838514089510116,0,1
5,1,0.48004435018305264,0,1
5,1,0.7453337659615193,1,1
5,1,0.6878553235209061,1,1
5,1,0.7581201305060913,1,1
5,0,0.5997189751718827,1,1
5,1,0.8734030889132629,1,1
5,1,0.856669414036687,1,1
5,1,0.26546487827564474,0,1
5,1,0.5887337340560445,1,1
5,1,0.7890225617548531,1,1
5,1,0.9337016855656829,1,1
5,1,0.6726183454835217,1,1
5,1,0.31433856992829134,0,1
5,1,0.3669636681658897,0,1
5,1,0.7391714467547739,1,1
5,1,0.6774192891203429,1,1
5,1,0.9374014111299025,1,1
5,1,0.5501030050836301,1,1
5,0,0.04915032756387244,0,0
5,0,0.3923556007046892,0,1
5,0,0.4361019119823743,0,1
5,1,0.6438811416998392,1,1
5,1,0.4828570888200844,0,1
5,1,0.552268155006474,1,1
5,1,0.7444356018344073,1,1
5,0,0.7032494785311345,1,1
5,1,0.21534338058017122,0,1
5,0,0.49728260283845493,0,1
5,0,0.192508885981202,0,1
5,1,0.768968750687824,1,1
5,1,0.4732947203423554,0,1
5,1,0.267157581895799,0,1
5,1,0.3240657206526062,0,1
5,1,0.5409361326062182,1,1
5,1,0.6937873452853577,1,1
5,0,0.2822575984363174,0,1
5,1,0.5381047525575439,1,1
5,0,0.13274292790857303,0,1
5,1,0.12224234805424841,0,1
5,1,0.563986933449027,1,1
5,1,0.7173467195356471,1,1
5,1,0.38447253214946286,0,1
5,1,0.7952695675454344,1,1
5,0,0.6376793177783148,1,1
5,1,0.7977274485258443,1,1
5,1,0.44271967085672453,0,1
5,1,0.8534862820396327,1,1
5,1,0.598696422848634,1,1
5,1,0.9398929203897098,1,1
5,1,0.14817815448611593,0,1
5,1,0.9414289037363504,1,1
5,1,0.6448911769810514,1,1
5,1,0.7412085559283093,1,1
5,0,0.3418364885383731,0,1
5,1,0.711434809504109,1,1
5,0,0.2141607981017679,0,1
5,1,0.2518449419568526,0,1
5,1,0.5000936866869317,1,1
5,1,0.5572578226607883,1,1
5,1,0.5001219180489961,1,1
5,1,0.7274196890696215,1,1
5,1,0.7446354579109922,1,1
5,0,0.4989631575425202,0,1
5,1,0.9424466808454949,1,1
5,1,0.11132513910941326,0,1
5,1,0.33024951310198863,0,1
5,1,0.6200137047556086,1,1
5,1,0.39039069986293096,0,1
5,0,0.443125252671349,0,1
5,1,0.8546686497663302,1,1
5,1,0.24776001201932965,0,1
5,0,0.2765515409545584,0,1
5,1,0.31719025271351986,0,1
5,0,0.26063880864104144,0,1
5,1,0.8353421047811638,1,1
5,1,0.8226274797238027,1,1
5,1,0.7086953906858638,1,1
5,1,0.8664608069363966,1,1
5,1,0.3860527924503041,0,1
5,1,0.9418740944268413,1,1
5,1,0.9201189556064884,1,1
5,1,0.1879698065190096,0,1
5,1,0.3442088827582374,0,1
5,1,0.47558658747635774,0,1
5,1,0.6676907028098585,1,1
5,1,0.3511023044600402,0,1
5,1,0.33412174966961644,0,1
5,0,0.3462226779410436,0,1
5,0,0.17160566738644714,0,1
5,1,0.9447197763746534,1,1
5,1,0.23309488322085697,0,1
5,1,0.7890588042752575,1,1
5,1,0.6330611248518963,1,1
5,1,0.4950998533255049,0,1
5,1,0.6030587961930859,1,1
5,1,0.6409592342034326,1,1
5,1,0.14955005261888832,0,1
5,1,0.3838997161249287,0,1
5,1,0.48588043649225454,0,1
5,1,0.5954027147309668,1,1
5,1,0.538304785692559,1,1
5,1,0.7228589000617587,1,1
5,1,0.40501858054947326,0,1
5,1,0.4723351421177762,0,1
5,1,0.32458749871173,0,1
5,1,0.9443157978024992,1,1
5,1,0.9419420701180403,1,1
5,1,0.5995943777516237,1,1
5,1,0.9456096193692538,1,1
5,1,0.16990798042031763,0,1
5,1,0.6572562799682954,1,1
5,1,0.7417784314810307,1,1
5,1,0.6583747592457709,1,1
5,1,0.5693224514599915,1,1
5,1,0.7512664453108568,1,1
5,1,0.9448461361726316,1,1
5,1,0.23119347424487374,0,1
5,1,0.29867504624066216,0,1
5,0,0.6088844315816841,1,1
5,1,0.20138815412808367,0,1
5,1,0.1857871266949042,0,1
5,1,0.44921064927013105,0,1
5,1,0.521063413132584,1,1
5,1,0.8069983900315961,1,1
5,1,0.48258295764635695,0,1
5,1,0.9445393980847021,1,1
5,1,0.8125684045007158,1,1
5,1,0.08088751830001749,0,1
5,0,0.11008266834862576,0,1
5,1,0.8329824750007807,1,1
5,1,0.7274839953391656,1,1
5,1,0.7625588439021803,1,1
5,1,0.6032544768211655,1,1
5,1,0.36430444188139044,0,1
5,0,0.5542909729710648,1,1
5,1,0.7358510279883652,1,1
5,1,0.8559797975962979,1,1
5,1,0.7989566790063021,1,1
5,1,0.6916665380183867,1,1
5,1,0.4081635028600007,0,1
5,0,0.18849312191162107,0,1
5,1,0.6180880306300625,1,1
5,1,0.3629363867259443,0,1
5,1,0.09141529169662223,0,1
5,1,0.5215287155314368,1,1
5,0,0.0859998225505297,0,1
