fold_id,y_true,y_proba,y_pred_default,y_pred_optimal
1,0,0.39819454501635637,0,1
1,0,0.7175087829131391,1,1
1,1,0.767509423994541,1,1
1,1,0.3385960085656728,0,1
1,1,0.8741473318481208,1,1
1,1,0.26375044745543674,0,1
1,0,0.08040368179002941,0,1
1,1,0.6607329885015596,1,1
1,1,0.7878095764765738,1,1
1,0,0.6691352296484437,1,1
1,1,0.8701801875397984,1,1
1,1,0.8550187832260855,1,1
1,1,0.1309017994719765,0,1
1,1,0.8056149803317781,1,1
1,1,0.21832725614336396,0,1
1,0,0.1226686745338698,0,1
1,1,0.07471486506443756,0,1
1,1,0.719093139042409,1,1
1,1,0.8540170106605852,1,1
1,0,0.28040882724456323,0,1
1,0,0.5405936194433152,1,1
1,1,0.05450224713440965,0,0
1,1,0.5744161045811434,1,1
1,1,0.5205038328365459,1,1
1,1,0.607657351498409,1,1
1,1,0.3896082247580823,0,1
1,1,0.6173789555205144,1,1
1,1,0.8751267883899045,1,1
1,1,0.872947044183538,1,1
1,0,0.587825912184685,1,1
1,1,0.1539021472221198,0,1
1,0,0.43543933018194314,0,1
1,1,0.687876984337542,1,1
1,1,0.4349921895047735,0,1
1,1,0.48732877148456877,0,1
1,0,0.08385444347454762,0,1
1,1,0.7143547806651005,1,1
1,1,0.29553496589805167,0,1
1,0,0.23658132400313317,0,1
1,1,0.18957273285097806,0,1
1,1,0.43188277339462394,0,1
1,0,0.09089256170711682,0,1
1,1,0.605341092774993,1,1
1,0,0.3561689491088432,0,1
1,1,0.8736937917367975,1,1
1,0,0.04629378842253732,0,0
1,1,0.646514315651653,1,1
1,0,0.2456511285147636,0,1
1,1,0.5360927909142875,1,1
1,1,0.6218008713893465,1,1
1,0,0.1438790263730611,0,1
1,0,0.822401806158887,1,1
1,1,0.6435169630784192,1,1
1,1,0.8615615250223988,1,1
1,1,0.876227257348649,1,1
1,0,0.3726678678573505,0,1
1,1,0.2693631729316342,0,1
1,0,0.19325250117802112,0,1
1,1,0.5347578359873633,1,1
1,1,0.6725869241350979,1,1
1,1,0.440585438455686,0,1
1,0,0.5396088163842656,1,1
1,0,0.21806115497270473,0,1
1,1,0.5986888195818354,1,1
1,0,0.21673538556575367,0,1
1,1,0.6230619701138298,1,1
1,0,0.7271828854546827,1,1
1,1,0.6520896912292726,1,1
1,1,0.5497705108126459,1,1
1,1,0.7731962498534348,1,1
1,0,0.547712459437011,1,1
1,1,0.6645708058225308,1,1
1,1,0.8766507612574541,1,1
1,1,0.45607624140379743,0,1
1,0,0.023611365244414467,0,0
1,1,0.21141672686694976,0,1
1,1,0.34040814160421107,0,1
1,0,0.12801465821796554,0,1
1,0,0.07389580096193815,0,1
1,0,0.3143509115663487,0,1
1,1,0.3254126567162391,0,1
1,0,0.22866966786311896,0,1
1,0,0.6100566070459174,1,1
1,1,0.6550706003101551,1,1
1,0,0.5285510590193295,1,1
1,0,0.050639736619225745,0,0
1,1,0.6881335751050223,1,1
1,0,0.12732599845993772,0,1
1,1,0.7626225313732191,1,1
1,0,0.30673526853366845,0,1
1,1,0.38919006471899337,0,1
1,1,0.7504279462964988,1,1
1,1,0.8765125789316355,1,1
1,1,0.17014537654426715,0,1
1,1,0.47171397070986704,0,1
1,1,0.6294633756838588,1,1
1,1,0.7450842166718276,1,1
1,1,0.5217359537385019,1,1
1,1,0.8477085417205565,1,1
1,1,0.5534004124296884,1,1
1,0,0.33565623409468465,0,1
1,1,0.7498025645293972,1,1
1,1,0.5915639687098381,1,1
1,1,0.49842832605731757,0,1
1,1,0.7430114073702891,1,1
1,1,0.7091328617409799,1,1
1,1,0.7589338746935317,1,1
1,1,0.8697384542803629,1,1
1,1,0.8762268178796292,1,1
1,0,0.6322458514658413,1,1
1,1,0.7082351813645108,1,1
1,1,0.7466212023116753,1,1
1,1,0.6768255029389368,1,1
1,0,0.7764556201481021,1,1
1,1,0.8766967327046862,1,1
1,1,0.6585344256951164,1,1
1,1,0.14409575286830065,0,1
1,1,0.2131123681888447,0,1
1,1,0.47685653691803376,0,1
1,1,0.7915802457428737,1,1
1,1,0.8038104488565871,1,1
1,1,0.4247399544671893,0,1
1,0,0.07110224009211527,0,1
1,1,0.5630428906352521,1,1
1,1,0.8139901497557706,1,1
1,1,0.8460177938863657,1,1
1,1,0.22806965046017877,0,1
1,1,0.8611987850069373,1,1
1,1,0.8756009301953137,1,1
1,1,0.8769948917004482,1,1
1,0,0.6330586983978752,1,1
1,0,0.696098425484619,1,1
1,0,0.3755562775842565,0,1
1,1,0.4800772658389195,0,1
1,1,0.4758560633934525,0,1
1,0,0.3147353786843707,0,1
1,1,0.6447321749965651,1,1
1,1,0.43532464567214374,0,1
1,1,0.5388411312771911,1,1
1,0,0.08314321209971387,0,1
1,1,0.875768364630146,1,1
1,1,0.8414912116562728,1,1
1,1,0.7975923794264272,1,1
1,1,0.7529158928689293,1,1
1,1,0.39889964426850905,0,1
1,1,0.526389733054395,1,1
1,1,0.7168610325026838,1,1
1,0,0.43856755707290945,0,1
1,0,0.06401570755872492,0,0
1,0,0.05716640036518643,0,0
1,1,0.3707466664468843,0,1
1,1,0.3912916796874181,0,1
1,1,0.79168150191077,1,1
1,0,0.7070363713980098,1,1
1,1,0.8655907259224048,1,1
1,0,0.04521489140675324,0,0
1,1,0.5945096752918416,1,1
1,0,0.7382168880868489,1,1
1,1,0.1284666199311348,0,1
1,0,0.675350734450988,1,1
1,0,0.06200580233116291,0,0
1,0,0.7143186094365147,1,1
1,1,0.5553729875047221,1,1
1,1,0.5394870942782748,1,1
1,0,0.2637371662973684,0,1
1,1,0.33798900170468277,0,1
1,1,0.38647539331728126,0,1
1,1,0.6782084153549891,1,1
1,1,0.4522306543807768,0,1
1,1,0.22469171723468429,0,1
1,0,0.3237723654832023,0,1
1,1,0.7129780518753897,1,1
1,1,0.13135537378567533,0,1
1,0,0.458377908834506,0,1
1,1,0.8756841215956207,1,1
1,1,0.060964528070048055,0,0
1,0,0.17010145050493228,0,1
1,1,0.4071888302313601,0,1
1,1,0.4027375976350817,0,1
1,1,0.838100868367578,1,1
1,1,0.8446922789422386,1,1
1,1,0.26855161863220733,0,1
1,1,0.766953546832039,1,1
1,1,0.4710800952611988,0,1
1,1,0.5143917199951683,1,1
1,0,0.1712661229357366,0,1
1,0,0.22422267225280618,0,1
1,1,0.6455197829451281,1,1
1,0,0.15840877386671087,0,1
1,0,0.29638550485798737,0,1
1,0,0.14987935320247997,0,1
1,1,0.6115449152653468,1,1
1,0,0.2701640837672062,0,1
1,1,0.8463796032725769,1,1
1,1,0.6375981568396745,1,1
1,1,0.5735694641340591,1,1
1,0,0.11260906705161465,0,1
1,1,0.8747643317041166,1,1
1,1,0.5256610698891904,1,1
1,1,0.53789713549577,1,1
1,0,0.4961561239263535,0,1
1,0,0.06764096966988146,0,1
1,1,0.4231902170372373,0,1
1,1,0.4276436814931121,0,1
1,1,0.7028861726583677,1,1
1,1,0.4002700827607322,0,1
1,0,0.42388376129283045,0,1
1,1,0.8023677538130989,1,1
1,1,0.787268510540745,1,1
1,0,0.24462845630043428,0,1
1,1,0.7043504154844614,1,1
1,1,0.1942908600333885,0,1
1,1,0.5277698233561686,1,1
1,1,0.5587418852026189,1,1
1,1,0.7681979067289557,1,1
1,1,0.47527763397897577,0,1
1,1,0.6169523624440889,1,1
1,0,0.13455466489423512,0,1
1,1,0.13242386548552085,0,1
1,0,0.2653430253753617,0,1
1,0,0.12055992652753092,0,1
1,1,0.1463547271975731,0,1
1,1,0.34893459096040924,0,1
1,1,0.2555395270114774,0,1
1,0,0.16484893213490706,0,1
1,0,0.2035957907285816,0,1
1,1,0.09324089587120898,0,1
1,1,0.8764035905264422,1,1
1,1,0.6650049120197805,1,1
1,1,0.6849075596349815,1,1
1,0,0.16827899524660647,0,1
1,0,0.34575884433988996,0,1
1,1,0.7522273151338674,1,1
1,1,0.4467756692301055,0,1
1,1,0.7878747015437689,1,1
1,1,0.15078688244211796,0,1
1,0,0.15210611114868072,0,1
1,0,0.6102596273788341,1,1
1,1,0.746326299870675,1,1
1,1,0.6463741675064135,1,1
1,1,0.7612586821201273,1,1
1,1,0.5908803083833467,1,1
1,1,0.8656574334359877,1,1
1,1,0.21088394250163353,0,1
1,1,0.6919916003328629,1,1
1,1,0.8652051730933031,1,1
1,0,0.1118060194091004,0,1
1,1,0.621964584151521,1,1
1,1,0.8733280763242397,1,1
1,1,0.6407517652884798,1,1
1,1,0.4029252306477666,0,1
1,1,0.5952838604685755,1,1
1,1,0.6872327765635136,1,1
1,1,0.5579789539229539,1,1
1,1,0.2655933555455557,0,1
1,0,0.19433139773502134,0,1
1,0,0.6076618328662232,1,1
1,0,0.7498699207096206,1,1
1,0,0.14556491505404232,0,1
1,1,0.5556422943130797,1,1
1,1,0.7777921894443002,1,1
1,1,0.8340363873600578,1,1
1,1,0.873463182894185,1,1
1,1,0.6307576689741985,1,1
1,0,0.08713263237377329,0,1
1,1,0.6807758932976339,1,1
1,0,0.4452738920127449,0,1
1,1,0.5132125181057893,1,1
1,1,0.8708112475071915,1,1
1,0,0.24599067808837657,0,1
1,1,0.8004226087042217,1,1
1,0,0.09226043061683653,0,1
1,1,0.7469485401121089,1,1
1,1,0.5467969025958282,1,1
1,1,0.665663903193705,1,1
1,1,0.561026068527332,1,1
1,1,0.6773648780537318,1,1
1,1,0.3853996279091165,0,1
1,1,0.6409640238737793,1,1
1,1,0.6776519616264021,1,1
1,1,0.5542786030922446,1,1
1,1,0.319119567736712,0,1
1,1,0.1703654327365023,0,1
1,1,0.5965159335668015,1,1
1,1,0.2500701298927132,0,1
1,1,0.3414884324812942,0,1
1,1,0.8731032914762092,1,1
1,1,0.7970539186962173,1,1
1,0,0.5429240509236234,1,1
1,0,0.7411582409828091,1,1
1,1,0.8748462878020471,1,1
1,1,0.5419389994087032,1,1
1,1,0.7240967734903907,1,1
1,0,0.14915682996879948,0,1
1,1,0.18255701985107872,0,1
1,1,0.8619731779244791,1,1
1,1,0.8741318939486535,1,1
1,1,0.556155709532607,1,1
1,1,0.07741081281533312,0,1
1,0,0.48558184094194884,0,1
1,0,0.21164100570080638,0,1
1,1,0.5135661570750459,1,1
1,1,0.8690525182837834,1,1
1,1,0.7334636576919564,1,1
1,1,0.534457353876509,1,1
1,1,0.21409828362167305,0,1
1,1,0.19869991640300852,0,1
1,1,0.5188434885598447,1,1
1,1,0.21817428730367128,0,1
1,1,0.8759451013392396,1,1
1,1,0.29131650304759954,0,1
1,1,0.6142775466574819,1,1
1,1,0.6553163603351668,1,1
1,1,0.5481260910669761,1,1
1,0,0.07805773556652604,0,1
1,1,0.5204278001525586,1,1
1,1,0.3853587071072148,0,1
1,1,0.8714581695166459,1,1
1,1,0.875259123931509,1,1
1,1,0.863413504224274,1,1
1,1,0.11893711386832316,0,1
1,0,0.6688220810374211,1,1
1,1,0.8767854959876586,1,1
1,1,0.47253696106389315,0,1
1,1,0.18388246990264537,0,1
1,1,0.5433565631725049,1,1
1,1,0.7656153577137373,1,1
1,1,0.7340233784239821,1,1
1,1,0.6621231858540809,1,1
1,0,0.6173797433241693,1,1
1,0,0.10161660582054986,0,1
1,1,0.22735353970708397,0,1
1,0,0.08777317452630667,0,1
1,1,0.4902907567406666,0,1
1,1,0.5627382874890795,1,1
1,1,0.8709716589739454,1,1
1,1,0.12882007073316648,0,1
1,1,0.5708740064230531,1,1
1,1,0.6664505599522841,1,1
1,0,0.7225711971286229,1,1
1,1,0.6792391099790813,1,1
1,1,0.6102079866901281,1,1
1,1,0.5844901045041986,1,1
1,1,0.07066032211032314,0,1
1,1,0.8746666369145637,1,1
1,1,0.32833553085612927,0,1
1,1,0.2637333003887552,0,1
1,1,0.6412041342414755,1,1
1,1,0.3502378571277725,0,1
1,1,0.6703149526047202,1,1
1,1,0.7273064905398644,1,1
1,0,0.6100429176021075,1,1
1,1,0.29361552119095047,0,1
1,0,0.7980847441913432,1,1
1,1,0.19297199956969738,0,1
1,1,0.6011846533588623,1,1
1,1,0.4792286059093578,0,1
1,1,0.8012226610009654,1,1
1,1,0.688160233706285,1,1
1,1,0.6352758729787432,1,1
1,1,0.08157957435830215,0,1
1,1,0.37835539945359725,0,1
1,0,0.47118186067768275,0,1
1,0,0.06395535898989288,0,0
1,1,0.7009232287867887,1,1
1,1,0.6059996902674171,1,1
1,0,0.4995270593066283,0,1
1,1,0.717258488168507,1,1
1,1,0.8625906447880607,1,1
1,1,0.5583866005839909,1,1
1,1,0.5897568073206966,1,1
1,1,0.40237811140677926,0,1
1,1,0.872259949947117,1,1
1,1,0.8725382421548095,1,1
1,1,0.2762778683760329,0,1
1,1,0.38437888251187635,0,1
1,1,0.6958444510875272,1,1
1,1,0.6143780384435793,1,1
1,1,0.47814336226196796,0,1
1,0,0.28437467119458065,0,1
1,0,0.5171520893199134,1,1
1,1,0.7964172314000323,1,1
1,1,0.590275442381151,1,1
1,1,0.6516302892541072,1,1
1,1,0.8749956465313076,1,1
1,1,0.8695706182792393,1,1
1,1,0.8765071570231431,1,1
1,1,0.79716957728069,1,1
1,1,0.8738666373991567,1,1
1,1,0.6529853104586534,1,1
1,1,0.5554858166568453,1,1
1,0,0.7950785442337952,1,1
1,1,0.05832821216030335,0,0
1,1,0.4607460207395818,0,1
1,0,0.21981808628589644,0,1
1,0,0.2499750709441134,0,1
1,0,0.5697941499396025,1,1
1,1,0.5995268541203655,1,1
1,1,0.36502569525451145,0,1
1,0,0.4222511283631356,0,1
1,1,0.5164397195272559,1,1
1,1,0.36795969184568517,0,1
1,1,0.3367816100391308,0,1
1,1,0.31832300558373916,0,1
1,1,0.12385903651346068,0,1
1,0,0.14141330807221508,0,1
1,1,0.40188272566356603,0,1
1,0,0.4158077354318165,0,1
1,1,0.265591983656831,0,1
1,1,0.8634852887626265,1,1
1,1,0.7964837452756108,1,1
1,1,0.8747694884230127,1,1
1,1,0.17571341767724652,0,1
1,1,0.8724102018631118,1,1
1,1,0.5561589682343081,1,1
1,1,0.555595769200815,1,1
1,0,0.33404071078237746,0,1
1,0,0.32958950163834877,0,1
1,1,0.6430889080430519,1,1
1,1,0.872532142052576,1,1
1,1,0.8496653735647318,1,1
1,1,0.5608032722814364,1,1
1,1,0.5265346005714533,1,1
1,1,0.4554177054495138,0,1
1,1,0.8763552678943469,1,1
1,1,0.618177515525829,1,1
1,0,0.5461601776034575,1,1
1,1,0.7216051173034894,1,1
1,1,0.4036488270541598,0,1
1,1,0.876211967765482,1,1
1,1,0.8601219980812936,1,1
1,0,0.25220703717249854,0,1
1,1,0.36303363030101976,0,1
1,1,0.37876600134023,0,1
1,0,0.7630096780505965,1,1
1,0,0.5808018149848916,1,1
1,1,0.7457065907705713,1,1
1,1,0.6948330850101955,1,1
1,0,0.1438979575410159,0,1
1,1,0.2004310628209252,0,1
1,1,0.3960619493704283,0,1
1,1,0.12358446195384815,0,1
1,1,0.13286183647956387,0,1
1,1,0.5884003031789496,1,1
1,0,0.6374941047430835,1,1
1,1,0.5408859520278574,1,1
1,1,0.8760169082728103,1,1
1,1,0.5424409981784524,1,1
1,1,0.22460788447309063,0,1
1,1,0.8708785264340593,1,1
1,1,0.24071555752169807,0,1
1,1,0.8749934439303905,1,1
1,1,0.5072693600064129,1,1
1,1,0.8605179360067947,1,1
1,1,0.5056432231423422,1,1
1,1,0.6350554164397894,1,1
1,1,0.19575103424392307,0,1
1,1,0.8761020101118885,1,1
1,1,0.5759820771657322,1,1
1,1,0.6903456737276998,1,1
1,1,0.5548229584487738,1,1
1,1,0.8756933248591888,1,1
1,1,0.5528398135733396,1,1
1,1,0.8760594548616689,1,1
1,1,0.7790944198727127,1,1
1,1,0.8394424190507614,1,1
1,1,0.6014766218985323,1,1
1,1,0.8138469845073698,1,1
1,1,0.5601354104322829,1,1
1,1,0.6857490179385023,1,1
1,1,0.20101223418077213,0,1
1,0,0.2485792375985721,0,1
1,0,0.33456526518256713,0,1
1,1,0.4339827951461766,0,1
1,1,0.6126644904456305,1,1
1,1,0.4501774099696126,0,1
1,0,0.1801604980105107,0,1
1,1,0.3072270937928362,0,1
1,1,0.31058366341216287,0,1
1,1,0.612184556070552,1,1
1,1,0.7453012026639748,1,1
1,1,0.6884623302044346,1,1
1,1,0.2683788592483491,0,1
1,1,0.16668122436420696,0,1
1,1,0.5079615665668288,1,1
1,1,0.8766362149202701,1,1
1,1,0.8725643209698533,1,1
1,1,0.8039729232060141,1,1
1,1,0.748891569843409,1,1
1,0,0.6359206709155953,1,1
1,1,0.4747668724804191,0,1
1,1,0.43413652357831717,0,1
1,0,0.37272031641038955,0,1
1,1,0.5366931440620123,1,1
1,1,0.10197613061479514,0,1
1,1,0.609481435680741,1,1
1,1,0.41397536418385766,0,1
1,1,0.8668546465988756,1,1
1,1,0.8744585997566573,1,1
1,1,0.8674802832899612,1,1
1,1,0.8745093352389666,1,1
1,1,0.5972986730771723,1,1
1,1,0.3769034261523231,0,1
1,1,0.848035651447266,1,1
1,1,0.20228578425694826,0,1
1,1,0.7137424447728812,1,1
1,0,0.155541544078769,0,1
1,0,0.16264449073957665,0,1
1,0,0.670091127248614,1,1
1,0,0.6669183970588848,1,1
1,1,0.6906037898899005,1,1
1,1,0.6631458462963205,1,1
1,1,0.7011678392812554,1,1
1,1,0.6876890947618105,1,1
1,1,0.6636036351881193,1,1
1,1,0.4996512921643323,0,1
1,0,0.6916708668732982,1,1
1,0,0.09702285412649415,0,1
1,1,0.4213813739901198,0,1
1,0,0.14475723760048134,0,1
1,0,0.11453140782550554,0,1
1,0,0.10836199138132153,0,1
1,1,0.8511710982587657,1,1
1,1,0.47726860118121506,0,1
1,1,0.3738555975557983,0,1
1,1,0.6670291515258048,1,1
1,1,0.46720765613985127,0,1
1,1,0.6295914507993929,1,1
1,0,0.1209168446954192,0,1
1,0,0.11134478295185801,0,1
1,1,0.576171575751513,1,1
1,1,0.6641593916605291,1,1
1,1,0.36279395905425643,0,1
1,1,0.8592710762264775,1,1
1,1,0.8287275621268269,1,1
1,1,0.781217986498793,1,1
1,1,0.26428884622357557,0,1
1,1,0.31427042374484065,0,1
1,1,0.6546006878186097,1,1
1,1,0.605995462159029,1,1
1,1,0.39048126257108035,0,1
1,1,0.8765097322894414,1,1
1,1,0.49524578174275646,0,1
1,1,0.7267277757594867,1,1
1,1,0.5816043743270569,1,1
1,1,0.7578312914789833,1,1
1,1,0.6864608423317199,1,1
1,0,0.14947960930097934,0,1
1,1,0.8121277610669925,1,1
1,1,0.6626959321696931,1,1
1,1,0.3312617231867553,0,1
1,0,0.2525941835230881,0,1
1,1,0.4403249169223354,0,1
1,1,0.6028797975442505,1,1
1,1,0.7100002800940904,1,1
1,1,0.8634488793401116,1,1
1,1,0.8508633414028673,1,1
1,0,0.4142146286488356,0,1
1,0,0.3453161641960067,0,1
1,1,0.4280195490743547,0,1
1,1,0.13360142213342246,0,1
1,1,0.615925373436852,1,1
1,1,0.8680405260621604,1,1
1,1,0.8743323094346873,1,1
1,1,0.5946154848737406,1,1
1,1,0.3356311962548631,0,1
1,0,0.26532464578738935,0,1
1,1,0.6047507484800744,1,1
1,1,0.6315827192850739,1,1
1,1,0.537554458148455,1,1
1,1,0.8740804681175176,1,1
1,1,0.7328755611339122,1,1
1,1,0.5250591255306941,1,1
1,1,0.874691823868375,1,1
1,1,0.8749060362315434,1,1
1,1,0.37150785731576974,0,1
1,1,0.7134458073151441,1,1
1,1,0.8710939185698727,1,1
1,1,0.6765396692015518,1,1
1,1,0.5286018606056802,1,1
1,1,0.8366842177459641,1,1
1,1,0.3079716322076207,0,1
1,0,0.3745875369370037,0,1
1,1,0.769075528283342,1,1
1,1,0.7657563847653722,1,1
1,0,0.7634278123064916,1,1
1,1,0.524760843305417,1,1
1,1,0.5721693231091736,1,1
1,0,0.2974904242918406,0,1
1,0,0.16659429445549065,0,1
1,1,0.7026106203900839,1,1
1,1,0.5738698392470609,1,1
1,1,0.4520107240419096,0,1
1,1,0.4064049335023774,0,1
1,1,0.5478075120851366,1,1
1,1,0.5444737502834444,1,1
1,0,0.12762301644507262,0,1
1,0,0.28798252065465485,0,1
1,1,0.20704571076430936,0,1
1,1,0.7031629188032934,1,1
1,1,0.5103656839049758,1,1
1,1,0.13519639250529633,0,1
1,1,0.8482894864720126,1,1
1,1,0.8760433015814156,1,1
1,1,0.8378113097897514,1,1
1,1,0.6055837742065419,1,1
1,1,0.8718376773173458,1,1
1,1,0.33731662357570896,0,1
1,1,0.8698163224152436,1,1
1,1,0.5487284153485588,1,1
1,1,0.4805801328283773,0,1
1,1,0.685732539253569,1,1
1,1,0.40079035285331516,0,1
1,1,0.8734269643640297,1,1
1,1,0.12111612122590996,0,1
1,1,0.7143359438179365,1,1
1,1,0.7982711746432416,1,1
1,1,0.6068216565377277,1,1
1,0,0.4874527894800107,0,1
1,0,0.5327439254023957,1,1
1,1,0.8771241723855296,1,1
1,1,0.6009644131005476,1,1
1,1,0.6588273463506522,1,1
1,1,0.07899135025121472,0,1
1,1,0.26680690482627245,0,1
1,1,0.7319508803757531,1,1
1,1,0.8729748308667733,1,1
1,1,0.8544059735835795,1,1
1,1,0.819573937289857,1,1
1,1,0.24789859215727977,0,1
1,1,0.817801477550279,1,1
1,0,0.018193361239688368,0,0
1,1,0.5468202108180885,1,1
1,1,0.8657844242859398,1,1
1,1,0.32513929705090744,0,1
1,1,0.40197470045826206,0,1
1,1,0.44776406263360397,0,1
1,1,0.8700930766062156,1,1
1,1,0.45419207421659596,0,1
1,1,0.41478870599738665,0,1
1,1,0.7219821578546445,1,1
1,1,0.6725425026895181,1,1
1,1,0.6726793435047556,1,1
1,0,0.18824689299023384,0,1
1,1,0.3776444616389572,0,1
1,1,0.5812320160825502,1,1
1,0,0.21683535759132383,0,1
1,0,0.25889435864963783,0,1
1,1,0.20461548831965773,0,1
1,1,0.8761340083679606,1,1
1,1,0.09888757888298313,0,1
1,1,0.7137374206507754,1,1
1,1,0.5201110734206755,1,1
1,1,0.1490674039228239,0,1
1,0,0.37540061036597483,0,1
1,1,0.872980095962791,1,1
1,1,0.6696493036273358,1,1
1,1,0.2602368432711978,0,1
1,1,0.8530416189143477,1,1
1,0,0.34268129739149017,0,1
1,1,0.5430773500265461,1,1
1,1,0.6778746919706539,1,1
1,1,0.28329717157627393,0,1
1,1,0.2203261386965478,0,1
1,1,0.834052023690396,1,1
1,0,0.6926043683035255,1,1
1,0,0.277908551131478,0,1
1,1,0.5584842082817997,1,1
1,1,0.8738186573665083,1,1
1,1,0.40181090399451186,0,1
1,1,0.7468528494226532,1,1
1,0,0.05038368781689492,0,0
1,1,0.6042284589849901,1,1
1,1,0.4196385707425441,0,1
1,1,0.06044992461285937,0,0
1,1,0.6915109607303858,1,1
1,0,0.057372452493465696,0,0
1,1,0.4960682874461387,0,1
1,1,0.47360267041433,0,1
1,1,0.6383965807637513,1,1
1,1,0.8753820158177076,1,1
1,1,0.21985881626254417,0,1
1,1,0.8730916021768025,1,1
1,1,0.46639721995127736,0,1
1,1,0.6667839704133386,1,1
1,0,0.3831780151542658,0,1
1,1,0.7697963889042233,1,1
1,1,0.7209335956413463,1,1
1,1,0.6210445540272922,1,1
1,1,0.5006095721972645,1,1
1,1,0.19306521748049427,0,1
1,1,0.2281959181089113,0,1
1,1,0.500039014313676,1,1
1,1,0.8725793817961776,1,1
1,1,0.787630620749783,1,1
1,1,0.6241896803064189,1,1
1,1,0.7447140624949219,1,1
1,1,0.2992585367731121,0,1
1,1,0.3063259235932335,0,1
1,1,0.2699777479887582,0,1
1,1,0.6305162081531467,1,1
1,1,0.6997716472997092,1,1
1,1,0.4273989292076647,0,1
1,1,0.3204559497764485,0,1
1,1,0.8643564513556505,1,1
1,1,0.5747362907841588,1,1
1,1,0.8741044168663286,1,1
1,1,0.3273667505522872,0,1
1,1,0.5773102394455784,1,1
1,1,0.14461373002615943,0,1
1,0,0.2736364283768546,0,1
1,0,0.20445749546472258,0,1
1,1,0.6401975362215868,1,1
1,1,0.07814229538147596,0,1
1,0,0.7743939501767336,1,1
1,1,0.5201463496897709,1,1
1,1,0.725270617152153,1,1
1,1,0.7821049984831888,1,1
1,1,0.3096004142539777,0,1
1,1,0.3134054825641895,0,1
1,1,0.5490081142937795,1,1
1,1,0.8567423342128679,1,1
1,1,0.44537010987898085,0,1
1,1,0.5320597924531286,1,1
1,0,0.11446695179908682,0,1
1,1,0.589669564655549,1,1
1,1,0.4832975904087206,0,1
1,1,0.6614215674048465,1,1
1,1,0.8764827798635015,1,1
1,1,0.6509262392405283,1,1
1,1,0.5877090804358057,1,1
1,1,0.47026743394100606,0,1
1,1,0.4495252014148714,0,1
1,1,0.3189882377350021,0,1
1,1,0.8733660691760822,1,1
1,1,0.682407838868087,1,1
1,1,0.8656709033067306,1,1
1,1,0.6888606501175893,1,1
1,0,0.21616943998830396,0,1
1,1,0.8748064371905716,1,1
1,1,0.8726508291527703,1,1
1,0,0.6718234745415577,1,1
1,1,0.5294075484743048,1,1
1,1,0.5240175985011492,1,1
1,1,0.15990946527846578,0,1
1,1,0.16413506067874273,0,1
1,1,0.8677479662646111,1,1
1,1,0.6696184180238525,1,1
1,1,0.6630655287811992,1,1
1,0,0.5186771103615483,1,1
1,0,0.516731629516746,1,1
1,1,0.8692701418909747,1,1
1,1,0.6365033139124913,1,1
1,1,0.33347921869101804,0,1
1,1,0.38036000174325635,0,1
1,1,0.34881154063797387,0,1
1,1,0.2648014229936204,0,1
1,1,0.7213717001844071,1,1
1,1,0.3246323298231404,0,1
1,1,0.2177343080343784,0,1
1,1,0.790463636015082,1,1
1,1,0.863224601558395,1,1
1,1,0.3447030148941877,0,1
1,1,0.6719560100802137,1,1
1,1,0.3450793432772218,0,1
1,1,0.7441245102269773,1,1
1,1,0.17391097121481996,0,1
1,0,0.05402109603274888,0,0
1,1,0.8700019566897089,1,1
1,1,0.12407552700063088,0,1
1,1,0.5199455206740037,1,1
1,1,0.8599112333777973,1,1
1,1,0.18230010762354176,0,1
1,0,0.12664239688589435,0,1
1,1,0.7924320674034252,1,1
1,0,0.3216996463051523,0,1
1,1,0.36811749810969835,0,1
1,1,0.16621354668176785,0,1
1,1,0.7885304350985185,1,1
1,1,0.3067793354423331,0,1
1,1,0.5670011503319871,1,1
1,1,0.4357717206985371,0,1
1,0,0.11624840992682114,0,1
1,1,0.4842611932478651,0,1
1,1,0.7182534140189404,1,1
1,0,0.7633221599581526,1,1
1,0,0.5586935827490366,1,1
1,1,0.6650112399527817,1,1
1,1,0.5743490104872917,1,1
1,1,0.8232271402155678,1,1
1,1,0.8537288764658575,1,1
1,1,0.8690845134755266,1,1
1,1,0.868533456023694,1,1
1,0,0.45179022328964913,0,1
1,1,0.22999081321657147,0,1
1,1,0.7314024439572995,1,1
1,1,0.8352922280107639,1,1
1,1,0.6912211693661714,1,1
1,1,0.5657581174239726,1,1
1,1,0.7068456038806787,1,1
1,0,0.6437883356141394,1,1
1,1,0.8714656718323386,1,1
1,1,0.7618541151892858,1,1
1,1,0.8734170546531066,1,1
1,1,0.6342627613037627,1,1
1,1,0.8539724474155165,1,1
1,1,0.8732421020595434,1,1
1,1,0.1873847723589427,0,1
1,1,0.3667274409186459,0,1
1,1,0.6700084134542097,1,1
1,1,0.5731814964370044,1,1
1,1,0.7359435048898078,1,1
1,1,0.7205689676225275,1,1
1,0,0.281073803861012,0,1
1,1,0.5573642697236211,1,1
1,1,0.6701577719232704,1,1
1,1,0.7375003397166646,1,1
1,1,0.2905674695118432,0,1
1,1,0.7739698293929527,1,1
1,1,0.8537838537827197,1,1
1,0,0.23932595533045758,0,1
1,1,0.3619517053077624,0,1
1,1,0.7367281609772989,1,1
1,1,0.3021608955530252,0,1
1,1,0.32964981594838416,0,1
1,1,0.8759600168247111,1,1
1,1,0.8616001969131503,1,1
1,1,0.35633332184069244,0,1
1,1,0.3272179546196998,0,1
1,0,0.47379166286456004,0,1
1,1,0.3647213975437003,0,1
1,1,0.42201381312102193,0,1
1,1,0.3272739055282035,0,1
1,1,0.2709249924987697,0,1
1,1,0.535574549269127,1,1
1,1,0.4580520869252474,0,1
1,1,0.8733025839517594,1,1
1,1,0.27326853044519017,0,1
1,1,0.38797072741922717,0,1
1,1,0.8632273542889608,1,1
1,1,0.321003569742559,0,1
1,1,0.780672025788701,1,1
1,1,0.45821445039872577,0,1
1,1,0.8750029119917668,1,1
1,0,0.7054095943586784,1,1
1,1,0.3539269778512603,0,1
1,1,0.7641030372389135,1,1
1,1,0.6460525619263838,1,1
1,1,0.4831432052938335,0,1
1,0,0.5126638058905918,1,1
2,1,0.45046205439565373,0,1
2,1,0.8759790315611049,1,1
2,1,0.3947699735850556,0,1
2,1,0.880085862283794,1,1
2,1,0.08255603695404452,0,1
2,1,0.6900827845421966,1,1
2,0,0.04599763183263056,0,0
2,1,0.628812273162153,1,1
2,0,0.33979330215666476,0,1
2,1,0.7524305037608006,1,1
2,1,0.8696986381863149,1,1
2,1,0.7712058350522758,1,1
2,0,0.783300985499443,1,1
2,0,0.03418809942050614,0,0
2,1,0.25505779895379516,0,1
2,1,0.4147638825104554,0,1
2,0,0.06325559396788563,0,0
2,1,0.8532083409146339,1,1
2,1,0.5334785831095283,1,1
2,1,0.8801764523086072,1,1
2,1,0.11153362826414516,0,1
2,0,0.36762663900578774,0,1
2,1,0.879072950100489,1,1
2,0,0.04688519473110183,0,0
2,1,0.8854803264310042,1,1
2,0,0.4675044062112621,0,1
2,1,0.10004084064252365,0,1
2,1,0.6552288220713103,1,1
2,1,0.3606704221111697,0,1
2,1,0.6881839456808172,1,1
2,1,0.5279791106751075,1,1
2,0,0.4715645943467149,0,1
2,0,0.8356932431090307,1,1
2,1,0.15114660762409507,0,1
2,0,0.5312591579852602,1,1
2,1,0.8716676982945364,1,1
2,0,0.5912778829384033,1,1
2,1,0.5100341818271751,1,1
2,0,0.25298452921265724,0,1
2,1,0.24140257793954364,0,1
2,1,0.8803125484681272,1,1
2,1,0.20358757500515792,0,1
2,1,0.3828097048136795,0,1
2,0,0.3576600820863654,0,1
2,1,0.2940723511242276,0,1
2,0,0.11341310465731065,0,1
2,1,0.7139084543917245,1,1
2,0,0.4618634836378178,0,1
2,0,0.4531604350403061,0,1
2,1,0.6314066882994267,1,1
2,0,0.6929456902778499,1,1
2,0,0.4746810821002484,0,1
2,0,0.2383605069337721,0,1
2,0,0.5287597302139811,1,1
2,1,0.7229461096807451,1,1
2,1,0.6669207613554676,1,1
2,1,0.5857134561541414,1,1
2,0,0.16906821990062262,0,1
2,0,0.4879665094544981,0,1
2,1,0.8783356054316835,1,1
2,1,0.8678430449371769,1,1
2,1,0.1626414037841063,0,1
2,1,0.786229721498686,1,1
2,0,0.058558875737285104,0,0
2,0,0.07856301355814037,0,1
2,0,0.5361173152018442,1,1
2,1,0.4875537012591413,0,1
2,1,0.7447580042967424,1,1
2,1,0.14687339514880834,0,1
2,1,0.5545811868327598,1,1
2,1,0.22767795732924961,0,1
2,1,0.5433046827514229,1,1
2,1,0.8035103709979887,1,1
2,0,0.1354314458512546,0,1
2,1,0.6500360263458644,1,1
2,0,0.05568253679404023,0,0
2,0,0.4106837583545952,0,1
2,1,0.36621842022343776,0,1
2,1,0.621529301578633,1,1
2,1,0.8708224683030308,1,1
2,0,0.5798188835596255,1,1
2,1,0.05801191805337203,0,0
2,0,0.29747426979026304,0,1
2,1,0.028628282483900327,0,0
2,0,0.14312104769598474,0,1
2,0,0.06132360251509576,0,0
2,1,0.5299570706763702,1,1
2,0,0.5269904768435495,1,1
2,0,0.04004534215178798,0,0
2,1,0.4249477132329048,0,1
2,1,0.07666739130037008,0,1
2,0,0.6141143961204717,1,1
2,1,0.879366896293863,1,1
2,1,0.3167101033202272,0,1
2,1,0.24368959169991877,0,1
2,1,0.4574439458015251,0,1
2,0,0.054117074213378,0,0
2,1,0.6063497916928079,1,1
2,1,0.3389053622042866,0,1
2,1,0.8797487945734915,1,1
2,0,0.17369777828758604,0,1
2,1,0.6976291591259268,1,1
2,1,0.3926999844054749,0,1
2,1,0.5481640048295812,1,1
2,1,0.5275092018076579,1,1
2,0,0.1458124948516382,0,1
2,0,0.0462382343817252,0,0
2,1,0.3398599976048325,0,1
2,0,0.5937434944772852,1,1
2,0,0.8043852523880785,1,1
2,1,0.8773859083728347,1,1
2,0,0.09771410867002131,0,1
2,1,0.8716129891000302,1,1
2,1,0.8707808096014281,1,1
2,1,0.4481336747385388,0,1
2,1,0.5201668096888168,1,1
2,1,0.6489050649180047,1,1
2,1,0.842308210832368,1,1
2,1,0.8789045181041713,1,1
2,0,0.12041295310866265,0,1
2,1,0.6755982033929775,1,1
2,1,0.5163757449374191,1,1
2,1,0.7603761294273881,1,1
2,1,0.8690480144096705,1,1
2,1,0.4929816601967156,0,1
2,1,0.6508012527991809,1,1
2,1,0.650917909545236,1,1
2,0,0.486565235652567,0,1
2,1,0.8718091899927082,1,1
2,1,0.8826968326748695,1,1
2,0,0.5407880723674098,1,1
2,0,0.07834791820510235,0,1
2,1,0.7091577240918671,1,1
2,1,0.5541864941449831,1,1
2,1,0.5243493937069138,1,1
2,1,0.5720038692040288,1,1
2,1,0.7707760629258841,1,1
2,1,0.2974166547843138,0,1
2,0,0.07313425987440358,0,1
2,1,0.6229559632111161,1,1
2,1,0.4364571952503236,0,1
2,0,0.48255842273021393,0,1
2,1,0.477515701416072,0,1
2,1,0.4959755166562445,0,1
2,0,0.4328745928067119,0,1
2,1,0.05812639705396336,0,0
2,1,0.7569372852291985,1,1
2,0,0.1143144971401358,0,1
2,1,0.4486372871640342,0,1
2,0,0.43948372727957624,0,1
2,1,0.8180538564094348,1,1
2,0,0.2098075305378957,0,1
2,1,0.6343536281862057,1,1
2,1,0.5434776533055753,1,1
2,1,0.5420773998517694,1,1
2,1,0.49568926694321813,0,1
2,0,0.13469378548624908,0,1
2,1,0.45250481233145423,0,1
2,1,0.8459495991426663,1,1
2,1,0.8672179752452719,1,1
2,1,0.794323953484726,1,1
2,0,0.8110660193735283,1,1
2,1,0.6712770232908681,1,1
2,1,0.8349041334126415,1,1
2,1,0.8204541990220767,1,1
2,1,0.6831502886928358,1,1
2,0,0.7109333334875172,1,1
2,0,0.5269199706778227,1,1
2,1,0.12719941201520887,0,1
2,0,0.14174159088763466,0,1
2,0,0.22535472184668667,0,1
2,1,0.755323617953903,1,1
2,1,0.5546073202414429,1,1
2,1,0.6481326158512206,1,1
2,0,0.042683668781921764,0,0
2,1,0.5016501948963652,1,1
2,0,0.25687169440265417,0,1
2,1,0.5840471715530681,1,1
2,1,0.730301610925251,1,1
2,0,0.09260093199750738,0,1
2,1,0.8837228983348123,1,1
2,1,0.3028374885122594,0,1
2,1,0.5516455714597281,1,1
2,1,0.8764021679773385,1,1
2,1,0.5676554181794357,1,1
2,1,0.09898887045504556,0,1
2,1,0.615961735613449,1,1
2,1,0.4959021754424567,0,1
2,1,0.5856645041762556,1,1
2,1,0.5381565074067357,1,1
2,1,0.7070813642159582,1,1
2,1,0.8690693028583615,1,1
2,1,0.3422323608730149,0,1
2,1,0.33178114363479894,0,1
2,1,0.877495690574195,1,1
2,1,0.8743784638494952,1,1
2,1,0.7234668515469411,1,1
2,0,0.07469426367685625,0,1
2,1,0.5005183726794699,1,1
2,1,0.34796065327571807,0,1
2,0,0.6307226045764228,1,1
2,1,0.877097245556321,1,1
2,0,0.1436921991805046,0,1
2,1,0.8847074256990743,1,1
2,0,0.5143265786650552,1,1
2,0,0.4130476321642656,0,1
2,1,0.4558015147945871,0,1
2,0,0.7579592035634725,1,1
2,1,0.8861591334573491,1,1
2,1,0.8843902943055213,1,1
2,1,0.6425516048093335,1,1
2,1,0.6736939436397122,1,1
2,1,0.8643320905906096,1,1
2,1,0.7001120474942228,1,1
2,1,0.8416459869245416,1,1
2,1,0.8852259707822812,1,1
2,0,0.6533768481566468,1,1
2,1,0.7746131755201043,1,1
2,1,0.6315318354927699,1,1
2,1,0.5846917998487654,1,1
2,0,0.7622557493484678,1,1
2,0,0.41577616083573954,0,1
2,1,0.3662252190189549,0,1
2,0,0.07228688955666737,0,1
2,1,0.7474406677039848,1,1
2,1,0.07363425284509158,0,1
2,1,0.6561189723341725,1,1
2,1,0.7209036203298232,1,1
2,1,0.6368752588241088,1,1
2,0,0.03940981824283443,0,0
2,1,0.4962476798905368,0,1
2,1,0.4452965193404697,0,1
2,1,0.6281154379993271,1,1
2,1,0.4346017615271134,0,1
2,1,0.8715645363427381,1,1
2,1,0.6183741897039953,1,1
2,0,0.8606894528812578,1,1
2,1,0.49707941620101775,0,1
2,1,0.3602372210952062,0,1
2,1,0.6015622288818552,1,1
2,0,0.6163985296401332,1,1
2,1,0.8633709876385385,1,1
2,0,0.3977475584783669,0,1
2,0,0.10662154358956721,0,1
2,1,0.29602155309244005,0,1
2,1,0.639629335609632,1,1
2,0,0.28763600912520226,0,1
2,0,0.1907872043934437,0,1
2,0,0.4698589529205252,0,1
2,1,0.8824924080912678,1,1
2,0,0.7366338540644619,1,1
2,1,0.45895929489550163,0,1
2,1,0.8798980475524915,1,1
2,1,0.1447281261546014,0,1
2,1,0.7646637326226705,1,1
2,1,0.519051437746023,1,1
2,1,0.7521734075113108,1,1
2,0,0.3350333329754383,0,1
2,0,0.2582580162359505,0,1
2,1,0.8796200351227095,1,1
2,1,0.1755484713602583,0,1
2,1,0.5496743822436863,1,1
2,1,0.49386320405921,0,1
2,1,0.09721206070074632,0,1
2,0,0.16736606051463335,0,1
2,1,0.06053417280119244,0,0
2,1,0.8786983320108621,1,1
2,1,0.04663859302964953,0,0
2,1,0.8773455044854077,1,1
2,0,0.604078369079348,1,1
2,1,0.11578756921530321,0,1
2,1,0.8857076259753336,1,1
2,1,0.35805859048787136,0,1
2,1,0.5588041001187486,1,1
2,1,0.5930522944435681,1,1
2,1,0.6000340664797044,1,1
2,1,0.8807941393613067,1,1
2,0,0.5600174459879925,1,1
2,0,0.03683282602417718,0,0
2,1,0.5580722328279953,1,1
2,1,0.8184677520642091,1,1
2,1,0.664390971769139,1,1
2,1,0.7217847573521495,1,1
2,1,0.8837672751305721,1,1
2,1,0.8856071808105473,1,1
2,1,0.5969170451443085,1,1
2,1,0.8105885162894881,1,1
2,1,0.6692767565269878,1,1
2,1,0.16162815068880212,0,1
2,1,0.5670504611372206,1,1
2,1,0.8726718503615883,1,1
2,1,0.3510213133200194,0,1
2,1,0.28812973826923827,0,1
2,0,0.07035999984142355,0,1
2,1,0.24370279411375,0,1
2,0,0.06066220217289794,0,0
2,0,0.6270136097723401,1,1
2,1,0.8705328889960904,1,1
2,1,0.5488019301852531,1,1
2,0,0.6857452579107152,1,1
2,0,0.5536348171634758,1,1
2,1,0.8779797683187441,1,1
2,1,0.08031139520836747,0,1
2,1,0.44633991539748474,0,1
2,1,0.2658193408484648,0,1
2,1,0.8506444544742948,1,1
2,1,0.622111033244053,1,1
2,1,0.1333986610270898,0,1
2,1,0.543635914050927,1,1
2,1,0.534541064775392,1,1
2,1,0.43085287994708016,0,1
2,1,0.04933561155662846,0,0
2,0,0.09638799654074583,0,1
2,1,0.32107459574680586,0,1
2,1,0.8862098584857225,1,1
2,0,0.393566101411223,0,1
2,1,0.8769712660905575,1,1
2,1,0.3568110791023224,0,1
2,1,0.575583323501672,1,1
2,1,0.8798044638550736,1,1
2,1,0.0850160622904929,0,1
2,1,0.5800938846809912,1,1
2,0,0.19105647794705186,0,1
2,1,0.14977628473360255,0,1
2,1,0.8698515969345535,1,1
2,1,0.5336290573322668,1,1
2,1,0.4636018036288355,0,1
2,0,0.16626755901643084,0,1
2,0,0.4776560498057952,0,1
2,1,0.8831489185202455,1,1
2,1,0.8388593043458261,1,1
2,1,0.5636803862725394,1,1
2,0,0.37295380830142943,0,1
2,1,0.8081833497409191,1,1
2,1,0.5623952730446535,1,1
2,1,0.36714177432317374,0,1
2,1,0.8710407949293251,1,1
2,1,0.87961586353727,1,1
2,1,0.8512247684052276,1,1
2,1,0.551767153402562,1,1
2,1,0.8356660316204824,1,1
2,1,0.5808466927190096,1,1
2,1,0.8780609629942658,1,1
2,1,0.7952035414746529,1,1
2,1,0.7253941763627006,1,1
2,1,0.8727753679608845,1,1
2,0,0.04714303573864086,0,0
2,1,0.3937836916451113,0,1
2,1,0.676471494662851,1,1
2,1,0.5755005085254274,1,1
2,1,0.5561027075371227,1,1
2,1,0.24113843731935636,0,1
2,1,0.07473316580100264,0,1
2,1,0.828813436854054,1,1
2,0,0.17135470364989078,0,1
2,1,0.8612438847110069,1,1
2,0,0.42435151664858606,0,1
2,1,0.6940125643781229,1,1
2,1,0.6225586336521182,1,1
2,1,0.7222759554096325,1,1
2,1,0.8796499233353627,1,1
2,0,0.2364941899415523,0,1
2,1,0.8355342131320246,1,1
2,0,0.6863971599356762,1,1
2,1,0.5828403173742859,1,1
2,1,0.40100689642168524,0,1
2,0,0.29860370573712935,0,1
2,1,0.8047491769678228,1,1
2,1,0.42679546631524,0,1
2,1,0.2662666492909238,0,1
2,1,0.3446454780375861,0,1
2,1,0.8750357620288172,1,1
2,1,0.4522631305672237,0,1
2,1,0.09670799543254058,0,1
2,0,0.05306930003803013,0,0
2,0,0.11872567284905304,0,1
2,0,0.20032412638489497,0,1
2,1,0.7828522878026375,1,1
2,1,0.11030608614416014,0,1
2,1,0.2689559627269953,0,1
2,1,0.5279049969623406,1,1
2,1,0.625971661065933,1,1
2,1,0.8836015411662558,1,1
2,1,0.7275981994823295,1,1
2,1,0.502338417966432,1,1
2,1,0.8789549919433643,1,1
2,1,0.7002317530678311,1,1
2,0,0.3706389803846461,0,1
2,1,0.10789227231028384,0,1
2,0,0.307246966140789,0,1
2,1,0.6250973857010269,1,1
2,0,0.3866454174231894,0,1
2,1,0.17197331529306667,0,1
2,1,0.6961082538939809,1,1
2,1,0.8855497243302712,1,1
2,1,0.5668278100617923,1,1
2,1,0.6107142868654114,1,1
2,1,0.5028587483385921,1,1
2,1,0.33009825618413446,0,1
2,1,0.3008435031350173,0,1
2,1,0.8806704563552065,1,1
2,1,0.4013258553705321,0,1
2,1,0.39327659875923515,0,1
2,1,0.1972797671129341,0,1
2,0,0.5187505804060307,1,1
2,1,0.42345171304998014,0,1
2,1,0.49554389113825564,0,1
2,1,0.10559855207850673,0,1
2,1,0.6104243972332882,1,1
2,0,0.3544355662331868,0,1
2,1,0.4908500561116225,0,1
2,1,0.6701032793498402,1,1
2,1,0.8455394731840995,1,1
2,1,0.8765061009621546,1,1
2,1,0.7193660264719655,1,1
2,1,0.10350476214309678,0,1
2,1,0.47239584728060574,0,1
2,1,0.4320961309310949,0,1
2,0,0.16682774016891425,0,1
2,1,0.6969362140403246,1,1
2,0,0.7718783786281681,1,1
2,1,0.7305355210875706,1,1
2,1,0.6094666094542075,1,1
2,1,0.8580612677661105,1,1
2,0,0.7738890034263366,1,1
2,1,0.09132295743618113,0,1
2,0,0.678067085345633,1,1
2,1,0.43785767869329956,0,1
2,1,0.7391649885288283,1,1
2,0,0.0942520172988046,0,1
2,1,0.15277722823779308,0,1
2,0,0.42523560781044106,0,1
2,1,0.2960036710900205,0,1
2,1,0.4910905752111095,0,1
2,1,0.8831710780629752,1,1
2,1,0.49993254389484926,0,1
2,1,0.5367920159883705,1,1
2,1,0.7903213575158468,1,1
2,1,0.4456250924170563,0,1
2,1,0.19062871436819717,0,1
2,1,0.2260908261810518,0,1
2,1,0.8739827187790776,1,1
2,1,0.27855687694418296,0,1
2,0,0.0402717263524701,0,0
2,1,0.8597903005635835,1,1
2,1,0.8511119595568089,1,1
2,1,0.6735729255254657,1,1
2,0,0.2924993875874644,0,1
2,1,0.24534299378036023,0,1
2,1,0.7115569696589501,1,1
2,1,0.10150180490394924,0,1
2,1,0.4468481012361028,0,1
2,1,0.8720665176550396,1,1
2,1,0.8834533057232954,1,1
2,0,0.030087352859154277,0,0
2,0,0.33180820759038526,0,1
2,1,0.6065616077119689,1,1
2,1,0.7078960668270731,1,1
2,1,0.8572317014009782,1,1
2,1,0.703403648316729,1,1
2,1,0.8824756914277226,1,1
2,1,0.7015486891045072,1,1
2,0,0.6928354195110122,1,1
2,0,0.59286697300767,1,1
2,1,0.76811157657858,1,1
2,1,0.7366242886639089,1,1
2,1,0.4801579530581312,0,1
2,0,0.056860832426428747,0,0
2,1,0.3442511547476146,0,1
2,1,0.6261126475282537,1,1
2,0,0.47985479918371765,0,1
2,1,0.4812416868714617,0,1
2,1,0.04440759139536491,0,0
2,0,0.618859262459038,1,1
2,1,0.49781950894987304,0,1
2,0,0.3465607904135076,0,1
2,1,0.19869653762311568,0,1
2,1,0.1426044884813889,0,1
2,1,0.24638458248287617,0,1
2,1,0.4568464305717485,0,1
2,1,0.5317853985733587,1,1
2,1,0.87209019068935,1,1
2,1,0.07916861884829998,0,1
2,1,0.8774524525128369,1,1
2,1,0.7476534604963782,1,1
2,1,0.3494070412775368,0,1
2,1,0.7306045334950858,1,1
2,0,0.11554710205081054,0,1
2,1,0.6597018282992811,1,1
2,1,0.8634118331983411,1,1
2,1,0.870112817489428,1,1
2,1,0.44145814171565256,0,1
2,0,0.38361582373147063,0,1
2,1,0.2606081444786714,0,1
2,1,0.29442574336574706,0,1
2,1,0.7793989925821624,1,1
2,1,0.6665304592840817,1,1
2,1,0.8798729480017506,1,1
2,1,0.557866370704738,1,1
2,1,0.7208442693868743,1,1
2,1,0.8556227585361486,1,1
2,1,0.7072056628286817,1,1
2,1,0.8729106499442297,1,1
2,1,0.8715474831073327,1,1
2,1,0.7268128764714886,1,1
2,1,0.6845194785749444,1,1
2,1,0.5530395651917862,1,1
2,1,0.7301839391841473,1,1
2,1,0.6702235849658831,1,1
2,1,0.597279065247024,1,1
2,0,0.58025484909254,1,1
2,1,0.6351223730152574,1,1
2,1,0.5339166175024459,1,1
2,1,0.8691694709371119,1,1
2,1,0.2139851281095224,0,1
2,1,0.8144171931031857,1,1
2,0,0.20211295409902463,0,1
2,1,0.7412261562149615,1,1
2,1,0.8803613516696508,1,1
2,0,0.3921494113732495,0,1
2,1,0.5922604776405023,1,1
2,1,0.7572976891644535,1,1
2,1,0.6029906714372146,1,1
2,1,0.1388438482026856,0,1
2,1,0.2847271156372191,0,1
2,1,0.6705747841787164,1,1
2,1,0.07796881860560745,0,1
2,1,0.8775548689705945,1,1
2,1,0.8856814302667116,1,1
2,1,0.8680698858820224,1,1
2,1,0.6718006637259265,1,1
2,1,0.150577879466355,0,1
2,1,0.696259411726889,1,1
2,1,0.18177166901931077,0,1
2,1,0.7414250274003463,1,1
2,1,0.550667846158802,1,1
2,0,0.7100571740898416,1,1
2,1,0.15121439478549806,0,1
2,1,0.5997731773026983,1,1
2,1,0.8792085815938717,1,1
2,1,0.8840392189452233,1,1
2,1,0.7737495080319019,1,1
2,1,0.6091566894982953,1,1
2,1,0.44554040461681144,0,1
2,1,0.6393252841784035,1,1
2,0,0.19825743360687206,0,1
2,1,0.6060007065793968,1,1
2,1,0.2213604252405779,0,1
2,1,0.8844800796676868,1,1
2,0,0.2256079335744801,0,1
2,1,0.1771765310788468,0,1
2,1,0.480592056231891,0,1
2,1,0.6506374828059831,1,1
2,1,0.6707909146550098,1,1
2,1,0.08820354853829404,0,1
2,1,0.2806812888052461,0,1
2,1,0.1315847531529624,0,1
2,1,0.19744114692982284,0,1
2,1,0.2546214096130293,0,1
2,1,0.6134884653594258,1,1
2,1,0.06403575717507566,0,1
2,1,0.8694448130373615,1,1
2,0,0.4592019140194168,0,1
2,1,0.5821145300542624,1,1
2,0,0.05307813621770306,0,0
2,1,0.8647475945950898,1,1
2,1,0.736788000458212,1,1
2,1,0.7798921067357457,1,1
2,1,0.8574610852952095,1,1
2,1,0.878253072935733,1,1
2,0,0.6952935945181405,1,1
2,1,0.06932526606916398,0,1
2,1,0.6815874474286405,1,1
2,1,0.034795721701294045,0,0
2,1,0.2342777259042346,0,1
2,1,0.8464702011481804,1,1
2,1,0.5049888515371822,1,1
2,1,0.5202867200741813,1,1
2,0,0.08279475248214536,0,1
2,0,0.6464216200635169,1,1
2,1,0.35855013573003597,0,1
2,0,0.07687559022773675,0,1
2,1,0.5234052198092999,1,1
2,1,0.528935907508267,1,1
2,1,0.7535807270255872,1,1
2,0,0.05233803772171718,0,0
2,0,0.3378509426310235,0,1
2,1,0.5470403995970403,1,1
2,1,0.8818929365882825,1,1
2,1,0.6162812243097026,1,1
2,0,0.37352599940409953,0,1
2,1,0.6038839456898764,1,1
2,1,0.1518710241968084,0,1
2,1,0.8839066229873479,1,1
2,1,0.16151040743764317,0,1
2,1,0.688839492001245,1,1
2,1,0.6149983708674628,1,1
2,1,0.05419791198070563,0,0
2,0,0.033578525958303615,0,0
2,1,0.4552082085983772,0,1
2,1,0.4755332824004748,0,1
2,1,0.11872061820882988,0,1
2,1,0.6039002876374052,1,1
2,1,0.45288677976450703,0,1
2,1,0.5155851320970735,1,1
2,1,0.2802757456755031,0,1
2,0,0.24010929100386555,0,1
2,1,0.4512058477165621,0,1
2,1,0.5080652932174777,1,1
2,0,0.0959739789103834,0,1
2,1,0.4412141272532146,0,1
2,1,0.7320534023497521,1,1
2,1,0.7304205998888943,1,1
2,1,0.7584280045450147,1,1
2,1,0.26589749978473,0,1
2,1,0.11304422310436393,0,1
2,1,0.8536432463827555,1,1
2,1,0.5226813390756607,1,1
2,1,0.766645340265395,1,1
2,1,0.6882824231017753,1,1
2,1,0.8344956281949266,1,1
2,1,0.10189425568793643,0,1
2,1,0.8440045688720735,1,1
2,1,0.5072586780719914,1,1
2,1,0.5604868216905431,1,1
2,1,0.7000263969002029,1,1
2,1,0.32409551053244007,0,1
2,1,0.46637151805410537,0,1
2,1,0.8747228439053767,1,1
2,1,0.3284312513908175,0,1
2,0,0.03799565331456215,0,0
2,1,0.2438495337003391,0,1
2,1,0.2785760206912362,0,1
2,1,0.21124856996723199,0,1
2,1,0.6188678745886195,1,1
2,1,0.566097736109517,1,1
2,1,0.7663238014394074,1,1
2,0,0.07373695011165349,0,1
2,0,0.5214370726048612,1,1
2,1,0.6396327584275991,1,1
2,1,0.3118454386115967,0,1
2,1,0.02992739596716128,0,0
2,1,0.6121177240991489,1,1
2,1,0.7341455311584129,1,1
2,1,0.36656253398157973,0,1
2,0,0.09862445878091035,0,1
2,0,0.6552742364139115,1,1
2,1,0.596423389061419,1,1
2,1,0.6838375092235309,1,1
2,1,0.5831563879530401,1,1
2,1,0.7279988587940514,1,1
2,1,0.041837927343798736,0,0
2,1,0.7148659544970967,1,1
2,0,0.03254911274273849,0,0
2,1,0.7309898589878109,1,1
2,1,0.16290644610790472,0,1
2,1,0.8838837587016027,1,1
2,1,0.8789038298694936,1,1
2,1,0.8666129112115679,1,1
2,1,0.04804578982249049,0,0
2,1,0.3769921547666848,0,1
2,0,0.5321458855626293,1,1
2,1,0.1296825238660537,0,1
2,1,0.5666496848253866,1,1
2,1,0.6562269025310732,1,1
2,1,0.8597116851553014,1,1
2,0,0.45815093975450494,0,1
2,0,0.11813654736836499,0,1
2,1,0.6640373990456391,1,1
2,1,0.18137944091406658,0,1
2,1,0.2754917350662047,0,1
2,1,0.6695595830335528,1,1
2,0,0.7561788295863588,1,1
2,1,0.3966262941515858,0,1
2,1,0.15775892475880648,0,1
2,1,0.8505065057967677,1,1
2,1,0.6957372088157997,1,1
2,1,0.8845136046288494,1,1
2,1,0.8126273085562259,1,1
2,1,0.6622568155309495,1,1
2,1,0.8328161563191525,1,1
2,1,0.5757171564102784,1,1
2,1,0.2468226300508007,0,1
2,1,0.6153494199677809,1,1
2,1,0.040578654734691785,0,0
2,1,0.8763027219185654,1,1
2,1,0.37787081220116336,0,1
2,0,0.26908383019269705,0,1
2,1,0.7168011871358944,1,1
2,1,0.7753495405823255,1,1
2,1,0.8798859162138339,1,1
2,1,0.40567360214651843,0,1
2,1,0.2242640725461532,0,1
2,1,0.6567071966734729,1,1
2,1,0.6511162475135265,1,1
2,1,0.5321255317873809,1,1
2,1,0.8520783340738225,1,1
2,1,0.6590332086911944,1,1
2,1,0.06688076582361006,0,1
2,1,0.8650115388203055,1,1
2,1,0.5947865877154683,1,1
2,1,0.680125777092254,1,1
2,1,0.5970949472309294,1,1
2,1,0.5244609470318111,1,1
2,0,0.637063918803543,1,1
2,1,0.8865069271073373,1,1
2,1,0.6731939087559833,1,1
2,1,0.3352459720477972,0,1
2,1,0.4465430463157562,0,1
2,1,0.3929807767466079,0,1
2,1,0.3039501153046954,0,1
2,1,0.5892755568719785,1,1
2,1,0.07279515343585247,0,1
2,1,0.45370200351274964,0,1
2,1,0.5683809691926371,1,1
2,1,0.58872859825717,1,1
2,1,0.48095506609861194,0,1
2,1,0.8224933453031,1,1
2,1,0.7319450469128512,1,1
2,1,0.6360135988954754,1,1
2,1,0.6971626803201268,1,1
2,1,0.7168266295683573,1,1
2,1,0.7997293352560247,1,1
2,1,0.1311916777323048,0,1
2,1,0.4461565026270494,0,1
2,1,0.8857970947359004,1,1
3,1,0.44886265542935383,0,1
3,1,0.6162893466552416,1,1
3,1,0.14635262121943893,0,1
3,0,0.1973941218564859,0,1
3,1,0.8422495268398916,1,1
3,1,0.1586114259875245,0,1
3,1,0.6907079511406237,1,1
3,1,0.3140704137923018,0,1
3,1,0.3856511118228812,0,1
3,1,0.763406312052234,1,1
3,0,0.12287076611129995,0,1
3,1,0.8836666965984554,1,1
3,1,0.37003468813437923,0,1
3,0,0.6689468733521257,1,1
3,1,0.4099129969065554,0,1
3,0,0.028578222599945125,0,0
3,0,0.16267143789036778,0,1
3,0,0.34682491273509425,0,1
3,1,0.15857848814306819,0,1
3,0,0.06298091840652452,0,0
3,1,0.8625707470316136,1,1
3,0,0.1517196308580447,0,1
3,1,0.4704051368707594,0,1
3,0,0.5870809466789813,1,1
3,1,0.13305010853148336,0,1
3,0,0.21745040800567372,0,1
3,0,0.09206627100346967,0,1
3,0,0.7271867853750107,1,1
3,1,0.49733957106252286,0,1
3,0,0.1569530296452862,0,1
3,0,0.7140421239043898,1,1
3,1,0.20455987420072125,0,1
3,1,0.8879915236802568,1,1
3,0,0.10731727758727949,0,1
3,0,0.48826086279726605,0,1
3,1,0.3743492305384559,0,1
3,1,0.6317643353286606,1,1
3,1,0.8602939903531074,1,1
3,1,0.8829626589918921,1,1
3,0,0.5680086691529654,1,1
3,1,0.3960141629208204,0,1
3,1,0.5865539821899585,1,1
3,1,0.45148109899441075,0,1
3,0,0.47405771138195285,0,1
3,1,0.8102955890720442,1,1
3,0,0.059213435790137874,0,0
3,1,0.17521990401583454,0,1
3,1,0.8835314995718831,1,1
3,0,0.655612073998528,1,1
3,0,0.3999085562288008,0,1
3,1,0.5017656022171824,1,1
3,0,0.5644558975635915,1,1
3,1,0.5338650964620213,1,1
3,1,0.881665586513715,1,1
3,1,0.536936162596628,1,1
3,1,0.8906595714466151,1,1
3,0,0.054043429756241386,0,0
3,1,0.1021980588375198,0,1
3,0,0.19844757281399159,0,1
3,0,0.06312437521659041,0,0
3,0,0.061330384955098245,0,0
3,1,0.4308724084666893,0,1
3,1,0.6990927854398089,1,1
3,0,0.45131843981794373,0,1
3,1,0.6033151026878643,1,1
3,1,0.6932717825932493,1,1
3,1,0.881637471211517,1,1
3,0,0.7438707953358542,1,1
3,0,0.41247170864110033,0,1
3,1,0.7891126099240227,1,1
3,1,0.8847598983364098,1,1
3,1,0.5732518799996508,1,1
3,0,0.4660125658089759,0,1
3,0,0.21335880723652342,0,1
3,1,0.7022555480951391,1,1
3,0,0.08268708780793159,0,1
3,0,0.6618976761405344,1,1
3,1,0.8536498348652133,1,1
3,1,0.8733808117532997,1,1
3,1,0.22742786731615003,0,1
3,1,0.6746202433665038,1,1
3,1,0.8875549273278782,1,1
3,0,0.47196022630259693,0,1
3,1,0.36946282401678376,0,1
3,1,0.37932200424627194,0,1
3,1,0.40881906839260534,0,1
3,1,0.622313382564654,1,1
3,1,0.5800910111448038,1,1
3,1,0.6487952838348907,1,1
3,1,0.6876263857624091,1,1
3,0,0.2127565700156045,0,1
3,1,0.3724512565724389,0,1
3,1,0.4905621826274416,0,1
3,1,0.6617306101775421,1,1
3,1,0.8830603146991218,1,1
3,0,0.033568229980232095,0,0
3,0,0.684160299518558,1,1
3,1,0.8526723850923215,1,1
3,1,0.14309723494182985,0,1
3,1,0.5857006843893041,1,1
3,1,0.6320263408710071,1,1
3,0,0.2031958624566746,0,1
3,1,0.8913107166230805,1,1
3,1,0.697124903137178,1,1
3,0,0.3393726738630843,0,1
3,1,0.8911114331133971,1,1
3,0,0.08058486163277798,0,1
3,1,0.1385784019729713,0,1
3,1,0.2667545175693293,0,1
3,1,0.8912308210136954,1,1
3,0,0.5608809399420285,1,1
3,1,0.8822216400226545,1,1
3,0,0.2228077116902656,0,1
3,0,0.0886784892451724,0,1
3,1,0.7535962111501702,1,1
3,1,0.8878580981201487,1,1
3,1,0.5606537454570759,1,1
3,1,0.804059824576183,1,1
3,1,0.8919327284274302,1,1
3,1,0.3335550656200892,0,1
3,1,0.15307416809622482,0,1
3,0,0.6785361285964032,1,1
3,1,0.8868390310429808,1,1
3,1,0.8913210150849729,1,1
3,1,0.722187282156322,1,1
3,1,0.8908797738020447,1,1
3,0,0.7117600763309114,1,1
3,1,0.29250562396303914,0,1
3,1,0.6220179042995235,1,1
3,1,0.8833555622526896,1,1
3,0,0.0364032519014328,0,0
3,1,0.5520819723560965,1,1
3,0,0.2923230430843499,0,1
3,1,0.29940235384599523,0,1
3,1,0.15438791341953365,0,1
3,1,0.2418037293673491,0,1
3,1,0.17147092957151824,0,1
3,1,0.880980547983398,1,1
3,1,0.890633915233139,1,1
3,1,0.6567835965458872,1,1
3,1,0.43565875004552007,0,1
3,0,0.5073856808253103,1,1
3,1,0.23256398414832277,0,1
3,0,0.1022212897639135,0,1
3,0,0.6144473640150306,1,1
3,0,0.10922761573320534,0,1
3,1,0.599922982685383,1,1
3,1,0.6812980425777273,1,1
3,1,0.48440434550653666,0,1
3,0,0.5469915274525043,1,1
3,1,0.7108599192404851,1,1
3,0,0.49094989035718034,0,1
3,1,0.8682612710393829,1,1
3,0,0.1655542427833446,0,1
3,0,0.03685304931250308,0,0
3,0,0.5667744555259772,1,1
3,1,0.2657031572380716,0,1
3,1,0.6881638046670608,1,1
3,0,0.23539614752391003,0,1
3,1,0.6314656695911527,1,1
3,1,0.8882600227157093,1,1
3,0,0.584491665180417,1,1
3,1,0.3472962817166851,0,1
3,0,0.21142786591017979,0,1
3,1,0.665274955409799,1,1
3,1,0.660972948013979,1,1
3,1,0.6498394782218228,1,1
3,0,0.3865626921709853,0,1
3,1,0.6864938310045541,1,1
3,1,0.8688797860903522,1,1
3,1,0.19485547338241216,0,1
3,1,0.67304426925748,1,1
3,1,0.5920387225262713,1,1
3,1,0.7856091551600883,1,1
3,1,0.6604045559628042,1,1
3,1,0.32793141380271773,0,1
3,1,0.80356856676281,1,1
3,1,0.5239955171594806,1,1
3,1,0.6991112059049526,1,1
3,1,0.6779096130254925,1,1
3,1,0.7255429935591154,1,1
3,1,0.592447906778924,1,1
3,0,0.5007969368466733,1,1
3,1,0.6037681672268006,1,1
3,1,0.21400693097734472,0,1
3,1,0.5540582915401777,1,1
3,0,0.5407126003402725,1,1
3,1,0.4366419391454393,0,1
3,1,0.8882975343970098,1,1
3,1,0.7064284226163728,1,1
3,1,0.5442576943827268,1,1
3,0,0.3266121032928308,0,1
3,1,0.5975229208816761,1,1
3,1,0.5052581408126209,1,1
3,1,0.2823023459884226,0,1
3,0,0.37268894600652397,0,1
3,1,0.40266205708331987,0,1
3,1,0.2311803705978911,0,1
3,1,0.098132028791268,0,1
3,1,0.5548312681481917,1,1
3,1,0.8834821414308268,1,1
3,1,0.8080049395521743,1,1
3,1,0.463979028004983,0,1
3,1,0.06497585377393644,0,1
3,1,0.0783899250907102,0,1
3,1,0.8903019244552556,1,1
3,1,0.48080402919693055,0,1
3,0,0.12958161342910443,0,1
3,1,0.8914185833175766,1,1
3,0,0.3547824007469824,0,1
3,1,0.5878008078407695,1,1
3,1,0.6215928096819928,1,1
3,1,0.3457734475310509,0,1
3,1,0.5402855173859524,1,1
3,0,0.694005946656767,1,1
3,0,0.04091233241510509,0,0
3,1,0.6592117609624726,1,1
3,1,0.07106927240981441,0,1
3,1,0.8897792738621647,1,1
3,1,0.6541145086822656,1,1
3,1,0.2340099384465626,0,1
3,1,0.5394042546713349,1,1
3,0,0.07108440386255871,0,1
3,1,0.6098537506830168,1,1
3,1,0.17591823946400126,0,1
3,1,0.6475894552092046,1,1
3,0,0.3523815965807582,0,1
3,0,0.6026675126988127,1,1
3,1,0.882092910808307,1,1
3,1,0.8632686688266317,1,1
3,1,0.8666983158344032,1,1
3,0,0.47065983353402996,0,1
3,1,0.36290813353686363,0,1
3,0,0.5689370800481729,1,1
3,1,0.6298463717989143,1,1
3,0,0.5392135355566371,1,1
3,0,0.6835942183788605,1,1
3,1,0.4140407887894948,0,1
3,0,0.14481944995003124,0,1
3,1,0.6054436216968607,1,1
3,1,0.6811218906486027,1,1
3,1,0.7095951774484023,1,1
3,0,0.7242096482221757,1,1
3,0,0.7508261626526441,1,1
3,1,0.7588424146594174,1,1
3,1,0.3130237316515951,0,1
3,0,0.3353820414190247,0,1
3,1,0.8896308920437519,1,1
3,1,0.5106879681884323,1,1
3,1,0.5344617503932694,1,1
3,0,0.0576001567470491,0,0
3,1,0.4240060851308101,0,1
3,0,0.12319089587730579,0,1
3,0,0.44874655973396943,0,1
3,1,0.7358880191043272,1,1
3,1,0.1726890605927616,0,1
3,0,0.1720326100115359,0,1
3,1,0.5634359465060338,1,1
3,1,0.6931247545769044,1,1
3,0,0.781468494977562,1,1
3,1,0.6038345357978812,1,1
3,0,0.17156971816140834,0,1
3,1,0.8711616206742269,1,1
3,1,0.8912395909042967,1,1
3,0,0.7347694120526027,1,1
3,1,0.8865503966073919,1,1
3,1,0.8367745121371654,1,1
3,0,0.37762859597103626,0,1
3,1,0.33165054339697003,0,1
3,1,0.8202252272196388,1,1
3,1,0.8534173151471384,1,1
3,1,0.11954353567843924,0,1
3,1,0.8756212949858267,1,1
3,1,0.6500401930835032,1,1
3,1,0.6303219353243623,1,1
3,1,0.1103486765080357,0,1
3,1,0.8717080746446095,1,1
3,0,0.7472541655497851,1,1
3,1,0.5500250260723443,1,1
3,1,0.07202346467460093,0,1
3,0,0.40911646802020446,0,1
3,1,0.7620910475149918,1,1
3,1,0.6513551156810786,1,1
3,1,0.5804742467516019,1,1
3,1,0.6898047986705674,1,1
3,1,0.4818309476628022,0,1
3,1,0.8875910246865354,1,1
3,0,0.7062685153863207,1,1
3,1,0.11845651303119303,0,1
3,0,0.07467377717220851,0,1
3,1,0.7742110967642712,1,1
3,1,0.6600101079603335,1,1
3,1,0.4546193918050718,0,1
3,1,0.4162427211414735,0,1
3,1,0.5390566958005495,1,1
3,1,0.15747480899255872,0,1
3,0,0.07420516894155217,0,1
3,1,0.4426001080383043,0,1
3,1,0.8913033669612067,1,1
3,1,0.4244287282312758,0,1
3,1,0.05434265954871336,0,0
3,1,0.26746728261070485,0,1
3,1,0.8726120513579796,1,1
3,0,0.48972416093244425,0,1
3,0,0.6706662064820602,1,1
3,1,0.4353695847184665,0,1
3,1,0.6713596636542115,1,1
3,1,0.7308855907125035,1,1
3,1,0.45852865944032023,0,1
3,1,0.2717828854127052,0,1
3,1,0.4696908921019698,0,1
3,0,0.38422642448061867,0,1
3,1,0.22333520952290317,0,1
3,1,0.14762030005622503,0,1
3,1,0.6065136025158193,1,1
3,1,0.5991954033764083,1,1
3,1,0.5654798788180041,1,1
3,1,0.7167930493654984,1,1
3,1,0.1412427929828895,0,1
3,1,0.5625918157305072,1,1
3,1,0.1950690903123416,0,1
3,1,0.2406096656421358,0,1
3,1,0.8893811939040633,1,1
3,1,0.8397574548833708,1,1
3,1,0.8903611157136904,1,1
3,0,0.2263016253303378,0,1
3,1,0.8836328548244156,1,1
3,1,0.5932888716747979,1,1
3,1,0.8067851488409963,1,1
3,1,0.16600279612569238,0,1
3,1,0.8285719750460164,1,1
3,0,0.17752482085820265,0,1
3,1,0.7652488020395234,1,1
3,1,0.18884960145829274,0,1
3,1,0.6514845970369826,1,1
3,1,0.8829704443010633,1,1
3,1,0.6525895222743763,1,1
3,0,0.7167510047975192,1,1
3,1,0.568441355698768,1,1
3,1,0.5969609839713976,1,1
3,0,0.6101696948848968,1,1
3,1,0.6153895223095935,1,1
3,1,0.7026596088116198,1,1
3,1,0.31481206695813124,0,1
3,1,0.7062570990520106,1,1
3,1,0.41921394471081513,0,1
3,1,0.15694296863922966,0,1
3,1,0.8769485244534262,1,1
3,1,0.8628067483824182,1,1
3,1,0.5999524670649432,1,1
3,1,0.67397863735626,1,1
3,1,0.4498897081350909,0,1
3,1,0.32268119263101624,0,1
3,1,0.7970246646006444,1,1
3,1,0.8754344989404104,1,1
3,1,0.5285957810684685,1,1
3,1,0.8411656024661982,1,1
3,0,0.542101144246514,1,1
3,1,0.6792508306185859,1,1
3,0,0.17502315765068352,0,1
3,1,0.67081774939603,1,1
3,1,0.8818714499158898,1,1
3,1,0.5930171240090205,1,1
3,1,0.8492650918938176,1,1
3,1,0.5556105113441331,1,1
3,1,0.7992668945751003,1,1
3,0,0.08210430850446103,0,1
3,0,0.07055634819435538,0,1
3,1,0.5866858676786835,1,1
3,1,0.09829443430940144,0,1
3,0,0.2481789111643632,0,1
3,1,0.2356330106903258,0,1
3,1,0.5998084536141826,1,1
3,1,0.8830767979191555,1,1
3,1,0.6331893738361574,1,1
3,1,0.7497507244715473,1,1
3,1,0.7746669891495546,1,1
3,1,0.8912527856447959,1,1
3,1,0.19907938931591374,0,1
3,1,0.6089373662189522,1,1
3,1,0.6004453023895087,1,1
3,1,0.5736655045378813,1,1
3,1,0.34455694877901194,0,1
3,1,0.7316571401897562,1,1
3,1,0.21316572640276757,0,1
3,1,0.7259634580620044,1,1
3,0,0.1954396578622138,0,1
3,1,0.6832409180472596,1,1
3,1,0.5564041100288942,1,1
3,1,0.5792912534252526,1,1
3,0,0.799969545710286,1,1
3,1,0.7174538722989737,1,1
3,1,0.76903200268993,1,1
3,0,0.0685515282792434,0,1
3,0,0.5580256777846886,1,1
3,0,0.1983104600839687,0,1
3,1,0.7941930365800003,1,1
3,0,0.6396480061580114,1,1
3,1,0.1543684961964775,0,1
3,1,0.09399303238430244,0,1
3,1,0.6776059753041808,1,1
3,1,0.4520079316526409,0,1
3,1,0.85956042270392,1,1
3,1,0.2848338427217957,0,1
3,1,0.7977855878389055,1,1
3,1,0.7823368342427776,1,1
3,0,0.2876269999266299,0,1
3,1,0.8859069391341443,1,1
3,1,0.854702572600383,1,1
3,1,0.6667909173911436,1,1
3,1,0.582703917768693,1,1
3,0,0.5117381496318253,1,1
3,1,0.2578839456874078,0,1
3,0,0.06227987171268291,0,0
3,1,0.5619298273867708,1,1
3,1,0.6933349950390355,1,1
3,1,0.7558446470225951,1,1
3,1,0.5981793596179966,1,1
3,1,0.2176703894474289,0,1
3,1,0.8843926855498746,1,1
3,1,0.8835494206621161,1,1
3,1,0.733446330105688,1,1
3,1,0.7956569104548435,1,1
3,1,0.5604459043057974,1,1
3,1,0.6992068033804916,1,1
3,1,0.8789225615065942,1,1
3,1,0.8908421740364721,1,1
3,1,0.14258619399651623,0,1
3,0,0.052536180462224476,0,0
3,0,0.7463226932305788,1,1
3,1,0.880924779546187,1,1
3,1,0.35498777939683634,0,1
3,1,0.7156761230251056,1,1
3,1,0.7033176202968748,1,1
3,1,0.4093437101353107,0,1
3,1,0.6106103633582056,1,1
3,1,0.7462566762683805,1,1
3,1,0.5526628616817634,1,1
3,1,0.4927154623519807,0,1
3,1,0.7714800675292404,1,1
3,1,0.7640011207802958,1,1
3,1,0.8431939343261843,1,1
3,1,0.8021095479148201,1,1
3,1,0.6817187239620488,1,1
3,1,0.5561090223891224,1,1
3,1,0.20035433902087071,0,1
3,0,0.033205352493494385,0,0
3,1,0.6619051846278109,1,1
3,1,0.7702573608644336,1,1
3,0,0.5238706139006323,1,1
3,0,0.18232541583749018,0,1
3,1,0.4634210197215377,0,1
3,0,0.2073331712385014,0,1
3,1,0.8835800642508356,1,1
3,1,0.8906410917257591,1,1
3,0,0.09908332214724949,0,1
3,1,0.5945105171875233,1,1
3,1,0.23108013809218014,0,1
3,1,0.8907113212560548,1,1
3,1,0.500815526783168,1,1
3,0,0.37345020457005984,0,1
3,0,0.07263493241831151,0,1
3,0,0.03686716017483156,0,0
3,0,0.43743133843894305,0,1
3,0,0.5776807317002377,1,1
3,1,0.6316236546896363,1,1
3,0,0.24630790095642296,0,1
3,1,0.634445813509048,1,1
3,1,0.3198549136141506,0,1
3,1,0.14078911394747023,0,1
3,0,0.509252467061048,1,1
3,1,0.4912766776121333,0,1
3,0,0.5780662231496654,1,1
3,1,0.8881996193212351,1,1
3,1,0.698674675438617,1,1
3,0,0.03142434405236275,0,0
3,1,0.8826321031211034,1,1
3,0,0.44098759367964024,0,1
3,1,0.34573837734779733,0,1
3,1,0.8662386518796059,1,1
3,0,0.366348422971755,0,1
3,0,0.47923783043479273,0,1
3,0,0.46415328090005464,0,1
3,1,0.8909178960569711,1,1
3,1,0.6783816931437802,1,1
3,1,0.2996747103793203,0,1
3,1,0.8794890288041259,1,1
3,0,0.38087513321680005,0,1
3,1,0.581319880504195,1,1
3,1,0.39439033099490284,0,1
3,0,0.11134037934805495,0,1
3,1,0.573105520915863,1,1
3,1,0.7285729745610391,1,1
3,1,0.8856318519324007,1,1
3,1,0.7298725966185248,1,1
3,1,0.6710045044649855,1,1
3,1,0.8884474078877412,1,1
3,1,0.567645480935604,1,1
3,1,0.8881775141086977,1,1
3,1,0.6625420957580471,1,1
3,0,0.1135491331791395,0,1
3,1,0.1331974973611861,0,1
3,1,0.8439018884261239,1,1
3,1,0.2060416117953016,0,1
3,1,0.18833172137630635,0,1
3,1,0.4543401543330984,0,1
3,1,0.3628550175982701,0,1
3,1,0.5772436105745365,1,1
3,1,0.5501061548899108,1,1
3,0,0.6203856043290372,1,1
3,0,0.31903617298863934,0,1
3,1,0.4928782423377954,0,1
3,1,0.6571389674837418,1,1
3,1,0.11776829973115147,0,1
3,0,0.7305838967813739,1,1
3,1,0.6841244889742246,1,1
3,1,0.2000282298938666,0,1
3,1,0.6608737869225115,1,1
3,1,0.6473540493423648,1,1
3,1,0.4666051952121806,0,1
3,1,0.19821457915807597,0,1
3,1,0.7500103630087163,1,1
3,1,0.2831607784023362,0,1
3,1,0.5988334068436953,1,1
3,1,0.6205609405800948,1,1
3,1,0.2234351287223486,0,1
3,1,0.5721741666646445,1,1
3,1,0.629021084829778,1,1
3,1,0.1431864894345651,0,1
3,1,0.6466093341145193,1,1
3,1,0.4197294345256132,0,1
3,1,0.6042060441848426,1,1
3,0,0.5870327778598916,1,1
3,1,0.03141314892652444,0,0
3,1,0.6086533886339361,1,1
3,1,0.6841030370966478,1,1
3,1,0.5409658056279677,1,1
3,1,0.41230543811953213,0,1
3,1,0.472694339658049,0,1
3,1,0.8689784009365947,1,1
3,1,0.7549250999360567,1,1
3,1,0.6785132688889226,1,1
3,0,0.6327088205123652,1,1
3,0,0.1502360728860921,0,1
3,1,0.6559438318818486,1,1
3,1,0.6547310962081436,1,1
3,1,0.7566002224081527,1,1
3,0,0.55242217423362,1,1
3,1,0.4941435109574839,0,1
3,1,0.5563253932027856,1,1
3,1,0.888116550987693,1,1
3,1,0.44259646762442034,0,1
3,1,0.7483381249717267,1,1
3,0,0.7642728365532423,1,1
3,1,0.45197222883283295,0,1
3,1,0.6970095537843167,1,1
3,0,0.25241028913029095,0,1
3,1,0.7291304078430229,1,1
3,1,0.5902009902594838,1,1
3,1,0.8724977814138003,1,1
3,1,0.8877983647236732,1,1
3,1,0.25834452888023113,0,1
3,1,0.8715057435924852,1,1
3,1,0.8832380745556193,1,1
3,1,0.6968379591097723,1,1
3,1,0.3160149820038897,0,1
3,1,0.6613239307937573,1,1
3,1,0.5751139743400295,1,1
3,1,0.6882579457222036,1,1
3,1,0.7045770204571759,1,1
3,1,0.8038594796200297,1,1
3,1,0.7703261928999415,1,1
3,1,0.7038434118510494,1,1
3,1,0.7436939137223134,1,1
3,1,0.5509188043951603,1,1
3,1,0.5255624827844801,1,1
3,1,0.5875802772166818,1,1
3,1,0.42046884307483157,0,1
3,1,0.7007270663910242,1,1
3,1,0.8723989474320177,1,1
3,1,0.5301503890722309,1,1
3,1,0.2466073890383069,0,1
3,1,0.5637595436451784,1,1
3,1,0.8912290232442059,1,1
3,1,0.7091199979176088,1,1
3,0,0.7539671540300278,1,1
3,1,0.7542469290263722,1,1
3,1,0.5785459425226332,1,1
3,1,0.11163564170857469,0,1
3,1,0.07456832223239074,0,1
3,1,0.7179127811365725,1,1
3,1,0.10462289559074812,0,1
3,1,0.8810602502048064,1,1
3,0,0.7322912626162053,1,1
3,1,0.8753292660136486,1,1
3,1,0.7391174466030149,1,1
3,1,0.33244614826495383,0,1
3,1,0.8803311836414434,1,1
3,0,0.6076964882294431,1,1
3,1,0.6436327129664045,1,1
3,1,0.36175544509300395,0,1
3,1,0.7895261814591121,1,1
3,1,0.7811279991302393,1,1
3,1,0.6227519998291673,1,1
3,1,0.7349738180860378,1,1
3,1,0.5199773110823663,1,1
3,1,0.6222244430903673,1,1
3,1,0.871767879086292,1,1
3,1,0.307078472571701,0,1
3,1,0.8889469917414783,1,1
3,0,0.3024821303841305,0,1
3,1,0.7690414668430882,1,1
3,1,0.6077413127483151,1,1
3,1,0.6703757793101848,1,1
3,0,0.5859518713432872,1,1
3,1,0.05739238288350481,0,0
3,1,0.4939054683412436,0,1
3,1,0.7809492826706305,1,1
3,1,0.7357430274297218,1,1
3,1,0.29802239309822476,0,1
3,1,0.8856511716152543,1,1
3,1,0.6560706877865502,1,1
3,1,0.25510735468135437,0,1
3,1,0.27895714960201173,0,1
3,0,0.8114140291966726,1,1
3,1,0.7027481945123782,1,1
3,1,0.3217191410064014,0,1
3,1,0.22641846991534287,0,1
3,1,0.797446730656142,1,1
3,1,0.8812241265348226,1,1
3,1,0.4560957494533779,0,1
3,1,0.7554022193332445,1,1
3,1,0.8889977131915376,1,1
3,1,0.755241725598127,1,1
3,1,0.6034821899436804,1,1
3,0,0.23425609105314335,0,1
3,0,0.264978278524742,0,1
3,1,0.5061740875720231,1,1
3,1,0.7096712696327255,1,1
3,1,0.8887610981539538,1,1
3,1,0.04207511383780664,0,0
3,1,0.7063030652309978,1,1
3,1,0.8885986019987916,1,1
3,1,0.1904756536063696,0,1
3,0,0.6052933165470931,1,1
3,1,0.8885804988047626,1,1
3,1,0.1320413326075327,0,1
3,0,0.11247611817846821,0,1
3,0,0.5992202148365965,1,1
3,1,0.6426315096424748,1,1
3,1,0.8714625759997755,1,1
3,0,0.3723020642142843,0,1
3,1,0.17187842660286162,0,1
3,1,0.7534762014411439,1,1
3,1,0.3788350117337927,0,1
3,1,0.5621715881917243,1,1
3,1,0.17369427073704158,0,1
3,1,0.6221549470732148,1,1
3,0,0.11456080053474262,0,1
3,1,0.6115057365934687,1,1
3,1,0.8232292490376215,1,1
3,1,0.2878078433906291,0,1
3,1,0.7228435088311334,1,1
3,1,0.5660483125000911,1,1
3,1,0.554416308897818,1,1
3,1,0.2701894583064963,0,1
3,0,0.6677258321995441,1,1
3,1,0.5871176108703029,1,1
3,1,0.31263151981838566,0,1
3,1,0.33245455093432236,0,1
3,1,0.5233193451622511,1,1
3,0,0.7269223048484319,1,1
3,1,0.6028806296375944,1,1
3,1,0.741562119538219,1,1
3,1,0.2680690741574261,0,1
3,1,0.8235241209771597,1,1
3,1,0.6851081445504964,1,1
3,1,0.6445855126949871,1,1
3,1,0.8762972520396097,1,1
3,0,0.13720033725796807,0,1
3,1,0.6609998369584899,1,1
3,1,0.6247687143040591,1,1
3,1,0.10312815550029905,0,1
3,1,0.14722487344081042,0,1
3,1,0.8886694898039099,1,1
3,1,0.6444734810706002,1,1
3,1,0.7734496899606831,1,1
3,1,0.42248947833968514,0,1
3,1,0.8895916717777602,1,1
3,1,0.5884553698087651,1,1
3,1,0.6979659230013386,1,1
3,1,0.6164555440105317,1,1
3,0,0.46897812688059726,0,1
3,1,0.3078863020423301,0,1
3,1,0.69637112906001,1,1
3,1,0.6724729893393009,1,1
3,1,0.7566714923539318,1,1
3,1,0.8510182334175574,1,1
3,1,0.42952713252687685,0,1
3,1,0.7248056857047247,1,1
3,1,0.40886839358663685,0,1
3,1,0.5942187507344003,1,1
3,0,0.388530035398293,0,1
3,1,0.06098560873589984,0,0
3,1,0.7573520282272848,1,1
3,1,0.4718858990718333,0,1
3,1,0.3378212807664369,0,1
3,1,0.5454337524291581,1,1
3,1,0.8895362248974762,1,1
3,1,0.8902755204547137,1,1
3,0,0.6359846615198846,1,1
3,1,0.7066242615267533,1,1
3,1,0.46223436310971205,0,1
3,1,0.47795036460360796,0,1
3,1,0.5597626727048971,1,1
3,0,0.19369371614593642,0,1
3,1,0.2191354063168105,0,1
3,1,0.8900164723283887,1,1
3,0,0.4446273402846221,0,1
3,1,0.7573689768194947,1,1
3,1,0.5369873066205677,1,1
3,0,0.20277143971061376,0,1
3,1,0.889297641679931,1,1
3,1,0.8878411412641589,1,1
3,1,0.6658253605713347,1,1
3,1,0.8898891878148015,1,1
3,1,0.6032535067082478,1,1
3,1,0.38125965714075855,0,1
3,1,0.4832258773750451,0,1
3,1,0.04705955587714741,0,0
3,1,0.8894520958208633,1,1
3,1,0.1865231329505321,0,1
3,1,0.5154989878608848,1,1
3,1,0.4750541814112628,0,1
3,1,0.6565537793920555,1,1
3,1,0.5749711126168376,1,1
3,1,0.5254332310028531,1,1
3,0,0.7126414135373437,1,1
3,1,0.42078382271892695,0,1
3,1,0.6631793280742828,1,1
3,1,0.8226709424670778,1,1
3,1,0.5414912720328036,1,1
3,1,0.6762237139179098,1,1
3,1,0.535442509611611,1,1
3,1,0.6846459119493199,1,1
3,1,0.542941448928776,1,1
3,0,0.3200233599443885,0,1
3,1,0.6463158704043023,1,1
3,1,0.4661766980025314,0,1
3,1,0.8897717872757047,1,1
3,1,0.6636153813670911,1,1
3,1,0.6794240693861728,1,1
3,1,0.24478563290746877,0,1
3,1,0.2656302103886522,0,1
3,1,0.6841730187087055,1,1
3,1,0.47826674949662057,0,1
3,1,0.2981948554641851,0,1
3,0,0.6633604655976039,1,1
3,1,0.4607437207314748,0,1
3,1,0.20263132314242197,0,1
3,1,0.38346623134404106,0,1
3,1,0.5479222939260643,1,1
3,1,0.15501777059025582,0,1
3,1,0.2880088258652215,0,1
3,1,0.07748408600567429,0,1
3,1,0.5997173107882268,1,1
3,1,0.8313349109481633,1,1
3,0,0.06030233105939416,0,0
3,1,0.7356424060130882,1,1
3,1,0.1675097273504658,0,1
3,1,0.6907504810863074,1,1
3,0,0.261406920255702,0,1
3,1,0.8319499567849876,1,1
3,1,0.8903451720583175,1,1
3,1,0.8484704113688801,1,1
3,1,0.7814444573971687,1,1
3,0,0.1280592127647205,0,1
3,1,0.7305249898014691,1,1
3,1,0.8918121737598617,1,1
3,1,0.8090080960339473,1,1
3,1,0.4641704906040336,0,1
3,0,0.5505888156485457,1,1
3,1,0.8903016245849292,1,1
3,1,0.22730872013849757,0,1
3,1,0.8081596441103043,1,1
3,1,0.609145784868469,1,1
3,1,0.5905675653663165,1,1
3,1,0.2706279014487394,0,1
3,1,0.5834603140540778,1,1
3,1,0.8913515100119183,1,1
3,1,0.6324436823122944,1,1
3,1,0.7788623224159942,1,1
3,0,0.12821480399196233,0,1
3,1,0.4482037131567992,0,1
3,1,0.503126012761678,1,1
3,1,0.8918849885094243,1,1
3,1,0.6481000803696759,1,1
3,1,0.5319853464736758,1,1
3,1,0.5767954049545259,1,1
3,1,0.3987968759720115,0,1
3,1,0.8799573406121743,1,1
3,1,0.15756893603073865,0,1
3,1,0.28031784765712325,0,1
3,1,0.8867511545783584,1,1
3,1,0.5204060077109689,1,1
3,1,0.4807550079783998,0,1
3,0,0.7053545716886866,1,1
3,1,0.5506336158666199,1,1
3,1,0.10936554381789597,0,1
3,1,0.4756222934870745,0,1
3,1,0.5910897277665728,1,1
3,1,0.17662181976868135,0,1
3,1,0.5136276223911891,1,1
3,1,0.043657626284330946,0,0
3,1,0.7611986406299638,1,1
3,1,0.27223188138914545,0,1
3,1,0.8534155286338455,1,1
3,1,0.7357184904790062,1,1
3,1,0.1019176560676341,0,1
3,1,0.6163802435698188,1,1
3,1,0.7613364936086809,1,1
3,1,0.634157487671048,1,1
3,1,0.5069035806839115,1,1
3,1,0.8419735385148941,1,1
3,1,0.83902836990184,1,1
3,1,0.2961672989840971,0,1
4,0,0.02621652444957637,0,0
4,1,0.5606825005199555,1,1
4,1,0.4917647026199801,0,1
4,1,0.14024837513999386,0,1
4,1,0.45632109944235544,0,1
4,1,0.598141595370461,1,1
4,1,0.1567153221569997,0,1
4,1,0.22882460613296707,0,1
4,1,0.3138951542377014,0,1
4,0,0.16991157602749443,0,1
4,0,0.09625057444937352,0,1
4,0,0.5729345789469915,1,1
4,1,0.4899650241505395,0,1
4,0,0.13257068888336937,0,1
4,1,0.28563409714845417,0,1
4,0,0.17775321434446945,0,1
4,1,0.8878190868628735,1,1
4,0,0.10497647498772522,0,1
4,0,0.2914618013755028,0,1
4,1,0.6996199309157305,1,1
4,1,0.09595016548035201,0,1
4,1,0.8268243131906394,1,1
4,0,0.18108483166328831,0,1
4,1,0.8865582201788388,1,1
4,0,0.36804077095372456,0,1
4,1,0.3042260226723652,0,1
4,0,0.17432963236547305,0,1
4,0,0.24006668382343943,0,1
4,0,0.05568199640723379,0,0
4,0,0.1386985667389244,0,1
4,0,0.25414943407054674,0,1
4,0,0.15844937189586233,0,1
4,1,0.05641869913057797,0,0
4,1,0.04702939443132353,0,0
4,1,0.225195244256971,0,1
4,1,0.7131006533156575,1,1
4,1,0.8793661898473996,1,1
4,1,0.886658214149158,1,1
4,1,0.8446698066482572,1,1
4,0,0.6410514870441677,1,1
4,1,0.044585891695538636,0,0
4,1,0.8831973983110656,1,1
4,1,0.6202879421224032,1,1
4,0,0.08235716033698974,0,1
4,0,0.06619874001204376,0,1
4,0,0.4630290256472142,0,1
4,0,0.08929702948557744,0,1
4,1,0.6427445943197582,1,1
4,0,0.481927118596344,0,1
4,1,0.49034264332228716,0,1
4,1,0.31947904040468794,0,1
4,1,0.8835286872612692,1,1
4,1,0.45677521765910745,0,1
4,1,0.2699977053790684,0,1
4,1,0.16712742924995558,0,1
4,1,0.6601734720802687,1,1
4,1,0.8044905154970977,1,1
4,1,0.6944965318329851,1,1
4,0,0.11803411676040441,0,1
4,1,0.8838774869983269,1,1
4,0,0.28391783423894384,0,1
4,1,0.176908423865986,0,1
4,1,0.8767352263705038,1,1
4,0,0.1948247335589229,0,1
4,0,0.0530090022810143,0,0
4,0,0.23179833636326685,0,1
4,1,0.561459052822269,1,1
4,1,0.8627680397336349,1,1
4,1,0.88476976092097,1,1
4,1,0.8704141580645075,1,1
4,1,0.4175451474145861,0,1
4,0,0.24348903123237262,0,1
4,1,0.09361536627119078,0,1
4,1,0.683117223074424,1,1
4,0,0.09370388414626725,0,1
4,0,0.11566546407147318,0,1
4,1,0.6311397018624217,1,1
4,1,0.5462996582939347,1,1
4,0,0.08188992771624722,0,1
4,1,0.8876733058958455,1,1
4,1,0.2531219113580455,0,1
4,1,0.42108347400093327,0,1
4,1,0.8863755482332647,1,1
4,0,0.026933520957888764,0,0
4,1,0.8804549583057175,1,1
4,1,0.8149603544638314,1,1
4,1,0.2254649489491189,0,1
4,1,0.6245369066546622,1,1
4,1,0.886595804573294,1,1
4,1,0.8858876254873188,1,1
4,1,0.2613398377443028,0,1
4,1,0.7313917221261149,1,1
4,1,0.3570898912844951,0,1
4,1,0.7390413410673148,1,1
4,1,0.28995200952578476,0,1
4,0,0.33295522804560673,0,1
4,0,0.6792496156806943,1,1
4,1,0.433389342432746,0,1
4,1,0.7232680068004342,1,1
4,0,0.07288818293497051,0,1
4,0,0.1972764865274801,0,1
4,1,0.7730536929935286,1,1
4,1,0.5608257781191996,1,1
4,0,0.4402621881937625,0,1
4,0,0.4996791514497391,0,1
4,0,0.09325485110614622,0,1
4,1,0.11523100572468674,0,1
4,1,0.6641267874511703,1,1
4,1,0.6196916317767641,1,1
4,1,0.48338004386345285,0,1
4,1,0.6937832042608274,1,1
4,1,0.8686202029794219,1,1
4,0,0.33747574309371214,0,1
4,1,0.661183779676529,1,1
4,1,0.42311577637785086,0,1
4,1,0.12921618245009986,0,1
4,0,0.19455906582703902,0,1
4,0,0.8491652001532803,1,1
4,0,0.3611944846357554,0,1
4,0,0.5027429935606067,1,1
4,0,0.2882258112284061,0,1
4,1,0.4698060229054422,0,1
4,1,0.8111804671030728,1,1
4,1,0.887863413991081,1,1
4,1,0.7407741656743279,1,1
4,0,0.0980151200824098,0,1
4,1,0.5237730083955628,1,1
4,1,0.7648692145584381,1,1
4,0,0.06723503991989951,0,1
4,1,0.4724390086553821,0,1
4,1,0.8879598664570932,1,1
4,1,0.653946317684059,1,1
4,1,0.392011922029804,0,1
4,1,0.7083876925423261,1,1
4,0,0.24116412040116728,0,1
4,1,0.07639111493489306,0,1
4,1,0.30989138031046337,0,1
4,0,0.051102405299281076,0,0
4,1,0.7239539748062247,1,1
4,0,0.036197171020077655,0,0
4,0,0.041705896328070105,0,0
4,1,0.5880265036952874,1,1
4,0,0.11188594589924741,0,1
4,1,0.8804982608255149,1,1
4,1,0.6645931994958176,1,1
4,1,0.1870934941727733,0,1
4,1,0.6781503596395675,1,1
4,1,0.4074605298262243,0,1
4,1,0.7687817243024742,1,1
4,1,0.2356816658796629,0,1
4,0,0.5957930005137222,1,1
4,1,0.24909791478625448,0,1
4,0,0.4351691511539098,0,1
4,0,0.5694906769556601,1,1
4,1,0.20349166797609533,0,1
4,0,0.1271782610786608,0,1
4,1,0.2126096787616182,0,1
4,1,0.8336070412217756,1,1
4,1,0.14441593358239124,0,1
4,0,0.2210963215943413,0,1
4,0,0.29396441939451096,0,1
4,0,0.6024358468868405,1,1
4,0,0.28408826875043475,0,1
4,1,0.33253998168667703,0,1
4,1,0.5160801101631669,1,1
4,0,0.07722415901562518,0,1
4,0,0.6884806674375934,1,1
4,1,0.38068016714442343,0,1
4,0,0.2335860888874672,0,1
4,1,0.7640062766436965,1,1
4,1,0.2696078729567162,0,1
4,0,0.5602902441686224,1,1
4,1,0.8681335770436596,1,1
4,1,0.877916679951592,1,1
4,0,0.0590261692294574,0,0
4,1,0.4110085609879741,0,1
4,1,0.8734872641753432,1,1
4,1,0.8341878607939097,1,1
4,1,0.6762428559653137,1,1
4,1,0.7970284000674919,1,1
4,1,0.8567934136211163,1,1
4,1,0.6680992721692826,1,1
4,0,0.26633247322859366,0,1
4,0,0.6339523780062088,1,1
4,1,0.5269634362143447,1,1
4,1,0.8754002873073161,1,1
4,1,0.7570832212557679,1,1
4,1,0.2418853253209346,0,1
4,0,0.09477955764229685,0,1
4,1,0.8798035560488865,1,1
4,1,0.3172236269041362,0,1
4,1,0.6113805613791128,1,1
4,1,0.5514921835486079,1,1
4,1,0.3529414155477758,0,1
4,0,0.11735338284866804,0,1
4,1,0.8635660151538993,1,1
4,1,0.38752510258622463,0,1
4,1,0.6808026235493979,1,1
4,1,0.23812445326032816,0,1
4,1,0.5612851906496122,1,1
4,1,0.22906169111157532,0,1
4,1,0.6966440524214711,1,1
4,1,0.3955886383456959,0,1
4,1,0.680291180824171,1,1
4,1,0.7495347462150472,1,1
4,0,0.4841759374655814,0,1
4,1,0.4592189612411226,0,1
4,1,0.1350140726787383,0,1
4,1,0.8821576573998197,1,1
4,1,0.8883749479605351,1,1
4,1,0.6960061173139495,1,1
4,0,0.5642846918102782,1,1
4,1,0.7718830114033874,1,1
4,0,0.46461110649329396,0,1
4,1,0.8827087103618335,1,1
4,0,0.24767951980708805,0,1
4,1,0.8811421396429028,1,1
4,1,0.2887278247463957,0,1
4,1,0.8728335275242348,1,1
4,1,0.1208391190612448,0,1
4,1,0.8493082693273888,1,1
4,1,0.6739007002654893,1,1
4,1,0.8307829870418124,1,1
4,1,0.8852070064258416,1,1
4,1,0.8697566388837711,1,1
4,1,0.4427482542213475,0,1
4,1,0.22546794588091393,0,1
4,1,0.7730413194213788,1,1
4,1,0.6309379229724931,1,1
4,1,0.8824054810402725,1,1
4,0,0.25615737450306586,0,1
4,1,0.1518676741781142,0,1
4,1,0.7314462914324072,1,1
4,1,0.8662203536974905,1,1
4,1,0.6489455929711523,1,1
4,1,0.5927509432690591,1,1
4,0,0.23570119475441104,0,1
4,0,0.7007965080581205,1,1
4,1,0.884491192713865,1,1
4,1,0.8867002385109195,1,1
4,0,0.3348178802875879,0,1
4,1,0.03282353146383648,0,0
4,1,0.6747968325058976,1,1
4,1,0.8729639255605512,1,1
4,1,0.14677758700866286,0,1
4,1,0.583867409559556,1,1
4,1,0.6431085447986892,1,1
4,1,0.8728017344841125,1,1
4,0,0.5514222765906933,1,1
4,0,0.511842168644936,1,1
4,1,0.48030500294200623,0,1
4,1,0.8848542558981238,1,1
4,1,0.07886798113848797,0,1
4,1,0.8820063149848115,1,1
4,1,0.8834450147275306,1,1
4,1,0.8862554265878155,1,1
4,1,0.3450377829745955,0,1
4,1,0.10430617121869215,0,1
4,1,0.4804137889221716,0,1
4,1,0.7335868644169943,1,1
4,1,0.3193494134794216,0,1
4,0,0.08336482426709192,0,1
4,1,0.8843641277876297,1,1
4,1,0.6239467954326061,1,1
4,0,0.23569983146789023,0,1
4,1,0.6738477883451977,1,1
4,1,0.2793048031754776,0,1
4,1,0.8874722301625929,1,1
4,1,0.6570359725257786,1,1
4,1,0.8888348961996425,1,1
4,1,0.5396190395545363,1,1
4,0,0.1929280294964905,0,1
4,1,0.41975933095748313,0,1
4,1,0.5476565282185027,1,1
4,1,0.876294374289697,1,1
4,1,0.8678199999773178,1,1
4,1,0.6256096174400329,1,1
4,1,0.8486369875422597,1,1
4,1,0.2608890169409269,0,1
4,0,0.4730526820545455,0,1
4,1,0.8699941615034452,1,1
4,0,0.519378766963593,1,1
4,0,0.618895367307988,1,1
4,1,0.827625306588739,1,1
4,0,0.5309543490605316,1,1
4,1,0.7381087324121226,1,1
4,0,0.04535167171944609,0,0
4,1,0.8822157217636367,1,1
4,1,0.4405497693870108,0,1
4,1,0.05091004527053909,0,0
4,1,0.17170668759743216,0,1
4,1,0.47462368358023216,0,1
4,1,0.8847450388632637,1,1
4,1,0.881857103912191,1,1
4,0,0.10589612871578657,0,1
4,1,0.5936564898538449,1,1
4,1,0.8342155438550463,1,1
4,0,0.7169170512139447,1,1
4,1,0.6951832265783247,1,1
4,0,0.10211212541702198,0,1
4,0,0.620374973084501,1,1
4,1,0.870927408084086,1,1
4,1,0.6517131724753502,1,1
4,0,0.26392892165201065,0,1
4,1,0.4491476581504683,0,1
4,1,0.5893831357514093,1,1
4,0,0.23226804716380658,0,1
4,1,0.8887812356937926,1,1
4,1,0.8881257439793445,1,1
4,0,0.04508389598088417,0,0
4,0,0.1128786472469574,0,1
4,0,0.08668623970980985,0,1
4,1,0.5758221904928185,1,1
4,1,0.8343683794196067,1,1
4,1,0.32087820810003836,0,1
4,0,0.7394054413289312,1,1
4,1,0.7048514091407713,1,1
4,1,0.18424804801263403,0,1
4,0,0.09893055152659185,0,1
4,0,0.3550435352934981,0,1
4,1,0.5229331277430556,1,1
4,1,0.8153864313577972,1,1
4,1,0.20201596937570013,0,1
4,1,0.5036155691871789,1,1
4,0,0.235016099916702,0,1
4,0,0.8079786196197948,1,1
4,1,0.13917036646133848,0,1
4,1,0.8863802984979402,1,1
4,1,0.8714415258800052,1,1
4,1,0.06746692724492737,0,1
4,1,0.6041195011458197,1,1
4,1,0.8839554107845702,1,1
4,1,0.6733469193154171,1,1
4,1,0.6373085099175945,1,1
4,1,0.6490437180412842,1,1
4,0,0.10686481652321113,0,1
4,1,0.8616159222364056,1,1
4,1,0.7368271709629763,1,1
4,0,0.5630649523168154,1,1
4,1,0.8833812014243564,1,1
4,1,0.8641235415171897,1,1
4,1,0.6256591386838931,1,1
4,1,0.36935956481532695,0,1
4,1,0.6828280012933766,1,1
4,1,0.520912184042948,1,1
4,0,0.3329896841643927,0,1
4,0,0.4426889635874632,0,1
4,0,0.6062355140815486,1,1
4,1,0.8711627423663181,1,1
4,1,0.42084790898154756,0,1
4,1,0.7047826761059469,1,1
4,1,0.44805397614117454,0,1
4,0,0.5517930084135214,1,1
4,1,0.7030899031803947,1,1
4,0,0.21974839500097257,0,1
4,1,0.737022983814499,1,1
4,1,0.07446556074935964,0,1
4,1,0.8749355029501817,1,1
4,1,0.8617914803377503,1,1
4,1,0.6779361949239612,1,1
4,1,0.1364070613071404,0,1
4,1,0.31393106184876746,0,1
4,1,0.5262528038801082,1,1
4,1,0.8344424846297469,1,1
4,1,0.3451492204614986,0,1
4,1,0.4923978624654223,0,1
4,1,0.5004971309163363,1,1
4,1,0.8806385144942459,1,1
4,1,0.5555886007634693,1,1
4,1,0.6927791314721238,1,1
4,0,0.6263634389869313,1,1
4,1,0.8724575758875783,1,1
4,1,0.8764531958555165,1,1
4,1,0.5376946200070872,1,1
4,1,0.6507066369378499,1,1
4,0,0.2312684618748247,0,1
4,1,0.8873749519727608,1,1
4,0,0.09753456568955443,0,1
4,1,0.8883330935995426,1,1
4,1,0.13501320150021737,0,1
4,0,0.12111250604235195,0,1
4,0,0.1622614503506454,0,1
4,1,0.8862515580258449,1,1
4,1,0.8046037254024768,1,1
4,0,0.12336629897290768,0,1
4,1,0.27260611398664963,0,1
4,1,0.09169607849415362,0,1
4,1,0.34079433931035846,0,1
4,1,0.8383213637205077,1,1
4,1,0.49033961853027747,0,1
4,1,0.03497164266677426,0,0
4,1,0.030778845101715885,0,0
4,1,0.10018508698477037,0,1
4,1,0.4674358015303993,0,1
4,1,0.8870229236833537,1,1
4,1,0.16608498338168484,0,1
4,1,0.3608691939123285,0,1
4,1,0.8292341996165599,1,1
4,1,0.8874181741850276,1,1
4,1,0.32732148736694694,0,1
4,1,0.8521505446872697,1,1
4,1,0.8858911829593927,1,1
4,0,0.5061651928848112,1,1
4,1,0.8777589050703041,1,1
4,1,0.522289164995634,1,1
4,0,0.03562609889012665,0,0
4,1,0.335099998558884,0,1
4,1,0.5849189290882892,1,1
4,0,0.035059198775216065,0,0
4,1,0.8752275447635688,1,1
4,0,0.0774951675505071,0,1
4,1,0.5817301580074126,1,1
4,1,0.8736767450734914,1,1
4,1,0.6813478139434854,1,1
4,1,0.692807875999125,1,1
4,1,0.1489470913624057,0,1
4,1,0.3954141179407133,0,1
4,1,0.4678377814310675,0,1
4,1,0.1781221357823212,0,1
4,1,0.306801518115489,0,1
4,1,0.5086371368924897,1,1
4,1,0.5746552610010262,1,1
4,1,0.525219435987902,1,1
4,1,0.5940033330895902,1,1
4,0,0.6079659838354254,1,1
4,1,0.5728756657879479,1,1
4,1,0.8851587182836148,1,1
4,1,0.8785615587564115,1,1
4,1,0.530908845887338,1,1
4,1,0.6669929158188356,1,1
4,1,0.7107088920215135,1,1
4,1,0.7062335965384585,1,1
4,1,0.709352617529835,1,1
4,1,0.4361062752748169,0,1
4,1,0.8271204042832302,1,1
4,1,0.05213766975168098,0,0
4,1,0.7796697832373697,1,1
4,1,0.6219823515461779,1,1
4,1,0.09284483720036973,0,1
4,1,0.21307628545396323,0,1
4,1,0.4389384470316811,0,1
4,1,0.5240918419754926,1,1
4,1,0.6726210117413697,1,1
4,1,0.11262324242569072,0,1
4,1,0.8551528941169272,1,1
4,0,0.7007582682308238,1,1
4,1,0.5131915178507581,1,1
4,0,0.36280300166870283,0,1
4,1,0.726165944498812,1,1
4,0,0.41551426041405504,0,1
4,1,0.8796567677824855,1,1
4,1,0.29583772392850444,0,1
4,0,0.3418498612041332,0,1
4,1,0.8872155513512245,1,1
4,1,0.8873983511910701,1,1
4,1,0.8727097876335395,1,1
4,1,0.6833720457840503,1,1
4,0,0.5000620113769453,1,1
4,1,0.30444987463673684,0,1
4,1,0.1113045257890585,0,1
4,1,0.8880381216257489,1,1
4,1,0.5484408887670422,1,1
4,1,0.8709608346485538,1,1
4,1,0.8657230040479214,1,1
4,1,0.887561170756947,1,1
4,1,0.7227157158342783,1,1
4,0,0.04407126391346337,0,0
4,1,0.8853601867321171,1,1
4,1,0.5854030787173082,1,1
4,1,0.4308067639738494,0,1
4,1,0.2942812508312997,0,1
4,1,0.43410128426114164,0,1
4,1,0.1260177929705388,0,1
4,1,0.5061509315669798,1,1
4,1,0.10316978681919566,0,1
4,0,0.1930504287750324,0,1
4,0,0.07515421544714337,0,1
4,0,0.6882327981025816,1,1
4,1,0.14137939728014018,0,1
4,1,0.6642604943813598,1,1
4,1,0.09083057679883354,0,1
4,0,0.7860716551073899,1,1
4,1,0.7512036617891878,1,1
4,1,0.815255221029339,1,1
4,1,0.6344399735753955,1,1
4,0,0.3474994466968891,0,1
4,1,0.6105579655940975,1,1
4,0,0.6684570672839654,1,1
4,1,0.4143345405551927,0,1
4,1,0.5446560343235788,1,1
4,1,0.8763344093112101,1,1
4,1,0.5346065308589935,1,1
4,0,0.44971565627425747,0,1
4,1,0.5215800760711347,1,1
4,1,0.5061980536628281,1,1
4,0,0.13081770261273065,0,1
4,1,0.8813775086132073,1,1
4,1,0.8554031249450869,1,1
4,1,0.8849329964163828,1,1
4,0,0.4766900900767743,0,1
4,1,0.884328217571454,1,1
4,1,0.5166048507623128,1,1
4,1,0.877566552029055,1,1
4,0,0.5709502692994657,1,1
4,0,0.03811957440293735,0,0
4,1,0.8699009700325997,1,1
4,0,0.16150877680276243,0,1
4,0,0.12776398908643571,0,1
4,1,0.6006434202675948,1,1
4,1,0.13910315641906656,0,1
4,1,0.6059578130052415,1,1
4,1,0.8703289347164153,1,1
4,1,0.160902360886282,0,1
4,1,0.8702529337104827,1,1
4,1,0.40515413963209085,0,1
4,1,0.5914067796245973,1,1
4,0,0.1875550260934338,0,1
4,1,0.7291251208466253,1,1
4,1,0.6341580764385379,1,1
4,1,0.6501193928661851,1,1
4,1,0.7249218275591803,1,1
4,1,0.7341622278737935,1,1
4,1,0.6682305977595012,1,1
4,1,0.6915986620880672,1,1
4,1,0.7832248832956269,1,1
4,1,0.7228427057464646,1,1
4,1,0.729738017091632,1,1
4,1,0.5997195632245196,1,1
4,1,0.8616516285771814,1,1
4,1,0.30436590415601317,0,1
4,1,0.4278023181612811,0,1
4,1,0.88771725527941,1,1
4,1,0.6127000566375452,1,1
4,1,0.5178479942264684,1,1
4,1,0.12090264829596015,0,1
4,1,0.369421603143506,0,1
4,1,0.5903635275512101,1,1
4,1,0.2103937533803463,0,1
4,1,0.3238723650879321,0,1
4,1,0.09047480746048506,0,1
4,0,0.05539784458064962,0,0
4,1,0.15682280144153155,0,1
4,1,0.6190743617771965,1,1
4,1,0.8431861450016502,1,1
4,1,0.7069986887884441,1,1
4,1,0.8542442278371242,1,1
4,1,0.6995444761507279,1,1
4,1,0.8758433110234597,1,1
4,1,0.4441121727473762,0,1
4,1,0.46910953857834037,0,1
4,1,0.05660872221233459,0,0
4,1,0.8839011813520176,1,1
4,1,0.6861418380404171,1,1
4,1,0.860729328672577,1,1
4,1,0.6032424151664596,1,1
4,1,0.6094176481888404,1,1
4,0,0.555955951106428,1,1
4,1,0.4407391958363213,0,1
4,1,0.5747002673515519,1,1
4,1,0.3045359446990086,0,1
4,1,0.8750243918201991,1,1
4,1,0.8721532826079877,1,1
4,1,0.5836919591096082,1,1
4,1,0.4233741674531165,0,1
4,1,0.5909916582735502,1,1
4,1,0.8520733564380505,1,1
4,1,0.626100759437196,1,1
4,1,0.885665533328557,1,1
4,1,0.6938807731932355,1,1
4,1,0.8714090430789813,1,1
4,1,0.7059312834278229,1,1
4,1,0.6246411555967382,1,1
4,1,0.6917669686882029,1,1
4,1,0.7213830953726297,1,1
4,1,0.8861121103040154,1,1
4,1,0.14734547213617247,0,1
4,1,0.16685072495268907,0,1
4,1,0.8644158326118938,1,1
4,0,0.4520592824291083,0,1
4,1,0.20179848091664257,0,1
4,1,0.3533776157769256,0,1
4,1,0.8834076866042345,1,1
4,1,0.869117394681004,1,1
4,1,0.13711181471457273,0,1
4,0,0.6096037929145401,1,1
4,1,0.776694638796087,1,1
4,1,0.10185751697549353,0,1
4,1,0.8787245001369617,1,1
4,1,0.8886006999753355,1,1
4,1,0.6698243604522054,1,1
4,1,0.87570443506034,1,1
4,1,0.8658818226365533,1,1
4,1,0.775576835315822,1,1
4,1,0.24251592948055342,0,1
4,1,0.19213648233985137,0,1
4,1,0.8720892787291372,1,1
4,1,0.5361978904073778,1,1
4,1,0.8820626297579574,1,1
4,1,0.8871166947720192,1,1
4,1,0.3049592670739947,0,1
4,0,0.39970777784510136,0,1
4,1,0.770197510507738,1,1
4,1,0.6998715518987879,1,1
4,1,0.13082603896292833,0,1
4,1,0.8436149988855001,1,1
4,0,0.1170505469695548,0,1
4,1,0.6998772201354296,1,1
4,0,0.5355861536346032,1,1
4,1,0.519999582268097,1,1
4,1,0.2837385893948708,0,1
4,1,0.8567328112309224,1,1
4,1,0.7109471370405702,1,1
4,1,0.4937240217266286,0,1
4,0,0.17921573961458429,0,1
4,1,0.5320442319819578,1,1
4,1,0.09638591954660403,0,1
4,1,0.8869141385476665,1,1
4,1,0.42304082170180446,0,1
4,0,0.10097214820042658,0,1
4,1,0.737517907016955,1,1
4,1,0.8870896735099761,1,1
4,1,0.8660846189105705,1,1
4,1,0.8505442405698497,1,1
4,1,0.27067167860714886,0,1
4,1,0.5272961680252446,1,1
4,1,0.1382278689319899,0,1
4,1,0.5954961817084877,1,1
4,1,0.6247589697390165,1,1
4,1,0.8859755309948216,1,1
4,1,0.7730815910056296,1,1
4,1,0.525318934006164,1,1
4,1,0.880043200623629,1,1
4,1,0.582998625466291,1,1
4,1,0.13236074021611077,0,1
4,1,0.27997247017152155,0,1
4,1,0.7808449228440263,1,1
4,1,0.5269975005034446,1,1
4,1,0.5379371799906255,1,1
4,1,0.7460826317497447,1,1
4,0,0.2935630525350082,0,1
4,1,0.7954188187014954,1,1
4,1,0.6637137787225272,1,1
4,1,0.6281082066227629,1,1
4,1,0.8843100231206878,1,1
4,1,0.8599740186089938,1,1
4,0,0.5963576340421798,1,1
4,1,0.44962316134100666,0,1
4,1,0.33706845003762614,0,1
4,1,0.5173036925064,1,1
4,1,0.10496230518213233,0,1
4,1,0.5703918706622085,1,1
4,1,0.2738812630336481,0,1
4,1,0.45995876944930947,0,1
4,1,0.8863403929015271,1,1
4,1,0.3686685250424547,0,1
4,1,0.8199105728490286,1,1
4,1,0.4313626520662658,0,1
4,1,0.37755677345312905,0,1
4,1,0.2014737186039065,0,1
4,1,0.5604186903655084,1,1
4,1,0.880679073603772,1,1
4,1,0.45806916117670793,0,1
4,1,0.6682256998977284,1,1
4,1,0.04979288908446661,0,0
4,0,0.4486384648016107,0,1
4,1,0.46992896248749927,0,1
4,1,0.8876047954076296,1,1
4,1,0.8862232801431047,1,1
4,0,0.026764733039324307,0,0
4,0,0.5029598742211844,1,1
4,1,0.5798215569902319,1,1
4,1,0.1409588925379088,0,1
4,1,0.5847489806958986,1,1
4,1,0.11610874171959067,0,1
4,1,0.8885639398953756,1,1
4,1,0.6670934803416695,1,1
4,1,0.6752639881345192,1,1
4,1,0.401200573503357,0,1
4,1,0.4897849141668218,0,1
4,1,0.8867443726625795,1,1
4,1,0.5692663723496943,1,1
4,1,0.8876694759241086,1,1
4,1,0.5147875387166223,1,1
4,0,0.20141916398522722,0,1
4,1,0.46497765718536405,0,1
4,1,0.17424038812926,0,1
4,1,0.5244479604465041,1,1
4,1,0.8455646953840034,1,1
4,0,0.3037364288308086,0,1
4,1,0.22102770302002583,0,1
4,1,0.733638529932447,1,1
4,1,0.7579547932502491,1,1
4,1,0.6363811734210585,1,1
4,1,0.7170934276371038,1,1
4,0,0.06039195804226154,0,0
4,1,0.3801542132127794,0,1
4,1,0.11504032593053425,0,1
4,1,0.22394431940697784,0,1
4,1,0.789330389014851,1,1
4,1,0.8457802247396257,1,1
4,1,0.7474646745802596,1,1
5,1,0.2702548021040617,0,1
5,1,0.6075039639247738,1,1
5,1,0.1805246451504569,0,1
5,0,0.18374808062514694,0,1
5,0,0.041414335103674496,0,0
5,1,0.6612784853544239,1,1
5,1,0.5241953314212294,1,1
5,0,0.5675419142250869,1,1
5,0,0.2412950005871917,0,1
5,1,0.8290557542250059,1,1
5,1,0.8823984598351441,1,1
5,1,0.7142683806386544,1,1
5,1,0.3733402348763289,0,1
5,0,0.04328287294092943,0,0
5,1,0.7544884119091019,1,1
5,1,0.8775640023016626,1,1
5,1,0.8554398322833455,1,1
5,0,0.4281445084995933,0,1
5,1,0.7100921773717198,1,1
5,0,0.8306406665730465,1,1
5,0,0.6304538211552008,1,1
5,1,0.881012778910735,1,1
5,0,0.47274372502811857,0,1
5,1,0.07943795388815643,0,1
5,0,0.3755291563789864,0,1
5,1,0.6415871445331007,1,1
5,0,0.10980018432517433,0,1
5,0,0.1051827636139332,0,1
5,1,0.44447809518272324,0,1
5,1,0.7681223468818577,1,1
5,0,0.5563464528824651,1,1
5,1,0.062111532286378335,0,0
5,1,0.6556507646078564,1,1
5,1,0.654151103931833,1,1
5,1,0.8836278289431887,1,1
5,1,0.8753186690308546,1,1
5,1,0.8806712370514813,1,1
5,1,0.880842286378409,1,1
5,1,0.5708280025599154,1,1
5,0,0.05497738034875997,0,0
5,1,0.8708530716159589,1,1
5,1,0.6660528198598653,1,1
5,1,0.3303646559207168,0,1
5,1,0.860105454662629,1,1
5,0,0.5545523837926447,1,1
5,0,0.06931542562119221,0,1
5,1,0.6295754236281191,1,1
5,1,0.5728926295350232,1,1
5,0,0.1609100237458321,0,1
5,1,0.612056246997229,1,1
5,1,0.6171769505479718,1,1
5,0,0.3816166573961663,0,1
5,1,0.6970937309848664,1,1
5,1,0.8821397151752823,1,1
5,1,0.8348244864206077,1,1
5,0,0.5587070729557316,1,1
5,1,0.07439999184351961,0,1
5,1,0.2530161154240346,0,1
5,0,0.22033216519948484,0,1
5,1,0.06439381088561691,0,1
5,1,0.5420947427367179,1,1
5,1,0.4279793922442516,0,1
5,0,0.08137731675578116,0,1
5,1,0.879746456017062,1,1
5,1,0.2776557722306163,0,1
5,0,0.40676522563299533,0,1
5,1,0.1359838609883698,0,1
5,1,0.5213290659476421,1,1
5,1,0.39749910499254304,0,1
5,0,0.053394928287887555,0,0
5,1,0.8703800342741458,1,1
5,0,0.6432364757752255,1,1
5,0,0.5110695634069996,1,1
5,0,0.7327147522231793,1,1
5,1,0.8774718511618459,1,1
5,1,0.6426175559564595,1,1
5,1,0.5239184568742283,1,1
5,1,0.43559893843047476,0,1
5,1,0.6279803746372215,1,1
5,1,0.34787822416508485,0,1
5,1,0.31354947109925885,0,1
5,0,0.04102147324602698,0,0
5,1,0.882927993679775,1,1
5,1,0.04377660105769125,0,0
5,1,0.428209386739417,0,1
5,1,0.28251465086195154,0,1
5,0,0.47354716371095307,0,1
5,1,0.8688028250990075,1,1
5,1,0.7786454077334669,1,1
5,1,0.8672231468879836,1,1
5,0,0.1726159007245605,0,1
5,1,0.8826313481838224,1,1
5,0,0.06595445877332139,0,1
5,1,0.8781460707036985,1,1
5,1,0.6620533607258187,1,1
5,1,0.8774891245784145,1,1
5,1,0.7907906701328297,1,1
5,1,0.48189579893369944,0,1
5,0,0.21369714153375977,0,1
5,0,0.06444801587305903,0,1
5,1,0.5317512983110746,1,1
5,0,0.438930391718212,0,1
5,0,0.675360080491503,1,1
5,1,0.7739472509947659,1,1
5,0,0.4540710965052163,0,1
5,1,0.8767635702134883,1,1
5,1,0.878951148314984,1,1
5,0,0.11655778590421283,0,1
5,1,0.4406016952956577,0,1
5,1,0.44402788284554273,0,1
5,0,0.8220101842672575,1,1
5,1,0.8802162688181722,1,1
5,1,0.8091177190734731,1,1
5,1,0.5992938432268511,1,1
5,0,0.28406201641965634,0,1
5,0,0.0952083925831787,0,1
5,0,0.3661145352189663,0,1
5,1,0.6509032082951823,1,1
5,0,0.4609856215448562,0,1
5,1,0.5777463684501511,1,1
5,1,0.882889663778544,1,1
5,1,0.3268992681534633,0,1
5,1,0.7119189057482181,1,1
5,1,0.4108319295398939,0,1
5,1,0.258790323825136,0,1
5,1,0.8610984397556178,1,1
5,1,0.7865197190333931,1,1
5,1,0.8544801636637348,1,1
5,1,0.7668433291358979,1,1
5,1,0.5002736550212248,1,1
5,0,0.26522361171045117,0,1
5,1,0.6452669487508401,1,1
5,1,0.6731786145084545,1,1
5,0,0.659210442324031,1,1
5,1,0.8501181434698493,1,1
5,0,0.3063390768339017,0,1
5,1,0.37502264384350387,0,1
5,1,0.7379814438204324,1,1
5,1,0.6348898439752803,1,1
5,1,0.37703971583348234,0,1
5,1,0.5932434690190579,1,1
5,1,0.10787242434868474,0,1
5,1,0.3870928884175706,0,1
5,1,0.6139165890237356,1,1
5,1,0.22138519198301845,0,1
5,1,0.26040755883443495,0,1
5,1,0.6687409079525182,1,1
5,0,0.4073718034398048,0,1
5,1,0.5612703953949641,1,1
5,1,0.8118245672893215,1,1
5,1,0.4484622478463347,0,1
5,1,0.09020074912214293,0,1
5,0,0.04441672379196494,0,0
5,0,0.3058581262787889,0,1
5,1,0.7409174364480526,1,1
5,1,0.09998927924661581,0,1
5,1,0.48439694423894475,0,1
5,1,0.881403914053052,1,1
5,1,0.1345206626017933,0,1
5,1,0.23516014152322198,0,1
5,1,0.12747745399846297,0,1
5,1,0.6306221301135603,1,1
5,1,0.7841243532365083,1,1
5,1,0.24024242682063196,0,1
5,1,0.8809883153342192,1,1
5,0,0.07352318958457986,0,1
5,1,0.8023093766430023,1,1
5,0,0.2648532120682365,0,1
5,1,0.8661645591172121,1,1
5,0,0.08718425904568318,0,1
5,0,0.19672717786417954,0,1
5,0,0.26059095531942644,0,1
5,1,0.47796629670388596,0,1
5,0,0.17211601160148204,0,1
5,1,0.8163957441824496,1,1
5,1,0.32424300356528085,0,1
5,0,0.5139295200200212,1,1
5,1,0.7957214440283773,1,1
5,1,0.6051051366957237,1,1
5,1,0.8665120069868105,1,1
5,0,0.15786128154050547,0,1
5,1,0.840417308212294,1,1
5,1,0.4553133208881276,0,1
5,1,0.8832006939022589,1,1
5,1,0.21980545889243347,0,1
5,1,0.3673599473241387,0,1
5,1,0.7548897636021018,1,1
5,1,0.8796947304328969,1,1
5,1,0.282276271755806,0,1
5,0,0.41170636460778187,0,1
5,1,0.14135919477213887,0,1
5,0,0.11524367384107827,0,1
5,0,0.0645219673483447,0,1
5,1,0.7305049752832933,1,1
5,1,0.21249408103003176,0,1
5,1,0.6083182256048824,1,1
5,1,0.3010636867966418,0,1
5,1,0.08165788830721318,0,1
5,1,0.13276669205287236,0,1
5,0,0.6395578930836988,1,1
5,1,0.17628671273342567,0,1
5,1,0.5701005472840064,1,1
5,0,0.04243303275627532,0,0
5,1,0.6763377790899202,1,1
5,1,0.3121807980943534,0,1
5,1,0.7261664134905291,1,1
5,1,0.7517442769434446,1,1
5,1,0.8696308532216434,1,1
5,1,0.0994333931320098,0,1
5,1,0.4568837653062254,0,1
5,1,0.8240390916148377,1,1
5,1,0.14394336642172872,0,1
5,1,0.2699079615050028,0,1
5,0,0.43785995320647964,0,1
5,1,0.47050811503266277,0,1
5,1,0.16115528627319273,0,1
5,1,0.7946845967894332,1,1
5,1,0.5328291947776691,1,1
5,1,0.4910636022329093,0,1
5,1,0.17537881027561653,0,1
5,1,0.8829770547018377,1,1
5,1,0.8550474266496398,1,1
5,1,0.8265312885980758,1,1
5,0,0.20222702137103454,0,1
5,0,0.44951435966147013,0,1
5,1,0.30178964466706665,0,1
5,1,0.37875858442997806,0,1
5,1,0.5877302880164907,1,1
5,1,0.3012089460671131,0,1
5,1,0.363058385172906,0,1
5,1,0.125315134107925,0,1
5,1,0.6357672710122373,1,1
5,1,0.3797696477600501,0,1
5,1,0.8797249990418571,1,1
5,1,0.2394312412947421,0,1
5,1,0.5214728556795198,1,1
5,0,0.6756528437036929,1,1
5,1,0.33793313891700644,0,1
5,1,0.47800118997558844,0,1
5,1,0.4178141249835676,0,1
5,1,0.15517883736617105,0,1
5,0,0.22784563316783843,0,1
5,1,0.28277275002301666,0,1
5,1,0.22000417565457525,0,1
5,1,0.8745479356673536,1,1
5,1,0.8828895314224753,1,1
5,1,0.6629373319123892,1,1
5,1,0.8747114858389611,1,1
5,1,0.670292593900566,1,1
5,1,0.7280463096312283,1,1
5,1,0.10395606447117454,0,1
5,1,0.6986776757687357,1,1
5,1,0.49323112008042524,0,1
5,0,0.09532596636120601,0,1
5,0,0.19976253720196419,0,1
5,1,0.09198714096313439,0,1
5,1,0.7103682696104971,1,1
5,1,0.15525033855824527,0,1
5,1,0.8716318148271989,1,1
5,1,0.7871260541619991,1,1
5,0,0.21086239744557903,0,1
5,1,0.5638592323467304,1,1
5,1,0.3668899330136264,0,1
5,1,0.3253646783693937,0,1
5,0,0.40533810388039543,0,1
5,0,0.09555407638579573,0,1
5,0,0.7601488349760321,1,1
5,1,0.5057201259598727,1,1
5,1,0.4506180321950855,0,1
5,1,0.5329552458689649,1,1
5,0,0.3525609770604504,0,1
5,0,0.5862654077447629,1,1
5,1,0.2755624459310152,0,1
5,1,0.8830845294855043,1,1
5,1,0.40353619774410354,0,1
5,1,0.390637201690306,0,1
5,1,0.3845887888638825,0,1
5,1,0.1256998550042484,0,1
5,1,0.3915173093620731,0,1
5,1,0.3772128066716044,0,1
5,0,0.7582689567400036,1,1
5,1,0.6263184060770233,1,1
5,1,0.8827761684511918,1,1
5,0,0.4664044558019571,0,1
5,1,0.5745943251361091,1,1
5,1,0.7372390647010236,1,1
5,0,0.2707886050309682,0,1
5,0,0.2510536521451891,0,1
5,1,0.3072371690095422,0,1
5,1,0.8057396055272125,1,1
5,1,0.8761728828597506,1,1
5,1,0.21755224001144874,0,1
5,1,0.07152618202050504,0,1
5,1,0.877578759552872,1,1
5,1,0.8338378728008146,1,1
5,1,0.39249472836243315,0,1
5,1,0.43627574671098107,0,1
5,1,0.11165757969744623,0,1
5,1,0.5504483544866011,1,1
5,1,0.6131645554200881,1,1
5,1,0.43142513343924216,0,1
5,1,0.5369081961196035,1,1
5,1,0.10949742176407799,0,1
5,1,0.48188673146103367,0,1
5,1,0.656827615875529,1,1
5,1,0.161318226878995,0,1
5,1,0.848892109501126,1,1
5,1,0.520180227755606,1,1
5,1,0.861886558888184,1,1
5,0,0.516990617481036,1,1
5,1,0.717291407712781,1,1
5,0,0.05736296914916995,0,0
5,1,0.3067515268340339,0,1
5,1,0.27754767929863966,0,1
5,1,0.06092018451676023,0,0
5,1,0.4817753759659506,0,1
5,1,0.528785249087158,1,1
5,1,0.7583167482891419,1,1
5,1,0.5433628370321576,1,1
5,1,0.8787409109613181,1,1
5,1,0.8832031358917459,1,1
5,1,0.7572566207417882,1,1
5,1,0.45792700412381815,0,1
5,1,0.5674379495766386,1,1
5,1,0.21435349479444793,0,1
5,1,0.5477516431705916,1,1
5,1,0.4192691423941631,0,1
5,1,0.07088084873328855,0,1
5,1,0.7188086822434098,1,1
5,0,0.3263029181952747,0,1
5,1,0.17991689197474772,0,1
5,1,0.868202006028631,1,1
5,1,0.732811049705515,1,1
5,1,0.14038257155185674,0,1
5,1,0.6964725285868018,1,1
5,1,0.6092334533126947,1,1
5,1,0.877279834743346,1,1
5,0,0.14762477379768912,0,1
5,1,0.24518160387768936,0,1
5,1,0.29523394890061483,0,1
5,1,0.17841493465737635,0,1
5,1,0.6793372021417131,1,1
5,1,0.6826526750874885,1,1
5,1,0.5353631493684812,1,1
5,0,0.15434682167258043,0,1
5,1,0.11982638344319178,0,1
5,0,0.6420573059640263,1,1
5,0,0.23737027893462964,0,1
5,1,0.6510427911245543,1,1
5,1,0.19633785259816994,0,1
5,1,0.2634935844450218,0,1
5,0,0.09514189595404578,0,1
5,1,0.1798619559694365,0,1
5,0,0.3028871834355671,0,1
5,1,0.8818133666889136,1,1
5,1,0.5341581258390812,1,1
5,0,0.37774678930972994,0,1
5,1,0.2577668254736086,0,1
5,1,0.31713216893780277,0,1
5,1,0.28498207683499915,0,1
5,1,0.8592762315851931,1,1
5,1,0.44193141281077764,0,1
5,0,0.5610107450502673,1,1
5,1,0.1385989219017617,0,1
5,1,0.8765523272003752,1,1
5,1,0.5611271786424956,1,1
5,1,0.10406068151655103,0,1
5,1,0.38841540321454976,0,1
5,1,0.44216266247522173,0,1
5,1,0.19448906950424646,0,1
5,1,0.1519781865985078,0,1
5,1,0.8823770659227026,1,1
5,0,0.36480235062572464,0,1
5,1,0.8757117263737736,1,1
5,0,0.08283122063762685,0,1
5,1,0.8823098861268744,1,1
5,0,0.19082550207137058,0,1
5,1,0.429919929503107,0,1
5,1,0.1755950714845005,0,1
5,1,0.8807795302503933,1,1
5,1,0.6631334213748453,1,1
5,1,0.8734232827569142,1,1
5,1,0.6421720600592997,1,1
5,1,0.6633465556590626,1,1
5,1,0.4483211714939904,0,1
5,0,0.41975971623861524,0,1
5,1,0.8822054363167161,1,1
5,1,0.6346592796562224,1,1
5,1,0.1791694886692812,0,1
5,1,0.09056999597949177,0,1
5,1,0.402937889165162,0,1
5,1,0.372589366288392,0,1
5,1,0.4171409539280333,0,1
5,1,0.08310960050479187,0,1
5,1,0.1502068508286961,0,1
5,0,0.028958772465181616,0,0
5,1,0.26545733857574444,0,1
5,1,0.8669648961582586,1,1
5,1,0.3582409206704144,0,1
5,1,0.3272157996456101,0,1
5,1,0.18233211746876016,0,1
5,0,0.4022986082128326,0,1
5,1,0.371901071110829,0,1
5,1,0.23224677378098013,0,1
5,1,0.29085715707740045,0,1
5,1,0.21714801011516324,0,1
5,1,0.6739493817305798,1,1
5,1,0.5452045313074131,1,1
5,1,0.7479153086651131,1,1
5,1,0.5278844675819685,1,1
5,0,0.5748773328376618,1,1
5,0,0.6032071709182548,1,1
5,1,0.6289333565238152,1,1
5,1,0.1108029424802118,0,1
5,1,0.8797942070504826,1,1
5,0,0.28748173297674107,0,1
5,1,0.4872383741022363,0,1
5,1,0.3987706779977398,0,1
5,1,0.6371390835904582,1,1
5,1,0.6009514705813099,1,1
5,1,0.5494805705266781,1,1
5,1,0.22304106112528918,0,1
5,1,0.09585766878719104,0,1
5,1,0.3823193514107479,0,1
5,1,0.028463231734043637,0,0
5,1,0.5570964819716074,1,1
5,1,0.2610592798639981,0,1
5,1,0.8831046433726836,1,1
5,1,0.2947584425968336,0,1
5,1,0.8272110761003374,1,1
5,1,0.6588031036266075,1,1
5,1,0.8832668154048758,1,1
5,1,0.2589135007068778,0,1
5,1,0.4064560746002408,0,1
5,1,0.661405897535952,1,1
5,1,0.6682154114980375,1,1
5,1,0.06635215734640788,0,1
5,1,0.24490458989080635,0,1
5,1,0.11024686837761952,0,1
5,1,0.5326470355193931,1,1
5,1,0.6325725034326092,1,1
5,1,0.5762744077054838,1,1
5,1,0.46378311043922693,0,1
5,0,0.1115019302579694,0,1
5,1,0.73555642822321,1,1
5,1,0.526052764256712,1,1
5,0,0.6534581140013179,1,1
5,1,0.3609961018605577,0,1
5,1,0.29328614033249717,0,1
5,1,0.43506022953124657,0,1
5,0,0.07062770896250284,0,1
5,1,0.6096918745736667,1,1
5,1,0.44591804224728093,0,1
5,1,0.5458816769035637,1,1
5,1,0.7678280272985493,1,1
5,1,0.562029172295063,1,1
5,1,0.4410762800785831,0,1
5,1,0.5864031549082498,1,1
5,1,0.6751264510142541,1,1
5,1,0.5107826114894668,1,1
5,1,0.8065919863092604,1,1
5,1,0.3781909156539145,0,1
5,1,0.653188969667965,1,1
5,1,0.8094109516710785,1,1
5,1,0.8627506182260408,1,1
5,1,0.3314700056236461,0,1
5,1,0.6155578730886422,1,1
5,1,0.8048340655640353,1,1
5,1,0.179734273963484,0,1
5,1,0.5436153115632176,1,1
5,1,0.5539038524132116,1,1
5,1,0.19499753115834947,0,1
5,0,0.7311978267306294,1,1
5,1,0.32423995104241415,0,1
5,1,0.7664164230234302,1,1
5,0,0.6570472026470564,1,1
5,1,0.6224621947377232,1,1
5,0,0.22995273666428726,0,1
5,1,0.8627361576945103,1,1
5,1,0.1658681356136384,0,1
5,1,0.8639746511887209,1,1
5,1,0.6918874981639088,1,1
5,0,0.17758329549842075,0,1
5,1,0.6320098814347498,1,1
5,1,0.8816499507701492,1,1
5,1,0.6660675976894412,1,1
5,0,0.05129671157073043,0,0
5,1,0.5169360326177151,1,1
5,1,0.8607880041235587,1,1
5,1,0.5384264665322659,1,1
5,0,0.5231815475492849,1,1
5,1,0.7221847819022416,1,1
5,1,0.8151410442260598,1,1
5,1,0.5928401425617809,1,1
5,1,0.8693060952200657,1,1
5,1,0.043879892631707135,0,0
5,0,0.71136514542069,1,1
5,1,0.2768658587120488,0,1
5,0,0.6696169407147156,1,1
5,1,0.5093490608595027,1,1
5,1,0.6162826937298738,1,1
5,1,0.2886507437082576,0,1
5,1,0.33181411930546406,0,1
5,1,0.7057663409161051,1,1
5,1,0.07706092069111585,0,1
5,1,0.6378175331468317,1,1
5,1,0.4199381076059348,0,1
5,1,0.7356120026435742,1,1
5,1,0.33700614571722276,0,1
5,1,0.2199249211344594,0,1
5,1,0.8820714134096721,1,1
5,1,0.7360952037356642,1,1
5,1,0.07846787432392696,0,1
5,1,0.48880244051297994,0,1
5,0,0.1011435836490587,0,1
5,1,0.04317175616488555,0,0
5,1,0.19334859672005733,0,1
5,1,0.16659153739702687,0,1
5,1,0.8786498363360087,1,1
5,1,0.668419771950183,1,1
5,1,0.8748522255163086,1,1
5,1,0.8388743856680079,1,1
5,1,0.5413603674766225,1,1
5,1,0.3560797146696674,0,1
5,1,0.8816232484684603,1,1
5,1,0.8499363081756475,1,1
5,1,0.4157522771495088,0,1
5,1,0.05259892557202935,0,0
5,1,0.8797527092479532,1,1
5,1,0.5204348506559957,1,1
5,1,0.6758108531947197,1,1
5,1,0.29300789154962004,0,1
5,1,0.8765205587045498,1,1
5,1,0.37676275027270234,0,1
5,1,0.8519349024028106,1,1
5,1,0.8393931139898094,1,1
5,1,0.7921554177175236,1,1
5,1,0.730727818189531,1,1
5,1,0.3858160479716122,0,1
5,0,0.6597772120085595,1,1
5,1,0.5131561232397485,1,1
5,1,0.47471342296896646,0,1
5,1,0.6256572545759809,1,1
5,1,0.7150339209212547,1,1
5,0,0.5812254538602295,1,1
5,1,0.8755961505695422,1,1
5,1,0.2613149840602454,0,1
5,1,0.8761867217650339,1,1
5,1,0.3971031329598913,0,1
5,0,0.2377682580390807,0,1
5,1,0.866996127150419,1,1
5,1,0.737366061050371,1,1
5,1,0.10478828108376508,0,1
5,1,0.8416871717526152,1,1
5,1,0.14395095864297708,0,1
5,1,0.35906351031061123,0,1
5,1,0.8705133029849776,1,1
5,0,0.6055749899512328,1,1
5,1,0.6800463898997318,1,1
5,1,0.6985017459045839,1,1
5,1,0.4069021533289353,0,1
5,1,0.6638842215294812,1,1
5,1,0.40059086915252384,0,1
5,1,0.034199380843694366,0,0
5,1,0.6589880121202962,1,1
5,1,0.5417692973577264,1,1
5,1,0.6446423567225952,1,1
5,0,0.23844029610206552,0,1
5,1,0.5310494152770784,1,1
5,1,0.09703773437440702,0,1
5,1,0.7208871651693077,1,1
5,1,0.3976102305904738,0,1
5,1,0.21627203727358807,0,1
5,1,0.8833782423841063,1,1
5,1,0.4859311298691726,0,1
5,1,0.6216019612826733,1,1
5,0,0.25787647683730835,0,1
5,1,0.19433116033143188,0,1
5,1,0.14760970298901294,0,1
5,1,0.22055885276271567,0,1
5,1,0.5703036824133236,1,1
5,0,0.6912017374640037,1,1
5,1,0.210929662259207,0,1
5,1,0.8361365281590128,1,1
5,0,0.12234331838929485,0,1
5,1,0.5066497206889806,1,1
5,1,0.15217394112555582,0,1
5,1,0.6934561261565254,1,1
5,1,0.33433587227764344,0,1
5,1,0.5382991287366946,1,1
5,1,0.11148867276631161,0,1
5,1,0.2760982845447276,0,1
5,1,0.3116920891553482,0,1
5,1,0.496002987908409,0,1
5,1,0.8825649700956687,1,1
5,1,0.8794871159681528,1,1
5,1,0.13338119005512544,0,1
5,1,0.7027857795768611,1,1
5,1,0.5385918121218024,1,1
5,1,0.7126720344582208,1,1
5,0,0.19614635813795717,0,1
5,1,0.363607986487503,0,1
5,0,0.37144274740821775,0,1
5,1,0.8503264759690986,1,1
5,1,0.49231904324641024,0,1
5,1,0.2554614632640529,0,1
5,1,0.5358435943393297,1,1
5,1,0.43645641363052035,0,1
5,1,0.8795397017888132,1,1
5,1,0.5041177912352512,1,1
5,1,0.3181632741498378,0,1
5,1,0.3381035293287173,0,1
5,1,0.8807927508674734,1,1
5,1,0.23378028552752525,0,1
5,1,0.7206699096913362,1,1
5,1,0.5377365228474265,1,1
5,1,0.431396319971661,0,1
5,1,0.5316305013479615,1,1
5,1,0.12721130225395422,0,1
5,1,0.6513087393079368,1,1
5,1,0.30321361652928974,0,1
5,1,0.3557634315020314,0,1
5,0,0.2235721693823301,0,1
5,1,0.6645603129986348,1,1
5,0,0.5603629080301704,1,1
5,1,0.4902564223110252,0,1
5,1,0.24537276843419056,0,1
5,1,0.2105226536062091,0,1
5,0,0.33293538892173297,0,1
5,0,0.5703636757594174,1,1
5,1,0.8776181096542586,1,1
5,1,0.30401222424771246,0,1
5,0,0.5107025783143729,1,1
5,1,0.5660048211405142,1,1
5,1,0.22701152137525887,0,1
5,1,0.6442408241070191,1,1
5,1,0.26937555265635377,0,1
5,1,0.6527201387077558,1,1
5,1,0.7099231092997211,1,1
5,1,0.30237556603447246,0,1
5,1,0.7253315010272199,1,1
5,1,0.7509893379184193,1,1
5,1,0.47049899028508785,0,1
5,1,0.5796302866708708,1,1
5,1,0.32888942755100786,0,1
5,1,0.7796584839122858,1,1
5,1,0.45389731744716977,0,1
5,1,0.05408559913634333,0,0
5,1,0.6112482943645334,1,1
5,1,0.6324502758687478,1,1
5,0,0.287044927800709,0,1
5,1,0.8771856717925878,1,1
5,1,0.6755193906367691,1,1
5,1,0.8837585744526746,1,1
5,1,0.06195009424858261,0,0
5,1,0.08046994233753418,0,1
5,0,0.2130752099054881,0,1
5,1,0.0618975773536069,0,0
5,1,0.6097522027866369,1,1
5,1,0.3852780289172698,0,1
5,1,0.6070463202721184,1,1
5,1,0.04946869212342235,0,0
5,1,0.7016299294152881,1,1
5,1,0.5110572746228315,1,1
5,1,0.8252499150667952,1,1
5,1,0.37757578848873224,0,1
5,1,0.8671420796947273,1,1
5,1,0.3679072434578364,0,1
5,1,0.35887266705949045,0,1
5,0,0.07256344317032071,0,1
5,1,0.41423681411961283,0,1
5,1,0.298035558508772,0,1
5,1,0.7216913617205292,1,1
5,1,0.10435337403446783,0,1
5,1,0.5946314939385217,1,1
5,1,0.8750196151691737,1,1
5,1,0.7530871854698019,1,1
5,1,0.5171247157130412,1,1
5,1,0.6385371181360366,1,1
5,1,0.5398475973374175,1,1
5,1,0.8783625161954166,1,1
5,1,0.6573866303852066,1,1
5,1,0.4194142924380458,0,1
5,1,0.11707532527420632,0,1
5,1,0.4219862039480041,0,1
5,1,0.406968897535368,0,1
5,1,0.6848831086864187,1,1
5,1,0.3389297613007249,0,1
5,1,0.8686323706669012,1,1
5,1,0.4024987177555519,0,1
5,1,0.41347961827480006,0,1
5,1,0.880719427849275,1,1
5,1,0.15308105822017634,0,1
5,1,0.5822575980259681,1,1
5,0,0.38520768376568615,0,1
5,1,0.8801724138051037,1,1
5,1,0.6546524214340319,1,1
5,1,0.883454636842357,1,1
5,1,0.3479001017183479,0,1
5,1,0.5759058313281065,1,1
5,1,0.10427798980346689,0,1
5,1,0.6150161552683072,1,1
5,1,0.2796834516039487,0,1
5,1,0.8791335389106146,1,1
5,1,0.6963831662627976,1,1
5,1,0.5591494309955608,1,1
5,1,0.5282195536598276,1,1
5,1,0.8553085815367297,1,1
5,1,0.3097505205067883,0,1
5,1,0.17690839761566352,0,1
5,1,0.6119512386706907,1,1
5,1,0.6201772889992465,1,1
5,1,0.5763143738386374,1,1
5,1,0.11300438958262879,0,1
5,1,0.7151484630411423,1,1
5,1,0.3791513899367947,0,1
5,1,0.20707943825572406,0,1
5,0,0.3021558930065167,0,1
5,1,0.11445797230576976,0,1
5,1,0.6472523596900297,1,1
5,1,0.7566735110307935,1,1
5,1,0.5506028183574779,1,1
5,1,0.30261834223356915,0,1
5,1,0.3342895408621626,0,1
5,1,0.5552194980777422,1,1
5,0,0.3438124501733475,0,1
5,1,0.27094997873348675,0,1
5,1,0.5483890217605064,1,1
5,1,0.37398288399746216,0,1
5,1,0.8829420904491,1,1
5,1,0.8799202197126269,1,1
5,1,0.329564737194393,0,1
5,0,0.16967413923374716,0,1
5,1,0.8190278307512648,1,1
5,1,0.11320967785097111,0,1
5,1,0.5408801979821326,1,1
5,1,0.43916611776888825,0,1
5,1,0.7015558893830731,1,1
5,1,0.6918204168424802,1,1
5,1,0.8727357429183429,1,1
5,1,0.14586291101989,0,1
5,0,0.683515392335074,1,1
5,1,0.8650729210297146,1,1
5,1,0.06601357082001363,0,1
5,1,0.5605379526003532,1,1
5,1,0.4992077218801397,0,1
5,1,0.456154977926433,0,1
5,1,0.38048184108196675,0,1
5,1,0.762044165102962,1,1
5,1,0.49702782014944197,0,1
5,1,0.23852203127005628,0,1
5,0,0.7344082473909345,1,1
5,0,0.41365292618147786,0,1
5,1,0.3231950959268868,0,1
5,1,0.2132617578510696,0,1
5,1,0.45552970434524004,0,1
5,1,0.5848072044669823,1,1
5,1,0.46092294145420837,0,1
5,1,0.8555549851763717,1,1
5,1,0.481090438746916,0,1
5,1,0.8393670733239674,1,1
5,0,0.3258757900615328,0,1
5,1,0.8650629997588261,1,1
5,1,0.1272668836647388,0,1
5,0,0.6296327067812952,1,1
5,1,0.8819028751684663,1,1
5,1,0.7653665413118367,1,1
5,1,0.8793482816797764,1,1
5,1,0.5536175908308724,1,1
5,0,0.2573528034078062,0,1
5,1,0.3687303504358413,0,1
5,0,0.69598392710669,1,1
5,1,0.40517483608833854,0,1
5,1,0.3463048340487813,0,1
5,1,0.8788382972094787,1,1
5,1,0.2609400384837282,0,1
5,1,0.709437143745377,1,1
5,0,0.15721423388960165,0,1
5,1,0.8696922497049473,1,1
5,1,0.5460567415490106,1,1
5,1,0.4012006036067341,0,1
5,1,0.861955442059313,1,1
5,1,0.384010783926203,0,1
5,1,0.7638100643293647,1,1
5,1,0.8835050125582457,1,1
5,1,0.8312269683919136,1,1
5,1,0.6624690366118651,1,1
5,1,0.4377073167039686,0,1
5,0,0.22642693433329775,0,1
5,1,0.6598045734998549,1,1
5,1,0.39103718389541464,0,1
5,1,0.47141573811715837,0,1
5,1,0.09375896779267079,0,1
5,1,0.8669775088245499,1,1
5,1,0.8825077948047508,1,1
5,1,0.8713633700082348,1,1
5,0,0.16336772087170032,0,1
5,0,0.3353777129286712,0,1
5,1,0.8767169389134323,1,1
5,1,0.31362992834942416,0,1
5,1,0.6672851218815197,1,1
5,0,0.363600188096936,0,1
5,0,0.4263812912780071,0,1
5,1,0.22429538747696456,0,1
5,1,0.34291695486752677,0,1
5,1,0.5115329091136364,1,1
5,1,0.3666296582852958,0,1
5,1,0.7559695541745955,1,1
5,1,0.6664018950573815,1,1
5,1,0.3392771828093895,0,1
5,1,0.07318367491766302,0,1
5,1,0.48053187382252927,0,1
5,1,0.4348946487293315,0,1
5,1,0.8080666430739,1,1
5,1,0.42618481065350844,0,1
5,1,0.1636269337210795,0,1
5,1,0.5871479443990695,1,1
5,0,0.5597767860799521,1,1
5,1,0.2798484149200953,0,1
5,1,0.8825309946273884,1,1
5,1,0.388376457170462,0,1
5,1,0.735732427388768,1,1
5,1,0.12731372549871395,0,1
5,1,0.1896257085274181,0,1
5,1,0.8603415013922002,1,1
5,1,0.6121112246702107,1,1
5,1,0.14508973241796902,0,1
5,1,0.5279369971159114,1,1
5,0,0.18530706787488144,0,1
5,0,0.48265263109375917,0,1
5,1,0.6772610193708903,1,1
5,0,0.04426224150191562,0,0
5,1,0.3125860790851617,0,1
5,1,0.4592715323452902,0,1
5,1,0.1317032337006101,0,1
5,0,0.2826271014782385,0,1
5,0,0.41768819624415315,0,1
5,0,0.17413635927040022,0,1
5,1,0.8820254428221334,1,1
5,1,0.1667245703865528,0,1
5,1,0.42056317815252936,0,1
5,1,0.20222322706413492,0,1
5,1,0.8420993273451048,1,1
5,1,0.31172468032380934,0,1
5,1,0.10658586377615481,0,1
5,1,0.8267444085939165,1,1
5,1,0.04756706087364956,0,0
5,1,0.24149990955192946,0,1
5,1,0.07066832409334033,0,1
5,1,0.3259111033171413,0,1
5,1,0.8229661711422351,1,1
5,1,0.8753095241883952,1,1
5,1,0.19407783018540126,0,1
5,1,0.2742067743056457,0,1
5,1,0.1719531288484427,0,1
5,1,0.22383429626265394,0,1
5,1,0.6512733885245741,1,1
5,1,0.6773352315791357,1,1
5,0,0.7210643414729067,1,1
5,1,0.46285045877968994,0,1
5,1,0.8823086203748539,1,1
5,1,0.3421438792234952,0,1
5,1,0.44704570175294067,0,1
5,1,0.604833105010636,1,1
5,1,0.8767367163972304,1,1
5,0,0.21725689541289292,0,1
5,1,0.3849758215175504,0,1
5,1,0.2550731388356326,0,1
5,1,0.45978426448363213,0,1
5,1,0.8676794222858495,1,1
5,1,0.7089734274311269,1,1
5,1,0.4040549722183438,0,1
5,1,0.28889787167146264,0,1
5,1,0.6151943061507313,1,1
5,1,0.39709648061507913,0,1
5,1,0.1263873781727694,0,1
5,0,0.4053273713629937,0,1
5,0,0.7448595144441841,1,1
5,1,0.6768065422289562,1,1
5,1,0.2579148073912671,0,1
5,1,0.08504941225229247,0,1
5,1,0.3468004377297502,0,1
5,1,0.21355971051927156,0,1
5,1,0.8567596215668717,1,1
5,1,0.8024352021691373,1,1
5,1,0.6712329405630221,1,1
5,1,0.469261809273343,0,1
5,0,0.06118993855178112,0,0
5,1,0.5838527009106802,1,1
5,1,0.8839248262186814,1,1
5,1,0.5068823795860941,1,1
5,1,0.6637425480019585,1,1
5,0,0.08859069374429869,0,1
5,1,0.6985229124449082,1,1
5,1,0.7109544856411018,1,1
5,1,0.23411150477024006,0,1
5,1,0.0697173139525271,0,1
5,1,0.8781775234078996,1,1
