7001_reviewed	25824_reviewed	1
2189_reviewed	2176_reviewed	1
23212_reviewed	84154_reviewed	1
10783_reviewed	140609_reviewed	1
55658_reviewed	55658_reviewed	1
3066_reviewed	283248_reviewed	1
4736_reviewed	6124_reviewed	1
23586_reviewed	56897_reviewed	1
868_reviewed	26003_reviewed	1
5983_reviewed	5981_reviewed	1
4188_reviewed	6944_reviewed	1
3717_reviewed	3717_reviewed	1
9733_reviewed	51574_reviewed	1
329_reviewed	3609_reviewed	1
3309_reviewed	10013_reviewed	1
6464_reviewed	3791_reviewed	1
7179_reviewed	11231_reviewed	1
5252_reviewed	79084_reviewed	1
26973_reviewed	2288_reviewed	1
5894_reviewed	6237_reviewed	1
10413_reviewed	5977_reviewed	1
8260_reviewed	3091_reviewed	1
320_reviewed	9973_reviewed	1
6867_reviewed	8850_reviewed	0
890_reviewed	1027_reviewed	1
8819_reviewed	221937_reviewed	1
3556_reviewed	220972_reviewed	1
4292_reviewed	80125_reviewed	1
51009_reviewed	57142_reviewed	1
65008_reviewed	124995_reviewed	1
6654_reviewed	10818_reviewed	1
3315_reviewed	3476_reviewed	1
4711_reviewed	23788_reviewed	1
83593_reviewed	10513_reviewed	1
10159_reviewed	84317_reviewed	1
10014_reviewed	5587_reviewed	1
571_reviewed	7874_reviewed	1
55957_reviewed	4603_reviewed	1
9318_reviewed	5687_reviewed	1
25793_reviewed	3190_reviewed	1
3276_reviewed	6829_reviewed	1
10188_reviewed	998_reviewed	1
7532_reviewed	8496_reviewed	1
1796_reviewed	25_reviewed	1
5926_reviewed	5925_reviewed	1
56254_reviewed	79577_reviewed	1
149041_reviewed	3857_reviewed	1
5728_reviewed	3326_reviewed	1
5686_reviewed	9861_reviewed	1
7251_reviewed	7514_reviewed	1
8178_reviewed	11267_reviewed	1
4543_reviewed	10949_reviewed	1
367_reviewed	2071_reviewed	1
64127_reviewed	90933_reviewed	1
8945_reviewed	114088_reviewed	1
57798_reviewed	3066_reviewed	1
9555_reviewed	9203_reviewed	1
217_reviewed	23410_reviewed	1
8624_reviewed	56984_reviewed	1
5693_reviewed	5694_reviewed	1
81603_reviewed	148022_reviewed	1
4609_reviewed	10808_reviewed	1
983_reviewed	23411_reviewed	1
149041_reviewed	6137_reviewed	1
5984_reviewed	5985_reviewed	1
64326_reviewed	8451_reviewed	1
10938_reviewed	64780_reviewed	1
11346_reviewed	5501_reviewed	1
5265_reviewed	84447_reviewed	1
3996_reviewed	10048_reviewed	1
6478_reviewed	4899_reviewed	1
4281_reviewed	10615_reviewed	1
10291_reviewed	3312_reviewed	1
972_reviewed	22820_reviewed	1
9015_reviewed	8125_reviewed	1
9733_reviewed	64852_reviewed	1
57154_reviewed	23396_reviewed	1
121441_reviewed	10574_reviewed	1
23090_reviewed	4086_reviewed	1
23451_reviewed	9092_reviewed	1
998_reviewed	392_reviewed	1
10399_reviewed	2534_reviewed	1
138639_reviewed	5519_reviewed	1
10933_reviewed	8089_reviewed	1
29966_reviewed	7871_reviewed	1
4843_reviewed	4843_reviewed	1
5925_reviewed	8850_reviewed	1
137886_reviewed	5501_reviewed	1
387_reviewed	392_reviewed	1
5127_reviewed	7534_reviewed	1
8897_reviewed	9110_reviewed	1
255967_reviewed	26986_reviewed	1
84678_reviewed	2353_reviewed	1
3092_reviewed	9026_reviewed	1
841_reviewed	7185_reviewed	1
1848_reviewed	4849_reviewed	0
7325_reviewed	6477_reviewed	1
4869_reviewed	54881_reviewed	1
1457_reviewed	6625_reviewed	1
23048_reviewed	8976_reviewed	1
80199_reviewed	27152_reviewed	1
1408_reviewed	26271_reviewed	0
51320_reviewed	10189_reviewed	1
387_reviewed	1609_reviewed	1
55142_reviewed	55559_reviewed	1
3068_reviewed	9343_reviewed	1
3066_reviewed	3297_reviewed	1
317_reviewed	842_reviewed	1
5451_reviewed	6256_reviewed	1
328_reviewed	351_reviewed	1
8517_reviewed	59343_reviewed	1
5034_reviewed	51430_reviewed	1
5468_reviewed	10273_reviewed	1
6426_reviewed	6426_reviewed	1
5468_reviewed	4361_reviewed	1
51010_reviewed	51013_reviewed	1
2931_reviewed	5566_reviewed	1
9636_reviewed	4478_reviewed	1
4609_reviewed	26259_reviewed	1
3091_reviewed	112483_reviewed	1
254394_reviewed	10528_reviewed	1
1956_reviewed	4000_reviewed	1
5774_reviewed	6322_reviewed	1
2099_reviewed	5931_reviewed	1
6134_reviewed	6141_reviewed	1
118424_reviewed	7706_reviewed	1
6625_reviewed	6428_reviewed	1
65005_reviewed	26589_reviewed	1
8175_reviewed	9092_reviewed	1
114791_reviewed	29922_reviewed	1
64426_reviewed	377630_reviewed	1
7189_reviewed	7332_reviewed	1
1457_reviewed	5728_reviewed	1
6093_reviewed	3985_reviewed	1
5501_reviewed	220004_reviewed	1
4609_reviewed	157313_reviewed	1
7205_reviewed	8440_reviewed	1
5970_reviewed	3066_reviewed	1
4089_reviewed	10273_reviewed	1
1080_reviewed	9368_reviewed	1
23429_reviewed	1457_reviewed	1
79723_reviewed	11186_reviewed	1
64714_reviewed	30001_reviewed	1
6714_reviewed	6774_reviewed	1
5019_reviewed	3329_reviewed	1
23291_reviewed	7546_reviewed	1
4691_reviewed	6129_reviewed	1
4602_reviewed	4094_reviewed	1
51586_reviewed	9439_reviewed	1
3065_reviewed	4790_reviewed	1
11321_reviewed	55011_reviewed	1
9319_reviewed	64081_reviewed	1
6118_reviewed	10432_reviewed	1
9989_reviewed	5515_reviewed	1
8878_reviewed	4914_reviewed	1
5413_reviewed	1731_reviewed	1
29110_reviewed	6198_reviewed	1
3003_reviewed	6418_reviewed	1
92856_reviewed	10199_reviewed	1
2353_reviewed	10499_reviewed	1
864_reviewed	4613_reviewed	1
2176_reviewed	27033_reviewed	1
10095_reviewed	6790_reviewed	1
8820_reviewed	55170_reviewed	1
23411_reviewed	8850_reviewed	1
10982_reviewed	55118_reviewed	1
7529_reviewed	122786_reviewed	1
4968_reviewed	5810_reviewed	1
10273_reviewed	2152_reviewed	1
6386_reviewed	6659_reviewed	1
5378_reviewed	4292_reviewed	1
9817_reviewed	7316_reviewed	1
3091_reviewed	3920_reviewed	1
93611_reviewed	8454_reviewed	1
5522_reviewed	10574_reviewed	1
4172_reviewed	4174_reviewed	1
526_reviewed	51606_reviewed	1
1051_reviewed	688_reviewed	1
7184_reviewed	329_reviewed	1
166_reviewed	7088_reviewed	1
11033_reviewed	4691_reviewed	1
3396_reviewed	51073_reviewed	1
10320_reviewed	861_reviewed	1
6185_reviewed	9761_reviewed	1
10963_reviewed	5621_reviewed	1
824_reviewed	596_reviewed	1
4609_reviewed	10592_reviewed	1
5499_reviewed	64651_reviewed	1
25980_reviewed	55837_reviewed	1
10783_reviewed	9325_reviewed	1
5966_reviewed	5971_reviewed	1
4172_reviewed	898_reviewed	1
10097_reviewed	830_reviewed	1
80012_reviewed	8535_reviewed	1
5824_reviewed	5195_reviewed	1
29079_reviewed	10001_reviewed	1
4086_reviewed	9839_reviewed	1
5423_reviewed	7515_reviewed	1
84676_reviewed	5710_reviewed	1
8743_reviewed	8837_reviewed	1
2059_reviewed	6654_reviewed	1
8724_reviewed	55737_reviewed	1
56257_reviewed	2720_reviewed	1
28952_reviewed	149951_reviewed	1
9818_reviewed	23636_reviewed	1
29082_reviewed	27183_reviewed	1
10989_reviewed	28986_reviewed	0
7179_reviewed	488_reviewed	1
1026_reviewed	25792_reviewed	1
4193_reviewed	7332_reviewed	1
10241_reviewed	64343_reviewed	1
8148_reviewed	5434_reviewed	1
3065_reviewed	7027_reviewed	1
56288_reviewed	83700_reviewed	1
22827_reviewed	60528_reviewed	1
54536_reviewed	149371_reviewed	1
51574_reviewed	23234_reviewed	1
8517_reviewed	10616_reviewed	1
23586_reviewed	7316_reviewed	1
5479_reviewed	7157_reviewed	1
8660_reviewed	8503_reviewed	1
64219_reviewed	79677_reviewed	1
10551_reviewed	81_reviewed	1
64219_reviewed	54780_reviewed	1
1201_reviewed	7514_reviewed	1
5663_reviewed	7087_reviewed	1
3320_reviewed	2597_reviewed	1
4690_reviewed	5058_reviewed	1
4292_reviewed	4437_reviewed	1
11140_reviewed	207_reviewed	1
3265_reviewed	1739_reviewed	1
143471_reviewed	5692_reviewed	1
9531_reviewed	3326_reviewed	1
9525_reviewed	10015_reviewed	1
6602_reviewed	29079_reviewed	1
29115_reviewed	7803_reviewed	0
4534_reviewed	10989_reviewed	1
55367_reviewed	4691_reviewed	1
23481_reviewed	23560_reviewed	1
29126_reviewed	940_reviewed	0
7048_reviewed	64844_reviewed	1
79155_reviewed	3326_reviewed	1
154796_reviewed	154796_reviewed	1
84787_reviewed	23468_reviewed	1
408_reviewed	5144_reviewed	1
6934_reviewed	1499_reviewed	1
2550_reviewed	1649_reviewed	1
5745_reviewed	9368_reviewed	1
118460_reviewed	22894_reviewed	0
1956_reviewed	8893_reviewed	1
1956_reviewed	3320_reviewed	1
23235_reviewed	10014_reviewed	1
6208_reviewed	6194_reviewed	1
7020_reviewed	7157_reviewed	1
6138_reviewed	6129_reviewed	1
8452_reviewed	8570_reviewed	1
9817_reviewed	129831_reviewed	1
55809_reviewed	3065_reviewed	1
121441_reviewed	908_reviewed	1
6310_reviewed	59349_reviewed	1
1024_reviewed	9439_reviewed	1
4985_reviewed	4985_reviewed	1
196513_reviewed	144455_reviewed	1
5970_reviewed	2959_reviewed	1
8452_reviewed	55643_reviewed	1
6136_reviewed	6142_reviewed	1
79065_reviewed	8408_reviewed	1
5501_reviewed	51535_reviewed	1
9554_reviewed	8775_reviewed	1
56257_reviewed	10236_reviewed	1
2624_reviewed	4089_reviewed	1
7706_reviewed	4736_reviewed	1
3065_reviewed	9658_reviewed	1
637_reviewed	356_reviewed	1
3178_reviewed	90480_reviewed	1
328_reviewed	7515_reviewed	1
2783_reviewed	64375_reviewed	0
1665_reviewed	2091_reviewed	1
4085_reviewed	4085_reviewed	1
4193_reviewed	7494_reviewed	1
10369_reviewed	2893_reviewed	1
7203_reviewed	79084_reviewed	1
1859_reviewed	10611_reviewed	1
23097_reviewed	9282_reviewed	1
10551_reviewed	5478_reviewed	1
5425_reviewed	5429_reviewed	1
55611_reviewed	7187_reviewed	1
8660_reviewed	5290_reviewed	1
9112_reviewed	57459_reviewed	1
11033_reviewed	5584_reviewed	1
1956_reviewed	9610_reviewed	1
7520_reviewed	2547_reviewed	1
9861_reviewed	10213_reviewed	1
7629_reviewed	6908_reviewed	1
3716_reviewed	6777_reviewed	1
2100_reviewed	10419_reviewed	1
83444_reviewed	4798_reviewed	1
3308_reviewed	10808_reviewed	1
11059_reviewed	7316_reviewed	1
6472_reviewed	116173_reviewed	1
387032_reviewed	84547_reviewed	1
7319_reviewed	3930_reviewed	1
11315_reviewed	25824_reviewed	1
11124_reviewed	55666_reviewed	1
4188_reviewed	9139_reviewed	1
51592_reviewed	1499_reviewed	1
2876_reviewed	8991_reviewed	1
29079_reviewed	9342_reviewed	1
8727_reviewed	84282_reviewed	1
9352_reviewed	5702_reviewed	1
56257_reviewed	55631_reviewed	1
8976_reviewed	4690_reviewed	1
10421_reviewed	24148_reviewed	1
6772_reviewed	84285_reviewed	1
7520_reviewed	23595_reviewed	1
10013_reviewed	5770_reviewed	1
10920_reviewed	50813_reviewed	1
2162_reviewed	2165_reviewed	1
4615_reviewed	3654_reviewed	1
9314_reviewed	7428_reviewed	1
1859_reviewed	254225_reviewed	1
1019_reviewed	5925_reviewed	1
10598_reviewed	3312_reviewed	1
9638_reviewed	6602_reviewed	1
28952_reviewed	51699_reviewed	1
7416_reviewed	682_reviewed	1
64795_reviewed	80232_reviewed	1
2965_reviewed	2073_reviewed	1
3320_reviewed	1080_reviewed	1
25980_reviewed	11319_reviewed	1
23468_reviewed	3619_reviewed	1
4172_reviewed	4173_reviewed	1
10892_reviewed	7186_reviewed	1
9802_reviewed	54165_reviewed	1
1725_reviewed	6133_reviewed	1
50813_reviewed	1448_reviewed	1
1398_reviewed	868_reviewed	1
10551_reviewed	7414_reviewed	1
999_reviewed	3312_reviewed	1
6647_reviewed	10131_reviewed	1
4691_reviewed	7150_reviewed	1
3066_reviewed	22938_reviewed	1
983_reviewed	9088_reviewed	1
83548_reviewed	25839_reviewed	1
8470_reviewed	23022_reviewed	1
5717_reviewed	5717_reviewed	1
7189_reviewed	4296_reviewed	1
1743_reviewed	30968_reviewed	1
8892_reviewed	8893_reviewed	1
7187_reviewed	1454_reviewed	1
5621_reviewed	1540_reviewed	1
9146_reviewed	9802_reviewed	1
8930_reviewed	8772_reviewed	1
3276_reviewed	6776_reviewed	1
28976_reviewed	51103_reviewed	1
80335_reviewed	22976_reviewed	1
9759_reviewed	57409_reviewed	1
3720_reviewed	121536_reviewed	1
9775_reviewed	10284_reviewed	1
7468_reviewed	367_reviewed	1
6925_reviewed	23199_reviewed	1
2783_reviewed	5977_reviewed	0
79879_reviewed	6871_reviewed	1
55070_reviewed	10477_reviewed	1
54870_reviewed	64395_reviewed	1
8554_reviewed	5371_reviewed	1
705_reviewed	2091_reviewed	1
6717_reviewed	10241_reviewed	1
4609_reviewed	26354_reviewed	1
129685_reviewed	6878_reviewed	1
23197_reviewed	337867_reviewed	1
54998_reviewed	28973_reviewed	1
7157_reviewed	754_reviewed	1
7704_reviewed	7076_reviewed	1
81550_reviewed	1654_reviewed	1
2099_reviewed	4691_reviewed	1
23560_reviewed	23212_reviewed	1
80176_reviewed	6839_reviewed	1
1203_reviewed	26270_reviewed	1
11124_reviewed	1499_reviewed	1
2810_reviewed	1965_reviewed	1
79084_reviewed	284695_reviewed	1
7067_reviewed	8648_reviewed	1
2091_reviewed	400506_reviewed	1
5111_reviewed	3065_reviewed	1
10048_reviewed	5901_reviewed	1
23386_reviewed	29941_reviewed	1
9094_reviewed	402_reviewed	1
25_reviewed	2064_reviewed	1
27248_reviewed	84447_reviewed	1
7316_reviewed	5432_reviewed	1
9232_reviewed	701_reviewed	1
6142_reviewed	6191_reviewed	1
4734_reviewed	3773_reviewed	1
4842_reviewed	1742_reviewed	1
29947_reviewed	5080_reviewed	1
4772_reviewed	57599_reviewed	1
4149_reviewed	11091_reviewed	1
255738_reviewed	23621_reviewed	1
27246_reviewed	4609_reviewed	1
1499_reviewed	1653_reviewed	1
3916_reviewed	7542_reviewed	1
27185_reviewed	26146_reviewed	1
6599_reviewed	8648_reviewed	1
27005_reviewed	57673_reviewed	1
1738_reviewed	1737_reviewed	1
2065_reviewed	5296_reviewed	1
6880_reviewed	23450_reviewed	1
25879_reviewed	5728_reviewed	1
54765_reviewed	7099_reviewed	1
79003_reviewed	701_reviewed	1
8856_reviewed	10616_reviewed	1
9343_reviewed	55234_reviewed	1
6885_reviewed	331_reviewed	1
3866_reviewed	5682_reviewed	1
2690_reviewed	6449_reviewed	1
6314_reviewed	23636_reviewed	1
1017_reviewed	11331_reviewed	1
8841_reviewed	4209_reviewed	1
156_reviewed	5579_reviewed	1
23291_reviewed	7818_reviewed	1
8850_reviewed	595_reviewed	1
5315_reviewed	7001_reviewed	1
51343_reviewed	57695_reviewed	1
123879_reviewed	8450_reviewed	1
84458_reviewed	10013_reviewed	1
54101_unreviewed	11140_reviewed	1
8241_reviewed	27238_reviewed	1
4771_reviewed	9113_reviewed	1
2176_reviewed	6772_reviewed	1
5521_reviewed	22948_reviewed	1
8835_reviewed	1398_reviewed	1
8975_reviewed	8266_reviewed	1
4609_reviewed	56902_reviewed	1
7316_reviewed	56897_reviewed	1
5716_reviewed	5718_reviewed	1
9618_reviewed	54971_reviewed	1
27316_reviewed	9775_reviewed	1
4646_reviewed	23677_reviewed	1
5395_reviewed	7316_reviewed	1
9947_reviewed	1485_reviewed	1
25855_reviewed	9111_reviewed	1
50813_reviewed	5587_reviewed	1
10551_reviewed	23521_reviewed	1
5700_reviewed	5683_reviewed	1
6142_reviewed	3921_reviewed	1
9477_reviewed	6837_reviewed	1
7023_reviewed	7392_reviewed	1
4176_reviewed	8317_reviewed	1
25855_reviewed	58533_reviewed	1
830_reviewed	84516_reviewed	1
409_reviewed	23032_reviewed	1
1024_reviewed	79084_reviewed	1
2321_reviewed	5295_reviewed	1
10163_reviewed	8976_reviewed	1
6144_reviewed	6187_reviewed	1
3315_reviewed	7277_reviewed	1
1080_reviewed	2896_reviewed	1
4609_reviewed	55705_reviewed	1
81533_reviewed	8607_reviewed	1
4170_reviewed	6500_reviewed	1
995_reviewed	5595_reviewed	1
50855_reviewed	998_reviewed	1
8452_reviewed	51239_reviewed	1
81847_reviewed	3006_reviewed	1
2885_reviewed	1627_reviewed	1
1956_reviewed	558_reviewed	1
5781_reviewed	3667_reviewed	1
3320_reviewed	7048_reviewed	1
3184_reviewed	10644_reviewed	1
51574_reviewed	7818_reviewed	1
3183_reviewed	3184_reviewed	1
604_reviewed	57504_reviewed	1
10524_reviewed	7343_reviewed	1
5371_reviewed	6135_reviewed	1
6125_reviewed	6203_reviewed	1
6390_reviewed	4729_reviewed	1
5501_reviewed	9045_reviewed	1
11316_reviewed	1314_reviewed	1
10987_reviewed	90293_reviewed	1
5501_reviewed	4000_reviewed	1
10612_reviewed	3840_reviewed	1
70_reviewed	1627_reviewed	1
27185_reviewed	10048_reviewed	1
5691_reviewed	5713_reviewed	1
5062_reviewed	4609_reviewed	1
11080_reviewed	4869_reviewed	1
10376_reviewed	908_reviewed	1
10551_reviewed	6208_reviewed	1
9825_reviewed	7132_reviewed	1
84699_reviewed	10891_reviewed	1
7529_reviewed	673_reviewed	1
988_reviewed	4670_reviewed	1
51271_reviewed	137492_reviewed	1
6137_reviewed	6187_reviewed	1
3068_reviewed	3065_reviewed	1
4734_reviewed	64750_reviewed	1
6240_reviewed	6045_reviewed	1
10401_reviewed	4087_reviewed	1
857_reviewed	4323_reviewed	1
10551_reviewed	60_reviewed	1
5830_reviewed	10901_reviewed	1
10413_reviewed	2547_reviewed	1
6853_reviewed	6853_reviewed	1
2275_reviewed	8676_reviewed	0
7704_reviewed	25942_reviewed	1
9533_reviewed	10623_reviewed	1
6733_reviewed	8233_reviewed	1
1018_reviewed	23595_reviewed	0
5702_reviewed	5700_reviewed	1
367_reviewed	8202_reviewed	1
22919_reviewed	9344_reviewed	1
51510_reviewed	29082_reviewed	1
55284_reviewed	6048_reviewed	1
3916_reviewed	1825_reviewed	1
4736_reviewed	6188_reviewed	1
5894_reviewed	10273_reviewed	1
2192_reviewed	4811_reviewed	1
5501_reviewed	4751_reviewed	1
65108_reviewed	10540_reviewed	1
10921_reviewed	5411_reviewed	1
3725_reviewed	2354_reviewed	1
2956_reviewed	4292_reviewed	1
10915_reviewed	23451_reviewed	1
2130_reviewed	7001_reviewed	1
1457_reviewed	7428_reviewed	1
51320_reviewed	160_reviewed	1
9125_reviewed	26058_reviewed	1
8554_reviewed	55215_reviewed	1
8543_reviewed	2099_reviewed	1
4976_reviewed	664_reviewed	1
2885_reviewed	695_reviewed	1
6667_reviewed	3091_reviewed	1
25_reviewed	5989_reviewed	1
2130_reviewed	2130_reviewed	1
7157_reviewed	2810_reviewed	1
1026_reviewed	4193_reviewed	1
23435_reviewed	10477_reviewed	1
5371_reviewed	4602_reviewed	1
8795_reviewed	8837_reviewed	1
207_reviewed	8915_reviewed	1
6927_reviewed	3146_reviewed	1
7337_reviewed	5052_reviewed	1
5728_reviewed	51433_reviewed	1
580_reviewed	28964_reviewed	1
3932_reviewed	7535_reviewed	1
7260_reviewed	55275_reviewed	1
8835_reviewed	23038_reviewed	1
5976_reviewed	26986_reviewed	1
27161_reviewed	55621_reviewed	1
6885_reviewed	4091_reviewed	1
10010_reviewed	80254_reviewed	1
23322_reviewed	30011_reviewed	1
2288_reviewed	27101_reviewed	1
10817_reviewed	122809_reviewed	1
7706_reviewed	10642_reviewed	1
4170_reviewed	599_reviewed	0
149041_reviewed	6193_reviewed	1
6850_reviewed	6452_reviewed	1
150737_reviewed	51098_reviewed	1
9569_reviewed	55729_reviewed	1
3065_reviewed	57708_reviewed	1
5075_reviewed	4223_reviewed	1
118460_reviewed	11340_reviewed	1
4869_reviewed	3192_reviewed	1
1813_reviewed	2036_reviewed	1
7415_reviewed	367_reviewed	1
339390_reviewed	8668_reviewed	1
8471_reviewed	10728_reviewed	1
132320_reviewed	28952_reviewed	1
406_reviewed	63893_reviewed	1
10641_reviewed	79726_reviewed	1
7316_reviewed	5717_reviewed	1
135_reviewed	1813_reviewed	1
11178_reviewed	1937_reviewed	1
8315_reviewed	9958_reviewed	1
154_reviewed	7253_reviewed	1
84676_reviewed	7136_reviewed	1
51191_reviewed	4831_reviewed	1
54971_reviewed	84970_reviewed	1
29108_reviewed	5371_reviewed	1
821_reviewed	3030_reviewed	1
126626_reviewed	1870_reviewed	0
10891_reviewed	11315_reviewed	0
5300_reviewed	4137_reviewed	1
10950_reviewed	1111_reviewed	1
113510_reviewed	6117_reviewed	1
6124_reviewed	6132_reviewed	1
6194_reviewed	10573_reviewed	1
1432_reviewed	4092_reviewed	1
1020_reviewed	9772_reviewed	1
7157_reviewed	55159_reviewed	1
3320_reviewed	7170_reviewed	1
3609_reviewed	26986_reviewed	1
50848_reviewed	8573_reviewed	1
1439_reviewed	10399_reviewed	1
22981_reviewed	5347_reviewed	1
5987_reviewed	373_reviewed	1
254225_reviewed	7316_reviewed	1
81622_reviewed	56889_reviewed	1
51496_reviewed	3608_reviewed	1
23492_reviewed	3066_reviewed	1
5873_reviewed	94121_reviewed	1
80314_reviewed	64769_reviewed	1
8737_reviewed	23118_reviewed	1
7386_reviewed	4704_reviewed	1
9343_reviewed	3550_reviewed	1
54715_reviewed	23543_reviewed	1
3265_reviewed	8417_reviewed	1
159_reviewed	122622_reviewed	1
7157_reviewed	83737_reviewed	1
9040_reviewed	10055_reviewed	1
7703_reviewed	7874_reviewed	1
23048_reviewed	1785_reviewed	1
60_reviewed	1072_reviewed	1
3299_reviewed	78986_reviewed	1
988_reviewed	8493_reviewed	1
467_reviewed	64375_reviewed	0
10910_reviewed	9049_reviewed	1
4234_reviewed	10785_reviewed	1
55662_reviewed	55662_reviewed	1
8835_reviewed	5861_reviewed	1
219541_reviewed	54797_reviewed	1
3320_reviewed	7846_reviewed	1
51343_reviewed	10059_reviewed	1
79155_reviewed	7251_reviewed	1
10618_reviewed	10970_reviewed	1
9475_reviewed	4633_reviewed	1
331_reviewed	842_reviewed	1
5683_reviewed	5685_reviewed	1
7329_reviewed	54778_reviewed	1
2569_reviewed	8887_reviewed	1
399_reviewed	10009_reviewed	1
160760_reviewed	664_reviewed	1
138639_reviewed	8573_reviewed	1
5214_reviewed	6737_reviewed	1
9093_reviewed	1956_reviewed	1
4869_reviewed	6134_reviewed	1
84057_reviewed	29893_reviewed	1
846_reviewed	4792_reviewed	1
6256_reviewed	5705_reviewed	1
8468_reviewed	7411_reviewed	1
54487_reviewed	4691_reviewed	1
904_reviewed	2099_reviewed	1
3169_reviewed	367_reviewed	1
23322_reviewed	830_reviewed	1
11252_reviewed	29993_reviewed	1
79102_reviewed	8878_reviewed	1
1459_reviewed	79576_reviewed	1
50943_reviewed	10572_reviewed	1
23390_reviewed	8675_reviewed	1
1859_reviewed	7168_reviewed	1
51400_reviewed	2224_reviewed	1
9870_reviewed	56616_reviewed	1
6886_reviewed	23028_reviewed	1
8517_reviewed	9711_reviewed	1
9295_reviewed	11338_reviewed	1
1459_reviewed	57592_reviewed	1
29100_reviewed	7225_reviewed	1
51231_reviewed	4869_reviewed	1
9531_reviewed	2539_reviewed	1
4691_reviewed	3685_reviewed	1
7706_reviewed	2597_reviewed	1
8737_reviewed	329_reviewed	1
8517_reviewed	207_reviewed	1
55291_reviewed	6790_reviewed	1
4294_reviewed	22920_reviewed	1
9045_reviewed	6141_reviewed	1
83737_reviewed	1840_reviewed	1
55257_reviewed	86_reviewed	1
9532_reviewed	6813_reviewed	1
1025_reviewed	4141_reviewed	1
3313_reviewed	9093_reviewed	1
5694_reviewed	5710_reviewed	1
8450_reviewed	10920_reviewed	1
2811_reviewed	7534_reviewed	1
22954_reviewed	340061_reviewed	1
4734_reviewed	57610_reviewed	1
8313_reviewed	4092_reviewed	1
7465_reviewed	1457_reviewed	1
6915_reviewed	134430_reviewed	1
7430_reviewed	4771_reviewed	1
26269_reviewed	382_reviewed	1
5581_reviewed	9276_reviewed	1
5194_reviewed	8799_reviewed	0
10477_reviewed	54778_reviewed	1
149428_reviewed	149428_reviewed	1
4170_reviewed	598_reviewed	0
10635_reviewed	11144_reviewed	1
6310_reviewed	55249_reviewed	1
10459_reviewed	23468_reviewed	1
3609_reviewed	23567_reviewed	1
10921_reviewed	24148_reviewed	1
898_reviewed	983_reviewed	0
1147_reviewed	5580_reviewed	1
8676_reviewed	8773_reviewed	1
83737_reviewed	7332_reviewed	1
51574_reviewed	6191_reviewed	1
8726_reviewed	23512_reviewed	1
6147_reviewed	6125_reviewed	1
7706_reviewed	6124_reviewed	1
4609_reviewed	3315_reviewed	1
9368_reviewed	23236_reviewed	1
5987_reviewed	1147_reviewed	1
5784_reviewed	80014_reviewed	1
23322_reviewed	4591_reviewed	1
55677_reviewed	9646_reviewed	1
7494_reviewed	7329_reviewed	1
6502_reviewed	3836_reviewed	1
7316_reviewed	10906_reviewed	1
27429_reviewed	27429_reviewed	1
25_reviewed	23429_reviewed	1
26013_reviewed	7415_reviewed	1
1198_reviewed	29896_reviewed	1
8470_reviewed	8936_reviewed	1
4799_reviewed	26986_reviewed	1
239_reviewed	4000_reviewed	1
56997_reviewed	84274_reviewed	1
960_reviewed	960_reviewed	1
5970_reviewed	6256_reviewed	1
9368_reviewed	207_reviewed	1
23650_reviewed	9126_reviewed	1
23411_reviewed	5468_reviewed	1
63979_reviewed	55732_reviewed	1
867_reviewed	829_reviewed	1
55844_reviewed	221150_reviewed	1
1080_reviewed	5954_reviewed	1
85363_reviewed	85363_reviewed	1
56257_reviewed	6428_reviewed	1
7536_reviewed	10915_reviewed	1
5241_reviewed	10499_reviewed	1
7415_reviewed	5704_reviewed	1
80152_reviewed	79682_reviewed	1
5588_reviewed	84433_reviewed	1
115004_reviewed	3428_reviewed	1
285_reviewed	3678_reviewed	1
5347_reviewed	7157_reviewed	1
9970_reviewed	190_reviewed	1
55893_reviewed	3065_reviewed	1
10921_reviewed	1457_reviewed	1
6654_reviewed	8533_reviewed	1
340061_reviewed	57003_reviewed	1
84333_reviewed	6015_reviewed	1
129401_reviewed	9972_reviewed	1
64210_reviewed	5425_reviewed	1
506_reviewed	5245_reviewed	1
5518_reviewed	4281_reviewed	1
55054_reviewed	64127_reviewed	1
3178_reviewed	3609_reviewed	1
22938_reviewed	8539_reviewed	1
5600_reviewed	4137_reviewed	1
23435_reviewed	3308_reviewed	1
79155_reviewed	154810_reviewed	1
3265_reviewed	3655_reviewed	1
162989_reviewed	841_reviewed	1
8454_reviewed	23450_reviewed	1
56257_reviewed	8531_reviewed	1
8932_reviewed	57459_reviewed	1
26986_reviewed	9100_reviewed	1
9306_reviewed	10067_reviewed	1
7186_reviewed	25793_reviewed	1
1540_reviewed	7316_reviewed	1
54840_reviewed	7518_reviewed	1
11218_reviewed	6625_reviewed	1
6045_reviewed	5704_reviewed	1
10551_reviewed	64087_reviewed	1
9129_reviewed	58517_reviewed	1
5885_reviewed	10146_reviewed	1
84248_reviewed	6749_reviewed	1
1499_reviewed	51564_reviewed	1
85369_reviewed	7871_reviewed	1
9306_reviewed	23170_reviewed	1
7189_reviewed	54764_reviewed	1
22976_reviewed	51647_reviewed	1
9416_reviewed	55837_reviewed	1
24144_reviewed	84619_reviewed	1
55240_reviewed	9088_reviewed	1
8683_reviewed	11338_reviewed	1
8914_reviewed	54962_reviewed	1
7534_reviewed	3581_reviewed	1
8852_reviewed	5573_reviewed	1
7391_reviewed	5929_reviewed	1
598_reviewed	664_reviewed	1
9815_reviewed	8517_reviewed	1
7157_reviewed	4670_reviewed	1
5894_reviewed	3320_reviewed	1
10569_reviewed	54904_reviewed	1
7409_reviewed	5159_reviewed	1
80306_reviewed	9440_reviewed	1
83732_reviewed	3190_reviewed	1
54520_reviewed	51122_reviewed	1
90379_reviewed	8243_reviewed	1
6885_reviewed	53347_reviewed	1
84447_reviewed	79139_reviewed	1
10551_reviewed	5034_reviewed	1
2533_reviewed	7329_reviewed	1
2011_reviewed	65018_reviewed	1
326_reviewed	326_reviewed	1
1617_reviewed	23369_reviewed	1
80198_reviewed	7014_reviewed	1
8408_reviewed	10868_reviewed	1
10884_reviewed	54534_reviewed	1
9589_reviewed	604_reviewed	1
245972_reviewed	11047_reviewed	1
4893_reviewed	10057_reviewed	1
9400_reviewed	5888_reviewed	1
6625_reviewed	5976_reviewed	1
4188_reviewed	5013_reviewed	1
23291_reviewed	6737_reviewed	1
9388_reviewed	9388_reviewed	1
7186_reviewed	9989_reviewed	1
7316_reviewed	25_reviewed	1
1994_reviewed	54542_reviewed	1
6118_reviewed	7486_reviewed	1
93986_reviewed	22934_reviewed	1
7690_reviewed	55178_reviewed	1
11339_reviewed	54069_reviewed	1
9521_reviewed	3376_reviewed	1
367_reviewed	7251_reviewed	1
10528_reviewed	6129_reviewed	1
7337_reviewed	9861_reviewed	1
23197_reviewed	7444_reviewed	1
2289_reviewed	283643_reviewed	1
5728_reviewed	5710_reviewed	1
5884_reviewed	3364_reviewed	1
26273_reviewed	6500_reviewed	1
79982_reviewed	3312_reviewed	1
5450_reviewed	6477_reviewed	1
1080_reviewed	9532_reviewed	1
55718_reviewed	10622_reviewed	1
151636_reviewed	83737_reviewed	1
220134_reviewed	10403_reviewed	1
199990_reviewed	2178_reviewed	1
5536_reviewed	3320_reviewed	1
10664_reviewed	23512_reviewed	1
54778_reviewed	4087_reviewed	1
22818_reviewed	22818_reviewed	1
54453_reviewed	5869_reviewed	1
4609_reviewed	51340_reviewed	1
7157_reviewed	30008_reviewed	1
4609_reviewed	285855_reviewed	1
83737_reviewed	673_reviewed	1
2740_reviewed	54681_reviewed	1
55844_reviewed	23517_reviewed	1
29935_reviewed	6118_reviewed	1
23542_reviewed	5606_reviewed	1
55905_reviewed	55905_reviewed	1
10856_reviewed	80185_reviewed	1
55626_reviewed	3329_reviewed	1
10342_reviewed	11030_reviewed	1
4294_reviewed	9479_reviewed	1
768_reviewed	4323_reviewed	1
1000_reviewed	1499_reviewed	1
891_reviewed	64061_reviewed	1
55898_reviewed	1434_reviewed	1
29978_reviewed	5700_reviewed	1
8440_reviewed	8976_reviewed	1
29988_reviewed	162_reviewed	1
5928_reviewed	286826_reviewed	1
10551_reviewed	10134_reviewed	1
8208_reviewed	10036_reviewed	1
7157_reviewed	10575_reviewed	1
22954_reviewed	84062_reviewed	1
5888_reviewed	23514_reviewed	1
149041_reviewed	6147_reviewed	1
1447_reviewed	30835_reviewed	0
3315_reviewed	1982_reviewed	1
4087_reviewed	10393_reviewed	1
5997_reviewed	5071_reviewed	1
83878_reviewed	85302_reviewed	1
3396_reviewed	11222_reviewed	1
83593_reviewed	6237_reviewed	1
9636_reviewed	4599_reviewed	1
6188_reviewed	6202_reviewed	1
56893_reviewed	7917_reviewed	1
23404_reviewed	56915_reviewed	1
22919_reviewed	203068_reviewed	1
1654_reviewed	7187_reviewed	1
4893_reviewed	6535_reviewed	1
388_reviewed	5879_reviewed	1
2273_reviewed	11200_reviewed	1
55159_reviewed	5111_reviewed	1
3280_reviewed	2178_reviewed	1
1871_reviewed	23429_reviewed	1
79609_reviewed	7415_reviewed	1
22839_reviewed	274_reviewed	1
3006_reviewed	79577_reviewed	1
5872_reviewed	5872_reviewed	1
2885_reviewed	50807_reviewed	1
1017_reviewed	994_reviewed	1
8726_reviewed	22823_reviewed	1
10419_reviewed	11091_reviewed	1
60561_reviewed	79005_reviewed	1
323_reviewed	51741_reviewed	1
6310_reviewed	84872_reviewed	1
4609_reviewed	4236_reviewed	1
3265_reviewed	8140_reviewed	1
79155_reviewed	329_reviewed	1
4287_reviewed	3303_unreviewed	1
1027_reviewed	10762_reviewed	1
4848_reviewed	9125_reviewed	1
5521_reviewed	51278_reviewed	1
3654_reviewed	134728_reviewed	1
11267_reviewed	7251_reviewed	1
79443_reviewed	55170_reviewed	1
9110_reviewed	55165_reviewed	1
5520_reviewed	55038_reviewed	1
23741_reviewed	4193_reviewed	1
7334_reviewed	7844_reviewed	1
149603_reviewed	149603_reviewed	1
3845_reviewed	6102_reviewed	1
10197_reviewed	85403_reviewed	1
2688_reviewed	2690_reviewed	1
1813_reviewed	7220_reviewed	1
5728_reviewed	8658_reviewed	1
10856_reviewed	79913_reviewed	1
1956_reviewed	162_reviewed	1
27043_reviewed	3066_reviewed	1
6667_reviewed	983_reviewed	1
54101_unreviewed	3320_reviewed	1
6714_reviewed	2885_reviewed	1
81622_reviewed	1209_reviewed	1
2064_reviewed	5296_reviewed	0
79837_reviewed	7988_reviewed	0
865_reviewed	860_reviewed	1
55294_reviewed	3297_reviewed	1
84376_reviewed	10749_reviewed	1
990_reviewed	28227_reviewed	1
9045_reviewed	6205_reviewed	1
2146_reviewed	1655_reviewed	1
10036_reviewed	10541_reviewed	1
29979_reviewed	51035_reviewed	1
28981_reviewed	80173_reviewed	1
56159_reviewed	81628_reviewed	1
6456_reviewed	1759_reviewed	1
8431_reviewed	7376_reviewed	1
11244_reviewed	333_reviewed	0
7337_reviewed	5371_reviewed	1
9342_reviewed	55763_reviewed	1
11140_reviewed	8878_reviewed	1
6908_reviewed	6881_reviewed	1
4287_reviewed	1642_reviewed	1
51741_reviewed	8692_reviewed	1
11344_reviewed	830_reviewed	1
5599_reviewed	4776_reviewed	1
142_reviewed	701_reviewed	1
4088_reviewed	80149_reviewed	1
6144_reviewed	6124_reviewed	1
5925_reviewed	5931_reviewed	1
5713_reviewed	5702_reviewed	1
5468_reviewed	7421_reviewed	1
23613_reviewed	54815_reviewed	1
7014_reviewed	6477_reviewed	1
4734_reviewed	55353_reviewed	1
1400_reviewed	1808_reviewed	1
6598_reviewed	6605_reviewed	1
56203_reviewed	131377_reviewed	1
5515_reviewed	5523_reviewed	1
10013_reviewed	92609_reviewed	1
51341_reviewed	7157_reviewed	1
56257_reviewed	26227_reviewed	1
5682_reviewed	5707_reviewed	1
1500_reviewed	1500_reviewed	0
151987_reviewed	22950_reviewed	1
6895_reviewed	6895_reviewed	1
5932_reviewed	9156_reviewed	1
29979_reviewed	83692_reviewed	1
972_reviewed	3030_reviewed	1
5711_reviewed	5714_reviewed	1
3741_reviewed	3737_reviewed	1
1410_reviewed	3315_reviewed	1
8878_reviewed	8737_reviewed	1
65018_reviewed	7189_reviewed	1
6760_reviewed	65980_reviewed	1
815_reviewed	1739_reviewed	1
157310_reviewed	5604_reviewed	1
10580_reviewed	3642_reviewed	1
6667_reviewed	7020_reviewed	1
920_reviewed	51324_reviewed	1
5481_reviewed	3326_reviewed	1
55082_reviewed	6733_reviewed	1
8737_reviewed	8772_reviewed	1
598_reviewed	7178_reviewed	1
8073_reviewed	2342_reviewed	1
65082_reviewed	64601_reviewed	1
3320_reviewed	85366_reviewed	1
3178_reviewed	9782_reviewed	1
3169_reviewed	1104_reviewed	1
3481_reviewed	3484_reviewed	1
10758_reviewed	1147_reviewed	1
140456_reviewed	6184_reviewed	1
4193_reviewed	7325_reviewed	1
63943_reviewed	3320_reviewed	1
9637_reviewed	60592_reviewed	1
11146_reviewed	329_reviewed	1
7917_reviewed	439_reviewed	1
1027_reviewed	4067_reviewed	1
8945_reviewed	29904_reviewed	1
9306_reviewed	4200_reviewed	1
6925_reviewed	3400_reviewed	1
23644_reviewed	196513_reviewed	1
388324_reviewed	79102_reviewed	1
112858_reviewed	348995_reviewed	1
7409_reviewed	7535_reviewed	1
4609_reviewed	5411_reviewed	1
4692_reviewed	3192_reviewed	1
23400_reviewed	10897_reviewed	1
22981_reviewed	57662_reviewed	1
4286_reviewed	10213_reviewed	1
6720_reviewed	6667_reviewed	1
23468_reviewed	6776_reviewed	1
9001_reviewed	9146_reviewed	1
1028_reviewed	595_reviewed	1
7867_reviewed	6929_reviewed	1
1994_reviewed	10658_reviewed	1
22878_reviewed	27095_reviewed	1
5590_reviewed	5970_reviewed	1
51257_reviewed	1080_reviewed	1
6421_reviewed	5725_reviewed	1
2353_reviewed	83931_reviewed	1
5997_reviewed	54663_reviewed	1
3643_reviewed	150290_reviewed	1
55661_reviewed	23246_reviewed	1
2547_reviewed	3609_reviewed	1
22938_reviewed	83732_reviewed	1
84941_reviewed	10188_reviewed	1
3065_reviewed	25855_reviewed	1
23326_reviewed	8464_reviewed	1
84142_reviewed	580_reviewed	1
23035_reviewed	91833_reviewed	1
8471_reviewed	7846_reviewed	1
26999_reviewed	10810_reviewed	1
56893_reviewed	6696_reviewed	1
3845_reviewed	55243_reviewed	1
6478_reviewed	7791_reviewed	1
2740_reviewed	10159_reviewed	1
6452_reviewed	27040_reviewed	1
7161_reviewed	7161_reviewed	1
6187_reviewed	6222_reviewed	1
4670_reviewed	4000_reviewed	1
140545_reviewed	84106_reviewed	1
83548_reviewed	10466_reviewed	1
201163_reviewed	10273_reviewed	1
22879_reviewed	57617_reviewed	1
1053_reviewed	4302_reviewed	1
5565_reviewed	90993_reviewed	1
9319_reviewed	84171_reviewed	1
2934_reviewed	367_reviewed	1
9775_reviewed	22938_reviewed	1
7706_reviewed	9112_reviewed	1
7398_reviewed	5111_reviewed	1
1161_reviewed	51138_reviewed	1
54534_reviewed	29074_reviewed	1
8314_reviewed	3843_reviewed	1
8880_reviewed	5093_reviewed	1
11315_reviewed	598_reviewed	1
6657_reviewed	6599_reviewed	1
5784_reviewed	9531_reviewed	1
6881_reviewed	27097_reviewed	1
8737_reviewed	1540_reviewed	1
84078_reviewed	3996_reviewed	1
3091_reviewed	10801_reviewed	1
84991_reviewed	57794_reviewed	1
9513_reviewed	51451_reviewed	1
8651_reviewed	1600_reviewed	1
5605_reviewed	5595_reviewed	1
23517_reviewed	5393_reviewed	0
8079_reviewed	3310_reviewed	1
93492_reviewed	115106_reviewed	1
1649_reviewed	467_reviewed	1
84433_reviewed	10892_reviewed	1
1326_reviewed	5970_reviewed	1
1901_reviewed	2773_reviewed	1
4883_reviewed	4878_reviewed	1
5565_reviewed	339834_reviewed	1
4109_reviewed	55810_reviewed	1
9382_reviewed	57511_reviewed	1
4760_reviewed	4294_reviewed	1
1452_reviewed	9462_reviewed	1
914_reviewed	30011_reviewed	1
4088_reviewed	6498_reviewed	1
2783_reviewed	7988_reviewed	0
27185_reviewed	5048_reviewed	1
79101_reviewed	9015_reviewed	1
10273_reviewed	3337_reviewed	1
914_reviewed	965_reviewed	1
6118_reviewed	4174_reviewed	1
598_reviewed	317_reviewed	1
3635_reviewed	4067_reviewed	1
4893_reviewed	7355_reviewed	1
1017_reviewed	5422_reviewed	1
139285_reviewed	8312_reviewed	1
89857_reviewed	54542_reviewed	1
1994_reviewed	10013_reviewed	1
55208_reviewed	8453_reviewed	1
22944_reviewed	6117_reviewed	1
157570_reviewed	1642_reviewed	1
220082_reviewed	220082_reviewed	1
1956_reviewed	5868_reviewed	1
597_reviewed	10155_reviewed	1
5501_reviewed	23521_reviewed	1
79654_reviewed	842_reviewed	1
6222_reviewed	6204_reviewed	1
6135_reviewed	6188_reviewed	1
51592_reviewed	6886_reviewed	1
6625_reviewed	56257_reviewed	1
2081_reviewed	10273_reviewed	1
5296_reviewed	3866_reviewed	1
4217_reviewed	153090_reviewed	1
23016_reviewed	54512_reviewed	1
23424_reviewed	5128_reviewed	1
4092_reviewed	867_reviewed	1
55770_reviewed	11336_reviewed	1
56893_reviewed	10052_reviewed	1
10625_reviewed	3190_reviewed	1
7428_reviewed	2034_reviewed	1
4691_reviewed	975_reviewed	1
115426_reviewed	7157_reviewed	1
5861_reviewed	7879_reviewed	1
83667_reviewed	8131_reviewed	1
1173_reviewed	25977_reviewed	1
5499_reviewed	5507_reviewed	1
2081_reviewed	4217_reviewed	1
29760_reviewed	79930_reviewed	1
78990_reviewed	11338_reviewed	1
10528_reviewed	6122_reviewed	1
7375_reviewed	5932_reviewed	1
3654_reviewed	5532_reviewed	1
23326_reviewed	10474_reviewed	1
3192_reviewed	5725_reviewed	1
4771_reviewed	29970_reviewed	1
4193_reviewed	3480_reviewed	1
54925_reviewed	387032_reviewed	1
1407_reviewed	26268_reviewed	0
8766_reviewed	7532_reviewed	1
5689_reviewed	5694_reviewed	1
10575_reviewed	7203_reviewed	1
55626_reviewed	9532_reviewed	1
81847_reviewed	2547_reviewed	1
51574_reviewed	11103_reviewed	1
329_reviewed	1660_reviewed	1
6203_reviewed	6204_reviewed	1
2185_reviewed	2934_reviewed	1
51185_reviewed	8450_reviewed	1
9049_reviewed	10672_reviewed	1
3622_reviewed	84312_reviewed	1
10670_reviewed	153129_reviewed	1
3135_reviewed	3135_reviewed	1
29894_reviewed	51692_reviewed	1
10661_reviewed	2965_reviewed	1
6478_reviewed	23368_reviewed	1
3667_reviewed	5291_reviewed	1
5606_reviewed	6790_reviewed	1
4067_reviewed	356_reviewed	1
6152_reviewed	6134_reviewed	1
10013_reviewed	1080_reviewed	1
80020_reviewed	6400_reviewed	1
4849_reviewed	64375_reviewed	0
84140_reviewed	117178_reviewed	1
5682_reviewed	56984_reviewed	1
5717_reviewed	5707_reviewed	1
8626_reviewed	10399_reviewed	1
25942_reviewed	6497_reviewed	1
55662_reviewed	84079_reviewed	1
3845_reviewed	3845_reviewed	1
149041_reviewed	71_reviewed	1
3845_reviewed	768211_reviewed	1
80335_reviewed	9070_reviewed	1
3312_reviewed	832_reviewed	1
1468_reviewed	4188_reviewed	1
8764_reviewed	7186_reviewed	1
3185_reviewed	23543_reviewed	1
8202_reviewed	10197_reviewed	1
2064_reviewed	60_reviewed	1
3276_reviewed	23411_reviewed	1
11011_reviewed	25842_reviewed	1
51377_reviewed	5716_reviewed	1
4171_reviewed	9817_reviewed	1
6502_reviewed	4209_reviewed	1
6134_reviewed	6133_reviewed	1
6129_reviewed	6205_reviewed	1
166785_reviewed	166785_reviewed	1
5784_reviewed	11059_reviewed	1
5978_reviewed	4691_reviewed	1
10474_reviewed	6256_reviewed	1
11187_reviewed	1828_reviewed	1
7046_reviewed	7428_reviewed	1
5977_reviewed	4790_reviewed	1
3845_reviewed	120_reviewed	1
64412_reviewed	4691_reviewed	1
282809_reviewed	10576_reviewed	1
122953_reviewed	1386_reviewed	1
2801_reviewed	7704_reviewed	1
10971_reviewed	23313_reviewed	1
51375_reviewed	56159_reviewed	1
83696_reviewed	8517_reviewed	0
2353_reviewed	1728_reviewed	1
8733_reviewed	94005_reviewed	1
8452_reviewed	3308_reviewed	1
8767_reviewed	7186_reviewed	1
11130_reviewed	6238_reviewed	1
6625_reviewed	22913_reviewed	1
3315_reviewed	2665_reviewed	1
9113_reviewed	25937_reviewed	1
6733_reviewed	6428_reviewed	1
988_reviewed	57418_reviewed	1
5536_reviewed	26523_reviewed	1
23390_reviewed	9322_reviewed	1
10454_reviewed	1432_reviewed	1
8878_reviewed	84676_reviewed	1
329_reviewed	4084_reviewed	1
9662_reviewed	123811_reviewed	1
9306_reviewed	51150_reviewed	1
10013_reviewed	4092_reviewed	1
5530_reviewed	5687_reviewed	1
55611_reviewed	7189_reviewed	1
7316_reviewed	55666_reviewed	1
7179_reviewed	2177_reviewed	1
1848_reviewed	55422_reviewed	0
1173_reviewed	613_reviewed	1
639_reviewed	22806_reviewed	1
3702_reviewed	3838_reviewed	1
387521_reviewed	7334_reviewed	1
4215_reviewed	84231_reviewed	1
54472_reviewed	8878_reviewed	1
150094_reviewed	23118_reviewed	1
8825_reviewed	8573_reviewed	1
55252_reviewed	114785_reviewed	1
64127_reviewed	28227_reviewed	1
80321_reviewed	23028_reviewed	1
8454_reviewed	2873_reviewed	1
9040_reviewed	23142_reviewed	1
6502_reviewed	4609_reviewed	1
7224_reviewed	50861_reviewed	1
10971_reviewed	5588_reviewed	1
7534_reviewed	51307_reviewed	1
5501_reviewed	6124_reviewed	1
6338_reviewed	4734_reviewed	1
5932_reviewed	55218_reviewed	1
80746_reviewed	116461_reviewed	1
23650_reviewed	23650_reviewed	1
571_reviewed	7514_reviewed	1
25949_reviewed	23582_reviewed	1
3845_reviewed	6533_reviewed	1
80854_reviewed	29128_reviewed	1
3480_reviewed	820_reviewed	1
55957_reviewed	4605_reviewed	1
22832_reviewed	10464_reviewed	1
6138_reviewed	10980_reviewed	1
3394_reviewed	9318_reviewed	1
2289_reviewed	7846_reviewed	1
25942_reviewed	6599_reviewed	1
8539_reviewed	55661_reviewed	1
56893_reviewed	7755_reviewed	1
4000_reviewed	6829_reviewed	1
7316_reviewed	8517_reviewed	1
5295_reviewed	3635_reviewed	1
10010_reviewed	10010_reviewed	1
154796_reviewed	4771_reviewed	1
6152_reviewed	6187_reviewed	1
10336_reviewed	6015_reviewed	1
7507_reviewed	1643_reviewed	1
10197_reviewed	57379_reviewed	1
597_reviewed	572_reviewed	1
26994_reviewed	8078_reviewed	1
1432_reviewed	3265_reviewed	0
9531_reviewed	10574_reviewed	1
5518_reviewed	8312_reviewed	0
79155_reviewed	220134_reviewed	1
70_reviewed	10121_reviewed	1
5094_reviewed	5725_reviewed	1
8471_reviewed	7534_reviewed	1
4893_reviewed	10493_reviewed	1
199990_reviewed	2189_reviewed	1
54148_reviewed	64976_reviewed	1
4780_reviewed	10155_reviewed	1
10884_reviewed	65005_reviewed	1
7329_reviewed	5371_reviewed	1
161_reviewed	273_reviewed	1
7763_reviewed	7316_reviewed	1
7157_reviewed	6189_reviewed	1
375_reviewed	50807_reviewed	1
5447_reviewed	1559_reviewed	1
79947_reviewed	10577_reviewed	1
7531_reviewed	79039_reviewed	1
6733_reviewed	8761_reviewed	1
26269_reviewed	6500_reviewed	1
322_reviewed	9844_reviewed	1
29979_reviewed	55374_reviewed	1
10397_reviewed	5867_reviewed	1
9584_reviewed	10284_reviewed	1
29775_reviewed	10755_reviewed	1
4478_reviewed	975_reviewed	1
5195_reviewed	203068_reviewed	1
51574_reviewed	4686_reviewed	1
6135_reviewed	6204_reviewed	1
60_reviewed	3383_reviewed	1
10015_reviewed	85365_reviewed	1
79797_reviewed	79797_reviewed	1
4968_reviewed	7515_reviewed	1
6396_reviewed	23279_reviewed	1
10155_reviewed	1051_reviewed	1
84676_reviewed	1158_reviewed	1
9802_reviewed	10241_reviewed	1
2078_reviewed	6175_reviewed	1
6792_reviewed	6792_reviewed	1
7083_reviewed	2597_reviewed	1
6194_reviewed	23246_reviewed	1
51530_reviewed	891_reviewed	1
1017_reviewed	1017_reviewed	1
8907_reviewed	8905_reviewed	1
2665_reviewed	5868_reviewed	1
7157_reviewed	3837_reviewed	1
11338_reviewed	5245_reviewed	1
10413_reviewed	3315_reviewed	1
51343_reviewed	28960_reviewed	1
10155_reviewed	8805_reviewed	1
1022_reviewed	3326_reviewed	1
1829_reviewed	3728_reviewed	1
3192_reviewed	9343_reviewed	1
8812_reviewed	11030_reviewed	1
1499_reviewed	3190_reviewed	1
9040_reviewed	51138_reviewed	1
4715_reviewed	4716_reviewed	1
23481_reviewed	55299_reviewed	1
3692_reviewed	6124_reviewed	1
57379_reviewed	54512_reviewed	1
5111_reviewed	5223_reviewed	1
4790_reviewed	688_reviewed	1
114928_reviewed	22980_reviewed	1
5585_reviewed	1039_reviewed	1
84911_reviewed	10155_reviewed	1
7846_reviewed	7846_reviewed	1
91_reviewed	92_reviewed	1
4802_reviewed	22926_reviewed	1
23770_reviewed	27101_reviewed	1
5682_reviewed	5701_reviewed	1
23149_reviewed	58513_reviewed	1
84333_reviewed	1460_reviewed	1
22916_reviewed	4686_reviewed	1
10120_reviewed	10540_reviewed	1
1025_reviewed	5970_reviewed	1
90268_reviewed	7415_reviewed	1
55768_reviewed	5886_reviewed	1
2275_reviewed	7965_reviewed	1
7529_reviewed	8471_reviewed	1
11340_reviewed	5393_reviewed	1
26260_reviewed	2002_reviewed	1
8850_reviewed	3291_reviewed	1
4893_reviewed	54910_reviewed	1
8139_reviewed	4741_reviewed	1
5236_reviewed	9588_reviewed	1
23168_reviewed	11198_reviewed	1
7251_reviewed	1969_reviewed	1
7297_reviewed	10572_reviewed	1
55544_reviewed	4193_reviewed	1
2178_reviewed	2189_reviewed	1
7917_reviewed	7917_reviewed	1
7416_reviewed	10452_reviewed	1
3320_reviewed	55011_reviewed	1
6452_reviewed	867_reviewed	1
4609_reviewed	2976_reviewed	1
10425_reviewed	10425_reviewed	1
5468_reviewed	8648_reviewed	1
7551_reviewed	79797_reviewed	0
6310_reviewed	10865_reviewed	1
673_reviewed	3303_unreviewed	1
9203_reviewed	9577_reviewed	1
7124_reviewed	7186_reviewed	1
5106_reviewed	4088_reviewed	1
10128_reviewed	55201_reviewed	1
2962_reviewed	2960_reviewed	1
595_reviewed	5111_reviewed	1
55299_reviewed	9933_reviewed	1
23210_reviewed	57396_reviewed	1
26155_reviewed	7157_reviewed	1
81567_reviewed	3308_reviewed	1
8453_reviewed	10920_reviewed	1
3866_reviewed	84619_reviewed	1
9493_reviewed	377_reviewed	1
862_reviewed	6938_reviewed	1
960_reviewed	4771_reviewed	1
55737_reviewed	253725_reviewed	1
79850_reviewed	6520_reviewed	1
8464_reviewed	10629_reviewed	1
89891_reviewed	257397_reviewed	1
8772_reviewed	4666_reviewed	1
7083_reviewed	7157_reviewed	1
5921_reviewed	3265_reviewed	1
9747_reviewed	10262_reviewed	1
5610_reviewed	3692_reviewed	1
6500_reviewed	23219_reviewed	1
2740_reviewed	29093_reviewed	1
5684_reviewed	5707_reviewed	1
867_reviewed	613_reviewed	1
1017_reviewed	226_reviewed	1
4174_reviewed	4000_reviewed	1
5520_reviewed	47_reviewed	1
333_reviewed	10813_reviewed	1
54165_reviewed	8453_reviewed	1
4609_reviewed	8402_reviewed	1
4609_reviewed	6599_reviewed	1
8471_reviewed	10294_reviewed	1
6191_reviewed	6222_reviewed	1
6147_reviewed	6122_reviewed	1
57805_reviewed	23411_reviewed	1
467_reviewed	7157_reviewed	1
6647_reviewed	3939_reviewed	1
9101_reviewed	8837_reviewed	1
2534_reviewed	8751_reviewed	1
5295_reviewed	57624_reviewed	1
10551_reviewed	285513_reviewed	1
10482_reviewed	8480_reviewed	1
23411_reviewed	10197_reviewed	1
5250_reviewed	7879_reviewed	1
3551_reviewed	5584_reviewed	1
5771_reviewed	5708_reviewed	1
3032_reviewed	1650_reviewed	1
6464_reviewed	5979_reviewed	1
4905_reviewed	23256_reviewed	1
64446_reviewed	8878_reviewed	1
8737_reviewed	7128_reviewed	1
10078_reviewed	10421_reviewed	1
3654_reviewed	3551_reviewed	1
5775_reviewed	7531_reviewed	1
7283_reviewed	908_reviewed	1
70_reviewed	8089_reviewed	1
558_reviewed	23371_reviewed	1
1852_reviewed	8518_reviewed	1
26088_reviewed	351_reviewed	1
27342_reviewed	27342_reviewed	1
55466_reviewed	5631_reviewed	1
27339_reviewed	9092_reviewed	1
29843_reviewed	147923_reviewed	1
9126_reviewed	23063_reviewed	1
5693_reviewed	5683_reviewed	1
51726_reviewed	7846_reviewed	1
84108_reviewed	10951_reviewed	1
56259_reviewed	3838_reviewed	1
55011_reviewed	116143_reviewed	1
3550_reviewed	118924_reviewed	1
23197_reviewed	29978_reviewed	1
22981_reviewed	1540_reviewed	1
5599_reviewed	1398_reviewed	1
6194_reviewed	6201_reviewed	1
10293_reviewed	51720_reviewed	1
138639_reviewed	55844_reviewed	1
2130_reviewed	55249_reviewed	1
23650_reviewed	5987_reviewed	1
2177_reviewed	5888_reviewed	1
22938_reviewed	4609_reviewed	1
326_reviewed	9688_reviewed	1
57096_reviewed	6787_reviewed	1
8065_reviewed	865_reviewed	1
51010_reviewed	56915_reviewed	1
10657_reviewed	3190_reviewed	1
5885_reviewed	1642_reviewed	1
9915_reviewed	9618_reviewed	1
55611_reviewed	10477_reviewed	1
129685_reviewed	129685_reviewed	1
22832_reviewed	49856_reviewed	1
4869_reviewed	1654_reviewed	1
55294_reviewed	4609_reviewed	1
5241_reviewed	7520_reviewed	1
5780_reviewed	10313_reviewed	1
57695_reviewed	8945_reviewed	1
7185_reviewed	55072_reviewed	1
1665_reviewed	84619_reviewed	1
51547_reviewed	7343_reviewed	1
23569_reviewed	3066_reviewed	1
821_reviewed	7417_reviewed	1
9701_reviewed	283373_reviewed	1
60_reviewed	154796_reviewed	1
7791_reviewed	10529_reviewed	1
55294_reviewed	84790_reviewed	1
84148_reviewed	11091_reviewed	1
10618_reviewed	1314_reviewed	1
1024_reviewed	1024_reviewed	1
4089_reviewed	6497_reviewed	1
1911_reviewed	23466_reviewed	1
2150_reviewed	10987_reviewed	1
4609_reviewed	6525_reviewed	1
5218_reviewed	5925_reviewed	1
7518_reviewed	2547_reviewed	1
23779_reviewed	6455_reviewed	1
10762_reviewed	3838_reviewed	1
26088_reviewed	9135_reviewed	1
10048_reviewed	367_reviewed	1
80267_reviewed	821_reviewed	1
3122_reviewed	931_reviewed	1
148022_reviewed	7098_reviewed	1
4000_reviewed	4841_reviewed	1
91039_reviewed	6850_reviewed	1
70_reviewed	6601_reviewed	1
6138_reviewed	6144_reviewed	1
5692_reviewed	5696_reviewed	1
23433_reviewed	84612_reviewed	1
10211_reviewed	9212_reviewed	1
355_reviewed	11124_reviewed	1
6426_reviewed	8996_reviewed	0
2078_reviewed	8405_reviewed	1
4609_reviewed	5347_reviewed	1
3280_reviewed	6774_reviewed	1
4999_reviewed	55388_reviewed	1
4771_reviewed	154810_reviewed	1
10987_reviewed	8452_reviewed	1
146_reviewed	6645_reviewed	1
373_reviewed	373_reviewed	1
1638_reviewed	1638_reviewed	1
84062_reviewed	63915_reviewed	1
28996_reviewed	10048_reviewed	1
4839_reviewed	117246_reviewed	1
5295_reviewed	3265_reviewed	1
8522_reviewed	3192_reviewed	1
5728_reviewed	7316_reviewed	1
5338_reviewed	5335_reviewed	1
10963_reviewed	10049_reviewed	1
8092_reviewed	9670_reviewed	1
2908_reviewed	7818_reviewed	1
4110_reviewed	162681_reviewed	1
10541_reviewed	688_reviewed	1
861_reviewed	5371_reviewed	1
8450_reviewed	7982_reviewed	1
2495_reviewed	5094_reviewed	1
4839_reviewed	6141_reviewed	1
4728_reviewed	11331_reviewed	1
23213_reviewed	351_reviewed	1
56288_reviewed	50855_reviewed	1
2521_reviewed	5230_reviewed	1
1956_reviewed	328_reviewed	1
5683_reviewed	5682_reviewed	1
7316_reviewed	857_reviewed	1
9798_reviewed	57132_reviewed	1
2289_reviewed	57037_reviewed	1
7767_reviewed	10419_reviewed	1
7296_reviewed	328_reviewed	1
890_reviewed	51343_reviewed	1
267_reviewed	7316_reviewed	1
23468_reviewed	9212_reviewed	1
51496_reviewed	983_reviewed	1
2247_reviewed	6382_reviewed	1
28981_reviewed	127733_reviewed	1
51773_reviewed	55215_reviewed	1
26121_reviewed	6627_reviewed	1
2101_reviewed	55869_reviewed	1
23411_reviewed	7157_reviewed	1
7415_reviewed	2752_reviewed	1
10987_reviewed	55832_reviewed	1
160_reviewed	8301_reviewed	1
495_reviewed	495_reviewed	1
9694_reviewed	11331_reviewed	1
6464_reviewed	1969_reviewed	1
4172_reviewed	6772_reviewed	0
147040_reviewed	8452_reviewed	1
8454_reviewed	9782_reviewed	1
10049_reviewed	3852_reviewed	0
6147_reviewed	6132_reviewed	1
5914_reviewed	6722_reviewed	1
1499_reviewed	4670_reviewed	1
8932_reviewed	54815_reviewed	1
6529_reviewed	80331_reviewed	1
2664_reviewed	64375_reviewed	0
6662_reviewed	55294_reviewed	1
5700_reviewed	5689_reviewed	1
467_reviewed	55422_reviewed	0
4734_reviewed	79039_reviewed	1
9401_reviewed	4176_reviewed	1
3662_reviewed	3654_reviewed	1
1051_reviewed	5925_reviewed	1
8473_reviewed	1457_reviewed	1
149041_reviewed	54542_reviewed	1
5966_reviewed	4792_reviewed	1
1915_reviewed	6139_reviewed	1
7316_reviewed	2177_reviewed	1
5159_reviewed	6198_reviewed	1
127544_reviewed	54766_reviewed	1
84335_reviewed	84335_reviewed	1
29883_reviewed	26986_reviewed	1
22976_reviewed	7465_reviewed	1
25942_reviewed	10320_reviewed	1
84108_reviewed	64319_reviewed	1
2065_reviewed	2885_reviewed	1
6594_reviewed	5931_reviewed	1
5931_reviewed	8726_reviewed	1
4089_reviewed	4089_reviewed	1
6464_reviewed	60_reviewed	1
22820_reviewed	51226_reviewed	1
550_reviewed	84447_reviewed	1
4734_reviewed	6440_reviewed	1
87_reviewed	975_reviewed	1
1111_reviewed	4176_reviewed	1
8576_reviewed	55577_reviewed	1
23210_reviewed	51319_reviewed	1
23635_reviewed	65123_reviewed	1
3320_reviewed	2064_reviewed	1
3192_reviewed	6207_reviewed	1
221656_reviewed	8473_reviewed	1
196513_reviewed	5494_reviewed	1
192111_reviewed	8452_reviewed	1
5786_reviewed	5791_reviewed	1
8453_reviewed	3728_reviewed	1
8890_reviewed	1967_reviewed	1
5501_reviewed	3837_reviewed	1
8850_reviewed	58160_reviewed	1
4771_reviewed	27352_reviewed	1
4172_reviewed	4176_reviewed	1
665_reviewed	665_reviewed	1
4869_reviewed	6191_reviewed	1
55660_reviewed	4204_reviewed	1
6604_reviewed	4654_reviewed	1
7528_reviewed	125476_reviewed	1
8428_reviewed	26127_reviewed	1
4137_reviewed	8878_reviewed	1
80254_reviewed	165055_reviewed	1
9694_reviewed	8540_reviewed	1
5058_reviewed	5879_reviewed	1
92610_reviewed	7189_reviewed	1
4842_reviewed	9722_reviewed	1
10926_reviewed	4175_reviewed	1
87_reviewed	2915_reviewed	1
5447_reviewed	1544_reviewed	1
51053_reviewed	57639_reviewed	1
4722_reviewed	4716_reviewed	1
26986_reviewed	26986_reviewed	1
9770_reviewed	6839_reviewed	1
9513_reviewed	10146_reviewed	1
1912_reviewed	57332_reviewed	1
8905_reviewed	11276_reviewed	1
7165_reviewed	51100_reviewed	1
5454_reviewed	10084_reviewed	1
2010_reviewed	9774_reviewed	1
9319_reviewed	200523_reviewed	1
90293_reviewed	84861_reviewed	1
5717_reviewed	5709_reviewed	1
5885_reviewed	9126_reviewed	1
5601_reviewed	10494_reviewed	1
23194_reviewed	6500_reviewed	1
991_reviewed	996_reviewed	1
1407_reviewed	6500_reviewed	1
26512_reviewed	81556_reviewed	1
4000_reviewed	1654_reviewed	1
1540_reviewed	4000_reviewed	1
79892_reviewed	4175_reviewed	1
1052_reviewed	2177_reviewed	1
115426_reviewed	5111_reviewed	1
55070_reviewed	1642_reviewed	1
7531_reviewed	10238_reviewed	1
1025_reviewed	2289_reviewed	1
3265_reviewed	5863_reviewed	1
2289_reviewed	57104_reviewed	1
3178_reviewed	10644_reviewed	1
11171_reviewed	7046_reviewed	1
8900_reviewed	388324_reviewed	1
26100_reviewed	54828_reviewed	1
10537_reviewed	1915_reviewed	1
23414_reviewed	9112_reviewed	1
5585_reviewed	4761_reviewed	1
51742_reviewed	3066_reviewed	1
10399_reviewed	2778_reviewed	0
6917_reviewed	1024_reviewed	1
8454_reviewed	8454_reviewed	1
5598_reviewed	7531_reviewed	1
4149_reviewed	6015_reviewed	1
9218_reviewed	7542_reviewed	1
3178_reviewed	56945_reviewed	1
3454_reviewed	8651_reviewed	1
23421_reviewed	4790_reviewed	1
6135_reviewed	6189_reviewed	1
9531_reviewed	10273_reviewed	1
331_reviewed	11124_reviewed	1
23381_reviewed	10273_reviewed	1
5522_reviewed	7284_reviewed	1
9097_reviewed	5700_reviewed	1
8535_reviewed	1487_reviewed	1
1314_reviewed	1315_reviewed	1
8772_reviewed	23608_reviewed	1
5970_reviewed	79155_reviewed	1
3784_reviewed	4734_reviewed	1
26994_reviewed	7316_reviewed	1
5686_reviewed	5694_reviewed	1
29088_reviewed	64978_reviewed	1
2740_reviewed	197322_reviewed	1
50813_reviewed	9318_reviewed	1
7337_reviewed	5688_reviewed	1
841_reviewed	840_reviewed	1
267_reviewed	7415_reviewed	1
2770_reviewed	10636_reviewed	1
5465_reviewed	596_reviewed	1
140801_reviewed	6152_reviewed	1
9113_reviewed	10413_reviewed	1
3397_reviewed	6938_reviewed	1
10155_reviewed	4602_reviewed	1
5901_reviewed	10527_reviewed	1
23097_reviewed	9443_reviewed	1
10345_reviewed	845_reviewed	1
8202_reviewed	6737_reviewed	1
4168_reviewed	10273_reviewed	1
998_reviewed	329_reviewed	1
875_reviewed	875_reviewed	1
2740_reviewed	2641_reviewed	1
6015_reviewed	57332_reviewed	1
79577_reviewed	53981_reviewed	1
1869_reviewed	890_reviewed	1
1739_reviewed	2898_reviewed	1
2969_reviewed	9203_reviewed	1
8667_reviewed	1457_reviewed	1
54556_reviewed	80314_reviewed	1
9282_reviewed	6773_reviewed	1
10134_reviewed	3998_reviewed	1
7818_reviewed	60488_reviewed	1
8805_reviewed	4306_reviewed	1
8945_reviewed	152559_reviewed	1
6792_reviewed	4204_reviewed	1
57002_reviewed	7431_reviewed	1
6647_reviewed	54708_reviewed	1
898_reviewed	8405_reviewed	1
5111_reviewed	2237_reviewed	1
3845_reviewed	23673_reviewed	1
2908_reviewed	4790_reviewed	1
9131_reviewed	8666_reviewed	1
4088_reviewed	8850_reviewed	1
29079_reviewed	115106_reviewed	1
25_reviewed	5925_reviewed	1
53615_reviewed	9112_reviewed	1
5689_reviewed	5696_reviewed	1
9939_reviewed	10921_reviewed	1
1499_reviewed	2932_reviewed	1
5771_reviewed	5716_reviewed	1
6502_reviewed	8945_reviewed	1
2897_reviewed	1742_reviewed	1
10336_reviewed	23429_reviewed	1
64326_reviewed	1027_reviewed	1
1838_reviewed	7186_reviewed	1
10782_reviewed	10155_reviewed	1
79833_reviewed	6625_reviewed	1
8975_reviewed	7353_reviewed	1
57418_reviewed	54881_reviewed	1
8625_reviewed	4261_reviewed	1
2139_reviewed	51804_reviewed	1
23411_reviewed	406_reviewed	1
7284_reviewed	51081_reviewed	1
51069_reviewed	79590_reviewed	1
51444_reviewed	6934_reviewed	1
149041_reviewed	6208_reviewed	1
5713_reviewed	5710_reviewed	1
3265_reviewed	6520_reviewed	1
2132_reviewed	10131_reviewed	1
7157_reviewed	201292_reviewed	1
5692_reviewed	25793_reviewed	1
3316_reviewed	7329_reviewed	1
2683_reviewed	1956_reviewed	1
896_reviewed	27335_reviewed	1
5577_reviewed	9465_reviewed	1
51019_reviewed	84062_reviewed	1
1649_reviewed	3727_reviewed	1
9128_reviewed	338657_reviewed	1
3845_reviewed	123879_reviewed	1
84923_reviewed	55968_reviewed	1
10155_reviewed	2908_reviewed	1
8079_reviewed	64210_reviewed	1
8450_reviewed	2873_reviewed	1
79228_reviewed	80145_reviewed	1
1111_reviewed	994_reviewed	1
10365_reviewed	57154_reviewed	1
6191_reviewed	6208_reviewed	1
405_reviewed	405_reviewed	1
28986_reviewed	5764_reviewed	0
55753_reviewed	6774_reviewed	1
7186_reviewed	7189_reviewed	1
55147_reviewed	6733_reviewed	1
7706_reviewed	6233_reviewed	1
51035_reviewed	580_reviewed	1
123879_reviewed	55832_reviewed	1
7531_reviewed	25937_reviewed	1
23390_reviewed	2931_reviewed	1
92714_reviewed	11059_reviewed	1
4691_reviewed	6138_reviewed	1
695_reviewed	25998_reviewed	1
8458_reviewed	988_reviewed	1
10413_reviewed	5692_reviewed	1
6667_reviewed	6596_reviewed	1
5602_reviewed	1386_reviewed	1
4609_reviewed	84108_reviewed	1
3396_reviewed	55794_reviewed	1
90850_reviewed	1938_reviewed	1
5599_reviewed	9063_reviewed	1
55135_reviewed	1736_reviewed	1
952_reviewed	916_reviewed	1
27429_reviewed	331_reviewed	1
4869_reviewed	5036_reviewed	1
5881_reviewed	2099_reviewed	1
1642_reviewed	6297_reviewed	1
405_reviewed	10460_reviewed	1
25842_reviewed	8520_reviewed	1
9188_reviewed	23212_reviewed	1
87_reviewed	9499_reviewed	1
7415_reviewed	6045_reviewed	1
6667_reviewed	23636_reviewed	1
7316_reviewed	8315_reviewed	1
2932_reviewed	11171_reviewed	1
5687_reviewed	5693_reviewed	1
9636_reviewed	3312_reviewed	1
7416_reviewed	3032_reviewed	1
9577_reviewed	5888_reviewed	1
26523_reviewed	10273_reviewed	1
5925_reviewed	2976_reviewed	1
11221_reviewed	1432_reviewed	1
4849_reviewed	79797_reviewed	0
1080_reviewed	63929_reviewed	1
6383_reviewed	8573_reviewed	1
23243_reviewed	9100_reviewed	1
10208_reviewed	8161_reviewed	1
7874_reviewed	23028_reviewed	1
6605_reviewed	6603_reviewed	1
860_reviewed	7088_reviewed	1
11100_reviewed	11100_reviewed	1
26747_reviewed	8607_reviewed	1
10771_reviewed	7329_reviewed	1
3065_reviewed	579_reviewed	1
23063_reviewed	23047_reviewed	1
10928_reviewed	10053_reviewed	1
10168_reviewed	10155_reviewed	1
1459_reviewed	84264_reviewed	1
3725_reviewed	4779_reviewed	1
4795_reviewed	55692_reviewed	1
8850_reviewed	9792_reviewed	1
23028_reviewed	2969_reviewed	1
51010_reviewed	5393_reviewed	1
54165_reviewed	55832_reviewed	1
10270_reviewed	5576_reviewed	1
10273_reviewed	23640_reviewed	1
5579_reviewed	10399_reviewed	1
6625_reviewed	339230_reviewed	1
11143_reviewed	367_reviewed	1
6446_reviewed	65266_reviewed	1
1967_reviewed	8893_reviewed	1
54471_reviewed	10059_reviewed	1
1024_reviewed	10025_reviewed	1
4736_reviewed	6141_reviewed	1
54534_reviewed	51263_reviewed	1
10910_reviewed	3308_reviewed	1
5777_reviewed	3932_reviewed	1
4842_reviewed	5587_reviewed	1
4217_reviewed	351_reviewed	1
84333_reviewed	64319_reviewed	1
56911_reviewed	257397_reviewed	1
2177_reviewed	5892_reviewed	0
55844_reviewed	9532_reviewed	1
57030_reviewed	80331_reviewed	1
2071_reviewed	902_reviewed	1
5160_reviewed	94081_reviewed	1
30011_reviewed	10634_reviewed	1
9559_reviewed	9897_reviewed	1
55294_reviewed	10097_reviewed	1
8930_reviewed	3065_reviewed	1
3480_reviewed	8503_reviewed	1
55011_reviewed	5499_reviewed	1
2492_reviewed	10971_reviewed	1
64750_reviewed	4000_reviewed	1
25886_reviewed	10190_reviewed	1
221154_reviewed	10367_reviewed	1
79922_reviewed	55178_reviewed	1
8932_reviewed	10460_reviewed	1
5163_reviewed	29920_reviewed	1
7520_reviewed	200558_reviewed	1
79004_reviewed	3308_reviewed	1
8450_reviewed	9987_reviewed	1
57521_reviewed	3667_reviewed	1
890_reviewed	49855_reviewed	1
84067_reviewed	92840_reviewed	1
84108_reviewed	8535_reviewed	1
2099_reviewed	6996_reviewed	1
2664_reviewed	5870_reviewed	1
10933_reviewed	8607_reviewed	1
4723_reviewed	4729_reviewed	1
5920_reviewed	5730_reviewed	1
8450_reviewed	1643_reviewed	1
54623_reviewed	80349_reviewed	1
9685_reviewed	162_reviewed	1
3312_reviewed	1802_reviewed	1
8450_reviewed	6097_reviewed	1
5800_reviewed	23753_reviewed	1
27030_reviewed	4292_reviewed	1
3845_reviewed	29091_reviewed	1
56159_reviewed	81888_reviewed	1
1956_reviewed	408_reviewed	1
5048_reviewed	10726_reviewed	1
9463_reviewed	2893_reviewed	1
5578_reviewed	5578_reviewed	1
701_reviewed	8881_reviewed	1
57180_reviewed	10552_reviewed	1
8687_reviewed	9146_reviewed	1
1540_reviewed	10013_reviewed	1
8314_reviewed	55252_reviewed	1
6647_reviewed	3308_reviewed	1
5781_reviewed	2690_reviewed	1
56160_reviewed	64219_reviewed	1
79677_reviewed	84939_reviewed	1
3692_reviewed	6142_reviewed	1
8976_reviewed	998_reviewed	1
84675_reviewed	27063_reviewed	1
7223_reviewed	7220_reviewed	1
166_reviewed	11030_reviewed	1
29969_reviewed	1025_reviewed	1
1642_reviewed	26133_reviewed	1
4598_reviewed	4598_reviewed	1
4110_reviewed	890_reviewed	1
10273_reviewed	55284_reviewed	1
10010_reviewed	1147_reviewed	1
8139_reviewed	7317_reviewed	1
10528_reviewed	23560_reviewed	1
5914_reviewed	9575_reviewed	1
387_reviewed	3895_reviewed	1
6198_reviewed	1460_reviewed	1
115948_reviewed	23028_reviewed	1
7957_reviewed	5565_reviewed	1
55840_reviewed	7428_reviewed	1
9156_reviewed	5395_reviewed	1
2146_reviewed	79813_reviewed	1
3326_reviewed	150275_reviewed	1
10614_reviewed	2547_reviewed	1
10001_reviewed	1024_reviewed	1
9049_reviewed	3320_reviewed	1
3551_reviewed	11140_reviewed	1
367_reviewed	51341_reviewed	1
4300_reviewed	84759_reviewed	1
8797_reviewed	7818_reviewed	1
3718_reviewed	10694_reviewed	1
9212_reviewed	10112_reviewed	1
80152_reviewed	10987_reviewed	1
2_reviewed	3931_reviewed	1
3916_reviewed	1362_reviewed	1
6733_reviewed	9939_reviewed	1
3192_reviewed	4904_reviewed	1
7706_reviewed	3192_reviewed	1
6497_reviewed	6498_reviewed	1
23512_reviewed	51340_reviewed	1
367_reviewed	9063_reviewed	1
1956_reviewed	7186_reviewed	1
207_reviewed	7534_reviewed	1
7555_reviewed	6189_reviewed	1
998_reviewed	11135_reviewed	1
6137_reviewed	6125_reviewed	1
5689_reviewed	5693_reviewed	1
51574_reviewed	60488_reviewed	1
56257_reviewed	9129_reviewed	1
351_reviewed	5354_reviewed	1
7168_reviewed	7168_reviewed	1
7132_reviewed	8717_reviewed	1
5702_reviewed	5686_reviewed	1
3065_reviewed	5499_reviewed	1
3916_reviewed	51726_reviewed	1
196513_reviewed	80153_reviewed	1
5713_reviewed	5707_reviewed	1
7015_reviewed	7520_reviewed	1
3587_reviewed	3716_reviewed	1
22918_reviewed	57410_reviewed	1
6917_reviewed	1022_reviewed	1
8517_reviewed	793_reviewed	1
2246_reviewed	9702_reviewed	0
5371_reviewed	7290_reviewed	1
5663_reviewed	5689_reviewed	1
219541_reviewed	81857_reviewed	1
5618_reviewed	5478_reviewed	1
23492_reviewed	1912_reviewed	1
9306_reviewed	2778_reviewed	1
5989_reviewed	3065_reviewed	1
56257_reviewed	904_reviewed	1
129685_reviewed	6877_reviewed	1
7186_reviewed	7316_reviewed	1
79710_reviewed	6774_reviewed	1
6625_reviewed	10929_reviewed	1
3416_reviewed	7316_reviewed	1
11186_reviewed	60485_reviewed	1
3845_reviewed	6573_reviewed	1
26013_reviewed	4171_reviewed	1
29979_reviewed	351_reviewed	1
1017_reviewed	4173_reviewed	1
10213_reviewed	10213_reviewed	1
23197_reviewed	55666_reviewed	1
2534_reviewed	1436_reviewed	1
6147_reviewed	6202_reviewed	1
3488_reviewed	2274_reviewed	1
8945_reviewed	3791_reviewed	1
5071_reviewed	7415_reviewed	1
5071_reviewed	23208_reviewed	1
64400_reviewed	7013_reviewed	1
351_reviewed	321_reviewed	1
56257_reviewed	2521_reviewed	1
10241_reviewed	8887_reviewed	1
83444_reviewed	3485_reviewed	1
10553_reviewed	10013_reviewed	1
4193_reviewed	1453_reviewed	1
54585_reviewed	54585_reviewed	1
6531_reviewed	9463_reviewed	1
5867_reviewed	80223_reviewed	1
7546_reviewed	285671_reviewed	1
1738_reviewed	55526_reviewed	1
6667_reviewed	3065_reviewed	1
1660_reviewed	7520_reviewed	1
1020_reviewed	8531_reviewed	1
79003_reviewed	11335_reviewed	1
3093_reviewed	64844_reviewed	1
1080_reviewed	1315_reviewed	1
2908_reviewed	6774_reviewed	1
79370_reviewed	51399_reviewed	1
26270_reviewed	56851_reviewed	1
3815_reviewed	1399_reviewed	1
9047_reviewed	5747_reviewed	1
4609_reviewed	9784_reviewed	1
8396_reviewed	8405_reviewed	1
4089_reviewed	7329_reviewed	1
5886_reviewed	7317_reviewed	1
84313_reviewed	51028_reviewed	1
1017_reviewed	4800_reviewed	1
154_reviewed	6048_reviewed	1
10551_reviewed	7167_reviewed	1
7965_reviewed	7186_reviewed	1
11156_reviewed	3672_reviewed	1
7852_reviewed	8027_reviewed	1
351_reviewed	1191_reviewed	1
1478_reviewed	1477_reviewed	1
26100_reviewed	9474_reviewed	1
4000_reviewed	10424_reviewed	1
9531_reviewed	2665_reviewed	1
79833_reviewed	11218_reviewed	1
7334_reviewed	26994_reviewed	1
1540_reviewed	207_reviewed	1
6829_reviewed	2963_reviewed	1
54951_reviewed	28991_reviewed	1
29126_reviewed	2932_reviewed	1
5300_reviewed	995_reviewed	1
140890_reviewed	10521_reviewed	1
11074_reviewed	54780_reviewed	1
6237_reviewed	5900_reviewed	1
9045_reviewed	6207_reviewed	1
7405_reviewed	57617_reviewed	1
7416_reviewed	3030_reviewed	1
2189_reviewed	80233_reviewed	1
4193_reviewed	6138_reviewed	1
8503_reviewed	246330_reviewed	1
4193_reviewed	23633_reviewed	1
1630_reviewed	836_reviewed	1
10015_reviewed	29082_reviewed	1
468_reviewed	2874_reviewed	1
5934_reviewed	5894_reviewed	1
7020_reviewed	284252_reviewed	1
8451_reviewed	8816_reviewed	1
4292_reviewed	641_reviewed	1
7272_reviewed	996_reviewed	1
64127_reviewed	6885_reviewed	1
6780_reviewed	6202_reviewed	1
7013_reviewed	3837_reviewed	1
115004_reviewed	81844_reviewed	1
1410_reviewed	1415_reviewed	1
3320_reviewed	8106_reviewed	1
26060_reviewed	55198_reviewed	1
70_reviewed	147179_reviewed	1
10189_reviewed	4686_reviewed	1
63976_reviewed	3066_reviewed	1
9439_reviewed	3516_reviewed	1
7013_reviewed	10273_reviewed	1
23328_reviewed	1399_reviewed	1
1026_reviewed	1017_reviewed	1
1024_reviewed	902_reviewed	1
4952_reviewed	160_reviewed	1
5371_reviewed	10524_reviewed	1
8842_reviewed	10013_reviewed	1
23435_reviewed	7416_reviewed	1
6136_reviewed	6191_reviewed	1
7531_reviewed	4194_reviewed	1
51103_reviewed	54539_reviewed	1
4173_reviewed	5347_reviewed	1
5601_reviewed	23542_reviewed	1
4170_reviewed	598_reviewed	0
22938_reviewed	5213_reviewed	1
396_reviewed	5879_reviewed	1
3320_reviewed	2065_reviewed	1
6801_reviewed	22948_reviewed	1
8660_reviewed	9958_reviewed	1
5347_reviewed	10210_reviewed	1
11331_reviewed	9958_reviewed	1
1308_reviewed	81_reviewed	1
4000_reviewed	199953_reviewed	1
5111_reviewed	226_reviewed	1
10783_reviewed	6201_reviewed	1
10598_reviewed	207_reviewed	1
5868_reviewed	11311_reviewed	1
1665_reviewed	10969_reviewed	1
29086_reviewed	8658_reviewed	1
9306_reviewed	10939_reviewed	1
9212_reviewed	84959_reviewed	1
8945_reviewed	55893_reviewed	1
331_reviewed	8767_reviewed	1
1956_reviewed	8890_reviewed	1
23118_reviewed	10475_reviewed	1
3191_reviewed	6047_reviewed	1
4281_reviewed	10362_reviewed	1
51399_reviewed	83696_reviewed	1
8651_reviewed	6924_reviewed	1
3224_reviewed	4091_reviewed	1
85369_reviewed	29888_reviewed	1
27161_reviewed	10524_reviewed	1
8452_reviewed	10762_reviewed	1
6794_reviewed	79155_reviewed	1
51343_reviewed	8881_reviewed	1
998_reviewed	5063_reviewed	1
2521_reviewed	6602_reviewed	1
5300_reviewed	81628_reviewed	1
10884_reviewed	3329_reviewed	1
11116_reviewed	55012_reviewed	1
6945_reviewed	51085_reviewed	1
27250_reviewed	6125_reviewed	1
54732_reviewed	10972_reviewed	1
7874_reviewed	81603_reviewed	1
3104_reviewed	3104_reviewed	1
7186_reviewed	3551_reviewed	1
6299_reviewed	7329_reviewed	1
81847_reviewed	10527_reviewed	1
842_reviewed	405_reviewed	1
7284_reviewed	79590_reviewed	1
151987_reviewed	6627_reviewed	1
7416_reviewed	4702_reviewed	1
23411_reviewed	4683_reviewed	1
10762_reviewed	23633_reviewed	1
51253_reviewed	57129_reviewed	1
23142_reviewed	8450_reviewed	1
10239_reviewed	8546_reviewed	1
11030_reviewed	11030_reviewed	1
2965_reviewed	902_reviewed	1
8916_reviewed	5685_reviewed	1
5718_reviewed	5706_reviewed	1
5976_reviewed	2935_reviewed	1
154_reviewed	928_reviewed	1
1111_reviewed	4194_reviewed	1
54815_reviewed	9112_reviewed	1
23035_reviewed	9368_reviewed	1
11329_reviewed	81532_reviewed	1
4914_reviewed	64762_reviewed	1
22827_reviewed	8939_reviewed	0
10484_reviewed	7265_reviewed	1
4171_reviewed	11267_reviewed	1
220972_reviewed	7328_reviewed	1
23390_reviewed	1267_reviewed	1
7706_reviewed	2099_reviewed	1
4654_reviewed	6418_reviewed	0
863_reviewed	359948_reviewed	1
5538_reviewed	476_reviewed	1
10916_reviewed	708_reviewed	1
23543_reviewed	63948_reviewed	1
1642_reviewed	10920_reviewed	1
2099_reviewed	10097_reviewed	1
25839_reviewed	10466_reviewed	1
1874_reviewed	7514_reviewed	1
10641_reviewed	10670_reviewed	1
8241_reviewed	27339_reviewed	1
8079_reviewed	51647_reviewed	1
6714_reviewed	22919_reviewed	1
3621_reviewed	9318_reviewed	1
66008_reviewed	2932_reviewed	1
4086_reviewed	579_reviewed	1
6815_reviewed	55294_reviewed	1
26224_reviewed	8454_reviewed	1
6188_reviewed	7186_reviewed	1
6625_reviewed	8148_reviewed	1
387_reviewed	2909_reviewed	1
94122_reviewed	5864_reviewed	1
7186_reviewed	56616_reviewed	1
55763_reviewed	11336_reviewed	1
113130_reviewed	23244_reviewed	1
25855_reviewed	5926_reviewed	1
9110_reviewed	1173_reviewed	1
4218_reviewed	54536_reviewed	1
3192_reviewed	3178_reviewed	1
8667_reviewed	51225_reviewed	1
11047_reviewed	29978_reviewed	1
5884_reviewed	5985_reviewed	1
5499_reviewed	9972_reviewed	1
10551_reviewed	7001_reviewed	1
3416_reviewed	367_reviewed	1
5886_reviewed	7186_reviewed	1
2010_reviewed	5720_reviewed	1
6667_reviewed	4209_reviewed	1
51343_reviewed	63967_reviewed	1
6143_reviewed	6187_reviewed	1
5071_reviewed	55294_reviewed	1
79621_reviewed	84153_reviewed	1
23118_reviewed	3654_reviewed	1
5686_reviewed	10197_reviewed	1
7706_reviewed	27316_reviewed	1
10551_reviewed	6294_reviewed	1
4175_reviewed	8243_reviewed	1
1398_reviewed	2885_reviewed	1
6774_reviewed	80854_reviewed	1
5499_reviewed	284352_reviewed	1
5683_reviewed	6500_reviewed	1
3065_reviewed	7428_reviewed	1
5873_reviewed	94120_reviewed	1
112939_reviewed	112939_reviewed	1
6500_reviewed	79176_reviewed	1
23426_reviewed	2892_reviewed	1
51343_reviewed	2305_reviewed	1
2081_reviewed	9111_reviewed	1
1956_reviewed	857_reviewed	1
10365_reviewed	10197_reviewed	1
8797_reviewed	8837_reviewed	1
10393_reviewed	8881_reviewed	1
5987_reviewed	7704_reviewed	1
5093_reviewed	81628_reviewed	1
6426_reviewed	7157_reviewed	1
4988_reviewed	4985_reviewed	1
1314_reviewed	372_reviewed	1
3091_reviewed	2056_reviewed	1
29993_reviewed	10657_reviewed	1
2246_reviewed	9158_reviewed	1
3396_reviewed	10128_reviewed	1
51256_reviewed	1859_reviewed	1
9516_reviewed	4734_reviewed	1
85302_reviewed	117178_reviewed	1
26146_reviewed	7280_reviewed	1
51562_reviewed	81565_reviewed	1
1630_reviewed	6207_reviewed	1
915_reviewed	267_reviewed	1
23512_reviewed	100170841_reviewed	1
2313_reviewed	2623_reviewed	1
6137_reviewed	6152_reviewed	1
10987_reviewed	9684_reviewed	1
6015_reviewed	1911_reviewed	1
2091_reviewed	84365_reviewed	1
63922_reviewed	5985_reviewed	1
56257_reviewed	832_reviewed	1
9391_reviewed	5558_reviewed	1
55660_reviewed	9584_reviewed	1
1198_reviewed	1198_reviewed	1
4438_reviewed	7411_reviewed	1
7529_reviewed	23034_reviewed	1
10397_reviewed	999_reviewed	1
25820_reviewed	83448_reviewed	1
6464_reviewed	3717_reviewed	1
26043_reviewed	55717_reviewed	1
8451_reviewed	50717_reviewed	1
4722_reviewed	4723_reviewed	1
23197_reviewed	7415_reviewed	1
2099_reviewed	10499_reviewed	1
10399_reviewed	23185_reviewed	1
8664_reviewed	10480_reviewed	1
988_reviewed	3608_reviewed	1
26999_reviewed	2332_reviewed	1
5371_reviewed	6256_reviewed	1
1499_reviewed	51176_reviewed	1
79577_reviewed	1478_reviewed	1
4704_reviewed	4723_reviewed	1
8405_reviewed	6046_reviewed	1
9306_reviewed	369_reviewed	1
3164_reviewed	10549_reviewed	1
5602_reviewed	5602_reviewed	1
7428_reviewed	8453_reviewed	1
2887_reviewed	3643_reviewed	1
23586_reviewed	3661_reviewed	1
7157_reviewed	80237_reviewed	1
84708_reviewed	2696_reviewed	1
10551_reviewed	2521_reviewed	1
10933_reviewed	3065_reviewed	1
23621_reviewed	23163_reviewed	1
5707_reviewed	5700_reviewed	1
5914_reviewed	5705_reviewed	1
55765_reviewed	23291_reviewed	1
57826_reviewed	908_reviewed	1
7251_reviewed	7879_reviewed	1
6878_reviewed	6879_reviewed	1
10250_reviewed	5885_reviewed	1
80254_reviewed	115106_reviewed	1
4217_reviewed	5700_reviewed	1
6790_reviewed	4790_reviewed	1
9439_reviewed	64319_reviewed	1
7803_reviewed	7803_reviewed	0
355_reviewed	841_reviewed	1
7324_reviewed	4734_reviewed	1
5585_reviewed	6300_reviewed	1
9184_reviewed	10575_reviewed	1
154_reviewed	4162_reviewed	1
6881_reviewed	6879_reviewed	1
51377_reviewed	83444_reviewed	1
5721_reviewed	5721_reviewed	1
1788_reviewed	8554_reviewed	1
1019_reviewed	23595_reviewed	0
9521_reviewed	4141_reviewed	1
351_reviewed	84570_reviewed	1
1024_reviewed	9282_reviewed	1
7268_reviewed	26973_reviewed	1
4790_reviewed	10856_reviewed	1
10250_reviewed	58517_reviewed	1
56916_reviewed	5111_reviewed	1
81622_reviewed	3654_reviewed	1
1408_reviewed	8945_reviewed	0
6667_reviewed	4204_reviewed	1
6135_reviewed	6144_reviewed	1
29109_reviewed	387_reviewed	0
8609_reviewed	81545_reviewed	1
5621_reviewed	1263_reviewed	1
22827_reviewed	7803_reviewed	0
8878_reviewed	165918_reviewed	1
1080_reviewed	1080_reviewed	1
3815_reviewed	5335_reviewed	1
10528_reviewed	117246_reviewed	1
23286_reviewed	55841_reviewed	1
7157_reviewed	11201_reviewed	1
9861_reviewed	5707_reviewed	1
51574_reviewed	8161_reviewed	1
54556_reviewed	10524_reviewed	1
3551_reviewed	10987_reviewed	1
23089_reviewed	6477_reviewed	1
1975_reviewed	2810_reviewed	1
25865_reviewed	3454_reviewed	1
9958_reviewed	9129_reviewed	1
23390_reviewed	2801_reviewed	1
2078_reviewed	3178_reviewed	1
7535_reviewed	3937_reviewed	1
5970_reviewed	80829_reviewed	1
10013_reviewed	989_reviewed	1
7428_reviewed	8994_reviewed	1
401541_reviewed	55166_reviewed	1
79657_reviewed	5499_reviewed	1
6118_reviewed	84893_reviewed	1
6506_reviewed	84962_reviewed	1
6774_reviewed	3065_reviewed	1
84259_reviewed	55832_reviewed	1
3556_reviewed	54472_reviewed	1
7412_reviewed	7415_reviewed	1
114818_reviewed	9903_reviewed	1
972_reviewed	3115_reviewed	1
1019_reviewed	8531_reviewed	1
29110_reviewed	57326_reviewed	1
2261_reviewed	2254_reviewed	1
10551_reviewed	5708_reviewed	1
836_reviewed	842_reviewed	1
55234_reviewed	10421_reviewed	1
90933_reviewed	5579_reviewed	1
9146_reviewed	57409_reviewed	1
841_reviewed	80196_reviewed	1
7057_reviewed	5340_reviewed	1
3326_reviewed	7846_reviewed	1
7157_reviewed	1655_reviewed	1
705_reviewed	56902_reviewed	1
2100_reviewed	7337_reviewed	1
3184_reviewed	3308_reviewed	1
1316_reviewed	6667_reviewed	1
10783_reviewed	91754_reviewed	1
10551_reviewed	7184_reviewed	1
8812_reviewed	51755_reviewed	1
1852_reviewed	5558_reviewed	1
7507_reviewed	6118_reviewed	1
65005_reviewed	6150_reviewed	1
53917_reviewed	2664_reviewed	1
2078_reviewed	3608_reviewed	1
6134_reviewed	6147_reviewed	1
7415_reviewed	7555_reviewed	1
24148_reviewed	367_reviewed	1
56257_reviewed	6731_reviewed	1
6790_reviewed	3619_reviewed	1
10616_reviewed	3198_reviewed	1
1050_reviewed	142_reviewed	1
10915_reviewed	4670_reviewed	1
6667_reviewed	7071_reviewed	1
6236_reviewed	23582_reviewed	1
5071_reviewed	8678_reviewed	1
9131_reviewed	26284_reviewed	1
2321_reviewed	3791_reviewed	1
23016_reviewed	10200_reviewed	1
51574_reviewed	6135_reviewed	1
10474_reviewed	5914_reviewed	1
1915_reviewed	2521_reviewed	1
79577_reviewed	80349_reviewed	1
7157_reviewed	1026_reviewed	1
3178_reviewed	221092_reviewed	1
10413_reviewed	55841_reviewed	1
6129_reviewed	6207_reviewed	1
8243_reviewed	8243_reviewed	1
10551_reviewed	1314_reviewed	1
104_reviewed	55299_reviewed	1
11339_reviewed	55355_reviewed	1
5111_reviewed	7507_reviewed	1
3178_reviewed	23107_reviewed	1
26060_reviewed	3066_reviewed	1
708_reviewed	5578_reviewed	1
5888_reviewed	729475_reviewed	1
6256_reviewed	6772_reviewed	1
134510_reviewed	5707_reviewed	1
65264_reviewed	55236_reviewed	1
841_reviewed	841_reviewed	1
2241_reviewed	2241_reviewed	1
7879_reviewed	5862_reviewed	1
6342_reviewed	857_reviewed	1
6657_reviewed	6829_reviewed	1
401_reviewed	9464_reviewed	1
4690_reviewed	1759_reviewed	1
25998_reviewed	1973_reviewed	1
967_reviewed	3688_reviewed	1
333_reviewed	1600_reviewed	1
10971_reviewed	207_reviewed	0
22919_reviewed	23122_reviewed	1
55198_reviewed	22924_reviewed	1
4193_reviewed	207_reviewed	1
6138_reviewed	6189_reviewed	1
3312_reviewed	26098_reviewed	1
5071_reviewed	79586_reviewed	1
1080_reviewed	10399_reviewed	1
6142_reviewed	6130_reviewed	1
3146_reviewed	7508_reviewed	1
5567_reviewed	5577_reviewed	1
81622_reviewed	79143_reviewed	1
10915_reviewed	1729_reviewed	1
154_reviewed	6001_reviewed	1
4090_reviewed	8312_reviewed	0
355_reviewed	387_reviewed	1
84676_reviewed	7135_reviewed	1
8517_reviewed	8915_reviewed	1
5663_reviewed	1500_reviewed	1
857_reviewed	7410_reviewed	1
7124_reviewed	23118_reviewed	1
408_reviewed	11329_reviewed	1
3608_reviewed	6646_reviewed	1
89953_reviewed	163183_reviewed	1
6256_reviewed	6256_reviewed	1
7507_reviewed	6117_reviewed	1
9675_reviewed	5434_reviewed	1
3066_reviewed	863_reviewed	1
1741_reviewed	1742_reviewed	1
84311_unreviewed	54534_reviewed	1
10097_reviewed	10097_reviewed	1
29945_reviewed	890_reviewed	1
2099_reviewed	4435_reviewed	1
7411_reviewed	5204_reviewed	1
6643_reviewed	55737_reviewed	1
5436_reviewed	9150_reviewed	1
29028_reviewed	2099_reviewed	1
3667_reviewed	25970_reviewed	1
9782_reviewed	1655_reviewed	1
6615_reviewed	144699_reviewed	1
8517_reviewed	1147_reviewed	1
3791_reviewed	308_reviewed	1
51010_reviewed	10179_reviewed	1
1848_reviewed	5594_reviewed	1
5290_reviewed	867_reviewed	1
1869_reviewed	331_reviewed	1
9441_reviewed	9282_reviewed	1
9146_reviewed	10254_reviewed	1
10133_reviewed	10133_reviewed	1
4691_reviewed	6133_reviewed	1
9874_reviewed	5883_reviewed	1
3184_reviewed	5725_reviewed	1
3184_reviewed	3315_reviewed	1
23118_reviewed	7189_reviewed	1
3845_reviewed	351_reviewed	1
5584_reviewed	10818_reviewed	1
6129_reviewed	6194_reviewed	1
2950_reviewed	7186_reviewed	1
1080_reviewed	267_reviewed	1
10553_reviewed	2182_reviewed	1
80764_reviewed	8841_reviewed	1
2099_reviewed	3275_reviewed	1
11060_reviewed	7332_reviewed	1
8452_reviewed	84280_reviewed	1
3329_reviewed	3313_reviewed	1
2521_reviewed	11325_reviewed	1
23028_reviewed	2932_reviewed	1
8766_reviewed	8517_reviewed	1
1024_reviewed	27085_reviewed	1
51295_reviewed	28976_reviewed	1
7709_reviewed	4609_reviewed	1
5071_reviewed	10059_reviewed	1
6500_reviewed	93611_reviewed	1
830_reviewed	30011_reviewed	1
29924_reviewed	55040_reviewed	1
1956_reviewed	5445_reviewed	1
80762_reviewed	5728_reviewed	1
57379_reviewed	51010_reviewed	1
3661_reviewed	3320_reviewed	1
8945_reviewed	2146_reviewed	1
25980_reviewed	8607_reviewed	1
5687_reviewed	8878_reviewed	1
29883_reviewed	23132_reviewed	1
1327_reviewed	7416_reviewed	1
25793_reviewed	3276_reviewed	1
10551_reviewed	55379_reviewed	1
29082_reviewed	51760_reviewed	1
11052_reviewed	79869_reviewed	1
23118_reviewed	53938_reviewed	1
55888_reviewed	387032_reviewed	1
8175_reviewed	6426_reviewed	1
495_reviewed	8417_reviewed	1
1080_reviewed	9520_reviewed	1
59343_reviewed	11329_reviewed	1
79583_reviewed	80776_reviewed	1
6714_reviewed	9113_reviewed	1
284119_reviewed	3991_reviewed	1
7329_reviewed	5920_reviewed	1
3065_reviewed	57621_reviewed	1
51574_reviewed	7726_reviewed	1
10856_reviewed	1499_reviewed	1
30827_reviewed	5929_reviewed	1
10133_reviewed	1540_reviewed	1
5728_reviewed	79711_reviewed	1
9618_reviewed	5702_reviewed	1
7157_reviewed	26287_reviewed	1
55072_reviewed	9825_reviewed	1
63924_reviewed	267_reviewed	1
22870_reviewed	9181_reviewed	1
5886_reviewed	5886_reviewed	1
56616_reviewed	79444_reviewed	1
5694_reviewed	5708_reviewed	1
2_reviewed	5047_reviewed	1
10844_reviewed	114791_reviewed	1
1460_reviewed	1460_reviewed	1
9632_reviewed	9871_reviewed	1
3607_reviewed	79718_reviewed	1
92_reviewed	3624_reviewed	1
841_reviewed	8795_reviewed	1
10084_reviewed	51729_reviewed	1
1991_reviewed	5345_reviewed	1
51726_reviewed	7917_reviewed	1
4010_reviewed	23648_reviewed	1
2289_reviewed	23386_reviewed	1
139322_reviewed	94081_reviewed	1
84333_reviewed	6045_reviewed	1
54101_unreviewed	5579_reviewed	1
64343_reviewed	55072_reviewed	1
2274_reviewed	27289_reviewed	0
6468_reviewed	10575_reviewed	1
92840_reviewed	6642_reviewed	1
7375_reviewed	5163_reviewed	1
51742_reviewed	79595_reviewed	1
4830_reviewed	6647_reviewed	1
10587_reviewed	2965_reviewed	1
6667_reviewed	3172_reviewed	1
2011_reviewed	9181_reviewed	1
9217_reviewed	114880_reviewed	1
3394_reviewed	6737_reviewed	1
2977_reviewed	2983_reviewed	1
4110_reviewed	22980_reviewed	1
2674_reviewed	4902_reviewed	1
11200_reviewed	5528_reviewed	1
4193_reviewed	328_reviewed	1
83734_reviewed	10533_reviewed	1
5692_reviewed	5693_reviewed	1
3845_reviewed	6548_reviewed	1
5971_reviewed	5970_reviewed	1
10419_reviewed	79084_reviewed	1
3396_reviewed	10573_reviewed	1
10038_reviewed	3306_reviewed	1
4824_reviewed	7150_reviewed	1
6143_reviewed	6144_reviewed	1
7407_reviewed	1936_reviewed	1
328_reviewed	4691_reviewed	1
7534_reviewed	7531_reviewed	1
8314_reviewed	3607_reviewed	1
9402_reviewed	23582_reviewed	1
9337_reviewed	3276_reviewed	1
51667_reviewed	9627_reviewed	1
3659_reviewed	10379_reviewed	1
6314_reviewed	2648_reviewed	1
55646_reviewed	6147_reviewed	1
1050_reviewed	1874_reviewed	1
5531_reviewed	9785_reviewed	1
1003_reviewed	8502_reviewed	1
5983_reviewed	5985_reviewed	1
9685_reviewed	160_reviewed	1
6732_reviewed	51329_reviewed	1
9733_reviewed	26121_reviewed	1
267_reviewed	79139_reviewed	1
8945_reviewed	7465_reviewed	1
331_reviewed	10572_reviewed	1
25988_reviewed	4863_reviewed	1
7879_reviewed	4702_reviewed	1
6317_reviewed	1514_reviewed	1
64422_reviewed	9474_reviewed	1
3981_reviewed	3948_reviewed	1
9541_reviewed	6427_reviewed	1
55770_reviewed	5899_reviewed	1
10614_reviewed	6421_reviewed	1
6472_reviewed	23204_reviewed	1
4286_reviewed	23598_reviewed	1
1894_reviewed	199720_reviewed	1
7083_reviewed	60492_reviewed	1
2099_reviewed	1655_reviewed	1
11186_reviewed	1877_reviewed	1
435_reviewed	435_reviewed	1
10379_reviewed	6773_reviewed	1
5705_reviewed	6095_reviewed	1
9221_reviewed	8161_reviewed	1
79871_reviewed	29079_reviewed	1
6774_reviewed	6772_reviewed	1
5241_reviewed	1017_reviewed	1
1017_reviewed	3615_reviewed	1
84859_reviewed	57631_reviewed	1
80306_reviewed	9282_reviewed	1
11267_reviewed	79643_reviewed	1
23468_reviewed	57337_reviewed	1
2275_reviewed	51274_reviewed	1
1432_reviewed	8850_reviewed	1
2091_reviewed	10199_reviewed	1
7884_reviewed	4686_reviewed	1
3326_reviewed	3297_reviewed	1
2495_reviewed	2512_reviewed	1
3688_reviewed	10399_reviewed	1
9830_reviewed	9097_reviewed	1
6449_reviewed	6696_reviewed	1
8676_reviewed	29110_reviewed	1
1789_reviewed	6996_reviewed	1
3265_reviewed	6814_reviewed	1
2288_reviewed	10728_reviewed	1
25843_reviewed	29888_reviewed	1
64343_reviewed	9546_reviewed	1
10273_reviewed	161582_reviewed	1
117178_reviewed	1856_reviewed	1
4152_reviewed	8554_reviewed	1
100_reviewed	1803_reviewed	0
5602_reviewed	9734_reviewed	1
5564_reviewed	5571_reviewed	1
331_reviewed	22980_reviewed	1
7185_reviewed	10539_reviewed	1
7430_reviewed	3384_reviewed	1
322_reviewed	333_reviewed	1
8864_reviewed	1407_reviewed	1
7157_reviewed	54941_reviewed	1
5058_reviewed	7046_reviewed	1
6850_reviewed	3065_reviewed	1
22836_reviewed	7428_reviewed	1
1499_reviewed	1017_reviewed	1
6045_reviewed	7528_reviewed	1
11091_reviewed	89801_reviewed	1
1399_reviewed	6850_reviewed	1
5245_reviewed	3065_reviewed	1
10256_reviewed	114822_reviewed	1
5801_reviewed	22824_reviewed	1
6790_reviewed	9110_reviewed	1
8463_reviewed	10413_reviewed	1
8563_reviewed	84321_reviewed	1
8450_reviewed	3313_reviewed	1
9101_reviewed	79648_reviewed	1
387_reviewed	3737_reviewed	1
55120_reviewed	7319_reviewed	0
83737_reviewed	7805_reviewed	1
4609_reviewed	7343_reviewed	1
167691_reviewed	4676_reviewed	1
5315_reviewed	5594_reviewed	1
149041_reviewed	3192_reviewed	1
7551_reviewed	7803_reviewed	0
388324_reviewed	5878_reviewed	1
3663_reviewed	248_reviewed	1
5071_reviewed	9759_reviewed	0
8450_reviewed	6625_reviewed	1
3551_reviewed	8533_reviewed	1
9260_reviewed	57154_reviewed	1
11077_reviewed	11077_reviewed	1
862_reviewed	54550_reviewed	1
8773_reviewed	23673_reviewed	1
79370_reviewed	9219_reviewed	1
6772_reviewed	90480_reviewed	0
8945_reviewed	8945_reviewed	1
2064_reviewed	2264_reviewed	1
6663_reviewed	9111_reviewed	1
2521_reviewed	27316_reviewed	1
1499_reviewed	1655_reviewed	1
1616_reviewed	6839_reviewed	1
6881_reviewed	6878_reviewed	1
23468_reviewed	5925_reviewed	1
2099_reviewed	873_reviewed	1
406_reviewed	387_reviewed	1
54550_reviewed	284058_reviewed	1
3875_reviewed	10971_reviewed	1
156_reviewed	2769_reviewed	1
8945_reviewed	11186_reviewed	1
5970_reviewed	25855_reviewed	1
55770_reviewed	23265_reviewed	1
6125_reviewed	6128_reviewed	1
2260_reviewed	1009_reviewed	1
1936_reviewed	56254_reviewed	1
55610_reviewed	55275_reviewed	1
2130_reviewed	10521_reviewed	1
6124_reviewed	6175_reviewed	1
10210_reviewed	7157_reviewed	1
8452_reviewed	79084_reviewed	1
57504_reviewed	57459_reviewed	1
1326_reviewed	4790_reviewed	1
63891_reviewed	4000_reviewed	1
6794_reviewed	51719_reviewed	1
5704_reviewed	5701_reviewed	1
25862_reviewed	2289_reviewed	1
3309_reviewed	2521_reviewed	1
1050_reviewed	51154_reviewed	1
257397_reviewed	7189_reviewed	1
1410_reviewed	3316_reviewed	1
9618_reviewed	51256_reviewed	1
23291_reviewed	4780_reviewed	1
596_reviewed	3091_reviewed	1
1327_reviewed	4722_reviewed	1
3984_reviewed	56288_reviewed	0
29947_reviewed	1788_reviewed	1
6790_reviewed	4193_reviewed	1
4188_reviewed	414157_reviewed	1
6598_reviewed	6598_reviewed	1
79735_reviewed	4218_reviewed	1
139285_reviewed	9817_reviewed	1
4086_reviewed	4091_reviewed	1
26993_reviewed	7112_reviewed	1
7706_reviewed	23008_reviewed	1
2091_reviewed	6143_reviewed	1
27440_reviewed	5165_reviewed	1
9409_reviewed	9409_reviewed	0
56946_reviewed	10771_reviewed	1
9755_reviewed	9546_reviewed	1
7248_reviewed	207_reviewed	1
80321_reviewed	80321_reviewed	1
830_reviewed	11258_reviewed	1
1457_reviewed	23028_reviewed	1
10026_reviewed	8733_reviewed	1
4609_reviewed	23028_reviewed	1
23326_reviewed	60496_reviewed	1
7375_reviewed	7046_reviewed	1
1736_reviewed	55651_reviewed	1
51126_reviewed	3551_reviewed	1
7329_reviewed	7515_reviewed	1
654_reviewed	658_reviewed	0
7417_reviewed	84061_reviewed	1
7528_reviewed	22926_reviewed	1
3791_reviewed	5228_reviewed	0
6400_reviewed	51465_reviewed	1
9282_reviewed	10025_reviewed	1
146310_reviewed	84062_reviewed	1
29947_reviewed	8932_reviewed	0
3791_reviewed	1003_reviewed	1
26270_reviewed	9374_reviewed	1
7083_reviewed	84060_reviewed	1
51176_reviewed	26502_reviewed	1
3959_reviewed	8480_reviewed	1
6950_reviewed	10575_reviewed	1
29108_reviewed	4210_reviewed	1
2740_reviewed	10430_reviewed	1
6204_reviewed	6208_reviewed	1
5970_reviewed	10419_reviewed	1
1639_reviewed	10540_reviewed	1
7157_reviewed	4101_unreviewed	1
3313_reviewed	5071_reviewed	1
5883_reviewed	5581_reviewed	1
51574_reviewed	1655_reviewed	1
2034_reviewed	4286_reviewed	1
140890_reviewed	4904_reviewed	1
4000_reviewed	51741_reviewed	1
4255_reviewed	1017_reviewed	1
7706_reviewed	9052_reviewed	1
23327_reviewed	481_reviewed	1
23410_reviewed	5160_reviewed	1
5977_reviewed	7803_reviewed	0
602_reviewed	8544_reviewed	1
29950_reviewed	10155_reviewed	1
81622_reviewed	1434_reviewed	1
1956_reviewed	27040_reviewed	1
1454_reviewed	56902_reviewed	1
26086_reviewed	10928_reviewed	1
3845_reviewed	57669_reviewed	1
467_reviewed	1053_reviewed	1
4610_reviewed	80314_reviewed	1
468_reviewed	79797_reviewed	0
8556_reviewed	10112_reviewed	1
2932_reviewed	331_reviewed	1
10673_reviewed	2177_reviewed	1
9020_reviewed	3551_reviewed	1
6605_reviewed	2100_reviewed	1
57120_reviewed	57120_reviewed	1
861_reviewed	6599_reviewed	1
9097_reviewed	5717_reviewed	1
84699_reviewed	8945_reviewed	1
29110_reviewed	200081_reviewed	1
8907_reviewed	57216_reviewed	1
9443_reviewed	29079_reviewed	1
4869_reviewed	29889_reviewed	1
8975_reviewed	267_reviewed	1
6015_reviewed	1912_reviewed	1
112495_reviewed	9328_reviewed	1
5886_reviewed	5707_reviewed	1
2810_reviewed	10746_reviewed	1
6015_reviewed	6015_reviewed	1
3265_reviewed	100506658_reviewed	1
9851_reviewed	55165_reviewed	1
57122_reviewed	10762_reviewed	1
7156_reviewed	7257_reviewed	1
2091_reviewed	54865_unreviewed	1
988_reviewed	10286_reviewed	1
6137_reviewed	6202_reviewed	1
148022_reviewed	8772_reviewed	0
8767_reviewed	8767_reviewed	1
8454_reviewed	54461_reviewed	1
55664_reviewed	2288_reviewed	1
3192_reviewed	4839_reviewed	1
821_reviewed	51234_reviewed	1
51466_reviewed	5888_reviewed	1
25942_reviewed	26959_reviewed	1
9217_reviewed	439_reviewed	1
1200_reviewed	26277_reviewed	1
5698_reviewed	5688_reviewed	1
9306_reviewed	26136_reviewed	1
9522_reviewed	11276_reviewed	1
3661_reviewed	5925_reviewed	1
83737_reviewed	7324_reviewed	1
9971_reviewed	8648_reviewed	1
3191_reviewed	328_reviewed	1
1111_reviewed	5925_reviewed	1
22827_reviewed	22827_reviewed	1
7827_reviewed	23607_reviewed	1
6667_reviewed	4088_reviewed	1
219541_reviewed	80306_reviewed	1
10856_reviewed	125476_reviewed	1
64127_reviewed	256815_reviewed	1
10459_reviewed	991_reviewed	1
55763_reviewed	9711_reviewed	1
331_reviewed	7324_reviewed	1
2521_reviewed	10772_reviewed	1
1540_reviewed	340061_reviewed	1
81608_reviewed	1479_reviewed	1
9636_reviewed	51191_reviewed	1
8452_reviewed	55213_reviewed	1
4609_reviewed	5894_reviewed	1
51574_reviewed	1665_reviewed	1
4609_reviewed	5689_reviewed	1
10664_reviewed	10521_reviewed	1
4174_reviewed	23451_reviewed	1
6652_reviewed	6652_reviewed	1
149371_reviewed	55770_reviewed	1
10513_reviewed	10607_reviewed	1
81565_reviewed	1780_reviewed	1
1021_reviewed	4609_reviewed	1
1642_reviewed	6839_reviewed	1
4702_reviewed	4728_reviewed	1
84219_reviewed	83667_reviewed	1
149041_reviewed	6159_reviewed	1
6122_reviewed	6208_reviewed	1
56957_reviewed	55662_reviewed	1
1601_reviewed	1445_reviewed	1
7424_reviewed	7424_reviewed	1
1111_reviewed	995_reviewed	1
331_reviewed	331_reviewed	1
2932_reviewed	6663_reviewed	1
51574_reviewed	51808_reviewed	1
6428_reviewed	6431_reviewed	1
5608_reviewed	5606_reviewed	1
29992_reviewed	5777_reviewed	1
6478_reviewed	8554_reviewed	1
10298_reviewed	2539_reviewed	1
7879_reviewed	7416_reviewed	1
1643_reviewed	6909_reviewed	1
11235_reviewed	55286_reviewed	1
5692_reviewed	5695_reviewed	1
2665_reviewed	9367_reviewed	1
25978_reviewed	128866_reviewed	1
6917_reviewed	54623_reviewed	1
30968_reviewed	5245_reviewed	1
54550_reviewed	55093_reviewed	1
4609_reviewed	3190_reviewed	1
5499_reviewed	161742_reviewed	1
8786_reviewed	10681_reviewed	1
55070_reviewed	8451_reviewed	1
51574_reviewed	513_reviewed	1
128866_reviewed	27243_reviewed	1
7508_reviewed	6996_reviewed	1
51574_reviewed	22907_reviewed	1
57045_reviewed	652_reviewed	1
2011_reviewed	2011_reviewed	1
2885_reviewed	3309_reviewed	1
3178_reviewed	6189_reviewed	1
8450_reviewed	80232_reviewed	1
84433_reviewed	11184_reviewed	1
8835_reviewed	2752_reviewed	1
51741_reviewed	55339_reviewed	1
515_reviewed	506_reviewed	1
23481_reviewed	55759_reviewed	1
80746_reviewed	283989_reviewed	1
70_reviewed	6602_reviewed	1
80344_reviewed	1026_reviewed	1
10528_reviewed	56342_reviewed	1
80306_reviewed	2885_reviewed	1
3265_reviewed	998_reviewed	1
5599_reviewed	79109_reviewed	1
1355_reviewed	821_reviewed	1
22895_reviewed	55832_reviewed	1
128866_reviewed	57132_reviewed	1
8521_reviewed	26190_reviewed	1
5747_reviewed	6850_reviewed	1
10451_reviewed	1785_reviewed	0
7704_reviewed	9759_reviewed	1
23476_reviewed	5985_reviewed	1
8661_reviewed	8662_reviewed	1
8312_reviewed	3276_reviewed	1
5245_reviewed	509_reviewed	1
2812_reviewed	7534_reviewed	1
1019_reviewed	9869_reviewed	1
80204_reviewed	604_reviewed	1
66008_reviewed	3800_reviewed	1
5686_reviewed	5695_reviewed	1
3757_reviewed	10273_reviewed	1
1027_reviewed	4609_reviewed	1
991_reviewed	29945_reviewed	1
51073_reviewed	29088_reviewed	1
3280_reviewed	2188_reviewed	1
1665_reviewed	57794_reviewed	1
2521_reviewed	10291_reviewed	1
165918_reviewed	23028_reviewed	1
7251_reviewed	4193_reviewed	1
9092_reviewed	22938_reviewed	1
51377_reviewed	5690_reviewed	1
8678_reviewed	7405_reviewed	1
4139_reviewed	4137_reviewed	1
11200_reviewed	3838_reviewed	1
283989_reviewed	116461_reviewed	1
29924_reviewed	161_reviewed	1
129685_reviewed	6880_reviewed	1
5565_reviewed	22806_reviewed	1
9246_reviewed	9246_reviewed	1
10273_reviewed	7161_reviewed	1
84705_reviewed	84705_reviewed	1
8451_reviewed	2784_reviewed	1
51592_reviewed	7329_reviewed	1
10328_reviewed	51234_reviewed	1
55816_reviewed	5979_reviewed	1
90480_reviewed	1999_reviewed	1
1432_reviewed	55249_reviewed	1
7316_reviewed	64786_reviewed	1
1956_reviewed	3301_reviewed	1
55689_reviewed	6871_reviewed	1
4893_reviewed	65062_reviewed	1
23066_reviewed	4849_reviewed	1
11124_reviewed	7353_reviewed	1
51741_reviewed	2193_reviewed	1
81929_reviewed	79023_reviewed	1
5507_reviewed	2997_reviewed	1
26277_reviewed	7013_reviewed	1
10528_reviewed	6949_reviewed	1
3329_reviewed	85476_reviewed	1
7186_reviewed	9618_reviewed	1
57129_reviewed	65005_reviewed	1
6137_reviewed	6143_reviewed	1
1025_reviewed	8812_reviewed	1
51692_reviewed	8189_reviewed	1
337867_reviewed	64786_reviewed	1
55668_reviewed	6839_reviewed	1
8678_reviewed	4170_reviewed	1
10657_reviewed	5921_reviewed	1
4000_reviewed	29843_reviewed	1
1491_reviewed	1491_reviewed	1
23404_reviewed	54512_reviewed	1
8844_reviewed	5604_reviewed	1
3312_reviewed	25_reviewed	1
10293_reviewed	7186_reviewed	1
1050_reviewed	688_reviewed	1
1409_reviewed	1420_reviewed	1
5925_reviewed	896_reviewed	1
149041_reviewed	4691_reviewed	1
2904_reviewed	1742_reviewed	1
4087_reviewed	8202_reviewed	1
55765_reviewed	112869_reviewed	1
9577_reviewed	6472_reviewed	1
28986_reviewed	4747_reviewed	0
8650_reviewed	351_reviewed	1
8500_reviewed	26059_reviewed	1
23390_reviewed	58473_reviewed	1
9382_reviewed	91949_reviewed	1
4000_reviewed	2963_reviewed	1
6130_reviewed	6194_reviewed	1
51741_reviewed	23435_reviewed	1
4609_reviewed	10273_reviewed	1
151987_reviewed	261726_reviewed	1
2618_reviewed	10606_reviewed	1
7534_reviewed	84148_reviewed	1
51164_reviewed	1639_reviewed	1
4751_reviewed	7874_reviewed	1
2670_reviewed	7431_reviewed	1
6143_reviewed	6133_reviewed	1
3702_reviewed	8651_reviewed	1
219541_reviewed	9443_reviewed	1
5160_reviewed	1727_reviewed	1
8945_reviewed	2690_reviewed	1
9131_reviewed	2671_reviewed	1
5111_reviewed	63922_reviewed	1
6934_reviewed	1616_reviewed	1
4331_reviewed	2966_reviewed	1
38_reviewed	5160_reviewed	1
7165_reviewed	29978_reviewed	1
4869_reviewed	6152_reviewed	1
1956_reviewed	84135_reviewed	1
5800_reviewed	11253_reviewed	1
29099_reviewed	28952_reviewed	1
595_reviewed	1017_reviewed	1
6449_reviewed	3312_reviewed	1
8266_reviewed	83732_reviewed	1
8878_reviewed	3030_reviewed	1
657_reviewed	657_reviewed	1
51720_reviewed	84142_reviewed	1
8517_reviewed	4591_reviewed	1
7023_reviewed	3065_reviewed	1
3006_reviewed	8726_reviewed	1
9531_reviewed	2885_reviewed	1
23214_reviewed	23636_reviewed	1
10456_reviewed	5602_reviewed	1
5683_reviewed	8454_reviewed	1
9531_reviewed	7534_reviewed	1
3172_reviewed	9282_reviewed	1
29947_reviewed	53615_reviewed	0
29110_reviewed	5970_reviewed	1
6733_reviewed	9414_reviewed	1
6845_reviewed	8943_reviewed	1
2185_reviewed	2534_reviewed	1
80705_reviewed	7431_reviewed	1
9219_reviewed	5928_reviewed	1
10101_reviewed	5887_reviewed	1
10454_reviewed	257397_reviewed	1
29855_reviewed	4609_reviewed	1
8417_reviewed	9342_reviewed	1
3190_reviewed	4691_reviewed	1
1161_reviewed	9318_reviewed	1
5710_reviewed	10211_reviewed	1
55703_reviewed	55720_reviewed	1
2664_reviewed	83871_reviewed	1
79657_reviewed	25911_reviewed	1
22858_reviewed	7917_reviewed	1
7430_reviewed	55823_reviewed	1
2010_reviewed	6456_reviewed	1
6615_reviewed	10213_reviewed	1
6136_reviewed	6141_reviewed	1
51253_reviewed	11222_reviewed	1
10891_reviewed	9971_reviewed	1
55165_reviewed	55048_reviewed	1
55081_reviewed	64792_reviewed	1
6142_reviewed	6207_reviewed	1
7023_reviewed	5111_reviewed	1
51534_reviewed	7511_reviewed	1
7704_reviewed	7704_reviewed	1
11338_reviewed	10657_reviewed	1
701_reviewed	9587_reviewed	1
860_reviewed	3280_reviewed	1
51574_reviewed	8531_reviewed	1
1028_reviewed	1028_reviewed	1
149603_reviewed	3725_reviewed	1
202559_reviewed	10236_reviewed	1
55294_reviewed	8813_reviewed	1
1956_reviewed	23154_reviewed	1
3551_reviewed	7132_reviewed	1
836_reviewed	1676_reviewed	1
4800_reviewed	4801_reviewed	1
1956_reviewed	7442_reviewed	1
7317_reviewed	3093_reviewed	1
55081_reviewed	56912_reviewed	1
55503_reviewed	4734_reviewed	1
8945_reviewed	9817_reviewed	1
5241_reviewed	687_reviewed	1
1207_reviewed	83732_reviewed	1
7187_reviewed	340061_reviewed	1
3178_reviewed	220988_reviewed	1
4261_reviewed	3066_reviewed	1
5711_reviewed	10213_reviewed	1
9531_reviewed	53938_reviewed	1
23466_reviewed	7703_reviewed	1
5914_reviewed	81857_reviewed	1
55917_reviewed	29888_reviewed	1
3609_reviewed	11331_reviewed	1
9097_reviewed	5716_reviewed	1
148022_reviewed	8737_reviewed	1
11051_reviewed	11051_reviewed	1
6117_reviewed	2547_reviewed	1
3562_reviewed	701_reviewed	0
975_reviewed	4179_reviewed	1
4609_reviewed	81887_reviewed	1
26233_reviewed	2120_reviewed	1
2099_reviewed	8204_reviewed	1
6449_reviewed	51608_reviewed	1
10188_reviewed	5159_reviewed	1
7329_reviewed	5905_reviewed	1
84678_reviewed	6500_reviewed	1
56952_reviewed	196483_reviewed	1
6874_reviewed	6879_reviewed	1
1915_reviewed	9343_reviewed	1
5335_reviewed	2885_reviewed	1
6125_reviewed	6188_reviewed	1
10915_reviewed	10291_reviewed	1
56952_reviewed	79892_reviewed	1
4893_reviewed	768211_reviewed	1
3280_reviewed	23411_reviewed	1
29105_reviewed	6433_reviewed	1
7415_reviewed	29978_reviewed	1
6383_reviewed	6386_reviewed	1
81559_reviewed	51586_reviewed	1
6657_reviewed	124540_reviewed	1
4609_reviewed	51726_reviewed	1
5499_reviewed	6790_reviewed	1
3265_reviewed	8945_reviewed	1
51474_reviewed	5501_reviewed	1
2099_reviewed	3320_reviewed	1
2130_reviewed	7458_reviewed	1
7132_reviewed	329_reviewed	1
6390_reviewed	84311_unreviewed	1
7157_reviewed	22927_reviewed	1
11047_reviewed	5705_reviewed	1
5501_reviewed	6207_reviewed	1
25793_reviewed	5683_reviewed	1
10015_reviewed	23607_reviewed	1
84101_reviewed	79718_reviewed	1
92105_reviewed	55756_reviewed	1
79913_reviewed	29844_reviewed	1
8894_reviewed	1460_reviewed	1
7706_reviewed	6142_reviewed	1
4893_reviewed	10052_reviewed	1
55611_reviewed	11017_reviewed	1
5981_reviewed	5985_reviewed	1
1234_reviewed	5686_reviewed	1
1499_reviewed	9958_reviewed	1
7186_reviewed	26060_reviewed	1
5610_reviewed	5610_reviewed	1
8440_reviewed	10152_reviewed	1
10024_reviewed	54971_reviewed	1
1386_reviewed	4089_reviewed	1
55008_reviewed	7332_reviewed	1
2534_reviewed	10040_reviewed	1
84867_reviewed	5071_reviewed	1
3312_reviewed	10916_reviewed	1
10614_reviewed	2521_reviewed	1
1738_reviewed	5160_reviewed	1
5684_reviewed	5714_reviewed	1
70_reviewed	23603_reviewed	1
91445_reviewed	115004_reviewed	1
342371_reviewed	6310_reviewed	1
836_reviewed	4137_reviewed	1
3308_reviewed	5036_reviewed	1
3981_reviewed	80127_reviewed	1
4609_reviewed	904_reviewed	1
5395_reviewed	4436_reviewed	1
9657_reviewed	64844_reviewed	1
93973_reviewed	51377_reviewed	1
51514_reviewed	81620_reviewed	1
1493_reviewed	29126_reviewed	0
29882_reviewed	29945_reviewed	1
8835_reviewed	57142_reviewed	1
4000_reviewed	9782_reviewed	1
1072_reviewed	10487_reviewed	1
2547_reviewed	7014_reviewed	1
2099_reviewed	9564_reviewed	1
7186_reviewed	4217_reviewed	1
29924_reviewed	9185_reviewed	1
27111_reviewed	286499_reviewed	1
79595_reviewed	3066_reviewed	1
167691_reviewed	10527_reviewed	1
5192_reviewed	5828_reviewed	0
7182_reviewed	55660_reviewed	1
2740_reviewed	64710_reviewed	1
4869_reviewed	5093_reviewed	1
7706_reviewed	10492_reviewed	1
7415_reviewed	84923_reviewed	1
57646_reviewed	23028_reviewed	1
135_reviewed	54550_reviewed	1
6478_reviewed	26136_reviewed	1
10933_reviewed	56946_reviewed	1
9862_reviewed	29079_reviewed	1
7422_reviewed	3791_reviewed	1
55165_reviewed	117178_reviewed	1
7316_reviewed	5710_reviewed	1
207_reviewed	6599_reviewed	1
6124_reviewed	6191_reviewed	1
84676_reviewed	506_reviewed	1
2246_reviewed	6383_reviewed	0
6461_reviewed	7535_reviewed	1
661_reviewed	10621_reviewed	1
7874_reviewed	65057_reviewed	1
22832_reviewed	93594_reviewed	1
5335_reviewed	4915_reviewed	1
10987_reviewed	6935_reviewed	1
4289_reviewed	80232_reviewed	1
26128_reviewed	11127_reviewed	1
8535_reviewed	57332_reviewed	1
1912_reviewed	6129_reviewed	1
5423_reviewed	79101_reviewed	1
6950_reviewed	908_reviewed	1
23421_reviewed	7067_reviewed	1
89853_reviewed	7251_reviewed	1
2113_reviewed	51567_reviewed	1
91137_reviewed	55669_reviewed	1
26047_reviewed	4223_reviewed	1
930_reviewed	975_reviewed	1
63943_reviewed	80222_reviewed	1
80012_reviewed	57332_reviewed	1
51322_reviewed	7415_reviewed	1
10159_reviewed	5972_reviewed	1
4790_reviewed	8945_reviewed	1
6390_reviewed	4719_reviewed	1
191_reviewed	91369_reviewed	1
6749_reviewed	91754_reviewed	1
4303_reviewed	1499_reviewed	1
9410_reviewed	741_reviewed	1
3551_reviewed	9817_reviewed	1
27161_reviewed	3476_reviewed	1
28962_reviewed	10287_reviewed	1
5687_reviewed	5688_reviewed	1
5031_reviewed	1434_reviewed	1
56946_reviewed	7690_reviewed	1
2185_reviewed	2885_reviewed	1
6714_reviewed	30011_reviewed	1
1080_reviewed	3329_reviewed	1
5928_reviewed	54815_reviewed	1
10253_reviewed	30011_reviewed	1
5528_reviewed	5519_reviewed	1
23607_reviewed	868_reviewed	1
4893_reviewed	23043_reviewed	1
2533_reviewed	3937_reviewed	1
55252_reviewed	8473_reviewed	1
92345_reviewed	1736_reviewed	1
11052_reviewed	79637_reviewed	1
5218_reviewed	23176_reviewed	1
10919_reviewed	29128_reviewed	1
7248_reviewed	4747_reviewed	1
5888_reviewed	7486_reviewed	1
23650_reviewed	79571_reviewed	1
7316_reviewed	7203_reviewed	1
10892_reviewed	79092_reviewed	1
5784_reviewed	84129_reviewed	1
6128_reviewed	6188_reviewed	1
3192_reviewed	6129_reviewed	1
10018_reviewed	4170_reviewed	1
9636_reviewed	2023_reviewed	1
10856_reviewed	10467_reviewed	1
7706_reviewed	10189_reviewed	1
3692_reviewed	23560_reviewed	1
6503_reviewed	9354_reviewed	1
29775_reviewed	79188_reviewed	1
4205_reviewed	100271849_unreviewed	1
6141_reviewed	6202_reviewed	1
5160_reviewed	488_reviewed	1
23371_reviewed	1838_reviewed	1
7132_reviewed	1616_reviewed	1
55603_reviewed	3069_reviewed	1
6503_reviewed	1969_reviewed	1
114548_reviewed	11124_reviewed	1
138046_reviewed	138046_reviewed	1
23063_reviewed	5885_reviewed	1
5710_reviewed	5071_reviewed	1
51562_reviewed	7786_reviewed	1
10413_reviewed	5708_reviewed	1
80198_reviewed	146956_reviewed	1
10643_reviewed	3192_reviewed	1
1026_reviewed	1050_reviewed	1
80314_reviewed	10902_reviewed	1
25842_reviewed	4175_reviewed	1
23493_reviewed	23462_reviewed	1
28964_reviewed	55791_reviewed	1
10539_reviewed	57019_reviewed	1
7703_reviewed	4000_reviewed	1
29116_reviewed	10330_reviewed	1
7525_reviewed	6134_reviewed	1
8819_reviewed	5931_reviewed	1
22943_reviewed	10970_reviewed	1
581_reviewed	51100_reviewed	1
9987_reviewed	5160_reviewed	1
1846_reviewed	10762_reviewed	1
1459_reviewed	54778_reviewed	1
84708_reviewed	26285_reviewed	1
9146_reviewed	81_reviewed	1
367_reviewed	55827_reviewed	1
55723_reviewed	11011_reviewed	1
26118_reviewed	8065_reviewed	1
10014_reviewed	7529_reviewed	1
5478_reviewed	6647_reviewed	1
3566_reviewed	6778_reviewed	1
9094_reviewed	27031_reviewed	1
6122_reviewed	6124_reviewed	1
57461_reviewed	6627_reviewed	1
51465_reviewed	329_reviewed	1
54101_unreviewed	203068_reviewed	1
9025_reviewed	641_reviewed	1
8550_reviewed	9261_reviewed	1
2060_reviewed	7316_reviewed	1
5830_reviewed	373156_reviewed	1
5515_reviewed	8500_reviewed	1
10856_reviewed	8725_reviewed	1
7514_reviewed	1408_reviewed	1
26146_reviewed	7186_reviewed	0
8409_reviewed	116143_reviewed	1
115426_reviewed	595_reviewed	1
51227_reviewed	5277_reviewed	1
11284_reviewed	4172_reviewed	1
3265_reviewed	50488_reviewed	1
6135_reviewed	7157_reviewed	1
1737_reviewed	5160_reviewed	1
3678_reviewed	81858_reviewed	1
8078_reviewed	57154_reviewed	1
22832_reviewed	152185_reviewed	1
55006_reviewed	2744_reviewed	1
8431_reviewed	3172_reviewed	1
4831_reviewed	10963_reviewed	1
841_reviewed	8996_reviewed	1
5588_reviewed	3551_reviewed	1
51005_reviewed	132789_reviewed	1
3858_reviewed	3849_reviewed	1
25793_reviewed	3329_reviewed	1
2122_reviewed	3065_reviewed	1
1639_reviewed	23299_reviewed	1
4781_reviewed	4774_reviewed	1
11244_reviewed	5764_reviewed	0
80306_reviewed	9477_reviewed	1
3344_reviewed	5989_reviewed	1
5536_reviewed	2099_reviewed	1
1409_reviewed	3316_reviewed	1
7334_reviewed	223082_reviewed	1
5987_reviewed	7004_reviewed	1
5695_reviewed	143471_reviewed	1
64854_reviewed	219333_reviewed	1
8761_reviewed	10146_reviewed	1
367_reviewed	7329_reviewed	1
23481_reviewed	23246_reviewed	1
861_reviewed	865_reviewed	1
10425_reviewed	7157_reviewed	1
4175_reviewed	5347_reviewed	1
114791_reviewed	27229_reviewed	1
5071_reviewed	54541_reviewed	1
4609_reviewed	5784_reviewed	1
64326_reviewed	10980_reviewed	1
2289_reviewed	207_reviewed	1
4609_reviewed	54443_reviewed	1
23450_reviewed	7337_reviewed	1
6130_reviewed	6175_reviewed	1
8454_reviewed	81545_reviewed	1
84315_reviewed	7879_reviewed	1
51647_reviewed	5424_reviewed	1
7015_reviewed	8445_reviewed	1
509_reviewed	7417_reviewed	1
51562_reviewed	10474_reviewed	1
6733_reviewed	6434_reviewed	1
8802_reviewed	8801_reviewed	1
2175_reviewed	3551_reviewed	1
55188_reviewed	2778_reviewed	1
84552_reviewed	5590_reviewed	1
23617_reviewed	60385_reviewed	1
8726_reviewed	26155_reviewed	1
8725_reviewed	116143_reviewed	1
7046_reviewed	7040_reviewed	1
10987_reviewed	8648_reviewed	1
79980_reviewed	147841_reviewed	1
22894_reviewed	23517_reviewed	0
823_reviewed	1892_reviewed	1
999_reviewed	1495_reviewed	1
5250_reviewed	4714_reviewed	1
1956_reviewed	25852_reviewed	1
10010_reviewed	9546_reviewed	1
118924_reviewed	8220_reviewed	1
10933_reviewed	10856_reviewed	1
51574_reviewed	55922_reviewed	1
5598_reviewed	5894_reviewed	1
2740_reviewed	84975_reviewed	1
6310_reviewed	55603_reviewed	1
2177_reviewed	22909_reviewed	1
171568_reviewed	10623_reviewed	1
11338_reviewed	5093_reviewed	1
203068_reviewed	4609_reviewed	1
5371_reviewed	5970_reviewed	1
85409_reviewed	1855_reviewed	1
7332_reviewed	7337_reviewed	1
2066_reviewed	83737_reviewed	1
84078_reviewed	9414_reviewed	1
3320_reviewed	10953_reviewed	1
1080_reviewed	5519_reviewed	1
3267_reviewed	2060_reviewed	1
55737_reviewed	7965_reviewed	1
9306_reviewed	29979_reviewed	1
3190_reviewed	9343_reviewed	1
8464_reviewed	10474_reviewed	1
154810_reviewed	81847_reviewed	1
4898_reviewed	1839_reviewed	1
9861_reviewed	5713_reviewed	1
4352_reviewed	8651_reviewed	1
9063_reviewed	5371_reviewed	1
351_reviewed	2902_reviewed	1
634_reviewed	302_reviewed	1
7846_reviewed	3030_reviewed	1
142_reviewed	11009_reviewed	1
5522_reviewed	9532_reviewed	1
51574_reviewed	5917_reviewed	1
10694_reviewed	908_reviewed	1
2091_reviewed	57050_reviewed	1
5501_reviewed	6478_reviewed	1
23451_reviewed	84991_reviewed	1
134510_reviewed	5705_reviewed	1
5071_reviewed	7965_reviewed	1
23186_reviewed	3066_reviewed	1
6469_reviewed	6469_reviewed	1
3190_reviewed	26986_reviewed	1
27292_reviewed	4904_reviewed	1
580_reviewed	11335_reviewed	1
51377_reviewed	5695_reviewed	1
10296_reviewed	25852_reviewed	1
6720_reviewed	9439_reviewed	1
3692_reviewed	6191_reviewed	1
7251_reviewed	9146_reviewed	1
51684_reviewed	55670_reviewed	1
143471_reviewed	5689_reviewed	1
219541_reviewed	9441_reviewed	1
328_reviewed	4904_reviewed	1
6732_reviewed	3183_reviewed	1
8563_reviewed	79228_reviewed	1
149840_reviewed	10459_reviewed	1
4193_reviewed	4831_reviewed	1
5718_reviewed	5714_reviewed	1
2885_reviewed	7251_reviewed	1
164_reviewed	8907_reviewed	1
389692_reviewed	3651_reviewed	1
25980_reviewed	10856_reviewed	1
8451_reviewed	81620_reviewed	1
23650_reviewed	4436_reviewed	1
2130_reviewed	4137_reviewed	1
9455_reviewed	51035_reviewed	1
3987_reviewed	55742_reviewed	1
6517_reviewed	1616_reviewed	1
1459_reviewed	84365_reviewed	1
8548_reviewed	57862_reviewed	1
90933_reviewed	5578_reviewed	1
83548_reviewed	9382_reviewed	1
1813_reviewed	84687_reviewed	1
65018_reviewed	192111_reviewed	1
991_reviewed	699_reviewed	1
5685_reviewed	5692_reviewed	1
3205_reviewed	5089_reviewed	1
5245_reviewed	7385_reviewed	1
331_reviewed	22954_reviewed	1
80232_reviewed	25852_reviewed	1
4093_reviewed	23592_reviewed	1
1994_reviewed	6418_reviewed	1
1026_reviewed	898_reviewed	1
51255_reviewed	5709_reviewed	1
55166_reviewed	79682_reviewed	1
7874_reviewed	7316_reviewed	1
4722_reviewed	509_reviewed	1
5537_reviewed	10576_reviewed	1
6117_reviewed	7486_reviewed	1
8431_reviewed	5914_reviewed	1
3006_reviewed	4691_reviewed	1
7337_reviewed	406_reviewed	1
124995_reviewed	6182_reviewed	1
933_reviewed	5777_reviewed	1
3587_reviewed	50616_reviewed	0
54433_reviewed	55651_reviewed	1
890_reviewed	983_reviewed	1
2913_reviewed	23426_reviewed	1
8428_reviewed	11235_reviewed	1
11004_reviewed	5347_reviewed	1
5879_reviewed	4734_reviewed	1
2770_reviewed	2773_reviewed	1
3178_reviewed	8148_reviewed	1
7126_reviewed	8452_reviewed	1
10240_reviewed	55037_reviewed	1
1385_reviewed	4783_reviewed	1
55664_reviewed	11146_reviewed	1
142_reviewed	3009_reviewed	1
10193_reviewed	122961_reviewed	1
5886_reviewed	5887_reviewed	1
7518_reviewed	7520_reviewed	1
595_reviewed	367_reviewed	1
4335_reviewed	6945_reviewed	1
10179_reviewed	124245_reviewed	1
8841_reviewed	6497_reviewed	1
84078_reviewed	64839_reviewed	1
10613_reviewed	267_reviewed	1
3608_reviewed	51663_reviewed	1
1859_reviewed	2339_reviewed	1
7157_reviewed	55693_reviewed	1
9401_reviewed	4172_reviewed	1
5925_reviewed	6617_reviewed	1
79084_reviewed	5593_reviewed	1
51574_reviewed	10644_reviewed	1
2885_reviewed	26052_reviewed	1
6938_reviewed	121549_reviewed	1
5934_reviewed	890_reviewed	1
5245_reviewed	5894_reviewed	1
6147_reviewed	6208_reviewed	1
29945_reviewed	51434_reviewed	1
830_reviewed	832_reviewed	1
8453_reviewed	3320_reviewed	1
7417_reviewed	10134_reviewed	1
2177_reviewed	4176_reviewed	1
22929_reviewed	55759_reviewed	1
8428_reviewed	254427_reviewed	1
4609_reviewed	10644_reviewed	1
2099_reviewed	2146_reviewed	1
8837_reviewed	7157_reviewed	1
9528_reviewed	55054_reviewed	1
27339_reviewed	7307_reviewed	1
11338_reviewed	8241_reviewed	1
4175_reviewed	7337_reviewed	1
6601_reviewed	86_reviewed	1
5565_reviewed	9500_reviewed	1
79184_reviewed	23172_reviewed	1
9913_reviewed	9792_reviewed	1
2885_reviewed	7454_reviewed	1
9918_reviewed	142_reviewed	1
6464_reviewed	9846_reviewed	1
27044_reviewed	7417_reviewed	1
5800_reviewed	27248_reviewed	1
152926_reviewed	1629_reviewed	1
5411_reviewed	51538_reviewed	1
26354_reviewed	6193_reviewed	1
2067_reviewed	1956_reviewed	1
3299_reviewed	10910_reviewed	1
2885_reviewed	4486_reviewed	1
5997_reviewed	51699_reviewed	1
8202_reviewed	6256_reviewed	1
5822_reviewed	134430_reviewed	1
55081_reviewed	150737_reviewed	1
11030_reviewed	55093_reviewed	1
4174_reviewed	4999_reviewed	1
150094_reviewed	6885_reviewed	1
2539_reviewed	3035_reviewed	1
55723_reviewed	10036_reviewed	1
10537_reviewed	10013_reviewed	1
25_reviewed	1398_reviewed	1
64919_reviewed	6667_reviewed	1
10188_reviewed	3320_reviewed	1
94121_reviewed	6804_reviewed	1
3320_reviewed	369_reviewed	1
27161_reviewed	29883_reviewed	1
8451_reviewed	4771_reviewed	1
84541_reviewed	5585_reviewed	1
10133_reviewed	4354_reviewed	1
29127_reviewed	3091_reviewed	1
55521_reviewed	64946_reviewed	1
7764_reviewed	1487_reviewed	1
10714_reviewed	51455_reviewed	1
3998_reviewed	5034_reviewed	1
5531_reviewed	6118_reviewed	1
50855_reviewed	84292_reviewed	1
9149_reviewed	51307_reviewed	1
5700_reviewed	5771_reviewed	1
51397_reviewed	150684_reviewed	1
5071_reviewed	55737_reviewed	1
9045_reviewed	6122_reviewed	1
55626_reviewed	8450_reviewed	1
867_reviewed	60_reviewed	1
10524_reviewed	10524_reviewed	1
10369_reviewed	1742_reviewed	1
207_reviewed	84958_reviewed	1
5970_reviewed	10401_reviewed	1
1956_reviewed	3105_reviewed	1
10618_reviewed	2010_reviewed	1
10454_reviewed	11274_reviewed	1
2146_reviewed	60528_reviewed	0
6129_reviewed	6193_reviewed	1
5728_reviewed	10445_reviewed	1
695_reviewed	2776_reviewed	1
1956_reviewed	6503_reviewed	1
7157_reviewed	6880_reviewed	1
2175_reviewed	7156_reviewed	1
11338_reviewed	10523_reviewed	1
1965_reviewed	5610_reviewed	1
9101_reviewed	5728_reviewed	1
7405_reviewed	57154_reviewed	1
5337_reviewed	387_reviewed	1
10454_reviewed	331_reviewed	1
65008_reviewed	51073_reviewed	1
2122_reviewed	9112_reviewed	1
10956_reviewed	81501_reviewed	1
3849_reviewed	3848_reviewed	1
3476_reviewed	261726_reviewed	1
7316_reviewed	146691_reviewed	1
5500_reviewed	84988_reviewed	1
9218_reviewed	10989_reviewed	1
9260_reviewed	5979_reviewed	1
6890_reviewed	6891_reviewed	1
3364_reviewed	2956_reviewed	1
30827_reviewed	79084_reviewed	1
5236_reviewed	2821_reviewed	1
5597_reviewed	1891_reviewed	1
4299_reviewed	6478_reviewed	1
2146_reviewed	6601_reviewed	1
1026_reviewed	2597_reviewed	1
6045_reviewed	26053_reviewed	1
6789_reviewed	83937_reviewed	1
5688_reviewed	5708_reviewed	1
6804_reviewed	6532_reviewed	1
7170_reviewed	79036_reviewed	1
6049_reviewed	5777_reviewed	1
2099_reviewed	9477_reviewed	1
3916_reviewed	3688_reviewed	1
11124_reviewed	80700_reviewed	1
7316_reviewed	8314_reviewed	1
9604_reviewed	3178_reviewed	1
4137_reviewed	6506_reviewed	1
9235_reviewed	5580_reviewed	1
1499_reviewed	9070_reviewed	1
3832_reviewed	2067_reviewed	1
29109_reviewed	29109_reviewed	1
5721_reviewed	5698_reviewed	1
5888_reviewed	641_reviewed	1
7514_reviewed	1407_reviewed	1
51377_reviewed	80227_reviewed	1
10318_reviewed	6404_reviewed	1
5925_reviewed	51343_reviewed	1
991_reviewed	11186_reviewed	1
7428_reviewed	7428_reviewed	1
9045_reviewed	6189_reviewed	1
1950_reviewed	4000_reviewed	1
581_reviewed	10971_reviewed	1
3845_reviewed	25921_reviewed	1
3091_reviewed	10155_reviewed	1
51069_reviewed	28998_reviewed	1
6885_reviewed	54461_reviewed	1
4300_reviewed	85403_reviewed	1
1050_reviewed	1017_reviewed	1
705_reviewed	4591_reviewed	1
5868_reviewed	5876_reviewed	1
1616_reviewed	8405_reviewed	1
29760_reviewed	6850_reviewed	1
2078_reviewed	2547_reviewed	1
123169_reviewed	9646_reviewed	1
10009_reviewed	205860_reviewed	1
994_reviewed	983_reviewed	1
377630_reviewed	23476_reviewed	1
6418_reviewed	6418_reviewed	1
26168_reviewed	4869_reviewed	1
9110_reviewed	54431_reviewed	1
7329_reviewed	29761_reviewed	1
4723_reviewed	11331_reviewed	1
5071_reviewed	10452_reviewed	1
7534_reviewed	15_reviewed	1
3065_reviewed	3091_reviewed	1
10396_reviewed	55754_reviewed	1
5925_reviewed	5932_reviewed	1
1848_reviewed	2783_reviewed	0
6130_reviewed	6207_reviewed	1
9112_reviewed	11315_reviewed	1
25842_reviewed	4173_reviewed	1
51602_reviewed	117246_reviewed	1
1025_reviewed	9150_reviewed	1
2950_reviewed	2950_reviewed	1
6130_reviewed	6208_reviewed	1
1499_reviewed	7414_reviewed	1
4734_reviewed	25_reviewed	1
51586_reviewed	9282_reviewed	1
4100_reviewed	5090_reviewed	1
23705_reviewed	4356_reviewed	1
4734_reviewed	79657_reviewed	1
84733_reviewed	8535_reviewed	1
25898_reviewed	5429_reviewed	1
2145_reviewed	23512_reviewed	1
10213_reviewed	5708_reviewed	1
3276_reviewed	2521_reviewed	1
4163_reviewed	1454_reviewed	1
1956_reviewed	5159_reviewed	1
9217_reviewed	25782_reviewed	1
6604_reviewed	9274_reviewed	1
6303_reviewed	84991_reviewed	1
5932_reviewed	5932_reviewed	1
10392_reviewed	8767_reviewed	1
1822_reviewed	11059_reviewed	1
9146_reviewed	4771_reviewed	1
6646_reviewed	821_reviewed	1
83732_reviewed	1457_reviewed	1
7157_reviewed	1728_reviewed	1
8445_reviewed	4193_reviewed	1
90268_reviewed	7316_reviewed	1
23368_reviewed	26524_reviewed	1
11198_reviewed	56254_reviewed	1
26524_reviewed	51433_reviewed	1
4830_reviewed	9533_reviewed	1
9416_reviewed	25980_reviewed	1
9474_reviewed	10133_reviewed	1
7706_reviewed	2817_reviewed	1
3897_reviewed	2065_reviewed	1
10210_reviewed	4824_reviewed	1
25936_reviewed	83540_reviewed	1
3065_reviewed	23309_reviewed	1
23386_reviewed	10498_reviewed	1
56259_reviewed	988_reviewed	1
207_reviewed	3551_reviewed	1
1852_reviewed	55140_reviewed	1
7520_reviewed	5981_reviewed	1
114883_reviewed	9217_reviewed	1
1499_reviewed	3312_reviewed	1
7157_reviewed	596_reviewed	1
57521_reviewed	10325_reviewed	1
51701_reviewed	4089_reviewed	1
6233_reviewed	3921_reviewed	1
6657_reviewed	2296_reviewed	1
283899_reviewed	83444_reviewed	1
54739_reviewed	55905_reviewed	1
5704_reviewed	5707_reviewed	1
6118_reviewed	54465_reviewed	1
57617_reviewed	27072_reviewed	1
2099_reviewed	5499_reviewed	1
3662_reviewed	604_reviewed	1
123169_reviewed	6749_reviewed	1
79577_reviewed	4609_reviewed	1
55823_reviewed	23339_reviewed	1
207_reviewed	572_reviewed	1
64326_reviewed	10920_reviewed	1
149041_reviewed	6189_reviewed	1
92104_reviewed	8100_reviewed	1
2072_reviewed	3832_reviewed	1
3091_reviewed	10399_reviewed	1
3297_reviewed	3297_reviewed	1
5337_reviewed	71_reviewed	1
1605_reviewed	6464_reviewed	1
4149_reviewed	55929_reviewed	1
4221_reviewed	2177_reviewed	1
9276_reviewed	22818_reviewed	1
7507_reviewed	56949_reviewed	1
7318_reviewed	9636_reviewed	1
3609_reviewed	4174_reviewed	1
5468_reviewed	6667_reviewed	1
7536_reviewed	11338_reviewed	1
11244_reviewed	1937_reviewed	0
4915_reviewed	8878_reviewed	1
2099_reviewed	4436_reviewed	1
23142_reviewed	8065_reviewed	1
7535_reviewed	5335_reviewed	1
8805_reviewed	8805_reviewed	1
3313_reviewed	3312_reviewed	1
9380_reviewed	5236_reviewed	1
1457_reviewed	728642_reviewed	1
10413_reviewed	6602_reviewed	1
10048_reviewed	2332_reviewed	1
355_reviewed	637_reviewed	1
57455_reviewed	6924_reviewed	1
3065_reviewed	55806_reviewed	1
112752_reviewed	57728_reviewed	1
498_reviewed	506_reviewed	1
4087_reviewed	9372_reviewed	1
4704_reviewed	4728_reviewed	1
9584_reviewed	2100_reviewed	1
3673_reviewed	81858_reviewed	1
6874_reviewed	6877_reviewed	1
10253_reviewed	23390_reviewed	1
8503_reviewed	122809_reviewed	1
22954_reviewed	84662_reviewed	1
6193_reviewed	6201_reviewed	1
3190_reviewed	202559_reviewed	1
3312_reviewed	23234_reviewed	1
6996_reviewed	7161_reviewed	1
23111_reviewed	3313_reviewed	1
1861_reviewed	57565_reviewed	1
4089_reviewed	7030_reviewed	1
8517_reviewed	5071_reviewed	1
10200_reviewed	23404_reviewed	1
9636_reviewed	5052_reviewed	1
9784_reviewed	6403_reviewed	1
7534_reviewed	23313_reviewed	1
5590_reviewed	51588_reviewed	1
6319_reviewed	7415_reviewed	1
51184_reviewed	55011_reviewed	1
26271_reviewed	991_reviewed	1
6128_reviewed	6207_reviewed	1
29896_reviewed	91746_reviewed	1
80173_reviewed	56912_reviewed	1
23451_reviewed	5511_reviewed	1
8452_reviewed	5245_reviewed	1
3551_reviewed	9641_reviewed	1
10628_reviewed	3065_reviewed	1
8945_reviewed	63967_reviewed	1
5165_reviewed	3329_reviewed	1
26227_reviewed	6094_reviewed	1
1956_reviewed	23542_reviewed	1
6386_reviewed	92610_reviewed	1
26354_reviewed	6191_reviewed	1
7375_reviewed	10921_reviewed	1
27229_reviewed	29922_reviewed	1
10956_reviewed	6400_reviewed	1
80012_reviewed	23466_reviewed	1
5830_reviewed	1891_reviewed	1
54913_reviewed	10775_reviewed	1
1398_reviewed	5781_reviewed	1
57650_reviewed	10273_reviewed	1
3815_reviewed	867_reviewed	1
3065_reviewed	4654_reviewed	1
8792_reviewed	7186_reviewed	1
10095_reviewed	10095_reviewed	1
8678_reviewed	4734_reviewed	1
2077_reviewed	8405_reviewed	1
597_reviewed	638_reviewed	1
5777_reviewed	1500_reviewed	1
56257_reviewed	1460_reviewed	1
56970_reviewed	6880_reviewed	1
3660_reviewed	8850_reviewed	1
9516_reviewed	7251_reviewed	1
1499_reviewed	2274_reviewed	1
2100_reviewed	29079_reviewed	1
51604_reviewed	8733_reviewed	1
5074_reviewed	3309_reviewed	1
135_reviewed	135_reviewed	1
7329_reviewed	7187_reviewed	1
2091_reviewed	9136_reviewed	1
4188_reviewed	64745_reviewed	1
8945_reviewed	96459_reviewed	1
7157_reviewed	8878_reviewed	1
9097_reviewed	5687_reviewed	1
6749_reviewed	4174_reviewed	1
50813_reviewed	8454_reviewed	1
8204_reviewed	190_reviewed	1
6657_reviewed	54815_reviewed	1
10133_reviewed	8737_reviewed	1
2783_reviewed	79837_reviewed	0
129880_reviewed	583_reviewed	1
112495_reviewed	9329_reviewed	1
4093_reviewed	23028_reviewed	1
673_reviewed	5894_reviewed	1
26121_reviewed	10946_reviewed	1
867_reviewed	3937_reviewed	1
8732_reviewed	5431_reviewed	1
10062_reviewed	580_reviewed	1
8932_reviewed	125997_reviewed	1
6790_reviewed	9701_reviewed	1
54148_reviewed	65008_reviewed	1
6446_reviewed	4137_reviewed	1
10487_reviewed	4171_reviewed	1
7706_reviewed	5308_reviewed	1
4188_reviewed	4654_reviewed	1
142_reviewed	3065_reviewed	1
7444_reviewed	7157_reviewed	1
3066_reviewed	23512_reviewed	1
7052_reviewed	8878_reviewed	1
64326_reviewed	2114_reviewed	1
7316_reviewed	10318_reviewed	1
1176_reviewed	5515_reviewed	0
83452_reviewed	55054_reviewed	1
6881_reviewed	6873_reviewed	1
3164_reviewed	1499_reviewed	1
3183_reviewed	3838_reviewed	1
25828_reviewed	2908_reviewed	1
4067_reviewed	933_reviewed	1
5828_reviewed	5828_reviewed	0
1315_reviewed	22820_reviewed	1
22927_reviewed	4904_reviewed	1
3622_reviewed	79595_reviewed	1
5883_reviewed	5810_reviewed	1
3551_reviewed	8517_reviewed	1
2516_reviewed	1499_reviewed	1
6045_reviewed	7027_reviewed	1
2597_reviewed	367_reviewed	1
5705_reviewed	9454_reviewed	1
3320_reviewed	10294_reviewed	1
2070_reviewed	6341_reviewed	1
1823_reviewed	1829_reviewed	1
7465_reviewed	7529_reviewed	1
10572_reviewed	1902_reviewed	0
5771_reviewed	5707_reviewed	1
23788_reviewed	4720_reviewed	1
389421_reviewed	84365_reviewed	1
1025_reviewed	10989_reviewed	1
5565_reviewed	79656_reviewed	1
70_reviewed	10540_reviewed	1
51574_reviewed	3848_reviewed	1
5420_reviewed	9351_reviewed	1
1654_reviewed	8662_reviewed	1
81847_reviewed	6596_reviewed	1
84552_reviewed	81847_reviewed	1
7416_reviewed	821_reviewed	1
5595_reviewed	7416_reviewed	1
3845_reviewed	10113_reviewed	1
5481_reviewed	55425_reviewed	1
27289_reviewed	467_reviewed	0
112399_reviewed	468_reviewed	1
10097_reviewed	23640_reviewed	1
6139_reviewed	6133_reviewed	1
5300_reviewed	5315_reviewed	1
11124_reviewed	207_reviewed	1
10550_reviewed	91445_reviewed	1
80233_reviewed	2188_reviewed	1
348_reviewed	4846_reviewed	1
30011_reviewed	10801_reviewed	1
1432_reviewed	4205_reviewed	1
8662_reviewed	1983_reviewed	1
11117_reviewed	66036_reviewed	1
5499_reviewed	9625_reviewed	1
571_reviewed	3065_reviewed	1
8658_reviewed	8658_reviewed	1
134510_reviewed	5713_reviewed	1
84312_reviewed	25942_reviewed	1
5698_reviewed	5693_reviewed	1
79003_reviewed	23468_reviewed	1
6301_reviewed	9343_reviewed	1
10206_reviewed	1650_reviewed	1
9802_reviewed	64750_reviewed	1
664_reviewed	8834_reviewed	1
408_reviewed	4217_reviewed	1
85369_reviewed	29966_reviewed	1
7965_reviewed	84708_reviewed	1
10673_reviewed	3837_reviewed	1
9817_reviewed	5970_reviewed	1
159_reviewed	150572_reviewed	1
221481_reviewed	5928_reviewed	1
6142_reviewed	6205_reviewed	1
2099_reviewed	4350_reviewed	1
2260_reviewed	5770_reviewed	1
3190_reviewed	3184_reviewed	1
5538_reviewed	821_reviewed	1
10551_reviewed	345651_reviewed	1
5977_reviewed	64375_reviewed	0
7098_reviewed	7189_reviewed	1
3065_reviewed	166968_reviewed	1
10048_reviewed	163702_reviewed	1
9129_reviewed	84619_reviewed	1
7091_reviewed	79084_reviewed	1
1994_reviewed	4609_reviewed	1
3299_reviewed	1616_reviewed	1
23595_reviewed	23595_reviewed	0
2805_reviewed	309_reviewed	1
1103_reviewed	3320_reviewed	1
9306_reviewed	1738_reviewed	1
84955_reviewed	1314_reviewed	1
1390_reviewed	3065_reviewed	1
122769_reviewed	9318_reviewed	1
9819_reviewed	79084_reviewed	1
6143_reviewed	6129_reviewed	1
207_reviewed	57761_reviewed	1
8454_reviewed	9318_reviewed	1
84528_reviewed	129807_reviewed	1
23327_reviewed	10971_reviewed	1
6714_reviewed	6850_reviewed	1
351_reviewed	5663_reviewed	1
9131_reviewed	139322_reviewed	1
150684_reviewed	8651_reviewed	1
7260_reviewed	738_reviewed	1
117584_reviewed	8737_reviewed	1
26088_reviewed	7316_reviewed	1
10024_reviewed	22919_reviewed	1
10598_reviewed	2289_reviewed	1
3737_reviewed	8514_reviewed	1
5566_reviewed	5576_reviewed	1
10758_reviewed	7187_reviewed	1
51510_reviewed	10054_reviewed	1
6917_reviewed	123169_reviewed	1
7187_reviewed	7187_reviewed	1
55208_reviewed	8451_reviewed	1
2534_reviewed	3717_reviewed	1
23149_reviewed	3267_reviewed	1
5931_reviewed	57459_reviewed	1
116986_reviewed	5879_reviewed	1
26994_reviewed	7128_reviewed	1
140885_reviewed	50507_reviewed	1
6657_reviewed	3065_reviewed	1
1822_reviewed	84528_reviewed	1
3661_reviewed	8651_reviewed	1
2261_reviewed	2885_reviewed	1
207_reviewed	7345_reviewed	1
10606_reviewed	83746_reviewed	1
9131_reviewed	10845_reviewed	1
8574_reviewed	22977_reviewed	1
4595_reviewed	6117_reviewed	1
4306_reviewed	1616_reviewed	1
5500_reviewed	165324_reviewed	1
140890_reviewed	5411_reviewed	1
57122_reviewed	9972_reviewed	1
642_reviewed	7329_reviewed	1
7538_reviewed	30011_reviewed	1
5685_reviewed	5710_reviewed	1
55145_reviewed	92906_reviewed	1
7291_reviewed	387893_reviewed	1
64419_reviewed	25814_reviewed	1
10714_reviewed	5424_reviewed	1
6885_reviewed	89891_reviewed	1
1956_reviewed	9361_reviewed	1
4739_reviewed	11030_reviewed	1
5702_reviewed	5714_reviewed	1
10413_reviewed	1499_reviewed	1
55588_reviewed	51586_reviewed	1
4904_reviewed	6195_reviewed	1
4609_reviewed	5052_reviewed	1
7283_reviewed	29922_reviewed	1
1454_reviewed	56977_reviewed	1
25942_reviewed	5926_reviewed	1
65080_reviewed	54534_reviewed	1
286826_reviewed	55957_reviewed	1
55662_reviewed	9546_reviewed	1
1050_reviewed	3065_reviewed	1
7337_reviewed	5710_reviewed	1
23390_reviewed	5170_reviewed	1
5970_reviewed	9325_reviewed	1
5395_reviewed	2956_reviewed	1
3937_reviewed	5335_reviewed	1
267_reviewed	51608_reviewed	1
8626_reviewed	7329_reviewed	1
4869_reviewed	26156_reviewed	1
55660_reviewed	51755_reviewed	1
7283_reviewed	9532_reviewed	1
78992_reviewed	286451_reviewed	1
2547_reviewed	7528_reviewed	1
972_reviewed	3837_reviewed	1
741_reviewed	9343_reviewed	1
5111_reviewed	9156_reviewed	1
64426_reviewed	3066_reviewed	1
2597_reviewed	2597_reviewed	1
355_reviewed	1616_reviewed	1
55611_reviewed	6615_reviewed	1
1020_reviewed	7203_reviewed	1
10325_reviewed	58528_reviewed	1
6625_reviewed	60488_reviewed	1
4194_reviewed	7161_reviewed	1
253714_reviewed	4171_reviewed	1
2886_reviewed	2047_reviewed	1
57154_reviewed	220213_reviewed	1
8450_reviewed	6144_reviewed	1
2091_reviewed	5822_reviewed	1
55236_reviewed	10537_reviewed	1
23429_reviewed	84678_reviewed	1
5521_reviewed	10574_reviewed	1
151987_reviewed	23450_reviewed	1
11069_reviewed	89927_reviewed	1
154796_reviewed	10413_reviewed	1
23411_reviewed	1620_reviewed	1
5687_reviewed	5711_reviewed	1
2091_reviewed	10607_reviewed	1
3312_reviewed	10525_reviewed	1
891_reviewed	9690_reviewed	1
162989_reviewed	162989_reviewed	1
10039_reviewed	142_reviewed	1
51185_reviewed	2752_reviewed	1
1642_reviewed	2648_reviewed	1
50616_reviewed	58985_reviewed	1
56257_reviewed	3183_reviewed	1
23410_reviewed	6502_reviewed	1
3981_reviewed	23022_reviewed	1
6130_reviewed	6132_reviewed	1
6421_reviewed	7316_reviewed	1
5931_reviewed	22823_reviewed	1
3815_reviewed	5777_reviewed	1
23569_reviewed	7157_reviewed	1
1822_reviewed	862_reviewed	1
204_reviewed	10449_reviewed	1
1021_reviewed	595_reviewed	1
8480_reviewed	55109_reviewed	1
7048_reviewed	2022_reviewed	1
115426_reviewed	890_reviewed	1
4670_reviewed	9343_reviewed	1
2099_reviewed	1660_reviewed	1
1488_reviewed	23645_reviewed	1
6780_reviewed	5093_reviewed	1
9113_reviewed	5784_reviewed	1
51035_reviewed	7316_reviewed	1
1460_reviewed	9221_reviewed	1
6774_reviewed	5925_reviewed	1
4609_reviewed	5708_reviewed	1
55740_reviewed	10006_reviewed	1
55294_reviewed	10891_reviewed	1
2547_reviewed	11198_reviewed	1
8405_reviewed	7329_reviewed	1
331_reviewed	7090_reviewed	1
5590_reviewed	644_reviewed	1
5690_reviewed	5708_reviewed	1
4800_reviewed	3725_reviewed	1
5970_reviewed	79813_reviewed	1
1956_reviewed	64750_reviewed	1
7529_reviewed	26064_reviewed	1
7133_reviewed	7187_reviewed	1
2664_reviewed	4792_reviewed	0
11186_reviewed	5606_reviewed	1
121536_reviewed	5931_reviewed	1
5111_reviewed	2597_reviewed	1
2091_reviewed	10419_reviewed	1
7528_reviewed	29844_reviewed	1
10421_reviewed	51729_reviewed	1
3265_reviewed	9497_reviewed	1
5034_reviewed	9601_reviewed	1
846_reviewed	3091_reviewed	1
10856_reviewed	64431_reviewed	1
10298_reviewed	998_reviewed	1
3690_reviewed	5321_reviewed	1
4087_reviewed	5934_reviewed	0
26353_reviewed	126393_reviewed	1
88_reviewed	2904_reviewed	1
2908_reviewed	7533_reviewed	1
7532_reviewed	10749_reviewed	1
6256_reviewed	9025_reviewed	1
8623_reviewed	8623_reviewed	1
57695_reviewed	7316_reviewed	1
6135_reviewed	6138_reviewed	1
11031_reviewed	1956_reviewed	1
5058_reviewed	1999_reviewed	1
10013_reviewed	7846_reviewed	1
1025_reviewed	997_reviewed	1
8450_reviewed	10236_reviewed	1
7110_reviewed	367_reviewed	1
55284_reviewed	84937_reviewed	1
2071_reviewed	1022_reviewed	1
5499_reviewed	9878_reviewed	1
1659_reviewed	1659_reviewed	1
5707_reviewed	5714_reviewed	1
5910_reviewed	58473_reviewed	1
6780_reviewed	7514_reviewed	1
8175_reviewed	11338_reviewed	1
1407_reviewed	1460_reviewed	1
9958_reviewed	9958_reviewed	1
5914_reviewed	29979_reviewed	1
23291_reviewed	220988_reviewed	1
657_reviewed	10262_reviewed	1
7528_reviewed	9112_reviewed	0
3312_reviewed	10963_reviewed	1
3066_reviewed	2625_reviewed	1
1025_reviewed	367_reviewed	1
84759_reviewed	84759_reviewed	1
5393_reviewed	5393_reviewed	0
6780_reviewed	6130_reviewed	1
4802_reviewed	708_reviewed	0
958_reviewed	7187_reviewed	1
5187_reviewed	1454_reviewed	1
51574_reviewed	64949_reviewed	1
55835_reviewed	7272_reviewed	1
4609_reviewed	1973_reviewed	1
9918_reviewed	23397_reviewed	1
92181_reviewed	7317_reviewed	1
2023_reviewed	3065_reviewed	1
84950_reviewed	6733_reviewed	1
11235_reviewed	5518_reviewed	1
5525_reviewed	8312_reviewed	1
6128_reviewed	6132_reviewed	1
6136_reviewed	6193_reviewed	1
3187_reviewed	220988_reviewed	1
84219_reviewed	8131_reviewed	1
983_reviewed	4194_reviewed	1
10567_reviewed	56997_reviewed	1
83932_reviewed	5429_reviewed	1
4772_reviewed	286205_reviewed	1
5702_reviewed	5710_reviewed	1
10465_reviewed	9343_reviewed	0
1017_reviewed	1021_reviewed	1
1455_reviewed	10087_reviewed	1
5879_reviewed	329_reviewed	1
6809_reviewed	9342_reviewed	1
23635_reviewed	4005_reviewed	1
5700_reviewed	5693_reviewed	1
9636_reviewed	7334_reviewed	1
9111_reviewed	374659_reviewed	1
4478_reviewed	4689_reviewed	1
83737_reviewed	9683_reviewed	1
409_reviewed	5900_reviewed	1
4774_reviewed	4089_reviewed	1
2065_reviewed	7277_reviewed	1
6464_reviewed	7409_reviewed	0
55466_reviewed	10294_reviewed	1
5594_reviewed	2932_reviewed	1
8881_reviewed	8697_reviewed	1
5062_reviewed	10174_reviewed	1
23582_reviewed	51548_reviewed	1
1147_reviewed	6714_reviewed	1
25788_reviewed	5888_reviewed	1
9260_reviewed	7169_reviewed	1
51497_reviewed	7337_reviewed	1
4920_reviewed	6885_reviewed	1
51692_reviewed	81608_reviewed	1
56970_reviewed	10474_reviewed	1
7124_reviewed	10133_reviewed	1
467_reviewed	79797_reviewed	0
580_reviewed	10577_reviewed	1
539_reviewed	513_reviewed	1
2203_reviewed	274_reviewed	1
84875_reviewed	8878_reviewed	1
27005_reviewed	23586_reviewed	1
55623_reviewed	55226_reviewed	1
5071_reviewed	9456_reviewed	1
9146_reviewed	83878_reviewed	1
5753_reviewed	5753_reviewed	1
6141_reviewed	6207_reviewed	1
342538_reviewed	7415_reviewed	1
7161_reviewed	25898_reviewed	1
3866_reviewed	284058_reviewed	1
9400_reviewed	5434_reviewed	1
7515_reviewed	10210_reviewed	1
7124_reviewed	7128_reviewed	1
23291_reviewed	3609_reviewed	1
9025_reviewed	4841_reviewed	1
29882_reviewed	51433_reviewed	1
7013_reviewed	11338_reviewed	1
5690_reviewed	5694_reviewed	1
23291_reviewed	619279_reviewed	1
29896_reviewed	6625_reviewed	1
10533_reviewed	23411_reviewed	1
1139_reviewed	5501_reviewed	1
23197_reviewed	5708_reviewed	1
84859_reviewed	1859_reviewed	1
9787_reviewed	3837_reviewed	1
9810_reviewed	5925_reviewed	1
6455_reviewed	6455_reviewed	1
8453_reviewed	9040_reviewed	1
3428_reviewed	79132_reviewed	1
6667_reviewed	6908_reviewed	1
91543_reviewed	3654_reviewed	1
7025_reviewed	53335_reviewed	1
5702_reviewed	5717_reviewed	1
7124_reviewed	9825_reviewed	1
11043_reviewed	10615_reviewed	1
1432_reviewed	91748_reviewed	1
4691_reviewed	7874_reviewed	1
8450_reviewed	50813_reviewed	1
6201_reviewed	7157_reviewed	1
29978_reviewed	57488_reviewed	1
51574_reviewed	5704_reviewed	1
1024_reviewed	892_reviewed	1
23288_reviewed	153657_reviewed	1
80306_reviewed	55170_reviewed	1
3716_reviewed	3572_reviewed	1
2034_reviewed	7020_reviewed	1
24144_reviewed	84140_reviewed	1
85364_reviewed	64135_reviewed	1
7157_reviewed	3146_reviewed	1
1439_reviewed	6464_reviewed	1
79968_reviewed	2547_reviewed	1
7415_reviewed	26043_reviewed	1
9240_reviewed	64745_reviewed	1
54715_reviewed	11030_reviewed	1
3725_reviewed	4780_reviewed	1
9638_reviewed	23122_reviewed	1
6124_reviewed	6202_reviewed	1
9282_reviewed	29079_reviewed	1
2664_reviewed	5867_reviewed	1
7185_reviewed	84140_reviewed	1
5537_reviewed	55291_reviewed	1
4609_reviewed	4141_reviewed	1
639_reviewed	3066_reviewed	1
64795_reviewed	79018_reviewed	1
126133_reviewed	51071_reviewed	1
7319_reviewed	1025_reviewed	1
54623_reviewed	56254_reviewed	1
8412_reviewed	4739_reviewed	1
8667_reviewed	8664_reviewed	1
26574_reviewed	11200_reviewed	1
6208_reviewed	55720_reviewed	1
6788_reviewed	207_reviewed	1
328_reviewed	4869_reviewed	1
11140_reviewed	7268_reviewed	1
10243_reviewed	23229_reviewed	1
3315_reviewed	811_reviewed	1
9733_reviewed	10465_reviewed	1
7706_reviewed	6203_reviewed	1
4609_reviewed	9329_reviewed	1
51676_reviewed	7316_reviewed	1
11030_reviewed	92906_reviewed	1
4988_reviewed	2701_reviewed	1
5723_reviewed	5723_reviewed	1
5713_reviewed	5713_reviewed	1
10916_reviewed	4673_reviewed	1
6118_reviewed	1915_reviewed	1
2821_reviewed	7167_reviewed	1
81857_reviewed	9443_reviewed	1
5111_reviewed	5230_reviewed	1
9267_reviewed	9595_reviewed	1
4734_reviewed	5159_reviewed	1
5578_reviewed	6402_reviewed	1
4172_reviewed	8318_reviewed	1
1487_reviewed	5932_reviewed	1
23558_reviewed	2099_reviewed	1
8772_reviewed	8405_reviewed	1
6867_reviewed	8945_reviewed	1
5584_reviewed	8878_reviewed	1
10915_reviewed	5764_reviewed	0
1738_reviewed	4942_reviewed	1
51574_reviewed	10627_reviewed	1
8626_reviewed	991_reviewed	1
56257_reviewed	3190_reviewed	1
79003_reviewed	57405_reviewed	1
2146_reviewed	57167_reviewed	1
23532_reviewed	55644_reviewed	1
1457_reviewed	6015_reviewed	1
2078_reviewed	7518_reviewed	1
4300_reviewed	4298_reviewed	1
5499_reviewed	8409_reviewed	1
27101_reviewed	10498_reviewed	1
10714_reviewed	5111_reviewed	1
23111_reviewed	83737_reviewed	1
7014_reviewed	7345_reviewed	1
26574_reviewed	5925_reviewed	1
5127_reviewed	1459_reviewed	1
353497_reviewed	26073_reviewed	1
11051_reviewed	11052_reviewed	1
7157_reviewed	10146_reviewed	1
8451_reviewed	51185_reviewed	1
5499_reviewed	10413_reviewed	1
7529_reviewed	55095_reviewed	1
1612_reviewed	10437_reviewed	1
10078_reviewed	741_reviewed	1
9564_reviewed	5782_reviewed	1
3309_reviewed	5894_reviewed	1
7181_reviewed	5371_reviewed	1
5706_reviewed	5682_reviewed	1
6559_reviewed	3303_unreviewed	1
4609_reviewed	4176_reviewed	1
10673_reviewed	1434_reviewed	1
8878_reviewed	3032_reviewed	1
858_reviewed	5921_reviewed	1
54764_reviewed	85369_reviewed	1
83666_reviewed	142_reviewed	1
8454_reviewed	80028_unreviewed	1
10987_reviewed	5977_reviewed	1
90780_reviewed	607_reviewed	1
5976_reviewed	9939_reviewed	1
51377_reviewed	86_reviewed	1
10277_reviewed	29979_reviewed	1
1994_reviewed	10541_reviewed	1
57332_reviewed	84333_reviewed	1
23429_reviewed	64319_reviewed	1
7036_reviewed	975_reviewed	1
54461_reviewed	8451_reviewed	1
5698_reviewed	10499_reviewed	1
330_reviewed	840_reviewed	1
7157_reviewed	9100_reviewed	1
857_reviewed	4843_reviewed	1
7529_reviewed	1540_reviewed	1
1813_reviewed	6752_reviewed	1
409_reviewed	5730_reviewed	1
23411_reviewed	6794_reviewed	1
5175_reviewed	5777_reviewed	1
80063_reviewed	6667_reviewed	1
54797_reviewed	90390_reviewed	1
4793_reviewed	4790_reviewed	1
149041_reviewed	23122_reviewed	1
103_reviewed	7514_reviewed	1
7532_reviewed	55835_reviewed	1
4591_reviewed	7189_reviewed	1
118_reviewed	6599_reviewed	1
11124_reviewed	8454_reviewed	1
29978_reviewed	2521_reviewed	1
10014_reviewed	7514_reviewed	1
5976_reviewed	1938_reviewed	1
5987_reviewed	54551_reviewed	1
5610_reviewed	23567_reviewed	1
10551_reviewed	10657_reviewed	1
9282_reviewed	9442_reviewed	1
51574_reviewed	4691_reviewed	1
29979_reviewed	83593_reviewed	1
8743_reviewed	8772_reviewed	1
1820_reviewed	10477_reviewed	1
6477_reviewed	22827_reviewed	1
6122_reviewed	6129_reviewed	1
4893_reviewed	6573_reviewed	1
116138_reviewed	8453_reviewed	1
3566_reviewed	6464_reviewed	1
4893_reviewed	29914_reviewed	1
8322_reviewed	23024_reviewed	1
8930_reviewed	5987_reviewed	1
55750_reviewed	29928_reviewed	1
23385_reviewed	11160_reviewed	1
51512_reviewed	57559_reviewed	1
891_reviewed	5925_reviewed	1
4087_reviewed	22938_reviewed	1
4194_reviewed	7157_reviewed	1
5987_reviewed	7157_reviewed	1
7529_reviewed	57460_reviewed	1
5531_reviewed	7917_reviewed	1
9045_reviewed	23521_reviewed	1
5321_reviewed	4688_reviewed	1
988_reviewed	6627_reviewed	1
1642_reviewed	90379_reviewed	1
2114_reviewed	10771_reviewed	1
142_reviewed	23650_reviewed	1
55284_reviewed	79102_reviewed	1
54910_reviewed	1742_reviewed	1
7324_reviewed	84937_reviewed	1
7157_reviewed	10813_reviewed	1
6205_reviewed	6202_reviewed	1
27338_reviewed	27338_reviewed	1
595_reviewed	4176_reviewed	1
9646_reviewed	6924_reviewed	1
6147_reviewed	6187_reviewed	1
10238_reviewed	28996_reviewed	1
27248_reviewed	10956_reviewed	1
11315_reviewed	3065_reviewed	1
9479_reviewed	5599_reviewed	1
7385_reviewed	7417_reviewed	1
7185_reviewed	6714_reviewed	1
4609_reviewed	5250_reviewed	1
329_reviewed	331_reviewed	1
149041_reviewed	6205_reviewed	1
9261_reviewed	6464_reviewed	1
114971_reviewed	81570_reviewed	1
79155_reviewed	7132_reviewed	1
79657_reviewed	5431_reviewed	1
55743_reviewed	3066_reviewed	1
7266_reviewed	3303_unreviewed	1
6890_reviewed	821_reviewed	1
10240_reviewed	60488_reviewed	1
22827_reviewed	4849_reviewed	0
1460_reviewed	9261_reviewed	1
2298_reviewed	200350_reviewed	1
7067_reviewed	8204_reviewed	1
29761_reviewed	57646_reviewed	1
3791_reviewed	7423_reviewed	0
4292_reviewed	23650_reviewed	1
9844_reviewed	996_reviewed	1
2972_reviewed	51132_reviewed	1
375_reviewed	23431_reviewed	1
351_reviewed	57528_reviewed	1
8607_reviewed	54680_reviewed	1
9533_reviewed	55720_reviewed	1
1019_reviewed	5716_reviewed	1
9212_reviewed	83540_reviewed	1
10025_reviewed	112950_reviewed	1
7874_reviewed	2146_reviewed	1
9693_reviewed	5900_reviewed	1
10980_reviewed	55958_reviewed	1
1855_reviewed	1457_reviewed	1
8237_reviewed	154796_reviewed	1
51776_reviewed	51776_reviewed	1
8473_reviewed	54542_reviewed	1
1017_reviewed	2237_reviewed	1
10980_reviewed	9040_reviewed	1
4609_reviewed	1662_reviewed	1
1969_reviewed	5781_reviewed	1
54715_reviewed	9491_reviewed	1
4087_reviewed	5925_reviewed	0
5931_reviewed	57649_reviewed	1
5594_reviewed	6815_reviewed	1
23390_reviewed	2823_reviewed	1
4144_reviewed	27430_reviewed	1
53616_reviewed	9211_reviewed	1
94081_reviewed	539_reviewed	1
51562_reviewed	112869_reviewed	1
55421_reviewed	10189_reviewed	1
80306_reviewed	1024_reviewed	1
5716_reviewed	5708_reviewed	1
5695_reviewed	5709_reviewed	1
2140_reviewed	51651_reviewed	1
10992_reviewed	8449_reviewed	1
9070_reviewed	5929_reviewed	1
56257_reviewed	10189_reviewed	1
3104_reviewed	653121_reviewed	1
5567_reviewed	9465_reviewed	1
6493_reviewed	9500_reviewed	1
7416_reviewed	4722_reviewed	1
5689_reviewed	10213_reviewed	1
10421_reviewed	6628_reviewed	1
4609_reviewed	54881_reviewed	1
55957_reviewed	1874_reviewed	1
940_reviewed	11072_reviewed	1
8573_reviewed	22895_reviewed	1
140885_reviewed	3611_reviewed	1
867_reviewed	5296_reviewed	1
10011_reviewed	29089_reviewed	1
7415_reviewed	203068_reviewed	1
51574_reviewed	9343_reviewed	1
5427_reviewed	10284_reviewed	1
3344_reviewed	8945_reviewed	1
25842_reviewed	55723_reviewed	1
7132_reviewed	7186_reviewed	1
2810_reviewed	10146_reviewed	1
23221_reviewed	22836_reviewed	1
5575_reviewed	8165_reviewed	1
7317_reviewed	29089_reviewed	1
5175_reviewed	5781_reviewed	1
8772_reviewed	11035_reviewed	1
2697_reviewed	4734_reviewed	1
4688_reviewed	22920_reviewed	1
6396_reviewed	81929_reviewed	1
6272_reviewed	23062_reviewed	1
51496_reviewed	8202_reviewed	1
26168_reviewed	27043_reviewed	1
708_reviewed	56945_reviewed	1
5971_reviewed	5977_reviewed	1
5932_reviewed	5933_reviewed	1
5777_reviewed	10969_reviewed	1
79885_reviewed	94104_reviewed	1
4287_reviewed	840_reviewed	1
4597_reviewed	3313_reviewed	1
8850_reviewed	7291_reviewed	1
9939_reviewed	55181_reviewed	1
2177_reviewed	4174_reviewed	1
10193_reviewed	81839_reviewed	1
79139_reviewed	23197_reviewed	1
64783_reviewed	10482_reviewed	1
140890_reviewed	10929_reviewed	1
7337_reviewed	301_reviewed	1
10465_reviewed	9416_reviewed	0
29945_reviewed	51343_reviewed	1
3840_reviewed	7157_reviewed	1
56257_reviewed	51574_reviewed	1
4000_reviewed	4691_reviewed	1
55764_reviewed	9742_reviewed	1
8726_reviewed	8726_reviewed	1
6647_reviewed	7345_reviewed	1
26190_reviewed	6500_reviewed	1
55559_reviewed	54801_reviewed	1
4193_reviewed	6839_reviewed	1
5515_reviewed	901_reviewed	1
23390_reviewed	9869_reviewed	1
8312_reviewed	2778_reviewed	1
79101_reviewed	80321_reviewed	1
23028_reviewed	53615_reviewed	1
59349_reviewed	59349_reviewed	1
5580_reviewed	3667_reviewed	1
27342_reviewed	5868_reviewed	1
7083_reviewed	7280_reviewed	1
124739_reviewed	3065_reviewed	1
10621_reviewed	10622_reviewed	1
23390_reviewed	5295_reviewed	1
1438_reviewed	3551_reviewed	1
6124_reviewed	4602_reviewed	1
124944_reviewed	5928_reviewed	1
5888_reviewed	6117_reviewed	1
55626_reviewed	3337_reviewed	1
3835_reviewed	3840_reviewed	1
1655_reviewed	2091_reviewed	1
84456_reviewed	90378_reviewed	1
8773_reviewed	10590_reviewed	1
8408_reviewed	57521_reviewed	1
3712_reviewed	2108_reviewed	1
10521_reviewed	10521_reviewed	1
23409_reviewed	3416_reviewed	1
267_reviewed	10956_reviewed	1
84206_reviewed	7533_reviewed	1
857_reviewed	5338_reviewed	1
7291_reviewed	9219_reviewed	1
26270_reviewed	3959_reviewed	1
22871_reviewed	1742_reviewed	1
10746_reviewed	1499_reviewed	1
2002_reviewed	10459_reviewed	1
1407_reviewed	7874_reviewed	1
7161_reviewed	10155_reviewed	1
8613_reviewed	1500_reviewed	1
8408_reviewed	10626_reviewed	1
5689_reviewed	5691_reviewed	1
7534_reviewed	5584_reviewed	1
3276_reviewed	9898_reviewed	1
4609_reviewed	8518_reviewed	1
5521_reviewed	220134_reviewed	1
57521_reviewed	23367_reviewed	1
23468_reviewed	3930_reviewed	1
6416_reviewed	4217_reviewed	1
7138_reviewed	7168_reviewed	1
1738_reviewed	84263_reviewed	1
23210_reviewed	157313_reviewed	1
4609_reviewed	86_reviewed	1
154_reviewed	51704_reviewed	1
2237_reviewed	328_reviewed	1
4771_reviewed	4771_reviewed	1
84708_reviewed	6714_reviewed	1
7329_reviewed	28996_reviewed	1
6591_reviewed	10273_reviewed	1
843_reviewed	80196_reviewed	1
11117_reviewed	11117_reviewed	1
4287_reviewed	8678_reviewed	1
6478_reviewed	8644_reviewed	1
2904_reviewed	1739_reviewed	1
8945_reviewed	5978_reviewed	1
64753_reviewed	140460_reviewed	1
165324_reviewed	79058_reviewed	1
1020_reviewed	5058_reviewed	1
11140_reviewed	64754_reviewed	1
25839_reviewed	22796_reviewed	1
4609_reviewed	54888_reviewed	1
55770_reviewed	10640_reviewed	1
84962_reviewed	9212_reviewed	1
55252_reviewed	221937_reviewed	1
8440_reviewed	84445_reviewed	1
5518_reviewed	78994_reviewed	1
5894_reviewed	8837_reviewed	1
2639_reviewed	4846_reviewed	1
7579_reviewed	387032_reviewed	1
5290_reviewed	8878_reviewed	1
55251_reviewed	8065_reviewed	1
5245_reviewed	6747_reviewed	1
5710_reviewed	50_reviewed	1
7080_reviewed	7520_reviewed	1
3916_reviewed	23592_reviewed	1
2923_reviewed	30001_reviewed	1
1956_reviewed	2889_reviewed	1
3297_reviewed	3312_reviewed	1
10498_reviewed	6601_reviewed	1
2664_reviewed	5878_reviewed	1
9577_reviewed	23172_reviewed	1
5813_reviewed	5925_reviewed	1
8898_reviewed	28952_reviewed	1
3065_reviewed	23060_reviewed	1
4287_reviewed	8878_reviewed	1
9400_reviewed	5436_reviewed	1
9844_reviewed	57541_reviewed	1
55035_reviewed	10670_reviewed	1
55662_reviewed	8260_reviewed	1
10155_reviewed	6940_reviewed	1
3916_reviewed	1000_reviewed	1
4067_reviewed	23645_reviewed	1
3843_reviewed	3842_reviewed	1
10987_reviewed	3725_reviewed	1
64780_reviewed	4739_reviewed	1
8428_reviewed	5515_reviewed	1
65082_reviewed	57617_reviewed	1
7182_reviewed	55975_reviewed	1
57591_reviewed	6722_reviewed	1
4734_reviewed	312_reviewed	1
2176_reviewed	55120_reviewed	1
3065_reviewed	4092_reviewed	1
833_reviewed	1937_reviewed	1
10188_reviewed	8878_reviewed	1
10135_reviewed	4535_reviewed	1
4849_reviewed	9337_reviewed	1
7415_reviewed	9328_reviewed	1
6386_reviewed	10015_reviewed	1
5522_reviewed	10576_reviewed	1
80789_reviewed	79034_reviewed	1
6714_reviewed	1605_reviewed	1
9699_reviewed	11069_reviewed	1
9817_reviewed	4780_reviewed	1
11319_reviewed	9343_reviewed	1
2175_reviewed	2187_reviewed	1
91543_reviewed	7189_reviewed	1
4361_reviewed	55655_reviewed	1
4722_reviewed	4719_reviewed	1
3065_reviewed	3329_reviewed	1
7203_reviewed	908_reviewed	1
9531_reviewed	5335_reviewed	1
7454_reviewed	147179_reviewed	1
4092_reviewed	51176_reviewed	1
5518_reviewed	29966_reviewed	1
2091_reviewed	51154_reviewed	1
2099_reviewed	5295_reviewed	1
1453_reviewed	84062_reviewed	0
4719_reviewed	4513_reviewed	1
8905_reviewed	55435_reviewed	1
5292_reviewed	11335_reviewed	1
326_reviewed	6749_reviewed	1
2078_reviewed	3183_reviewed	1
54487_reviewed	29102_reviewed	1
4609_reviewed	85395_reviewed	1
5694_reviewed	10213_reviewed	1
80143_reviewed	8428_reviewed	1
4146_reviewed	8785_reviewed	1
7417_reviewed	11331_reviewed	1
9454_reviewed	10152_reviewed	1
997_reviewed	1460_reviewed	1
5481_reviewed	6188_reviewed	1
6130_reviewed	6205_reviewed	1
8607_reviewed	1736_reviewed	1
2078_reviewed	9987_reviewed	1
1956_reviewed	284451_reviewed	1
10213_reviewed	5713_reviewed	1
3376_reviewed	3735_reviewed	1
2913_reviewed	5494_reviewed	1
1080_reviewed	81855_reviewed	1
4734_reviewed	995_reviewed	1
8487_reviewed	54960_reviewed	1
6421_reviewed	6626_reviewed	1
3003_reviewed	7415_reviewed	1
3091_reviewed	4097_reviewed	1
5499_reviewed	153769_reviewed	1
9261_reviewed	10092_reviewed	1
2074_reviewed	7507_reviewed	1
4188_reviewed	4656_reviewed	1
7919_reviewed	84321_reviewed	1
4615_reviewed	4615_reviewed	1
4605_reviewed	90441_reviewed	1
84193_reviewed	4654_reviewed	1
54998_reviewed	63893_reviewed	1
7532_reviewed	2810_reviewed	1
1407_reviewed	84678_reviewed	0
6129_reviewed	3921_reviewed	1
5347_reviewed	4193_reviewed	1
25793_reviewed	509_reviewed	1
3221_reviewed	5451_reviewed	1
84148_reviewed	51230_reviewed	1
8835_reviewed	9512_reviewed	1
2547_reviewed	3981_reviewed	1
7529_reviewed	9101_reviewed	1
8601_reviewed	200081_reviewed	1
1408_reviewed	5187_reviewed	1
4801_reviewed	7161_reviewed	1
2314_reviewed	9209_reviewed	1
5686_reviewed	5713_reviewed	1
5663_reviewed	8502_reviewed	1
6310_reviewed	22954_reviewed	1
26270_reviewed	7037_reviewed	1
7316_reviewed	7345_reviewed	1
6667_reviewed	1654_reviewed	1
10771_reviewed	10771_reviewed	1
57178_reviewed	7157_reviewed	1
8452_reviewed	80311_reviewed	1
1161_reviewed	50813_reviewed	1
23765_reviewed	7189_reviewed	1
6945_reviewed	10608_reviewed	1
10714_reviewed	5425_reviewed	1
7124_reviewed	3551_reviewed	1
1487_reviewed	51412_reviewed	1
63922_reviewed	5984_reviewed	1
6137_reviewed	6194_reviewed	1
10910_reviewed	25936_reviewed	1
151_reviewed	23163_reviewed	1
7185_reviewed	283385_reviewed	1
1488_reviewed	10742_reviewed	1
6427_reviewed	11338_reviewed	1
5289_reviewed	29982_reviewed	1
863_reviewed	862_reviewed	1
6500_reviewed	26233_reviewed	1
55644_reviewed	79140_reviewed	1
80028_unreviewed	4188_reviewed	1
10971_reviewed	867_reviewed	1
6386_reviewed	5868_reviewed	1
10482_reviewed	1660_reviewed	1
6885_reviewed	6416_reviewed	1
58517_reviewed	25766_reviewed	1
201163_reviewed	7879_reviewed	1
6498_reviewed	51592_reviewed	1
8648_reviewed	8463_reviewed	1
8835_reviewed	8065_reviewed	1
3608_reviewed	10643_reviewed	1
4609_reviewed	4149_reviewed	1
3306_reviewed	23640_reviewed	1
55553_reviewed	3065_reviewed	1
6138_reviewed	6124_reviewed	1
7329_reviewed	373_reviewed	1
2289_reviewed	10726_reviewed	1
27071_reviewed	10307_reviewed	1
10567_reviewed	11266_reviewed	1
2597_reviewed	4869_reviewed	1
140890_reviewed	9406_reviewed	1
10025_reviewed	29079_reviewed	1
4193_reviewed	57062_reviewed	1
6871_reviewed	112869_reviewed	1
79155_reviewed	6205_reviewed	1
26271_reviewed	8697_reviewed	1
7415_reviewed	79139_reviewed	1
2273_reviewed	8204_reviewed	1
65018_reviewed	11140_reviewed	1
11140_reviewed	1198_reviewed	1
4100_reviewed	55294_reviewed	1
28964_reviewed	156_reviewed	1
6929_reviewed	8850_reviewed	1
3716_reviewed	6776_reviewed	1
26270_reviewed	6448_reviewed	1
358_reviewed	7205_reviewed	1
79980_reviewed	10910_reviewed	1
1915_reviewed	1938_reviewed	1
89870_reviewed	5829_reviewed	1
4438_reviewed	2874_reviewed	1
10551_reviewed	7086_reviewed	1
9045_reviewed	6132_reviewed	1
51514_reviewed	80204_reviewed	1
2059_reviewed	10458_reviewed	1
7468_reviewed	7468_reviewed	1
79155_reviewed	11047_reviewed	1
57122_reviewed	3837_reviewed	1
3717_reviewed	1439_reviewed	1
2887_reviewed	8660_reviewed	1
10987_reviewed	26094_reviewed	1
4998_reviewed	5001_reviewed	1
55422_reviewed	5977_reviewed	0
3065_reviewed	7528_reviewed	1
132660_reviewed	55957_reviewed	1
51574_reviewed	8971_reviewed	1
56970_reviewed	6881_reviewed	1
51574_reviewed	50809_reviewed	1
2969_reviewed	2547_reviewed	1
6130_reviewed	3921_reviewed	1
1025_reviewed	3190_reviewed	1
25970_reviewed	2885_reviewed	1
1977_reviewed	27161_reviewed	0
5689_reviewed	5717_reviewed	1
9531_reviewed	2947_reviewed	1
79585_reviewed	10140_reviewed	1
10006_reviewed	23191_reviewed	1
54551_reviewed	7874_reviewed	1
10413_reviewed	3065_reviewed	1
9531_reviewed	5238_reviewed	1
10818_reviewed	2885_reviewed	1
4067_reviewed	202559_reviewed	1
9128_reviewed	10443_reviewed	1
9521_reviewed	5917_reviewed	1
11091_reviewed	112869_reviewed	1
7088_reviewed	7088_reviewed	1
29110_reviewed	23243_reviewed	1
4893_reviewed	4162_reviewed	1
5538_reviewed	25824_reviewed	1
7316_reviewed	88455_reviewed	1
10401_reviewed	6772_reviewed	0
5537_reviewed	283373_reviewed	1
3801_reviewed	84619_reviewed	1
5071_reviewed	5413_reviewed	1
5013_reviewed	83755_reviewed	1
991_reviewed	7203_reviewed	1
5594_reviewed	7132_reviewed	1
991_reviewed	3065_reviewed	1
10618_reviewed	488_reviewed	1
9049_reviewed	80204_reviewed	1
90293_reviewed	55958_reviewed	1
4009_reviewed	6929_reviewed	1
7706_reviewed	7157_reviewed	1
6048_reviewed	5829_reviewed	1
207_reviewed	29110_reviewed	1
3516_reviewed	7157_reviewed	1
8317_reviewed	56852_reviewed	1
7046_reviewed	9958_reviewed	1
83987_reviewed	7520_reviewed	1
3981_reviewed	54812_reviewed	1
2887_reviewed	3667_reviewed	1
2290_reviewed	79816_reviewed	1
8890_reviewed	8891_reviewed	1
9322_reviewed	55114_reviewed	1
55660_reviewed	91010_reviewed	1
79922_reviewed	8545_reviewed	1
7132_reviewed	4049_reviewed	1
6932_reviewed	51377_reviewed	1
29760_reviewed	11184_reviewed	1
5687_reviewed	5707_reviewed	1
4724_reviewed	4716_reviewed	1
10746_reviewed	5599_reviewed	1
1432_reviewed	3856_reviewed	1
93343_reviewed	23607_reviewed	1
10482_reviewed	51194_reviewed	1
3065_reviewed	83746_reviewed	1
3297_reviewed	3298_reviewed	1
140890_reviewed	6732_reviewed	1
1191_reviewed	87_reviewed	1
6648_reviewed	25824_reviewed	1
3065_reviewed	3663_reviewed	1
22981_reviewed	10844_reviewed	1
3718_reviewed	6776_reviewed	1
153_reviewed	9495_reviewed	0
11030_reviewed	80028_unreviewed	1
2138_reviewed	2932_reviewed	1
9240_reviewed	26121_reviewed	1
1741_reviewed	9615_reviewed	1
7874_reviewed	57654_reviewed	1
4605_reviewed	1028_reviewed	1
55723_reviewed	4175_reviewed	1
6839_reviewed	8535_reviewed	1
1956_reviewed	10810_reviewed	1
7325_reviewed	51132_reviewed	1
6733_reviewed	8899_reviewed	1
8480_reviewed	10980_reviewed	1
4790_reviewed	5716_reviewed	1
7415_reviewed	25897_reviewed	1
5071_reviewed	11124_reviewed	1
2104_reviewed	2104_reviewed	1
1642_reviewed	25853_reviewed	1
56257_reviewed	6730_reviewed	1
5245_reviewed	4176_reviewed	1
124995_reviewed	28998_reviewed	1
997_reviewed	997_reviewed	1
79097_reviewed	3276_reviewed	1
4212_reviewed	5087_reviewed	1
5700_reviewed	5717_reviewed	1
6857_reviewed	6804_reviewed	1
10551_reviewed	9782_reviewed	1
11099_reviewed	1459_reviewed	1
23327_reviewed	3093_reviewed	1
7307_reviewed	11338_reviewed	1
6760_reviewed	9274_reviewed	1
6780_reviewed	65109_reviewed	1
7532_reviewed	3799_reviewed	1
641_reviewed	322_reviewed	1
8452_reviewed	154881_reviewed	1
51497_reviewed	7936_reviewed	1
9647_reviewed	5562_reviewed	1
373_reviewed	7324_reviewed	1
4205_reviewed	7067_reviewed	1
7225_reviewed	7225_reviewed	1
8900_reviewed	147011_reviewed	1
7803_reviewed	11016_reviewed	1
84458_reviewed	8841_reviewed	1
3265_reviewed	3265_reviewed	1
10540_reviewed	23299_reviewed	1
8648_reviewed	10499_reviewed	1
2175_reviewed	80010_reviewed	1
6895_reviewed	55342_reviewed	1
7334_reviewed	57534_reviewed	1
5970_reviewed	8453_reviewed	1
4722_reviewed	4715_reviewed	1
26994_reviewed	23163_reviewed	1
10645_reviewed	1432_reviewed	1
1111_reviewed	641_reviewed	1
112869_reviewed	55578_reviewed	1
8648_reviewed	3725_reviewed	1
23650_reviewed	9025_reviewed	1
5898_reviewed	5333_reviewed	1
3768_reviewed	1739_reviewed	1
4155_reviewed	58190_reviewed	1
55914_reviewed	613_reviewed	1
6310_reviewed	7874_reviewed	1
6137_reviewed	6207_reviewed	1
5725_reviewed	220988_reviewed	1
1027_reviewed	2885_reviewed	1
79595_reviewed	8453_reviewed	1
10956_reviewed	54583_reviewed	1
3419_reviewed	3421_reviewed	1
4609_reviewed	3550_reviewed	1
8148_reviewed	6882_reviewed	1
7257_reviewed	3796_reviewed	1
23098_reviewed	3656_reviewed	1
5888_reviewed	6118_reviewed	1
23162_reviewed	23542_reviewed	1
51534_reviewed	51510_reviewed	1
2339_reviewed	7046_reviewed	1
8661_reviewed	5976_reviewed	1
80829_reviewed	9020_reviewed	1
7157_reviewed	3066_reviewed	1
7157_reviewed	4691_reviewed	1
9851_reviewed	10273_reviewed	1
4609_reviewed	60_reviewed	1
10612_reviewed	81_reviewed	1
23475_reviewed	388677_reviewed	1
1499_reviewed	8850_reviewed	1
4110_reviewed	25953_reviewed	1
6615_reviewed	4193_reviewed	1
6128_reviewed	6133_reviewed	1
3981_reviewed	3178_reviewed	1
2104_reviewed	190_reviewed	1
207_reviewed	203068_reviewed	1
602_reviewed	3725_reviewed	1
54539_reviewed	4715_reviewed	1
573_reviewed	5914_reviewed	1
23328_reviewed	84164_reviewed	1
4217_reviewed	25828_reviewed	1
8665_reviewed	1975_reviewed	1
100506658_reviewed	1457_reviewed	1
4110_reviewed	63898_reviewed	1
4287_reviewed	5705_reviewed	1
9128_reviewed	9129_reviewed	1
55212_reviewed	585_reviewed	1
1975_reviewed	10480_reviewed	1
367_reviewed	190_reviewed	1
8667_reviewed	10480_reviewed	1
8607_reviewed	7846_reviewed	1
23512_reviewed	5931_reviewed	1
124535_reviewed	87_reviewed	1
54165_reviewed	8452_reviewed	1
84955_reviewed	11316_reviewed	1
7415_reviewed	55165_reviewed	1
51388_reviewed	57062_reviewed	1
7316_reviewed	10155_reviewed	1
8139_reviewed	9118_reviewed	1
51421_reviewed	84619_reviewed	1
7050_reviewed	5371_reviewed	1
6118_reviewed	27339_reviewed	1
54472_reviewed	10040_reviewed	1
5914_reviewed	23411_reviewed	1
4296_reviewed	10273_reviewed	1
5780_reviewed	8216_reviewed	1
8315_reviewed	10363_reviewed	1
4103_reviewed	84948_reviewed	1
997_reviewed	22809_reviewed	1
1822_reviewed	9863_reviewed	1
7852_reviewed	83737_reviewed	1
2091_reviewed	6201_reviewed	1
9184_reviewed	79576_reviewed	1
5914_reviewed	26548_reviewed	1
65265_reviewed	28964_reviewed	1
2132_reviewed	11227_reviewed	1
55746_reviewed	9972_reviewed	1
7189_reviewed	331_reviewed	1
57154_reviewed	9618_reviewed	1
1742_reviewed	9146_reviewed	1
6625_reviewed	56945_reviewed	1
9218_reviewed	7417_reviewed	1
5885_reviewed	7317_reviewed	1
11143_reviewed	4998_reviewed	1
147_reviewed	147_reviewed	1
959_reviewed	79589_reviewed	1
138639_reviewed	10971_reviewed	1
10026_reviewed	51604_reviewed	1
79155_reviewed	5706_reviewed	1
5499_reviewed	55914_reviewed	1
5689_reviewed	5721_reviewed	1
7286_reviewed	7791_reviewed	1
202559_reviewed	23291_reviewed	1
23097_reviewed	79084_reviewed	1
4734_reviewed	51429_reviewed	0
11060_reviewed	154810_reviewed	1
23426_reviewed	10498_reviewed	1
10551_reviewed	6122_reviewed	1
5700_reviewed	5709_reviewed	1
7072_reviewed	4137_reviewed	1
5590_reviewed	4869_reviewed	1
23450_reviewed	9092_reviewed	1
3638_reviewed	3156_reviewed	1
5071_reviewed	51465_reviewed	1
6416_reviewed	1432_reviewed	1
9441_reviewed	904_reviewed	1
10067_reviewed	4734_reviewed	1
1616_reviewed	367_reviewed	1
4691_reviewed	2956_reviewed	1
8518_reviewed	26610_reviewed	1
5515_reviewed	8030_reviewed	1
8737_reviewed	8887_reviewed	1
84944_reviewed	1994_reviewed	1
7532_reviewed	2011_reviewed	1
2885_reviewed	5979_reviewed	1
149041_reviewed	4848_reviewed	1
4719_reviewed	4724_reviewed	1
22909_reviewed	22909_reviewed	1
5689_reviewed	5707_reviewed	1
8490_reviewed	2775_reviewed	1
54819_reviewed	246329_reviewed	1
4691_reviewed	6142_reviewed	1
51185_reviewed	6566_reviewed	1
55689_reviewed	51562_reviewed	1
23648_reviewed	10572_reviewed	1
2246_reviewed	2260_reviewed	1
5511_reviewed	2146_reviewed	1
6491_reviewed	8945_reviewed	1
7316_reviewed	5887_reviewed	1
868_reviewed	7409_reviewed	1
51343_reviewed	5932_reviewed	1
166_reviewed	9146_reviewed	1
10928_reviewed	891_reviewed	1
5531_reviewed	5516_reviewed	1
984_reviewed	3320_reviewed	1
149041_reviewed	10155_reviewed	1
4601_reviewed	9126_reviewed	1
55723_reviewed	79711_reviewed	1
1326_reviewed	7186_reviewed	1
11140_reviewed	27_reviewed	1
4193_reviewed	999_reviewed	1
5501_reviewed	79980_reviewed	1
80700_reviewed	7415_reviewed	1
1956_reviewed	1398_reviewed	1
79155_reviewed	11052_reviewed	1
8110_reviewed	1457_reviewed	1
596_reviewed	4609_reviewed	1
5074_reviewed	6737_reviewed	1
9212_reviewed	10403_reviewed	1
7187_reviewed	54476_reviewed	1
22823_reviewed	3720_reviewed	1
4692_reviewed	348487_reviewed	1
1655_reviewed	1665_reviewed	1
5192_reviewed	5194_reviewed	0
9657_reviewed	22954_reviewed	1
2146_reviewed	4904_reviewed	1
4722_reviewed	28976_reviewed	1
7046_reviewed	8848_reviewed	1
4686_reviewed	7919_reviewed	1
10628_reviewed	57459_reviewed	1
196_reviewed	7514_reviewed	1
4236_reviewed	84950_reviewed	1
60528_reviewed	3035_reviewed	1
123169_reviewed	6924_reviewed	1
572_reviewed	10971_reviewed	1
7023_reviewed	10664_reviewed	1
22888_reviewed	7332_reviewed	1
7319_reviewed	7157_reviewed	1
9049_reviewed	7345_reviewed	1
10188_reviewed	367_reviewed	1
6927_reviewed	6927_reviewed	1
1643_reviewed	2873_reviewed	1
6118_reviewed	988_reviewed	1
8667_reviewed	3646_reviewed	1
4087_reviewed	23592_reviewed	1
7813_reviewed	26271_reviewed	1
9255_reviewed	5917_reviewed	1
10987_reviewed	9318_reviewed	1
87_reviewed	3383_reviewed	1
8241_reviewed	8241_reviewed	1
408_reviewed	27232_reviewed	1
8452_reviewed	10920_reviewed	1
1025_reviewed	2962_reviewed	1
1025_reviewed	1460_reviewed	1
10213_reviewed	7317_reviewed	1
5245_reviewed	7184_reviewed	1
3055_reviewed	8751_reviewed	1
55763_reviewed	22954_reviewed	1
8732_reviewed	5531_reviewed	1
3178_reviewed	8761_reviewed	1
8454_reviewed	26234_reviewed	1
701_reviewed	701_reviewed	1
2885_reviewed	5573_reviewed	1
6772_reviewed	5610_reviewed	1
10014_reviewed	7101_reviewed	1
23492_reviewed	6015_reviewed	1
7534_reviewed	28954_reviewed	1
25793_reviewed	5705_reviewed	1
246213_reviewed	80331_reviewed	1
112869_reviewed	23644_reviewed	1
2353_reviewed	4171_reviewed	0
4839_reviewed	6135_reviewed	1
116461_reviewed	10978_reviewed	1
468_reviewed	4849_reviewed	0
5566_reviewed	2308_reviewed	1
9282_reviewed	9862_reviewed	1
64400_reviewed	4000_reviewed	1
6117_reviewed	7515_reviewed	1
2177_reviewed	7013_reviewed	1
9098_reviewed	3725_reviewed	1
8841_reviewed	207_reviewed	1
1977_reviewed	91544_reviewed	1
3312_reviewed	9529_reviewed	1
4313_reviewed	3688_reviewed	1
5597_reviewed	7917_reviewed	1
23586_reviewed	9960_reviewed	1
5686_reviewed	5719_reviewed	1
207_reviewed	11331_reviewed	1
5566_reviewed	1385_reviewed	1
10551_reviewed	6128_reviewed	1
1457_reviewed	9221_reviewed	1
6667_reviewed	891_reviewed	1
8662_reviewed	57521_reviewed	1
4690_reviewed	6654_reviewed	1
3751_reviewed	1804_reviewed	1
983_reviewed	2305_reviewed	1
2274_reviewed	79797_reviewed	1
5976_reviewed	26019_reviewed	1
2886_reviewed	6464_reviewed	1
55072_reviewed	53938_reviewed	1
6468_reviewed	6500_reviewed	1
79759_reviewed	4869_reviewed	1
6047_reviewed	7316_reviewed	1
10919_reviewed	23468_reviewed	1
2099_reviewed	7494_reviewed	1
55212_reviewed	123016_reviewed	1
79577_reviewed	29894_reviewed	1
10945_reviewed	55738_reviewed	1
10657_reviewed	91746_reviewed	1
10285_reviewed	2130_reviewed	1
6125_reviewed	6175_reviewed	1
4101_unreviewed	4193_reviewed	1
4296_reviewed	9479_reviewed	1
1028_reviewed	1019_reviewed	1
10413_reviewed	3309_reviewed	1
60626_reviewed	2775_reviewed	1
5925_reviewed	8503_reviewed	1
57521_reviewed	84335_reviewed	1
3192_reviewed	6202_reviewed	1
11060_reviewed	11060_reviewed	1
6478_reviewed	54739_reviewed	1
5827_reviewed	5824_reviewed	1
7421_reviewed	9282_reviewed	1
64759_reviewed	9564_reviewed	1
55831_reviewed	284361_reviewed	1
60_reviewed	54434_reviewed	1
2534_reviewed	5579_reviewed	0
240_reviewed	2876_reviewed	0
23322_reviewed	10527_reviewed	1
4582_reviewed	3320_reviewed	1
3550_reviewed	91603_reviewed	1
11091_reviewed	79364_reviewed	1
1956_reviewed	476_reviewed	1
3654_reviewed	57003_reviewed	1
6233_reviewed	6187_reviewed	1
4000_reviewed	1499_reviewed	1
5727_reviewed	27339_reviewed	1
10551_reviewed	6152_reviewed	1
7535_reviewed	7535_reviewed	1
8473_reviewed	23636_reviewed	1
1026_reviewed	7917_reviewed	1
6776_reviewed	5594_reviewed	1
10856_reviewed	5431_reviewed	1
221687_reviewed	527_reviewed	1
10592_reviewed	54892_reviewed	1
6886_reviewed	23635_reviewed	1
6095_reviewed	5725_reviewed	1
990_reviewed	4999_reviewed	1
6136_reviewed	6207_reviewed	1
4287_reviewed	6390_reviewed	1
9212_reviewed	9212_reviewed	1
10849_reviewed	64425_reviewed	1
1869_reviewed	3065_reviewed	1
5925_reviewed	196_reviewed	1
7161_reviewed	200933_reviewed	1
80124_reviewed	7415_reviewed	1
4609_reviewed	378_reviewed	1
51574_reviewed	3192_reviewed	1
7375_reviewed	5717_reviewed	1
8317_reviewed	4175_reviewed	1
321_reviewed	5970_reviewed	1
27069_reviewed	5770_reviewed	1
54894_reviewed	340419_reviewed	1
2697_reviewed	10617_reviewed	1
27246_reviewed	1956_reviewed	1
22919_reviewed	1448_reviewed	1
8848_reviewed	60492_reviewed	1
7157_reviewed	7159_reviewed	1
7337_reviewed	5717_reviewed	1
6134_reviewed	6193_reviewed	1
2274_reviewed	2664_reviewed	0
3875_reviewed	10049_reviewed	1
2188_reviewed	1487_reviewed	1
51592_reviewed	51592_reviewed	1
51035_reviewed	8266_reviewed	1
26058_reviewed	9470_reviewed	1
7347_reviewed	10449_reviewed	1
1600_reviewed	1399_reviewed	1
219541_reviewed	219541_reviewed	1
5717_reviewed	5563_reviewed	1
1852_reviewed	5204_reviewed	1
22938_reviewed	2547_reviewed	1
3065_reviewed	51460_reviewed	1
3320_reviewed	29110_reviewed	1
55284_reviewed	55120_reviewed	1
5586_reviewed	6197_reviewed	0
5728_reviewed	1060_reviewed	1
6118_reviewed	1022_reviewed	1
5034_reviewed	5479_reviewed	1
5093_reviewed	57060_reviewed	1
10014_reviewed	8841_reviewed	1
283899_reviewed	29844_reviewed	1
23492_reviewed	80012_reviewed	1
5432_reviewed	5434_reviewed	1
4609_reviewed	4087_reviewed	1
87_reviewed	1495_reviewed	1
5468_reviewed	8543_reviewed	1
7531_reviewed	7112_reviewed	1
8976_reviewed	147179_reviewed	1
23087_reviewed	5315_reviewed	1
54512_reviewed	115752_reviewed	1
79682_reviewed	64105_reviewed	1
5071_reviewed	2904_reviewed	1
6786_reviewed	7222_reviewed	0
1398_reviewed	6654_reviewed	1
254394_reviewed	5984_reviewed	1
10713_reviewed	10713_reviewed	0
57154_reviewed	6624_reviewed	1
8314_reviewed	8520_reviewed	1
9531_reviewed	10910_reviewed	1
2627_reviewed	6667_reviewed	1
23291_reviewed	3791_reviewed	1
10783_reviewed	9541_reviewed	1
139628_reviewed	4609_reviewed	1
4092_reviewed	10413_reviewed	1
23400_reviewed	10013_reviewed	1
2260_reviewed	10818_reviewed	1
55054_reviewed	3308_reviewed	1
5730_reviewed	5730_reviewed	1
3265_reviewed	6566_reviewed	1
23595_reviewed	4173_reviewed	0
10802_reviewed	9632_reviewed	1
367_reviewed	3091_reviewed	1
4736_reviewed	6189_reviewed	1
9782_reviewed	2130_reviewed	1
2108_reviewed	2109_reviewed	1
8379_reviewed	23650_reviewed	1
9343_reviewed	10614_reviewed	1
3329_reviewed	506_reviewed	1
79577_reviewed	9646_reviewed	1
857_reviewed	1499_reviewed	1
7316_reviewed	5713_reviewed	1
9306_reviewed	5411_reviewed	1
2932_reviewed	5663_reviewed	1
2064_reviewed	27_reviewed	1
11059_reviewed	11059_reviewed	1
10672_reviewed	2149_reviewed	1
4193_reviewed	10202_reviewed	1
5684_reviewed	5702_reviewed	1
10193_reviewed	84959_reviewed	1
7416_reviewed	10857_reviewed	1
5774_reviewed	10005_reviewed	1
55211_reviewed	151871_reviewed	1
1738_reviewed	1152_reviewed	1
4591_reviewed	9055_reviewed	1
51574_reviewed	10528_reviewed	1
22806_reviewed	598_reviewed	1
3459_reviewed	3717_reviewed	1
11030_reviewed	57715_reviewed	1
5371_reviewed	5934_reviewed	1
5160_reviewed	7384_reviewed	1
26043_reviewed	8452_reviewed	1
166785_reviewed	4594_reviewed	1
7157_reviewed	79589_reviewed	1
4599_reviewed	7329_reviewed	1
682_reviewed	26263_reviewed	1
2176_reviewed	3308_reviewed	1
1859_reviewed	5925_reviewed	1
5565_reviewed	10197_reviewed	1
4869_reviewed	8971_reviewed	1
22929_reviewed	22929_reviewed	1
3875_reviewed	9146_reviewed	1
5565_reviewed	80125_reviewed	1
1196_reviewed	10250_reviewed	1
1147_reviewed	5578_reviewed	1
1017_reviewed	7027_reviewed	1
26271_reviewed	996_reviewed	1
595_reviewed	26272_reviewed	1
7157_reviewed	10498_reviewed	1
8554_reviewed	3725_reviewed	1
161725_reviewed	7316_reviewed	1
54602_reviewed	4067_reviewed	1
140890_reviewed	6427_reviewed	1
2521_reviewed	3191_reviewed	1
1027_reviewed	6500_reviewed	1
5683_reviewed	5718_reviewed	1
6143_reviewed	6128_reviewed	1
11346_reviewed	4690_reviewed	1
5709_reviewed	11047_reviewed	1
6886_reviewed	4005_reviewed	1
8402_reviewed	7417_reviewed	1
1432_reviewed	8945_reviewed	1
915_reviewed	925_reviewed	1
1848_reviewed	29115_reviewed	0
11151_reviewed	6774_reviewed	1
728_reviewed	2771_reviewed	1
5111_reviewed	1647_reviewed	1
9146_reviewed	7316_reviewed	1
9851_reviewed	8481_reviewed	1
3219_reviewed	23411_reviewed	1
261726_reviewed	5537_reviewed	1
50807_reviewed	382_reviewed	1
9402_reviewed	29760_reviewed	1
8916_reviewed	7332_reviewed	1
5700_reviewed	5718_reviewed	1
4609_reviewed	8886_reviewed	1
25939_reviewed	890_reviewed	1
10963_reviewed	150275_reviewed	1
7337_reviewed	7337_reviewed	1
121441_reviewed	80007_reviewed	1
3690_reviewed	2891_reviewed	1
8662_reviewed	1975_reviewed	1
8932_reviewed	3065_reviewed	1
6714_reviewed	7454_reviewed	1
5538_reviewed	5160_reviewed	1
4137_reviewed	573_reviewed	1
7316_reviewed	7316_reviewed	1
5716_reviewed	5714_reviewed	1
10818_reviewed	4914_reviewed	1
348_reviewed	71_reviewed	1
196_reviewed	9049_reviewed	1
10551_reviewed	1072_reviewed	1
7884_reviewed	6500_reviewed	1
55233_reviewed	57631_reviewed	1
741_reviewed	24148_reviewed	1
6202_reviewed	6203_reviewed	1
25793_reviewed	5691_reviewed	1
2309_reviewed	6502_reviewed	1
23265_reviewed	23233_reviewed	1
7325_reviewed	9604_reviewed	1
55294_reviewed	898_reviewed	1
51548_reviewed	8554_reviewed	1
4998_reviewed	5000_reviewed	1
408_reviewed	3312_reviewed	1
79001_reviewed	10013_reviewed	1
988_reviewed	6626_reviewed	1
659_reviewed	2274_reviewed	1
6199_reviewed	6194_reviewed	1
1956_reviewed	3845_reviewed	1
7020_reviewed	2547_reviewed	1
7316_reviewed	9683_reviewed	1
29079_reviewed	28964_reviewed	1
29760_reviewed	23607_reviewed	1
6142_reviewed	6201_reviewed	1
841_reviewed	11124_reviewed	1
3276_reviewed	7014_reviewed	1
64207_reviewed	359948_reviewed	1
4088_reviewed	2309_reviewed	1
64978_reviewed	54534_reviewed	1
9662_reviewed	10464_reviewed	1
4673_reviewed	6138_reviewed	1
4543_reviewed	2773_reviewed	1
22894_reviewed	56915_reviewed	0
27289_reviewed	2783_reviewed	0
23607_reviewed	829_reviewed	1
5777_reviewed	3903_reviewed	1
5515_reviewed	7871_reviewed	1
1892_reviewed	10131_reviewed	1
4287_reviewed	3312_reviewed	1
1408_reviewed	79176_reviewed	0
7706_reviewed	688_reviewed	1
10971_reviewed	8761_reviewed	1
4439_reviewed	25_reviewed	1
79155_reviewed	79155_reviewed	1
7706_reviewed	6051_reviewed	1
6208_reviewed	6189_reviewed	1
2078_reviewed	55660_reviewed	1
112939_reviewed	10773_reviewed	1
79576_reviewed	22981_reviewed	1
11186_reviewed	57154_reviewed	1
83990_reviewed	4361_reviewed	1
1627_reviewed	5501_reviewed	1
6598_reviewed	6601_reviewed	1
6337_reviewed	4734_reviewed	1
5236_reviewed	6888_reviewed	1
27161_reviewed	6895_reviewed	1
6625_reviewed	10946_reviewed	1
5999_reviewed	889_reviewed	1
10728_reviewed	2908_reviewed	1
9491_reviewed	10656_reviewed	1
6657_reviewed	84456_reviewed	1
5468_reviewed	6421_reviewed	1
6654_reviewed	1956_reviewed	1
3320_reviewed	23617_reviewed	1
10363_reviewed	9678_reviewed	1
1499_reviewed	55553_reviewed	1
9531_reviewed	10856_reviewed	1
84955_reviewed	22818_reviewed	1
811_reviewed	6892_reviewed	1
7803_reviewed	5707_reviewed	1
9810_reviewed	9810_reviewed	1
2289_reviewed	1147_reviewed	1
1956_reviewed	10188_reviewed	1
4193_reviewed	10206_reviewed	1
7251_reviewed	9727_reviewed	1
2060_reviewed	162_reviewed	1
8915_reviewed	64170_reviewed	1
5300_reviewed	996_reviewed	1
51520_reviewed	7407_reviewed	1
3091_reviewed	9112_reviewed	1
6774_reviewed	6774_reviewed	1
10425_reviewed	8065_reviewed	1
6880_reviewed	2959_reviewed	1
57600_reviewed	201163_reviewed	1
1956_reviewed	26469_reviewed	1
377630_reviewed	5641_reviewed	1
4343_reviewed	4643_reviewed	1
27232_reviewed	27232_reviewed	1
3661_reviewed	6737_reviewed	1
5080_reviewed	28996_reviewed	1
1956_reviewed	7184_reviewed	1
9126_reviewed	23244_reviewed	1
9113_reviewed	8994_reviewed	1
3551_reviewed	5970_reviewed	1
23403_reviewed	8454_reviewed	1
7317_reviewed	997_reviewed	1
23047_reviewed	5888_reviewed	1
10318_reviewed	10318_reviewed	1
55663_reviewed	80345_reviewed	1
55294_reviewed	5781_reviewed	1
4137_reviewed	1639_reviewed	1
5829_reviewed	3688_reviewed	1
10213_reviewed	5684_reviewed	1
134353_reviewed	79084_reviewed	1
54534_reviewed	54948_reviewed	1
10551_reviewed	908_reviewed	1
3265_reviewed	51715_reviewed	1
8266_reviewed	23197_reviewed	1
550_reviewed	7415_reviewed	1
4609_reviewed	1937_reviewed	1
7391_reviewed	5928_reviewed	1
4702_reviewed	4719_reviewed	1
5478_reviewed	5617_reviewed	0
79598_reviewed	121441_reviewed	1
5970_reviewed	7004_reviewed	1
3065_reviewed	10575_reviewed	1
55829_reviewed	267_reviewed	1
6207_reviewed	6203_reviewed	1
10573_reviewed	51253_reviewed	1
4893_reviewed	9522_reviewed	1
8452_reviewed	4176_reviewed	1
3308_reviewed	7266_reviewed	1
8471_reviewed	27101_reviewed	1
2885_reviewed	3183_reviewed	1
80306_reviewed	892_reviewed	1
6850_reviewed	7189_reviewed	1
267_reviewed	7917_reviewed	1
9984_reviewed	84324_reviewed	1
27161_reviewed	10238_reviewed	1
9063_reviewed	7186_reviewed	1
9343_reviewed	9782_reviewed	1
56915_reviewed	5393_reviewed	1
5682_reviewed	29766_reviewed	1
5719_reviewed	10213_reviewed	1
2091_reviewed	55153_reviewed	1
9588_reviewed	9380_reviewed	1
30001_reviewed	23071_reviewed	1
6449_reviewed	147872_reviewed	1
2034_reviewed	8841_reviewed	0
1876_reviewed	11091_reviewed	1
55658_reviewed	2547_reviewed	1
26259_reviewed	595_reviewed	1
4193_reviewed	4193_reviewed	1
10146_reviewed	26986_reviewed	1
6294_reviewed	8996_reviewed	0
51588_reviewed	57562_reviewed	0
2213_reviewed	5781_reviewed	1
51282_reviewed	55888_reviewed	1
22976_reviewed	6871_reviewed	1
64127_reviewed	10616_reviewed	1
54101_unreviewed	84231_reviewed	1
10573_reviewed	64978_reviewed	1
55968_reviewed	79058_reviewed	1
4221_reviewed	3308_reviewed	1
23327_reviewed	91_reviewed	1
10921_reviewed	9733_reviewed	1
889_reviewed	355_reviewed	1
4691_reviewed	6132_reviewed	1
5156_reviewed	5154_reviewed	1
90390_reviewed	29079_reviewed	1
22976_reviewed	348303_reviewed	1
56893_reviewed	27351_reviewed	1
9318_reviewed	4294_reviewed	1
988_reviewed	51503_reviewed	1
9108_reviewed	8089_reviewed	1
2547_reviewed	5965_reviewed	0
3611_reviewed	5894_reviewed	1
1869_reviewed	10971_reviewed	1
84875_reviewed	4609_reviewed	1
9477_reviewed	10001_reviewed	1
4055_reviewed	7187_reviewed	1
1161_reviewed	8451_reviewed	1
326_reviewed	1616_reviewed	1
51002_reviewed	112858_reviewed	1
8651_reviewed	5295_reviewed	1
54148_reviewed	26589_reviewed	1
4867_reviewed	10188_reviewed	1
2189_reviewed	83878_reviewed	1
10534_reviewed	10534_reviewed	1
23177_reviewed	4176_reviewed	1
1459_reviewed	64319_reviewed	1
9662_reviewed	22994_reviewed	1
5191_reviewed	9409_reviewed	0
2175_reviewed	2189_reviewed	1
11335_reviewed	1876_reviewed	1
23567_reviewed	51808_reviewed	1
8678_reviewed	8678_reviewed	1
914_reviewed	23607_reviewed	1
5981_reviewed	5982_reviewed	1
116985_reviewed	30011_reviewed	1
5725_reviewed	3191_reviewed	1
26147_reviewed	23028_reviewed	1
51184_reviewed	55718_reviewed	1
23028_reviewed	10363_reviewed	1
7316_reviewed	4646_reviewed	1
4711_reviewed	4715_reviewed	1
55823_reviewed	65082_reviewed	1
1994_reviewed	1994_reviewed	1
29110_reviewed	9641_reviewed	1
23062_reviewed	25825_reviewed	1
5890_reviewed	5892_reviewed	1
10001_reviewed	9443_reviewed	1
9817_reviewed	23633_reviewed	1
23221_reviewed	8452_reviewed	1
10188_reviewed	2885_reviewed	1
6804_reviewed	6529_reviewed	1
11193_reviewed	10657_reviewed	1
6662_reviewed	2516_reviewed	1
6118_reviewed	4173_reviewed	1
80124_reviewed	7316_reviewed	1
3607_reviewed	284058_reviewed	1
10980_reviewed	8454_reviewed	1
10856_reviewed	93973_reviewed	1
7818_reviewed	64963_reviewed	1
9266_reviewed	379_reviewed	1
7412_reviewed	4478_reviewed	1
4599_reviewed	1616_reviewed	1
9531_reviewed	5709_reviewed	1
5048_reviewed	3320_reviewed	1
1956_reviewed	3702_reviewed	1
7706_reviewed	1994_reviewed	1
9530_reviewed	10273_reviewed	1
154_reviewed	4985_reviewed	1
79813_reviewed	1788_reviewed	1
5071_reviewed	5111_reviewed	1
51574_reviewed	6194_reviewed	1
11267_reviewed	51028_reviewed	1
64946_reviewed	64946_reviewed	1
9040_reviewed	2617_reviewed	1
150737_reviewed	26146_reviewed	1
4654_reviewed	861_reviewed	1
23476_reviewed	5984_reviewed	1
8517_reviewed	7874_reviewed	1
4088_reviewed	51377_reviewed	1
1810_reviewed	112869_reviewed	1
8667_reviewed	8666_reviewed	1
25793_reviewed	9040_reviewed	1
5202_reviewed	8725_reviewed	1
9513_reviewed	11052_reviewed	1
10482_reviewed	22794_reviewed	1
158880_reviewed	6935_reviewed	1
29761_reviewed	4646_reviewed	1
5468_reviewed	6776_reviewed	1
5795_reviewed	7706_reviewed	1
6434_reviewed	8996_reviewed	0
2189_reviewed	51720_reviewed	1
7316_reviewed	868_reviewed	1
5336_reviewed	5709_reviewed	1
54820_reviewed	5987_reviewed	1
5887_reviewed	29761_reviewed	1
51377_reviewed	5685_reviewed	1
6871_reviewed	9441_reviewed	1
4204_reviewed	7528_reviewed	1
4000_reviewed	57003_reviewed	1
596_reviewed	5481_reviewed	1
3309_reviewed	7879_reviewed	1
1499_reviewed	3326_reviewed	1
22948_reviewed	10694_reviewed	1
2782_reviewed	85406_reviewed	0
3065_reviewed	9112_reviewed	1
8266_reviewed	6449_reviewed	1
2175_reviewed	27131_reviewed	1
5710_reviewed	27242_reviewed	1
55920_reviewed	23603_reviewed	1
3603_reviewed	4659_reviewed	1
4088_reviewed	5934_reviewed	0
7706_reviewed	3728_reviewed	1
613_reviewed	2071_reviewed	1
7405_reviewed	65082_reviewed	1
64343_reviewed	7187_reviewed	1
22920_reviewed	9126_reviewed	1
2091_reviewed	2976_reviewed	1
154_reviewed	2885_reviewed	1
6257_reviewed	2965_reviewed	1
571_reviewed	7975_reviewed	1
29089_reviewed	55120_reviewed	1
7157_reviewed	26986_reviewed	1
116138_reviewed	25820_reviewed	1
1459_reviewed	6949_reviewed	1
5606_reviewed	405_reviewed	1
9373_reviewed	51035_reviewed	1
960_reviewed	8878_reviewed	1
367_reviewed	6736_reviewed	1
4893_reviewed	4756_reviewed	1
79004_reviewed	3551_reviewed	1
613_reviewed	3815_reviewed	1
5687_reviewed	5710_reviewed	1
5460_reviewed	6657_reviewed	1
7884_reviewed	890_reviewed	1
8030_reviewed	3065_reviewed	1
23412_reviewed	51122_reviewed	1
79018_reviewed	80232_reviewed	1
81847_reviewed	81847_reviewed	1
10524_reviewed	2120_reviewed	1
5036_reviewed	4904_reviewed	1
5499_reviewed	8045_reviewed	1
3476_reviewed	22948_reviewed	1
6714_reviewed	50807_reviewed	1
3172_reviewed	10891_reviewed	1
991_reviewed	51434_reviewed	1
7415_reviewed	10963_reviewed	1
2629_reviewed	6950_reviewed	1
4791_reviewed	79155_reviewed	1
5713_reviewed	5700_reviewed	1
8975_reviewed	7415_reviewed	1
5111_reviewed	51426_reviewed	1
1050_reviewed	5925_reviewed	1
23189_reviewed	7532_reviewed	1
10318_reviewed	286514_reviewed	1
11100_reviewed	3275_reviewed	1
7409_reviewed	5295_reviewed	1
7329_reviewed	4792_reviewed	1
9582_reviewed	55167_reviewed	1
1956_reviewed	22803_reviewed	1
26258_reviewed	26258_reviewed	1
274_reviewed	4137_reviewed	1
10528_reviewed	9221_reviewed	1
7080_reviewed	8648_reviewed	1
55363_reviewed	10363_reviewed	1
580_reviewed	23468_reviewed	1
9584_reviewed	11338_reviewed	1
79797_reviewed	221504_reviewed	1
23411_reviewed	6927_reviewed	1
3635_reviewed	5781_reviewed	1
9564_reviewed	80725_reviewed	1
30011_reviewed	50807_reviewed	1
4654_reviewed	64100_reviewed	1
10413_reviewed	86_reviewed	1
23197_reviewed	5824_reviewed	1
1024_reviewed	51586_reviewed	1
9627_reviewed	6477_reviewed	1
6890_reviewed	811_reviewed	1
9817_reviewed	2551_reviewed	1
991_reviewed	51067_reviewed	1
5688_reviewed	5690_reviewed	1
999_reviewed	4646_reviewed	1
8189_reviewed	55339_reviewed	1
22832_reviewed	54930_reviewed	1
10018_reviewed	598_reviewed	1
4790_reviewed	5468_reviewed	1
7251_reviewed	79643_reviewed	1
3320_reviewed	5681_reviewed	1
57122_reviewed	23279_reviewed	1
6464_reviewed	1398_reviewed	1
653361_reviewed	10657_reviewed	1
5359_reviewed	10342_reviewed	1
100506658_reviewed	1454_reviewed	1
10133_reviewed	596_reviewed	0
1822_reviewed	11060_reviewed	1
2770_reviewed	63940_reviewed	1
55917_reviewed	6801_reviewed	1
4000_reviewed	9555_reviewed	1
405_reviewed	57491_reviewed	1
140885_reviewed	908_reviewed	1
4728_reviewed	7385_reviewed	1
55588_reviewed	9477_reviewed	1
311_reviewed	85365_reviewed	1
171482_reviewed	23028_reviewed	1
1665_reviewed	84991_reviewed	1
51562_reviewed	8850_reviewed	1
351_reviewed	2932_reviewed	1
10459_reviewed	4085_reviewed	1
6132_reviewed	6194_reviewed	1
8766_reviewed	9727_reviewed	1
23633_reviewed	3838_reviewed	1
6559_reviewed	3337_reviewed	1
215_reviewed	11001_reviewed	1
321_reviewed	22883_reviewed	1
10320_reviewed	27086_reviewed	1
79029_reviewed	54101_unreviewed	1
25970_reviewed	10603_reviewed	1
4803_reviewed	4804_reviewed	1
219541_reviewed	9440_reviewed	1
1407_reviewed	79176_reviewed	0
5694_reviewed	5719_reviewed	1
6934_reviewed	2625_reviewed	1
5252_reviewed	3065_reviewed	1
93492_reviewed	5824_reviewed	1
56257_reviewed	6203_reviewed	1
25_reviewed	26524_reviewed	1
60_reviewed	1915_reviewed	1
10159_reviewed	535_reviewed	1
7157_reviewed	8556_reviewed	1
10445_reviewed	51377_reviewed	1
5683_reviewed	5686_reviewed	1
7316_reviewed	8440_reviewed	1
983_reviewed	2146_reviewed	1
673_reviewed	5609_reviewed	1
3692_reviewed	6122_reviewed	1
27289_reviewed	79837_reviewed	0
54476_reviewed	7332_reviewed	1
3608_reviewed	4736_reviewed	1
4088_reviewed	5925_reviewed	0
10528_reviewed	6128_reviewed	1
9531_reviewed	11344_reviewed	1
3454_reviewed	3276_reviewed	1
898_reviewed	2305_reviewed	1
207_reviewed	5586_reviewed	1
5607_reviewed	5607_reviewed	1
1499_reviewed	284252_reviewed	1
55929_reviewed	8089_reviewed	1
1958_reviewed	1051_reviewed	1
6517_reviewed	81_reviewed	1
988_reviewed	6427_reviewed	1
5295_reviewed	10399_reviewed	1
28996_reviewed	26118_reviewed	1
6605_reviewed	60_reviewed	1
7516_reviewed	5892_reviewed	1
4893_reviewed	26003_reviewed	1
23512_reviewed	10181_reviewed	1
8314_reviewed	63893_reviewed	1
5753_reviewed	10657_reviewed	1
7531_reviewed	5495_reviewed	1
3297_reviewed	8189_reviewed	1
56658_reviewed	56658_reviewed	1
4691_reviewed	4869_reviewed	1
8503_reviewed	4660_reviewed	1
835_reviewed	7185_reviewed	1
5917_reviewed	5859_reviewed	1
5522_reviewed	10575_reviewed	1
11091_reviewed	57325_reviewed	1
8563_reviewed	80145_reviewed	1
4543_reviewed	811_reviewed	1
10213_reviewed	5707_reviewed	1
5728_reviewed	5347_reviewed	1
79583_reviewed	79867_reviewed	1
8945_reviewed	10845_reviewed	1
8471_reviewed	5033_reviewed	1
3836_reviewed	10762_reviewed	1
1432_reviewed	8202_reviewed	1
26986_reviewed	6191_reviewed	1
3791_reviewed	3791_reviewed	1
55735_reviewed	257160_reviewed	1
29979_reviewed	30008_reviewed	1
6133_reviewed	6175_reviewed	1
51377_reviewed	5702_reviewed	1
1615_reviewed	3376_reviewed	1
3309_reviewed	54431_reviewed	1
51073_reviewed	29074_reviewed	1
868_reviewed	8440_reviewed	1
4087_reviewed	3665_reviewed	1
8878_reviewed	5074_reviewed	1
6934_reviewed	10459_reviewed	1
9128_reviewed	27238_reviewed	1
3483_reviewed	3486_reviewed	1
117584_reviewed	26056_reviewed	1
5460_reviewed	5887_reviewed	1
2908_reviewed	8204_reviewed	1
6502_reviewed	51343_reviewed	1
8175_reviewed	55660_reviewed	1
57379_reviewed	3836_reviewed	1
11275_reviewed	70_reviewed	1
3178_reviewed	3178_reviewed	1
9343_reviewed	9343_reviewed	1
10573_reviewed	54534_reviewed	1
51255_reviewed	3674_reviewed	1
10534_reviewed	10856_reviewed	1
5629_reviewed	6256_reviewed	0
7186_reviewed	80764_reviewed	1
149041_reviewed	6124_reviewed	1
2521_reviewed	207_reviewed	1
1027_reviewed	26354_reviewed	1
9113_reviewed	9113_reviewed	1
55823_reviewed	9392_reviewed	1
84708_reviewed	8650_reviewed	1
5696_reviewed	5694_reviewed	1
79651_reviewed	10273_reviewed	1
92344_reviewed	25898_reviewed	1
5599_reviewed	9734_reviewed	1
2099_reviewed	1627_reviewed	1
5688_reviewed	5707_reviewed	1
4609_reviewed	26133_reviewed	1
1080_reviewed	9209_reviewed	1
54940_reviewed	1327_reviewed	1
6045_reviewed	150094_reviewed	1
5686_reviewed	5693_reviewed	1
10213_reviewed	5693_reviewed	1
51701_reviewed	4603_reviewed	1
6908_reviewed	83860_reviewed	1
5747_reviewed	9021_reviewed	1
24140_reviewed	11180_reviewed	1
369_reviewed	24148_reviewed	1
5970_reviewed	23474_reviewed	1
4193_reviewed	23411_reviewed	1
58533_reviewed	6642_reviewed	1
5725_reviewed	3091_reviewed	1
2099_reviewed	55611_reviewed	1
29101_reviewed	10735_reviewed	1
5300_reviewed	4303_reviewed	1
1852_reviewed	5868_reviewed	1
7316_reviewed	5700_reviewed	1
5501_reviewed	8036_reviewed	1
5747_reviewed	6772_reviewed	1
9128_reviewed	9092_reviewed	1
2932_reviewed	23528_reviewed	1
1025_reviewed	51755_reviewed	1
26574_reviewed	4137_reviewed	1
51147_reviewed	11143_reviewed	1
79682_reviewed	79019_reviewed	1
2305_reviewed	8078_reviewed	1
1488_reviewed	8204_reviewed	1
3351_reviewed	4188_reviewed	1
80012_reviewed	6015_reviewed	1
207_reviewed	1432_reviewed	1
207_reviewed	409_reviewed	1
10528_reviewed	84656_reviewed	1
55072_reviewed	7128_reviewed	1
116225_reviewed	25852_reviewed	1
7579_reviewed	51282_reviewed	1
23390_reviewed	1915_reviewed	1
70_reviewed	830_reviewed	1
10681_reviewed	6000_reviewed	1
4609_reviewed	24144_reviewed	1
6625_reviewed	2521_reviewed	1
3939_reviewed	6652_reviewed	1
342371_reviewed	166_reviewed	1
4796_reviewed	7520_reviewed	1
1488_reviewed	1488_reviewed	1
8453_reviewed	9684_reviewed	1
2289_reviewed	3320_reviewed	1
8662_reviewed	51386_reviewed	1
3265_reviewed	57048_reviewed	1
10567_reviewed	29907_reviewed	1
23649_reviewed	5558_reviewed	1
22870_reviewed	9100_reviewed	1
2885_reviewed	122809_reviewed	1
5700_reviewed	5710_reviewed	1
3725_reviewed	7316_reviewed	1
5925_reviewed	1026_reviewed	1
7532_reviewed	23034_reviewed	1
80306_reviewed	9441_reviewed	1
7415_reviewed	6310_reviewed	1
11140_reviewed	283237_reviewed	1
4772_reviewed	57521_reviewed	1
2870_reviewed	3320_reviewed	1
2768_reviewed	3320_reviewed	1
10713_reviewed	9343_reviewed	1
10971_reviewed	3178_reviewed	1
3178_reviewed	10128_reviewed	1
8440_reviewed	5058_reviewed	1
26095_reviewed	26095_reviewed	1
10856_reviewed	3065_reviewed	1
8517_reviewed	80149_reviewed	1
1003_reviewed	1495_reviewed	1
7132_reviewed	10616_reviewed	1
699_reviewed	25936_reviewed	1
23435_reviewed	10013_reviewed	1
6418_reviewed	351_reviewed	1
3791_reviewed	351_reviewed	1
2288_reviewed	3326_reviewed	1
7428_reviewed	54583_reviewed	1
4609_reviewed	5394_reviewed	1
1398_reviewed	140462_reviewed	1
79003_reviewed	83540_reviewed	1
5861_reviewed	10567_reviewed	1
7385_reviewed	7416_reviewed	1
10775_reviewed	25871_reviewed	1
7706_reviewed	3183_reviewed	1
8450_reviewed	55143_reviewed	1
356_reviewed	23048_reviewed	1
28952_reviewed	150684_reviewed	1
55743_reviewed	23411_reviewed	1
2521_reviewed	4841_reviewed	1
10206_reviewed	488_reviewed	1
6134_reviewed	6144_reviewed	1
25_reviewed	7161_reviewed	1
2099_reviewed	2034_reviewed	1
155_reviewed	6714_reviewed	1
5509_reviewed	5501_reviewed	1
9045_reviewed	6130_reviewed	1
54962_reviewed	6117_reviewed	1
10016_reviewed	4217_reviewed	1
6500_reviewed	23403_reviewed	1
64499_reviewed	64499_reviewed	1
22976_reviewed	57599_reviewed	1
4736_reviewed	6187_reviewed	1
154796_reviewed	23286_reviewed	1
8193_reviewed	6605_reviewed	1
7329_reviewed	4670_reviewed	1
7043_reviewed	7048_reviewed	1
84680_reviewed	84680_reviewed	1
56915_reviewed	118460_reviewed	1
54764_reviewed	7316_reviewed	1
30827_reviewed	7157_reviewed	1
23371_reviewed	6645_reviewed	1
57599_reviewed	23035_reviewed	1
5599_reviewed	83737_reviewed	1
3688_reviewed	5578_reviewed	1
55620_reviewed	4615_reviewed	1
26190_reviewed	8454_reviewed	1
367_reviewed	1022_reviewed	1
8411_reviewed	57403_reviewed	1
4543_reviewed	821_reviewed	1
7428_reviewed	3551_reviewed	1
3595_reviewed	3717_reviewed	1
6667_reviewed	3066_reviewed	1
5879_reviewed	57630_reviewed	1
2246_reviewed	3313_reviewed	1
23495_reviewed	7188_reviewed	1
7317_reviewed	10477_reviewed	1
84708_reviewed	11043_reviewed	1
60412_reviewed	54536_reviewed	1
9867_reviewed	5573_reviewed	1
6722_reviewed	22926_reviewed	1
1759_reviewed	1759_reviewed	1
1050_reviewed	7337_reviewed	1
5347_reviewed	9043_reviewed	1
7874_reviewed	5371_reviewed	1
4893_reviewed	10938_reviewed	1
23657_reviewed	6520_reviewed	1
598_reviewed	57099_reviewed	1
6133_reviewed	6208_reviewed	1
8440_reviewed	10262_reviewed	1
3845_reviewed	3996_reviewed	1
1488_reviewed	7764_reviewed	1
139285_reviewed	8945_reviewed	1
23076_reviewed	4691_reviewed	1
9531_reviewed	9446_reviewed	1
580_reviewed	10111_reviewed	1
4092_reviewed	11171_reviewed	1
9636_reviewed	7296_reviewed	1
8932_reviewed	11321_reviewed	1
389421_reviewed	51574_reviewed	1
6693_reviewed	4478_reviewed	1
51684_reviewed	169792_reviewed	1
10528_reviewed	10607_reviewed	1
29115_reviewed	64375_reviewed	0
56257_reviewed	51663_reviewed	1
79155_reviewed	64398_reviewed	1
8175_reviewed	9879_reviewed	1
4609_reviewed	9181_reviewed	1
51574_reviewed	56829_reviewed	1
11124_reviewed	3312_reviewed	1
6790_reviewed	7468_reviewed	1
64400_reviewed	9782_reviewed	1
4015_reviewed	23607_reviewed	1
85377_reviewed	10938_reviewed	1
2175_reviewed	2175_reviewed	1
51528_reviewed	5702_reviewed	1
5702_reviewed	11047_reviewed	1
10483_reviewed	6396_reviewed	1
327_reviewed	327_reviewed	1
9047_reviewed	7415_reviewed	1
4168_reviewed	2782_reviewed	1
6015_reviewed	7157_reviewed	1
3516_reviewed	8850_reviewed	1
4067_reviewed	63898_reviewed	1
1024_reviewed	9442_reviewed	1
11146_reviewed	2288_reviewed	1
9531_reviewed	3297_reviewed	1
7917_reviewed	9131_reviewed	1
6189_reviewed	3192_reviewed	1
10336_reviewed	8535_reviewed	1
9131_reviewed	10989_reviewed	1
5987_reviewed	3551_reviewed	1
54496_reviewed	1968_reviewed	1
7272_reviewed	7157_reviewed	1
8451_reviewed	7316_reviewed	1
506_reviewed	7384_reviewed	1
5720_reviewed	5698_reviewed	1
6688_reviewed	25942_reviewed	1
5599_reviewed	2950_reviewed	1
3297_reviewed	10728_reviewed	1
8550_reviewed	3315_reviewed	1
1327_reviewed	7168_reviewed	1
55142_reviewed	115106_reviewed	1
6667_reviewed	9314_reviewed	1
10273_reviewed	4217_reviewed	1
55143_reviewed	7329_reviewed	1
23476_reviewed	5983_reviewed	1
7189_reviewed	9618_reviewed	1
29993_reviewed	22837_reviewed	1
8886_reviewed	2091_reviewed	1
843_reviewed	8837_reviewed	1
3791_reviewed	5777_reviewed	1
9782_reviewed	1314_reviewed	1
5468_reviewed	688_reviewed	1
51669_reviewed	6400_reviewed	1
23197_reviewed	10452_reviewed	1
5577_reviewed	2773_reviewed	1
26234_reviewed	3658_reviewed	1
3093_reviewed	91445_reviewed	1
1738_reviewed	1743_reviewed	1
5691_reviewed	56984_reviewed	1
29761_reviewed	253980_reviewed	1
5468_reviewed	9325_reviewed	1
1457_reviewed	64170_reviewed	1
127733_reviewed	7415_reviewed	1
273_reviewed	274_reviewed	1
64802_reviewed	23411_reviewed	1
6293_reviewed	7004_reviewed	1
2771_reviewed	2139_reviewed	1
2812_reviewed	9618_reviewed	1
91137_reviewed	139322_reviewed	1
3611_reviewed	80895_reviewed	1
1984_reviewed	6125_reviewed	1
5728_reviewed	10273_reviewed	1
842_reviewed	79444_reviewed	1
3066_reviewed	5931_reviewed	1
3661_reviewed	3665_reviewed	1
3655_reviewed	3688_reviewed	1
10551_reviewed	3329_reviewed	1
3751_reviewed	23704_reviewed	1
5193_reviewed	8504_reviewed	0
92_reviewed	29122_reviewed	1
79155_reviewed	3551_reviewed	1
57337_reviewed	10155_reviewed	1
7415_reviewed	1996_reviewed	1
663_reviewed	596_reviewed	1
27161_reviewed	3320_reviewed	1
11140_reviewed	2017_reviewed	1
147841_reviewed	57405_reviewed	1
55613_reviewed	66036_reviewed	1
9401_reviewed	983_reviewed	1
5170_reviewed	26608_reviewed	1
5889_reviewed	7517_reviewed	1
5499_reviewed	286262_reviewed	1
10250_reviewed	4000_reviewed	1
6396_reviewed	79902_reviewed	1
2271_reviewed	7317_reviewed	1
5050_reviewed	84708_reviewed	1
10213_reviewed	5709_reviewed	1
7124_reviewed	10454_reviewed	1
2625_reviewed	4004_reviewed	1
6147_reviewed	6175_reviewed	1
1025_reviewed	57805_reviewed	1
55763_reviewed	55770_reviewed	1
7408_reviewed	7414_reviewed	1
55145_reviewed	55342_reviewed	1
8900_reviewed	2874_reviewed	1
11156_reviewed	26505_reviewed	1
115426_reviewed	891_reviewed	1
9033_reviewed	7137_reviewed	1
1977_reviewed	25959_reviewed	1
7157_reviewed	4869_reviewed	1
55006_reviewed	5163_reviewed	1
11060_reviewed	23201_reviewed	1
57120_reviewed	8678_reviewed	1
64375_reviewed	50943_reviewed	1
171482_reviewed	23210_reviewed	1
55620_reviewed	867_reviewed	1
132660_reviewed	1874_reviewed	1
2066_reviewed	10413_reviewed	1
51588_reviewed	51588_reviewed	0
51377_reviewed	5719_reviewed	1
3838_reviewed	5324_reviewed	1
7048_reviewed	91663_reviewed	1
1147_reviewed	55626_reviewed	1
27040_reviewed	2885_reviewed	1
10919_reviewed	6118_reviewed	1
1017_reviewed	8317_reviewed	1
57761_reviewed	1460_reviewed	1
1457_reviewed	3066_reviewed	1
81620_reviewed	4869_reviewed	1
4609_reviewed	7531_reviewed	1
5683_reviewed	5691_reviewed	1
55860_reviewed	51164_reviewed	1
8517_reviewed	29775_reviewed	1
11331_reviewed	4714_reviewed	1
23435_reviewed	26986_reviewed	1
28986_reviewed	55660_reviewed	0
10987_reviewed	10399_reviewed	1
323_reviewed	351_reviewed	1
642_reviewed	6135_reviewed	1
2322_reviewed	867_reviewed	1
9744_reviewed	207_reviewed	1
3831_reviewed	3798_reviewed	1
4609_reviewed	5606_reviewed	1
1019_reviewed	4088_reviewed	1
55593_reviewed	7187_reviewed	1
5599_reviewed	5966_reviewed	1
5496_reviewed	3680_reviewed	1
3065_reviewed	595_reviewed	1
7329_reviewed	93487_reviewed	1
55677_reviewed	207_reviewed	1
991_reviewed	51433_reviewed	1
27040_reviewed	10750_reviewed	1
140545_reviewed	351_reviewed	1
100316904_reviewed	25942_reviewed	1
3265_reviewed	2030_reviewed	1
51622_reviewed	7879_reviewed	1
25827_reviewed	351_reviewed	1
7316_reviewed	56852_reviewed	1
84289_reviewed	7862_reviewed	1
7186_reviewed	6885_reviewed	1
6605_reviewed	86_reviewed	1
2623_reviewed	7205_reviewed	1
351_reviewed	9479_reviewed	1
80335_reviewed	11091_reviewed	1
92104_reviewed	64792_reviewed	1
85365_reviewed	51246_reviewed	1
4791_reviewed	55294_reviewed	1
6850_reviewed	84959_reviewed	1
51547_reviewed	79084_reviewed	1
25824_reviewed	9588_reviewed	1
9734_reviewed	9794_reviewed	1
23279_reviewed	79902_reviewed	1
10013_reviewed	347733_reviewed	1
1459_reviewed	10238_reviewed	1
6045_reviewed	64319_reviewed	1
5771_reviewed	5705_reviewed	1
3006_reviewed	1499_reviewed	1
7726_reviewed	7726_reviewed	1
6117_reviewed	5982_reviewed	1
132660_reviewed	5928_reviewed	1
64326_reviewed	10575_reviewed	1
5338_reviewed	5580_reviewed	1
51574_reviewed	57805_reviewed	1
8615_reviewed	9570_reviewed	1
5524_reviewed	116443_reviewed	1
5071_reviewed	9627_reviewed	1
80267_reviewed	6400_reviewed	1
3996_reviewed	81847_reviewed	1
10254_reviewed	9101_reviewed	1
328_reviewed	9588_reviewed	1
3845_reviewed	3163_reviewed	1
65080_reviewed	57129_reviewed	1
23435_reviewed	3312_reviewed	1
6138_reviewed	6205_reviewed	1
10459_reviewed	5901_reviewed	1
7099_reviewed	6714_reviewed	1
2146_reviewed	11143_reviewed	1
7316_reviewed	553115_reviewed	1
167227_reviewed	8878_reviewed	1
3028_reviewed	10452_reviewed	1
1642_reviewed	79269_reviewed	1
9529_reviewed	10273_reviewed	1
5245_reviewed	60_reviewed	1
26270_reviewed	9126_reviewed	1
3981_reviewed	8563_reviewed	1
4087_reviewed	3643_reviewed	1
8856_reviewed	5931_reviewed	1
8451_reviewed	26259_reviewed	1
7531_reviewed	29110_reviewed	1
1173_reviewed	58513_reviewed	1
1660_reviewed	9343_reviewed	1
1610_reviewed	5565_reviewed	1
56970_reviewed	93624_reviewed	1
973_reviewed	974_reviewed	1
7185_reviewed	10616_reviewed	1
5700_reviewed	5714_reviewed	1
8665_reviewed	9470_reviewed	1
55011_reviewed	5431_reviewed	1
1956_reviewed	9529_reviewed	1
1173_reviewed	1493_reviewed	1
55802_reviewed	9530_reviewed	1
660_reviewed	5058_reviewed	1
81622_reviewed	3703_reviewed	1
253980_reviewed	387_reviewed	1
302_reviewed	1508_reviewed	1
4692_reviewed	54531_reviewed	1
9441_reviewed	1024_reviewed	1
26548_reviewed	84306_reviewed	1
4988_reviewed	11080_reviewed	1
1180_reviewed	10598_reviewed	1
6850_reviewed	6850_reviewed	1
494470_reviewed	7316_reviewed	1
5798_reviewed	10130_reviewed	1
10293_reviewed	5429_reviewed	1
5621_reviewed	10456_reviewed	1
2690_reviewed	8835_reviewed	1
84296_reviewed	64785_reviewed	1
3959_reviewed	653784_reviewed	1
3066_reviewed	56946_reviewed	1
28952_reviewed	404636_reviewed	1
3065_reviewed	57798_reviewed	1
9564_reviewed	4690_reviewed	1
5777_reviewed	2185_reviewed	1
7391_reviewed	6878_reviewed	1
1385_reviewed	1051_reviewed	1
10856_reviewed	11128_reviewed	1
1191_reviewed	8665_reviewed	1
1102_reviewed	1102_reviewed	1
51098_reviewed	127733_reviewed	1
84313_reviewed	79643_reviewed	1
57704_reviewed	10994_reviewed	1
10459_reviewed	283489_reviewed	1
10928_reviewed	29844_reviewed	1
6502_reviewed	991_reviewed	1
988_reviewed	23265_reviewed	1
7791_reviewed	9113_reviewed	1
166_reviewed	84619_reviewed	1
2107_reviewed	23708_reviewed	1
1147_reviewed	7161_reviewed	1
3172_reviewed	7329_reviewed	1
4618_reviewed	6938_reviewed	1
9531_reviewed	151194_reviewed	1
5289_reviewed	10155_reviewed	1
51741_reviewed	11100_reviewed	1
1909_reviewed	10987_reviewed	1
27289_reviewed	2886_reviewed	1
5690_reviewed	25793_reviewed	1
5886_reviewed	7337_reviewed	1
5894_reviewed	5590_reviewed	1
867_reviewed	952_reviewed	1
582_reviewed	229_reviewed	1
2078_reviewed	3609_reviewed	1
23162_reviewed	6416_reviewed	1
5970_reviewed	7874_reviewed	1
993_reviewed	1017_reviewed	1
9097_reviewed	5702_reviewed	1
23569_reviewed	3065_reviewed	1
128178_reviewed	7189_reviewed	1
7157_reviewed	6187_reviewed	1
5499_reviewed	2992_reviewed	1
2885_reviewed	63916_reviewed	1
5682_reviewed	5721_reviewed	1
4839_reviewed	23212_reviewed	1
84274_reviewed	57017_reviewed	1
7189_reviewed	171392_reviewed	1
80227_reviewed	10213_reviewed	1
80204_reviewed	80204_reviewed	1
2188_reviewed	2189_reviewed	1
9232_reviewed	996_reviewed	1
4286_reviewed	10401_reviewed	1
166378_reviewed	79029_reviewed	1
2931_reviewed	10023_reviewed	1
3397_reviewed	8573_reviewed	1
10971_reviewed	84335_reviewed	1
22938_reviewed	4436_reviewed	1
9910_reviewed	257169_reviewed	1
6259_reviewed	374383_reviewed	1
23097_reviewed	54797_reviewed	1
10933_reviewed	5931_reviewed	1
2672_reviewed	5970_reviewed	1
23291_reviewed	284695_reviewed	1
10419_reviewed	1207_reviewed	1
64983_reviewed	54148_reviewed	1
9716_reviewed	91603_reviewed	1
8480_reviewed	5558_reviewed	1
9463_reviewed	2891_reviewed	1
7988_reviewed	7551_reviewed	1
51176_reviewed	387893_reviewed	1
5536_reviewed	2768_reviewed	1
4090_reviewed	10987_reviewed	1
7846_reviewed	378_reviewed	1
673_reviewed	7531_reviewed	1
9218_reviewed	9217_reviewed	1
1488_reviewed	11279_reviewed	1
722_reviewed	959_reviewed	0
6602_reviewed	6601_reviewed	1
57610_reviewed	80232_reviewed	1
7422_reviewed	2321_reviewed	1
80143_reviewed	26127_reviewed	1
51176_reviewed	51444_reviewed	1
1739_reviewed	8573_reviewed	1
3607_reviewed	7023_reviewed	1
9734_reviewed	23650_reviewed	1
3091_reviewed	55840_reviewed	1
1069_reviewed	134359_reviewed	1
2917_reviewed	9463_reviewed	1
10987_reviewed	51185_reviewed	1
9470_reviewed	56478_reviewed	1
5914_reviewed	9265_reviewed	0
84552_reviewed	5584_reviewed	1
79084_reviewed	1642_reviewed	1
54758_reviewed	23028_reviewed	1
7538_reviewed	26986_reviewed	1
3663_reviewed	8533_reviewed	1
10980_reviewed	10116_reviewed	1
26469_reviewed	9051_reviewed	1
8471_reviewed	26993_reviewed	1
7528_reviewed	4798_reviewed	1
9792_reviewed	10155_reviewed	1
1973_reviewed	1977_reviewed	1
6129_reviewed	6188_reviewed	1
54737_reviewed	1788_reviewed	1
8651_reviewed	25_reviewed	1
7329_reviewed	9189_reviewed	1
7316_reviewed	23172_reviewed	1
5828_reviewed	9409_reviewed	0
705_reviewed	64395_reviewed	1
3276_reviewed	1660_reviewed	1
4088_reviewed	207_reviewed	1
26270_reviewed	8533_reviewed	1
165918_reviewed	9100_reviewed	1
1025_reviewed	10592_reviewed	1
7551_reviewed	7551_reviewed	1
4736_reviewed	6136_reviewed	1
7533_reviewed	11228_reviewed	1
57692_reviewed	57692_reviewed	1
2099_reviewed	55226_reviewed	1
4204_reviewed	3065_reviewed	1
8175_reviewed	10915_reviewed	1
5599_reviewed	6774_reviewed	1
55723_reviewed	5931_reviewed	1
329_reviewed	11035_reviewed	1
11043_reviewed	7324_reviewed	1
5515_reviewed	8541_reviewed	1
5879_reviewed	5879_reviewed	1
115752_reviewed	26058_reviewed	1
8856_reviewed	1642_reviewed	1
3937_reviewed	9402_reviewed	1
1487_reviewed	80204_reviewed	1
6886_reviewed	6925_reviewed	1
7046_reviewed	26060_reviewed	1
1499_reviewed	3921_reviewed	1
11124_reviewed	3551_reviewed	1
637_reviewed	597_reviewed	1
9627_reviewed	9627_reviewed	1
5565_reviewed	2623_reviewed	1
10474_reviewed	51588_reviewed	1
10618_reviewed	6520_reviewed	1
51726_reviewed	5764_reviewed	1
11130_reviewed	5501_reviewed	1
3251_reviewed	55093_reviewed	1
5515_reviewed	5519_reviewed	1
3609_reviewed	6142_reviewed	1
4609_reviewed	5982_reviewed	1
3066_reviewed	7750_reviewed	1
23118_reviewed	10454_reviewed	1
26147_reviewed	2146_reviewed	1
23133_reviewed	11091_reviewed	1
1915_reviewed	203068_reviewed	1
6874_reviewed	6881_reviewed	1
7334_reviewed	11043_reviewed	1
22941_reviewed	1742_reviewed	1
1780_reviewed	81610_reviewed	1
3313_reviewed	10469_reviewed	1
10980_reviewed	80204_reviewed	1
8799_reviewed	8799_reviewed	0
5664_reviewed	30818_reviewed	1
9569_reviewed	5317_reviewed	1
23412_reviewed	54939_reviewed	1
3320_reviewed	9020_reviewed	1
23235_reviewed	5515_reviewed	1
11235_reviewed	7871_reviewed	1
6195_reviewed	5594_reviewed	1
2534_reviewed	10188_reviewed	1
4843_reviewed	200933_reviewed	1
53944_reviewed	5970_reviewed	1
8079_reviewed	3337_reviewed	1
1616_reviewed	2495_reviewed	1
55643_reviewed	7150_reviewed	1
4141_reviewed	5917_reviewed	1
5518_reviewed	151648_reviewed	1
5684_reviewed	3313_reviewed	1
6812_reviewed	8676_reviewed	1
7414_reviewed	10979_reviewed	1
5888_reviewed	5889_reviewed	1
1499_reviewed	8467_reviewed	1
836_reviewed	7187_reviewed	1
1457_reviewed	6829_reviewed	1
8662_reviewed	8664_reviewed	1
4193_reviewed	83737_reviewed	1
267_reviewed	3156_reviewed	1
4609_reviewed	4430_reviewed	1
5055_reviewed	5925_reviewed	1
975_reviewed	975_reviewed	1
9382_reviewed	84342_reviewed	1
5218_reviewed	896_reviewed	1
7132_reviewed	8517_reviewed	1
29110_reviewed	10010_reviewed	1
7112_reviewed	8841_reviewed	1
115426_reviewed	5925_reviewed	1
57562_reviewed	5764_reviewed	0
10592_reviewed	23310_reviewed	1
25820_reviewed	54793_reviewed	1
55215_reviewed	2177_reviewed	1
11201_reviewed	5429_reviewed	1
994_reviewed	7533_reviewed	1
5241_reviewed	8850_reviewed	1
51399_reviewed	27095_reviewed	1
10413_reviewed	23559_reviewed	1
1650_reviewed	6747_reviewed	1
1407_reviewed	25827_reviewed	0
10987_reviewed	51138_reviewed	1
3265_reviewed	64855_reviewed	1
22938_reviewed	9416_reviewed	1
11338_reviewed	8227_reviewed	0
1161_reviewed	22948_reviewed	1
207_reviewed	331_reviewed	1
5204_reviewed	3065_reviewed	1
163_reviewed	55707_reviewed	1
10551_reviewed	10128_reviewed	1
4734_reviewed	7316_reviewed	1
4849_reviewed	5977_reviewed	0
79726_reviewed	83667_reviewed	1
135644_reviewed	23586_reviewed	1
6449_reviewed	114897_reviewed	1
7188_reviewed	91949_reviewed	1
5692_reviewed	5718_reviewed	1
51056_reviewed	7001_reviewed	1
3198_reviewed	6839_reviewed	1
8450_reviewed	7316_reviewed	1
7329_reviewed	5468_reviewed	1
2571_reviewed	116173_reviewed	1
991_reviewed	4751_reviewed	1
1020_reviewed	8851_reviewed	1
9021_reviewed	3665_reviewed	1
11140_reviewed	2289_reviewed	1
5685_reviewed	5714_reviewed	1
6733_reviewed	1659_reviewed	1
9922_reviewed	1495_reviewed	1
27339_reviewed	27339_reviewed	1
2672_reviewed	10036_reviewed	1
8208_reviewed	23468_reviewed	1
5705_reviewed	58484_reviewed	1
641_reviewed	4609_reviewed	1
8766_reviewed	80223_reviewed	1
253980_reviewed	7126_reviewed	1
5728_reviewed	841_reviewed	1
8945_reviewed	5187_reviewed	1
8175_reviewed	27339_reviewed	1
7251_reviewed	1026_reviewed	1
4602_reviewed	27044_reviewed	1
999_reviewed	7919_reviewed	1
54715_reviewed	6310_reviewed	1
10365_reviewed	8850_reviewed	1
5501_reviewed	6122_reviewed	1
283899_reviewed	125476_reviewed	1
57798_reviewed	7690_reviewed	1
5093_reviewed	22913_reviewed	1
7316_reviewed	10273_reviewed	1
498_reviewed	10476_reviewed	1
10940_reviewed	10775_reviewed	1
5522_reviewed	3301_reviewed	1
9091_reviewed	5283_reviewed	1
10910_reviewed	1915_reviewed	1
1665_reviewed	10482_reviewed	1
5509_reviewed	7957_reviewed	1
5781_reviewed	9846_reviewed	1
5501_reviewed	29896_reviewed	1
7965_reviewed	64750_reviewed	1
51741_reviewed	10067_reviewed	1
51130_reviewed	8065_reviewed	1
580_reviewed	1478_reviewed	1
661_reviewed	55718_reviewed	1
143384_reviewed	367_reviewed	1
5934_reviewed	286826_reviewed	1
6647_reviewed	23760_reviewed	1
5170_reviewed	5585_reviewed	1
83737_reviewed	10454_reviewed	1
8797_reviewed	8795_reviewed	1
8450_reviewed	5935_reviewed	1
3476_reviewed	908_reviewed	1
4609_reviewed	55914_reviewed	1
4193_reviewed	6208_reviewed	1
4893_reviewed	25945_reviewed	1
51253_reviewed	54534_reviewed	1
55829_reviewed	7415_reviewed	1
23636_reviewed	3298_reviewed	1
1017_reviewed	991_reviewed	1
11052_reviewed	11338_reviewed	1
4791_reviewed	5971_reviewed	1
1026_reviewed	10133_reviewed	1
7965_reviewed	5859_reviewed	1
8850_reviewed	29950_reviewed	1
3032_reviewed	7385_reviewed	1
9949_reviewed	54507_reviewed	1
3312_reviewed	10808_reviewed	1
26354_reviewed	7157_reviewed	1
27033_reviewed	367_reviewed	1
166_reviewed	3065_reviewed	0
1022_reviewed	1017_reviewed	1
5631_reviewed	5635_reviewed	1
2521_reviewed	10946_reviewed	1
8533_reviewed	9318_reviewed	1
7014_reviewed	7014_reviewed	1
4716_reviewed	4719_reviewed	1
3308_reviewed	7265_reviewed	1
9131_reviewed	25813_reviewed	1
55835_reviewed	79598_reviewed	1
26018_reviewed	2066_reviewed	1
5682_reviewed	5695_reviewed	1
4092_reviewed	57154_reviewed	1
7182_reviewed	3172_reviewed	1
6134_reviewed	6191_reviewed	1
220213_reviewed	10413_reviewed	1
343637_reviewed	55366_reviewed	1
10987_reviewed	5976_reviewed	1
9015_reviewed	9014_reviewed	1
2962_reviewed	6908_reviewed	1
9170_reviewed	10572_reviewed	1
10477_reviewed	64320_reviewed	1
80333_reviewed	30819_reviewed	1
1956_reviewed	2017_reviewed	1
5830_reviewed	10455_reviewed	1
1857_reviewed	9129_reviewed	1
148022_reviewed	7186_reviewed	1
51231_reviewed	7157_reviewed	1
246175_reviewed	4848_reviewed	1
26191_reviewed	9050_reviewed	1
7157_reviewed	8648_reviewed	1
6135_reviewed	6137_reviewed	1
8835_reviewed	23170_reviewed	1
10603_reviewed	2885_reviewed	1
80818_reviewed	6839_reviewed	1
10612_reviewed	10612_reviewed	1
5683_reviewed	5708_reviewed	1
9851_reviewed	64770_reviewed	1
9970_reviewed	8648_reviewed	1
3065_reviewed	23633_reviewed	1
4352_reviewed	11273_reviewed	1
23677_reviewed	59338_reviewed	1
1655_reviewed	9775_reviewed	1
1956_reviewed	5052_reviewed	1
9402_reviewed	2549_reviewed	1
253714_reviewed	4796_reviewed	1
9156_reviewed	4292_reviewed	1
117246_reviewed	23212_reviewed	1
51377_reviewed	9352_reviewed	1
9306_reviewed	7532_reviewed	1
1080_reviewed	5691_reviewed	1
2060_reviewed	164_reviewed	1
3837_reviewed	9972_reviewed	1
8493_reviewed	3837_reviewed	1
25898_reviewed	84959_reviewed	1
30837_reviewed	6774_reviewed	1
23650_reviewed	8243_reviewed	1
51447_reviewed	3320_reviewed	1
550_reviewed	10956_reviewed	1
1967_reviewed	8891_reviewed	1
6310_reviewed	10273_reviewed	1
641_reviewed	3320_reviewed	1
10758_reviewed	6426_reviewed	1
7706_reviewed	7150_reviewed	1
207_reviewed	6416_reviewed	1
5690_reviewed	5707_reviewed	1
3845_reviewed	65062_reviewed	1
2521_reviewed	9667_reviewed	1
55294_reviewed	10365_reviewed	1
7251_reviewed	7251_reviewed	1
83746_reviewed	6015_reviewed	1
3376_reviewed	7317_reviewed	1
10466_reviewed	84342_reviewed	1
5111_reviewed	5423_reviewed	1
9270_reviewed	10857_reviewed	1
7316_reviewed	10138_reviewed	1
9500_reviewed	64219_reviewed	1
5684_reviewed	3326_reviewed	1
54708_reviewed	55669_reviewed	1
7936_reviewed	25920_reviewed	1
2861_reviewed	9463_reviewed	1
4188_reviewed	84527_reviewed	1
147_reviewed	5997_reviewed	0
50813_reviewed	5743_reviewed	1
84126_reviewed	55120_reviewed	1
374354_reviewed	5610_reviewed	1
3667_reviewed	26259_reviewed	1
4914_reviewed	6464_reviewed	1
3945_reviewed	7529_reviewed	1
988_reviewed	8539_reviewed	1
602_reviewed	10524_reviewed	1
51421_reviewed	10413_reviewed	1
10915_reviewed	4747_reviewed	0
27127_reviewed	9126_reviewed	1
2273_reviewed	2273_reviewed	0
5728_reviewed	27338_reviewed	1
9240_reviewed	55093_reviewed	1
54869_reviewed	916_reviewed	1
9040_reviewed	351_reviewed	1
51341_reviewed	9219_reviewed	1
9040_reviewed	8662_reviewed	1
157310_reviewed	5894_reviewed	1
6917_reviewed	10992_reviewed	1
2885_reviewed	5290_reviewed	1
10987_reviewed	115290_reviewed	1
8797_reviewed	8772_reviewed	1
3178_reviewed	5725_reviewed	1
8481_reviewed	123811_reviewed	1
1808_reviewed	160_reviewed	1
1915_reviewed	10856_reviewed	1
11047_reviewed	9861_reviewed	1
1876_reviewed	6015_reviewed	1
8237_reviewed	1975_reviewed	1
23468_reviewed	4204_reviewed	1
26751_reviewed	152503_reviewed	1
219541_reviewed	112950_reviewed	1
9604_reviewed	6876_reviewed	1
5690_reviewed	5720_reviewed	1
51116_reviewed	64965_reviewed	1
199990_reviewed	51455_reviewed	1
79091_reviewed	22944_reviewed	1
5518_reviewed	261726_reviewed	1
5971_reviewed	8237_reviewed	1
8202_reviewed	1454_reviewed	1
4609_reviewed	26959_reviewed	1
7157_reviewed	578_reviewed	1
23481_reviewed	2091_reviewed	1
8471_reviewed	7531_reviewed	1
57630_reviewed	3758_reviewed	1
3320_reviewed	4920_reviewed	1
84313_reviewed	84313_reviewed	1
8626_reviewed	467_reviewed	1
3028_reviewed	3182_reviewed	1
5682_reviewed	5688_reviewed	1
6199_reviewed	6130_reviewed	1
157570_reviewed	4174_reviewed	1
51135_reviewed	3654_reviewed	1
4609_reviewed	9328_reviewed	1
5579_reviewed	25998_reviewed	1
6605_reviewed	2099_reviewed	1
4869_reviewed	9933_reviewed	1
4193_reviewed	3320_reviewed	1
25827_reviewed	2305_reviewed	1
10134_reviewed	71_reviewed	1
81929_reviewed	348995_reviewed	1
1017_reviewed	225689_reviewed	1
10856_reviewed	79657_reviewed	1
6124_reviewed	4193_reviewed	1
23191_reviewed	9513_reviewed	1
4999_reviewed	5001_reviewed	1
6139_reviewed	6205_reviewed	1
5879_reviewed	857_reviewed	1
11200_reviewed	5515_reviewed	1
5518_reviewed	55171_reviewed	1
26051_reviewed	6205_reviewed	1
10524_reviewed	4654_reviewed	1
1315_reviewed	1315_reviewed	1
7124_reviewed	10318_reviewed	1
25980_reviewed	983_reviewed	1
5499_reviewed	317762_reviewed	1
11274_reviewed	6773_reviewed	1
51574_reviewed	26354_reviewed	1
1616_reviewed	1736_reviewed	1
28964_reviewed	5829_reviewed	1
3163_reviewed	28964_reviewed	1
468_reviewed	467_reviewed	1
9131_reviewed	9131_reviewed	1
8533_reviewed	51185_reviewed	1
55250_reviewed	3716_reviewed	1
4988_reviewed	6478_reviewed	1
5071_reviewed	25793_reviewed	1
4609_reviewed	5985_reviewed	1
1457_reviewed	3800_reviewed	1
4088_reviewed	7874_reviewed	1
1937_reviewed	4747_reviewed	0
11156_reviewed	51343_reviewed	1
157570_reviewed	4175_reviewed	1
9531_reviewed	308_reviewed	1
10551_reviewed	2618_reviewed	1
6895_reviewed	55621_reviewed	1
3276_reviewed	3178_reviewed	1
166_reviewed	604_reviewed	1
1457_reviewed	6125_reviewed	1
6455_reviewed	114907_reviewed	1
6461_reviewed	2260_reviewed	1
10921_reviewed	6625_reviewed	1
6786_reviewed	7225_reviewed	0
4792_reviewed	9093_reviewed	1
54520_reviewed	51699_reviewed	1
196_reviewed	8204_reviewed	1
2017_reviewed	9817_reviewed	1
5500_reviewed	5511_reviewed	1
83737_reviewed	23678_reviewed	1
5079_reviewed	7091_reviewed	1
3608_reviewed	4343_reviewed	1
117584_reviewed	7157_reviewed	1
27040_reviewed	7409_reviewed	1
1997_reviewed	4790_reviewed	1
79913_reviewed	83444_reviewed	1
1052_reviewed	55294_reviewed	1
23764_reviewed	4780_reviewed	1
2885_reviewed	10657_reviewed	1
6143_reviewed	6205_reviewed	1
1191_reviewed	3329_reviewed	1
8732_reviewed	6829_reviewed	1
4609_reviewed	5686_reviewed	1
7046_reviewed	857_reviewed	1
10133_reviewed	4646_reviewed	1
9557_reviewed	51592_reviewed	1
10273_reviewed	4842_reviewed	1
3184_reviewed	6780_reviewed	1
28996_reviewed	4193_reviewed	1
3315_reviewed	87178_reviewed	1
6908_reviewed	6878_reviewed	1
5798_reviewed	5478_reviewed	1
26270_reviewed	5476_reviewed	1
6880_reviewed	2735_reviewed	1
4193_reviewed	5970_reviewed	1
572_reviewed	2810_reviewed	1
5174_reviewed	116085_reviewed	1
5079_reviewed	6908_reviewed	1
6137_reviewed	6201_reviewed	1
3093_reviewed	5987_reviewed	1
79019_reviewed	55166_reviewed	1
9031_reviewed	6007_reviewed	1
8503_reviewed	56957_reviewed	1
8766_reviewed	5878_reviewed	1
30011_reviewed	152503_reviewed	1
6780_reviewed	8575_reviewed	1
2260_reviewed	999_reviewed	1
29978_reviewed	29978_reviewed	1
835_reviewed	55367_reviewed	1
990_reviewed	51343_reviewed	1
2273_reviewed	3091_reviewed	1
5888_reviewed	10_reviewed	1
2672_reviewed	10401_reviewed	1
51073_reviewed	6150_reviewed	1
3693_reviewed	10298_reviewed	1
7132_reviewed	5708_reviewed	1
2081_reviewed	9097_reviewed	1
55740_reviewed	5879_reviewed	1
2078_reviewed	103_reviewed	1
1655_reviewed	10643_reviewed	1
819_reviewed	23495_reviewed	1
6929_reviewed	7391_reviewed	1
1068_reviewed	134359_reviewed	1
7874_reviewed	57332_reviewed	1
356_reviewed	11252_reviewed	1
5252_reviewed	8202_reviewed	1
2885_reviewed	85013_reviewed	1
8740_reviewed	7186_reviewed	1
8452_reviewed	1815_reviewed	1
3659_reviewed	9817_reviewed	1
22927_reviewed	708_reviewed	1
26121_reviewed	23451_reviewed	1
960_reviewed	2260_reviewed	1
3434_reviewed	3437_reviewed	1
5499_reviewed	5925_reviewed	1
23586_reviewed	9958_reviewed	1
5719_reviewed	5700_reviewed	1
8453_reviewed	122769_reviewed	1
9939_reviewed	9887_reviewed	1
10910_reviewed	6502_reviewed	1
29966_reviewed	6950_reviewed	1
506_reviewed	10476_reviewed	1
3265_reviewed	673_reviewed	1
7879_reviewed	7417_reviewed	1
1869_reviewed	6668_reviewed	1
6601_reviewed	6604_reviewed	1
3192_reviewed	6142_reviewed	1
6667_reviewed	6774_reviewed	1
5411_reviewed	3880_reviewed	1
5468_reviewed	857_reviewed	1
4893_reviewed	81839_reviewed	1
23390_reviewed	8773_reviewed	1
9138_reviewed	387_reviewed	1
7163_reviewed	7165_reviewed	1
23369_reviewed	340719_reviewed	1
8761_reviewed	5538_reviewed	1
6720_reviewed	9441_reviewed	1
6657_reviewed	9112_reviewed	1
5610_reviewed	8575_reviewed	1
2534_reviewed	8651_reviewed	1
5578_reviewed	3024_reviewed	1
11200_reviewed	5925_reviewed	1
10617_reviewed	57132_reviewed	1
1080_reviewed	79139_reviewed	1
79980_reviewed	57405_reviewed	1
10253_reviewed	4734_reviewed	1
5800_reviewed	64374_reviewed	1
5725_reviewed	3028_reviewed	1
7431_reviewed	54474_reviewed	1
7453_reviewed	7706_reviewed	1
3315_reviewed	2539_reviewed	1
9958_reviewed	64750_reviewed	1
4841_reviewed	5300_reviewed	1
1201_reviewed	51144_reviewed	1
116224_reviewed	5520_reviewed	1
27246_reviewed	27246_reviewed	1
53339_reviewed	7150_reviewed	1
468_reviewed	6945_reviewed	0
7874_reviewed	81545_reviewed	1
26133_reviewed	7186_reviewed	1
2091_reviewed	9401_reviewed	1
2130_reviewed	10657_reviewed	1
355_reviewed	8772_reviewed	1
10241_reviewed	284058_reviewed	1
6199_reviewed	1660_reviewed	1
7415_reviewed	94240_reviewed	1
54512_reviewed	54512_reviewed	0
3745_reviewed	3756_reviewed	1
328_reviewed	6421_reviewed	1
5538_reviewed	1621_reviewed	1
3092_reviewed	55081_reviewed	1
5866_reviewed	284114_reviewed	1
4101_unreviewed	10155_reviewed	1
58490_reviewed	6117_reviewed	1
26043_reviewed	10210_reviewed	1
999_reviewed	6714_reviewed	1
7316_reviewed	9135_reviewed	1
1788_reviewed	1789_reviewed	1
254887_reviewed	4842_reviewed	1
51574_reviewed	9129_reviewed	1
254394_reviewed	4436_reviewed	1
5778_reviewed	5594_reviewed	1
8517_reviewed	301_reviewed	1
7529_reviewed	26130_reviewed	1
81502_reviewed	972_reviewed	0
27127_reviewed	5885_reviewed	1
5686_reviewed	5718_reviewed	1
65993_reviewed	23107_reviewed	1
4287_reviewed	2547_reviewed	1
3784_reviewed	5499_reviewed	1
945_reviewed	5781_reviewed	1
10783_reviewed	54550_reviewed	1
23291_reviewed	6867_reviewed	1
57506_reviewed	9641_reviewed	1
8452_reviewed	79734_reviewed	1
1846_reviewed	5594_reviewed	1
7415_reviewed	7353_reviewed	1
6626_reviewed	3190_reviewed	1
56672_reviewed	5566_reviewed	1
7329_reviewed	1616_reviewed	1
10399_reviewed	8678_reviewed	1
1499_reviewed	10987_reviewed	1
841_reviewed	7186_reviewed	1
1173_reviewed	4201_reviewed	1
1616_reviewed	11186_reviewed	1
84549_reviewed	55299_reviewed	1
9440_reviewed	9862_reviewed	1
2549_reviewed	4233_reviewed	1
55662_reviewed	79754_reviewed	1
7375_reviewed	3662_reviewed	1
5684_reviewed	5721_reviewed	1
2057_reviewed	6776_reviewed	1
10013_reviewed	1629_reviewed	1
2643_reviewed	2643_reviewed	1
55593_reviewed	11198_reviewed	1
23291_reviewed	55201_reviewed	1
857_reviewed	367_reviewed	1
5595_reviewed	1725_reviewed	1
26051_reviewed	8237_reviewed	1
3396_reviewed	28998_reviewed	1
9887_reviewed	4193_reviewed	1
29945_reviewed	8697_reviewed	1
80230_reviewed	55680_reviewed	1
7157_reviewed	6878_reviewed	1
6667_reviewed	1051_reviewed	1
1665_reviewed	10528_reviewed	1
2624_reviewed	7088_reviewed	0
4609_reviewed	4780_reviewed	1
27429_reviewed	1915_reviewed	1
7879_reviewed	5868_reviewed	1
5702_reviewed	143471_reviewed	1
641_reviewed	641_reviewed	1
4615_reviewed	1154_reviewed	1
699_reviewed	10403_reviewed	1
10551_reviewed	2821_reviewed	1
23551_reviewed	5295_reviewed	1
51574_reviewed	6207_reviewed	1
3689_reviewed	10399_reviewed	1
7186_reviewed	7186_reviewed	1
1647_reviewed	4925_reviewed	1
51073_reviewed	54534_reviewed	1
10370_reviewed	7020_reviewed	1
2162_reviewed	2162_reviewed	1
10987_reviewed	7297_reviewed	1
9933_reviewed	23560_reviewed	1
3315_reviewed	1431_reviewed	1
10651_reviewed	25813_reviewed	1
2547_reviewed	2547_reviewed	1
6184_reviewed	7417_reviewed	1
10856_reviewed	10856_reviewed	1
4609_reviewed	23394_reviewed	1
26146_reviewed	7188_reviewed	0
23252_reviewed	7316_reviewed	1
6786_reviewed	57620_reviewed	1
5160_reviewed	7417_reviewed	1
4595_reviewed	5111_reviewed	1
1977_reviewed	329_reviewed	1
7531_reviewed	3667_reviewed	1
23028_reviewed	3642_reviewed	1
6829_reviewed	54623_reviewed	1
1457_reviewed	8669_reviewed	1
701_reviewed	57162_reviewed	1
1500_reviewed	3728_reviewed	0
10938_reviewed	9342_reviewed	1
7128_reviewed	79931_reviewed	1
7157_reviewed	11315_reviewed	1
5689_reviewed	5688_reviewed	1
3568_reviewed	9094_reviewed	1
2068_reviewed	64210_reviewed	1
5886_reviewed	4350_reviewed	1
7048_reviewed	5295_reviewed	1
10465_reviewed	10465_reviewed	0
10193_reviewed	2065_reviewed	1
84955_reviewed	10568_reviewed	1
117178_reviewed	8481_reviewed	1
23322_reviewed	80318_reviewed	1
4609_reviewed	11143_reviewed	1
5335_reviewed	8660_reviewed	1
23542_reviewed	284_reviewed	1
54931_reviewed	2926_reviewed	1
2966_reviewed	2965_reviewed	1
1643_reviewed	10576_reviewed	1
23770_reviewed	5082_reviewed	1
1642_reviewed	7374_reviewed	1
1111_reviewed	4171_reviewed	1
79720_reviewed	7251_reviewed	1
7097_reviewed	54472_reviewed	1
60401_reviewed	7187_reviewed	1
23512_reviewed	10284_reviewed	1
5495_reviewed	1017_reviewed	1
2260_reviewed	2253_reviewed	1
5682_reviewed	23281_reviewed	1
2670_reviewed	26751_reviewed	1
55593_reviewed	5432_reviewed	1
6175_reviewed	6194_reviewed	1
2885_reviewed	54521_reviewed	1
8314_reviewed	7531_reviewed	1
51320_reviewed	163_reviewed	1
9045_reviewed	6124_reviewed	1
7289_reviewed	79809_reviewed	1
5830_reviewed	51_reviewed	1
55571_reviewed	246175_reviewed	1
5886_reviewed	29979_reviewed	1
11140_reviewed	80222_reviewed	1
2108_reviewed	498_reviewed	1
4893_reviewed	1829_reviewed	1
50855_reviewed	5879_reviewed	1
5830_reviewed	10005_reviewed	1
5791_reviewed	1434_reviewed	1
9638_reviewed	79685_reviewed	1
4436_reviewed	4292_reviewed	1
51295_reviewed	54850_reviewed	1
6130_reviewed	6133_reviewed	1
8518_reviewed	1147_reviewed	1
4673_reviewed	7852_reviewed	0
5888_reviewed	56852_reviewed	1
84061_reviewed	1650_reviewed	1
23062_reviewed	1956_reviewed	1
10787_reviewed	8936_reviewed	1
7529_reviewed	4194_reviewed	1
65005_reviewed	29074_reviewed	1
56904_reviewed	30011_reviewed	1
10320_reviewed	865_reviewed	1
22808_reviewed	9771_reviewed	1
5300_reviewed	199990_reviewed	1
3579_reviewed	6767_reviewed	1
83932_reviewed	7415_reviewed	1
54165_reviewed	9040_reviewed	1
4609_reviewed	7248_reviewed	1
4000_reviewed	27238_reviewed	1
6194_reviewed	6194_reviewed	1
80331_reviewed	3308_reviewed	1
5371_reviewed	5371_reviewed	1
4867_reviewed	261734_reviewed	1
9026_reviewed	8301_reviewed	1
3178_reviewed	2237_reviewed	1
4719_reviewed	9218_reviewed	1
80700_reviewed	79058_reviewed	1
5567_reviewed	9217_reviewed	1
663_reviewed	392_reviewed	1
7179_reviewed	490_reviewed	1
4796_reviewed	2547_reviewed	1
121340_reviewed	867_reviewed	1
117584_reviewed	117584_reviewed	1
79968_reviewed	142_reviewed	1
4188_reviewed	5300_reviewed	1
253980_reviewed	83892_reviewed	1
64419_reviewed	81929_reviewed	1
65005_reviewed	51642_reviewed	1
276_reviewed	10270_reviewed	1
27183_reviewed	57132_reviewed	1
10190_reviewed	10693_reviewed	1
3337_reviewed	7157_reviewed	1
55660_reviewed	55660_reviewed	0
8661_reviewed	27335_reviewed	1
5684_reviewed	9097_reviewed	1
467_reviewed	7803_reviewed	0
84867_reviewed	23197_reviewed	1
54386_reviewed	2547_reviewed	1
63978_reviewed	2146_reviewed	1
29945_reviewed	8881_reviewed	1
9933_reviewed	9136_reviewed	1
3265_reviewed	91942_reviewed	1
4609_reviewed	3183_reviewed	1
5499_reviewed	999_reviewed	1
3981_reviewed	5605_reviewed	1
5708_reviewed	56893_reviewed	1
6418_reviewed	7157_reviewed	1
6908_reviewed	6880_reviewed	1
9274_reviewed	5977_reviewed	1
9179_reviewed	10717_reviewed	1
5515_reviewed	10575_reviewed	1
9825_reviewed	1540_reviewed	1
8450_reviewed	51138_reviewed	1
6601_reviewed	65980_reviewed	1
1022_reviewed	4331_reviewed	1
8848_reviewed	9869_reviewed	1
9113_reviewed	56288_reviewed	1
9230_reviewed	22841_reviewed	1
55660_reviewed	57562_reviewed	0
51382_reviewed	9114_reviewed	1
64421_reviewed	1643_reviewed	1
3981_reviewed	10592_reviewed	1
1956_reviewed	983_reviewed	1
26524_reviewed	10413_reviewed	1
4221_reviewed	1112_reviewed	1
1956_reviewed	331_reviewed	1
1642_reviewed	64708_reviewed	1
23291_reviewed	27229_reviewed	1
6137_reviewed	6189_reviewed	1
10238_reviewed	57666_reviewed	1
23291_reviewed	9693_reviewed	1
11222_reviewed	124995_reviewed	1
3824_reviewed	3821_reviewed	1
55781_reviewed	55720_reviewed	1
80314_reviewed	2146_reviewed	1
5451_reviewed	2908_reviewed	1
10551_reviewed	375_reviewed	1
6236_reviewed	7169_reviewed	1
4137_reviewed	4137_reviewed	1
26260_reviewed	6500_reviewed	1
169792_reviewed	83737_reviewed	1
8975_reviewed	7316_reviewed	1
5507_reviewed	7957_reviewed	1
5518_reviewed	55596_reviewed	1
898_reviewed	7161_reviewed	1
9971_reviewed	6256_reviewed	1
6187_reviewed	6201_reviewed	1
1053_reviewed	1649_reviewed	1
7421_reviewed	5501_reviewed	1
143471_reviewed	5690_reviewed	1
6442_reviewed	633_reviewed	1
112869_reviewed	117143_reviewed	1
134510_reviewed	9861_reviewed	1
1327_reviewed	7417_reviewed	1
595_reviewed	8841_reviewed	1
4609_reviewed	23193_reviewed	1
3396_reviewed	7818_reviewed	1
51741_reviewed	11196_reviewed	1
8431_reviewed	2099_reviewed	1
23190_reviewed	821_reviewed	1
6152_reviewed	6125_reviewed	1
595_reviewed	1020_reviewed	1
54918_reviewed	29126_reviewed	1
1500_reviewed	8727_reviewed	0
55662_reviewed	54101_unreviewed	1
1996_reviewed	10482_reviewed	1
4110_reviewed	5241_reviewed	1
26190_reviewed	1499_reviewed	1
10316_reviewed	10874_reviewed	1
291_reviewed	23197_reviewed	1
2175_reviewed	1487_reviewed	1
5774_reviewed	7531_reviewed	1
7086_reviewed	7167_reviewed	1
53615_reviewed	3725_reviewed	1
23435_reviewed	11331_reviewed	1
207_reviewed	84335_reviewed	1
8841_reviewed	9569_reviewed	1
9021_reviewed	5970_reviewed	1
26036_reviewed	367_reviewed	1
4654_reviewed	4208_reviewed	1
1508_reviewed	4318_reviewed	1
8450_reviewed	3006_reviewed	1
1956_reviewed	4137_reviewed	1
9531_reviewed	27238_reviewed	1
6135_reviewed	3921_reviewed	1
905_reviewed	5585_reviewed	1
51008_reviewed	84164_reviewed	1
940_reviewed	9402_reviewed	1
1025_reviewed	488_reviewed	1
8481_reviewed	7266_reviewed	1
28996_reviewed	59343_reviewed	1
10910_reviewed	27101_reviewed	1
1196_reviewed	55596_reviewed	1
8464_reviewed	117143_reviewed	1
580_reviewed	3183_reviewed	1
1894_reviewed	27252_reviewed	1
84708_reviewed	55872_reviewed	1
2260_reviewed	5159_reviewed	1
835_reviewed	8625_reviewed	1
10551_reviewed	5230_reviewed	1
8928_reviewed	4087_reviewed	1
11140_reviewed	1022_reviewed	1
1956_reviewed	3309_reviewed	1
5901_reviewed	55705_reviewed	1
9694_reviewed	5245_reviewed	1
51010_reviewed	10767_reviewed	1
2289_reviewed	9212_reviewed	1
30827_reviewed	9070_reviewed	1
468_reviewed	4193_reviewed	1
1956_reviewed	55620_reviewed	1
10467_reviewed	64431_reviewed	1
83737_reviewed	219333_reviewed	1
3420_reviewed	3421_reviewed	1
7157_reviewed	2068_reviewed	1
10095_reviewed	10094_reviewed	1
8975_reviewed	4967_reviewed	1
4009_reviewed	8022_reviewed	1
5347_reviewed	5686_reviewed	1
163_reviewed	8907_reviewed	1
5631_reviewed	51324_reviewed	1
898_reviewed	51191_reviewed	1
3178_reviewed	3182_reviewed	1
51185_reviewed	22806_reviewed	1
5888_reviewed	79648_reviewed	1
5518_reviewed	8541_reviewed	1
114928_reviewed	55791_reviewed	1
3611_reviewed	9524_reviewed	1
8189_reviewed	29101_reviewed	1
54165_reviewed	7316_reviewed	1
1327_reviewed	10134_reviewed	1
9063_reviewed	9063_reviewed	1
6631_reviewed	84292_reviewed	1
5411_reviewed	3856_reviewed	1
29959_reviewed	81628_reviewed	1
51741_reviewed	5431_reviewed	1
55014_reviewed	65082_reviewed	1
6498_reviewed	4087_reviewed	1
6134_reviewed	6129_reviewed	1
7050_reviewed	3725_reviewed	1
2547_reviewed	1191_reviewed	1
6477_reviewed	1912_reviewed	1
2885_reviewed	51517_reviewed	1
7189_reviewed	51135_reviewed	1
1791_reviewed	116092_reviewed	1
6195_reviewed	10140_reviewed	1
10926_reviewed	4173_reviewed	1
3265_reviewed	4012_reviewed	1
6314_reviewed	1406_reviewed	1
1737_reviewed	5163_reviewed	1
26524_reviewed	1499_reviewed	1
602_reviewed	1487_reviewed	1
3846_reviewed	9672_reviewed	1
51213_reviewed	8563_reviewed	1
3551_reviewed	1147_reviewed	1
51253_reviewed	64976_reviewed	1
6602_reviewed	29117_reviewed	1
65018_reviewed	9040_reviewed	1
55655_reviewed	10910_reviewed	1
7283_reviewed	10574_reviewed	1
2960_reviewed	6908_reviewed	1
2913_reviewed	9463_reviewed	1
51455_reviewed	51426_reviewed	1
6478_reviewed	5710_reviewed	1
83732_reviewed	79084_reviewed	1
140545_reviewed	54850_reviewed	1
1956_reviewed	160_reviewed	1
6714_reviewed	23396_reviewed	1
27248_reviewed	51439_reviewed	1
415117_reviewed	23028_reviewed	1
7879_reviewed	55737_reviewed	1
55660_reviewed	10992_reviewed	1
56257_reviewed	7726_reviewed	1
1649_reviewed	57761_reviewed	1
2887_reviewed	5894_reviewed	1
5774_reviewed	3608_reviewed	1
23468_reviewed	23126_reviewed	1
6122_reviewed	6194_reviewed	1
3028_reviewed	1738_reviewed	1
925_reviewed	222484_reviewed	1
2099_reviewed	23426_reviewed	1
80010_reviewed	7156_reviewed	1
9001_reviewed	9001_reviewed	1
7706_reviewed	1917_reviewed	1
2495_reviewed	5093_reviewed	1
983_reviewed	7157_reviewed	1
54764_reviewed	6801_reviewed	1
3690_reviewed	3791_reviewed	1
54969_reviewed	3009_reviewed	1
1173_reviewed	23243_reviewed	1
217_reviewed	3329_reviewed	1
3716_reviewed	3667_reviewed	1
29966_reviewed	10574_reviewed	1
11200_reviewed	5371_reviewed	1
9306_reviewed	3895_reviewed	1
23197_reviewed	23197_reviewed	1
10728_reviewed	10728_reviewed	1
5684_reviewed	143471_reviewed	1
10193_reviewed	140710_reviewed	1
377630_reviewed	4170_reviewed	1
27043_reviewed	54881_reviewed	1
63891_reviewed	7112_reviewed	1
22919_reviewed	55638_reviewed	1
5925_reviewed	10741_reviewed	1
83737_reviewed	83593_reviewed	1
2547_reviewed	4999_reviewed	1
1791_reviewed	27339_reviewed	1
10240_reviewed	6774_reviewed	1
203068_reviewed	7514_reviewed	1
8517_reviewed	112399_reviewed	1
27339_reviewed	51362_reviewed	1
10197_reviewed	10197_reviewed	1
51561_reviewed	3593_reviewed	1
53347_reviewed	6059_reviewed	1
207_reviewed	673_reviewed	1
152831_reviewed	2260_reviewed	1
84062_reviewed	23265_reviewed	1
64219_reviewed	2146_reviewed	1
4914_reviewed	3308_reviewed	1
84951_reviewed	867_reviewed	1
8452_reviewed	8216_reviewed	1
26019_reviewed	167227_reviewed	1
3684_reviewed	10134_reviewed	1
3301_reviewed	3312_reviewed	1
51574_reviewed	10642_reviewed	1
5170_reviewed	5590_reviewed	1
10746_reviewed	10273_reviewed	1
9657_reviewed	60412_reviewed	1
4609_reviewed	11218_reviewed	1
10921_reviewed	65110_reviewed	1
22938_reviewed	3516_reviewed	1
7353_reviewed	55666_reviewed	1
7529_reviewed	6195_reviewed	1
6337_reviewed	29924_reviewed	1
84950_reviewed	6732_reviewed	1
4141_reviewed	5859_reviewed	1
7124_reviewed	8717_reviewed	1
5994_reviewed	5993_reviewed	1
5519_reviewed	983_reviewed	1
11043_reviewed	64745_reviewed	1
2099_reviewed	10728_reviewed	1
2932_reviewed	58497_reviewed	1
51574_reviewed	10940_reviewed	1
54763_reviewed	54763_reviewed	1
10073_reviewed	84206_reviewed	1
6015_reviewed	8535_reviewed	1
6256_reviewed	10902_reviewed	1
7329_reviewed	1959_reviewed	1
6144_reviewed	6132_reviewed	1
9530_reviewed	22918_reviewed	1
23371_reviewed	7529_reviewed	1
3065_reviewed	5451_reviewed	1
9584_reviewed	3192_reviewed	1
3725_reviewed	4772_reviewed	1
10273_reviewed	3308_reviewed	1
23400_reviewed	22848_reviewed	1
847_reviewed	1962_reviewed	1
5684_reviewed	5708_reviewed	1
4000_reviewed	26049_reviewed	1
79637_reviewed	84060_reviewed	1
2770_reviewed	6002_reviewed	1
80279_reviewed	3308_reviewed	1
6772_reviewed	5580_reviewed	1
83746_reviewed	11335_reviewed	1
7307_reviewed	6839_reviewed	1
6720_reviewed	3172_reviewed	1
55198_reviewed	57403_reviewed	1
4012_reviewed	80351_reviewed	1
4893_reviewed	23673_reviewed	1
54994_reviewed	8312_reviewed	1
6304_reviewed	3065_reviewed	1
7827_reviewed	4868_reviewed	1
6908_reviewed	6877_reviewed	1
5684_reviewed	25793_reviewed	1
6625_reviewed	79811_reviewed	1
7157_reviewed	2309_reviewed	1
1822_reviewed	11091_reviewed	1
8450_reviewed	1642_reviewed	1
6128_reviewed	6129_reviewed	1
23770_reviewed	23640_reviewed	1
83737_reviewed	8650_reviewed	1
25942_reviewed	2099_reviewed	1
7874_reviewed	55743_reviewed	1
1022_reviewed	2068_reviewed	1
51720_reviewed	9577_reviewed	1
3320_reviewed	4921_reviewed	1
5578_reviewed	4968_reviewed	1
6310_reviewed	9798_reviewed	1
408_reviewed	9221_reviewed	1
334_reviewed	972_reviewed	0
7454_reviewed	8440_reviewed	1
22981_reviewed	54862_reviewed	1
5340_reviewed	5345_reviewed	1
6199_reviewed	6202_reviewed	1
8454_reviewed	1017_reviewed	1
7046_reviewed	4089_reviewed	1
3006_reviewed	4904_reviewed	1
6386_reviewed	8408_reviewed	1
10036_reviewed	3148_reviewed	1
51343_reviewed	57154_reviewed	1
4792_reviewed	4791_reviewed	1
9610_reviewed	84445_reviewed	1
81857_reviewed	10001_reviewed	1
56257_reviewed	5813_reviewed	1
3028_reviewed	8607_reviewed	1
29966_reviewed	10576_reviewed	1
506_reviewed	23788_reviewed	1
10910_reviewed	10193_reviewed	1
4734_reviewed	1956_reviewed	1
8945_reviewed	25820_reviewed	1
387332_reviewed	3838_reviewed	1
8517_reviewed	8772_reviewed	1
196_reviewed	3320_reviewed	1
26260_reviewed	55832_reviewed	1
1956_reviewed	4691_reviewed	1
26051_reviewed	55165_reviewed	1
83593_reviewed	6788_reviewed	1
5296_reviewed	5291_reviewed	1
960_reviewed	6714_reviewed	1
3667_reviewed	3066_reviewed	1
10413_reviewed	2296_reviewed	1
92104_reviewed	57560_reviewed	1
7531_reviewed	6885_reviewed	1
4790_reviewed	10014_reviewed	1
9344_reviewed	5606_reviewed	1
1856_reviewed	7157_reviewed	1
81873_reviewed	10109_reviewed	1
22894_reviewed	5393_reviewed	1
8850_reviewed	7428_reviewed	1
80854_reviewed	6657_reviewed	1
10856_reviewed	25911_reviewed	1
26051_reviewed	5500_reviewed	1
55829_reviewed	79139_reviewed	1
7316_reviewed	9802_reviewed	1
10992_reviewed	9129_reviewed	1
9093_reviewed	10498_reviewed	1
79576_reviewed	701_reviewed	1
8312_reviewed	8312_reviewed	1
1385_reviewed	1499_reviewed	1
5071_reviewed	3028_reviewed	1
7704_reviewed	10014_reviewed	1
3675_reviewed	928_reviewed	1
22894_reviewed	11340_reviewed	1
5970_reviewed	8651_reviewed	1
2903_reviewed	1739_reviewed	1
84132_reviewed	7157_reviewed	1
9759_reviewed	4205_reviewed	1
367_reviewed	4193_reviewed	1
2212_reviewed	6850_reviewed	1
26121_reviewed	56949_reviewed	1
9709_reviewed	29978_reviewed	1
51574_reviewed	51602_reviewed	1
6136_reviewed	6194_reviewed	1
23746_reviewed	51667_reviewed	1
27005_reviewed	4139_reviewed	1
114971_reviewed	64328_reviewed	1
5245_reviewed	7514_reviewed	1
1956_reviewed	5566_reviewed	1
867_reviewed	7529_reviewed	1
8936_reviewed	9322_reviewed	1
4988_reviewed	550_reviewed	1
4609_reviewed	6015_reviewed	1
474_reviewed	1453_reviewed	1
4609_reviewed	23451_reviewed	1
23065_reviewed	55831_reviewed	1
22981_reviewed	90850_reviewed	1
1432_reviewed	8986_reviewed	1
641_reviewed	2237_reviewed	1
22981_reviewed	7272_reviewed	1
6790_reviewed	9099_reviewed	1
50717_reviewed	7514_reviewed	1
7257_reviewed	2802_reviewed	1
3276_reviewed	26097_reviewed	1
11124_reviewed	7126_reviewed	1
2534_reviewed	4137_reviewed	1
7067_reviewed	9318_reviewed	1
10528_reviewed	6147_reviewed	1
9306_reviewed	1173_reviewed	1
7337_reviewed	79960_reviewed	1
7706_reviewed	117584_reviewed	1
5979_reviewed	2674_reviewed	1
11284_reviewed	4287_reviewed	1
10009_reviewed	6934_reviewed	1
79003_reviewed	147841_reviewed	1
6446_reviewed	5894_reviewed	1
5531_reviewed	57223_reviewed	1
79576_reviewed	8737_reviewed	0
80306_reviewed	5431_reviewed	1
51138_reviewed	115290_reviewed	1
3845_reviewed	375_reviewed	1
7706_reviewed	7706_reviewed	1
51295_reviewed	55863_reviewed	1
7706_reviewed	3799_reviewed	1
5824_reviewed	5194_reviewed	1
6925_reviewed	3397_reviewed	1
1152_reviewed	2801_reviewed	1
2648_reviewed	7520_reviewed	1
830_reviewed	10109_reviewed	1
2274_reviewed	6722_reviewed	1
29882_reviewed	8697_reviewed	1
6625_reviewed	9567_reviewed	1
7507_reviewed	29935_reviewed	1
7179_reviewed	10528_reviewed	1
7706_reviewed	267_reviewed	1
9693_reviewed	5906_reviewed	1
123879_reviewed	8452_reviewed	1
5236_reviewed	7167_reviewed	1
2146_reviewed	11052_reviewed	1
9531_reviewed	637_reviewed	1
2690_reviewed	5774_reviewed	1
26121_reviewed	202559_reviewed	1
2060_reviewed	9146_reviewed	1
9261_reviewed	1912_reviewed	1
5295_reviewed	2549_reviewed	1
5245_reviewed	4720_reviewed	1
1488_reviewed	4193_reviewed	1
54797_reviewed	6837_reviewed	1
9802_reviewed	84528_reviewed	1
1454_reviewed	10612_reviewed	1
3945_reviewed	2271_reviewed	1
1956_reviewed	1445_reviewed	1
1965_reviewed	1968_reviewed	1
79807_reviewed	55170_reviewed	1
79728_reviewed	79728_reviewed	1
10383_reviewed	7514_reviewed	1
64400_reviewed	84376_reviewed	1
4792_reviewed	55662_reviewed	1
5684_reviewed	10963_reviewed	1
4089_reviewed	51341_reviewed	1
63967_reviewed	5347_reviewed	1
9701_reviewed	91526_reviewed	1
54850_reviewed	224_reviewed	1
79003_reviewed	1060_reviewed	1
22863_reviewed	5289_reviewed	1
4609_reviewed	7203_reviewed	1
91544_reviewed	154313_reviewed	1
1911_reviewed	3066_reviewed	0
6890_reviewed	3105_reviewed	1
867_reviewed	7534_reviewed	1
23168_reviewed	6749_reviewed	1
7157_reviewed	9070_reviewed	1
5536_reviewed	10726_reviewed	1
7186_reviewed	7334_reviewed	1
4221_reviewed	3727_reviewed	1
3397_reviewed	2626_reviewed	1
90627_reviewed	7846_reviewed	1
6757_reviewed	7088_reviewed	1
4193_reviewed	5702_reviewed	1
3265_reviewed	5599_reviewed	0
5687_reviewed	10213_reviewed	1
8521_reviewed	29843_reviewed	1
4653_reviewed	4653_reviewed	1
7706_reviewed	27338_reviewed	1
2494_reviewed	8648_reviewed	1
7083_reviewed	2661_reviewed	1
8835_reviewed	10527_reviewed	1
23495_reviewed	7189_reviewed	1
2177_reviewed	56852_reviewed	1
1796_reviewed	6714_reviewed	1
356_reviewed	257364_reviewed	1
1027_reviewed	7531_reviewed	1
7391_reviewed	8061_reviewed	1
9958_reviewed	9128_reviewed	1
7157_reviewed	7316_reviewed	1
1017_reviewed	112398_reviewed	1
5784_reviewed	7531_reviewed	1
2187_reviewed	2189_reviewed	1
10891_reviewed	9282_reviewed	1
56984_reviewed	5686_reviewed	1
9046_reviewed	7010_reviewed	1
5054_reviewed	5004_reviewed	1
4117_reviewed	4117_reviewed	1
867_reviewed	5781_reviewed	1
84870_reviewed	84133_reviewed	1
6303_reviewed	6303_reviewed	1
5824_reviewed	10478_reviewed	1
150737_reviewed	64792_reviewed	1
4609_reviewed	4609_reviewed	1
1147_reviewed	5584_reviewed	1
23390_reviewed	55204_reviewed	1
991_reviewed	22948_reviewed	1
5987_reviewed	85302_reviewed	1
9939_reviewed	65109_reviewed	1
5163_reviewed	5160_reviewed	1
81857_reviewed	81857_reviewed	1
29979_reviewed	7415_reviewed	1
3178_reviewed	170506_reviewed	1
80279_reviewed	7283_reviewed	1
399694_reviewed	2885_reviewed	1
55832_reviewed	8065_reviewed	1
4800_reviewed	6908_reviewed	0
367_reviewed	10273_reviewed	1
54797_reviewed	10001_reviewed	1
580_reviewed	11143_reviewed	1
10363_reviewed	5074_reviewed	1
5053_reviewed	5053_reviewed	1
84612_reviewed	5584_reviewed	1
3638_reviewed	22937_reviewed	1
1017_reviewed	4999_reviewed	1
10273_reviewed	3297_reviewed	1
1912_reviewed	84733_reviewed	1
6187_reviewed	51574_reviewed	1
9646_reviewed	23168_reviewed	1
22827_reviewed	55422_reviewed	0
6627_reviewed	10291_reviewed	1
6207_reviewed	6189_reviewed	1
4217_reviewed	5894_reviewed	1
3320_reviewed	5610_reviewed	1
22906_reviewed	9146_reviewed	1
3725_reviewed	7251_reviewed	1
5536_reviewed	26973_reviewed	1
4313_reviewed	7077_reviewed	1
4171_reviewed	4171_reviewed	1
8202_reviewed	1869_reviewed	1
821_reviewed	4513_reviewed	1
55740_reviewed	7791_reviewed	1
10657_reviewed	4067_reviewed	1
261734_reviewed	57096_reviewed	1
7189_reviewed	9253_reviewed	1
29843_reviewed	10856_reviewed	1
29789_reviewed	580_reviewed	1
10413_reviewed	1665_reviewed	1
1033_reviewed	1017_reviewed	1
9045_reviewed	6194_reviewed	1
2597_reviewed	5315_reviewed	1
5159_reviewed	5159_reviewed	1
1025_reviewed	10575_reviewed	1
115752_reviewed	10767_reviewed	1
57551_reviewed	701_reviewed	0
653361_reviewed	5970_reviewed	1
4609_reviewed	54815_reviewed	1
2273_reviewed	8676_reviewed	0
5515_reviewed	6801_reviewed	1
10617_reviewed	7316_reviewed	1
688_reviewed	3065_reviewed	1
63928_reviewed	6548_reviewed	1
23429_reviewed	1460_reviewed	1
70_reviewed	6625_reviewed	1
1649_reviewed	2353_reviewed	1
6657_reviewed	10294_reviewed	1
10363_reviewed	23199_reviewed	1
5884_reviewed	5982_reviewed	1
498_reviewed	6199_reviewed	1
57649_reviewed	8819_reviewed	0
367_reviewed	4088_reviewed	1
7337_reviewed	5719_reviewed	1
4287_reviewed	7277_reviewed	1
23236_reviewed	2776_reviewed	1
7283_reviewed	22948_reviewed	1
23636_reviewed	51019_reviewed	1
4188_reviewed	25796_reviewed	1
55363_reviewed	3312_reviewed	1
5682_reviewed	5711_reviewed	1
6780_reviewed	1915_reviewed	1
1660_reviewed	10657_reviewed	1
7337_reviewed	5713_reviewed	1
4792_reviewed	55422_reviewed	0
3065_reviewed	10576_reviewed	1
8450_reviewed	1161_reviewed	1
7874_reviewed	56852_reviewed	1
2908_reviewed	7026_reviewed	1
5800_reviewed	60681_reviewed	1
25980_reviewed	5245_reviewed	1
7189_reviewed	5531_reviewed	1
154_reviewed	634_reviewed	1
9093_reviewed	23028_reviewed	1
6122_reviewed	6191_reviewed	1
11160_reviewed	3309_reviewed	1
580_reviewed	51720_reviewed	1
26060_reviewed	3065_reviewed	1
10284_reviewed	6749_reviewed	1
3745_reviewed	170850_reviewed	1
8945_reviewed	4780_reviewed	1
9040_reviewed	200845_reviewed	1
5300_reviewed	64506_reviewed	1
54602_reviewed	4734_reviewed	1
6721_reviewed	7329_reviewed	1
5422_reviewed	890_reviewed	1
3604_reviewed	122769_reviewed	1
93973_reviewed	83444_reviewed	1
5976_reviewed	55737_reviewed	1
7257_reviewed	140710_reviewed	1
5521_reviewed	829_reviewed	1
10273_reviewed	4486_reviewed	1
3190_reviewed	7329_reviewed	1
996_reviewed	3298_reviewed	1
5931_reviewed	3607_reviewed	1
1026_reviewed	10971_reviewed	1
10614_reviewed	1460_reviewed	1
83593_reviewed	11186_reviewed	1
3068_reviewed	142_reviewed	1
9672_reviewed	386682_reviewed	1
7296_reviewed	7706_reviewed	1
5977_reviewed	6602_reviewed	1
7422_reviewed	1410_reviewed	1
2260_reviewed	2247_reviewed	1
3276_reviewed	64839_reviewed	1
23397_reviewed	10592_reviewed	1
4609_reviewed	25980_reviewed	1
92421_reviewed	10015_reviewed	1
7337_reviewed	5691_reviewed	1
8678_reviewed	7186_reviewed	1
8518_reviewed	55250_reviewed	1
8737_reviewed	8738_reviewed	1
9156_reviewed	26054_reviewed	1
3667_reviewed	2885_reviewed	1
60_reviewed	23603_reviewed	1
5321_reviewed	5594_reviewed	1
8881_reviewed	51592_reviewed	1
51295_reviewed	4538_reviewed	1
8668_reviewed	92_reviewed	0
11155_reviewed	26287_reviewed	1
121340_reviewed	868_reviewed	1
4543_reviewed	9217_reviewed	1
6416_reviewed	4077_reviewed	1
9531_reviewed	3315_reviewed	1
1407_reviewed	26263_reviewed	0
3927_reviewed	6615_reviewed	1
10397_reviewed	821_reviewed	1
23118_reviewed	7316_reviewed	1
2091_reviewed	54888_reviewed	1
2066_reviewed	5781_reviewed	1
4287_reviewed	8451_reviewed	1
7874_reviewed	10389_reviewed	1
7014_reviewed	4999_reviewed	1
2011_reviewed	2517_reviewed	1
6605_reviewed	6601_reviewed	1
5581_reviewed	3848_reviewed	1
7316_reviewed	59349_reviewed	1
23770_reviewed	5682_reviewed	1
1601_reviewed	115548_reviewed	1
3688_reviewed	821_reviewed	1
8661_reviewed	3646_reviewed	1
4115_reviewed	6093_reviewed	1
5518_reviewed	55038_reviewed	1
4609_reviewed	55388_reviewed	1
3490_reviewed	51652_reviewed	1
10551_reviewed	6159_reviewed	1
351_reviewed	4137_reviewed	1
10015_reviewed	55165_reviewed	1
23528_reviewed	6657_reviewed	1
7329_reviewed	23512_reviewed	1
2904_reviewed	2534_reviewed	1
4615_reviewed	2314_reviewed	1
28996_reviewed	5371_reviewed	1
9531_reviewed	9636_reviewed	1
30011_reviewed	10015_reviewed	1
5532_reviewed	1827_reviewed	1
8601_reviewed	10539_reviewed	1
3091_reviewed	54583_reviewed	1
5687_reviewed	5717_reviewed	1
3320_reviewed	6125_reviewed	1
8607_reviewed	8467_reviewed	1
5585_reviewed	4747_reviewed	1
5536_reviewed	3326_reviewed	1
6188_reviewed	1649_reviewed	1
988_reviewed	6625_reviewed	1
65005_reviewed	63875_reviewed	1
5081_reviewed	4734_reviewed	1
5356_reviewed	10291_reviewed	1
3838_reviewed	9733_reviewed	1
7157_reviewed	84790_reviewed	1
29855_reviewed	25842_reviewed	1
5531_reviewed	55671_reviewed	1
2740_reviewed	30968_reviewed	1
8737_reviewed	8797_reviewed	0
5829_reviewed	5747_reviewed	1
3661_reviewed	7189_reviewed	0
51421_reviewed	81847_reviewed	1
5863_reviewed	5908_reviewed	1
4086_reviewed	8312_reviewed	0
1032_reviewed	51171_reviewed	1
92345_reviewed	55651_reviewed	1
3320_reviewed	10598_reviewed	1
51574_reviewed	3006_reviewed	1
2175_reviewed	91442_reviewed	1
5431_reviewed	7277_reviewed	1
5743_reviewed	10987_reviewed	1
5290_reviewed	207_reviewed	1
92344_reviewed	57410_reviewed	1
5058_reviewed	7048_reviewed	1
596_reviewed	6647_reviewed	1
3192_reviewed	6143_reviewed	1
2782_reviewed	408_reviewed	1
8073_reviewed	5705_reviewed	1
57721_reviewed	79872_reviewed	1
10399_reviewed	6189_reviewed	1
3356_reviewed	382_reviewed	1
1025_reviewed	6829_reviewed	1
7179_reviewed	2010_reviewed	1
54797_reviewed	9440_reviewed	1
1452_reviewed	6396_reviewed	1
2242_reviewed	3320_reviewed	1
2908_reviewed	1385_reviewed	1
140462_reviewed	6924_reviewed	1
2101_reviewed	8850_reviewed	1
5914_reviewed	5914_reviewed	1
4976_reviewed	57506_reviewed	0
84875_reviewed	6790_reviewed	1
9690_reviewed	9690_reviewed	1
5594_reviewed	3297_reviewed	1
6498_reviewed	51160_reviewed	1
6048_reviewed	51465_reviewed	1
5335_reviewed	27040_reviewed	1
84968_reviewed	9240_reviewed	1
64419_reviewed	65263_reviewed	1
8648_reviewed	6774_reviewed	1
27338_reviewed	51343_reviewed	1
4734_reviewed	2890_reviewed	1
55664_reviewed	11140_reviewed	1
55588_reviewed	892_reviewed	1
7025_reviewed	2099_reviewed	1
2534_reviewed	8631_reviewed	1
64170_reviewed	55223_reviewed	1
4736_reviewed	6142_reviewed	1
9815_reviewed	7247_reviewed	1
7185_reviewed	54726_reviewed	1
51574_reviewed	117246_reviewed	1
23512_reviewed	55037_reviewed	1
5819_reviewed	5819_reviewed	1
7378_reviewed	7431_reviewed	1
22919_reviewed	10848_reviewed	1
55294_reviewed	10001_reviewed	1
4487_reviewed	7088_reviewed	0
1022_reviewed	7157_reviewed	1
6855_reviewed	164_reviewed	1
2783_reviewed	79797_reviewed	0
4193_reviewed	10155_reviewed	1
7704_reviewed	7329_reviewed	1
8878_reviewed	64127_reviewed	1
10617_reviewed	128866_reviewed	1
5468_reviewed	10891_reviewed	1
8451_reviewed	11146_reviewed	1
3191_reviewed	220988_reviewed	1
4436_reviewed	4437_reviewed	1
4609_reviewed	7086_reviewed	1
8266_reviewed	439_reviewed	1
55159_reviewed	6118_reviewed	1
6789_reviewed	55072_reviewed	1
83743_reviewed	5984_reviewed	1
3643_reviewed	8651_reviewed	1
5688_reviewed	5684_reviewed	1
54585_reviewed	582_reviewed	1
29978_reviewed	220988_reviewed	1
138009_reviewed	23277_reviewed	1
4000_reviewed	3836_reviewed	1
9690_reviewed	7316_reviewed	1
991_reviewed	10393_reviewed	1
5777_reviewed	971_reviewed	1
57154_reviewed	7415_reviewed	1
6615_reviewed	1958_reviewed	1
207_reviewed	1027_reviewed	1
7157_reviewed	10891_reviewed	1
10551_reviewed	1646_reviewed	1
351_reviewed	84447_reviewed	1
7317_reviewed	7320_reviewed	1
14_reviewed	64782_reviewed	1
79726_reviewed	54468_reviewed	1
10153_reviewed	7161_reviewed	1
1487_reviewed	254251_reviewed	1
890_reviewed	1017_reviewed	1
140885_reviewed	832_reviewed	1
8841_reviewed	10009_reviewed	1
1846_reviewed	23534_reviewed	1
8301_reviewed	1173_reviewed	1
5093_reviewed	9354_reviewed	1
961_reviewed	664_reviewed	1
9441_reviewed	29079_reviewed	1
11072_reviewed	8570_reviewed	1
64839_reviewed	51684_reviewed	1
9094_reviewed	166824_reviewed	1
984_reviewed	2099_reviewed	1
5524_reviewed	4137_reviewed	1
55723_reviewed	4796_reviewed	1
55588_reviewed	54797_reviewed	1
8886_reviewed	83743_reviewed	1
11128_reviewed	8467_reviewed	1
7520_reviewed	5111_reviewed	1
3184_reviewed	3312_reviewed	1
5521_reviewed	221150_reviewed	1
10336_reviewed	57666_reviewed	1
51493_reviewed	283742_reviewed	1
9318_reviewed	8452_reviewed	1
3662_reviewed	64848_reviewed	1
5717_reviewed	5710_reviewed	1
7419_reviewed	1327_reviewed	1
9100_reviewed	5562_reviewed	1
9113_reviewed	4734_reviewed	1
5531_reviewed	9989_reviewed	1
11315_reviewed	1616_reviewed	1
9751_reviewed	10273_reviewed	1
55664_reviewed	26973_reviewed	1
7706_reviewed	9416_reviewed	1
9019_reviewed	5781_reviewed	1
3454_reviewed	6773_reviewed	1
1739_reviewed	25960_reviewed	1
2580_reviewed	9026_reviewed	1
81857_reviewed	9440_reviewed	1
975_reviewed	3688_reviewed	1
10482_reviewed	6426_reviewed	1
10987_reviewed	8450_reviewed	1
9589_reviewed	70_reviewed	1
84708_reviewed	10084_reviewed	1
23283_reviewed	1477_reviewed	1
5688_reviewed	5713_reviewed	1
6647_reviewed	7086_reviewed	1
3065_reviewed	7468_reviewed	1
8089_reviewed	80314_reviewed	1
3551_reviewed	51138_reviewed	1
6788_reviewed	9817_reviewed	1
11275_reviewed	64839_reviewed	1
4436_reviewed	641_reviewed	1
23609_reviewed	5970_reviewed	1
8751_reviewed	9644_reviewed	1
2783_reviewed	2783_reviewed	0
9306_reviewed	8471_reviewed	1
54888_reviewed	5204_reviewed	1
10673_reviewed	64151_reviewed	1
9479_reviewed	80824_reviewed	1
2130_reviewed	9040_reviewed	1
6138_reviewed	6125_reviewed	1
5925_reviewed	27043_reviewed	1
3320_reviewed	5434_reviewed	1
121227_reviewed	2066_reviewed	1
60_reviewed	9026_reviewed	1
9131_reviewed	55699_reviewed	1
4893_reviewed	6548_reviewed	1
9416_reviewed	24148_reviewed	1
10572_reviewed	8557_reviewed	1
4898_reviewed	55233_reviewed	1
6737_reviewed	1616_reviewed	1
10956_reviewed	80267_reviewed	1
4086_reviewed	51588_reviewed	1
64919_reviewed	53615_reviewed	1
22954_reviewed	29979_reviewed	1
64777_reviewed	80232_reviewed	1
1398_reviewed	27_reviewed	1
2783_reviewed	85406_reviewed	0
8717_reviewed	7186_reviewed	1
329_reviewed	23241_reviewed	1
3265_reviewed	26505_reviewed	1
51335_reviewed	22868_reviewed	1
11156_reviewed	6790_reviewed	1
25940_reviewed	51637_reviewed	1
11243_reviewed	4780_reviewed	1
9675_reviewed	3308_reviewed	1
7186_reviewed	7704_reviewed	1
821_reviewed	6185_reviewed	1
1452_reviewed	10551_reviewed	1
7532_reviewed	51631_reviewed	1
63898_reviewed	5510_reviewed	1
7332_reviewed	7320_reviewed	1
7415_reviewed	60_reviewed	1
7532_reviewed	79801_reviewed	1
57162_reviewed	7329_reviewed	1
171482_reviewed	3276_reviewed	1
5700_reviewed	7337_reviewed	1
112939_reviewed	8841_reviewed	1
4609_reviewed	23126_reviewed	1
4609_reviewed	6748_reviewed	1
8379_reviewed	5371_reviewed	1
65266_reviewed	26249_reviewed	1
6794_reviewed	11140_reviewed	1
6496_reviewed	7088_reviewed	1
4722_reviewed	25915_reviewed	1
760_reviewed	6521_reviewed	1
9401_reviewed	2547_reviewed	1
3184_reviewed	26986_reviewed	1
5719_reviewed	5708_reviewed	1
3006_reviewed	11091_reviewed	1
54939_reviewed	28952_reviewed	1
8907_reviewed	79065_reviewed	1
10298_reviewed	5468_reviewed	1
9493_reviewed	3984_reviewed	1
22858_reviewed	5594_reviewed	1
3551_reviewed	23085_reviewed	1
10155_reviewed	6772_reviewed	1
9577_reviewed	79184_reviewed	1
4102_reviewed	6772_reviewed	1
6811_reviewed	9527_reviewed	1
9311_reviewed	64130_reviewed	1
3297_reviewed	23640_reviewed	1
150094_reviewed	84296_reviewed	1
5688_reviewed	8454_reviewed	1
5771_reviewed	6778_reviewed	1
3551_reviewed	7248_reviewed	1
4110_reviewed	124460_reviewed	1
80854_reviewed	5970_reviewed	1
80179_reviewed	89941_reviewed	1
25942_reviewed	7157_reviewed	1
9101_reviewed	57132_reviewed	1
7265_reviewed	10193_reviewed	1
1180_reviewed	10963_reviewed	1
1912_reviewed	51460_reviewed	1
3732_reviewed	5329_reviewed	0
4174_reviewed	6772_reviewed	1
79155_reviewed	8517_reviewed	1
5725_reviewed	6626_reviewed	1
5071_reviewed	7157_reviewed	1
868_reviewed	5295_reviewed	1
84708_reviewed	26059_reviewed	1
203259_reviewed	8945_reviewed	1
5868_reviewed	26060_reviewed	1
23788_reviewed	4719_reviewed	1
51377_reviewed	55559_reviewed	1
3300_reviewed	7316_reviewed	1
9575_reviewed	406_reviewed	1
154_reviewed	396_reviewed	1
3265_reviewed	5870_reviewed	1
7283_reviewed	29789_reviewed	1
1201_reviewed	1355_reviewed	1
5795_reviewed	1956_reviewed	1
578_reviewed	598_reviewed	1
4287_reviewed	10273_reviewed	1
7185_reviewed	79005_reviewed	1
26091_reviewed	7332_reviewed	1
7283_reviewed	10576_reviewed	1
4792_reviewed	4849_reviewed	0
10018_reviewed	8945_reviewed	1
8417_reviewed	10490_reviewed	1
374291_reviewed	4704_reviewed	1
55272_reviewed	23582_reviewed	1
57521_reviewed	6198_reviewed	1
3192_reviewed	65993_reviewed	1
4609_reviewed	7353_reviewed	1
4609_reviewed	3838_reviewed	1
867_reviewed	2047_reviewed	1
3614_reviewed	3615_reviewed	1
57534_reviewed	28514_reviewed	1
29997_reviewed	1457_reviewed	1
10134_reviewed	10134_reviewed	1
10818_reviewed	10580_reviewed	1
7329_reviewed	2002_reviewed	1
2191_reviewed	100_reviewed	1
10987_reviewed	4790_reviewed	1
5557_reviewed	5558_reviewed	1
5079_reviewed	1616_reviewed	1
4287_reviewed	821_reviewed	1
10980_reviewed	50813_reviewed	1
861_reviewed	28996_reviewed	1
5058_reviewed	3984_reviewed	1
9790_reviewed	23212_reviewed	1
1618_reviewed	1617_reviewed	1
51631_reviewed	8761_reviewed	1
867_reviewed	3791_reviewed	1
358_reviewed	4188_reviewed	1
123228_reviewed	56672_reviewed	1
7706_reviewed	7073_reviewed	1
79155_reviewed	1147_reviewed	1
3320_reviewed	55664_reviewed	1
10640_reviewed	54536_reviewed	1
327_reviewed	9798_reviewed	1
84675_reviewed	85476_reviewed	1
2740_reviewed	23066_reviewed	1
2099_reviewed	10492_reviewed	1
23741_reviewed	5925_reviewed	1
3265_reviewed	4082_reviewed	1
9113_reviewed	154796_reviewed	1
1642_reviewed	7161_reviewed	1
7014_reviewed	8554_reviewed	1
5928_reviewed	3066_reviewed	1
51207_reviewed	81567_reviewed	1
3654_reviewed	64848_reviewed	1
23411_reviewed	604_reviewed	1
495_reviewed	6856_reviewed	1
6125_reviewed	6202_reviewed	1
2353_reviewed	3726_reviewed	1
9541_reviewed	7307_reviewed	1
7415_reviewed	84447_reviewed	1
23390_reviewed	51322_reviewed	1
2932_reviewed	9627_reviewed	1
23291_reviewed	55168_reviewed	1
10938_reviewed	22841_reviewed	1
16_reviewed	3376_reviewed	1
1196_reviewed	6625_reviewed	1
3688_reviewed	4830_reviewed	1
1026_reviewed	8900_reviewed	1
10459_reviewed	10459_reviewed	1
56257_reviewed	3836_reviewed	1
4692_reviewed	23741_reviewed	1
975_reviewed	5738_reviewed	1
6667_reviewed	3725_reviewed	1
3276_reviewed	10236_reviewed	1
1869_reviewed	1017_reviewed	1
2139_reviewed	2775_reviewed	0
351_reviewed	8883_reviewed	1
9413_reviewed	11059_reviewed	1
8850_reviewed	8841_reviewed	1
10013_reviewed	6774_reviewed	1
4170_reviewed	638_reviewed	1
6732_reviewed	91746_reviewed	1
10419_reviewed	10419_reviewed	1
54913_reviewed	10940_reviewed	1
55660_reviewed	9879_reviewed	1
7416_reviewed	6520_reviewed	1
1050_reviewed	5599_reviewed	1
54915_reviewed	11124_reviewed	1
5354_reviewed	5798_reviewed	1
23468_reviewed	8462_reviewed	1
4534_reviewed	10963_reviewed	1
5704_reviewed	5686_reviewed	1
3735_reviewed	5917_reviewed	1
23451_reviewed	11338_reviewed	1
9218_reviewed	114880_reviewed	1
55432_reviewed	7316_reviewed	1
4686_reviewed	84321_reviewed	1
23512_reviewed	1434_reviewed	1
1639_reviewed	11258_reviewed	1
65975_reviewed	9958_reviewed	1
55294_reviewed	3728_reviewed	1
9330_reviewed	9328_reviewed	1
23322_reviewed	9738_reviewed	1
5450_reviewed	2969_reviewed	1
6468_reviewed	8454_reviewed	1
6047_reviewed	6047_reviewed	1
55662_reviewed	4791_reviewed	1
5970_reviewed	2146_reviewed	1
9918_reviewed	10051_reviewed	1
54764_reviewed	29888_reviewed	1
6152_reviewed	6130_reviewed	1
8835_reviewed	64746_reviewed	1
26353_reviewed	3315_reviewed	1
29079_reviewed	22832_reviewed	1
5688_reviewed	5683_reviewed	1
3178_reviewed	26024_reviewed	1
9020_reviewed	7189_reviewed	1
1017_reviewed	6117_reviewed	1
3356_reviewed	375_reviewed	1
3090_reviewed	6774_reviewed	1
10399_reviewed	6772_reviewed	1
7316_reviewed	6500_reviewed	1
10919_reviewed	10951_reviewed	1
10844_reviewed	7283_reviewed	1
8533_reviewed	80344_reviewed	1
6464_reviewed	351_reviewed	1
2932_reviewed	8312_reviewed	1
8204_reviewed	2104_reviewed	1
8208_reviewed	5111_reviewed	1
3739_reviewed	1739_reviewed	1
8175_reviewed	10946_reviewed	1
1838_reviewed	3798_reviewed	1
83983_reviewed	3320_reviewed	1
8428_reviewed	10494_reviewed	1
8737_reviewed	6885_reviewed	1
93343_reviewed	7251_reviewed	1
5565_reviewed	51608_reviewed	1
4702_reviewed	4723_reviewed	1
150684_reviewed	1080_reviewed	1
9368_reviewed	6502_reviewed	1
5204_reviewed	27246_reviewed	1
5048_reviewed	5048_reviewed	1
10618_reviewed	10857_reviewed	1
5782_reviewed	2885_reviewed	1
8065_reviewed	3308_reviewed	1
26993_reviewed	5576_reviewed	0
7965_reviewed	3376_reviewed	1
890_reviewed	7161_reviewed	1
10713_reviewed	8899_reviewed	1
4085_reviewed	9587_reviewed	1
1956_reviewed	10254_reviewed	1
4067_reviewed	8503_reviewed	1
9218_reviewed	91452_reviewed	1
4734_reviewed	2534_reviewed	1
8481_reviewed	8607_reviewed	1
5774_reviewed	8662_reviewed	1
8878_reviewed	10013_reviewed	1
10989_reviewed	54927_reviewed	1
64395_reviewed	83648_reviewed	1
919_reviewed	3932_reviewed	1
6749_reviewed	4173_reviewed	1
56257_reviewed	27339_reviewed	1
9128_reviewed	84619_reviewed	1
3312_reviewed	7812_reviewed	1
3265_reviewed	83461_reviewed	1
4154_reviewed	3191_reviewed	1
7531_reviewed	8470_reviewed	1
2810_reviewed	54206_reviewed	1
529_reviewed	4728_reviewed	1
1399_reviewed	4739_reviewed	1
2078_reviewed	7520_reviewed	1
8089_reviewed	10467_reviewed	1
27338_reviewed	207_reviewed	1
8045_reviewed	7159_reviewed	1
11336_reviewed	23233_reviewed	1
9240_reviewed	55228_reviewed	1
26355_reviewed	7417_reviewed	1
138065_reviewed	598_reviewed	1
4921_reviewed	6464_reviewed	1
9454_reviewed	9456_reviewed	1
4691_reviewed	10482_reviewed	1
2932_reviewed	4287_reviewed	1
4609_reviewed	3032_reviewed	1
5888_reviewed	5890_reviewed	1
988_reviewed	1025_reviewed	1
4233_reviewed	3320_reviewed	1
5590_reviewed	3320_reviewed	1
4914_reviewed	868_reviewed	1
5468_reviewed	253980_reviewed	1
4869_reviewed	6132_reviewed	1
25980_reviewed	25980_reviewed	1
2023_reviewed	2027_reviewed	1
5691_reviewed	5710_reviewed	1
3320_reviewed	5467_reviewed	1
4149_reviewed	10902_reviewed	1
10013_reviewed	10146_reviewed	1
11140_reviewed	9212_reviewed	1
1499_reviewed	898_reviewed	1
6389_reviewed	7386_reviewed	1
50943_reviewed	27086_reviewed	1
4091_reviewed	4092_reviewed	1
8556_reviewed	7798_reviewed	1
4609_reviewed	79595_reviewed	1
51377_reviewed	5682_reviewed	1
1791_reviewed	5111_reviewed	1
23493_reviewed	23411_reviewed	1
6757_reviewed	1386_reviewed	1
116092_reviewed	3066_reviewed	1
84708_reviewed	3357_reviewed	1
5976_reviewed	9775_reviewed	1
4087_reviewed	51592_reviewed	1
8089_reviewed	54799_reviewed	1
3320_reviewed	5581_reviewed	1
7334_reviewed	25820_reviewed	1
4000_reviewed	23633_reviewed	1
4772_reviewed	2932_reviewed	1
10576_reviewed	10376_reviewed	1
55917_reviewed	5518_reviewed	1
57111_reviewed	22841_reviewed	1
8662_reviewed	8666_reviewed	1
377_reviewed	23647_reviewed	1
10458_reviewed	55971_reviewed	1
340419_reviewed	55366_reviewed	1
396_reviewed	998_reviewed	1
8202_reviewed	10498_reviewed	1
54971_reviewed	7157_reviewed	1
8450_reviewed	5052_reviewed	1
476_reviewed	7416_reviewed	1
8787_reviewed	88_reviewed	1
4676_reviewed	4869_reviewed	1
7706_reviewed	2224_reviewed	1
2067_reviewed	80198_reviewed	1
3187_reviewed	11338_reviewed	1
140690_reviewed	54496_reviewed	1
6598_reviewed	3066_reviewed	1
2176_reviewed	1499_reviewed	1
2115_reviewed	8202_reviewed	1
140290_reviewed	10608_reviewed	1
23327_reviewed	657_reviewed	1
23649_reviewed	5557_reviewed	1
4088_reviewed	51592_reviewed	0
8451_reviewed	51138_reviewed	1
8851_reviewed	9625_reviewed	1
80776_reviewed	27077_reviewed	1
79155_reviewed	6390_reviewed	1
84946_reviewed	705_reviewed	1
8487_reviewed	11171_reviewed	1
405_reviewed	8648_reviewed	1
3799_reviewed	3831_reviewed	1
3845_reviewed	10550_reviewed	1
5588_reviewed	2534_reviewed	1
6194_reviewed	10240_reviewed	1
4281_reviewed	5515_reviewed	1
5465_reviewed	8648_reviewed	1
9255_reviewed	3376_reviewed	1
55835_reviewed	2035_reviewed	1
7150_reviewed	7329_reviewed	1
10273_reviewed	1080_reviewed	1
51493_reviewed	4670_reviewed	1
5538_reviewed	1509_reviewed	1
5071_reviewed	3312_reviewed	1
4609_reviewed	5704_reviewed	1
6910_reviewed	7403_reviewed	1
7157_reviewed	10848_reviewed	1
150_reviewed	7345_reviewed	1
22992_reviewed	1869_reviewed	1
65005_reviewed	9801_reviewed	1
55610_reviewed	7260_reviewed	1
22976_reviewed	51097_reviewed	1
550_reviewed	6400_reviewed	1
23085_reviewed	8517_reviewed	1
8314_reviewed	221656_reviewed	1
221150_reviewed	220134_reviewed	1
4609_reviewed	10465_reviewed	1
6880_reviewed	10474_reviewed	1
3485_reviewed	1956_reviewed	1
55664_reviewed	10963_reviewed	1
3178_reviewed	5351_reviewed	1
26994_reviewed	26088_reviewed	1
54542_reviewed	5784_reviewed	1
10250_reviewed	8243_reviewed	1
10127_reviewed	55663_reviewed	1
83695_reviewed	7334_reviewed	1
573_reviewed	867_reviewed	1
55294_reviewed	29886_reviewed	1
7706_reviewed	4609_reviewed	1
5501_reviewed	8725_reviewed	1
5501_reviewed	6129_reviewed	1
10551_reviewed	27044_reviewed	1
1537_reviewed	11331_reviewed	1
50717_reviewed	1642_reviewed	1
92104_reviewed	26146_reviewed	1
8648_reviewed	6605_reviewed	1
7124_reviewed	1147_reviewed	1
1017_reviewed	1027_reviewed	1
6790_reviewed	9874_reviewed	1
55120_reviewed	2189_reviewed	1
57822_reviewed	29841_reviewed	1
3845_reviewed	8754_reviewed	1
7077_reviewed	3678_reviewed	1
10049_reviewed	7431_reviewed	0
7186_reviewed	3198_reviewed	1
4843_reviewed	8065_reviewed	1
8481_reviewed	55722_reviewed	1
26146_reviewed	7185_reviewed	0
5356_reviewed	56949_reviewed	1
26043_reviewed	59349_reviewed	1
382_reviewed	9744_reviewed	1
11030_reviewed	51545_reviewed	1
65005_reviewed	54148_reviewed	1
79968_reviewed	10576_reviewed	1
4149_reviewed	9043_reviewed	1
5347_reviewed	11200_reviewed	1
2355_reviewed	7185_reviewed	1
4170_reviewed	596_reviewed	0
9531_reviewed	64422_reviewed	1
1643_reviewed	367_reviewed	1
1956_reviewed	2010_reviewed	1
8874_reviewed	8874_reviewed	1
79004_reviewed	8651_reviewed	1
25886_reviewed	10694_reviewed	1
8554_reviewed	7161_reviewed	1
9709_reviewed	84447_reviewed	1
7307_reviewed	6732_reviewed	1
100506658_reviewed	23327_reviewed	1
54442_reviewed	4176_reviewed	1
6144_reviewed	6152_reviewed	1
29110_reviewed	331_reviewed	1
4691_reviewed	6130_reviewed	1
10270_reviewed	595_reviewed	1
10393_reviewed	8697_reviewed	1
8945_reviewed	6788_reviewed	1
87_reviewed	8470_reviewed	1
80854_reviewed	2099_reviewed	1
5071_reviewed	9927_reviewed	1
4218_reviewed	7917_reviewed	1
6310_reviewed	9802_reviewed	1
26589_reviewed	64976_reviewed	1
6638_reviewed	8996_reviewed	0
5935_reviewed	3608_reviewed	1
7490_reviewed	7157_reviewed	1
254394_reviewed	4292_reviewed	1
80198_reviewed	11200_reviewed	1
1452_reviewed	4137_reviewed	1
8452_reviewed	553115_reviewed	1
5691_reviewed	10197_reviewed	1
5894_reviewed	331_reviewed	1
8153_reviewed	91544_reviewed	1
3688_reviewed	7846_reviewed	1
55294_reviewed	4170_reviewed	1
149041_reviewed	5935_reviewed	1
79791_reviewed	6500_reviewed	1
7316_reviewed	5708_reviewed	1
7514_reviewed	22933_reviewed	1
207_reviewed	10189_reviewed	1
11244_reviewed	28986_reviewed	0
26270_reviewed	2896_reviewed	1
79149_reviewed	10526_reviewed	1
1937_reviewed	1891_reviewed	1
7528_reviewed	1385_reviewed	1
410_reviewed	410_reviewed	1
4968_reviewed	5883_reviewed	1
5933_reviewed	4605_reviewed	1
26986_reviewed	6129_reviewed	1
7703_reviewed	6322_reviewed	1
54941_reviewed	8808_reviewed	1
7289_reviewed	57728_reviewed	1
6845_reviewed	8773_reviewed	1
84148_reviewed	339287_reviewed	1
7187_reviewed	26146_reviewed	1
8536_reviewed	1027_reviewed	1
64375_reviewed	6945_reviewed	0
64326_reviewed	7157_reviewed	1
369_reviewed	598_reviewed	0
23028_reviewed	3516_reviewed	1
55363_reviewed	4869_reviewed	1
57461_reviewed	27339_reviewed	1
7337_reviewed	5694_reviewed	1
51564_reviewed	5500_reviewed	1
6717_reviewed	6717_reviewed	1
6878_reviewed	6877_reviewed	1
8065_reviewed	79754_reviewed	1
7421_reviewed	2309_reviewed	1
2059_reviewed	867_reviewed	1
27292_reviewed	3192_reviewed	1
8878_reviewed	8408_reviewed	1
8662_reviewed	27335_reviewed	1
8027_reviewed	22872_reviewed	1
23327_reviewed	3745_reviewed	1
5694_reviewed	5691_reviewed	1
55422_reviewed	6945_reviewed	0
7157_reviewed	4792_reviewed	1
5111_reviewed	5425_reviewed	1
26168_reviewed	7520_reviewed	1
5777_reviewed	613_reviewed	1
7157_reviewed	5518_reviewed	1
6667_reviewed	4800_reviewed	1
11160_reviewed	821_reviewed	1
11140_reviewed	3337_reviewed	1
9014_reviewed	6908_reviewed	1
23371_reviewed	2623_reviewed	1
10018_reviewed	1154_reviewed	1
1026_reviewed	56647_reviewed	1
5214_reviewed	7112_reviewed	1
983_reviewed	7465_reviewed	1
2648_reviewed	51514_reviewed	1
1459_reviewed	988_reviewed	1
5515_reviewed	261726_reviewed	1
79960_reviewed	5347_reviewed	1
5518_reviewed	57508_reviewed	1
5590_reviewed	1460_reviewed	1
9641_reviewed	11140_reviewed	1
6732_reviewed	29102_reviewed	1
8835_reviewed	134549_reviewed	1
11171_reviewed	79833_reviewed	1
2534_reviewed	5578_reviewed	0
5347_reviewed	10010_reviewed	1
9306_reviewed	23028_reviewed	1
6477_reviewed	3835_reviewed	1
4609_reviewed	3185_reviewed	1
2081_reviewed	10987_reviewed	1
2078_reviewed	9416_reviewed	1
4609_reviewed	9092_reviewed	1
91833_reviewed	10133_reviewed	1
54512_reviewed	5394_reviewed	1
4609_reviewed	5424_reviewed	1
8829_reviewed	7422_reviewed	1
56257_reviewed	10642_reviewed	1
140885_reviewed	7178_reviewed	1
3991_reviewed	440503_reviewed	1
57521_reviewed	3551_reviewed	1
8480_reviewed	23649_reviewed	1
8726_reviewed	1655_reviewed	1
8874_reviewed	22941_reviewed	1
3315_reviewed	1676_reviewed	1
11156_reviewed	7171_reviewed	1
7415_reviewed	9230_reviewed	1
5071_reviewed	7416_reviewed	1
581_reviewed	7416_reviewed	1
8726_reviewed	6045_reviewed	1
5048_reviewed	440_reviewed	1
1956_reviewed	10053_reviewed	1
5582_reviewed	2893_reviewed	1
5371_reviewed	6478_reviewed	1
1855_reviewed	1499_reviewed	1
7325_reviewed	84106_reviewed	1
200081_reviewed	167838_reviewed	1
847_reviewed	83752_reviewed	1
5309_reviewed	6421_reviewed	1
5966_reviewed	5531_reviewed	1
5610_reviewed	4343_reviewed	1
22927_reviewed	10492_reviewed	1
7415_reviewed	5687_reviewed	1
10537_reviewed	5687_reviewed	1
54433_reviewed	10419_reviewed	1
26994_reviewed	57154_reviewed	1
23468_reviewed	55791_reviewed	1
2898_reviewed	9463_reviewed	1
22827_reviewed	7988_reviewed	0
7392_reviewed	7392_reviewed	1
51741_reviewed	11052_reviewed	1
51154_reviewed	117246_reviewed	1
4904_reviewed	8683_reviewed	1
2308_reviewed	2274_reviewed	1
11187_reviewed	1830_reviewed	1
2177_reviewed	5889_reviewed	0
1994_reviewed	7415_reviewed	1
10078_reviewed	51340_reviewed	1
23210_reviewed	55147_reviewed	1
7027_reviewed	8900_reviewed	0
6118_reviewed	7515_reviewed	1
10528_reviewed	26354_reviewed	1
79102_reviewed	2060_reviewed	1
7364_reviewed	1576_reviewed	1
5048_reviewed	5049_reviewed	1
4609_reviewed	3837_reviewed	1
22948_reviewed	10574_reviewed	1
6720_reviewed	190_reviewed	1
26088_reviewed	4037_reviewed	1
1743_reviewed	10574_reviewed	1
155061_reviewed	7988_reviewed	1
1999_reviewed	4790_reviewed	1
1956_reviewed	5058_reviewed	1
6638_reviewed	9343_reviewed	1
5499_reviewed	5511_reviewed	1
1812_reviewed	22820_reviewed	1
207_reviewed	150684_reviewed	1
1457_reviewed	6741_reviewed	1
54550_reviewed	55758_reviewed	1
81857_reviewed	9439_reviewed	1
4170_reviewed	599_reviewed	0
54487_reviewed	57510_reviewed	0
22938_reviewed	9541_reviewed	1
219333_reviewed	23035_reviewed	1
55662_reviewed	8658_reviewed	1
10856_reviewed	80304_reviewed	1
4609_reviewed	6137_reviewed	1
5174_reviewed	9368_reviewed	1
2869_reviewed	8450_reviewed	1
6122_reviewed	6207_reviewed	1
1277_reviewed	5155_reviewed	1
55006_reviewed	91647_reviewed	1
51720_reviewed	708_reviewed	1
25886_reviewed	282809_reviewed	1
1509_reviewed	9380_reviewed	1
5598_reviewed	4780_reviewed	1
6804_reviewed	3745_reviewed	1
5218_reviewed	1026_reviewed	1
9638_reviewed	10589_reviewed	1
7415_reviewed	7090_reviewed	1
5976_reviewed	55802_reviewed	1
55164_reviewed	92345_reviewed	1
283150_reviewed	54556_reviewed	1
1917_reviewed	7407_reviewed	1
5689_reviewed	5692_reviewed	1
79657_reviewed	27101_reviewed	1
56949_reviewed	3550_reviewed	1
80204_reviewed	8454_reviewed	1
51300_reviewed	54940_reviewed	1
5347_reviewed	5691_reviewed	1
55824_reviewed	9368_reviewed	1
5716_reviewed	5717_reviewed	1
25_reviewed	4137_reviewed	1
4609_reviewed	57695_reviewed	1
3612_reviewed	3613_reviewed	1
3055_reviewed	2889_reviewed	1
9975_reviewed	3065_reviewed	1
1207_reviewed	6628_reviewed	1
1457_reviewed	9627_reviewed	1
2664_reviewed	201475_reviewed	1
5925_reviewed	7020_reviewed	1
1739_reviewed	3932_reviewed	1
10618_reviewed	2590_reviewed	1
652968_reviewed	84219_reviewed	1
6147_reviewed	3921_reviewed	1
1933_reviewed	3035_reviewed	1
23186_reviewed	1487_reviewed	1
115650_reviewed	8741_reviewed	0
367_reviewed	2274_reviewed	1
28981_reviewed	8100_reviewed	1
2967_reviewed	2965_reviewed	1
10551_reviewed	832_reviewed	1
6188_reviewed	6203_reviewed	1
5931_reviewed	54815_reviewed	1
1080_reviewed	5689_reviewed	1
22827_reviewed	10946_reviewed	1
1026_reviewed	5111_reviewed	1
2289_reviewed	5134_reviewed	1
5241_reviewed	6667_reviewed	1
5601_reviewed	80817_reviewed	1
7706_reviewed	3921_reviewed	1
3299_reviewed	91404_reviewed	1
1457_reviewed	51177_reviewed	1
2130_reviewed	220988_reviewed	1
5879_reviewed	331_reviewed	1
10474_reviewed	8850_reviewed	1
3897_reviewed	8829_reviewed	1
9047_reviewed	6714_reviewed	1
4193_reviewed	7157_reviewed	1
10921_reviewed	51631_reviewed	1
467_reviewed	6945_reviewed	0
5111_reviewed	55120_reviewed	1
25842_reviewed	6598_reviewed	1
6598_reviewed	7508_reviewed	1
6615_reviewed	23028_reviewed	1
1785_reviewed	7410_reviewed	0
140890_reviewed	1994_reviewed	1
55142_reviewed	54930_reviewed	1
3845_reviewed	23592_reviewed	1
3191_reviewed	81533_reviewed	1
3738_reviewed	7343_reviewed	1
3663_reviewed	57506_reviewed	1
10553_reviewed	51100_reviewed	1
2260_reviewed	1499_reviewed	1
51207_reviewed	10130_reviewed	1
433_reviewed	79139_reviewed	1
2353_reviewed	4094_reviewed	1
5981_reviewed	5884_reviewed	1
9479_reviewed	6885_reviewed	1
83732_reviewed	80854_reviewed	1
3397_reviewed	5710_reviewed	1
8065_reviewed	30837_reviewed	1
9343_reviewed	10094_reviewed	1
9588_reviewed	2821_reviewed	1
1499_reviewed	6500_reviewed	1
11072_reviewed	10419_reviewed	1
1649_reviewed	9568_reviewed	1
6778_reviewed	9516_reviewed	1
54940_reviewed	23788_reviewed	1
80755_reviewed	3315_reviewed	1
5411_reviewed	9360_reviewed	1
55070_reviewed	64326_reviewed	1
11160_reviewed	84447_reviewed	1
8841_reviewed	6907_reviewed	1
11127_reviewed	9371_reviewed	1
11228_reviewed	122786_reviewed	1
57554_unreviewed	1501_reviewed	1
10657_reviewed	30011_reviewed	1
6757_reviewed	3065_reviewed	1
22832_reviewed	8481_reviewed	1
401190_reviewed	10681_reviewed	1
9709_reviewed	79139_reviewed	1
6625_reviewed	400506_reviewed	1
10915_reviewed	1937_reviewed	0
6885_reviewed	81603_reviewed	1
55835_reviewed	6491_reviewed	1
1053_reviewed	7750_reviewed	1
4591_reviewed	5830_reviewed	1
9414_reviewed	100506658_reviewed	1
64145_reviewed	5868_reviewed	1
6142_reviewed	6147_reviewed	1
9158_reviewed	9847_reviewed	1
154_reviewed	9289_reviewed	1
7157_reviewed	2099_reviewed	1
1616_reviewed	10273_reviewed	1
6629_reviewed	10291_reviewed	1
4610_reviewed	6944_reviewed	1
4615_reviewed	7099_reviewed	1
10728_reviewed	10598_reviewed	1
5518_reviewed	55756_reviewed	1
23118_reviewed	7182_reviewed	1
51574_reviewed	54433_reviewed	1
10992_reviewed	91603_reviewed	1
7528_reviewed	4869_reviewed	1
9908_reviewed	57532_reviewed	1
1409_reviewed	1415_reviewed	1
22796_reviewed	10466_reviewed	1
5598_reviewed	2597_reviewed	1
4988_reviewed	79971_reviewed	1
6310_reviewed	8812_reviewed	1
2091_reviewed	5976_reviewed	1
5300_reviewed	1601_reviewed	1
991_reviewed	5515_reviewed	1
26227_reviewed	29924_reviewed	1
6136_reviewed	6128_reviewed	1
11052_reviewed	11059_reviewed	1
55072_reviewed	9260_reviewed	1
8408_reviewed	201163_reviewed	1
7347_reviewed	7520_reviewed	1
326_reviewed	10155_reviewed	1
4110_reviewed	27042_reviewed	1
23186_reviewed	3065_reviewed	1
10010_reviewed	54708_reviewed	1
3265_reviewed	6809_reviewed	1
5579_reviewed	10611_reviewed	1
51382_reviewed	529_reviewed	1
5335_reviewed	1915_reviewed	1
3603_reviewed	54776_reviewed	1
54998_reviewed	64969_reviewed	1
1915_reviewed	6152_reviewed	1
5576_reviewed	5567_reviewed	1
8175_reviewed	6631_reviewed	1
6138_reviewed	6188_reviewed	1
6790_reviewed	3551_reviewed	1
79073_reviewed	1410_reviewed	1
7415_reviewed	4792_reviewed	1
5696_reviewed	5691_reviewed	1
83737_reviewed	997_reviewed	1
5592_reviewed	7138_reviewed	1
6890_reviewed	2923_reviewed	1
207_reviewed	899_reviewed	1
4092_reviewed	6935_reviewed	1
51320_reviewed	26986_reviewed	1
26512_reviewed	55174_reviewed	1
26259_reviewed	83987_reviewed	1
2139_reviewed	28976_reviewed	1
862_reviewed	5576_reviewed	1
2230_reviewed	112812_reviewed	1
25_reviewed	5295_reviewed	1
1630_reviewed	3646_reviewed	1
3572_reviewed	1271_reviewed	1
1025_reviewed	10492_reviewed	1
841_reviewed	58484_reviewed	1
329_reviewed	10642_reviewed	1
29110_reviewed	3661_reviewed	1
81622_reviewed	1650_reviewed	1
55742_reviewed	6251_reviewed	1
2071_reviewed	2967_reviewed	1
6871_reviewed	9146_reviewed	1
81873_reviewed	10093_reviewed	1
10992_reviewed	23450_reviewed	1
595_reviewed	5981_reviewed	1
5925_reviewed	5079_reviewed	1
7189_reviewed	27040_reviewed	1
267_reviewed	1576_reviewed	1
5499_reviewed	6422_reviewed	1
157570_reviewed	4171_reviewed	1
56257_reviewed	6188_reviewed	1
5781_reviewed	3815_reviewed	1
7316_reviewed	5714_reviewed	1
10551_reviewed	6129_reviewed	1
11035_reviewed	8737_reviewed	1
9092_reviewed	9129_reviewed	1
10133_reviewed	57531_reviewed	1
6774_reviewed	10401_reviewed	1
6147_reviewed	6130_reviewed	1
867_reviewed	6850_reviewed	1
207_reviewed	7375_reviewed	1
1845_reviewed	5595_reviewed	1
10121_reviewed	55860_reviewed	1
4089_reviewed	6498_reviewed	1
70_reviewed	6741_reviewed	1
26168_reviewed	3320_reviewed	1
701_reviewed	9184_reviewed	1
10397_reviewed	3939_reviewed	1
3958_reviewed	2969_reviewed	1
3717_reviewed	8651_reviewed	1
142_reviewed	4097_reviewed	1
5531_reviewed	151987_reviewed	1
155061_reviewed	10514_reviewed	1
2690_reviewed	5780_reviewed	1
3065_reviewed	5268_reviewed	1
54556_reviewed	8089_reviewed	1
23291_reviewed	9882_reviewed	1
2597_reviewed	6418_reviewed	1
5782_reviewed	5829_reviewed	1
51510_reviewed	128866_reviewed	1
7424_reviewed	3791_reviewed	1
55662_reviewed	2762_reviewed	1
23466_reviewed	6015_reviewed	1
7050_reviewed	4088_reviewed	1
22981_reviewed	54801_reviewed	1
10236_reviewed	9343_reviewed	1
7133_reviewed	7124_reviewed	1
3916_reviewed	1650_reviewed	1
5174_reviewed	6583_reviewed	1
599_reviewed	10018_reviewed	1
2571_reviewed	57085_reviewed	1
904_reviewed	196_reviewed	1
56851_reviewed	55831_reviewed	1
51614_reviewed	51290_reviewed	1
5499_reviewed	23076_reviewed	1
6625_reviewed	6631_reviewed	1
467_reviewed	4088_reviewed	1
54951_reviewed	51397_reviewed	1
83990_reviewed	83990_reviewed	1
81608_reviewed	23283_reviewed	1
5347_reviewed	5688_reviewed	1
8237_reviewed	5371_reviewed	1
23643_reviewed	7099_reviewed	1
10159_reviewed	9114_reviewed	1
5684_reviewed	9861_reviewed	1
1149_reviewed	63924_reviewed	1
7405_reviewed	8451_reviewed	1
3741_reviewed	88_reviewed	1
9529_reviewed	3308_reviewed	1
1025_reviewed	1025_reviewed	1
284058_reviewed	11091_reviewed	1
1407_reviewed	22992_reviewed	0
3636_reviewed	9564_reviewed	1
64151_reviewed	10051_reviewed	1
6722_reviewed	9759_reviewed	1
9891_reviewed	7157_reviewed	1
26088_reviewed	27342_reviewed	1
4846_reviewed	207_reviewed	1
2176_reviewed	3337_reviewed	1
4646_reviewed	2060_reviewed	1
4188_reviewed	4188_reviewed	1
5687_reviewed	5696_reviewed	1
1453_reviewed	3791_reviewed	1
2623_reviewed	4188_reviewed	1
11235_reviewed	6801_reviewed	1
85439_reviewed	6857_reviewed	1
8452_reviewed	55175_reviewed	1
147923_reviewed	7157_reviewed	1
7430_reviewed	8772_reviewed	1
5590_reviewed	81847_reviewed	1
9314_reviewed	26263_reviewed	1
25939_reviewed	1915_reviewed	1
3646_reviewed	5987_reviewed	1
2064_reviewed	1969_reviewed	1
367_reviewed	10499_reviewed	1
5690_reviewed	5710_reviewed	1
1027_reviewed	387_reviewed	1
26973_reviewed	80222_reviewed	1
2146_reviewed	1788_reviewed	1
6733_reviewed	9513_reviewed	1
1314_reviewed	1314_reviewed	1
10514_reviewed	4691_reviewed	1
56957_reviewed	51343_reviewed	1
6124_reviewed	3921_reviewed	1
56654_reviewed	1869_reviewed	1
27161_reviewed	11218_reviewed	1
56288_reviewed	10197_reviewed	1
8454_reviewed	84085_reviewed	1
6733_reviewed	64783_reviewed	1
2931_reviewed	4077_reviewed	1
10006_reviewed	5295_reviewed	1
10238_reviewed	908_reviewed	1
64750_reviewed	7332_reviewed	1
6122_reviewed	6132_reviewed	1
10307_reviewed	351_reviewed	1
3192_reviewed	10492_reviewed	1
70_reviewed	55740_reviewed	1
7529_reviewed	5298_reviewed	1
10726_reviewed	84944_reviewed	1
701_reviewed	9319_reviewed	1
7874_reviewed	7189_reviewed	1
5970_reviewed	10848_reviewed	1
4188_reviewed	90594_reviewed	1
5719_reviewed	5684_reviewed	1
6175_reviewed	6193_reviewed	1
6152_reviewed	6205_reviewed	1
4171_reviewed	3028_reviewed	1
84687_reviewed	1641_reviewed	1
8848_reviewed	333_reviewed	1
2801_reviewed	2801_reviewed	1
7157_reviewed	4331_reviewed	1
5499_reviewed	9372_reviewed	1
5193_reviewed	5193_reviewed	0
988_reviewed	27339_reviewed	1
8751_reviewed	4690_reviewed	1
5894_reviewed	10048_reviewed	1
4100_reviewed	11074_reviewed	1
5798_reviewed	399979_reviewed	1
23650_reviewed	373_reviewed	1
5705_reviewed	5690_reviewed	1
993_reviewed	79885_reviewed	1
7159_reviewed	56288_reviewed	1
84447_reviewed	7157_reviewed	1
1956_reviewed	6774_reviewed	1
7337_reviewed	5683_reviewed	1
1869_reviewed	51377_reviewed	1
11275_reviewed	59349_reviewed	1
5981_reviewed	2547_reviewed	1
10714_reviewed	10459_reviewed	1
10477_reviewed	56658_reviewed	1
79753_reviewed	6733_reviewed	1
6886_reviewed	10273_reviewed	1
26270_reviewed	1191_reviewed	1
9662_reviewed	93594_reviewed	1
84365_reviewed	55299_reviewed	1
5340_reviewed	60_reviewed	1
56926_reviewed	23420_reviewed	1
79365_reviewed	79365_reviewed	1
10534_reviewed	22948_reviewed	1
64326_reviewed	10576_reviewed	1
5111_reviewed	2177_reviewed	1
4110_reviewed	55698_reviewed	1
10320_reviewed	3066_reviewed	1
861_reviewed	863_reviewed	1
4174_reviewed	4175_reviewed	1
22981_reviewed	23271_reviewed	1
10413_reviewed	23558_reviewed	1
3717_reviewed	7409_reviewed	1
167227_reviewed	6737_reviewed	1
51574_reviewed	64432_reviewed	1
405_reviewed	2099_reviewed	1
6122_reviewed	6175_reviewed	1
6780_reviewed	6134_reviewed	1
5921_reviewed	1796_reviewed	1
11200_reviewed	1026_reviewed	1
23514_reviewed	63979_reviewed	1
3093_reviewed	6048_reviewed	1
387_reviewed	5585_reviewed	1
2963_reviewed	5431_reviewed	1
253714_reviewed	6749_reviewed	1
51574_reviewed	3326_reviewed	1
3678_reviewed	10755_reviewed	1
5611_reviewed	3308_reviewed	1
2275_reviewed	57473_reviewed	1
2740_reviewed	121260_reviewed	1
2976_reviewed	9330_reviewed	1
26469_reviewed	9049_reviewed	1
2287_reviewed	9112_reviewed	0
25814_reviewed	3312_reviewed	1
23327_reviewed	10577_reviewed	1
5795_reviewed	1500_reviewed	1
891_reviewed	3024_reviewed	1
23396_reviewed	4734_reviewed	1
10971_reviewed	5296_reviewed	1
7555_reviewed	10969_reviewed	1
10413_reviewed	9782_reviewed	1
10051_reviewed	10592_reviewed	1
6175_reviewed	6208_reviewed	1
3068_reviewed	8894_reviewed	1
3554_reviewed	3556_reviewed	1
81858_reviewed	81858_reviewed	1
7957_reviewed	7957_reviewed	1
6945_reviewed	79837_reviewed	0
6627_reviewed	6626_reviewed	1
10287_reviewed	2775_reviewed	1
23435_reviewed	23435_reviewed	1
132864_reviewed	1938_reviewed	1
3458_reviewed	3459_reviewed	1
10413_reviewed	6129_reviewed	1
515_reviewed	509_reviewed	1
9338_reviewed	221302_reviewed	1
92305_reviewed	3105_reviewed	1
571_reviewed	81610_reviewed	1
3720_reviewed	2145_reviewed	1
5111_reviewed	6996_reviewed	1
3178_reviewed	51649_reviewed	1
8878_reviewed	4215_reviewed	1
22841_reviewed	8766_reviewed	1
2782_reviewed	2770_reviewed	1
2130_reviewed	7718_reviewed	1
6502_reviewed	890_reviewed	1
6908_reviewed	6688_reviewed	1
8481_reviewed	22919_reviewed	1
9482_reviewed	10490_reviewed	1
51678_reviewed	8825_reviewed	1
3716_reviewed	6774_reviewed	1
6886_reviewed	3066_reviewed	1
8078_reviewed	10474_reviewed	1
6049_reviewed	3169_reviewed	1
5716_reviewed	10533_reviewed	1
4734_reviewed	868_reviewed	1
56159_reviewed	57642_reviewed	1
5879_reviewed	10401_reviewed	1
509_reviewed	4719_reviewed	1
1459_reviewed	9221_reviewed	1
6143_reviewed	6194_reviewed	1
9218_reviewed	529_reviewed	1
26001_reviewed	5002_reviewed	1
7003_reviewed	4208_reviewed	1
10528_reviewed	26156_reviewed	1
5884_reviewed	5983_reviewed	1
84141_reviewed	55054_reviewed	1
3178_reviewed	3191_reviewed	1
7022_reviewed	2066_reviewed	1
3308_reviewed	3337_reviewed	1
2553_reviewed	2551_reviewed	1
688_reviewed	5914_reviewed	1
10494_reviewed	2801_reviewed	1
10523_reviewed	118924_reviewed	1
1540_reviewed	7189_reviewed	1
8878_reviewed	2631_reviewed	1
4609_reviewed	22948_reviewed	1
23034_reviewed	7534_reviewed	1
3265_reviewed	6510_reviewed	1
9557_reviewed	2547_reviewed	1
10435_reviewed	23092_reviewed	1
92140_reviewed	7704_reviewed	1
4102_reviewed	10155_reviewed	1
3265_reviewed	8036_reviewed	1
57695_reviewed	23063_reviewed	1
1788_reviewed	7329_reviewed	1
11065_reviewed	11065_reviewed	1
3845_reviewed	4919_reviewed	1
79892_reviewed	4174_reviewed	1
51377_reviewed	383_reviewed	1
55011_reviewed	5434_reviewed	1
506_reviewed	539_reviewed	1
10413_reviewed	7534_reviewed	1
5684_reviewed	5692_reviewed	1
2071_reviewed	4331_reviewed	1
23429_reviewed	6500_reviewed	1
367_reviewed	7041_reviewed	1
5111_reviewed	84875_reviewed	1
1006_reviewed	1499_reviewed	1
7534_reviewed	55103_reviewed	1
8829_reviewed	3791_reviewed	1
604_reviewed	7704_reviewed	1
3195_reviewed	7088_reviewed	1
862_reviewed	9139_reviewed	1
2770_reviewed	85406_reviewed	0
4543_reviewed	2771_reviewed	1
6601_reviewed	6603_reviewed	1
3661_reviewed	6449_reviewed	1
7404_reviewed	7088_reviewed	1
7182_reviewed	6599_reviewed	1
23186_reviewed	3308_reviewed	1
51_reviewed	847_reviewed	1
2288_reviewed	100529239_unreviewed	1
8820_reviewed	23028_reviewed	1
10524_reviewed	60_reviewed	1
7291_reviewed	3066_reviewed	1
1642_reviewed	25879_reviewed	1
84959_reviewed	84959_reviewed	1
112869_reviewed	9913_reviewed	1
3667_reviewed	493829_reviewed	1
1537_reviewed	5245_reviewed	1
51547_reviewed	2547_reviewed	1
5695_reviewed	5707_reviewed	1
5976_reviewed	65109_reviewed	1
1080_reviewed	1601_reviewed	1
1017_reviewed	5934_reviewed	1
50717_reviewed	8450_reviewed	1
51377_reviewed	5692_reviewed	1
5702_reviewed	5707_reviewed	1
11335_reviewed	3930_reviewed	1
51035_reviewed	55666_reviewed	1
10524_reviewed	653121_reviewed	1
51069_reviewed	51073_reviewed	1
5887_reviewed	29979_reviewed	1
26353_reviewed	3316_reviewed	1
4088_reviewed	81628_reviewed	1
3428_reviewed	834_reviewed	1
81622_reviewed	6400_reviewed	1
2872_reviewed	7428_reviewed	1
6122_reviewed	6202_reviewed	1
7957_reviewed	2932_reviewed	1
2887_reviewed	207_reviewed	1
5371_reviewed	6672_reviewed	1
81565_reviewed	11104_reviewed	1
1738_reviewed	9040_reviewed	1
6138_reviewed	6152_reviewed	1
26003_reviewed	7039_reviewed	1
23451_reviewed	10262_reviewed	1
10856_reviewed	9675_reviewed	1
64145_reviewed	11311_reviewed	1
10253_reviewed	83755_reviewed	1
25843_reviewed	6801_reviewed	1
6449_reviewed	7917_reviewed	1
8615_reviewed	23256_reviewed	1
7337_reviewed	23429_reviewed	1
330_reviewed	836_reviewed	1
91445_reviewed	821_reviewed	1
4609_reviewed	5685_reviewed	1
10869_reviewed	10421_reviewed	1
1080_reviewed	7415_reviewed	1
2623_reviewed	4005_reviewed	1
6136_reviewed	6189_reviewed	1
8820_reviewed	7088_reviewed	1
1050_reviewed	10524_reviewed	1
2908_reviewed	190_reviewed	1
3178_reviewed	27339_reviewed	1
3621_reviewed	55929_reviewed	1
23309_reviewed	3066_reviewed	1
5829_reviewed	3676_reviewed	1
7352_reviewed	10971_reviewed	1
11340_reviewed	23016_reviewed	0
8405_reviewed	23613_reviewed	1
8805_reviewed	5914_reviewed	1
6915_reviewed	10197_reviewed	1
51512_reviewed	84129_reviewed	1
50855_reviewed	5607_reviewed	1
2534_reviewed	7278_reviewed	1
351_reviewed	22919_reviewed	1
4086_reviewed	11059_reviewed	1
8314_reviewed	221937_reviewed	1
8665_reviewed	8664_reviewed	1
1956_reviewed	163_reviewed	1
4830_reviewed	4833_reviewed	1
10664_reviewed	4869_reviewed	1
1487_reviewed	11278_reviewed	1
3320_reviewed	10728_reviewed	1
10152_reviewed	22954_reviewed	1
3853_reviewed	11007_reviewed	1
11315_reviewed	9063_reviewed	1
2074_reviewed	1642_reviewed	1
6208_reviewed	6188_reviewed	1
1869_reviewed	1053_reviewed	1
10494_reviewed	57551_reviewed	1
3065_reviewed	1487_reviewed	1
6772_reviewed	83666_reviewed	1
2288_reviewed	3320_reviewed	1
51741_reviewed	147179_reviewed	1
4893_reviewed	25921_reviewed	1
1537_reviewed	7416_reviewed	1
8202_reviewed	5300_reviewed	1
10484_reviewed	6396_reviewed	1
9470_reviewed	90850_reviewed	1
89870_reviewed	8440_reviewed	1
5495_reviewed	1021_reviewed	1
8440_reviewed	1956_reviewed	1
5193_reviewed	5195_reviewed	0
3611_reviewed	10808_reviewed	1
9939_reviewed	26019_reviewed	1
9329_reviewed	9328_reviewed	1
3611_reviewed	9131_reviewed	1
7874_reviewed	85313_reviewed	1
4287_reviewed	1460_reviewed	1
4194_reviewed	7874_reviewed	1
5296_reviewed	8503_reviewed	1
10413_reviewed	23071_reviewed	1
55593_reviewed	4841_reviewed	1
6780_reviewed	6194_reviewed	1
5321_reviewed	22933_reviewed	1
10444_reviewed	8453_reviewed	1
5931_reviewed	1642_reviewed	1
1788_reviewed	4609_reviewed	1
22994_reviewed	57534_reviewed	1
27043_reviewed	57418_reviewed	1
6136_reviewed	6144_reviewed	1
1111_reviewed	63967_reviewed	1
10018_reviewed	389856_reviewed	1
991_reviewed	51053_reviewed	1
10189_reviewed	64783_reviewed	1
10048_reviewed	54994_reviewed	1
4193_reviewed	26155_reviewed	1
9111_reviewed	9111_reviewed	1
1665_reviewed	8241_reviewed	1
3315_reviewed	7520_reviewed	1
4193_reviewed	6591_reviewed	1
2177_reviewed	7516_reviewed	0
2034_reviewed	6663_reviewed	1
11284_reviewed	3981_reviewed	1
9260_reviewed	7157_reviewed	1
5782_reviewed	79658_reviewed	1
3276_reviewed	1153_reviewed	1
122769_reviewed	8533_reviewed	1
5702_reviewed	5718_reviewed	1
83987_reviewed	3192_reviewed	1
51741_reviewed	55210_reviewed	1
79400_reviewed	79400_reviewed	1
7182_reviewed	7444_reviewed	0
1892_reviewed	9958_reviewed	1
10134_reviewed	351_reviewed	1
54850_reviewed	218_reviewed	1
3315_reviewed	55276_reviewed	1
3662_reviewed	6688_reviewed	1
641_reviewed	10036_reviewed	1
9409_reviewed	5824_reviewed	1
2176_reviewed	2950_reviewed	1
5521_reviewed	908_reviewed	1
10200_reviewed	118460_reviewed	1
7337_reviewed	6045_reviewed	1
8737_reviewed	7316_reviewed	1
1642_reviewed	54876_reviewed	1
23433_reviewed	57120_reviewed	1
54534_reviewed	26589_reviewed	1
10576_reviewed	331_reviewed	1
165918_reviewed	7334_reviewed	1
1848_reviewed	79797_reviewed	0
2100_reviewed	5705_reviewed	1
51741_reviewed	487_reviewed	1
407_reviewed	1856_reviewed	1
468_reviewed	7551_reviewed	0
1643_reviewed	908_reviewed	1
95_reviewed	4521_reviewed	1
4683_reviewed	1386_reviewed	1
6045_reviewed	10238_reviewed	1
55212_reviewed	583_reviewed	1
7316_reviewed	10213_reviewed	1
1487_reviewed	84458_reviewed	1
79728_reviewed	9817_reviewed	1
7529_reviewed	7248_reviewed	1
64708_reviewed	50813_reviewed	1
51720_reviewed	6097_reviewed	0
10956_reviewed	3309_reviewed	1
122769_reviewed	10920_reviewed	1
117178_reviewed	84376_reviewed	1
10252_reviewed	867_reviewed	1
4193_reviewed	7422_reviewed	1
5965_reviewed	3838_reviewed	1
55844_reviewed	5531_reviewed	1
57379_reviewed	118460_reviewed	1
10614_reviewed	904_reviewed	1
56915_reviewed	10200_reviewed	1
3326_reviewed	3320_reviewed	1
57122_reviewed	79902_reviewed	1
1999_reviewed	7520_reviewed	1
7157_reviewed	58487_reviewed	1
2149_reviewed	10015_reviewed	1
1915_reviewed	3313_reviewed	1
10116_reviewed	8453_reviewed	1
116986_reviewed	5295_reviewed	1
51340_reviewed	1659_reviewed	1
811_reviewed	821_reviewed	1
79077_reviewed	79077_reviewed	1
84790_reviewed	10190_reviewed	1
51741_reviewed	8189_reviewed	1
4188_reviewed	164592_reviewed	1
9135_reviewed	5867_reviewed	1
5093_reviewed	4000_reviewed	1
988_reviewed	6136_reviewed	1
7531_reviewed	7040_reviewed	1
11140_reviewed	1021_reviewed	1
23645_reviewed	7247_reviewed	1
1017_reviewed	8851_reviewed	1
9641_reviewed	1654_reviewed	1
4615_reviewed	3656_reviewed	1
27_reviewed	5688_reviewed	1
2308_reviewed	22933_reviewed	1
5602_reviewed	408_reviewed	1
9020_reviewed	7186_reviewed	1
56852_reviewed	5111_reviewed	1
79132_reviewed	5610_reviewed	1
5981_reviewed	3065_reviewed	1
55506_reviewed	9555_reviewed	1
26097_reviewed	79084_reviewed	1
9775_reviewed	10921_reviewed	1
7014_reviewed	25913_reviewed	1
1459_reviewed	10661_reviewed	1
9146_reviewed	26018_reviewed	1
367_reviewed	23028_reviewed	1
5295_reviewed	1950_reviewed	1
2078_reviewed	5093_reviewed	1
9584_reviewed	6733_reviewed	1
10971_reviewed	153090_reviewed	1
4869_reviewed	5970_reviewed	1
10573_reviewed	11222_reviewed	1
51009_reviewed	5265_reviewed	1
55011_reviewed	5432_reviewed	1
5728_reviewed	29945_reviewed	1
3178_reviewed	51081_reviewed	1
27289_reviewed	55422_reviewed	0
5886_reviewed	8078_reviewed	1
3066_reviewed	3066_reviewed	1
10413_reviewed	317762_reviewed	1
154_reviewed	920_reviewed	1
9782_reviewed	9782_reviewed	1
4691_reviewed	9533_reviewed	1
7419_reviewed	11331_reviewed	1
387_reviewed	10256_reviewed	1
6207_reviewed	6188_reviewed	1
9098_reviewed	382_reviewed	1
6134_reviewed	6132_reviewed	1
7415_reviewed	165324_reviewed	1
22878_reviewed	51112_reviewed	1
1022_reviewed	6829_reviewed	1
8139_reviewed	1155_reviewed	1
10758_reviewed	3320_reviewed	1
284695_reviewed	1620_reviewed	1
152559_reviewed	7291_reviewed	1
56852_reviewed	7319_reviewed	1
9879_reviewed	6733_reviewed	1
79980_reviewed	11243_reviewed	1
9618_reviewed	9618_reviewed	1
708_reviewed	7019_reviewed	1
9738_reviewed	79959_reviewed	1
3866_reviewed	10152_reviewed	1
8996_reviewed	8996_reviewed	1
5705_reviewed	7375_reviewed	1
8784_reviewed	7186_reviewed	1
11315_reviewed	9479_reviewed	1
10618_reviewed	682_reviewed	1
3516_reviewed	27044_reviewed	1
4000_reviewed	51207_reviewed	1
3981_reviewed	27095_reviewed	1
5689_reviewed	5695_reviewed	1
88_reviewed	58529_reviewed	1
7329_reviewed	7132_reviewed	1
5566_reviewed	22919_reviewed	1
5588_reviewed	5588_reviewed	1
6129_reviewed	6133_reviewed	1
7428_reviewed	79960_reviewed	1
8453_reviewed	29761_reviewed	1
1956_reviewed	2059_reviewed	1
898_reviewed	1017_reviewed	1
51386_reviewed	4691_reviewed	1
6815_reviewed	10487_reviewed	1
1615_reviewed	7965_reviewed	1
1602_reviewed	1602_reviewed	1
7514_reviewed	4261_reviewed	1
3717_reviewed	8027_reviewed	1
283899_reviewed	7528_reviewed	1
23411_reviewed	4092_reviewed	1
5501_reviewed	5202_reviewed	1
55666_reviewed	7415_reviewed	1
55327_reviewed	320_reviewed	1
329_reviewed	835_reviewed	1
10048_reviewed	10048_reviewed	1
335_reviewed	3931_reviewed	1
1460_reviewed	4792_reviewed	1
9817_reviewed	150864_reviewed	1
3651_reviewed	2547_reviewed	1
988_reviewed	10262_reviewed	1
595_reviewed	7514_reviewed	1
9782_reviewed	3191_reviewed	1
396_reviewed	387_reviewed	1
10856_reviewed	54891_reviewed	1
10673_reviewed	113174_reviewed	1
6774_reviewed	5771_reviewed	1
6950_reviewed	22948_reviewed	1
990_reviewed	4998_reviewed	1
3187_reviewed	6625_reviewed	1
8667_reviewed	8663_reviewed	1
1917_reviewed	23170_reviewed	1
4001_reviewed	5451_reviewed	1
7337_reviewed	5702_reviewed	1
54726_reviewed	7316_reviewed	1
5925_reviewed	7343_reviewed	1
54556_reviewed	10856_reviewed	1
79594_reviewed	207_reviewed	1
10036_reviewed	6418_reviewed	1
8454_reviewed	10920_reviewed	1
81550_reviewed	2332_reviewed	1
5687_reviewed	5687_reviewed	1
4609_reviewed	902_reviewed	1
5715_reviewed	3178_reviewed	1
996_reviewed	8697_reviewed	1
116071_reviewed	3726_reviewed	1
64786_reviewed	80254_reviewed	1
9784_reviewed	3265_reviewed	1
4609_reviewed	5832_reviewed	1
5536_reviewed	11140_reviewed	1
5771_reviewed	6464_reviewed	1
8450_reviewed	2146_reviewed	1
9775_reviewed	10772_reviewed	1
3091_reviewed	7157_reviewed	1
55147_reviewed	10419_reviewed	1
2288_reviewed	5264_reviewed	1
55670_reviewed	5195_reviewed	1
2664_reviewed	467_reviewed	0
7098_reviewed	8737_reviewed	1
27246_reviewed	7329_reviewed	1
5292_reviewed	4140_reviewed	1
5861_reviewed	7385_reviewed	1
96459_reviewed	5562_reviewed	1
5467_reviewed	23028_reviewed	1
8452_reviewed	129831_reviewed	1
3006_reviewed	142_reviewed	1
3611_reviewed	92609_reviewed	1
56970_reviewed	2648_reviewed	1
3309_reviewed	8878_reviewed	1
29899_reviewed	3265_reviewed	1
7337_reviewed	5714_reviewed	1
11338_reviewed	55145_reviewed	1
6733_reviewed	6427_reviewed	1
988_reviewed	6421_reviewed	1
6134_reviewed	4736_reviewed	1
4609_reviewed	134430_reviewed	1
23327_reviewed	673_reviewed	1
9670_reviewed	5080_reviewed	1
2099_reviewed	10189_reviewed	1
145508_reviewed	9662_reviewed	1
4067_reviewed	5777_reviewed	1
11091_reviewed	51562_reviewed	1
6714_reviewed	3791_reviewed	1
11315_reviewed	204851_reviewed	1
283899_reviewed	79913_reviewed	1
6310_reviewed	6311_reviewed	1
7068_reviewed	6256_reviewed	1
11060_reviewed	5496_reviewed	1
9657_reviewed	55763_reviewed	1
26574_reviewed	4193_reviewed	1
9557_reviewed	10038_reviewed	1
8727_reviewed	220082_reviewed	1
551_reviewed	1410_reviewed	1
5515_reviewed	5528_reviewed	1
7718_reviewed	81576_reviewed	1
8837_reviewed	83737_reviewed	1
2099_reviewed	81027_reviewed	1
7088_reviewed	3065_reviewed	1
3320_reviewed	11140_reviewed	1
10362_reviewed	23028_reviewed	1
8945_reviewed	80149_reviewed	1
5686_reviewed	10213_reviewed	1
150684_reviewed	6338_reviewed	1
8471_reviewed	2289_reviewed	1
2547_reviewed	6432_reviewed	1
9138_reviewed	10672_reviewed	1
7184_reviewed	27101_reviewed	1
6908_reviewed	55689_reviewed	1
51528_reviewed	5599_reviewed	1
2932_reviewed	3308_reviewed	1
1647_reviewed	51100_reviewed	1
5694_reviewed	5713_reviewed	1
7248_reviewed	10769_reviewed	1
3297_reviewed	3303_unreviewed	1
1453_reviewed	2273_reviewed	1
10197_reviewed	27042_reviewed	1
1956_reviewed	25814_reviewed	1
5295_reviewed	10376_reviewed	1
2176_reviewed	5610_reviewed	1
87_reviewed	81_reviewed	1
117178_reviewed	22994_reviewed	1
55201_reviewed	11186_reviewed	1
10413_reviewed	9693_reviewed	1
1445_reviewed	1848_reviewed	0
1911_reviewed	84733_reviewed	1
29105_reviewed	221322_reviewed	1
5928_reviewed	3065_reviewed	1
7268_reviewed	29765_reviewed	1
3643_reviewed	6464_reviewed	1
8517_reviewed	28992_reviewed	1
51295_reviewed	2193_reviewed	1
7520_reviewed	7150_reviewed	1
64147_reviewed	55170_reviewed	1
3320_reviewed	6129_reviewed	1
8945_reviewed	3728_reviewed	1
8761_reviewed	2091_reviewed	1
30845_reviewed	22841_reviewed	1
5501_reviewed	8761_reviewed	1
3265_reviewed	1947_reviewed	1
70_reviewed	65979_reviewed	1
7283_reviewed	7283_reviewed	1
23411_reviewed	2017_reviewed	1
1457_reviewed	10238_reviewed	1
10912_reviewed	9001_reviewed	1
3191_reviewed	7531_reviewed	1
6502_reviewed	4998_reviewed	1
1161_reviewed	8533_reviewed	1
3836_reviewed	5315_reviewed	1
149041_reviewed	26135_reviewed	1
1839_reviewed	573_reviewed	1
4831_reviewed	47_reviewed	1
6935_reviewed	7874_reviewed	1
4609_reviewed	7020_reviewed	1
55723_reviewed	146059_reviewed	1
821_reviewed	9695_reviewed	1
9131_reviewed	10456_reviewed	1
30835_reviewed	30835_reviewed	1
2099_reviewed	994_reviewed	1
112869_reviewed	27097_reviewed	1
6449_reviewed	6860_reviewed	1
3178_reviewed	9987_reviewed	1
57761_reviewed	5371_reviewed	1
66008_reviewed	3759_reviewed	1
7157_reviewed	8665_reviewed	1
4609_reviewed	7421_reviewed	1
4796_reviewed	6749_reviewed	1
51295_reviewed	4790_reviewed	1
3221_reviewed	6839_reviewed	1
57162_reviewed	604_reviewed	1
8878_reviewed	80206_reviewed	1
81_reviewed	4205_reviewed	1
9020_reviewed	4791_reviewed	1
30827_reviewed	80335_reviewed	1
10613_reviewed	84447_reviewed	1
56257_reviewed	9343_reviewed	1
7324_reviewed	26001_reviewed	1
387893_reviewed	6934_reviewed	1
11130_reviewed	79980_reviewed	1
30008_reviewed	84528_reviewed	1
7486_reviewed	10036_reviewed	1
51666_reviewed	55662_reviewed	1
5518_reviewed	11140_reviewed	1
10524_reviewed	9111_reviewed	1
3430_reviewed	9111_reviewed	1
5371_reviewed	1977_reviewed	1
6737_reviewed	3551_reviewed	1
55422_reviewed	7551_reviewed	0
84676_reviewed	27063_reviewed	1
5884_reviewed	999_reviewed	1
26147_reviewed	5931_reviewed	1
10809_reviewed	55170_reviewed	1
10294_reviewed	2078_reviewed	1
3376_reviewed	4677_reviewed	1
8878_reviewed	4077_reviewed	1
10213_reviewed	10197_reviewed	1
6881_reviewed	129685_reviewed	1
7078_reviewed	186_reviewed	1
10526_reviewed	29803_reviewed	1
10256_reviewed	11186_reviewed	1
29781_reviewed	23310_reviewed	1
6615_reviewed	26234_reviewed	1
835_reviewed	637_reviewed	1
55831_reviewed	9694_reviewed	1
585_reviewed	229_reviewed	1
4734_reviewed	7805_reviewed	1
3480_reviewed	4734_reviewed	1
367_reviewed	6421_reviewed	1
5268_reviewed	10656_reviewed	1
115004_reviewed	115004_reviewed	1
55829_reviewed	1080_reviewed	1
602_reviewed	10987_reviewed	1
6576_reviewed	7112_reviewed	1
81620_reviewed	51434_reviewed	1
51282_reviewed	387032_reviewed	1
1020_reviewed	10576_reviewed	1
10363_reviewed	51317_reviewed	1
26036_reviewed	8554_reviewed	1
8204_reviewed	10014_reviewed	1
10972_reviewed	10959_reviewed	1
55827_reviewed	2908_reviewed	1
9040_reviewed	8883_reviewed	1
8175_reviewed	11325_reviewed	1
55626_reviewed	2873_reviewed	1
2874_reviewed	221937_reviewed	1
2961_reviewed	2959_reviewed	1
79913_reviewed	125476_reviewed	1
10614_reviewed	2099_reviewed	1
55198_reviewed	7879_reviewed	0
79753_reviewed	3550_reviewed	1
10537_reviewed	65264_reviewed	1
7414_reviewed	7846_reviewed	1
1859_reviewed	64864_reviewed	1
6310_reviewed	11338_reviewed	1
96459_reviewed	5571_reviewed	1
8440_reviewed	79869_reviewed	1
367_reviewed	6049_reviewed	1
7272_reviewed	7272_reviewed	1
1956_reviewed	5291_reviewed	1
9530_reviewed	54788_reviewed	1
5496_reviewed	10768_reviewed	1
6915_reviewed	10549_reviewed	1
5465_reviewed	6256_reviewed	1
999_reviewed	7430_reviewed	1
996_reviewed	57587_reviewed	1
2740_reviewed	533_reviewed	1
3066_reviewed	3070_reviewed	1
4193_reviewed	4683_reviewed	1
26224_reviewed	1407_reviewed	1
5371_reviewed	5600_reviewed	1
84148_reviewed	10943_reviewed	1
10946_reviewed	6626_reviewed	1
37_reviewed	37_reviewed	1
51135_reviewed	57162_reviewed	1
22981_reviewed	10024_reviewed	1
9352_reviewed	5700_reviewed	1
81847_reviewed	147872_reviewed	1
64976_reviewed	54534_reviewed	1
26297_reviewed	55170_reviewed	1
9040_reviewed	9040_reviewed	1
5691_reviewed	5714_reviewed	1
9131_reviewed	4702_reviewed	1
6468_reviewed	9318_reviewed	1
3091_reviewed	55818_reviewed	1
2146_reviewed	1499_reviewed	1
9903_reviewed	3551_reviewed	1
149041_reviewed	6201_reviewed	1
2099_reviewed	10576_reviewed	1
1912_reviewed	10445_reviewed	1
7846_reviewed	255394_reviewed	1
56288_reviewed	1499_reviewed	1
8450_reviewed	83743_reviewed	1
6199_reviewed	6188_reviewed	1
9619_reviewed	10015_reviewed	1
1327_reviewed	509_reviewed	1
7324_reviewed	51255_reviewed	1
6142_reviewed	6129_reviewed	1
6503_reviewed	7409_reviewed	1
79867_reviewed	116150_reviewed	1
4670_reviewed	7307_reviewed	1
1050_reviewed	2547_reviewed	1
3945_reviewed	3945_reviewed	1
29127_reviewed	79801_reviewed	1
5354_reviewed	90993_reviewed	1
8237_reviewed	84926_reviewed	1
10273_reviewed	378884_reviewed	1
9131_reviewed	5245_reviewed	1
2697_reviewed	207_reviewed	1
79922_reviewed	51067_reviewed	1
10392_reviewed	80196_reviewed	1
2932_reviewed	3320_reviewed	1
7048_reviewed	10213_reviewed	1
4790_reviewed	8517_reviewed	1
1027_reviewed	51548_reviewed	1
6477_reviewed	4217_reviewed	1
10482_reviewed	6432_reviewed	1
3308_reviewed	5071_reviewed	1
9021_reviewed	29110_reviewed	1
6122_reviewed	6130_reviewed	1
5531_reviewed	5518_reviewed	1
149041_reviewed	6132_reviewed	1
1869_reviewed	2553_reviewed	1
8464_reviewed	6880_reviewed	1
153562_reviewed	83737_reviewed	1
8471_reviewed	9093_reviewed	1
10673_reviewed	84376_reviewed	1
11059_reviewed	7332_reviewed	1
3066_reviewed	1616_reviewed	1
3843_reviewed	5901_reviewed	1
55212_reviewed	229_reviewed	1
79752_reviewed	7415_reviewed	1
85007_reviewed	85007_reviewed	1
10133_reviewed	4901_reviewed	1
207_reviewed	79960_reviewed	1
1039_reviewed	30850_reviewed	1
1488_reviewed	9580_reviewed	1
8481_reviewed	11116_reviewed	1
23607_reviewed	23607_reviewed	1
840_reviewed	142_reviewed	1
4595_reviewed	2956_reviewed	1
7430_reviewed	1739_reviewed	1
84078_reviewed	89890_reviewed	1
23411_reviewed	6304_reviewed	1
9775_reviewed	6625_reviewed	1
5580_reviewed	25780_reviewed	1
11235_reviewed	29888_reviewed	1
6204_reviewed	9001_reviewed	1
3184_reviewed	7422_reviewed	1
9040_reviewed	50813_reviewed	1
9218_reviewed	55177_reviewed	1
4171_reviewed	4175_reviewed	1
5518_reviewed	10179_reviewed	1
10452_reviewed	4719_reviewed	1
7514_reviewed	7284_reviewed	1
5499_reviewed	54976_reviewed	1
11156_reviewed	10128_reviewed	1
5702_reviewed	5690_reviewed	1
4088_reviewed	9191_reviewed	1
1173_reviewed	147_reviewed	1
6135_reviewed	6141_reviewed	1
2099_reviewed	11091_reviewed	1
64750_reviewed	7528_reviewed	1
1399_reviewed	5829_reviewed	1
3192_reviewed	6128_reviewed	1
10537_reviewed	4085_reviewed	1
7408_reviewed	55740_reviewed	1
3557_reviewed	8533_reviewed	1
65109_reviewed	9775_reviewed	1
7157_reviewed	5710_reviewed	1
2091_reviewed	6193_reviewed	1
6615_reviewed	2932_reviewed	1
23640_reviewed	8993_reviewed	1
5778_reviewed	23203_reviewed	1
8945_reviewed	8473_reviewed	1
51377_reviewed	5686_reviewed	1
2959_reviewed	2968_reviewed	1
57798_reviewed	57649_reviewed	1
22832_reviewed	79598_reviewed	1
7703_reviewed	6015_reviewed	1
7186_reviewed	2932_reviewed	1
51320_reviewed	4849_reviewed	1
2909_reviewed	5921_reviewed	1
9169_reviewed	11338_reviewed	1
7186_reviewed	27125_reviewed	1
6199_reviewed	27250_reviewed	1
2260_reviewed	1000_reviewed	1
1460_reviewed	1459_reviewed	1
5193_reviewed	9409_reviewed	0
4607_reviewed	84676_reviewed	1
6919_reviewed	4140_reviewed	1
6118_reviewed	3185_reviewed	1
990_reviewed	1026_reviewed	1
55156_reviewed	3312_reviewed	1
7316_reviewed	54629_reviewed	1
8454_reviewed	26263_reviewed	1
84632_reviewed	9644_reviewed	1
9368_reviewed	4986_reviewed	1
1843_reviewed	5594_reviewed	1
5716_reviewed	5705_reviewed	1
130617_reviewed	7415_reviewed	1
4332_reviewed	54904_reviewed	1
7179_reviewed	224_reviewed	1
6886_reviewed	863_reviewed	1
10651_reviewed	84303_reviewed	1
51361_reviewed	29911_reviewed	1
6720_reviewed	1024_reviewed	1
84675_reviewed	1937_reviewed	1
4000_reviewed	7737_reviewed	1
7157_reviewed	3320_reviewed	1
55835_reviewed	64784_reviewed	1
219541_reviewed	9862_reviewed	1
10892_reviewed	9099_reviewed	1
22934_reviewed	55093_reviewed	1
10403_reviewed	51019_reviewed	1
6136_reviewed	6205_reviewed	1
57017_reviewed	51004_reviewed	1
8202_reviewed	8517_reviewed	1
7531_reviewed	3183_reviewed	1
10213_reviewed	3303_unreviewed	1
9040_reviewed	123879_reviewed	1
2664_reviewed	7988_reviewed	0
6657_reviewed	6657_reviewed	1
6850_reviewed	10293_reviewed	1
9984_reviewed	4734_reviewed	1
8835_reviewed	2821_reviewed	1
51343_reviewed	8900_reviewed	1
11165_reviewed	79754_reviewed	1
3437_reviewed	159989_reviewed	1
7329_reviewed	3090_reviewed	1
266743_reviewed	405_reviewed	1
54939_reviewed	51122_reviewed	1
6175_reviewed	6204_reviewed	1
22827_reviewed	22889_reviewed	1
1785_reviewed	273_reviewed	1
1565_reviewed	1565_reviewed	1
4999_reviewed	5000_reviewed	1
11140_reviewed	5481_reviewed	1
5744_reviewed	3837_reviewed	1
126282_reviewed	54461_reviewed	1
5429_reviewed	56852_reviewed	1
51138_reviewed	50813_reviewed	1
3866_reviewed	4747_reviewed	1
7186_reviewed	2081_reviewed	1
7329_reviewed	11244_reviewed	1
5683_reviewed	5696_reviewed	1
2266_reviewed	2266_reviewed	1
4085_reviewed	51434_reviewed	1
138639_reviewed	261726_reviewed	1
867_reviewed	5156_reviewed	1
25_reviewed	2885_reviewed	1
29128_reviewed	2067_reviewed	1
331_reviewed	596_reviewed	1
2146_reviewed	25942_reviewed	1
4092_reviewed	64750_reviewed	1
10273_reviewed	6714_reviewed	1
991_reviewed	5347_reviewed	1
5970_reviewed	64320_reviewed	1
65082_reviewed	27072_reviewed	1
51741_reviewed	23191_reviewed	1
4331_reviewed	4176_reviewed	1
51107_reviewed	11160_reviewed	1
1499_reviewed	7320_reviewed	1
3735_reviewed	5594_reviewed	1
6839_reviewed	861_reviewed	1
10551_reviewed	4191_reviewed	1
1410_reviewed	5684_reviewed	1
7023_reviewed	328_reviewed	1
4091_reviewed	1487_reviewed	1
10551_reviewed	3308_reviewed	1
7535_reviewed	2885_reviewed	1
10078_reviewed	24148_reviewed	1
2113_reviewed	7157_reviewed	1
4085_reviewed	9319_reviewed	1
51614_reviewed	51257_reviewed	1
23532_reviewed	8453_reviewed	1
207_reviewed	1026_reviewed	1
9933_reviewed	1736_reviewed	1
2623_reviewed	3315_reviewed	1
22954_reviewed	7533_reviewed	1
2886_reviewed	116448_reviewed	1
8445_reviewed	84131_reviewed	1
6801_reviewed	10574_reviewed	1
1869_reviewed	8900_reviewed	1
142_reviewed	51588_reviewed	1
835_reviewed	8738_reviewed	1
9851_reviewed	256714_reviewed	1
5977_reviewed	6603_reviewed	1
4087_reviewed	1601_reviewed	1
57630_reviewed	4296_reviewed	1
27005_reviewed	200845_reviewed	1
7703_reviewed	80012_reviewed	1
140801_reviewed	6142_reviewed	1
5501_reviewed	3609_reviewed	1
7707_reviewed	8841_reviewed	1
4137_reviewed	10273_reviewed	1
4194_reviewed	4193_reviewed	1
84245_reviewed	84245_reviewed	1
51132_reviewed	2099_reviewed	1
51185_reviewed	57167_reviewed	1
10551_reviewed	4691_reviewed	1
6452_reviewed	7409_reviewed	1
5170_reviewed	5584_reviewed	1
573_reviewed	8079_reviewed	1
6688_reviewed	2521_reviewed	1
25_reviewed	4792_reviewed	1
7181_reviewed	3065_reviewed	1
5295_reviewed	919_reviewed	1
54433_reviewed	83732_reviewed	1
26512_reviewed	79035_reviewed	1
5901_reviewed	3842_reviewed	1
64210_reviewed	5558_reviewed	1
374291_reviewed	29078_reviewed	1
2965_reviewed	2099_reviewed	1
10673_reviewed	64328_reviewed	1
54413_reviewed	85450_reviewed	1
10614_reviewed	1660_reviewed	1
65123_reviewed	5518_reviewed	1
10399_reviewed	30849_reviewed	1
54998_reviewed	55037_reviewed	1
23327_reviewed	64784_reviewed	1
2801_reviewed	26051_reviewed	1
3326_reviewed	10598_reviewed	1
51070_reviewed	4846_reviewed	1
5663_reviewed	7046_reviewed	1
6310_reviewed	23543_reviewed	1
7157_reviewed	3301_reviewed	1
104_reviewed	10969_reviewed	1
1027_reviewed	10971_reviewed	1
1848_reviewed	6945_reviewed	0
7251_reviewed	1398_reviewed	1
8237_reviewed	8480_reviewed	1
8500_reviewed	28964_reviewed	1
5702_reviewed	5708_reviewed	1
5565_reviewed	5571_reviewed	1
51377_reviewed	5691_reviewed	1
10656_reviewed	22893_reviewed	1
2643_reviewed	1457_reviewed	1
54496_reviewed	1965_reviewed	1
51701_reviewed	50943_reviewed	1
8045_reviewed	8440_reviewed	1
7189_reviewed	4217_reviewed	1
8678_reviewed	9711_reviewed	1
9402_reviewed	1436_reviewed	1
28973_reviewed	56945_reviewed	1
6778_reviewed	8648_reviewed	1
10987_reviewed	8533_reviewed	1
57506_reviewed	84282_reviewed	0
6128_reviewed	117246_reviewed	1
64750_reviewed	57506_reviewed	1
1161_reviewed	10575_reviewed	1
932_reviewed	1033_reviewed	1
8405_reviewed	10250_reviewed	1
7430_reviewed	5358_reviewed	1
8626_reviewed	54442_reviewed	1
1196_reviewed	1198_reviewed	1
56970_reviewed	55578_reviewed	1
5606_reviewed	4217_reviewed	1
140739_reviewed	54165_reviewed	1
9662_reviewed	55722_reviewed	1
515_reviewed	7417_reviewed	1
54512_reviewed	51010_reviewed	1
8431_reviewed	10062_reviewed	1
8945_reviewed	10733_reviewed	1
140885_reviewed	7431_reviewed	1
55142_reviewed	54801_reviewed	1
1869_reviewed	4194_reviewed	1
129880_reviewed	27241_reviewed	1
114883_reviewed	9218_reviewed	1
5245_reviewed	3326_reviewed	1
902_reviewed	10534_reviewed	1
124930_reviewed	7415_reviewed	1
55646_reviewed	4869_reviewed	1
56257_reviewed	6191_reviewed	1
267_reviewed	267_reviewed	1
2078_reviewed	9221_reviewed	1
51185_reviewed	7157_reviewed	1
5338_reviewed	226_reviewed	1
7430_reviewed	51477_reviewed	1
91137_reviewed	54927_reviewed	1
5577_reviewed	5576_reviewed	1
6925_reviewed	51588_reviewed	1
58478_reviewed	10193_reviewed	1
4791_reviewed	8945_reviewed	1
4300_reviewed	80237_reviewed	1
3611_reviewed	22948_reviewed	1
29116_reviewed	367_reviewed	1
3190_reviewed	10492_reviewed	1
23451_reviewed	6187_reviewed	1
329_reviewed	1434_reviewed	1
64419_reviewed	3416_reviewed	1
4000_reviewed	10652_reviewed	1
23354_reviewed	54801_reviewed	1
3566_reviewed	5777_reviewed	1
27429_reviewed	9113_reviewed	1
22866_reviewed	64750_reviewed	1
84376_reviewed	729830_reviewed	1
7283_reviewed	6950_reviewed	1
9638_reviewed	26064_reviewed	1
10551_reviewed	2271_reviewed	1
56288_reviewed	10238_reviewed	1
5518_reviewed	57650_reviewed	1
2885_reviewed	933_reviewed	1
5887_reviewed	6657_reviewed	1
23291_reviewed	96459_reviewed	1
10449_reviewed	5226_reviewed	1
1017_reviewed	5424_reviewed	1
1410_reviewed	11218_reviewed	1
51035_reviewed	8454_reviewed	1
25820_reviewed	8453_reviewed	1
7706_reviewed	3303_unreviewed	1
7316_reviewed	27342_reviewed	1
5700_reviewed	5696_reviewed	1
5311_reviewed	7220_reviewed	1
54840_reviewed	142_reviewed	1
4841_reviewed	950_reviewed	1
197_reviewed	823_reviewed	0
5520_reviewed	23517_reviewed	1
29761_reviewed	6850_reviewed	1
79155_reviewed	7186_reviewed	1
10010_reviewed	958_reviewed	1
25_reviewed	6789_reviewed	1
5531_reviewed	8030_reviewed	1
79172_reviewed	55839_reviewed	1
219541_reviewed	90390_reviewed	1
3875_reviewed	5340_reviewed	0
7704_reviewed	10013_reviewed	1
8535_reviewed	84759_reviewed	1
11133_reviewed	144577_reviewed	1
6128_reviewed	6208_reviewed	1
112858_reviewed	55644_reviewed	1
84108_reviewed	11091_reviewed	1
26277_reviewed	65057_reviewed	1
8499_reviewed	28964_reviewed	1
768_reviewed	1499_reviewed	1
8851_reviewed	815_reviewed	1
55768_reviewed	79139_reviewed	1
23569_reviewed	51147_reviewed	1
4208_reviewed	6667_reviewed	1
6790_reviewed	53615_reviewed	1
26271_reviewed	51433_reviewed	1
4719_reviewed	4729_reviewed	1
2690_reviewed	5770_reviewed	1
7182_reviewed	51634_reviewed	1
5784_reviewed	9223_reviewed	1
55791_reviewed	5764_reviewed	0
9416_reviewed	9129_reviewed	1
10036_reviewed	5111_reviewed	1
6625_reviewed	114034_reviewed	1
2078_reviewed	988_reviewed	1
64210_reviewed	1763_reviewed	1
6801_reviewed	10576_reviewed	1
1891_reviewed	6774_reviewed	1
1432_reviewed	1457_reviewed	1
84676_reviewed	5162_reviewed	1
4215_reviewed	57154_reviewed	1
80143_reviewed	5518_reviewed	1
26190_reviewed	8945_reviewed	1
1025_reviewed	6184_reviewed	1
5111_reviewed	4193_reviewed	1
10673_reviewed	57700_reviewed	1
23512_reviewed	1655_reviewed	1
79004_reviewed	9021_reviewed	1
8452_reviewed	55832_reviewed	1
991_reviewed	10694_reviewed	1
3265_reviewed	3105_reviewed	1
25820_reviewed	8394_reviewed	1
6720_reviewed	10001_reviewed	1
8450_reviewed	8531_reviewed	1
10273_reviewed	10049_reviewed	1
4722_reviewed	4714_reviewed	1
1956_reviewed	5581_reviewed	1
51377_reviewed	5689_reviewed	1
22919_reviewed	11004_reviewed	1
54780_reviewed	23137_reviewed	1
3184_reviewed	4904_reviewed	1
164_reviewed	10053_reviewed	1
26065_reviewed	23644_reviewed	1
4591_reviewed	147687_reviewed	1
26270_reviewed	6184_reviewed	1
5159_reviewed	5155_reviewed	1
9181_reviewed	387_reviewed	1
51765_reviewed	26127_reviewed	1
10336_reviewed	26053_reviewed	1
5581_reviewed	3551_reviewed	1
220988_reviewed	3188_reviewed	1
3635_reviewed	1796_reviewed	1
9870_reviewed	7332_reviewed	1
335_reviewed	351_reviewed	1
3065_reviewed	3364_reviewed	1
1956_reviewed	29927_reviewed	1
990_reviewed	4172_reviewed	1
7416_reviewed	10627_reviewed	1
57521_reviewed	10574_reviewed	1
10285_reviewed	9129_reviewed	1
348995_reviewed	79023_reviewed	1
2118_reviewed	6794_reviewed	1
9525_reviewed	84936_reviewed	1
5914_reviewed	1869_reviewed	1
6881_reviewed	9913_reviewed	1
23411_reviewed	6720_reviewed	1
3326_reviewed	11140_reviewed	1
8548_reviewed	8658_reviewed	1
10111_reviewed	7874_reviewed	1
149041_reviewed	6188_reviewed	1
10413_reviewed	10576_reviewed	1
10755_reviewed	6513_reviewed	1
3265_reviewed	8650_reviewed	1
2099_reviewed	9282_reviewed	1
5590_reviewed	1072_reviewed	1
81620_reviewed	4173_reviewed	1
7846_reviewed	7411_reviewed	1
5728_reviewed	10383_reviewed	1
5745_reviewed	9351_reviewed	1
6137_reviewed	6191_reviewed	1
5968_reviewed	7917_reviewed	1
51684_reviewed	65988_reviewed	1
9810_reviewed	3832_reviewed	1
7337_reviewed	5707_reviewed	1
10399_reviewed	5588_reviewed	0
22976_reviewed	5929_reviewed	1
2091_reviewed	134430_reviewed	1
8717_reviewed	8795_reviewed	0
23197_reviewed	3638_reviewed	1
80125_reviewed	653121_reviewed	1
57418_reviewed	79707_reviewed	1
8110_reviewed	6601_reviewed	1
6449_reviewed	50848_reviewed	1
1398_reviewed	6714_reviewed	1
3692_reviewed	6194_reviewed	1
6009_reviewed	5337_reviewed	1
7006_reviewed	1796_reviewed	1
81847_reviewed	10038_reviewed	1
10048_reviewed	64795_reviewed	1
7316_reviewed	10043_reviewed	1
6103_reviewed	9126_reviewed	1
1111_reviewed	7157_reviewed	1
10992_reviewed	23028_reviewed	1
10848_reviewed	55165_reviewed	1
5565_reviewed	4188_reviewed	1
7157_reviewed	6790_reviewed	1
5929_reviewed	430_reviewed	1
11030_reviewed	55342_reviewed	1
23243_reviewed	91526_reviewed	1
26147_reviewed	6839_reviewed	1
80227_reviewed	5705_reviewed	1
1999_reviewed	9439_reviewed	1
5071_reviewed	891_reviewed	1
10095_reviewed	10097_reviewed	1
2516_reviewed	115950_reviewed	1
6138_reviewed	6193_reviewed	1
6122_reviewed	6188_reviewed	1
7428_reviewed	7846_reviewed	1
55294_reviewed	7071_reviewed	1
5174_reviewed	9748_reviewed	1
1487_reviewed	63948_reviewed	1
65018_reviewed	7052_reviewed	1
9367_reviewed	80273_reviewed	1
10036_reviewed	5928_reviewed	1
27339_reviewed	6627_reviewed	1
5692_reviewed	5711_reviewed	1
5175_reviewed	3635_reviewed	1
1493_reviewed	2534_reviewed	1
5468_reviewed	23426_reviewed	1
11099_reviewed	10749_reviewed	1
4800_reviewed	7157_reviewed	1
1994_reviewed	10146_reviewed	1
4893_reviewed	6542_reviewed	1
5977_reviewed	5970_reviewed	1
5414_reviewed	331_reviewed	1
22827_reviewed	7551_reviewed	0
11335_reviewed	6672_reviewed	1
11075_reviewed	56159_reviewed	1
64601_reviewed	57617_reviewed	1
3622_reviewed	51742_reviewed	1
2812_reviewed	653361_reviewed	1
9874_reviewed	9874_reviewed	1
4661_reviewed	5300_reviewed	1
4734_reviewed	23558_reviewed	1
64969_reviewed	60488_reviewed	1
7068_reviewed	6907_reviewed	1
9020_reviewed	9020_reviewed	1
10980_reviewed	8452_reviewed	1
9647_reviewed	9113_reviewed	1
94241_reviewed	7157_reviewed	1
23118_reviewed	8517_reviewed	1
3665_reviewed	369_reviewed	1
7132_reviewed	6714_reviewed	1
3320_reviewed	3959_reviewed	1
8202_reviewed	2099_reviewed	1
8405_reviewed	22933_reviewed	1
26270_reviewed	23324_reviewed	1
80306_reviewed	10001_reviewed	1
4087_reviewed	55914_reviewed	1
5460_reviewed	2114_reviewed	1
23097_reviewed	10419_reviewed	1
4255_reviewed	1026_reviewed	1
3643_reviewed	55016_reviewed	1
4609_reviewed	6749_reviewed	1
25_reviewed	5296_reviewed	1
222229_reviewed	4999_reviewed	1
4092_reviewed	9958_reviewed	1
5687_reviewed	5708_reviewed	1
8678_reviewed	7248_reviewed	1
3066_reviewed	60528_reviewed	0
55844_reviewed	57805_reviewed	1
4175_reviewed	84289_reviewed	1
2735_reviewed	10116_reviewed	1
9129_reviewed	9129_reviewed	1
80149_reviewed	9100_reviewed	1
3981_reviewed	55325_reviewed	1
6204_reviewed	6194_reviewed	1
63976_reviewed	9112_reviewed	1
988_reviewed	10291_reviewed	1
26147_reviewed	8726_reviewed	1
6125_reviewed	6194_reviewed	1
5684_reviewed	3199_reviewed	1
10856_reviewed	741_reviewed	1
7072_reviewed	10922_reviewed	1
55536_reviewed	11168_reviewed	1
156_reviewed	157_reviewed	1
23495_reviewed	10673_reviewed	1
7529_reviewed	708_reviewed	1
7112_reviewed	8878_reviewed	1
23429_reviewed	11091_reviewed	1
9782_reviewed	57727_reviewed	1
5019_reviewed	8802_reviewed	1
8439_reviewed	60_reviewed	1
2010_reviewed	91746_reviewed	1
2305_reviewed	6667_reviewed	1
4211_reviewed	3205_reviewed	1
6733_reviewed	51631_reviewed	1
7128_reviewed	152137_reviewed	1
11124_reviewed	8452_reviewed	1
5886_reviewed	7316_reviewed	1
1628_reviewed	1649_reviewed	1
6187_reviewed	6202_reviewed	1
10618_reviewed	55117_reviewed	1
4927_reviewed	23636_reviewed	1
55011_reviewed	5436_reviewed	1
6188_reviewed	4790_reviewed	1
1956_reviewed	5782_reviewed	1
3184_reviewed	3185_reviewed	1
6152_reviewed	6202_reviewed	1
51564_reviewed	4659_reviewed	1
10524_reviewed	4193_reviewed	1
5965_reviewed	7520_reviewed	0
351_reviewed	23144_reviewed	1
6144_reviewed	6191_reviewed	1
10087_reviewed	10087_reviewed	1
5093_reviewed	23435_reviewed	1
10989_reviewed	5764_reviewed	0
3320_reviewed	3320_reviewed	1
9045_reviewed	6143_reviewed	1
5414_reviewed	596_reviewed	1
581_reviewed	597_reviewed	1
1019_reviewed	595_reviewed	1
2091_reviewed	51574_reviewed	1
6152_reviewed	6207_reviewed	1
4734_reviewed	8660_reviewed	1
10399_reviewed	5562_reviewed	1
5822_reviewed	9136_reviewed	1
8626_reviewed	7161_reviewed	1
29899_reviewed	2771_reviewed	1
5565_reviewed	2992_reviewed	1
254394_reviewed	5214_reviewed	1
5347_reviewed	2072_reviewed	1
22938_reviewed	3192_reviewed	1
5873_reviewed	94122_reviewed	1
4488_reviewed	9063_reviewed	1
4869_reviewed	6128_reviewed	1
3320_reviewed	4293_reviewed	1
84545_reviewed	57129_reviewed	1
53635_reviewed	6194_reviewed	1
23107_reviewed	56945_reviewed	1
9467_reviewed	695_reviewed	1
9047_reviewed	5295_reviewed	1
5499_reviewed	23228_reviewed	1
2580_reviewed	57559_reviewed	1
10551_reviewed	10840_reviewed	1
1643_reviewed	8533_reviewed	1
64750_reviewed	6498_reviewed	0
10992_reviewed	10569_reviewed	1
22981_reviewed	8841_reviewed	1
2099_reviewed	9862_reviewed	1
6142_reviewed	6133_reviewed	1
9402_reviewed	867_reviewed	1
7316_reviewed	79184_reviewed	1
10014_reviewed	7531_reviewed	1
50484_reviewed	4193_reviewed	1
10989_reviewed	81565_reviewed	1
167691_reviewed	11020_reviewed	1
7048_reviewed	5296_reviewed	1
10477_reviewed	91445_reviewed	1
23468_reviewed	5928_reviewed	1
10413_reviewed	5454_reviewed	1
56647_reviewed	5888_reviewed	1
4111_reviewed	56181_reviewed	1
10422_reviewed	63891_reviewed	1
1649_reviewed	1457_reviewed	1
6629_reviewed	6627_reviewed	1
51009_reviewed	79139_reviewed	1
1523_reviewed	6304_reviewed	1
9500_reviewed	26574_reviewed	1
90390_reviewed	10001_reviewed	1
196513_reviewed	1656_reviewed	1
140890_reviewed	6428_reviewed	1
7428_reviewed	3191_reviewed	1
55968_reviewed	11124_reviewed	1
22981_reviewed	7159_reviewed	1
5580_reviewed	6667_reviewed	1
79447_reviewed	2099_reviewed	1
10671_reviewed	84516_reviewed	1
9444_reviewed	58155_reviewed	1
7534_reviewed	10036_reviewed	1
54998_reviewed	4898_reviewed	1
3688_reviewed	9744_reviewed	1
5925_reviewed	4998_reviewed	1
6908_reviewed	2961_reviewed	1
11143_reviewed	27154_reviewed	1
23322_reviewed	6787_reviewed	1
55215_reviewed	55215_reviewed	1
3550_reviewed	3550_reviewed	1
10670_reviewed	58528_reviewed	1
5058_reviewed	2885_reviewed	1
5978_reviewed	4869_reviewed	1
10238_reviewed	80139_reviewed	1
1025_reviewed	10236_reviewed	1
6175_reviewed	6189_reviewed	1
5538_reviewed	7001_reviewed	1
129807_reviewed	4188_reviewed	1
2078_reviewed	10314_reviewed	1
3192_reviewed	27044_reviewed	1
27161_reviewed	4440_reviewed	1
65975_reviewed	9532_reviewed	1
10293_reviewed	2314_reviewed	1
408_reviewed	1445_reviewed	1
29760_reviewed	973_reviewed	1
26260_reviewed	60_reviewed	1
2783_reviewed	467_reviewed	0
9110_reviewed	7529_reviewed	1
5684_reviewed	5689_reviewed	1
10155_reviewed	9869_reviewed	1
55844_reviewed	23548_reviewed	1
28992_reviewed	2547_reviewed	1
65986_reviewed	7014_reviewed	1
6502_reviewed	7428_reviewed	1
5682_reviewed	143471_reviewed	1
9759_reviewed	57763_reviewed	1
123169_reviewed	54623_reviewed	1
26973_reviewed	57510_reviewed	1
1937_reviewed	3035_reviewed	1
8767_reviewed	246330_reviewed	1
10551_reviewed	6201_reviewed	1
23371_reviewed	54431_reviewed	1
3984_reviewed	3084_reviewed	1
23411_reviewed	2494_reviewed	0
3725_reviewed	2099_reviewed	1
154_reviewed	7415_reviewed	1
4259_reviewed	55735_reviewed	1
3852_reviewed	84260_reviewed	1
7186_reviewed	54469_reviewed	1
10587_reviewed	5702_reviewed	1
29105_reviewed	23552_reviewed	1
57154_reviewed	79176_reviewed	1
84243_reviewed	9781_reviewed	1
26034_reviewed	9266_reviewed	1
2915_reviewed	6477_reviewed	1
1460_reviewed	11198_reviewed	1
22981_reviewed	57701_reviewed	1
10856_reviewed	83444_reviewed	1
5160_reviewed	55379_reviewed	1
1499_reviewed	8312_reviewed	1
5784_reviewed	8453_reviewed	1
9939_reviewed	84305_reviewed	1
9319_reviewed	57715_reviewed	1
5058_reviewed	8874_reviewed	1
54715_reviewed	9253_reviewed	1
4692_reviewed	54900_reviewed	1
340419_reviewed	84133_reviewed	1
25915_reviewed	29078_reviewed	1
7337_reviewed	9097_reviewed	1
80097_reviewed	114791_reviewed	1
1939_reviewed	3035_reviewed	1
79003_reviewed	11243_reviewed	1
369_reviewed	596_reviewed	0
329_reviewed	55093_reviewed	1
9531_reviewed	4176_reviewed	1
6139_reviewed	6124_reviewed	1
7020_reviewed	1460_reviewed	1
55662_reviewed	23248_reviewed	1
3091_reviewed	5925_reviewed	1
3065_reviewed	7050_reviewed	1
79155_reviewed	10284_reviewed	1
7408_reviewed	7791_reviewed	1
10014_reviewed	4772_reviewed	1
1499_reviewed	1660_reviewed	1
540_reviewed	51164_reviewed	1
10094_reviewed	830_reviewed	1
6640_reviewed	6300_reviewed	1
4194_reviewed	1452_reviewed	1
2782_reviewed	2778_reviewed	1
23411_reviewed	7791_reviewed	1
8454_reviewed	8900_reviewed	1
10956_reviewed	8836_reviewed	1
5598_reviewed	4209_reviewed	1
3190_reviewed	9444_reviewed	1
1173_reviewed	361_reviewed	1
9903_reviewed	8452_reviewed	1
4609_reviewed	57650_reviewed	1
3326_reviewed	29765_reviewed	1
5934_reviewed	1869_reviewed	1
1487_reviewed	57215_reviewed	1
10971_reviewed	4869_reviewed	1
8452_reviewed	5822_reviewed	1
10551_reviewed	6205_reviewed	1
5510_reviewed	5501_reviewed	1
22806_reviewed	64376_reviewed	1
7179_reviewed	7037_reviewed	1
199990_reviewed	2187_reviewed	1
387_reviewed	23164_reviewed	1
81620_reviewed	6502_reviewed	1
51692_reviewed	10898_reviewed	1
51773_reviewed	8467_reviewed	1
6714_reviewed	5786_reviewed	1
22981_reviewed	286077_reviewed	1
1432_reviewed	1386_reviewed	1
5499_reviewed	4486_reviewed	1
10928_reviewed	9185_reviewed	1
29086_reviewed	23172_reviewed	1
51324_reviewed	55122_reviewed	1
1869_reviewed	6908_reviewed	1
4171_reviewed	9134_reviewed	0
10273_reviewed	5590_reviewed	1
126074_reviewed	5892_reviewed	1
25942_reviewed	79595_reviewed	1
10987_reviewed	9024_reviewed	1
55054_reviewed	9363_reviewed	1
9818_reviewed	53371_reviewed	1
525_reviewed	523_reviewed	1
5538_reviewed	1400_reviewed	1
7706_reviewed	10383_reviewed	1
55030_reviewed	8454_reviewed	1
7706_reviewed	5774_reviewed	1
11222_reviewed	51073_reviewed	1
6144_reviewed	6203_reviewed	1
6389_reviewed	8801_reviewed	1
7186_reviewed	857_reviewed	1
2617_reviewed	2673_reviewed	1
55294_reviewed	9399_reviewed	1
51637_reviewed	3192_reviewed	1
5725_reviewed	5725_reviewed	1
2876_reviewed	27_reviewed	1
55764_reviewed	57539_reviewed	1
2130_reviewed	10262_reviewed	1
4137_reviewed	3308_reviewed	1
139341_reviewed	3312_reviewed	1
4736_reviewed	6133_reviewed	1
7027_reviewed	1871_reviewed	1
6310_reviewed	9779_reviewed	1
5093_reviewed	9444_reviewed	1
953_reviewed	10048_reviewed	1
23016_reviewed	23517_reviewed	0
9382_reviewed	10466_reviewed	1
7128_reviewed	10616_reviewed	1
7415_reviewed	1500_reviewed	1
23769_reviewed	2260_reviewed	1
5621_reviewed	3198_reviewed	1
1053_reviewed	7329_reviewed	1
406_reviewed	1460_reviewed	1
26060_reviewed	9219_reviewed	1
409_reviewed	8120_reviewed	1
5160_reviewed	7385_reviewed	1
1452_reviewed	3161_reviewed	1
4171_reviewed	6191_reviewed	1
8468_reviewed	3326_reviewed	1
8260_reviewed	10919_reviewed	1
3006_reviewed	402569_reviewed	1
5883_reviewed	25_reviewed	1
122416_reviewed	8065_reviewed	1
5706_reviewed	5715_reviewed	1
10783_reviewed	5764_reviewed	1
4000_reviewed	23592_reviewed	1
51510_reviewed	9636_reviewed	1
1994_reviewed	27161_reviewed	1
5682_reviewed	9861_reviewed	1
3646_reviewed	5718_reviewed	1
54520_reviewed	51397_reviewed	1
2177_reviewed	5893_reviewed	0
988_reviewed	6137_reviewed	1
10551_reviewed	6187_reviewed	1
114790_reviewed	4089_reviewed	1
7405_reviewed	1452_reviewed	1
10477_reviewed	10477_reviewed	1
10551_reviewed	5861_reviewed	1
26747_reviewed	9326_reviewed	1
355_reviewed	355_reviewed	1
7157_reviewed	4000_reviewed	1
5774_reviewed	7529_reviewed	1
2810_reviewed	7248_reviewed	0
4087_reviewed	6601_reviewed	1
6810_reviewed	8773_reviewed	1
10238_reviewed	10336_reviewed	1
10239_reviewed	8943_reviewed	1
8575_reviewed	115098_reviewed	1
4692_reviewed	283208_reviewed	1
10277_reviewed	84993_reviewed	1
23645_reviewed	6598_reviewed	1
768_reviewed	7514_reviewed	1
7409_reviewed	397_reviewed	1
8175_reviewed	3312_reviewed	1
11275_reviewed	9817_reviewed	1
54951_reviewed	1876_reviewed	1
154_reviewed	3570_reviewed	1
5705_reviewed	4261_reviewed	1
7189_reviewed	6714_reviewed	1
1642_reviewed	1161_reviewed	1
6605_reviewed	9274_reviewed	1
348_reviewed	27250_reviewed	1
254394_reviewed	84072_reviewed	1
3937_reviewed	4067_reviewed	1
23588_reviewed	25820_reviewed	1
2967_reviewed	2966_reviewed	1
29086_reviewed	6472_reviewed	1
6812_reviewed	415117_reviewed	1
8237_reviewed	6045_reviewed	1
6132_reviewed	6133_reviewed	1
10807_reviewed	28964_reviewed	1
6548_reviewed	54997_reviewed	1
6118_reviewed	142_reviewed	1
5162_reviewed	5163_reviewed	1
2260_reviewed	4734_reviewed	1
11338_reviewed	22827_reviewed	1
10573_reviewed	64983_reviewed	1
4893_reviewed	6522_reviewed	1
5584_reviewed	3996_reviewed	1
90025_reviewed	891_reviewed	1
26263_reviewed	6500_reviewed	1
5520_reviewed	673_reviewed	1
80725_reviewed	10174_reviewed	1
84811_reviewed	51634_reviewed	1
5686_reviewed	5696_reviewed	1
79618_reviewed	140460_reviewed	1
7098_reviewed	29110_reviewed	1
3320_reviewed	26973_reviewed	1
140460_reviewed	55662_reviewed	1
5739_reviewed	6915_reviewed	1
607_reviewed	1499_reviewed	1
79876_reviewed	51506_reviewed	1
8175_reviewed	23450_reviewed	1
1315_reviewed	375_reviewed	1
6142_reviewed	6175_reviewed	1
4176_reviewed	10926_reviewed	1
860_reviewed	2353_reviewed	1
2308_reviewed	6502_reviewed	1
115290_reviewed	8454_reviewed	1
821_reviewed	58477_reviewed	1
26234_reviewed	51647_reviewed	1
5683_reviewed	7415_reviewed	1
9100_reviewed	7316_reviewed	1
51574_reviewed	65003_reviewed	1
84867_reviewed	539_reviewed	1
3866_reviewed	51322_reviewed	1
2885_reviewed	118788_reviewed	1
8535_reviewed	7690_reviewed	1
1025_reviewed	3312_reviewed	1
1933_reviewed	7178_reviewed	1
4609_reviewed	64783_reviewed	1
5683_reviewed	5695_reviewed	1
26297_reviewed	55770_reviewed	1
6125_reviewed	6204_reviewed	1
4543_reviewed	10130_reviewed	1
55294_reviewed	2146_reviewed	1
64326_reviewed	6950_reviewed	1
1080_reviewed	10527_reviewed	1
25936_reviewed	147841_reviewed	1
9474_reviewed	8772_reviewed	1
9911_reviewed	92906_reviewed	1
673_reviewed	11140_reviewed	1
6857_reviewed	80331_reviewed	1
55929_reviewed	3065_reviewed	1
9441_reviewed	9440_reviewed	1
25937_reviewed	5499_reviewed	1
4734_reviewed	5468_reviewed	1
23047_reviewed	8243_reviewed	1
56257_reviewed	6627_reviewed	1
56257_reviewed	6187_reviewed	1
1000_reviewed	1495_reviewed	1
10987_reviewed	84861_reviewed	1
84101_reviewed	2146_reviewed	1
6191_reviewed	6193_reviewed	1
5830_reviewed	26061_reviewed	1
197370_reviewed	23137_reviewed	1
4914_reviewed	11140_reviewed	1
51588_reviewed	9183_reviewed	1
84108_reviewed	1876_reviewed	1
7251_reviewed	1975_reviewed	1
6198_reviewed	4601_reviewed	1
1909_reviewed	51564_reviewed	1
7329_reviewed	3091_reviewed	1
3093_reviewed	6045_reviewed	1
2882_reviewed	3309_reviewed	1
80746_reviewed	79042_reviewed	1
7157_reviewed	1540_reviewed	1
9908_reviewed	7706_reviewed	1
6657_reviewed	1523_reviewed	1
1642_reviewed	55626_reviewed	1
5685_reviewed	5695_reviewed	1
7071_reviewed	6477_reviewed	1
7157_reviewed	7337_reviewed	1
207_reviewed	6714_reviewed	1
867_reviewed	2885_reviewed	1
5538_reviewed	498_reviewed	1
1642_reviewed	51514_reviewed	1
7316_reviewed	7320_reviewed	1
10572_reviewed	7157_reviewed	1
56955_reviewed	1111_reviewed	1
8725_reviewed	55929_reviewed	1
2321_reviewed	5335_reviewed	1
823_reviewed	826_reviewed	1
3066_reviewed	57708_reviewed	1
1660_reviewed	5970_reviewed	1
3326_reviewed	10953_reviewed	1
56940_reviewed	3265_reviewed	1
9219_reviewed	25942_reviewed	1
3845_reviewed	5099_reviewed	1
4193_reviewed	57154_reviewed	1
92104_reviewed	11020_reviewed	1
6124_reviewed	6129_reviewed	1
9446_reviewed	53343_reviewed	1
27339_reviewed	24148_reviewed	1
1537_reviewed	4716_reviewed	1
27335_reviewed	10480_reviewed	1
59272_reviewed	183_reviewed	1
4294_reviewed	23542_reviewed	1
7538_reviewed	79899_reviewed	1
7307_reviewed	10921_reviewed	1
5888_reviewed	157638_reviewed	1
23390_reviewed	9637_reviewed	1
7179_reviewed	3032_reviewed	1
6147_reviewed	6124_reviewed	1
2895_reviewed	5775_reviewed	1
5071_reviewed	595_reviewed	1
11047_reviewed	5708_reviewed	1
9531_reviewed	10188_reviewed	1
10987_reviewed	5501_reviewed	1
4704_reviewed	4720_reviewed	1
4846_reviewed	115677_reviewed	1
3692_reviewed	6125_reviewed	1
7534_reviewed	1676_reviewed	1
65123_reviewed	55174_reviewed	1
10979_reviewed	2273_reviewed	1
3265_reviewed	54927_reviewed	1
1653_reviewed	4670_reviewed	1
10476_reviewed	539_reviewed	1
154796_reviewed	51421_reviewed	1
11124_reviewed	253943_reviewed	1
11030_reviewed	27287_reviewed	1
5753_reviewed	3091_reviewed	1
6135_reviewed	6205_reviewed	1
5519_reviewed	1019_reviewed	1
9510_reviewed	7422_reviewed	1
10477_reviewed	6048_reviewed	1
51343_reviewed	51434_reviewed	1
5422_reviewed	5558_reviewed	1
81858_reviewed	10616_reviewed	1
5335_reviewed	4137_reviewed	1
4172_reviewed	1017_reviewed	1
29110_reviewed	340061_reviewed	1
8991_reviewed	8726_reviewed	1
1759_reviewed	23048_reviewed	1
2146_reviewed	207_reviewed	1
8915_reviewed	29775_reviewed	1
445_reviewed	445_reviewed	1
57630_reviewed	7334_reviewed	1
10403_reviewed	29079_reviewed	1
4520_reviewed	4869_reviewed	1
4609_reviewed	9584_reviewed	1
3394_reviewed	3659_reviewed	1
1104_reviewed	5901_reviewed	1
8471_reviewed	1508_reviewed	1
4591_reviewed	23512_reviewed	1
5371_reviewed	6304_reviewed	1
867_reviewed	5599_reviewed	1
8864_reviewed	7157_reviewed	1
6934_reviewed	54894_reviewed	1
55257_reviewed	55929_reviewed	1
7157_reviewed	5527_reviewed	1
9031_reviewed	10514_reviewed	1
6256_reviewed	10499_reviewed	1
8850_reviewed	2146_reviewed	1
5093_reviewed	7112_reviewed	1
6790_reviewed	2175_reviewed	1
23468_reviewed	23383_reviewed	1
5883_reviewed	79661_reviewed	1
92610_reviewed	92610_reviewed	1
3516_reviewed	10795_reviewed	1
1495_reviewed	8727_reviewed	0
6657_reviewed	1642_reviewed	1
152926_reviewed	594_reviewed	1
7403_reviewed	9070_reviewed	1
5048_reviewed	6249_reviewed	1
2302_reviewed	221322_reviewed	1
7520_reviewed	11198_reviewed	1
10521_reviewed	1655_reviewed	1
5160_reviewed	10989_reviewed	1
22927_reviewed	8683_reviewed	1
84078_reviewed	54958_reviewed	1
6867_reviewed	6790_reviewed	1
200558_reviewed	2547_reviewed	1
7988_reviewed	7988_reviewed	1
3837_reviewed	267_reviewed	1
26524_reviewed	8697_reviewed	1
5743_reviewed	4924_reviewed	1
7013_reviewed	4830_reviewed	1
8626_reviewed	8881_reviewed	1
9219_reviewed	51574_reviewed	1
51009_reviewed	7415_reviewed	1
56254_reviewed	64750_reviewed	1
4609_reviewed	5691_reviewed	1
56257_reviewed	3182_reviewed	1
57558_reviewed	79155_reviewed	1
5351_reviewed	3188_reviewed	1
4691_reviewed	6194_reviewed	1
4287_reviewed	3301_reviewed	1
7316_reviewed	10211_reviewed	1
55662_reviewed	7428_reviewed	1
4609_reviewed	2931_reviewed	1
117854_reviewed	117854_reviewed	1
1874_reviewed	5934_reviewed	1
843_reviewed	9588_reviewed	1
1026_reviewed	5599_reviewed	1
55072_reviewed	55072_reviewed	1
1003_reviewed	1499_reviewed	1
51295_reviewed	4720_reviewed	1
835_reviewed	7187_reviewed	1
8452_reviewed	25998_reviewed	1
5702_reviewed	5688_reviewed	1
898_reviewed	4863_reviewed	1
900_reviewed	10318_reviewed	1
7360_reviewed	10425_reviewed	1
5747_reviewed	4756_reviewed	1
26270_reviewed	4669_reviewed	1
5925_reviewed	4193_reviewed	1
4176_reviewed	8243_reviewed	1
207_reviewed	2932_reviewed	1
3866_reviewed	112869_reviewed	1
85509_reviewed	9112_reviewed	1
6871_reviewed	70_reviewed	1
64170_reviewed	117178_reviewed	1
3581_reviewed	10524_reviewed	1
3169_reviewed	8554_reviewed	1
54926_reviewed	7316_reviewed	1
1072_reviewed	5052_reviewed	1
409_reviewed	4734_reviewed	1
79577_reviewed	1499_reviewed	1
2494_reviewed	8431_reviewed	1
1457_reviewed	7157_reviewed	1
8503_reviewed	155368_reviewed	1
1975_reviewed	3315_reviewed	0
3551_reviewed	5578_reviewed	1
51574_reviewed	3312_reviewed	1
2248_reviewed	10969_reviewed	1
84312_reviewed	8819_reviewed	1
22818_reviewed	10972_reviewed	1
8743_reviewed	8795_reviewed	1
10651_reviewed	54927_reviewed	1
1647_reviewed	1915_reviewed	1
6927_reviewed	6928_reviewed	1
11140_reviewed	79657_reviewed	1
2287_reviewed	4193_reviewed	1
29978_reviewed	4082_reviewed	1
23390_reviewed	3646_reviewed	1
23118_reviewed	8678_reviewed	1
7157_reviewed	7203_reviewed	1
2783_reviewed	55422_reviewed	0
79102_reviewed	9958_reviewed	1
2324_reviewed	5228_reviewed	0
7317_reviewed	92912_reviewed	1
6294_reviewed	9667_reviewed	1
4609_reviewed	10813_reviewed	1
1410_reviewed	836_reviewed	1
10971_reviewed	5208_reviewed	1
10618_reviewed	1315_reviewed	1
2960_reviewed	6882_reviewed	1
705_reviewed	28987_reviewed	1
83548_reviewed	84342_reviewed	1
9091_reviewed	5279_reviewed	1
151987_reviewed	23451_reviewed	1
1859_reviewed	10024_reviewed	1
6144_reviewed	6133_reviewed	1
5432_reviewed	5432_reviewed	1
5914_reviewed	6714_reviewed	1
55081_reviewed	26146_reviewed	1
10291_reviewed	9092_reviewed	1
1665_reviewed	10492_reviewed	1
1026_reviewed	4869_reviewed	1
5698_reviewed	8202_reviewed	1
2078_reviewed	55920_reviewed	1
5684_reviewed	10971_reviewed	1
7965_reviewed	5917_reviewed	1
8428_reviewed	29966_reviewed	1
2932_reviewed	3725_reviewed	1
6222_reviewed	6201_reviewed	1
3308_reviewed	581_reviewed	0
5932_reviewed	5934_reviewed	1
1875_reviewed	5934_reviewed	1
84937_reviewed	7316_reviewed	1
7185_reviewed	958_reviewed	0
8405_reviewed	2099_reviewed	1
29978_reviewed	5710_reviewed	1
7157_reviewed	23598_reviewed	1
10413_reviewed	9260_reviewed	1
10640_reviewed	23265_reviewed	1
7289_reviewed	9742_reviewed	1
5371_reviewed	25942_reviewed	1
2923_reviewed	1191_reviewed	1
199990_reviewed	80233_reviewed	1
3646_reviewed	8663_reviewed	1
56257_reviewed	51807_reviewed	1
4940_reviewed	7866_reviewed	1
1967_reviewed	8892_reviewed	1
5684_reviewed	5709_reviewed	1
25898_reviewed	3856_reviewed	1
9212_reviewed	5684_reviewed	1
83737_reviewed	51429_reviewed	1
4543_reviewed	10890_reviewed	1
5728_reviewed	996_reviewed	1
5876_reviewed	5875_reviewed	1
8503_reviewed	5291_reviewed	1
8453_reviewed	23450_reviewed	1
3320_reviewed	657_reviewed	1
7514_reviewed	55011_reviewed	1
57646_reviewed	5587_reviewed	1
6045_reviewed	1460_reviewed	1
55236_reviewed	84196_reviewed	1
309_reviewed	3480_reviewed	0
7428_reviewed	7178_reviewed	1
57506_reviewed	56897_reviewed	1
2091_reviewed	56902_reviewed	1
3178_reviewed	4193_reviewed	1
8452_reviewed	57563_reviewed	1
7189_reviewed	353376_reviewed	1
51324_reviewed	91647_reviewed	1
60_reviewed	653361_reviewed	1
10614_reviewed	8907_reviewed	1
132660_reviewed	4603_reviewed	1
8766_reviewed	117177_reviewed	1
6657_reviewed	9745_reviewed	1
138639_reviewed	5520_reviewed	1
23291_reviewed	221092_reviewed	1
4076_reviewed	10146_reviewed	1
54708_reviewed	139341_reviewed	1
22927_reviewed	7329_reviewed	1
1642_reviewed	3066_reviewed	1
2977_reviewed	10273_reviewed	1
2099_reviewed	10521_reviewed	1
29110_reviewed	147945_reviewed	1
4796_reviewed	4796_reviewed	1
6714_reviewed	22920_reviewed	1
5080_reviewed	5080_reviewed	1
5774_reviewed	3609_reviewed	1
5700_reviewed	5685_reviewed	1
2801_reviewed	9724_reviewed	1
1080_reviewed	5110_reviewed	1
1488_reviewed	10919_reviewed	1
56852_reviewed	7320_reviewed	1
8878_reviewed	23435_reviewed	1
4193_reviewed	1452_reviewed	1
6130_reviewed	6188_reviewed	1
10273_reviewed	8079_reviewed	1
4296_reviewed	4296_reviewed	1
5879_reviewed	8871_reviewed	1
55611_reviewed	4087_reviewed	1
5371_reviewed	7704_reviewed	1
63922_reviewed	79075_reviewed	1
8841_reviewed	860_reviewed	1
8899_reviewed	5411_reviewed	1
4609_reviewed	9260_reviewed	1
5015_reviewed	3170_reviewed	1
10273_reviewed	3320_reviewed	1
3428_reviewed	367_reviewed	1
867_reviewed	10477_reviewed	1
3643_reviewed	3717_reviewed	1
23387_reviewed	6885_reviewed	1
10525_reviewed	23621_reviewed	1
1025_reviewed	23435_reviewed	1
326_reviewed	9126_reviewed	1
80232_reviewed	10048_reviewed	1
6134_reviewed	6203_reviewed	1
4893_reviewed	10228_reviewed	1
9817_reviewed	9748_reviewed	1
10869_reviewed	3091_reviewed	1
821_reviewed	3163_reviewed	1
7014_reviewed	10212_reviewed	1
5890_reviewed	7516_reviewed	1
8878_reviewed	857_reviewed	1
5347_reviewed	5684_reviewed	1
3665_reviewed	3654_reviewed	1
149951_reviewed	51397_reviewed	1
6138_reviewed	6141_reviewed	1
207_reviewed	3315_reviewed	1
5584_reviewed	3320_reviewed	1
56006_reviewed	55181_reviewed	1
1956_reviewed	9021_reviewed	1
374291_reviewed	28976_reviewed	1
1655_reviewed	23429_reviewed	1
3845_reviewed	6515_reviewed	1
396_reviewed	2130_reviewed	1
7375_reviewed	3066_reviewed	1
5801_reviewed	10687_reviewed	1
6125_reviewed	6205_reviewed	1
4605_reviewed	142_reviewed	1
9933_reviewed	29997_reviewed	1
7518_reviewed	25900_reviewed	1
54165_reviewed	1642_reviewed	1
7170_reviewed	7170_reviewed	1
4705_reviewed	64847_reviewed	1
6449_reviewed	3320_reviewed	1
3065_reviewed	3066_reviewed	1
10013_reviewed	5594_reviewed	1
219541_reviewed	29079_reviewed	1
8803_reviewed	23204_reviewed	1
1111_reviewed	1642_reviewed	1
79833_reviewed	50628_reviewed	1
57154_reviewed	51177_reviewed	1
54994_reviewed	2932_reviewed	1
54998_reviewed	60488_reviewed	1
9063_reviewed	3090_reviewed	1
28976_reviewed	5163_reviewed	1
3837_reviewed	3838_reviewed	1
9306_reviewed	22894_reviewed	1
3091_reviewed	8453_reviewed	1
5521_reviewed	80311_reviewed	1
6621_reviewed	6618_reviewed	1
657_reviewed	658_reviewed	1
29911_reviewed	80125_reviewed	1
4221_reviewed	6934_reviewed	1
56950_reviewed	23136_reviewed	1
7920_reviewed	6048_reviewed	1
5500_reviewed	54776_reviewed	1
3183_reviewed	55285_reviewed	1
28964_reviewed	5335_reviewed	1
3799_reviewed	8773_reviewed	1
5538_reviewed	539_reviewed	1
79172_reviewed	79682_reviewed	1
5501_reviewed	222658_reviewed	1
7001_reviewed	5093_reviewed	1
9439_reviewed	5925_reviewed	1
84182_reviewed	7157_reviewed	1
6627_reviewed	22938_reviewed	1
10856_reviewed	602_reviewed	1
1649_reviewed	51171_reviewed	1
1915_reviewed	2597_reviewed	1
23411_reviewed	367_reviewed	1
10458_reviewed	23191_reviewed	1
839_reviewed	839_reviewed	1
1399_reviewed	7454_reviewed	1
4790_reviewed	1499_reviewed	1
1478_reviewed	8189_reviewed	1
8409_reviewed	7428_reviewed	1
54994_reviewed	1499_reviewed	1
2274_reviewed	2274_reviewed	1
495_reviewed	23673_reviewed	1
23411_reviewed	142_reviewed	1
8856_reviewed	8445_reviewed	1
8773_reviewed	10228_reviewed	1
1973_reviewed	8661_reviewed	1
5071_reviewed	6950_reviewed	1
7316_reviewed	5687_reviewed	1
2189_reviewed	2067_reviewed	1
79444_reviewed	79444_reviewed	1
1937_reviewed	1937_reviewed	1
26053_reviewed	1457_reviewed	1
63891_reviewed	1027_reviewed	1
1859_reviewed	824_reviewed	1
7555_reviewed	6122_reviewed	1
4143_reviewed	4144_reviewed	1
10987_reviewed	10980_reviewed	1
11200_reviewed	8493_reviewed	1
8454_reviewed	51438_reviewed	1
4869_reviewed	6125_reviewed	1
2885_reviewed	2909_reviewed	1
81550_reviewed	2130_reviewed	1
1642_reviewed	1788_reviewed	1
6625_reviewed	6626_reviewed	1
4609_reviewed	9361_reviewed	1
5213_reviewed	5211_reviewed	1
659_reviewed	657_reviewed	1
595_reviewed	1026_reviewed	1
5595_reviewed	57521_reviewed	1
84959_reviewed	10112_reviewed	1
10078_reviewed	57461_reviewed	1
2273_reviewed	2099_reviewed	1
1788_reviewed	3065_reviewed	1
54973_reviewed	55756_reviewed	1
4286_reviewed	7030_reviewed	1
2289_reviewed	51236_reviewed	1
6720_reviewed	51586_reviewed	1
3265_reviewed	57648_reviewed	1
3190_reviewed	3276_reviewed	1
56946_reviewed	10951_reviewed	1
129880_reviewed	585_reviewed	1
8315_reviewed	10566_reviewed	1
55832_reviewed	6500_reviewed	1
1630_reviewed	6125_reviewed	1
1454_reviewed	1408_reviewed	1
7415_reviewed	891_reviewed	1
57573_reviewed	91949_reviewed	1
6601_reviewed	29117_reviewed	1
3275_reviewed	5925_reviewed	1
5883_reviewed	51548_reviewed	1
84955_reviewed	26958_reviewed	1
7415_reviewed	7534_reviewed	1
9391_reviewed	64210_reviewed	1
5682_reviewed	5708_reviewed	1
166_reviewed	79005_reviewed	1
55114_reviewed	29993_reviewed	1
7157_reviewed	328_reviewed	1
3178_reviewed	55037_reviewed	1
3486_reviewed	1277_reviewed	1
10656_reviewed	80125_reviewed	1
5515_reviewed	22948_reviewed	1
6657_reviewed	8451_reviewed	1
3866_reviewed	84260_reviewed	1
4140_reviewed	7531_reviewed	1
3065_reviewed	5978_reviewed	1
199713_reviewed	7704_reviewed	1
3717_reviewed	1956_reviewed	1
857_reviewed	7415_reviewed	1
9531_reviewed	5684_reviewed	1
1871_reviewed	3070_reviewed	1
25793_reviewed	6128_reviewed	1
1800_reviewed	26128_reviewed	1
8666_reviewed	51386_reviewed	1
23178_reviewed	9401_reviewed	1
9306_reviewed	10455_reviewed	1
3621_reviewed	3066_reviewed	1
64750_reviewed	6304_reviewed	1
5663_reviewed	2670_reviewed	1
9761_reviewed	6184_reviewed	1
7415_reviewed	5780_reviewed	1
6187_reviewed	55720_reviewed	1
1956_reviewed	10294_reviewed	1
3654_reviewed	3654_reviewed	1
10514_reviewed	51547_reviewed	1
4137_reviewed	5071_reviewed	1
27429_reviewed	3028_reviewed	1
7508_reviewed	2071_reviewed	1
23291_reviewed	91452_reviewed	1
81620_reviewed	8900_reviewed	1
25913_reviewed	65057_reviewed	1
94121_reviewed	6812_reviewed	1
51631_reviewed	11338_reviewed	1
4609_reviewed	10528_reviewed	1
10236_reviewed	26986_reviewed	1
6591_reviewed	7329_reviewed	1
335_reviewed	335_reviewed	1
55660_reviewed	5764_reviewed	0
2353_reviewed	3725_reviewed	1
5468_reviewed	5925_reviewed	1
5595_reviewed	84656_reviewed	0
84365_reviewed	55131_reviewed	1
8481_reviewed	5347_reviewed	1
3987_reviewed	6251_reviewed	1
655_reviewed	9354_reviewed	1
4690_reviewed	356_reviewed	1
79923_reviewed	8405_reviewed	1
28992_reviewed	5970_reviewed	1
5739_reviewed	5739_reviewed	1
10589_reviewed	10589_reviewed	1
3577_reviewed	2771_reviewed	1
9619_reviewed	4734_reviewed	1
116138_reviewed	8065_reviewed	1
84164_reviewed	9325_reviewed	1
832_reviewed	1639_reviewed	1
22894_reviewed	22894_reviewed	0
861_reviewed	5977_reviewed	1
10240_reviewed	64965_reviewed	1
9575_reviewed	6097_reviewed	1
7791_reviewed	3927_reviewed	1
57695_reviewed	996_reviewed	1
29789_reviewed	10399_reviewed	1
7157_reviewed	7027_reviewed	1
493829_reviewed	7328_reviewed	1
5531_reviewed	10574_reviewed	1
836_reviewed	2017_reviewed	1
5977_reviewed	6604_reviewed	1
142_reviewed	28992_reviewed	1
6133_reviewed	79959_reviewed	1
84612_reviewed	50855_reviewed	1
10363_reviewed	10363_reviewed	1
5700_reviewed	5700_reviewed	1
3320_reviewed	3308_reviewed	1
10921_reviewed	9967_reviewed	1
10551_reviewed	1434_reviewed	1
10625_reviewed	3609_reviewed	1
7534_reviewed	6434_reviewed	1
468_reviewed	55422_reviewed	0
6449_reviewed	54788_reviewed	1
1445_reviewed	2664_reviewed	0
6426_reviewed	7307_reviewed	1
6396_reviewed	10427_reviewed	1
4691_reviewed	2547_reviewed	1
3187_reviewed	3188_reviewed	1
51631_reviewed	22938_reviewed	1
1847_reviewed	10527_reviewed	1
51341_reviewed	7520_reviewed	1
7428_reviewed	28987_reviewed	1
3665_reviewed	3665_reviewed	1
23136_reviewed	2037_reviewed	1
4947_reviewed	51582_reviewed	1
6737_reviewed	56658_reviewed	1
64326_reviewed	57761_reviewed	1
9782_reviewed	3185_reviewed	1
5684_reviewed	1655_reviewed	1
5338_reviewed	2597_reviewed	1
3725_reviewed	2130_reviewed	1
5861_reviewed	2801_reviewed	1
51160_reviewed	93343_reviewed	1
9479_reviewed	23542_reviewed	1
6733_reviewed	79169_reviewed	1
9391_reviewed	3658_reviewed	1
4289_reviewed	25852_reviewed	1
3183_reviewed	3839_reviewed	1
7409_reviewed	2146_reviewed	1
89870_reviewed	6714_reviewed	1
5603_reviewed	4137_reviewed	1
7534_reviewed	10987_reviewed	1
53407_reviewed	23256_reviewed	1
725_reviewed	5627_reviewed	1
506_reviewed	4719_reviewed	1
50807_reviewed	9727_reviewed	1
821_reviewed	10159_reviewed	1
10490_reviewed	10228_reviewed	1
3735_reviewed	7965_reviewed	1
387_reviewed	6093_reviewed	1
8942_reviewed	6611_reviewed	1
6147_reviewed	6193_reviewed	1
142_reviewed	203068_reviewed	0
51426_reviewed	56852_reviewed	1
84078_reviewed	23085_reviewed	1
23542_reviewed	9910_reviewed	1
3480_reviewed	7706_reviewed	1
3265_reviewed	255252_reviewed	1
51741_reviewed	26528_reviewed	1
9111_reviewed	23028_reviewed	1
29980_reviewed	4176_reviewed	1
1432_reviewed	9401_reviewed	1
9530_reviewed	3337_reviewed	1
5970_reviewed	51341_reviewed	1
84867_reviewed	10476_reviewed	1
9112_reviewed	10320_reviewed	1
6915_reviewed	5688_reviewed	1
10016_reviewed	6396_reviewed	1
5970_reviewed	7052_reviewed	1
2209_reviewed	2204_reviewed	1
79571_reviewed	85302_reviewed	1
9531_reviewed	23558_reviewed	1
7409_reviewed	6478_reviewed	1
4659_reviewed	26064_reviewed	1
3608_reviewed	4361_reviewed	1
192111_reviewed	192111_reviewed	1
84440_reviewed	8766_reviewed	1
5318_reviewed	81565_reviewed	1
6780_reviewed	3192_reviewed	1
83548_reviewed	57511_reviewed	1
80267_reviewed	7317_reviewed	1
10551_reviewed	54888_reviewed	1
5604_reviewed	2887_reviewed	1
3656_reviewed	369_reviewed	1
374291_reviewed	4723_reviewed	1
4609_reviewed	10527_reviewed	1
84959_reviewed	2885_reviewed	1
9338_reviewed	7874_reviewed	1
7189_reviewed	10454_reviewed	1
166_reviewed	22806_reviewed	1
79003_reviewed	25936_reviewed	1
55802_reviewed	23644_reviewed	1
5071_reviewed	7332_reviewed	1
342371_reviewed	23587_reviewed	1
8517_reviewed	6900_reviewed	1
1630_reviewed	1967_reviewed	1
283899_reviewed	4798_reviewed	1
27336_reviewed	10013_reviewed	1
63891_reviewed	5925_reviewed	1
2060_reviewed	1398_reviewed	1
27429_reviewed	1432_reviewed	1
79664_reviewed	85403_reviewed	1
4691_reviewed	6141_reviewed	1
5087_reviewed	3217_reviewed	1
2321_reviewed	56034_reviewed	0
6733_reviewed	5478_reviewed	1
84959_reviewed	867_reviewed	1
5683_reviewed	5694_reviewed	1
9113_reviewed	983_reviewed	1
84196_reviewed	5970_reviewed	1
7535_reviewed	6464_reviewed	1
1161_reviewed	2873_reviewed	1
1846_reviewed	1432_reviewed	1
9373_reviewed	7316_reviewed	1
6498_reviewed	2099_reviewed	1
9100_reviewed	8517_reviewed	1
10476_reviewed	2040_reviewed	1
4085_reviewed	6868_reviewed	1
10605_reviewed	26986_reviewed	1
51574_reviewed	90957_reviewed	1
9439_reviewed	9862_reviewed	1
51164_reviewed	10540_reviewed	1
3091_reviewed	2625_reviewed	1
3654_reviewed	22954_reviewed	1
6943_reviewed	6929_reviewed	1
1025_reviewed	3178_reviewed	1
5687_reviewed	8454_reviewed	1
2648_reviewed	10728_reviewed	1
10628_reviewed	9112_reviewed	1
2885_reviewed	5465_reviewed	1
9775_reviewed	6430_reviewed	1
117_reviewed	1191_reviewed	1
3670_reviewed	3172_reviewed	1
10987_reviewed	4193_reviewed	1
51547_reviewed	7874_reviewed	1
23178_reviewed	27037_reviewed	1
2177_reviewed	8658_reviewed	1
1859_reviewed	7052_reviewed	1
54512_reviewed	11340_reviewed	1
3621_reviewed	3837_reviewed	1
64756_reviewed	506_reviewed	1
5693_reviewed	5714_reviewed	1
25844_reviewed	84272_reviewed	1
23265_reviewed	54536_reviewed	1
64127_reviewed	2590_reviewed	1
1891_reviewed	7185_reviewed	1
5607_reviewed	5598_reviewed	1
6147_reviewed	6207_reviewed	1
9975_reviewed	55170_reviewed	1
3066_reviewed	6015_reviewed	0
1736_reviewed	2091_reviewed	1
4893_reviewed	8500_reviewed	1
4217_reviewed	11315_reviewed	1
9675_reviewed	80185_reviewed	1
8517_reviewed	1540_reviewed	1
5538_reviewed	6576_reviewed	1
27429_reviewed	7846_reviewed	1
57561_reviewed	10413_reviewed	1
4000_reviewed	7444_reviewed	1
10152_reviewed	55740_reviewed	1
54904_reviewed	9555_reviewed	1
3364_reviewed	1460_reviewed	1
6996_reviewed	7157_reviewed	1
4005_reviewed	51562_reviewed	1
9733_reviewed	9958_reviewed	1
1398_reviewed	5775_reviewed	1
330_reviewed	10456_reviewed	1
4067_reviewed	5578_reviewed	0
23412_reviewed	54520_reviewed	1
5700_reviewed	5691_reviewed	1
4513_reviewed	5245_reviewed	1
3832_reviewed	1639_reviewed	1
8503_reviewed	79949_reviewed	1
154_reviewed	5901_reviewed	1
2146_reviewed	8726_reviewed	1
916_reviewed	5295_reviewed	1
11145_reviewed	29979_reviewed	1
4802_reviewed	1810_reviewed	1
254394_reviewed	84515_reviewed	1
2023_reviewed	7347_reviewed	1
22827_reviewed	2664_reviewed	0
26225_reviewed	23468_reviewed	1
10567_reviewed	55093_reviewed	1
3845_reviewed	55075_reviewed	1
10921_reviewed	53981_reviewed	1
1956_reviewed	5777_reviewed	1
8481_reviewed	165055_reviewed	1
3845_reviewed	79143_reviewed	1
9184_reviewed	3065_reviewed	1
38_reviewed	10449_reviewed	1
51143_reviewed	1780_reviewed	1
9093_reviewed	10273_reviewed	1
64145_reviewed	57403_reviewed	1
7015_reviewed	23293_reviewed	1
80263_reviewed	10399_reviewed	1
83732_reviewed	23028_reviewed	1
4998_reviewed	4999_reviewed	1
83878_reviewed	90060_reviewed	1
331_reviewed	54739_reviewed	1
3845_reviewed	3459_reviewed	1
81858_reviewed	7128_reviewed	1
2130_reviewed	5359_reviewed	1
997_reviewed	8454_reviewed	1
4739_reviewed	83737_reviewed	1
55844_reviewed	6950_reviewed	1
80342_reviewed	11235_reviewed	1
6667_reviewed	2625_reviewed	1
1104_reviewed	7514_reviewed	1
5606_reviewed	1432_reviewed	1
4188_reviewed	9586_reviewed	1
5481_reviewed	10399_reviewed	1
54534_reviewed	6182_reviewed	1
51741_reviewed	154796_reviewed	1
3717_reviewed	10419_reviewed	1
8861_reviewed	23648_reviewed	1
3265_reviewed	9019_reviewed	1
51433_reviewed	8881_reviewed	1
83878_reviewed	127703_reviewed	1
55081_reviewed	57175_reviewed	1
9897_reviewed	100287171_reviewed	1
1813_reviewed	4741_reviewed	1
30011_reviewed	23157_reviewed	1
163_reviewed	4201_reviewed	1
6782_reviewed	29978_reviewed	1
2100_reviewed	56945_reviewed	1
51160_reviewed	51271_reviewed	1
8453_reviewed	11146_reviewed	1
23223_reviewed	84365_reviewed	1
113130_reviewed	10735_reviewed	1
9531_reviewed	27292_reviewed	1
10656_reviewed	202559_reviewed	1
4289_reviewed	10296_reviewed	1
1915_reviewed	1937_reviewed	1
10551_reviewed	7534_reviewed	1
9001_reviewed	3303_unreviewed	1
7179_reviewed	10514_reviewed	1
80018_reviewed	51126_reviewed	1
317_reviewed	331_reviewed	1
9759_reviewed	5595_reviewed	1
9045_reviewed	6125_reviewed	1
8864_reviewed	8945_reviewed	1
7428_reviewed	4176_reviewed	1
51008_reviewed	9325_reviewed	1
29947_reviewed	51187_reviewed	1
9750_reviewed	387_reviewed	1
7290_reviewed	6598_reviewed	1
4869_reviewed	5925_reviewed	1
4287_reviewed	47_reviewed	1
2263_reviewed	2252_reviewed	1
7410_reviewed	1956_reviewed	1
3065_reviewed	6688_reviewed	1
79176_reviewed	25820_reviewed	1
1636_reviewed	183_reviewed	1
7067_reviewed	6256_reviewed	1
1436_reviewed	5290_reviewed	1
4298_reviewed	6045_reviewed	1
29966_reviewed	10575_reviewed	1
9129_reviewed	4236_reviewed	1
10551_reviewed	7879_reviewed	1
23555_reviewed	8945_reviewed	1
79753_reviewed	55421_reviewed	1
2888_reviewed	2260_reviewed	1
10197_reviewed	1026_reviewed	1
6189_reviewed	3320_reviewed	1
7421_reviewed	7421_reviewed	1
4298_reviewed	22936_reviewed	1
26119_reviewed	79991_reviewed	1
5683_reviewed	5692_reviewed	1
51035_reviewed	8453_reviewed	1
5800_reviewed	821_reviewed	1
2060_reviewed	2060_reviewed	1
9306_reviewed	10910_reviewed	1
51659_reviewed	84296_reviewed	1
5213_reviewed	7004_reviewed	1
983_reviewed	7161_reviewed	1
83695_reviewed	5810_reviewed	1
7071_reviewed	1017_reviewed	1
9049_reviewed	604_reviewed	1
57099_reviewed	596_reviewed	1
9150_reviewed	55215_reviewed	1
2740_reviewed	2222_reviewed	1
6418_reviewed	3001_reviewed	1
8651_reviewed	7409_reviewed	1
5590_reviewed	5590_reviewed	1
716_reviewed	715_reviewed	1
3845_reviewed	92521_reviewed	1
7071_reviewed	25942_reviewed	1
811_reviewed	7080_reviewed	1
5119_reviewed	57132_reviewed	1
3329_reviewed	2235_reviewed	1
8450_reviewed	5478_reviewed	1
116143_reviewed	10693_reviewed	1
10910_reviewed	55631_reviewed	1
219541_reviewed	51586_reviewed	1
79968_reviewed	3980_reviewed	1
64983_reviewed	51253_reviewed	1
55596_reviewed	23517_reviewed	1
7157_reviewed	6794_reviewed	1
51574_reviewed	57129_reviewed	1
6794_reviewed	5562_reviewed	1
124944_reviewed	5931_reviewed	1
22827_reviewed	4792_reviewed	0
5885_reviewed	1613_reviewed	1
79577_reviewed	3320_reviewed	1
51574_reviewed	55037_reviewed	1
9861_reviewed	5708_reviewed	1
11059_reviewed	8626_reviewed	1
4101_unreviewed	5371_reviewed	1
23235_reviewed	7415_reviewed	1
79845_reviewed	819_reviewed	1
4734_reviewed	902_reviewed	1
2289_reviewed	55086_reviewed	1
2237_reviewed	5810_reviewed	1
6464_reviewed	5580_reviewed	1
4188_reviewed	8227_reviewed	1
6772_reviewed	5468_reviewed	1
6421_reviewed	10915_reviewed	1
8074_reviewed	2260_reviewed	1
124359_reviewed	10419_reviewed	1
3738_reviewed	857_reviewed	1
5914_reviewed	84106_reviewed	1
57531_reviewed	7332_reviewed	1
2130_reviewed	6626_reviewed	1
29108_reviewed	834_reviewed	1
2289_reviewed	5836_reviewed	1
3065_reviewed	58516_reviewed	1
261734_reviewed	7266_reviewed	1
4193_reviewed	4734_reviewed	1
4436_reviewed	2956_reviewed	1
64425_reviewed	9533_reviewed	1
149041_reviewed	83732_reviewed	1
6128_reviewed	6130_reviewed	1
5296_reviewed	5290_reviewed	1
10273_reviewed	860_reviewed	1
6722_reviewed	2969_reviewed	1
10026_reviewed	128869_reviewed	1
340061_reviewed	3654_reviewed	1
6310_reviewed	1072_reviewed	1
1407_reviewed	6502_reviewed	0
8737_reviewed	112399_reviewed	1
3845_reviewed	550_reviewed	1
4067_reviewed	2181_reviewed	1
22878_reviewed	7109_reviewed	1
50943_reviewed	3009_reviewed	1
5887_reviewed	7431_reviewed	1
860_reviewed	7343_reviewed	1
3560_reviewed	8651_reviewed	1
5635_reviewed	5635_reviewed	1
3845_reviewed	23236_reviewed	1
1956_reviewed	1956_reviewed	1
115352_reviewed	5777_reviewed	1
642_reviewed	351_reviewed	1
7531_reviewed	984_reviewed	1
5371_reviewed	26287_reviewed	1
2932_reviewed	602_reviewed	1
2626_reviewed	23414_reviewed	1
4724_reviewed	374291_reviewed	1
1196_reviewed	9584_reviewed	1
83593_reviewed	22808_reviewed	1
207_reviewed	4771_reviewed	1
2099_reviewed	8648_reviewed	1
7132_reviewed	55312_reviewed	1
10188_reviewed	3741_reviewed	1
3265_reviewed	83593_reviewed	1
10241_reviewed	55149_reviewed	1
63922_reviewed	5983_reviewed	1
57129_reviewed	51069_reviewed	1
23210_reviewed	55660_reviewed	1
4000_reviewed	6720_reviewed	1
22938_reviewed	1025_reviewed	1
3065_reviewed	9640_reviewed	1
51382_reviewed	7511_reviewed	1
3190_reviewed	59343_reviewed	1
9755_reviewed	27161_reviewed	1
6722_reviewed	6722_reviewed	1
23371_reviewed	192111_reviewed	1
55626_reviewed	10273_reviewed	1
3190_reviewed	8440_reviewed	1
114294_reviewed	7157_reviewed	1
64837_reviewed	3799_reviewed	1
10120_reviewed	10121_reviewed	1
5728_reviewed	9863_reviewed	1
10048_reviewed	984_reviewed	1
55610_reviewed	6293_reviewed	1
5925_reviewed	8881_reviewed	1
8480_reviewed	5557_reviewed	1
1600_reviewed	30011_reviewed	1
25842_reviewed	254048_reviewed	1
55660_reviewed	7536_reviewed	1
22832_reviewed	55165_reviewed	1
57154_reviewed	7316_reviewed	1
80254_reviewed	64793_reviewed	1
92104_reviewed	79989_reviewed	1
124995_reviewed	65003_reviewed	1
10488_reviewed	10488_reviewed	1
10238_reviewed	51307_reviewed	1
10551_reviewed	10130_reviewed	1
3320_reviewed	673_reviewed	1
70_reviewed	51474_reviewed	1
55257_reviewed	6944_reviewed	1
6760_reviewed	3065_reviewed	1
65018_reviewed	10452_reviewed	1
154_reviewed	92714_reviewed	1
4609_reviewed	57062_reviewed	1
84944_reviewed	10212_reviewed	1
10746_reviewed	10746_reviewed	1
2623_reviewed	5590_reviewed	0
165918_reviewed	3006_reviewed	1
55072_reviewed	7132_reviewed	1
2146_reviewed	23512_reviewed	1
3065_reviewed	3621_reviewed	1
5295_reviewed	3717_reviewed	1
9053_reviewed	59341_reviewed	1
10572_reviewed	5827_reviewed	1
3309_reviewed	51726_reviewed	1
60673_reviewed	9776_reviewed	1
64795_reviewed	27429_reviewed	1
6144_reviewed	6130_reviewed	1
4087_reviewed	7528_reviewed	1
200933_reviewed	1000_reviewed	1
3836_reviewed	3837_reviewed	1
25852_reviewed	9146_reviewed	1
10551_reviewed	203068_reviewed	1
8991_reviewed	23032_reviewed	1
23390_reviewed	200734_reviewed	1
190_reviewed	5241_reviewed	1
4000_reviewed	5928_reviewed	1
9138_reviewed	2768_reviewed	1
5292_reviewed	993_reviewed	1
1457_reviewed	1495_reviewed	1
6143_reviewed	6124_reviewed	1
6125_reviewed	7161_reviewed	1
6201_reviewed	4193_reviewed	1
2146_reviewed	100170841_reviewed	1
10618_reviewed	1173_reviewed	1
54764_reviewed	2146_reviewed	1
7415_reviewed	5586_reviewed	1
27043_reviewed	2099_reviewed	1
2100_reviewed	9325_reviewed	1
5781_reviewed	3953_reviewed	1
7001_reviewed	6647_reviewed	1
3949_reviewed	9784_reviewed	1
5684_reviewed	1080_reviewed	1
9759_reviewed	9631_reviewed	1
155061_reviewed	5071_reviewed	1
164_reviewed	9135_reviewed	1
64326_reviewed	7203_reviewed	1
4087_reviewed	9047_reviewed	1
6468_reviewed	6950_reviewed	1
148022_reviewed	29110_reviewed	1
9240_reviewed	170261_reviewed	1
57085_reviewed	57085_reviewed	1
56658_reviewed	80019_reviewed	1
8260_reviewed	5721_reviewed	1
54739_reviewed	3659_reviewed	1
11017_reviewed	6733_reviewed	1
891_reviewed	1017_reviewed	1
23118_reviewed	7704_reviewed	1
5328_reviewed	5104_reviewed	1
3654_reviewed	3320_reviewed	1
163_reviewed	55145_reviewed	1
389692_reviewed	4760_reviewed	1
5788_reviewed	5790_reviewed	1
5520_reviewed	5519_reviewed	1
51720_reviewed	5916_reviewed	0
1493_reviewed	5525_reviewed	1
673_reviewed	3309_reviewed	1
8065_reviewed	10920_reviewed	1
5978_reviewed	23186_reviewed	1
54386_reviewed	65057_reviewed	1
5049_reviewed	5050_reviewed	1
2116_reviewed	55818_reviewed	1
10657_reviewed	23368_reviewed	1
6134_reviewed	6208_reviewed	1
5536_reviewed	4137_reviewed	1
10250_reviewed	9584_reviewed	1
26270_reviewed	7837_reviewed	1
7337_reviewed	6898_reviewed	1
23390_reviewed	55081_reviewed	1
10211_reviewed	5878_reviewed	1
10614_reviewed	1457_reviewed	1
7879_reviewed	1121_reviewed	1
6749_reviewed	4175_reviewed	1
2885_reviewed	10100_reviewed	1
9306_reviewed	55758_reviewed	1
64210_reviewed	51750_reviewed	1
5705_reviewed	143471_reviewed	1
4086_reviewed	5692_reviewed	1
6881_reviewed	10629_reviewed	1
3265_reviewed	7037_reviewed	1
9401_reviewed	4173_reviewed	1
3683_reviewed	5788_reviewed	1
6426_reviewed	11338_reviewed	1
6850_reviewed	2017_reviewed	1
1454_reviewed	84062_reviewed	0
1742_reviewed	9211_reviewed	1
5293_reviewed	5296_reviewed	1
24148_reviewed	3550_reviewed	1
988_reviewed	23450_reviewed	1
63943_reviewed	10616_reviewed	1
9817_reviewed	8878_reviewed	1
4804_reviewed	4193_reviewed	1
3609_reviewed	6122_reviewed	1
23542_reviewed	2258_reviewed	1
5465_reviewed	9049_reviewed	1
5693_reviewed	5711_reviewed	1
9759_reviewed	5518_reviewed	1
10273_reviewed	5036_reviewed	1
51564_reviewed	81_reviewed	1
5739_reviewed	79849_reviewed	1
2521_reviewed	988_reviewed	1
1616_reviewed	54904_reviewed	1
2534_reviewed	1499_reviewed	1
5702_reviewed	5682_reviewed	1
55831_reviewed	51234_reviewed	1
10048_reviewed	10013_reviewed	1
9939_reviewed	56006_reviewed	1
57007_reviewed	498_reviewed	1
57142_reviewed	25923_reviewed	1
1656_reviewed	219988_reviewed	1
87_reviewed	7430_reviewed	1
8784_reviewed	7187_reviewed	1
2735_reviewed	83737_reviewed	1
3866_reviewed	9099_reviewed	1
5784_reviewed	122769_reviewed	1
4653_reviewed	2597_reviewed	1
2885_reviewed	51329_reviewed	1
4233_reviewed	3082_reviewed	1
5565_reviewed	8548_reviewed	1
10574_reviewed	908_reviewed	1
5245_reviewed	331_reviewed	1
3757_reviewed	23327_reviewed	1
197_reviewed	55294_reviewed	1
26959_reviewed	5925_reviewed	1
7879_reviewed	5869_reviewed	1
26261_reviewed	4830_reviewed	1
8428_reviewed	7871_reviewed	1
23243_reviewed	22870_reviewed	1
6189_reviewed	3921_reviewed	1
10856_reviewed	4798_reviewed	1
2048_reviewed	2048_reviewed	1
2885_reviewed	5777_reviewed	1
5727_reviewed	60673_reviewed	1
23063_reviewed	23244_reviewed	1
3326_reviewed	4171_reviewed	1
915_reviewed	7535_reviewed	1
8766_reviewed	54521_reviewed	1
5516_reviewed	5515_reviewed	1
8878_reviewed	5295_reviewed	1
375686_reviewed	991_reviewed	1
1457_reviewed	1446_reviewed	1
2120_reviewed	26013_reviewed	1
55236_reviewed	1503_reviewed	1
53340_reviewed	140465_reviewed	1
10399_reviewed	7157_reviewed	0
8886_reviewed	10528_reviewed	1
3091_reviewed	2305_reviewed	1
4609_reviewed	80335_reviewed	1
9984_reviewed	80145_reviewed	1
8237_reviewed	7375_reviewed	1
9051_reviewed	25_reviewed	1
5654_reviewed	331_reviewed	1
10474_reviewed	2648_reviewed	1
22954_reviewed	7529_reviewed	1
79867_reviewed	91289_reviewed	1
10551_reviewed	51004_reviewed	1
51177_reviewed	208_reviewed	1
2521_reviewed	7415_reviewed	1
60_reviewed	3192_reviewed	1
10403_reviewed	10403_reviewed	1
8314_reviewed	5931_reviewed	1
57602_reviewed	56919_reviewed	1
5565_reviewed	4223_reviewed	1
55284_reviewed	267_reviewed	1
10133_reviewed	7316_reviewed	1
2886_reviewed	5979_reviewed	1
6143_reviewed	6130_reviewed	1
23291_reviewed	23196_reviewed	1
5245_reviewed	10134_reviewed	1
5888_reviewed	4691_reviewed	1
7874_reviewed	1155_reviewed	1
11160_reviewed	81790_reviewed	1
4869_reviewed	56257_reviewed	1
219541_reviewed	1024_reviewed	1
1956_reviewed	323_reviewed	1
6886_reviewed	8850_reviewed	1
5883_reviewed	2956_reviewed	1
4692_reviewed	51043_reviewed	1
4609_reviewed	7415_reviewed	1
51382_reviewed	23545_reviewed	1
2078_reviewed	7150_reviewed	1
51496_reviewed	23435_reviewed	1
56945_reviewed	60488_reviewed	1
140462_reviewed	8065_reviewed	1
9343_reviewed	5245_reviewed	1
3320_reviewed	367_reviewed	1
23017_reviewed	6737_reviewed	1
23386_reviewed	89890_reviewed	1
4208_reviewed	54345_reviewed	1
5727_reviewed	79699_reviewed	1
10551_reviewed	4001_reviewed	1
8841_reviewed	5531_reviewed	1
9540_reviewed	4193_reviewed	1
1198_reviewed	6625_reviewed	1
8976_reviewed	23433_reviewed	1
5521_reviewed	10575_reviewed	1
7162_reviewed	10755_reviewed	1
8450_reviewed	220988_reviewed	1
24144_reviewed	83695_reviewed	1
79102_reviewed	340061_reviewed	1
581_reviewed	2547_reviewed	1
63891_reviewed	2010_reviewed	1
22981_reviewed	28981_reviewed	1
23493_reviewed	3065_reviewed	0
6199_reviewed	3178_reviewed	1
5300_reviewed	1457_reviewed	1
10915_reviewed	333_reviewed	0
55299_reviewed	10969_reviewed	1
7408_reviewed	51466_reviewed	1
9391_reviewed	5424_reviewed	1
10413_reviewed	4771_reviewed	1
5728_reviewed	5728_reviewed	1
4953_reviewed	51686_reviewed	1
10193_reviewed	7535_reviewed	1
84619_reviewed	125115_reviewed	1
196513_reviewed	55802_reviewed	1
83737_reviewed	83737_reviewed	1
3611_reviewed	6251_reviewed	1
9402_reviewed	27040_reviewed	1
107_reviewed	29950_reviewed	1
4217_reviewed	5536_reviewed	1
634_reviewed	5781_reviewed	1
166_reviewed	26121_reviewed	1
10524_reviewed	10902_reviewed	1
5174_reviewed	10257_reviewed	1
10551_reviewed	27076_reviewed	1
10920_reviewed	9318_reviewed	1
9097_reviewed	5719_reviewed	1
5687_reviewed	5720_reviewed	1
51542_reviewed	55275_reviewed	1
10133_reviewed	8878_reviewed	1
973_reviewed	259_reviewed	1
8935_reviewed	2185_reviewed	1
4087_reviewed	2118_reviewed	1
10915_reviewed	11338_reviewed	1
56970_reviewed	117143_reviewed	1
26512_reviewed	5518_reviewed	1
7508_reviewed	1643_reviewed	1
4609_reviewed	155061_reviewed	1
2261_reviewed	3320_reviewed	1
55661_reviewed	23029_reviewed	1
4869_reviewed	6130_reviewed	1
54442_reviewed	8452_reviewed	1
991_reviewed	9184_reviewed	1
23197_reviewed	9520_reviewed	1
6647_reviewed	204_reviewed	1
135_reviewed	9266_reviewed	1
9733_reviewed	56257_reviewed	1
55917_reviewed	5515_reviewed	1
51019_reviewed	23325_reviewed	1
23624_reviewed	1398_reviewed	1
55791_reviewed	55791_reviewed	0
9878_reviewed	9878_reviewed	1
9557_reviewed	7515_reviewed	1
26018_reviewed	4233_reviewed	1
4804_reviewed	7186_reviewed	1
10413_reviewed	57142_reviewed	1
55588_reviewed	55588_reviewed	1
8073_reviewed	11156_reviewed	1
54998_reviewed	10240_reviewed	1
9332_reviewed	1460_reviewed	1
9709_reviewed	7415_reviewed	1
1174_reviewed	164_reviewed	1
5468_reviewed	4582_reviewed	1
1478_reviewed	29894_reviewed	1
1111_reviewed	8451_reviewed	1
1161_reviewed	10920_reviewed	1
3190_reviewed	6625_reviewed	1
8767_reviewed	329_reviewed	1
10980_reviewed	57542_reviewed	1
6733_reviewed	4839_reviewed	1
5518_reviewed	6801_reviewed	1
51442_reviewed	7003_reviewed	1
1956_reviewed	1173_reviewed	1
1020_reviewed	9625_reviewed	1
7421_reviewed	22938_reviewed	1
22981_reviewed	26058_reviewed	1
3315_reviewed	7178_reviewed	1
57159_reviewed	78990_reviewed	1
6188_reviewed	6193_reviewed	1
10043_reviewed	54472_reviewed	1
25820_reviewed	8452_reviewed	1
5710_reviewed	5705_reviewed	1
7531_reviewed	7248_reviewed	1
28952_reviewed	7706_reviewed	1
4193_reviewed	55684_reviewed	1
81857_reviewed	51586_reviewed	1
8650_reviewed	7157_reviewed	1
54148_reviewed	54534_reviewed	1
3065_reviewed	1482_reviewed	1
5261_reviewed	5257_reviewed	1
3611_reviewed	8813_reviewed	1
55929_reviewed	10524_reviewed	1
5691_reviewed	5719_reviewed	1
190_reviewed	55072_reviewed	1
9021_reviewed	37_reviewed	1
7391_reviewed	10732_reviewed	1
4289_reviewed	54994_reviewed	1
84552_reviewed	998_reviewed	1
5775_reviewed	143098_reviewed	1
8662_reviewed	8663_reviewed	1
5728_reviewed	11059_reviewed	1
5690_reviewed	5693_reviewed	1
6142_reviewed	6124_reviewed	1
26258_reviewed	388552_reviewed	1
6601_reviewed	5977_reviewed	1
2274_reviewed	51455_reviewed	1
27289_reviewed	91544_reviewed	1
5798_reviewed	5034_reviewed	1
55660_reviewed	10291_reviewed	1
11336_reviewed	149371_reviewed	1
7874_reviewed	3454_reviewed	1
22832_reviewed	9738_reviewed	1
4543_reviewed	55379_reviewed	1
5892_reviewed	7517_reviewed	0
83932_reviewed	55666_reviewed	1
4609_reviewed	7150_reviewed	1
83932_reviewed	7316_reviewed	1
10397_reviewed	3164_reviewed	1
4089_reviewed	4091_reviewed	1
9817_reviewed	64855_reviewed	1
2648_reviewed	1051_reviewed	1
5045_reviewed	4323_reviewed	1
79047_reviewed	284252_reviewed	1
29979_reviewed	5034_reviewed	1
57599_reviewed	7398_reviewed	1
10664_reviewed	4088_reviewed	1
1642_reviewed	50813_reviewed	1
7179_reviewed	23223_reviewed	1
6999_reviewed	6999_reviewed	1
10193_reviewed	57698_reviewed	1
5663_reviewed	9709_reviewed	1
2130_reviewed	3276_reviewed	1
6625_reviewed	51574_reviewed	1
6625_reviewed	10523_reviewed	1
56257_reviewed	1459_reviewed	1
55038_reviewed	23028_reviewed	1
9260_reviewed	10771_reviewed	1
7515_reviewed	11284_reviewed	1
54556_reviewed	10902_reviewed	1
23291_reviewed	23528_reviewed	1
7412_reviewed	60_reviewed	1
7184_reviewed	6774_reviewed	1
54913_reviewed	51574_reviewed	1
4298_reviewed	54623_reviewed	1
573_reviewed	3312_reviewed	1
166_reviewed	23281_reviewed	1
5686_reviewed	5717_reviewed	1
3692_reviewed	29997_reviewed	1
9306_reviewed	3815_reviewed	1
1956_reviewed	55027_reviewed	1
7871_reviewed	26127_reviewed	1
7014_reviewed	3320_reviewed	1
1487_reviewed	55363_reviewed	1
6647_reviewed	10273_reviewed	1
2185_reviewed	57605_reviewed	1
6134_reviewed	6204_reviewed	1
10253_reviewed	84313_reviewed	1
10980_reviewed	51138_reviewed	1
8202_reviewed	5705_reviewed	1
80143_reviewed	29966_reviewed	1
6396_reviewed	84219_reviewed	1
6310_reviewed	147912_reviewed	1
1839_reviewed	7704_reviewed	1
9939_reviewed	9775_reviewed	1
4599_reviewed	3959_reviewed	1
1385_reviewed	7157_reviewed	1
57506_reviewed	4940_reviewed	1
4722_reviewed	51295_reviewed	1
10419_reviewed	639_reviewed	1
57120_reviewed	2895_reviewed	1
64343_reviewed	29110_reviewed	1
10273_reviewed	5460_reviewed	1
10213_reviewed	55049_reviewed	1
4609_reviewed	1503_reviewed	1
7132_reviewed	1540_reviewed	1
7077_reviewed	4323_reviewed	1
6187_reviewed	83732_reviewed	1
79155_reviewed	57701_reviewed	1
10014_reviewed	5520_reviewed	1
10628_reviewed	27033_reviewed	1
6885_reviewed	84433_reviewed	1
5093_reviewed	2130_reviewed	1
9255_reviewed	64750_reviewed	1
7320_reviewed	56254_reviewed	1
3265_reviewed	5900_reviewed	1
4796_reviewed	11198_reviewed	1
3065_reviewed	10919_reviewed	1
6929_reviewed	7088_reviewed	1
130617_reviewed	55666_reviewed	1
54583_reviewed	6478_reviewed	1
2289_reviewed	55631_reviewed	1
3396_reviewed	65005_reviewed	1
3093_reviewed	51444_reviewed	1
7329_reviewed	8554_reviewed	1
5110_reviewed	22934_reviewed	1
6696_reviewed	7917_reviewed	1
2175_reviewed	1499_reviewed	1
26043_reviewed	8450_reviewed	1
8607_reviewed	3312_reviewed	1
891_reviewed	1022_reviewed	1
4286_reviewed	51176_reviewed	1
28973_reviewed	5925_reviewed	1
6203_reviewed	3921_reviewed	1
846_reviewed	7428_reviewed	1
25842_reviewed	6667_reviewed	0
8878_reviewed	3308_reviewed	1
3066_reviewed	2099_reviewed	1
118460_reviewed	51013_reviewed	1
6194_reviewed	23107_reviewed	1
326_reviewed	6427_reviewed	1
30845_reviewed	64145_reviewed	1
7965_reviewed	51520_reviewed	1
4193_reviewed	92140_reviewed	1
3959_reviewed	10916_reviewed	1
51295_reviewed	55844_reviewed	1
5565_reviewed	10320_reviewed	1
1441_reviewed	26118_reviewed	1
60561_reviewed	9183_reviewed	1
8575_reviewed	6895_reviewed	1
7846_reviewed	1605_reviewed	1
6881_reviewed	83860_reviewed	1
2011_reviewed	7531_reviewed	1
4893_reviewed	81539_reviewed	1
10528_reviewed	6188_reviewed	1
2648_reviewed	9898_reviewed	1
7023_reviewed	115426_reviewed	1
11140_reviewed	3437_reviewed	1
1454_reviewed	81610_reviewed	1
1956_reviewed	7132_reviewed	1
5036_reviewed	367_reviewed	1
5713_reviewed	3895_reviewed	1
79065_reviewed	55578_reviewed	1
65005_reviewed	64983_reviewed	1
54583_reviewed	5337_reviewed	1
440026_reviewed	7416_reviewed	1
79109_reviewed	5578_reviewed	1
596_reviewed	664_reviewed	1
81_reviewed	51778_reviewed	1
84376_reviewed	1639_reviewed	1
2147_reviewed	2243_reviewed	1
5565_reviewed	10253_reviewed	1
5709_reviewed	5718_reviewed	1
7039_reviewed	1739_reviewed	1
9830_reviewed	56897_reviewed	1
8945_reviewed	4793_reviewed	1
5594_reviewed	5914_reviewed	1
57531_reviewed	57531_reviewed	1
10987_reviewed	26234_reviewed	1
8452_reviewed	84861_reviewed	1
51574_reviewed	740_reviewed	1
6047_reviewed	7014_reviewed	1
348995_reviewed	23279_reviewed	1
3725_reviewed	6774_reviewed	1
26277_reviewed	6478_reviewed	1
7531_reviewed	5093_reviewed	1
9040_reviewed	9343_reviewed	1
4609_reviewed	6184_reviewed	1
9636_reviewed	23586_reviewed	1
1436_reviewed	8651_reviewed	1
1398_reviewed	5159_reviewed	1
112939_reviewed	8507_reviewed	1
7415_reviewed	3326_reviewed	1
7293_reviewed	7186_reviewed	1
6881_reviewed	117143_reviewed	1
3146_reviewed	6749_reviewed	1
80342_reviewed	5515_reviewed	1
54535_reviewed	81565_reviewed	1
10915_reviewed	10915_reviewed	0
7247_reviewed	7257_reviewed	1
6310_reviewed	23587_reviewed	1
3866_reviewed	127703_reviewed	1
64223_reviewed	10576_reviewed	1
26985_reviewed	8943_reviewed	1
4089_reviewed	57154_reviewed	1
6478_reviewed	10869_reviewed	1
6667_reviewed	5970_reviewed	1
326_reviewed	10514_reviewed	1
9097_reviewed	5689_reviewed	1
10197_reviewed	25793_reviewed	1
10758_reviewed	23765_reviewed	1
7439_reviewed	5515_reviewed	1
6790_reviewed	11186_reviewed	1
3312_reviewed	595_reviewed	1
56893_reviewed	55660_reviewed	1
9524_reviewed	821_reviewed	1
10617_reviewed	51652_reviewed	1
8175_reviewed	988_reviewed	1
79913_reviewed	51377_reviewed	1
3916_reviewed	5754_reviewed	1
126074_reviewed	5888_reviewed	1
2263_reviewed	2263_reviewed	1
7251_reviewed	55048_reviewed	1
5058_reviewed	10095_reviewed	1
10238_reviewed	10575_reviewed	1
5518_reviewed	4026_reviewed	1
8850_reviewed	1869_reviewed	1
6850_reviewed	3937_reviewed	1
6774_reviewed	7291_reviewed	1
6778_reviewed	4790_reviewed	1
3670_reviewed	89884_reviewed	1
1956_reviewed	6236_reviewed	1
5071_reviewed	3301_reviewed	1
80321_reviewed	10013_reviewed	1
80306_reviewed	9439_reviewed	1
4792_reviewed	7803_reviewed	0
432_reviewed	29956_reviewed	1
1173_reviewed	7316_reviewed	1
11160_reviewed	22937_reviewed	1
2066_reviewed	7514_reviewed	1
23528_reviewed	79923_reviewed	1
1478_reviewed	1479_reviewed	1
4691_reviewed	4193_reviewed	1
6625_reviewed	50628_reviewed	1
5798_reviewed	23193_reviewed	1
56257_reviewed	6628_reviewed	1
26135_reviewed	81533_reviewed	1
10092_reviewed	10093_reviewed	1
51574_reviewed	8886_reviewed	1
4692_reviewed	2801_reviewed	1
10989_reviewed	55660_reviewed	0
2066_reviewed	23118_reviewed	1
26271_reviewed	29945_reviewed	1
490_reviewed	821_reviewed	1
5129_reviewed	7917_reviewed	1
23118_reviewed	4790_reviewed	1
4609_reviewed	5300_reviewed	1
10213_reviewed	9958_reviewed	1
10013_reviewed	4137_reviewed	1
5692_reviewed	5709_reviewed	1
9782_reviewed	8148_reviewed	1
5252_reviewed	7157_reviewed	1
70_reviewed	55929_reviewed	1
80321_reviewed	284058_reviewed	1
26259_reviewed	7203_reviewed	1
8089_reviewed	4613_reviewed	1
89891_reviewed	23118_reviewed	1
3964_reviewed	3688_reviewed	1
9891_reviewed	9113_reviewed	1
10425_reviewed	7332_reviewed	1
51074_reviewed	51074_reviewed	1
6772_reviewed	3815_reviewed	1
7004_reviewed	25937_reviewed	1
4194_reviewed	4194_reviewed	1
6647_reviewed	10015_reviewed	1
1956_reviewed	6520_reviewed	1
331_reviewed	54101_unreviewed	1
6428_reviewed	84950_reviewed	1
4615_reviewed	6477_reviewed	1
2873_reviewed	51138_reviewed	1
6193_reviewed	6204_reviewed	1
8835_reviewed	1969_reviewed	1
283150_reviewed	10524_reviewed	1
4299_reviewed	5970_reviewed	1
96459_reviewed	3320_reviewed	1
6142_reviewed	6152_reviewed	1
90427_reviewed	596_reviewed	1
2099_reviewed	6191_reviewed	1
7818_reviewed	3320_reviewed	1
11186_reviewed	85450_reviewed	1
55662_reviewed	678_reviewed	1
7291_reviewed	8945_reviewed	1
9318_reviewed	1457_reviewed	1
140801_reviewed	6202_reviewed	1
1499_reviewed	867_reviewed	1
60485_reviewed	26524_reviewed	1
4204_reviewed	6688_reviewed	1
117584_reviewed	85377_reviewed	1
5880_reviewed	4843_reviewed	1
5693_reviewed	5707_reviewed	1
10124_reviewed	3838_reviewed	1
1654_reviewed	8664_reviewed	1
5292_reviewed	1026_reviewed	1
55835_reviewed	64793_reviewed	1
3028_reviewed	2027_reviewed	1
9577_reviewed	84142_reviewed	1
274_reviewed	8723_reviewed	1
6198_reviewed	5520_reviewed	1
4686_reviewed	8563_reviewed	1
51164_reviewed	10121_reviewed	1
841_reviewed	836_reviewed	1
8464_reviewed	9913_reviewed	1
5777_reviewed	5336_reviewed	1
54994_reviewed	10296_reviewed	1
7013_reviewed	54552_reviewed	1
515_reviewed	6389_reviewed	1
54797_reviewed	9442_reviewed	1
4085_reviewed	2100_reviewed	1
326_reviewed	4678_reviewed	1
7332_reviewed	4734_reviewed	1
3066_reviewed	91748_reviewed	1
90480_reviewed	6182_reviewed	1
8405_reviewed	64423_reviewed	1
1915_reviewed	975_reviewed	1
7458_reviewed	83638_reviewed	1
3973_reviewed	10755_reviewed	1
1869_reviewed	4087_reviewed	0
9099_reviewed	7189_reviewed	1
5892_reviewed	51444_reviewed	1
51132_reviewed	7013_reviewed	1
525_reviewed	526_reviewed	1
79132_reviewed	27067_reviewed	1
4609_reviewed	8454_reviewed	1
10277_reviewed	7415_reviewed	1
5595_reviewed	78986_reviewed	0
7301_reviewed	5295_reviewed	1
85439_reviewed	2060_reviewed	1
55288_reviewed	5071_reviewed	1
2130_reviewed	2146_reviewed	1
10412_reviewed	84154_reviewed	1
79657_reviewed	9343_reviewed	1
6688_reviewed	604_reviewed	1
1499_reviewed	367_reviewed	1
5499_reviewed	857_reviewed	1
22981_reviewed	8481_reviewed	1
23517_reviewed	51013_reviewed	0
80856_reviewed	267_reviewed	1
5534_reviewed	5530_reviewed	1
10603_reviewed	3643_reviewed	1
5111_reviewed	4436_reviewed	1
10856_reviewed	51602_reviewed	1
9693_reviewed	4734_reviewed	1
1643_reviewed	3720_reviewed	1
5518_reviewed	3320_reviewed	1
1956_reviewed	25970_reviewed	1
221656_reviewed	904_reviewed	1
5460_reviewed	7846_reviewed	1
6625_reviewed	91746_reviewed	1
4772_reviewed	861_reviewed	1
1407_reviewed	1408_reviewed	1
7443_reviewed	7157_reviewed	1
4292_reviewed	1508_reviewed	1
4720_reviewed	374291_reviewed	1
9851_reviewed	79649_reviewed	1
54894_reviewed	1856_reviewed	1
1398_reviewed	2889_reviewed	1
11267_reviewed	55170_reviewed	1
4985_reviewed	9737_reviewed	1
5770_reviewed	51651_reviewed	1
22820_reviewed	22818_reviewed	1
331_reviewed	9131_reviewed	1
9382_reviewed	22796_reviewed	1
57561_reviewed	11059_reviewed	1
5867_reviewed	9371_reviewed	1
51655_reviewed	2782_reviewed	1
3065_reviewed	84159_reviewed	1
3981_reviewed	283871_reviewed	1
9425_reviewed	54531_reviewed	1
861_reviewed	6929_reviewed	1
3836_reviewed	5928_reviewed	1
8683_reviewed	6426_reviewed	1
2078_reviewed	2091_reviewed	1
80014_reviewed	55841_reviewed	1
4292_reviewed	9131_reviewed	1
10915_reviewed	11244_reviewed	0
11060_reviewed	6338_reviewed	1
3065_reviewed	23394_reviewed	1
29086_reviewed	84142_reviewed	1
9815_reviewed	7185_reviewed	1
25_reviewed	10152_reviewed	1
29979_reviewed	11047_reviewed	1
25788_reviewed	170082_reviewed	1
1080_reviewed	7430_reviewed	1
23512_reviewed	9555_reviewed	1
7532_reviewed	23294_reviewed	1
5071_reviewed	4646_reviewed	1
51213_reviewed	51593_reviewed	1
6137_reviewed	6134_reviewed	1
4734_reviewed	7528_reviewed	1
221481_reviewed	2146_reviewed	1
4646_reviewed	10043_reviewed	1
22858_reviewed	57521_reviewed	1
6598_reviewed	207_reviewed	1
5013_reviewed	11030_reviewed	1
55802_reviewed	80153_reviewed	1
6188_reviewed	6194_reviewed	1
27161_reviewed	7124_reviewed	1
9025_reviewed	7316_reviewed	1
10146_reviewed	8078_reviewed	1
4087_reviewed	3065_reviewed	1
4722_reviewed	54539_reviewed	1
3556_reviewed	3654_reviewed	1
3659_reviewed	4904_reviewed	1
9555_reviewed	9678_reviewed	1
10551_reviewed	5878_reviewed	1
4804_reviewed	665_reviewed	1
1848_reviewed	2274_reviewed	0
990_reviewed	4171_reviewed	1
25977_reviewed	164_reviewed	1
6732_reviewed	54487_reviewed	1
2146_reviewed	11051_reviewed	1
55971_reviewed	7157_reviewed	1
1856_reviewed	90268_reviewed	1
4688_reviewed	5879_reviewed	1
999_reviewed	23396_reviewed	1
7112_reviewed	6238_reviewed	1
5966_reviewed	79155_reviewed	1
56160_reviewed	54780_reviewed	1
4704_reviewed	4719_reviewed	1
51069_reviewed	51253_reviewed	1
4292_reviewed	5395_reviewed	1
329_reviewed	10273_reviewed	1
8945_reviewed	8312_reviewed	1
7185_reviewed	64745_reviewed	1
2353_reviewed	64326_reviewed	1
26272_reviewed	8454_reviewed	1
7706_reviewed	7332_reviewed	1
3308_reviewed	3002_reviewed	1
91137_reviewed	4976_reviewed	1
79155_reviewed	10010_reviewed	1
6133_reviewed	6205_reviewed	1
5515_reviewed	29888_reviewed	1
55929_reviewed	7251_reviewed	1
10036_reviewed	4152_reviewed	1
11047_reviewed	5718_reviewed	1
254394_reviewed	5888_reviewed	1
9311_reviewed	57120_reviewed	1
23097_reviewed	10025_reviewed	1
8835_reviewed	1917_reviewed	1
9098_reviewed	4633_reviewed	1
2778_reviewed	3105_reviewed	1
9235_reviewed	5581_reviewed	1
925_reviewed	84708_reviewed	1
7706_reviewed	23586_reviewed	1
3091_reviewed	7846_reviewed	1
11274_reviewed	3455_reviewed	1
3662_reviewed	8518_reviewed	1
3551_reviewed	4790_reviewed	1
5978_reviewed	25942_reviewed	1
10900_reviewed	29844_reviewed	1
5777_reviewed	2057_reviewed	1
57630_reviewed	9709_reviewed	1
9099_reviewed	6340_reviewed	1
54434_reviewed	7531_reviewed	1
2547_reviewed	10189_reviewed	1
2735_reviewed	79084_reviewed	1
23411_reviewed	3320_reviewed	1
29894_reviewed	10898_reviewed	1
10240_reviewed	51649_reviewed	1
79734_reviewed	79723_reviewed	1
5771_reviewed	10541_reviewed	1
6776_reviewed	867_reviewed	1
9802_reviewed	6934_reviewed	1
25_reviewed	847_reviewed	1
5499_reviewed	9627_reviewed	1
572_reviewed	7531_reviewed	1
6456_reviewed	83737_reviewed	1
7283_reviewed	10426_reviewed	1
25988_reviewed	80764_reviewed	1
4609_reviewed	10569_reviewed	1
5810_reviewed	10987_reviewed	1
2302_reviewed	29105_reviewed	1
5781_reviewed	22954_reviewed	1
1452_reviewed	84433_reviewed	1
23291_reviewed	55893_reviewed	1
4343_reviewed	10643_reviewed	1
331_reviewed	7185_reviewed	0
661_reviewed	10623_reviewed	1
79370_reviewed	27095_reviewed	1
23476_reviewed	65980_reviewed	1
1457_reviewed	11140_reviewed	1
7490_reviewed	1856_reviewed	1
56852_reviewed	84250_reviewed	1
8878_reviewed	5580_reviewed	1
1956_reviewed	54206_reviewed	1
9179_reviewed	23431_reviewed	1
1859_reviewed	5573_reviewed	1
6208_reviewed	6187_reviewed	1
5684_reviewed	5720_reviewed	1
27161_reviewed	7468_reviewed	1
5713_reviewed	5717_reviewed	1
26013_reviewed	23528_reviewed	1
8737_reviewed	7188_reviewed	1
2778_reviewed	10916_reviewed	1
9531_reviewed	1410_reviewed	1
5371_reviewed	3087_reviewed	1
51606_reviewed	529_reviewed	1
80789_reviewed	5518_reviewed	1
2287_reviewed	7528_reviewed	1
10987_reviewed	51514_reviewed	1
4110_reviewed	79723_reviewed	1
26272_reviewed	6500_reviewed	1
56893_reviewed	9260_reviewed	1
64333_reviewed	5594_reviewed	1
91544_reviewed	7415_reviewed	1
9851_reviewed	26586_reviewed	1
79155_reviewed	8880_reviewed	1
860_reviewed	10432_reviewed	1
6118_reviewed	2547_reviewed	1
5970_reviewed	8945_reviewed	1
79650_reviewed	988_reviewed	1
5778_reviewed	1725_reviewed	1
57504_reviewed	8932_reviewed	1
142_reviewed	7515_reviewed	1
2068_reviewed	2966_reviewed	1
6780_reviewed	9045_reviewed	1
10413_reviewed	6772_reviewed	1
5524_reviewed	207_reviewed	1
1499_reviewed	8945_reviewed	1
4609_reviewed	10856_reviewed	1
7520_reviewed	8161_reviewed	1
8663_reviewed	8666_reviewed	1
991_reviewed	991_reviewed	1
9638_reviewed	10277_reviewed	1
3685_reviewed	5747_reviewed	1
27125_reviewed	22936_reviewed	1
23426_reviewed	2891_reviewed	1
29945_reviewed	9184_reviewed	1
57178_reviewed	4088_reviewed	1
22938_reviewed	27044_reviewed	1
4000_reviewed	93426_reviewed	1
6015_reviewed	23429_reviewed	1
59349_reviewed	1815_reviewed	1
6621_reviewed	6617_reviewed	1
4670_reviewed	4005_reviewed	1
84962_reviewed	6615_reviewed	1
81556_reviewed	55174_reviewed	1
86_reviewed	10524_reviewed	1
4848_reviewed	55571_reviewed	1
991_reviewed	3066_reviewed	1
7430_reviewed	9351_reviewed	1
2175_reviewed	983_reviewed	1
4646_reviewed	4646_reviewed	1
10007_reviewed	51005_reviewed	1
8678_reviewed	80183_reviewed	1
5077_reviewed	83933_reviewed	1
467_reviewed	4792_reviewed	0
8841_reviewed	7203_reviewed	1
51497_reviewed	25920_reviewed	1
7316_reviewed	29086_reviewed	1
10291_reviewed	151987_reviewed	1
3320_reviewed	7046_reviewed	1
4673_reviewed	1743_reviewed	1
8664_reviewed	8666_reviewed	1
7329_reviewed	2353_reviewed	1
4000_reviewed	142_reviewed	1
3326_reviewed	10963_reviewed	1
3656_reviewed	91404_reviewed	1
6908_reviewed	6908_reviewed	1
57646_reviewed	29843_reviewed	1
5468_reviewed	9759_reviewed	1
2549_reviewed	5335_reviewed	1
83695_reviewed	5883_reviewed	1
10920_reviewed	10980_reviewed	1
5770_reviewed	27040_reviewed	1
4720_reviewed	4729_reviewed	1
9031_reviewed	23451_reviewed	1
10758_reviewed	10758_reviewed	1
54534_reviewed	51069_reviewed	1
51135_reviewed	57161_reviewed	1
10413_reviewed	64398_reviewed	1
25980_reviewed	9785_reviewed	1
1736_reviewed	2175_reviewed	0
29079_reviewed	54797_reviewed	1
8498_reviewed	5901_reviewed	1
2188_reviewed	51659_reviewed	1
5829_reviewed	7052_reviewed	1
4790_reviewed	5966_reviewed	1
7917_reviewed	55658_reviewed	1
10980_reviewed	8533_reviewed	1
1399_reviewed	23371_reviewed	1
196_reviewed	10499_reviewed	1
550_reviewed	3674_reviewed	1
4692_reviewed	24144_reviewed	1
5824_reviewed	8504_reviewed	1
83743_reviewed	990_reviewed	1
23468_reviewed	78994_reviewed	1
4193_reviewed	6188_reviewed	1
5564_reviewed	10014_reviewed	1
7532_reviewed	7013_reviewed	1
8607_reviewed	125476_reviewed	1
26270_reviewed	9563_reviewed	1
22827_reviewed	23451_reviewed	1
405_reviewed	10499_reviewed	1
2547_reviewed	580_reviewed	1
25_reviewed	3320_reviewed	1
25934_reviewed	8626_reviewed	1
9319_reviewed	84708_reviewed	1
10614_reviewed	905_reviewed	1
839_reviewed	4137_reviewed	1
4691_reviewed	5742_reviewed	1
5478_reviewed	10059_reviewed	1
7965_reviewed	7965_reviewed	1
4893_reviewed	54503_reviewed	1
657_reviewed	7040_reviewed	0
2099_reviewed	10025_reviewed	1
6915_reviewed	2782_reviewed	1
55367_reviewed	8738_reviewed	1
2146_reviewed	3720_reviewed	1
5434_reviewed	11128_reviewed	1
7124_reviewed	90268_reviewed	1
6772_reviewed	5524_reviewed	1
3566_reviewed	9146_reviewed	1
6128_reviewed	2247_reviewed	1
405_reviewed	1499_reviewed	1
6497_reviewed	207_reviewed	1
51574_reviewed	3008_reviewed	1
2146_reviewed	8761_reviewed	1
1796_reviewed	5295_reviewed	1
7421_reviewed	6714_reviewed	1
84321_reviewed	80145_reviewed	1
8662_reviewed	6198_reviewed	1
7706_reviewed	10616_reviewed	1
57017_reviewed	10229_reviewed	1
27316_reviewed	22913_reviewed	1
5094_reviewed	5094_reviewed	1
5888_reviewed	10635_reviewed	1
821_reviewed	1047_reviewed	1
5071_reviewed	8878_reviewed	1
1025_reviewed	9049_reviewed	1
6240_reviewed	10524_reviewed	1
55299_reviewed	6125_reviewed	1
6925_reviewed	222894_reviewed	1
8651_reviewed	3480_reviewed	1
3066_reviewed	595_reviewed	1
10868_reviewed	9218_reviewed	1
3065_reviewed	5371_reviewed	1
1051_reviewed	3065_reviewed	1
468_reviewed	5432_reviewed	1
56288_reviewed	58494_reviewed	1
79370_reviewed	3959_reviewed	1
11101_reviewed	6839_reviewed	1
8841_reviewed	7514_reviewed	1
1052_reviewed	79711_reviewed	1
4654_reviewed	1028_reviewed	1
29116_reviewed	3949_reviewed	1
3802_reviewed	3107_reviewed	1
9782_reviewed	6631_reviewed	1
10726_reviewed	3337_reviewed	1
283518_reviewed	283518_reviewed	1
5702_reviewed	5691_reviewed	1
5868_reviewed	5875_reviewed	1
5800_reviewed	493869_reviewed	1
2671_reviewed	10987_reviewed	1
6205_reviewed	6207_reviewed	1
51512_reviewed	10617_reviewed	1
4299_reviewed	1656_reviewed	1
7334_reviewed	85363_reviewed	1
8737_reviewed	153090_reviewed	1
11075_reviewed	2176_reviewed	1
8894_reviewed	1457_reviewed	1
10528_reviewed	9147_reviewed	1
10200_reviewed	10200_reviewed	0
246330_reviewed	6885_reviewed	1
6733_reviewed	7529_reviewed	1
6428_reviewed	7072_reviewed	1
140609_reviewed	7013_reviewed	1
4291_reviewed	79682_reviewed	1
9203_reviewed	51720_reviewed	1
6780_reviewed	6187_reviewed	1
8795_reviewed	7186_reviewed	1
84108_reviewed	23429_reviewed	1
9782_reviewed	10270_reviewed	1
2664_reviewed	2783_reviewed	0
10657_reviewed	8737_reviewed	1
10450_reviewed	22938_reviewed	1
2099_reviewed	57326_reviewed	1
9439_reviewed	29079_reviewed	1
6138_reviewed	6187_reviewed	1
112869_reviewed	10629_reviewed	1
890_reviewed	5111_reviewed	1
29966_reviewed	22948_reviewed	1
7572_reviewed	252884_reviewed	1
8517_reviewed	9020_reviewed	1
10521_reviewed	9343_reviewed	1
5914_reviewed	4862_reviewed	1
7486_reviewed	56897_reviewed	1
117246_reviewed	84549_reviewed	1
4170_reviewed	8658_reviewed	1
4171_reviewed	4176_reviewed	1
26270_reviewed	5351_reviewed	1
11331_reviewed	10014_reviewed	1
10956_reviewed	7415_reviewed	1
83933_reviewed	9759_reviewed	0
4306_reviewed	11124_reviewed	1
8312_reviewed	2931_reviewed	1
6794_reviewed	2289_reviewed	1
8831_reviewed	1741_reviewed	1
10001_reviewed	51586_reviewed	1
4609_reviewed	55226_reviewed	1
10363_reviewed	54997_reviewed	1
7534_reviewed	9414_reviewed	1
90780_reviewed	11091_reviewed	1
6123_reviewed	6128_reviewed	1
9495_reviewed	5577_reviewed	1
9817_reviewed	192111_reviewed	1
3265_reviewed	2036_reviewed	1
7157_reviewed	7965_reviewed	1
7184_reviewed	7157_reviewed	1
4893_reviewed	200894_reviewed	1
7531_reviewed	9101_reviewed	1
3959_reviewed	55922_reviewed	1
9136_reviewed	25879_reviewed	1
7150_reviewed	4839_reviewed	1
401190_reviewed	8787_reviewed	1
10758_reviewed	3551_reviewed	1
1027_reviewed	8451_reviewed	1
8607_reviewed	10445_reviewed	1
7337_reviewed	23558_reviewed	1
5080_reviewed	1045_reviewed	1
598_reviewed	638_reviewed	1
10482_reviewed	3837_reviewed	1
51701_reviewed	84915_reviewed	1
5468_reviewed	8841_reviewed	1
1153_reviewed	27316_reviewed	1
128_reviewed	128_reviewed	1
9265_reviewed	10256_reviewed	1
1454_reviewed	8312_reviewed	1
79590_reviewed	54148_reviewed	1
10551_reviewed	8607_reviewed	1
93492_reviewed	6744_reviewed	1
9370_reviewed	9370_reviewed	1
830_reviewed	10540_reviewed	1
10492_reviewed	5245_reviewed	1
509_reviewed	10989_reviewed	1
79650_reviewed	27339_reviewed	1
51496_reviewed	2521_reviewed	1
6194_reviewed	23223_reviewed	1
6626_reviewed	11338_reviewed	1
8453_reviewed	54765_reviewed	1
6804_reviewed	9217_reviewed	1
6418_reviewed	80764_reviewed	1
6142_reviewed	6188_reviewed	1
9918_reviewed	64151_reviewed	1
9410_reviewed	11319_reviewed	1
9779_reviewed	55737_reviewed	1
3299_reviewed	3297_reviewed	1
3265_reviewed	94121_reviewed	1
26121_reviewed	9343_reviewed	1
6886_reviewed	6929_reviewed	1
8315_reviewed	8844_reviewed	1
579_reviewed	4089_reviewed	1
7128_reviewed	7186_reviewed	1
6811_reviewed	7917_reviewed	1
7227_reviewed	7329_reviewed	1
80700_reviewed	3998_reviewed	1
7329_reviewed	9063_reviewed	1
5562_reviewed	5565_reviewed	1
983_reviewed	1601_reviewed	1
6885_reviewed	23118_reviewed	1
1912_reviewed	23466_reviewed	1
54165_reviewed	64708_reviewed	1
90441_reviewed	90441_reviewed	1
8819_reviewed	23309_reviewed	1
3720_reviewed	5928_reviewed	1
10146_reviewed	27161_reviewed	1
637_reviewed	841_reviewed	1
2263_reviewed	2247_reviewed	1
11338_reviewed	3191_reviewed	1
10673_reviewed	64400_reviewed	1
10153_reviewed	7157_reviewed	1
1439_reviewed	8651_reviewed	1
7337_reviewed	1891_reviewed	1
9125_reviewed	1956_reviewed	1
3164_reviewed	7157_reviewed	1
1975_reviewed	26986_reviewed	1
3178_reviewed	4841_reviewed	1
6138_reviewed	6147_reviewed	1
4641_reviewed	8467_reviewed	1
6133_reviewed	6202_reviewed	1
117178_reviewed	165055_reviewed	1
7324_reviewed	26994_reviewed	1
4801_reviewed	4609_reviewed	1
27033_reviewed	84528_reviewed	1
10951_reviewed	22850_reviewed	1
29116_reviewed	29116_reviewed	1
7006_reviewed	3815_reviewed	1
8537_reviewed	8537_reviewed	1
7316_reviewed	201626_reviewed	1
3845_reviewed	8394_reviewed	1
79184_reviewed	580_reviewed	1
5883_reviewed	1457_reviewed	1
85369_reviewed	80143_reviewed	1
5515_reviewed	26127_reviewed	1
7337_reviewed	3854_reviewed	1
27338_reviewed	26271_reviewed	1
1399_reviewed	2057_reviewed	1
10598_reviewed	10953_reviewed	1
142679_reviewed	5609_reviewed	1
399_reviewed	396_reviewed	1
8540_reviewed	8443_reviewed	1
1457_reviewed	1460_reviewed	1
11336_reviewed	60412_reviewed	1
7531_reviewed	22994_reviewed	1
8900_reviewed	993_reviewed	1
7421_reviewed	9862_reviewed	1
2770_reviewed	26086_reviewed	1
8841_reviewed	2874_reviewed	1
7421_reviewed	10001_reviewed	1
1642_reviewed	23038_reviewed	1
51548_reviewed	9100_reviewed	1
550_reviewed	23197_reviewed	1
373_reviewed	79173_reviewed	1
2065_reviewed	5036_reviewed	1
2010_reviewed	4000_reviewed	1
5782_reviewed	9051_reviewed	1
1103_reviewed	3308_reviewed	1
9441_reviewed	112950_reviewed	1
6142_reviewed	6128_reviewed	1
7416_reviewed	506_reviewed	1
23649_reviewed	5422_reviewed	1
1871_reviewed	5925_reviewed	1
3836_reviewed	3091_reviewed	1
3320_reviewed	6767_reviewed	1
90379_reviewed	9126_reviewed	1
7124_reviewed	142678_reviewed	1
4176_reviewed	83743_reviewed	1
57180_reviewed	10109_reviewed	1
55294_reviewed	8454_reviewed	1
1488_reviewed	10273_reviewed	1
104_reviewed	5300_reviewed	1
5565_reviewed	7186_reviewed	1
7124_reviewed	29110_reviewed	1
6881_reviewed	79595_reviewed	1
3122_reviewed	3109_reviewed	1
7385_reviewed	5034_reviewed	1
367_reviewed	84458_reviewed	1
26747_reviewed	10856_reviewed	1
2177_reviewed	498_reviewed	1
93323_reviewed	54801_reviewed	1
10474_reviewed	112869_reviewed	1
22908_reviewed	1314_reviewed	1
54797_reviewed	51586_reviewed	1
5683_reviewed	5689_reviewed	1
51562_reviewed	57325_reviewed	1
1956_reviewed	8976_reviewed	1
149041_reviewed	51631_reviewed	1
10048_reviewed	10296_reviewed	1
3845_reviewed	25945_reviewed	1
1315_reviewed	9276_reviewed	1
22954_reviewed	10971_reviewed	1
3692_reviewed	90441_reviewed	1
9318_reviewed	25942_reviewed	1
5036_reviewed	6124_reviewed	1
9040_reviewed	5094_reviewed	1
64422_reviewed	10533_reviewed	1
5641_reviewed	7189_reviewed	1
10244_reviewed	7879_reviewed	0
8607_reviewed	86_reviewed	1
4609_reviewed	5693_reviewed	1
2735_reviewed	3551_reviewed	1
2099_reviewed	2289_reviewed	1
8452_reviewed	54800_reviewed	1
9441_reviewed	1025_reviewed	1
3791_reviewed	25759_reviewed	1
4734_reviewed	6446_reviewed	1
5688_reviewed	10197_reviewed	1
6138_reviewed	83732_reviewed	1
5867_reviewed	6810_reviewed	1
54465_reviewed	641_reviewed	1
7391_reviewed	2969_reviewed	1
3981_reviewed	694_reviewed	1
339287_reviewed	54623_reviewed	1
6885_reviewed	1147_reviewed	1
51495_reviewed	490_reviewed	1
79797_reviewed	79837_reviewed	0
56257_reviewed	10155_reviewed	1
5970_reviewed	8139_reviewed	1
257397_reviewed	7316_reviewed	1
8573_reviewed	64061_reviewed	1
1739_reviewed	9229_reviewed	1
25898_reviewed	889_reviewed	1
30011_reviewed	8871_reviewed	1
9135_reviewed	5868_reviewed	1
29127_reviewed	116369_reviewed	1
7415_reviewed	84236_reviewed	1
79444_reviewed	331_reviewed	1
29761_reviewed	7316_reviewed	1
1743_reviewed	740_reviewed	1
7317_reviewed	2521_reviewed	1
1856_reviewed	9531_reviewed	1
9221_reviewed	51602_reviewed	1
2997_reviewed	378884_reviewed	1
54676_reviewed	55170_reviewed	1
660_reviewed	6774_reviewed	1
55226_reviewed	7157_reviewed	1
9541_reviewed	6426_reviewed	1
6774_reviewed	55250_reviewed	1
7345_reviewed	10987_reviewed	1
9129_reviewed	9343_reviewed	0
351_reviewed	23767_reviewed	1
54413_reviewed	1915_reviewed	1
5966_reviewed	112399_reviewed	1
10625_reviewed	27252_reviewed	1
54534_reviewed	51001_reviewed	1
4929_reviewed	6256_reviewed	1
80020_reviewed	10956_reviewed	1
1859_reviewed	89801_reviewed	1
3981_reviewed	3098_reviewed	1
4194_reviewed	25788_reviewed	1
1859_reviewed	1759_reviewed	1
27101_reviewed	6500_reviewed	1
1045_reviewed	6908_reviewed	0
3065_reviewed	388272_reviewed	1
580_reviewed	1025_reviewed	1
7088_reviewed	30012_reviewed	1
10915_reviewed	28986_reviewed	0
4609_reviewed	5984_reviewed	1
9530_reviewed	80153_reviewed	1
8464_reviewed	112869_reviewed	1
5621_reviewed	3921_reviewed	1
10933_reviewed	10524_reviewed	1
26232_reviewed	8454_reviewed	1
6194_reviewed	28973_reviewed	1
6143_reviewed	6122_reviewed	1
196383_reviewed	196383_reviewed	1
8318_reviewed	5595_reviewed	1
1915_reviewed	26986_reviewed	1
1487_reviewed	4092_reviewed	0
3777_reviewed	1315_reviewed	1
4790_reviewed	9043_reviewed	1
55294_reviewed	8480_reviewed	1
63928_reviewed	6550_reviewed	1
635_reviewed	635_reviewed	1
331_reviewed	396_reviewed	1
2146_reviewed	6839_reviewed	1
10987_reviewed	7157_reviewed	1
7532_reviewed	9135_reviewed	1
25_reviewed	1956_reviewed	1
1027_reviewed	595_reviewed	1
6144_reviewed	6128_reviewed	1
988_reviewed	23451_reviewed	1
6941_reviewed	4804_reviewed	1
6722_reviewed	8648_reviewed	1
467_reviewed	5970_reviewed	1
3845_reviewed	6542_reviewed	1
10492_reviewed	10236_reviewed	1
2874_reviewed	3065_reviewed	1
4736_reviewed	6137_reviewed	1
501_reviewed	2059_reviewed	1
85509_reviewed	53615_reviewed	1
7919_reviewed	80145_reviewed	1
57154_reviewed	11329_reviewed	1
867_reviewed	3055_reviewed	1
2908_reviewed	3065_reviewed	1
580_reviewed	56945_reviewed	1
54797_reviewed	892_reviewed	1
51086_reviewed	7137_reviewed	1
3981_reviewed	2023_reviewed	1
6605_reviewed	29117_reviewed	1
7874_reviewed	254225_reviewed	1
1026_reviewed	54850_reviewed	1
10551_reviewed	2956_reviewed	1
6139_reviewed	6152_reviewed	1
8504_reviewed	8799_reviewed	0
2547_reviewed	25_reviewed	1
23265_reviewed	149371_reviewed	1
3667_reviewed	8651_reviewed	1
3192_reviewed	6625_reviewed	1
80227_reviewed	5713_reviewed	1
54556_reviewed	55929_reviewed	1
23326_reviewed	2648_reviewed	1
274_reviewed	79890_reviewed	1
84867_reviewed	506_reviewed	1
5321_reviewed	10938_reviewed	1
65009_reviewed	116173_reviewed	1
7283_reviewed	79031_reviewed	1
5894_reviewed	6788_reviewed	1
9782_reviewed	284695_reviewed	1
11155_reviewed	7157_reviewed	1
832_reviewed	829_reviewed	1
51184_reviewed	5436_reviewed	1
8850_reviewed	2122_reviewed	1
2065_reviewed	5753_reviewed	1
6130_reviewed	6191_reviewed	1
9531_reviewed	5598_reviewed	1
3205_reviewed	4088_reviewed	0
5318_reviewed	11128_reviewed	1
9217_reviewed	22930_reviewed	1
1643_reviewed	54532_reviewed	1
84445_reviewed	85302_reviewed	1
10452_reviewed	9131_reviewed	1
9040_reviewed	8452_reviewed	1
6780_reviewed	10642_reviewed	1
4188_reviewed	286075_reviewed	1
10980_reviewed	8450_reviewed	1
4055_reviewed	10771_reviewed	1
7189_reviewed	7334_reviewed	1
5694_reviewed	5695_reviewed	1
64326_reviewed	9318_reviewed	1
11321_reviewed	51184_reviewed	1
2561_reviewed	66008_reviewed	1
4193_reviewed	156_reviewed	1
2067_reviewed	84993_reviewed	1
7803_reviewed	5705_reviewed	1
6502_reviewed	1869_reviewed	1
2664_reviewed	998_reviewed	1
54726_reviewed	7874_reviewed	1
8665_reviewed	3190_reviewed	1
10273_reviewed	3312_reviewed	1
11275_reviewed	11275_reviewed	1
3313_reviewed	10146_reviewed	1
7316_reviewed	4869_reviewed	1
9338_reviewed	8237_reviewed	1
9646_reviewed	11198_reviewed	1
6147_reviewed	6152_reviewed	1
112399_reviewed	7157_reviewed	1
3660_reviewed	221937_reviewed	1
2188_reviewed	2187_reviewed	1
7520_reviewed	7112_reviewed	1
6908_reviewed	6879_reviewed	1
9802_reviewed	11030_reviewed	1
57459_reviewed	3065_reviewed	1
135644_reviewed	64135_reviewed	1
56257_reviewed	7307_reviewed	1
5692_reviewed	5713_reviewed	1
1956_reviewed	858_reviewed	1
6627_reviewed	10262_reviewed	1
5704_reviewed	5717_reviewed	1
8676_reviewed	8676_reviewed	1
6938_reviewed	124790_reviewed	1
51024_reviewed	10059_reviewed	1
4801_reviewed	10589_reviewed	1
51377_reviewed	5714_reviewed	1
9958_reviewed	657_reviewed	1
3845_reviewed	23167_reviewed	1
9662_reviewed	84445_reviewed	1
80149_reviewed	7316_reviewed	1
2176_reviewed	3303_unreviewed	1
752_reviewed	2547_reviewed	1
10253_reviewed	5515_reviewed	1
1026_reviewed	8237_reviewed	1
1025_reviewed	70_reviewed	1
57332_reviewed	84759_reviewed	1
5739_reviewed	8766_reviewed	1
2175_reviewed	55120_reviewed	1
10915_reviewed	10992_reviewed	1
373_reviewed	8878_reviewed	1
5692_reviewed	10213_reviewed	1
2811_reviewed	2161_reviewed	1
3621_reviewed	5931_reviewed	1
4172_reviewed	5000_reviewed	1
4543_reviewed	2770_reviewed	1
6934_reviewed	7090_reviewed	1
7468_reviewed	3066_reviewed	1
5573_reviewed	5566_reviewed	1
55802_reviewed	10957_reviewed	1
8503_reviewed	5747_reviewed	1
23411_reviewed	23512_reviewed	1
6141_reviewed	6130_reviewed	1
65005_reviewed	51253_reviewed	1
26100_reviewed	57521_reviewed	1
3099_reviewed	29979_reviewed	1
160_reviewed	273_reviewed	1
6855_reviewed	80331_reviewed	1
133746_reviewed	91875_reviewed	1
10915_reviewed	55791_reviewed	0
60626_reviewed	10672_reviewed	1
367_reviewed	83844_reviewed	1
4952_reviewed	5870_reviewed	1
5090_reviewed	57085_reviewed	1
6881_reviewed	6877_reviewed	1
57506_reviewed	9354_reviewed	1
150737_reviewed	23059_reviewed	1
79728_reviewed	6118_reviewed	1
23657_reviewed	55611_reviewed	1
29978_reviewed	5701_reviewed	1
3945_reviewed	7534_reviewed	1
9575_reviewed	1460_reviewed	1
6880_reviewed	9913_reviewed	1
59343_reviewed	9972_reviewed	1
1915_reviewed	6191_reviewed	1
56160_reviewed	197370_reviewed	1
80325_reviewed	116092_reviewed	1
348995_reviewed	9972_reviewed	1
51574_reviewed	4343_reviewed	1
10551_reviewed	2547_reviewed	1
26191_reviewed	3932_reviewed	1
25793_reviewed	25793_reviewed	1
5584_reviewed	2597_reviewed	1
6733_reviewed	9774_reviewed	1
8100_reviewed	57560_reviewed	1
83605_reviewed	57154_reviewed	1
1911_reviewed	1912_reviewed	1
9129_reviewed	10569_reviewed	1
7428_reviewed	64170_reviewed	1
6729_reviewed	6730_reviewed	1
10921_reviewed	11051_reviewed	1
84870_reviewed	55366_reviewed	1
3661_reviewed	51191_reviewed	1
55223_reviewed	4088_reviewed	1
23162_reviewed	5602_reviewed	1
55284_reviewed	331_reviewed	1
11140_reviewed	26973_reviewed	1
1956_reviewed	58517_reviewed	1
975_reviewed	928_reviewed	1
79155_reviewed	10541_reviewed	1
5007_reviewed	9218_reviewed	1
9779_reviewed	112936_reviewed	1
7187_reviewed	57506_reviewed	1
8493_reviewed	3838_reviewed	1
4292_reviewed	22888_reviewed	1
1741_reviewed	60412_reviewed	1
7186_reviewed	11072_reviewed	1
6201_reviewed	6202_reviewed	1
3725_reviewed	9325_reviewed	1
506_reviewed	509_reviewed	1
7317_reviewed	7319_reviewed	1
84078_reviewed	5298_reviewed	1
4215_reviewed	331_reviewed	1
5976_reviewed	167227_reviewed	1
50628_reviewed	10241_reviewed	1
3191_reviewed	4026_reviewed	1
331_reviewed	3303_unreviewed	1
5707_reviewed	7316_reviewed	1
10244_reviewed	3265_reviewed	0
51147_reviewed	5970_reviewed	1
5810_reviewed	4437_reviewed	1
4609_reviewed	2956_reviewed	1
657_reviewed	10771_reviewed	1
56254_reviewed	3832_reviewed	1
25793_reviewed	6500_reviewed	1
79723_reviewed	80321_reviewed	1
8233_reviewed	117178_reviewed	1
57763_reviewed	64864_reviewed	1
7408_reviewed	11116_reviewed	1
5599_reviewed	9088_reviewed	1
10013_reviewed	5595_reviewed	1
55054_reviewed	10392_reviewed	1
9470_reviewed	25820_reviewed	1
6196_reviewed	5594_reviewed	1
5347_reviewed	9701_reviewed	1
51574_reviewed	23076_reviewed	1
3611_reviewed	51150_reviewed	1
80143_reviewed	7871_reviewed	1
8852_reviewed	10566_reviewed	1
4292_reviewed	220082_reviewed	1
5901_reviewed	1434_reviewed	1
84333_reviewed	26053_reviewed	1
9810_reviewed	7320_reviewed	1
22981_reviewed	55388_reviewed	1
1457_reviewed	84950_reviewed	1
7706_reviewed	11329_reviewed	1
167838_reviewed	6804_reviewed	1
6205_reviewed	6188_reviewed	1
55297_reviewed	55297_reviewed	1
1019_reviewed	5111_reviewed	1
25942_reviewed	4088_reviewed	0
4646_reviewed	8887_reviewed	1
26270_reviewed	11160_reviewed	1
2175_reviewed	641_reviewed	1
8453_reviewed	3184_reviewed	1
10155_reviewed	10155_reviewed	1
8031_reviewed	7421_reviewed	1
10298_reviewed	85359_reviewed	1
286826_reviewed	4605_reviewed	1
1937_reviewed	28986_reviewed	0
9519_reviewed	2957_reviewed	1
10241_reviewed	170954_reviewed	1
5315_reviewed	112399_reviewed	1
79155_reviewed	6427_reviewed	1
80351_reviewed	51421_reviewed	1
821_reviewed	1537_reviewed	1
4594_reviewed	4594_reviewed	1
5684_reviewed	3301_reviewed	1
2241_reviewed	7110_reviewed	1
2074_reviewed	1161_reviewed	1
5970_reviewed	9093_reviewed	1
5981_reviewed	5984_reviewed	1
9184_reviewed	10576_reviewed	1
27183_reviewed	51534_reviewed	1
27339_reviewed	10291_reviewed	1
6204_reviewed	6189_reviewed	1
9924_reviewed	26986_reviewed	1
79609_reviewed	80700_reviewed	1
1020_reviewed	91768_reviewed	1
117178_reviewed	117178_reviewed	1
23097_reviewed	10001_reviewed	1
64121_reviewed	55004_reviewed	1
8945_reviewed	4170_reviewed	1
6182_reviewed	79922_reviewed	1
4289_reviewed	64795_reviewed	1
100287171_reviewed	8678_reviewed	1
30011_reviewed	832_reviewed	1
9049_reviewed	3326_reviewed	1
10138_reviewed	3066_reviewed	1
10933_reviewed	5888_reviewed	1
25999_reviewed	1540_reviewed	1
6934_reviewed	7329_reviewed	1
55929_reviewed	80314_reviewed	1
142_reviewed	5423_reviewed	1
142_reviewed	1869_reviewed	1
2822_reviewed	335_reviewed	1
79084_reviewed	3187_reviewed	1
5536_reviewed	2100_reviewed	1
6780_reviewed	5976_reviewed	1
5744_reviewed	408_reviewed	1
7516_reviewed	7517_reviewed	0
2246_reviewed	1457_reviewed	1
29978_reviewed	7316_reviewed	1
26354_reviewed	6774_reviewed	1
54951_reviewed	150684_reviewed	1
1191_reviewed	7046_reviewed	1
6129_reviewed	6189_reviewed	1
9240_reviewed	79005_reviewed	1
54994_reviewed	64795_reviewed	1
6500_reviewed	8454_reviewed	1
10528_reviewed	9188_reviewed	1
23326_reviewed	23411_reviewed	1
1487_reviewed	8850_reviewed	1
6304_reviewed	9219_reviewed	1
3479_reviewed	3487_reviewed	1
7039_reviewed	6868_reviewed	1
6647_reviewed	2950_reviewed	1
4009_reviewed	4009_reviewed	1
6464_reviewed	2099_reviewed	1
4149_reviewed	8089_reviewed	1
3836_reviewed	8731_reviewed	1
9557_reviewed	11198_reviewed	1
81565_reviewed	401145_reviewed	1
10891_reviewed	7068_reviewed	1
57658_reviewed	405_reviewed	1
904_reviewed	1025_reviewed	1
55588_reviewed	9442_reviewed	1
6194_reviewed	64432_reviewed	1
5245_reviewed	4673_reviewed	1
2549_reviewed	5781_reviewed	1
1870_reviewed	23429_reviewed	1
55658_reviewed	1956_reviewed	1
55702_reviewed	5356_reviewed	1
847_reviewed	8540_reviewed	1
377_reviewed	321_reviewed	1
58160_reviewed	10419_reviewed	1
409_reviewed	83737_reviewed	1
22827_reviewed	64375_reviewed	0
5518_reviewed	5528_reviewed	1
1956_reviewed	83732_reviewed	1
5682_reviewed	5686_reviewed	1
4831_reviewed	6647_reviewed	1
6627_reviewed	23450_reviewed	1
5689_reviewed	5690_reviewed	1
4692_reviewed	64753_reviewed	1
4173_reviewed	4171_reviewed	1
8440_reviewed	118788_reviewed	1
148066_reviewed	8767_reviewed	1
1327_reviewed	3030_reviewed	1
8481_reviewed	343099_reviewed	1
7936_reviewed	7469_reviewed	1
4792_reviewed	5970_reviewed	1
3735_reviewed	5859_reviewed	1
6048_reviewed	57506_reviewed	1
56888_reviewed	54938_reviewed	1
2099_reviewed	11331_reviewed	1
4691_reviewed	6191_reviewed	1
80342_reviewed	29966_reviewed	1
388_reviewed	7126_reviewed	1
55684_reviewed	1176_reviewed	1
5700_reviewed	5688_reviewed	1
9477_reviewed	29079_reviewed	1
51574_reviewed	8148_reviewed	1
6009_reviewed	57521_reviewed	1
11221_reviewed	8573_reviewed	1
23118_reviewed	7186_reviewed	1
2740_reviewed	2861_reviewed	1
10397_reviewed	3320_reviewed	1
6741_reviewed	51574_reviewed	1
9531_reviewed	29968_reviewed	1
57663_reviewed	63967_reviewed	1
605_reviewed	6599_reviewed	1
85403_reviewed	8178_reviewed	1
1445_reviewed	5977_reviewed	0
351_reviewed	857_reviewed	1
51127_reviewed	54765_reviewed	1
328_reviewed	87_reviewed	1
5000_reviewed	7520_reviewed	1
4772_reviewed	7329_reviewed	1
3320_reviewed	27101_reviewed	1
8241_reviewed	3550_reviewed	1
23595_reviewed	988_reviewed	0
28996_reviewed	28996_reviewed	1
7942_reviewed	7030_reviewed	1
355_reviewed	8837_reviewed	1
5684_reviewed	3183_reviewed	1
815_reviewed	4137_reviewed	1
8175_reviewed	23451_reviewed	1
115708_reviewed	51605_reviewed	1
4915_reviewed	2066_reviewed	1
203228_reviewed	60673_reviewed	1
7316_reviewed	8887_reviewed	1
8317_reviewed	10036_reviewed	1
51602_reviewed	6142_reviewed	1
10013_reviewed	22948_reviewed	1
55054_reviewed	8408_reviewed	1
5531_reviewed	908_reviewed	1
7023_reviewed	4773_reviewed	1
8073_reviewed	26504_reviewed	1
29978_reviewed	3178_reviewed	1
7415_reviewed	7415_reviewed	1
4067_reviewed	930_reviewed	1
26065_reviewed	219988_reviewed	1
767_reviewed	51171_reviewed	1
4659_reviewed	6117_reviewed	1
54550_reviewed	84708_reviewed	1
9401_reviewed	1642_reviewed	1
2969_reviewed	5592_reviewed	1
5565_reviewed	54971_reviewed	1
10238_reviewed	55626_reviewed	1
1636_reviewed	624_reviewed	1
2273_reviewed	4087_reviewed	1
6175_reviewed	6188_reviewed	1
51143_reviewed	1783_reviewed	1
1452_reviewed	286077_reviewed	1
7157_reviewed	54739_reviewed	1
8079_reviewed	9131_reviewed	1
356_reviewed	51429_reviewed	1
4193_reviewed	3312_reviewed	1
7128_reviewed	7185_reviewed	1
5798_reviewed	9601_reviewed	1
91445_reviewed	91445_reviewed	1
8453_reviewed	51138_reviewed	1
943_reviewed	7187_reviewed	1
10262_reviewed	26039_reviewed	1
2729_reviewed	2730_reviewed	1
83548_reviewed	91949_reviewed	1
3945_reviewed	219_reviewed	1
3191_reviewed	3191_reviewed	1
1080_reviewed	9131_reviewed	1
22823_reviewed	23512_reviewed	1
4609_reviewed	5682_reviewed	1
221656_reviewed	10919_reviewed	1
3643_reviewed	9021_reviewed	1
132660_reviewed	286826_reviewed	1
11340_reviewed	11340_reviewed	1
2516_reviewed	23132_reviewed	1
1852_reviewed	7411_reviewed	1
4591_reviewed	79843_reviewed	1
5987_reviewed	51160_reviewed	1
6628_reviewed	5684_reviewed	1
4833_reviewed	4833_reviewed	1
2010_reviewed	72_reviewed	1
25824_reviewed	6647_reviewed	1
5307_reviewed	5449_reviewed	1
2597_reviewed	6310_reviewed	1
5685_reviewed	5711_reviewed	1
55308_reviewed	10482_reviewed	1
4296_reviewed	5609_reviewed	1
55120_reviewed	55120_reviewed	1
23291_reviewed	201163_reviewed	1
5611_reviewed	5612_reviewed	1
9698_reviewed	22929_reviewed	1
9351_reviewed	9170_reviewed	1
201501_reviewed	8554_reviewed	1
8450_reviewed	79595_reviewed	1
23512_reviewed	3005_reviewed	1
8452_reviewed	54813_reviewed	1
6194_reviewed	7428_reviewed	1
5296_reviewed	1399_reviewed	1
3091_reviewed	1050_reviewed	1
9531_reviewed	9260_reviewed	1
2176_reviewed	3312_reviewed	1
7083_reviewed	1026_reviewed	1
6136_reviewed	9045_reviewed	1
5720_reviewed	10213_reviewed	1
5519_reviewed	29966_reviewed	1
7163_reviewed	367_reviewed	1
51116_reviewed	55037_reviewed	1
5717_reviewed	5714_reviewed	1
3065_reviewed	6935_reviewed	0
10946_reviewed	23451_reviewed	1
149041_reviewed	498_reviewed	1
695_reviewed	2969_reviewed	1
10097_reviewed	10092_reviewed	1
5987_reviewed	9641_reviewed	1
641_reviewed	6118_reviewed	1
25879_reviewed	10813_reviewed	1
811_reviewed	3133_reviewed	1
29761_reviewed	55958_reviewed	1
7329_reviewed	6996_reviewed	1
5336_reviewed	6464_reviewed	1
63826_reviewed	26263_reviewed	1
23481_reviewed	4839_reviewed	1
6201_reviewed	3921_reviewed	1
9694_reviewed	284361_reviewed	1
3396_reviewed	54148_reviewed	1
4690_reviewed	10657_reviewed	1
26268_reviewed	6500_reviewed	1
56954_reviewed	7167_reviewed	1
2870_reviewed	154_reviewed	1
51399_reviewed	7109_reviewed	1
4193_reviewed	2969_reviewed	1
1027_reviewed	7337_reviewed	1
2260_reviewed	23673_reviewed	1
10980_reviewed	93611_reviewed	1
25842_reviewed	5931_reviewed	1
1453_reviewed	55861_reviewed	1
3784_reviewed	9099_reviewed	1
2023_reviewed	5230_reviewed	1
4609_reviewed	302_reviewed	1
28998_reviewed	54148_reviewed	1
7528_reviewed	10445_reviewed	1
22894_reviewed	54512_reviewed	1
1983_reviewed	8894_reviewed	1
10521_reviewed	6625_reviewed	1
10474_reviewed	7157_reviewed	1
6129_reviewed	3843_reviewed	1
6195_reviewed	2634_reviewed	1
1956_reviewed	7097_reviewed	1
55662_reviewed	80351_reviewed	1
51550_reviewed	84126_reviewed	1
3872_reviewed	6774_reviewed	1
23132_reviewed	8878_reviewed	1
26145_reviewed	64207_reviewed	1
1490_reviewed	60_reviewed	1
5468_reviewed	55829_reviewed	1
6714_reviewed	2099_reviewed	1
92714_reviewed	10413_reviewed	1
765_reviewed	388677_reviewed	1
4609_reviewed	5515_reviewed	1
79101_reviewed	9013_reviewed	1
4193_reviewed	7161_reviewed	1
5411_reviewed	25957_reviewed	1
4904_reviewed	26287_reviewed	1
10933_reviewed	79728_reviewed	1
51667_reviewed	10537_reviewed	1
6152_reviewed	6128_reviewed	1
9230_reviewed	26056_reviewed	1
1454_reviewed	26130_reviewed	1
10363_reviewed	55758_reviewed	1
3667_reviewed	207_reviewed	1
10551_reviewed	5499_reviewed	1
6714_reviewed	55872_reviewed	1
3178_reviewed	64969_reviewed	1
326_reviewed	1655_reviewed	1
4171_reviewed	4691_reviewed	1
1947_reviewed	10580_reviewed	1
6919_reviewed	7186_reviewed	1
51295_reviewed	5663_reviewed	1
51147_reviewed	3184_reviewed	1
7316_reviewed	708_reviewed	1
4846_reviewed	6767_reviewed	1
2175_reviewed	2178_reviewed	1
23386_reviewed	55958_reviewed	1
5071_reviewed	118424_reviewed	1
2099_reviewed	573_reviewed	1
9020_reviewed	3837_reviewed	1
54472_reviewed	4092_reviewed	1
55588_reviewed	112950_reviewed	1
406_reviewed	11091_reviewed	1
6615_reviewed	3066_reviewed	1
5971_reviewed	23633_reviewed	1
4654_reviewed	10419_reviewed	1
9817_reviewed	4085_reviewed	1
27145_reviewed	5886_reviewed	1
506_reviewed	4715_reviewed	1
22920_reviewed	9371_reviewed	1
84759_reviewed	79923_reviewed	1
1956_reviewed	23534_reviewed	1
9439_reviewed	9440_reviewed	1
11235_reviewed	26127_reviewed	1
4152_reviewed	8535_reviewed	1
1399_reviewed	5781_reviewed	1
26168_reviewed	8454_reviewed	1
1615_reviewed	5917_reviewed	1
5775_reviewed	7532_reviewed	1
7157_reviewed	23309_reviewed	1
467_reviewed	1386_reviewed	1
8089_reviewed	6944_reviewed	1
5887_reviewed	1069_reviewed	1
4691_reviewed	6189_reviewed	1
5605_reviewed	369_reviewed	1
51548_reviewed	2547_reviewed	1
91137_reviewed	79594_reviewed	1
4287_reviewed	8850_reviewed	1
9589_reviewed	10320_reviewed	1
7329_reviewed	7189_reviewed	1
1639_reviewed	55860_reviewed	1
5546_reviewed	10459_reviewed	1
65123_reviewed	79035_reviewed	1
3320_reviewed	1457_reviewed	1
7514_reviewed	4848_reviewed	1
9101_reviewed	54551_reviewed	1
10551_reviewed	191_reviewed	1
81550_reviewed	9513_reviewed	1
4188_reviewed	6687_reviewed	1
915_reviewed	821_reviewed	1
8301_reviewed	2060_reviewed	1
10742_reviewed	54557_reviewed	1
3174_reviewed	8648_reviewed	1
5501_reviewed	55210_reviewed	1
991_reviewed	7316_reviewed	1
51400_reviewed	4000_reviewed	1
904_reviewed	29969_reviewed	1
2017_reviewed	7456_reviewed	1
5595_reviewed	6721_reviewed	1
51720_reviewed	8975_reviewed	1
148581_reviewed	22954_reviewed	1
79643_reviewed	128866_reviewed	1
3845_reviewed	1605_reviewed	1
4736_reviewed	6193_reviewed	1
1655_reviewed	23492_reviewed	1
1659_reviewed	10450_reviewed	1
154_reviewed	2778_reviewed	1
4149_reviewed	6045_reviewed	1
867_reviewed	867_reviewed	1
5684_reviewed	3178_reviewed	1
80306_reviewed	9443_reviewed	1
3725_reviewed	3320_reviewed	1
4000_reviewed	10155_reviewed	1
3299_reviewed	5594_reviewed	1
81030_reviewed	84898_reviewed	1
5695_reviewed	10213_reviewed	1
10056_reviewed	3376_reviewed	1
1201_reviewed	8402_reviewed	1
6207_reviewed	6202_reviewed	1
9425_reviewed	84146_reviewed	1
5080_reviewed	4281_reviewed	1
3265_reviewed	80381_reviewed	1
5192_reviewed	5192_reviewed	1
653583_reviewed	4193_reviewed	1
55844_reviewed	83858_reviewed	1
51256_reviewed	7248_reviewed	1
3831_reviewed	64837_reviewed	1
2187_reviewed	55120_reviewed	1
2886_reviewed	2065_reviewed	1
89870_reviewed	207_reviewed	1
8835_reviewed	701_reviewed	1
7965_reviewed	4141_reviewed	1
7150_reviewed	2547_reviewed	1
81620_reviewed	8467_reviewed	1
4751_reviewed	1499_reviewed	1
5252_reviewed	3066_reviewed	1
583_reviewed	229_reviewed	1
2353_reviewed	8089_reviewed	1
5300_reviewed	2353_reviewed	1
64127_reviewed	3866_reviewed	1
55803_reviewed	203068_reviewed	1
64395_reviewed	64395_reviewed	1
6143_reviewed	6193_reviewed	1
7529_reviewed	3799_reviewed	1
10399_reviewed	2770_reviewed	0
6504_reviewed	5781_reviewed	1
64326_reviewed	908_reviewed	1
51586_reviewed	10025_reviewed	1
64839_reviewed	84541_reviewed	1
948_reviewed	2534_reviewed	1
9092_reviewed	24148_reviewed	1
116143_reviewed	5499_reviewed	1
22938_reviewed	11338_reviewed	1
2260_reviewed	2224_reviewed	1
6625_reviewed	24144_reviewed	1
6383_reviewed	6383_reviewed	1
1763_reviewed	7189_reviewed	1
5160_reviewed	23603_reviewed	1
2091_reviewed	79080_reviewed	1
64400_reviewed	92609_reviewed	1
6878_reviewed	2960_reviewed	1
55837_reviewed	988_reviewed	1
355_reviewed	10016_reviewed	1
7428_reviewed	23032_reviewed	1
8945_reviewed	25937_reviewed	1
51343_reviewed	701_reviewed	1
23476_reviewed	904_reviewed	1
8453_reviewed	10018_reviewed	1
55684_reviewed	26985_reviewed	1
51574_reviewed	1828_reviewed	1
51741_reviewed	4193_reviewed	1
9045_reviewed	6138_reviewed	1
6136_reviewed	6133_reviewed	1
5501_reviewed	2314_reviewed	1
9047_reviewed	51130_reviewed	1
5663_reviewed	596_reviewed	1
51574_reviewed	1660_reviewed	1
2289_reviewed	728642_reviewed	1
673_reviewed	79923_reviewed	1
5684_reviewed	5686_reviewed	1
8795_reviewed	867_reviewed	1
369_reviewed	10469_reviewed	1
3725_reviewed	3091_reviewed	1
7112_reviewed	4000_reviewed	1
3364_reviewed	10987_reviewed	1
3178_reviewed	10521_reviewed	1
1195_reviewed	124245_reviewed	1
5300_reviewed	8558_reviewed	1
92140_reviewed	27044_reviewed	1
3845_reviewed	10938_reviewed	1
8451_reviewed	50813_reviewed	1
2801_reviewed	54535_reviewed	1
84126_reviewed	6117_reviewed	1
28964_reviewed	8874_reviewed	1
7157_reviewed	5743_reviewed	1
5791_reviewed	113174_reviewed	1
51433_reviewed	51434_reviewed	1
123879_reviewed	8451_reviewed	1
85015_reviewed	51663_reviewed	1
3845_reviewed	140885_reviewed	1
8328_reviewed	55835_reviewed	1
283150_reviewed	4609_reviewed	1
22981_reviewed	121441_reviewed	1
6199_reviewed	8850_reviewed	1
5685_reviewed	5696_reviewed	1
1956_reviewed	10458_reviewed	1
5688_reviewed	5694_reviewed	1
7316_reviewed	5711_reviewed	1
6881_reviewed	6882_reviewed	0
56257_reviewed	27316_reviewed	1
8737_reviewed	301_reviewed	1
4287_reviewed	1111_reviewed	1
29079_reviewed	8874_reviewed	1
124739_reviewed	3066_reviewed	1
1308_reviewed	1500_reviewed	1
3643_reviewed	8878_reviewed	1
1838_reviewed	10363_reviewed	1
55294_reviewed	27185_reviewed	1
2146_reviewed	3066_reviewed	1
6187_reviewed	6203_reviewed	1
9662_reviewed	9851_reviewed	1
51564_reviewed	2011_reviewed	1
728642_reviewed	57018_reviewed	1
84108_reviewed	6015_reviewed	1
10111_reviewed	8487_reviewed	1
7150_reviewed	23451_reviewed	1
2078_reviewed	22803_reviewed	1
8864_reviewed	4193_reviewed	1
10155_reviewed	56916_reviewed	1
116225_reviewed	253980_reviewed	1
57326_reviewed	4193_reviewed	1
9040_reviewed	57154_reviewed	1
9342_reviewed	60412_reviewed	1
7316_reviewed	6386_reviewed	1
55917_reviewed	29966_reviewed	1
64210_reviewed	5424_reviewed	1
896_reviewed	1019_reviewed	1
9802_reviewed	10422_reviewed	1
3858_reviewed	207_reviewed	1
3551_reviewed	50813_reviewed	1
10980_reviewed	23276_reviewed	1
29883_reviewed	55571_reviewed	1
29979_reviewed	5709_reviewed	1
25820_reviewed	7316_reviewed	1
2885_reviewed	54206_reviewed	1
5687_reviewed	5684_reviewed	1
7917_reviewed	51608_reviewed	1
5921_reviewed	4690_reviewed	1
5058_reviewed	28964_reviewed	1
30011_reviewed	8764_reviewed	0
4152_reviewed	6045_reviewed	1
4654_reviewed	6839_reviewed	1
1050_reviewed	116443_reviewed	1
55422_reviewed	79837_reviewed	0
4582_reviewed	1500_reviewed	1
415117_reviewed	6839_reviewed	1
10413_reviewed	5705_reviewed	1
3066_reviewed	50943_reviewed	1
5684_reviewed	5713_reviewed	1
6657_reviewed	80232_reviewed	1
10213_reviewed	5717_reviewed	1
10318_reviewed	4790_reviewed	1
255877_reviewed	604_reviewed	1
6625_reviewed	51747_reviewed	1
5111_reviewed	7515_reviewed	1
10551_reviewed	1612_reviewed	1
7428_reviewed	22948_reviewed	1
5340_reviewed	3303_unreviewed	1
84993_reviewed	7316_reviewed	1
4772_reviewed	142_reviewed	1
2932_reviewed	54541_reviewed	1
27292_reviewed	5725_reviewed	1
8506_reviewed	483_reviewed	1
10288_unreviewed	5777_reviewed	1
7167_reviewed	7167_reviewed	1
80854_reviewed	6881_reviewed	1
6615_reviewed	23186_reviewed	1
112399_reviewed	5597_reviewed	1
6124_reviewed	6201_reviewed	1
3065_reviewed	2625_reviewed	1
2099_reviewed	30836_reviewed	1
9584_reviewed	54819_reviewed	1
3845_reviewed	201595_reviewed	1
4869_reviewed	6147_reviewed	1
29914_reviewed	6646_reviewed	1
274_reviewed	128866_reviewed	1
3661_reviewed	5933_reviewed	1
63979_reviewed	5888_reviewed	1
7507_reviewed	2072_reviewed	1
2961_reviewed	4163_reviewed	1
402_reviewed	6904_reviewed	1
4869_reviewed	23569_reviewed	1
10987_reviewed	6502_reviewed	1
1019_reviewed	4609_reviewed	1
223082_reviewed	84937_reviewed	1
84955_reviewed	2066_reviewed	1
64795_reviewed	116225_reviewed	1
6045_reviewed	84108_reviewed	1
6688_reviewed	2624_reviewed	1
81565_reviewed	54462_reviewed	1
3091_reviewed	10856_reviewed	1
28952_reviewed	51122_reviewed	1
2072_reviewed	5893_reviewed	1
64135_reviewed	84282_reviewed	0
6198_reviewed	4137_reviewed	1
8453_reviewed	7316_reviewed	1
57506_reviewed	64135_reviewed	1
8945_reviewed	6667_reviewed	1
79583_reviewed	79600_reviewed	1
9306_reviewed	55626_reviewed	1
55752_reviewed	989_reviewed	1
1665_reviewed	26168_reviewed	1
51282_reviewed	84307_reviewed	1
1201_reviewed	1374_reviewed	1
22976_reviewed	3958_reviewed	1
3688_reviewed	9270_reviewed	1
65003_reviewed	54148_reviewed	1
5338_reviewed	3091_reviewed	1
2099_reviewed	142_reviewed	1
5071_reviewed	9246_reviewed	1
4988_reviewed	10987_reviewed	1
51010_reviewed	23404_reviewed	1
7703_reviewed	7703_reviewed	1
7337_reviewed	7324_reviewed	1
993_reviewed	891_reviewed	1
4609_reviewed	1642_reviewed	1
8646_reviewed	4088_reviewed	1
83605_reviewed	117581_reviewed	1
840_reviewed	1410_reviewed	1
6204_reviewed	6201_reviewed	1
3276_reviewed	5970_reviewed	1
84447_reviewed	2861_reviewed	1
4088_reviewed	10370_reviewed	1
7316_reviewed	55054_reviewed	1
5728_reviewed	207_reviewed	1
6477_reviewed	10188_reviewed	1
6929_reviewed	4656_reviewed	1
6500_reviewed	283237_reviewed	1
51377_reviewed	3309_reviewed	1
5071_reviewed	25_reviewed	1
7534_reviewed	10298_reviewed	1
708_reviewed	5590_reviewed	1
4794_reviewed	4790_reviewed	1
4683_reviewed	10111_reviewed	1
64858_reviewed	7014_reviewed	1
9984_reviewed	84321_reviewed	1
10673_reviewed	29911_reviewed	1
11104_reviewed	10300_reviewed	1
396_reviewed	4478_reviewed	1
1408_reviewed	22992_reviewed	0
80011_reviewed	5682_reviewed	1
8803_reviewed	57085_reviewed	1
4287_reviewed	10808_reviewed	1
10775_reviewed	10557_reviewed	1
7283_reviewed	80097_reviewed	1
7415_reviewed	7251_reviewed	1
5202_reviewed	116143_reviewed	1
4609_reviewed	2648_reviewed	1
9531_reviewed	10101_reviewed	1
3643_reviewed	3643_reviewed	1
7486_reviewed	5810_reviewed	1
23512_reviewed	57167_reviewed	1
4609_reviewed	5702_reviewed	1
7157_reviewed	1877_reviewed	1
5688_reviewed	5688_reviewed	1
4582_reviewed	2064_reviewed	1
8900_reviewed	10399_reviewed	1
4090_reviewed	9146_reviewed	1
11065_reviewed	5693_reviewed	1
10250_reviewed	6628_reviewed	1
92_reviewed	654_reviewed	1
580_reviewed	2130_reviewed	1
29761_reviewed	114781_reviewed	1
6456_reviewed	8751_reviewed	1
23400_reviewed	665_reviewed	1
5565_reviewed	8676_reviewed	1
26512_reviewed	5515_reviewed	1
9368_reviewed	5156_reviewed	1
1147_reviewed	5970_reviewed	1
56257_reviewed	9465_reviewed	1
117246_reviewed	10813_reviewed	1
7157_reviewed	7334_reviewed	1
10673_reviewed	55705_reviewed	1
64983_reviewed	54534_reviewed	1
6464_reviewed	79801_reviewed	1
115557_reviewed	387_reviewed	1
9101_reviewed	7316_reviewed	1
29093_reviewed	124995_reviewed	1
7203_reviewed	10694_reviewed	1
26224_reviewed	6500_reviewed	1
7163_reviewed	10273_reviewed	1
6199_reviewed	4691_reviewed	1
22981_reviewed	51512_reviewed	1
5977_reviewed	86_reviewed	1
84101_reviewed	8841_reviewed	1
10735_reviewed	23047_reviewed	1
10413_reviewed	78990_reviewed	1
54583_reviewed	10728_reviewed	1
4609_reviewed	30836_reviewed	1
6880_reviewed	6878_reviewed	1
1479_reviewed	23283_reviewed	1
6141_reviewed	6208_reviewed	1
3313_reviewed	80273_reviewed	1
5293_reviewed	5294_reviewed	1
8916_reviewed	5710_reviewed	1
54820_reviewed	81565_reviewed	1
1196_reviewed	79753_reviewed	1
5901_reviewed	7514_reviewed	1
7289_reviewed	3607_reviewed	1
1937_reviewed	57562_reviewed	0
7157_reviewed	11218_reviewed	1
8471_reviewed	3320_reviewed	1
55226_reviewed	4193_reviewed	1
8665_reviewed	8662_reviewed	1
10013_reviewed	60_reviewed	1
26994_reviewed	11060_reviewed	1
3476_reviewed	5537_reviewed	1
5747_reviewed	5781_reviewed	1
65264_reviewed	7317_reviewed	1
4193_reviewed	467_reviewed	1
9782_reviewed	26993_reviewed	1
9564_reviewed	4867_reviewed	1
3659_reviewed	10273_reviewed	1
26994_reviewed	4734_reviewed	1
6138_reviewed	6201_reviewed	1
5871_reviewed	7186_reviewed	1
4233_reviewed	4233_reviewed	1
9184_reviewed	3066_reviewed	1
5683_reviewed	5702_reviewed	1
142678_reviewed	8915_reviewed	1
5536_reviewed	7428_reviewed	1
1196_reviewed	22985_reviewed	1
121441_reviewed	114791_reviewed	1
9588_reviewed	9588_reviewed	1
11141_reviewed	58504_reviewed	1
5925_reviewed	5424_reviewed	1
4659_reviewed	5501_reviewed	1
2146_reviewed	80349_reviewed	1
54455_reviewed	6500_reviewed	1
5465_reviewed	23411_reviewed	1
8451_reviewed	10920_reviewed	1
10425_reviewed	7316_reviewed	1
2176_reviewed	2175_reviewed	1
3551_reviewed	6885_reviewed	1
5599_reviewed	3661_reviewed	1
85369_reviewed	26127_reviewed	1
9929_reviewed	7316_reviewed	1
7535_reviewed	916_reviewed	1
6907_reviewed	1499_reviewed	1
4089_reviewed	3665_reviewed	1
9295_reviewed	9584_reviewed	1
5295_reviewed	6752_reviewed	1
3930_reviewed	4204_reviewed	1
4734_reviewed	2066_reviewed	1
51236_reviewed	7268_reviewed	1
59343_reviewed	51343_reviewed	1
1297_reviewed	1280_reviewed	1
11140_reviewed	348_reviewed	1
29109_reviewed	5880_reviewed	0
4914_reviewed	4914_reviewed	1
10614_reviewed	56652_reviewed	1
23586_reviewed	126364_reviewed	1
3320_reviewed	11338_reviewed	1
9232_reviewed	3301_reviewed	1
6837_reviewed	9443_reviewed	1
10250_reviewed	9129_reviewed	1
8850_reviewed	3219_reviewed	1
8216_reviewed	3265_reviewed	1
57154_reviewed	50855_reviewed	1
6502_reviewed	5897_reviewed	1
2078_reviewed	4841_reviewed	1
9099_reviewed	1499_reviewed	1
10413_reviewed	7159_reviewed	1
51377_reviewed	5710_reviewed	1
894_reviewed	1027_reviewed	1
5376_reviewed	4359_reviewed	1
55844_reviewed	10574_reviewed	1
10421_reviewed	84129_reviewed	1
818_reviewed	2904_reviewed	1
26270_reviewed	56926_reviewed	1
7157_reviewed	10128_reviewed	1
7374_reviewed	6118_reviewed	1
25842_reviewed	146059_reviewed	1
80321_reviewed	115106_reviewed	1
4899_reviewed	10891_reviewed	1
705_reviewed	6188_reviewed	1
4000_reviewed	224_reviewed	1
1452_reviewed	1855_reviewed	0
3265_reviewed	55004_reviewed	1
4609_reviewed	4670_reviewed	1
4893_reviewed	55789_reviewed	1
10133_reviewed	55054_reviewed	1
5071_reviewed	5705_reviewed	1
339390_reviewed	3430_reviewed	1
10989_reviewed	7416_reviewed	1
26224_reviewed	1408_reviewed	1
4734_reviewed	23168_reviewed	1
85406_reviewed	1812_reviewed	1
27071_reviewed	91833_reviewed	1
513_reviewed	509_reviewed	1
4771_reviewed	9368_reviewed	1
22981_reviewed	55320_reviewed	1
3897_reviewed	7430_reviewed	1
2177_reviewed	5890_reviewed	0
51028_reviewed	7251_reviewed	1
4804_reviewed	7157_reviewed	1
7041_reviewed	2185_reviewed	1
3516_reviewed	54455_reviewed	1
7329_reviewed	1080_reviewed	1
26263_reviewed	7157_reviewed	1
23468_reviewed	3009_reviewed	1
5520_reviewed	2296_reviewed	1
64398_reviewed	26036_reviewed	1
25897_reviewed	6647_reviewed	1
57596_reviewed	57596_reviewed	1
6657_reviewed	64326_reviewed	1
9260_reviewed	10987_reviewed	1
23032_reviewed	9738_reviewed	1
3927_reviewed	10919_reviewed	1
89870_reviewed	89870_reviewed	1
613_reviewed	5295_reviewed	1
4893_reviewed	79109_reviewed	1
64426_reviewed	3065_reviewed	1
2099_reviewed	84458_reviewed	1
2091_reviewed	6141_reviewed	1
26043_reviewed	3091_reviewed	1
6874_reviewed	6883_reviewed	1
988_reviewed	9584_reviewed	1
3949_reviewed	1600_reviewed	1
3065_reviewed	7343_reviewed	1
1111_reviewed	993_reviewed	1
688_reviewed	3066_reviewed	1
49856_reviewed	9662_reviewed	1
843_reviewed	8772_reviewed	1
1241_reviewed	1241_reviewed	1
5371_reviewed	1616_reviewed	1
4609_reviewed	55626_reviewed	1
11200_reviewed	56254_reviewed	1
4193_reviewed	3192_reviewed	1
55257_reviewed	8089_reviewed	1
7013_reviewed	8945_reviewed	1
3091_reviewed	1499_reviewed	1
891_reviewed	23326_reviewed	1
1796_reviewed	2268_reviewed	1
10045_reviewed	1956_reviewed	1
23521_reviewed	2091_reviewed	1
60412_reviewed	149371_reviewed	1
55670_reviewed	5190_reviewed	1
3609_reviewed	5359_reviewed	1
10746_reviewed	4215_reviewed	1
11200_reviewed	984_reviewed	1
51397_reviewed	51122_reviewed	1
653361_reviewed	1535_reviewed	1
55236_reviewed	7347_reviewed	1
10673_reviewed	26953_reviewed	1
4582_reviewed	3308_reviewed	1
55036_reviewed	64946_reviewed	1
382_reviewed	23396_reviewed	1
81622_reviewed	81555_reviewed	1
3276_reviewed	149603_reviewed	1
11160_reviewed	83590_reviewed	1
2100_reviewed	27161_reviewed	1
5245_reviewed	7417_reviewed	1
409_reviewed	408_reviewed	1
55660_reviewed	79576_reviewed	1
84528_reviewed	9319_reviewed	1
208_reviewed	57630_reviewed	1
2146_reviewed	3065_reviewed	1
51185_reviewed	10320_reviewed	1
3309_reviewed	29927_reviewed	1
5093_reviewed	9782_reviewed	1
79913_reviewed	10445_reviewed	1
55038_reviewed	55170_reviewed	1
1734_reviewed	26118_reviewed	1
79585_reviewed	8976_reviewed	1
7874_reviewed	23172_reviewed	1
3845_reviewed	9475_reviewed	1
22806_reviewed	84619_reviewed	1
2146_reviewed	23649_reviewed	1
11099_reviewed	2066_reviewed	1
4609_reviewed	60528_reviewed	1
6603_reviewed	605_reviewed	1
55157_reviewed	3735_reviewed	1
5796_reviewed	1499_reviewed	1
7415_reviewed	3188_reviewed	1
273_reviewed	8851_reviewed	1
5156_reviewed	1398_reviewed	1
9306_reviewed	5905_reviewed	1
1147_reviewed	7186_reviewed	1
8503_reviewed	84727_reviewed	1
2073_reviewed	5888_reviewed	1
6117_reviewed	988_reviewed	1
5245_reviewed	10476_reviewed	1
8175_reviewed	10523_reviewed	1
57654_reviewed	2071_reviewed	1
4343_reviewed	10614_reviewed	1
2671_reviewed	2671_reviewed	1
10399_reviewed	5142_reviewed	0
6908_reviewed	5451_reviewed	1
2547_reviewed	4841_reviewed	1
55588_reviewed	10001_reviewed	1
9040_reviewed	84078_reviewed	1
5058_reviewed	2099_reviewed	1
6222_reviewed	6188_reviewed	1
55294_reviewed	6720_reviewed	1
2099_reviewed	10001_reviewed	1
821_reviewed	5245_reviewed	1
54926_reviewed	54926_reviewed	1
984_reviewed	3308_reviewed	1
5883_reviewed	1460_reviewed	1
56259_reviewed	56259_reviewed	1
7518_reviewed	79840_reviewed	1
6314_reviewed	5700_reviewed	1
5052_reviewed	6647_reviewed	1
55844_reviewed	10575_reviewed	1
7443_reviewed	7443_reviewed	1
81929_reviewed	55746_reviewed	1
7290_reviewed	8473_reviewed	1
10278_reviewed	6714_reviewed	1
3685_reviewed	5829_reviewed	1
223082_reviewed	10971_reviewed	1
6915_reviewed	14_reviewed	1
23431_reviewed	10717_reviewed	1
1956_reviewed	1174_reviewed	1
5685_reviewed	143471_reviewed	1
9097_reviewed	2547_reviewed	1
54413_reviewed	1583_reviewed	1
2801_reviewed	26003_reviewed	1
1788_reviewed	5925_reviewed	1
10413_reviewed	11091_reviewed	1
55832_reviewed	3191_reviewed	1
1050_reviewed	7704_reviewed	1
1025_reviewed	10051_reviewed	1
10567_reviewed	51324_reviewed	1
5521_reviewed	10576_reviewed	1
10856_reviewed	29844_reviewed	1
10013_reviewed	2342_reviewed	1
5830_reviewed	8540_reviewed	1
3376_reviewed	4141_reviewed	1
5719_reviewed	5711_reviewed	1
26232_reviewed	23621_reviewed	1
4609_reviewed	4436_reviewed	1
3636_reviewed	283987_reviewed	1
28996_reviewed	6477_reviewed	1
80344_reviewed	8450_reviewed	1
27185_reviewed	81565_reviewed	1
11167_reviewed	10513_reviewed	1
149041_reviewed	6187_reviewed	1
5594_reviewed	4751_reviewed	1
2885_reviewed	6464_reviewed	1
140885_reviewed	811_reviewed	1
5887_reviewed	5707_reviewed	1
3480_reviewed	2099_reviewed	1
1499_reviewed	142_reviewed	1
201475_reviewed	10133_reviewed	1
10726_reviewed	3320_reviewed	1
4688_reviewed	9588_reviewed	1
5728_reviewed	7329_reviewed	1
7316_reviewed	9577_reviewed	1
9255_reviewed	3735_reviewed	1
5521_reviewed	7203_reviewed	1
3329_reviewed	390916_reviewed	1
9695_reviewed	8878_reviewed	1
2313_reviewed	9063_reviewed	1
9441_reviewed	6874_reviewed	1
267_reviewed	3309_reviewed	1
7170_reviewed	29844_reviewed	1
7157_reviewed	6598_reviewed	1
7343_reviewed	10514_reviewed	1
81876_reviewed	5861_reviewed	1
8850_reviewed	1027_reviewed	1
4947_reviewed	4609_reviewed	1
4092_reviewed	10454_reviewed	1
10399_reviewed	22863_reviewed	1
7124_reviewed	81858_reviewed	1
5979_reviewed	6774_reviewed	1
5245_reviewed	5925_reviewed	1
3364_reviewed	5810_reviewed	1
10625_reviewed	1660_reviewed	1
3091_reviewed	2103_reviewed	1
54799_reviewed	10902_reviewed	1
23411_reviewed	3725_reviewed	1
2140_reviewed	2274_reviewed	1
11244_reviewed	57562_reviewed	0
8850_reviewed	10629_reviewed	1
25855_reviewed	6605_reviewed	1
6647_reviewed	2023_reviewed	1
930_reviewed	3732_reviewed	1
4188_reviewed	6495_reviewed	1
9360_reviewed	5093_reviewed	1
27335_reviewed	51386_reviewed	1
8317_reviewed	4171_reviewed	1
2885_reviewed	1639_reviewed	1
4893_reviewed	322_reviewed	1
2177_reviewed	5429_reviewed	1
5481_reviewed	3608_reviewed	1
8661_reviewed	10480_reviewed	1
27185_reviewed	5905_reviewed	1
6047_reviewed	10155_reviewed	1
30011_reviewed	1601_reviewed	1
9277_reviewed	9933_reviewed	1
29922_reviewed	8481_reviewed	1
9775_reviewed	9343_reviewed	1
3768_reviewed	8573_reviewed	1
84447_reviewed	84447_reviewed	1
51637_reviewed	283742_reviewed	1
9627_reviewed	5300_reviewed	1
2534_reviewed	7297_reviewed	1
55660_reviewed	1729_reviewed	1
6194_reviewed	6238_reviewed	1
9530_reviewed	10049_reviewed	1
10189_reviewed	84321_reviewed	1
991_reviewed	6950_reviewed	1
857_reviewed	1445_reviewed	1
5422_reviewed	5111_reviewed	1
23411_reviewed	84148_reviewed	1
57506_reviewed	57506_reviewed	1
5604_reviewed	673_reviewed	1
8726_reviewed	23560_reviewed	1
10528_reviewed	6136_reviewed	1
8408_reviewed	22863_reviewed	1
3320_reviewed	6195_reviewed	1
79577_reviewed	1788_reviewed	1
5451_reviewed	1385_reviewed	1
23243_reviewed	112574_reviewed	1
10613_reviewed	11160_reviewed	1
53407_reviewed	9183_reviewed	1
6118_reviewed	2597_reviewed	1
10758_reviewed	958_reviewed	1
94081_reviewed	4702_reviewed	1
8202_reviewed	5241_reviewed	1
8073_reviewed	7803_reviewed	1
1022_reviewed	2961_reviewed	1
51010_reviewed	11340_reviewed	1
892_reviewed	5925_reviewed	1
10618_reviewed	11316_reviewed	1
9306_reviewed	79888_reviewed	1
8728_reviewed	10152_reviewed	1
2861_reviewed	3303_unreviewed	1
2332_reviewed	123722_reviewed	1
7874_reviewed	165918_reviewed	1
8314_reviewed	10197_reviewed	1
8772_reviewed	356_reviewed	1
84445_reviewed	84619_reviewed	1
8417_reviewed	9482_reviewed	1
9466_reviewed	6772_reviewed	1
10921_reviewed	55660_reviewed	1
10134_reviewed	23471_reviewed	1
4615_reviewed	3665_reviewed	1
5449_reviewed	7088_reviewed	0
79892_reviewed	4171_reviewed	1
1025_reviewed	22948_reviewed	1
149041_reviewed	4869_reviewed	1
7157_reviewed	6124_reviewed	1
27111_reviewed	51538_reviewed	1
9533_reviewed	10621_reviewed	1
7534_reviewed	6744_reviewed	1
6132_reviewed	6203_reviewed	1
983_reviewed	7329_reviewed	1
84182_reviewed	7874_reviewed	1
890_reviewed	116092_reviewed	1
149041_reviewed	55571_reviewed	1
1956_reviewed	2778_reviewed	1
29925_reviewed	29926_reviewed	1
10413_reviewed	22948_reviewed	1
84676_reviewed	58_reviewed	1
29882_reviewed	9232_reviewed	1
10891_reviewed	4692_reviewed	1
2740_reviewed	3249_reviewed	1
3308_reviewed	3312_reviewed	1
2810_reviewed	8711_reviewed	1
22918_reviewed	10755_reviewed	1
8471_reviewed	1956_reviewed	1
4734_reviewed	57118_reviewed	1
6147_reviewed	6129_reviewed	1
1937_reviewed	5764_reviewed	0
54534_reviewed	79590_reviewed	1
6045_reviewed	11091_reviewed	1
1080_reviewed	5704_reviewed	1
6124_reviewed	6187_reviewed	1
9455_reviewed	10193_reviewed	1
29763_reviewed	85377_reviewed	1
51741_reviewed	23558_reviewed	1
4086_reviewed	4734_reviewed	1
7004_reviewed	80321_reviewed	1
10553_reviewed	57727_reviewed	1
1789_reviewed	10592_reviewed	1
133522_reviewed	2099_reviewed	1
26234_reviewed	48_reviewed	1
80700_reviewed	5708_reviewed	1
241_reviewed	240_reviewed	1
29780_reviewed	7414_reviewed	0
64750_reviewed	5142_reviewed	1
9933_reviewed	117246_reviewed	1
55689_reviewed	2648_reviewed	1
9425_reviewed	3065_reviewed	1
10241_reviewed	9755_reviewed	1
7879_reviewed	55207_reviewed	1
6601_reviewed	55274_reviewed	1
2740_reviewed	57130_reviewed	1
2099_reviewed	6129_reviewed	1
10524_reviewed	1385_reviewed	1
5800_reviewed	9601_reviewed	1
26548_reviewed	9643_reviewed	1
5881_reviewed	10519_reviewed	1
51741_reviewed	51692_reviewed	1
60626_reviewed	328_reviewed	1
23212_reviewed	6506_reviewed	0
7534_reviewed	51256_reviewed	1
1956_reviewed	1211_reviewed	1
57017_reviewed	51117_reviewed	1
23291_reviewed	79893_reviewed	1
54998_reviewed	23107_reviewed	1
4089_reviewed	2309_reviewed	1
79885_reviewed	10575_reviewed	1
340061_reviewed	57506_reviewed	1
6730_reviewed	6731_reviewed	1
1956_reviewed	2950_reviewed	1
1487_reviewed	5411_reviewed	1
53635_reviewed	10211_reviewed	1
1431_reviewed	10131_reviewed	1
4193_reviewed	2547_reviewed	1
54984_reviewed	10445_reviewed	1
7189_reviewed	10048_reviewed	1
9146_reviewed	29979_reviewed	1
1028_reviewed	207_reviewed	1
2091_reviewed	2091_reviewed	1
6997_reviewed	91_reviewed	1
345611_reviewed	64127_reviewed	1
129685_reviewed	6882_reviewed	1
6804_reviewed	6340_reviewed	1
55054_reviewed	1173_reviewed	1
10540_reviewed	832_reviewed	1
142_reviewed	2962_reviewed	1
54221_reviewed	80124_reviewed	1
3301_reviewed	3313_reviewed	1
5595_reviewed	27330_reviewed	1
1869_reviewed	8204_reviewed	1
3181_reviewed	3191_reviewed	1
2885_reviewed	259215_reviewed	1
54361_reviewed	3959_reviewed	1
4904_reviewed	5111_reviewed	1
29911_reviewed	64400_reviewed	1
10048_reviewed	4289_reviewed	1
8718_reviewed	5777_reviewed	1
1452_reviewed	55861_reviewed	0
958_reviewed	9618_reviewed	0
92714_reviewed	7251_reviewed	1
3178_reviewed	65008_reviewed	1
3315_reviewed	3188_reviewed	1
64127_reviewed	7088_reviewed	1
126626_reviewed	1871_reviewed	0
55024_reviewed	4067_reviewed	1
875_reviewed	7329_reviewed	1
9439_reviewed	9477_reviewed	1
6615_reviewed	10363_reviewed	1
8658_reviewed	8312_reviewed	1
8405_reviewed	4076_reviewed	1
9958_reviewed	5713_reviewed	1
2260_reviewed	581_reviewed	1
10138_reviewed	10238_reviewed	1
51070_reviewed	5515_reviewed	1
56888_reviewed	55347_reviewed	1
5191_reviewed	5195_reviewed	0
580_reviewed	2287_reviewed	1
7020_reviewed	5563_reviewed	1
22930_reviewed	25782_reviewed	1
3376_reviewed	2617_reviewed	1
1432_reviewed	5925_reviewed	1
55124_reviewed	8841_reviewed	1
27429_reviewed	25852_reviewed	1
22981_reviewed	90799_reviewed	1
8887_reviewed	91949_reviewed	1
23326_reviewed	23028_reviewed	1
1499_reviewed	1495_reviewed	1
467_reviewed	3065_reviewed	1
7157_reviewed	2071_reviewed	1
8661_reviewed	8667_reviewed	1
9352_reviewed	7337_reviewed	1
10133_reviewed	26100_reviewed	1
355_reviewed	356_reviewed	1
25827_reviewed	5296_reviewed	1
27185_reviewed	23043_reviewed	1
54797_reviewed	9862_reviewed	1
5393_reviewed	10200_reviewed	1
23650_reviewed	80321_reviewed	1
5621_reviewed	4350_reviewed	1
10574_reviewed	79084_reviewed	1
24144_reviewed	7157_reviewed	1
7015_reviewed	4691_reviewed	1
7531_reviewed	3480_reviewed	1
2624_reviewed	5371_reviewed	1
2740_reviewed	79957_reviewed	1
29947_reviewed	3065_reviewed	1
1173_reviewed	160_reviewed	1
7023_reviewed	3146_reviewed	1
7415_reviewed	8945_reviewed	1
6207_reviewed	6187_reviewed	1
6477_reviewed	5932_reviewed	1
11072_reviewed	5831_reviewed	1
8737_reviewed	8517_reviewed	1
2885_reviewed	7410_reviewed	1
79577_reviewed	51692_reviewed	1
203068_reviewed	7088_reviewed	0
27095_reviewed	79090_reviewed	1
4595_reviewed	4436_reviewed	1
5710_reviewed	5710_reviewed	1
79139_reviewed	3105_reviewed	1
596_reviewed	581_reviewed	1
3091_reviewed	3326_reviewed	1
1780_reviewed	1639_reviewed	1
1839_reviewed	1956_reviewed	1
4720_reviewed	4722_reviewed	1
5728_reviewed	1616_reviewed	1
7157_reviewed	23172_reviewed	1
7874_reviewed	1111_reviewed	1
51684_reviewed	92595_reviewed	1
23221_reviewed	23221_reviewed	1
79637_reviewed	220082_reviewed	1
1610_reviewed	267012_reviewed	1
9131_reviewed	54902_reviewed	1
22822_reviewed	8664_reviewed	1
3055_reviewed	22821_reviewed	1
7015_reviewed	2547_reviewed	1
3091_reviewed	10956_reviewed	1
6714_reviewed	5295_reviewed	1
90933_reviewed	5590_reviewed	1
26168_reviewed	7157_reviewed	1
6137_reviewed	10412_reviewed	1
23291_reviewed	994_reviewed	1
3065_reviewed	26959_reviewed	1
9531_reviewed	23187_reviewed	1
6850_reviewed	4137_reviewed	1
8835_reviewed	6777_reviewed	1
3916_reviewed	7037_reviewed	1
24138_reviewed	1147_reviewed	1
8452_reviewed	29761_reviewed	1
6911_reviewed	84970_reviewed	1
79922_reviewed	37_reviewed	1
9781_reviewed	142_reviewed	1
257397_reviewed	8517_reviewed	1
5422_reviewed	5925_reviewed	1
9521_reviewed	1615_reviewed	1
27185_reviewed	9638_reviewed	1
9530_reviewed	1656_reviewed	1
5289_reviewed	9711_reviewed	1
7345_reviewed	7846_reviewed	1
471_reviewed	7531_reviewed	1
3688_reviewed	3611_reviewed	1
467_reviewed	10013_reviewed	1
54433_reviewed	1207_reviewed	1
8665_reviewed	8668_reviewed	1
8106_reviewed	22938_reviewed	1
8626_reviewed	25898_reviewed	1
5770_reviewed	29927_reviewed	1
4720_reviewed	4723_reviewed	1
5300_reviewed	898_reviewed	1
5052_reviewed	9040_reviewed	1
4595_reviewed	5883_reviewed	1
26015_reviewed	3312_reviewed	1
7020_reviewed	163_reviewed	1
54939_reviewed	7027_reviewed	1
55588_reviewed	10025_reviewed	1
4804_reviewed	5567_reviewed	1
286053_reviewed	5885_reviewed	1
468_reviewed	79837_reviewed	0
27289_reviewed	5693_reviewed	1
11124_reviewed	9218_reviewed	1
7486_reviewed	2547_reviewed	1
8522_reviewed	7454_reviewed	1
94015_reviewed	4734_reviewed	1
4609_reviewed	10575_reviewed	1
253725_reviewed	23307_reviewed	1
6009_reviewed	220441_reviewed	1
3692_reviewed	56647_reviewed	1
5471_reviewed	2618_reviewed	1
8470_reviewed	5782_reviewed	1
3978_reviewed	10238_reviewed	1
4869_reviewed	26354_reviewed	1
3702_reviewed	2885_reviewed	1
2100_reviewed	5359_reviewed	1
688_reviewed	6418_reviewed	1
1537_reviewed	4722_reviewed	1
5566_reviewed	5567_reviewed	1
29979_reviewed	57488_reviewed	1
90268_reviewed	10616_reviewed	1
4691_reviewed	9045_reviewed	1
3065_reviewed	3297_reviewed	1
6449_reviewed	84888_reviewed	1
5700_reviewed	11047_reviewed	1
57332_reviewed	84108_reviewed	1
11338_reviewed	2547_reviewed	1
79003_reviewed	79980_reviewed	1
55367_reviewed	8772_reviewed	1
8737_reviewed	3551_reviewed	1
7534_reviewed	23136_reviewed	1
51720_reviewed	7421_reviewed	0
6778_reviewed	6421_reviewed	1
7529_reviewed	23367_reviewed	1
8996_reviewed	8683_reviewed	1
55294_reviewed	7706_reviewed	1
162989_reviewed	9191_reviewed	1
124535_reviewed	25939_reviewed	1
525_reviewed	55004_reviewed	1
5292_reviewed	991_reviewed	1
7337_reviewed	10455_reviewed	1
7124_reviewed	10010_reviewed	1
5518_reviewed	56256_reviewed	1
3981_reviewed	4758_reviewed	1
5716_reviewed	5707_reviewed	1
3297_reviewed	1051_reviewed	1
1852_reviewed	5594_reviewed	1
1643_reviewed	2494_reviewed	1
22827_reviewed	29115_reviewed	1
408_reviewed	4792_reviewed	1
7486_reviewed	1660_reviewed	1
5626_reviewed	1499_reviewed	1
5522_reviewed	908_reviewed	1
3751_reviewed	30819_reviewed	1
80143_reviewed	5515_reviewed	1
5359_reviewed	129807_reviewed	1
10450_reviewed	27339_reviewed	1
2091_reviewed	9904_reviewed	1
4000_reviewed	3930_reviewed	1
983_reviewed	10600_reviewed	1
4654_reviewed	114907_reviewed	1
6135_reviewed	6201_reviewed	1
8451_reviewed	25853_reviewed	1
10477_reviewed	79594_reviewed	1
200081_reviewed	4666_reviewed	1
5194_reviewed	8504_reviewed	0
6142_reviewed	6122_reviewed	1
91833_reviewed	57599_reviewed	1
3694_reviewed	5594_reviewed	1
51035_reviewed	51608_reviewed	1
5599_reviewed	84656_reviewed	0
154_reviewed	156_reviewed	1
207_reviewed	6615_reviewed	1
5580_reviewed	3024_reviewed	1
3091_reviewed	4683_reviewed	1
2740_reviewed	50861_reviewed	1
7179_reviewed	6184_reviewed	1
3312_reviewed	613_reviewed	1
51377_reviewed	283899_reviewed	1
115426_reviewed	898_reviewed	1
23412_reviewed	29099_reviewed	1
1876_reviewed	7029_reviewed	1
7316_reviewed	26043_reviewed	1
1398_reviewed	5979_reviewed	1
6801_reviewed	7871_reviewed	1
9217_reviewed	54521_reviewed	1
5689_reviewed	5713_reviewed	1
7531_reviewed	10746_reviewed	1
1879_reviewed	23090_reviewed	1
10078_reviewed	55094_reviewed	1
10980_reviewed	1161_reviewed	1
8454_reviewed	51138_reviewed	1
8624_reviewed	8624_reviewed	1
7454_reviewed	7456_reviewed	1
207_reviewed	9063_reviewed	1
5327_reviewed	5274_reviewed	1
10413_reviewed	3169_reviewed	1
6804_reviewed	9342_reviewed	1
7421_reviewed	9439_reviewed	1
6915_reviewed	3778_reviewed	1
59349_reviewed	80856_reviewed	1
55093_reviewed	59349_reviewed	1
7538_reviewed	3308_reviewed	1
134510_reviewed	5700_reviewed	1
3320_reviewed	7266_reviewed	1
84108_reviewed	7027_reviewed	1
3312_reviewed	11180_reviewed	1
5071_reviewed	5702_reviewed	1
1956_reviewed	51429_reviewed	1
10206_reviewed	10206_reviewed	1
1452_reviewed	644815_reviewed	1
359_reviewed	10273_reviewed	1
10155_reviewed	51574_reviewed	1
7419_reviewed	4728_reviewed	1
7430_reviewed	2064_reviewed	1
162_reviewed	8905_reviewed	1
1315_reviewed	22818_reviewed	1
3315_reviewed	54623_reviewed	1
80342_reviewed	80143_reviewed	1
1894_reviewed	9669_reviewed	1
23404_reviewed	23404_reviewed	0
2099_reviewed	4637_reviewed	1
29760_reviewed	867_reviewed	1
1017_reviewed	2801_reviewed	1
988_reviewed	9689_reviewed	1
9131_reviewed	3303_unreviewed	1
9040_reviewed	10987_reviewed	1
7284_reviewed	51069_reviewed	1
163786_reviewed	6491_reviewed	1
4140_reviewed	5923_reviewed	1
5315_reviewed	5093_reviewed	1
254013_reviewed	3329_reviewed	1
5226_reviewed	223_reviewed	1
5689_reviewed	5711_reviewed	1
29128_reviewed	1788_reviewed	1
1788_reviewed	10728_reviewed	1
4172_reviewed	4175_reviewed	1
3251_reviewed	56952_reviewed	1
8945_reviewed	29922_reviewed	1
8891_reviewed	8893_reviewed	1
84106_reviewed	8841_reviewed	1
6605_reviewed	6602_reviewed	1
140885_reviewed	3309_reviewed	1
142_reviewed	2547_reviewed	1
1616_reviewed	4193_reviewed	1
56257_reviewed	10614_reviewed	1
5719_reviewed	5714_reviewed	1
1936_reviewed	1937_reviewed	1
254394_reviewed	5982_reviewed	1
8850_reviewed	4087_reviewed	1
23673_reviewed	9342_reviewed	1
515_reviewed	23788_reviewed	1
6258_reviewed	5465_reviewed	1
10240_reviewed	7818_reviewed	1
4109_reviewed	2648_reviewed	1
409_reviewed	163_reviewed	1
23426_reviewed	2893_reviewed	1
22872_reviewed	11196_reviewed	1
81620_reviewed	79885_reviewed	1
9641_reviewed	7316_reviewed	1
8878_reviewed	57521_reviewed	1
26121_reviewed	8175_reviewed	1
9367_reviewed	22836_reviewed	1
23118_reviewed	51701_reviewed	1
55208_reviewed	8454_reviewed	1
5888_reviewed	5347_reviewed	1
3660_reviewed	64207_reviewed	1
2908_reviewed	10013_reviewed	1
5071_reviewed	5685_reviewed	1
2983_reviewed	4846_reviewed	1
943_reviewed	7188_reviewed	1
5684_reviewed	1994_reviewed	1
2313_reviewed	6598_reviewed	1
6194_reviewed	55131_reviewed	1
862_reviewed	63978_reviewed	1
2122_reviewed	53615_reviewed	1
2191_reviewed	7070_reviewed	1
11200_reviewed	11200_reviewed	1
140901_reviewed	9124_reviewed	1
7532_reviewed	57695_reviewed	1
2099_reviewed	6203_reviewed	1
5599_reviewed	3725_reviewed	1
5883_reviewed	3364_reviewed	1
8471_reviewed	5955_reviewed	1
116154_reviewed	5499_reviewed	1
80789_reviewed	92105_reviewed	1
9099_reviewed	595_reviewed	1
5598_reviewed	5598_reviewed	1
4793_reviewed	6256_reviewed	1
5531_reviewed	22948_reviewed	1
1956_reviewed	2597_reviewed	1
3090_reviewed	26147_reviewed	1
5830_reviewed	284273_reviewed	1
1457_reviewed	406_reviewed	1
2353_reviewed	79172_reviewed	1
10318_reviewed	26276_reviewed	1
26232_reviewed	10273_reviewed	1
11051_reviewed	3104_reviewed	1
7024_reviewed	7342_reviewed	1
7133_reviewed	7186_reviewed	1
4724_reviewed	4723_reviewed	1
10412_reviewed	23560_reviewed	1
10551_reviewed	5834_reviewed	1
5700_reviewed	5708_reviewed	1
7124_reviewed	1540_reviewed	1
4217_reviewed	4217_reviewed	1
1173_reviewed	55589_reviewed	1
151531_reviewed	7431_reviewed	1
200558_reviewed	9555_reviewed	1
3717_reviewed	9021_reviewed	1
4736_reviewed	6191_reviewed	1
3178_reviewed	23367_reviewed	1
10188_reviewed	3937_reviewed	1
83737_reviewed	29993_reviewed	1
5580_reviewed	2313_reviewed	1
81030_reviewed	1487_reviewed	1
112869_reviewed	26009_reviewed	1
24144_reviewed	117178_reviewed	1
10421_reviewed	2130_reviewed	1
57162_reviewed	7316_reviewed	1
1025_reviewed	3310_reviewed	1
7293_reviewed	7188_reviewed	1
3554_reviewed	54472_reviewed	1
10134_reviewed	201562_reviewed	1
25886_reviewed	6950_reviewed	1
83987_reviewed	983_reviewed	1
1479_reviewed	1477_reviewed	1
3981_reviewed	10856_reviewed	1
988_reviewed	4999_reviewed	1
199221_reviewed	220082_reviewed	1
166_reviewed	367_reviewed	1
2159_reviewed	7035_reviewed	1
2147_reviewed	7056_reviewed	1
85403_reviewed	80237_reviewed	1
4194_reviewed	9099_reviewed	1
604_reviewed	1487_reviewed	1
10987_reviewed	54800_reviewed	1
1956_reviewed	8651_reviewed	1
8548_reviewed	84619_reviewed	1
10783_reviewed	115703_reviewed	1
4781_reviewed	4782_reviewed	1
10519_reviewed	7015_reviewed	1
5071_reviewed	7326_reviewed	1
5705_reviewed	7138_reviewed	1
9045_reviewed	6187_reviewed	1
8045_reviewed	9342_reviewed	1
4593_reviewed	55914_reviewed	1
5932_reviewed	5111_reviewed	1
2065_reviewed	5781_reviewed	1
3006_reviewed	123169_reviewed	1
744_reviewed	9319_reviewed	1
5604_reviewed	5604_reviewed	1
5774_reviewed	81839_reviewed	1
5800_reviewed	5754_reviewed	1
1025_reviewed	6193_reviewed	1
7189_reviewed	7375_reviewed	1
26986_reviewed	6125_reviewed	1
9531_reviewed	7805_reviewed	1
26270_reviewed	6185_reviewed	1
2099_reviewed	9759_reviewed	1
6737_reviewed	3663_reviewed	1
5714_reviewed	11047_reviewed	1
6142_reviewed	6125_reviewed	1
4194_reviewed	57162_reviewed	1
65123_reviewed	26512_reviewed	1
6845_reviewed	8417_reviewed	1
10270_reviewed	26993_reviewed	0
7528_reviewed	408_reviewed	1
79370_reviewed	55262_reviewed	1
847_reviewed	3295_reviewed	1
81622_reviewed	25844_reviewed	1
4609_reviewed	8668_reviewed	1
25945_reviewed	56288_reviewed	1
92344_reviewed	92344_reviewed	1
51588_reviewed	4091_reviewed	1
51069_reviewed	65005_reviewed	1
7415_reviewed	56888_reviewed	1
6456_reviewed	6311_reviewed	1
6256_reviewed	6667_reviewed	1
5245_reviewed	7157_reviewed	1
4149_reviewed	23429_reviewed	1
3665_reviewed	11011_reviewed	1
498_reviewed	526_reviewed	1
3659_reviewed	4869_reviewed	1
861_reviewed	8409_reviewed	1
23650_reviewed	10051_reviewed	1
22827_reviewed	6945_reviewed	0
8975_reviewed	7917_reviewed	1
27352_reviewed	5878_reviewed	1
6733_reviewed	9188_reviewed	1
841_reviewed	8717_reviewed	1
558_reviewed	2885_reviewed	1
5879_reviewed	29109_reviewed	1
7846_reviewed	8243_reviewed	1
4830_reviewed	58497_reviewed	1
2078_reviewed	367_reviewed	1
7852_reviewed	7737_reviewed	1
6191_reviewed	6202_reviewed	1
81620_reviewed	1017_reviewed	1
23137_reviewed	79677_reviewed	1
84078_reviewed	79863_reviewed	1
5883_reviewed	10987_reviewed	1
219541_reviewed	9439_reviewed	1
201163_reviewed	10576_reviewed	1
139628_reviewed	4149_reviewed	1
5770_reviewed	3667_reviewed	1
6139_reviewed	6187_reviewed	1
154_reviewed	2780_reviewed	1
1457_reviewed	2247_reviewed	1
84248_reviewed	7919_reviewed	1
51194_reviewed	5901_reviewed	1
6142_reviewed	55299_reviewed	1
5518_reviewed	79035_reviewed	1
7874_reviewed	57062_reviewed	1
4609_reviewed	274_reviewed	1
6874_reviewed	6878_reviewed	1
10458_reviewed	10006_reviewed	1
7965_reviewed	9521_reviewed	1
2274_reviewed	4849_reviewed	0
10026_reviewed	94005_reviewed	1
4666_reviewed	689_reviewed	1
151987_reviewed	57223_reviewed	1
26994_reviewed	5859_reviewed	1
9112_reviewed	5928_reviewed	1
10362_reviewed	24137_reviewed	1
5692_reviewed	5705_reviewed	1
2099_reviewed	4641_reviewed	1
112399_reviewed	8878_reviewed	1
6938_reviewed	50674_reviewed	1
22878_reviewed	60684_reviewed	1
158798_reviewed	5576_reviewed	1
80342_reviewed	6801_reviewed	1
10661_reviewed	3065_reviewed	1
10403_reviewed	147841_reviewed	1
9098_reviewed	91526_reviewed	1
605_reviewed	6601_reviewed	1
5467_reviewed	6256_reviewed	1
23495_reviewed	8741_reviewed	1
10551_reviewed	94081_reviewed	1
51574_reviewed	7520_reviewed	1
4839_reviewed	2091_reviewed	1
644_reviewed	207_reviewed	1
8661_reviewed	51386_reviewed	1
7508_reviewed	5886_reviewed	1
55388_reviewed	1642_reviewed	1
5717_reviewed	55170_reviewed	1
3663_reviewed	6449_reviewed	1
9125_reviewed	2887_reviewed	1
4221_reviewed	5929_reviewed	1
57695_reviewed	890_reviewed	1
25942_reviewed	9734_reviewed	1
5883_reviewed	6996_reviewed	1
9908_reviewed	10146_reviewed	1
83755_reviewed	117144_reviewed	1
7283_reviewed	3959_reviewed	1
1385_reviewed	1616_reviewed	1
6390_reviewed	54940_reviewed	1
56257_reviewed	51631_reviewed	1
55257_reviewed	80314_reviewed	1
9276_reviewed	22820_reviewed	1
4771_reviewed	1642_reviewed	1
5771_reviewed	10762_reviewed	1
3276_reviewed	7528_reviewed	1
7068_reviewed	8648_reviewed	1
8412_reviewed	9564_reviewed	1
7307_reviewed	23210_reviewed	1
6400_reviewed	23197_reviewed	1
6790_reviewed	23369_reviewed	1
55593_reviewed	7316_reviewed	1
55611_reviewed	2305_reviewed	1
9306_reviewed	6667_reviewed	1
8451_reviewed	3320_reviewed	1
3195_reviewed	5515_reviewed	1
7529_reviewed	64092_reviewed	1
4193_reviewed	1613_reviewed	1
899_reviewed	51203_reviewed	1
8945_reviewed	4601_reviewed	1
23603_reviewed	2107_reviewed	1
60491_reviewed	60491_reviewed	1
1642_reviewed	7316_reviewed	1
836_reviewed	637_reviewed	1
4145_reviewed	3815_reviewed	1
10488_reviewed	9145_reviewed	1
5224_reviewed	4193_reviewed	1
10048_reviewed	10987_reviewed	1
355_reviewed	722_reviewed	0
139599_reviewed	115992_reviewed	1
57798_reviewed	23309_reviewed	1
5371_reviewed	6667_reviewed	1
4205_reviewed	4087_reviewed	1
29110_reviewed	57162_reviewed	1
4686_reviewed	84271_reviewed	1
25939_reviewed	6502_reviewed	1
5707_reviewed	7277_reviewed	1
8667_reviewed	27335_reviewed	1
408_reviewed	2934_reviewed	1
5193_reviewed	5830_reviewed	1
26088_reviewed	57617_reviewed	1
64754_reviewed	7157_reviewed	1
26995_reviewed	81554_reviewed	1
4660_reviewed	5500_reviewed	1
6627_reviewed	6625_reviewed	1
991_reviewed	701_reviewed	1
2873_reviewed	64708_reviewed	1
9045_reviewed	6191_reviewed	1
140801_reviewed	6175_reviewed	1
51185_reviewed	8878_reviewed	1
2099_reviewed	2782_reviewed	1
56970_reviewed	6883_reviewed	1
23512_reviewed	22938_reviewed	1
10617_reviewed	4091_reviewed	1
10598_reviewed	10212_reviewed	1
7316_reviewed	79155_reviewed	1
4193_reviewed	83593_reviewed	1
55143_reviewed	9212_reviewed	1
6776_reviewed	2099_reviewed	1
6135_reviewed	6208_reviewed	1
54778_reviewed	4088_reviewed	1
6446_reviewed	374569_reviewed	1
6688_reviewed	3659_reviewed	1
4176_reviewed	51562_reviewed	1
708_reviewed	5587_reviewed	1
5800_reviewed	10956_reviewed	1
26270_reviewed	175_reviewed	1
627_reviewed	4915_reviewed	1
23307_reviewed	9897_reviewed	1
23411_reviewed	207_reviewed	1
2873_reviewed	9318_reviewed	1
23603_reviewed	5879_reviewed	1
7316_reviewed	22905_reviewed	1
81929_reviewed	79726_reviewed	1
1457_reviewed	4193_reviewed	1
166_reviewed	705_reviewed	1
4711_reviewed	374291_reviewed	1
138065_reviewed	138065_reviewed	1
7013_reviewed	54386_reviewed	1
6850_reviewed	7283_reviewed	1
8451_reviewed	11137_reviewed	1
134510_reviewed	5717_reviewed	1
1956_reviewed	5894_reviewed	1
79671_reviewed	11124_reviewed	1
3660_reviewed	5532_reviewed	1
2547_reviewed	9782_reviewed	1
1499_reviewed	3329_reviewed	0
8536_reviewed	2011_reviewed	1
4678_reviewed	5928_reviewed	1
6189_reviewed	6191_reviewed	1
55284_reviewed	54708_reviewed	1
10293_reviewed	10293_reviewed	1
6772_reviewed	3659_reviewed	1
3551_reviewed	23328_reviewed	1
64375_reviewed	79837_reviewed	0
81620_reviewed	1432_reviewed	1
4692_reviewed	23609_reviewed	1
4000_reviewed	9972_reviewed	1
5434_reviewed	9533_reviewed	1
9026_reviewed	23246_reviewed	1
8841_reviewed	6294_reviewed	1
23410_reviewed	2547_reviewed	1
53335_reviewed	23411_reviewed	1
6642_reviewed	2149_reviewed	1
6605_reviewed	6760_reviewed	1
154_reviewed	2782_reviewed	1
9217_reviewed	9885_reviewed	1
8841_reviewed	55662_reviewed	1
23788_reviewed	4714_reviewed	1
1398_reviewed	5706_reviewed	1
5499_reviewed	60_reviewed	1
8662_reviewed	6194_reviewed	1
54585_reviewed	583_reviewed	1
5393_reviewed	5394_reviewed	1
8767_reviewed	6885_reviewed	1
7128_reviewed	29110_reviewed	1
4901_reviewed	84922_reviewed	1
148022_reviewed	29979_reviewed	1
57096_reviewed	79848_reviewed	1
3265_reviewed	23580_reviewed	1
8835_reviewed	115207_reviewed	1
9184_reviewed	22948_reviewed	1
9531_reviewed	3192_reviewed	1
894_reviewed	1026_reviewed	1
5300_reviewed	85300_reviewed	1
6199_reviewed	10146_reviewed	1
6191_reviewed	55720_reviewed	1
6502_reviewed	10413_reviewed	1
55835_reviewed	7283_reviewed	1
55844_reviewed	47_reviewed	1
1445_reviewed	22827_reviewed	0
642_reviewed	642_reviewed	1
51701_reviewed	6885_reviewed	1
9908_reviewed	23636_reviewed	1
7186_reviewed	60496_reviewed	1
3312_reviewed	440_reviewed	1
5590_reviewed	5515_reviewed	1
1445_reviewed	467_reviewed	0
1460_reviewed	1408_reviewed	1
51421_reviewed	51421_reviewed	1
6502_reviewed	1027_reviewed	1
10844_reviewed	29922_reviewed	1
7186_reviewed	1540_reviewed	1
5610_reviewed	23644_reviewed	1
329_reviewed	8517_reviewed	1
7316_reviewed	10197_reviewed	1
79867_reviewed	3998_reviewed	1
8317_reviewed	10926_reviewed	1
2908_reviewed	5629_reviewed	0
55837_reviewed	9343_reviewed	1
8945_reviewed	1452_reviewed	1
6045_reviewed	30827_reviewed	1
5245_reviewed	498_reviewed	1
1791_reviewed	25841_reviewed	1
5340_reviewed	3329_reviewed	1
154_reviewed	112399_reviewed	1
55917_reviewed	11235_reviewed	1
9100_reviewed	5728_reviewed	1
2091_reviewed	81887_reviewed	1
5800_reviewed	5589_reviewed	1
2091_reviewed	6208_reviewed	1
7337_reviewed	5718_reviewed	1
22981_reviewed	80173_reviewed	1
151636_reviewed	6772_reviewed	1
338599_reviewed	5162_reviewed	1
9401_reviewed	8451_reviewed	1
55038_reviewed	6839_reviewed	1
22863_reviewed	29982_reviewed	1
10146_reviewed	54915_reviewed	1
10523_reviewed	55692_reviewed	1
92241_reviewed	829_reviewed	1
5467_reviewed	6257_reviewed	1
3981_reviewed	51056_reviewed	1
5599_reviewed	4137_reviewed	1
3265_reviewed	144402_reviewed	1
1200_reviewed	7015_reviewed	1
7307_reviewed	8996_reviewed	0
5191_reviewed	8799_reviewed	0
54472_reviewed	146691_reviewed	1
7098_reviewed	6885_reviewed	1
7515_reviewed	3980_reviewed	1
4772_reviewed	6304_reviewed	1
5521_reviewed	116224_reviewed	1
2962_reviewed	3192_reviewed	1
6142_reviewed	6143_reviewed	1
7529_reviewed	9493_reviewed	1
51225_reviewed	80817_reviewed	1
6917_reviewed	6908_reviewed	1
3065_reviewed	10521_reviewed	1
7448_reviewed	755_reviewed	1
1946_reviewed	2045_reviewed	1
6908_reviewed	6256_reviewed	1
10551_reviewed	4736_reviewed	1
5777_reviewed	6850_reviewed	1
57093_reviewed	641_reviewed	1
4904_reviewed	7157_reviewed	1
4849_reviewed	7988_reviewed	0
5932_reviewed	8452_reviewed	1
7421_reviewed	10025_reviewed	1
1859_reviewed	5933_reviewed	1
2099_reviewed	9070_reviewed	1
11091_reviewed	5170_reviewed	1
6908_reviewed	7157_reviewed	1
51367_reviewed	54913_reviewed	1
22919_reviewed	8850_reviewed	1
10524_reviewed	64395_reviewed	1
10401_reviewed	4089_reviewed	1
23210_reviewed	6472_reviewed	1
613_reviewed	7157_reviewed	1
10015_reviewed	6456_reviewed	1
10273_reviewed	2908_reviewed	1
6880_reviewed	6883_reviewed	1
2059_reviewed	2059_reviewed	1
4869_reviewed	57602_reviewed	1
5291_reviewed	5295_reviewed	1
8556_reviewed	8315_reviewed	1
3646_reviewed	10980_reviewed	1
3920_reviewed	7345_reviewed	1
92305_reviewed	79139_reviewed	1
3066_reviewed	2969_reviewed	1
3984_reviewed	1072_reviewed	1
1540_reviewed	9212_reviewed	1
5241_reviewed	79004_reviewed	1
7316_reviewed	7317_reviewed	1
3315_reviewed	983_reviewed	1
7528_reviewed	10014_reviewed	1
8835_reviewed	5718_reviewed	1
4869_reviewed	6193_reviewed	1
5163_reviewed	5164_reviewed	1
1956_reviewed	51194_reviewed	1
6477_reviewed	55662_reviewed	1
5888_reviewed	11009_reviewed	1
7975_reviewed	4780_reviewed	1
7879_reviewed	3313_reviewed	1
4609_reviewed	55622_reviewed	1
6647_reviewed	3312_reviewed	1
90780_reviewed	1642_reviewed	1
3480_reviewed	6464_reviewed	1
3718_reviewed	10575_reviewed	1
22893_reviewed	11335_reviewed	1
29946_reviewed	6118_reviewed	1
23210_reviewed	6433_reviewed	1
3636_reviewed	10580_reviewed	1
8382_reviewed	143241_reviewed	1
55718_reviewed	11128_reviewed	1
1915_reviewed	6125_reviewed	1
1814_reviewed	84196_reviewed	1
9021_reviewed	5921_reviewed	1
81565_reviewed	85458_reviewed	1
55823_reviewed	23355_reviewed	1
23163_reviewed	7316_reviewed	1
9441_reviewed	5436_reviewed	1
25843_reviewed	26127_reviewed	1
7133_reviewed	7133_reviewed	1
79677_reviewed	286053_reviewed	1
6464_reviewed	6464_reviewed	1
1848_reviewed	7551_reviewed	0
51282_reviewed	54925_reviewed	1
1642_reviewed	196_reviewed	1
23390_reviewed	83447_reviewed	1
861_reviewed	861_reviewed	1
4087_reviewed	7050_reviewed	1
3791_reviewed	9047_reviewed	1
7337_reviewed	7316_reviewed	1
890_reviewed	1019_reviewed	1
51548_reviewed	10146_reviewed	1
3655_reviewed	10755_reviewed	1
22976_reviewed	6427_reviewed	1
6627_reviewed	9092_reviewed	1
367_reviewed	8841_reviewed	1
3984_reviewed	659_reviewed	1
51435_reviewed	331_reviewed	1
3320_reviewed	4846_reviewed	1
27005_reviewed	7345_reviewed	1
4343_reviewed	5869_reviewed	1
9883_reviewed	11030_reviewed	1
9306_reviewed	79568_reviewed	1
5499_reviewed	10848_reviewed	1
8778_reviewed	9319_reviewed	1
10980_reviewed	9684_reviewed	1
3433_reviewed	3437_reviewed	1
22938_reviewed	4221_reviewed	1
10474_reviewed	2099_reviewed	1
6881_reviewed	10474_reviewed	1
8861_reviewed	4005_reviewed	1
9531_reviewed	4793_reviewed	1
5567_reviewed	9218_reviewed	1
9306_reviewed	3842_reviewed	1
54793_reviewed	129401_reviewed	1
54413_reviewed	4513_reviewed	1
3396_reviewed	65008_reviewed	1
9807_reviewed	1642_reviewed	1
1407_reviewed	8454_reviewed	1
51400_reviewed	151987_reviewed	1
1019_reviewed	1021_reviewed	1
5719_reviewed	5687_reviewed	1
23586_reviewed	9830_reviewed	1
55211_reviewed	6455_reviewed	1
1655_reviewed	10492_reviewed	1
6144_reviewed	6122_reviewed	1
6616_reviewed	114088_reviewed	1
4436_reviewed	9156_reviewed	1
79654_reviewed	841_reviewed	1
3476_reviewed	11043_reviewed	1
22827_reviewed	6738_reviewed	1
8850_reviewed	6927_reviewed	1
5598_reviewed	4205_reviewed	1
83932_reviewed	5424_reviewed	1
22927_reviewed	10399_reviewed	1
467_reviewed	467_reviewed	1
4609_reviewed	4000_reviewed	1
4174_reviewed	4176_reviewed	1
10111_reviewed	60561_reviewed	1
708_reviewed	5071_reviewed	1
571_reviewed	571_reviewed	1
3190_reviewed	27316_reviewed	1
8887_reviewed	11117_reviewed	1
11184_reviewed	4690_reviewed	1
4691_reviewed	6125_reviewed	1
7150_reviewed	3183_reviewed	1
7161_reviewed	5347_reviewed	1
4609_reviewed	60412_reviewed	1
4609_reviewed	23350_reviewed	1
27043_reviewed	79707_reviewed	1
6647_reviewed	9040_reviewed	1
81620_reviewed	9031_reviewed	1
122953_reviewed	10013_reviewed	1
4914_reviewed	25_reviewed	1
3646_reviewed	27335_reviewed	1
9529_reviewed	4085_reviewed	1
56616_reviewed	3093_reviewed	1
2009_reviewed	10381_reviewed	1
10951_reviewed	10951_reviewed	1
8451_reviewed	1446_reviewed	1
1499_reviewed	689_reviewed	1
5495_reviewed	7415_reviewed	1
4790_reviewed	79155_reviewed	1
147179_reviewed	8440_reviewed	1
10524_reviewed	4609_reviewed	1
5447_reviewed	4723_reviewed	1
10413_reviewed	154810_reviewed	1
51433_reviewed	26986_reviewed	1
580_reviewed	9001_reviewed	1
1869_reviewed	4088_reviewed	0
4543_reviewed	59345_reviewed	1
51534_reviewed	27243_reviewed	1
25842_reviewed	4176_reviewed	1
56339_reviewed	79872_reviewed	1
80344_reviewed	4780_reviewed	1
8448_reviewed	84959_reviewed	1
5347_reviewed	5687_reviewed	1
5371_reviewed	5925_reviewed	1
55072_reviewed	90268_reviewed	1
23367_reviewed	26986_reviewed	1
56916_reviewed	3066_reviewed	1
5295_reviewed	153090_reviewed	1
26121_reviewed	4188_reviewed	1
11034_reviewed	8659_reviewed	1
27338_reviewed	7316_reviewed	1
159_reviewed	9948_reviewed	1
85015_reviewed	54908_reviewed	1
3178_reviewed	1620_reviewed	1
4000_reviewed	5110_reviewed	1
11340_reviewed	5394_reviewed	1
3312_reviewed	9532_reviewed	1
4846_reviewed	351_reviewed	1
5566_reviewed	4137_reviewed	1
5701_reviewed	5692_reviewed	1
9099_reviewed	7316_reviewed	1
55145_reviewed	5074_reviewed	1
7706_reviewed	80700_reviewed	1
1956_reviewed	64328_reviewed	1
27429_reviewed	7431_reviewed	1
7385_reviewed	498_reviewed	1
84333_reviewed	55170_reviewed	1
3198_reviewed	3198_reviewed	1
10413_reviewed	7531_reviewed	1
23476_reviewed	6128_reviewed	1
10856_reviewed	9782_reviewed	1
6733_reviewed	6733_reviewed	1
6788_reviewed	55233_reviewed	1
2036_reviewed	116986_reviewed	1
7490_reviewed	7791_reviewed	0
9180_reviewed	2064_reviewed	1
64135_reviewed	63891_reviewed	1
1876_reviewed	23429_reviewed	1
51132_reviewed	51132_reviewed	1
811_reviewed	7184_reviewed	1
5933_reviewed	2972_reviewed	1
55622_reviewed	9343_reviewed	1
1956_reviewed	11180_reviewed	1
5019_reviewed	8803_reviewed	1
4361_reviewed	641_reviewed	1
9100_reviewed	10146_reviewed	1
1869_reviewed	6671_reviewed	1
6141_reviewed	6189_reviewed	1
140885_reviewed	3326_reviewed	1
23210_reviewed	84950_reviewed	1
10274_reviewed	5885_reviewed	1
28992_reviewed	7520_reviewed	1
6139_reviewed	6125_reviewed	1
1822_reviewed	9223_reviewed	1
7428_reviewed	367_reviewed	1
7101_reviewed	53335_reviewed	1
23012_reviewed	55233_reviewed	1
56851_reviewed	51234_reviewed	1
1846_reviewed	5595_reviewed	1
93492_reviewed	57701_reviewed	1
4736_reviewed	6130_reviewed	1
2885_reviewed	7132_reviewed	1
3170_reviewed	3175_reviewed	1
55114_reviewed	154796_reviewed	1
191_reviewed	79078_reviewed	1
7532_reviewed	26986_reviewed	1
5592_reviewed	79084_reviewed	1
5524_reviewed	4281_reviewed	1
7015_reviewed	10971_reviewed	1
7329_reviewed	4193_reviewed	1
5347_reviewed	10273_reviewed	1
9261_reviewed	9261_reviewed	1
6934_reviewed	331_reviewed	1
254394_reviewed	8607_reviewed	1
26121_reviewed	24148_reviewed	1
7189_reviewed	3654_reviewed	1
55611_reviewed	7325_reviewed	1
23191_reviewed	10787_reviewed	1
56888_reviewed	25934_reviewed	1
898_reviewed	8452_reviewed	1
7157_reviewed	5929_reviewed	1
9306_reviewed	9093_reviewed	1
23421_reviewed	6256_reviewed	1
7046_reviewed	7048_reviewed	1
6780_reviewed	4691_reviewed	1
4137_reviewed	348_reviewed	1
186_reviewed	57509_reviewed	1
5978_reviewed	5347_reviewed	1
6389_reviewed	11001_reviewed	1
9958_reviewed	56992_reviewed	1
6188_reviewed	3921_reviewed	1
5692_reviewed	5694_reviewed	1
6654_reviewed	3265_reviewed	1
7486_reviewed	4193_reviewed	1
79960_reviewed	64769_reviewed	1
154_reviewed	10868_reviewed	1
79031_reviewed	7203_reviewed	1
54819_reviewed	7157_reviewed	1
4690_reviewed	29110_reviewed	1
6135_reviewed	4609_reviewed	1
23212_reviewed	11338_reviewed	1
51548_reviewed	7520_reviewed	1
10193_reviewed	5071_reviewed	1
9131_reviewed	1327_reviewed	1
9232_reviewed	6204_reviewed	1
310_reviewed	6717_reviewed	1
7157_reviewed	10524_reviewed	1
4690_reviewed	2047_reviewed	1
27086_reviewed	6790_reviewed	1
840_reviewed	10728_reviewed	1
996_reviewed	999_reviewed	1
2626_reviewed	6722_reviewed	1
54806_reviewed	1785_reviewed	1
129685_reviewed	9913_reviewed	1
1457_reviewed	6188_reviewed	1
140690_reviewed	6667_reviewed	1
64326_reviewed	7534_reviewed	1
222235_reviewed	1069_reviewed	1
79892_reviewed	254394_reviewed	1
6135_reviewed	6133_reviewed	1
10916_reviewed	7157_reviewed	1
3178_reviewed	3183_reviewed	1
1398_reviewed	55211_reviewed	1
55363_reviewed	2623_reviewed	1
3835_reviewed	3839_reviewed	1
29110_reviewed	57506_reviewed	1
8795_reviewed	8737_reviewed	1
55662_reviewed	26031_reviewed	1
1630_reviewed	8892_reviewed	1
2017_reviewed	50807_reviewed	1
3326_reviewed	6194_reviewed	1
5711_reviewed	5710_reviewed	1
51160_reviewed	83878_reviewed	1
5213_reviewed	5214_reviewed	1
9146_reviewed	83737_reviewed	1
2289_reviewed	4173_reviewed	1
4234_reviewed	7165_reviewed	1
947_reviewed	1399_reviewed	1
6915_reviewed	10399_reviewed	1
8440_reviewed	1947_reviewed	1
150684_reviewed	8452_reviewed	1
9400_reviewed	10111_reviewed	1
10127_reviewed	51282_reviewed	1
3845_reviewed	5318_reviewed	1
10213_reviewed	7917_reviewed	1
10900_reviewed	5911_reviewed	1
5531_reviewed	57718_reviewed	1
6137_reviewed	6130_reviewed	1
11140_reviewed	5976_reviewed	1
2895_reviewed	392862_reviewed	1
9229_reviewed	1742_reviewed	1
158_reviewed	9943_reviewed	1
323_reviewed	5599_reviewed	1
11222_reviewed	54148_reviewed	1
3838_reviewed	6446_reviewed	1
4683_reviewed	9025_reviewed	1
344558_reviewed	5879_reviewed	1
23199_reviewed	55758_reviewed	1
10188_reviewed	10188_reviewed	1
3845_reviewed	56704_reviewed	1
64750_reviewed	3397_reviewed	1
8841_reviewed	22948_reviewed	1
10196_reviewed	6187_reviewed	1
6667_reviewed	4609_reviewed	1
51574_reviewed	7307_reviewed	1
7982_reviewed	10399_reviewed	1
6767_reviewed	3312_reviewed	1
8189_reviewed	10898_reviewed	1
9343_reviewed	3315_reviewed	1
1859_reviewed	1808_reviewed	1
55622_reviewed	25980_reviewed	1
1642_reviewed	2873_reviewed	1
22976_reviewed	26256_reviewed	1
4299_reviewed	10614_reviewed	1
5684_reviewed	7536_reviewed	1
9439_reviewed	83732_reviewed	1
7410_reviewed	10040_reviewed	1
84944_reviewed	1973_reviewed	1
10426_reviewed	29922_reviewed	1
488_reviewed	23411_reviewed	1
56257_reviewed	3187_reviewed	1
9306_reviewed	55215_reviewed	1
302_reviewed	6778_reviewed	1
64978_reviewed	55170_reviewed	1
11130_reviewed	11243_reviewed	1
1820_reviewed	6672_reviewed	1
3607_reviewed	79595_reviewed	1
3551_reviewed	7128_reviewed	1
4313_reviewed	10298_reviewed	1
8161_reviewed	10197_reviewed	1
367_reviewed	51497_reviewed	1
10551_reviewed	6185_reviewed	1
140890_reviewed	27316_reviewed	1
5291_reviewed	156_reviewed	1
9531_reviewed	27430_reviewed	1
7572_reviewed	84547_reviewed	1
5612_reviewed	7867_reviewed	1
5979_reviewed	2887_reviewed	1
85015_reviewed	2072_reviewed	1
5566_reviewed	5970_reviewed	1
149041_reviewed	25904_reviewed	1
8850_reviewed	55038_reviewed	1
6810_reviewed	8417_reviewed	1
5747_reviewed	6714_reviewed	1
51377_reviewed	5693_reviewed	1
10614_reviewed	114876_reviewed	1
2885_reviewed	10015_reviewed	1
84612_reviewed	11228_reviewed	1
2521_reviewed	9987_reviewed	1
841_reviewed	842_reviewed	1
5566_reviewed	1859_reviewed	1
5692_reviewed	5691_reviewed	1
4968_reviewed	3364_reviewed	1
2066_reviewed	705_reviewed	1
7431_reviewed	63929_reviewed	1
6201_reviewed	55720_reviewed	1
4692_reviewed	7157_reviewed	1
6314_reviewed	8464_reviewed	1
56339_reviewed	57721_reviewed	1
5886_reviewed	5710_reviewed	1
7531_reviewed	26272_reviewed	1
201516_reviewed	56254_reviewed	1
1026_reviewed	7846_reviewed	1
123879_reviewed	8454_reviewed	1
3702_reviewed	2534_reviewed	1
7486_reviewed	4683_reviewed	1
6880_reviewed	10629_reviewed	1
54704_reviewed	5160_reviewed	1
8178_reviewed	7157_reviewed	1
137886_reviewed	5510_reviewed	1
126626_reviewed	23429_reviewed	1
4613_reviewed	22954_reviewed	1
1026_reviewed	1021_reviewed	1
7430_reviewed	6383_reviewed	1
10762_reviewed	9972_reviewed	1
54715_reviewed	84528_reviewed	1
3280_reviewed	7089_reviewed	1
6801_reviewed	29888_reviewed	1
5691_reviewed	5708_reviewed	1
79444_reviewed	27429_reviewed	1
29108_reviewed	10425_reviewed	1
26298_reviewed	2547_reviewed	1
4772_reviewed	6601_reviewed	1
10856_reviewed	55011_reviewed	1
22832_reviewed	153241_reviewed	1
6782_reviewed	29979_reviewed	1
5684_reviewed	5704_reviewed	1
8878_reviewed	8452_reviewed	1
6047_reviewed	4609_reviewed	1
11244_reviewed	23051_reviewed	1
7157_reviewed	60_reviewed	1
1459_reviewed	613_reviewed	1
8471_reviewed	79718_reviewed	1
55663_reviewed	84547_reviewed	1
3984_reviewed	10298_reviewed	1
22872_reviewed	10484_reviewed	1
5885_reviewed	997_reviewed	1
55663_reviewed	84838_reviewed	1
8315_reviewed	7375_reviewed	1
2997_reviewed	8908_reviewed	1
2740_reviewed	9143_reviewed	1
1452_reviewed	84062_reviewed	0
25827_reviewed	114548_reviewed	1
3845_reviewed	23516_reviewed	1
27125_reviewed	904_reviewed	1
920_reviewed	3932_reviewed	1
2908_reviewed	1616_reviewed	1
55215_reviewed	55120_reviewed	1
3459_reviewed	3716_reviewed	1
7068_reviewed	10048_reviewed	1
1743_reviewed	539_reviewed	1
10992_reviewed	7307_reviewed	1
10459_reviewed	5425_reviewed	1
9401_reviewed	84296_reviewed	1
10528_reviewed	7307_reviewed	1
5728_reviewed	10963_reviewed	1
254394_reviewed	5983_reviewed	1
121441_reviewed	23219_reviewed	1
408_reviewed	3984_reviewed	1
3178_reviewed	27316_reviewed	1
9971_reviewed	7520_reviewed	1
862_reviewed	7704_reviewed	1
7421_reviewed	6772_reviewed	1
3554_reviewed	4615_reviewed	1
6925_reviewed	112869_reviewed	1
2908_reviewed	6602_reviewed	1
9131_reviewed	192111_reviewed	1
5921_reviewed	309_reviewed	1
10152_reviewed	10163_reviewed	1
137492_reviewed	7251_reviewed	1
55054_reviewed	7203_reviewed	1
56160_reviewed	1869_reviewed	1
10472_reviewed	1788_reviewed	1
7536_reviewed	4790_reviewed	1
8027_reviewed	83737_reviewed	1
56257_reviewed	10856_reviewed	1
6103_reviewed	261734_reviewed	1
4692_reviewed	4804_reviewed	1
7291_reviewed	54764_reviewed	1
22_reviewed	2235_reviewed	1
3845_reviewed	2040_reviewed	1
112869_reviewed	93624_reviewed	1
54708_reviewed	10059_reviewed	1
5925_reviewed	2972_reviewed	1
81030_reviewed	27143_reviewed	1
10551_reviewed	9588_reviewed	1
23028_reviewed	7157_reviewed	1
613_reviewed	3055_reviewed	1
9972_reviewed	3838_reviewed	1
8450_reviewed	3320_reviewed	1
10808_reviewed	1072_reviewed	1
868_reviewed	1399_reviewed	1
4988_reviewed	55715_reviewed	1
3093_reviewed	56658_reviewed	1
10036_reviewed	51428_reviewed	1
84612_reviewed	3996_reviewed	1
79719_reviewed	130340_reviewed	1
6733_reviewed	11129_reviewed	1
207_reviewed	4869_reviewed	1
328_reviewed	79084_reviewed	1
6857_reviewed	6616_reviewed	1
7189_reviewed	10868_reviewed	1
2733_reviewed	9631_reviewed	1
9851_reviewed	165055_reviewed	1
348_reviewed	9361_reviewed	1
5318_reviewed	3728_reviewed	1
7874_reviewed	7112_reviewed	1
5295_reviewed	2057_reviewed	1
7015_reviewed	10856_reviewed	1
8241_reviewed	57794_reviewed	1
10892_reviewed	8915_reviewed	1
7068_reviewed	10902_reviewed	1
2091_reviewed	64434_reviewed	1
9218_reviewed	57605_reviewed	1
3265_reviewed	2035_reviewed	1
5431_reviewed	5436_reviewed	1
23624_reviewed	83737_reviewed	1
8454_reviewed	26267_reviewed	1
5211_reviewed	5214_reviewed	1
11338_reviewed	57794_reviewed	1
8648_reviewed	595_reviewed	1
7112_reviewed	11339_reviewed	1
5315_reviewed	4633_reviewed	1
54472_reviewed	84528_reviewed	1
2810_reviewed	22954_reviewed	1
326_reviewed	4001_reviewed	1
91137_reviewed	9927_reviewed	1
4306_reviewed	2908_reviewed	1
6881_reviewed	3837_reviewed	1
9306_reviewed	23014_reviewed	1
3845_reviewed	10652_reviewed	1
6193_reviewed	6194_reviewed	1
26100_reviewed	55054_reviewed	1
4739_reviewed	25_reviewed	1
23588_reviewed	8453_reviewed	1
6857_reviewed	25942_reviewed	1
6421_reviewed	4841_reviewed	1
6258_reviewed	6722_reviewed	1
115106_reviewed	54801_reviewed	1
4605_reviewed	4605_reviewed	1
8452_reviewed	51088_reviewed	1
80143_reviewed	6801_reviewed	1
3551_reviewed	9454_reviewed	1
4488_reviewed	5371_reviewed	0
54520_reviewed	57020_reviewed	1
2099_reviewed	9690_reviewed	1
382_reviewed	84440_reviewed	1
10049_reviewed	3861_reviewed	0
1025_reviewed	6191_reviewed	1
2256_reviewed	3091_reviewed	1
10657_reviewed	9402_reviewed	0
7178_reviewed	1917_reviewed	1
5518_reviewed	51400_reviewed	1
9810_reviewed	339287_reviewed	1
79018_reviewed	10296_reviewed	1
10262_reviewed	84292_reviewed	1
3093_reviewed	5966_reviewed	1
836_reviewed	405_reviewed	1
10618_reviewed	26958_reviewed	1
367_reviewed	8850_reviewed	1
6667_reviewed	55729_reviewed	1
5966_reviewed	6386_reviewed	1
9958_reviewed	7874_reviewed	1
1605_reviewed	4690_reviewed	1
8405_reviewed	4609_reviewed	1
7222_reviewed	7225_reviewed	1
10567_reviewed	7905_reviewed	1
6137_reviewed	9045_reviewed	1
433_reviewed	27248_reviewed	1
57787_reviewed	7283_reviewed	1
25843_reviewed	5515_reviewed	1
389856_reviewed	7316_reviewed	1
991_reviewed	10574_reviewed	1
7272_reviewed	3320_reviewed	1
4659_reviewed	54776_reviewed	1
4170_reviewed	599_reviewed	0
5170_reviewed	207_reviewed	1
1017_reviewed	1028_reviewed	1
6207_reviewed	6193_reviewed	1
11146_reviewed	4233_reviewed	1
7080_reviewed	6118_reviewed	1
11244_reviewed	11244_reviewed	1
5696_reviewed	5695_reviewed	1
4436_reviewed	7178_reviewed	1
5710_reviewed	6929_reviewed	1
6925_reviewed	117581_reviewed	1
5245_reviewed	3313_reviewed	1
9045_reviewed	117246_reviewed	1
10318_reviewed	5594_reviewed	1
331_reviewed	55437_reviewed	1
4760_reviewed	6929_reviewed	1
9868_reviewed	3320_reviewed	1
5468_reviewed	10111_reviewed	1
7528_reviewed	3609_reviewed	1
137735_reviewed	84448_reviewed	1
2247_reviewed	2261_reviewed	0
23650_reviewed	84445_reviewed	1
867_reviewed	4233_reviewed	1
5987_reviewed	29110_reviewed	1
3481_reviewed	3486_reviewed	1
7283_reviewed	10694_reviewed	1
55829_reviewed	23588_reviewed	1
22938_reviewed	989_reviewed	1
4109_reviewed	10499_reviewed	1
10342_reviewed	10342_reviewed	1
9099_reviewed	1407_reviewed	1
10078_reviewed	9410_reviewed	1
5829_reviewed	5594_reviewed	1
55602_reviewed	4193_reviewed	1
8887_reviewed	64343_reviewed	1
51382_reviewed	51606_reviewed	1
57659_reviewed	28996_reviewed	1
23286_reviewed	5590_reviewed	1
51604_reviewed	128869_reviewed	1
1457_reviewed	10910_reviewed	1
9001_reviewed	28964_reviewed	1
7415_reviewed	5515_reviewed	1
140459_reviewed	55662_reviewed	1
5191_reviewed	5828_reviewed	0
10262_reviewed	10286_reviewed	1
84955_reviewed	372_reviewed	1
23286_reviewed	9113_reviewed	1
5885_reviewed	4173_reviewed	1
55715_reviewed	79930_reviewed	1
149041_reviewed	9125_reviewed	1
5970_reviewed	55835_reviewed	1
56852_reviewed	284119_reviewed	1
5888_reviewed	3667_reviewed	1
2091_reviewed	55037_reviewed	1
5565_reviewed	1406_reviewed	1
51388_reviewed	55035_reviewed	1
2801_reviewed	79165_reviewed	1
10013_reviewed	10013_reviewed	1
4087_reviewed	4087_reviewed	1
171568_reviewed	55718_reviewed	1
4088_reviewed	3726_reviewed	1
23645_reviewed	5499_reviewed	1
64210_reviewed	54901_reviewed	1
1642_reviewed	6772_reviewed	1
4688_reviewed	653361_reviewed	1
2624_reviewed	55294_reviewed	1
10213_reviewed	11047_reviewed	1
867_reviewed	25_reviewed	1
5689_reviewed	5689_reviewed	1
51176_reviewed	6776_reviewed	1
8805_reviewed	7157_reviewed	1
4089_reviewed	1482_reviewed	1
55275_reviewed	738_reviewed	1
4292_reviewed	1674_reviewed	1
23594_reviewed	8317_reviewed	1
4089_reviewed	9146_reviewed	1
9782_reviewed	1654_reviewed	1
51741_reviewed	1856_reviewed	1
1445_reviewed	23371_reviewed	1
900_reviewed	7157_reviewed	1
3178_reviewed	10146_reviewed	1
6189_reviewed	6188_reviewed	1
6416_reviewed	5599_reviewed	1
54715_reviewed	9500_reviewed	1
70_reviewed	57198_reviewed	1
23409_reviewed	5728_reviewed	1
84676_reviewed	84676_reviewed	1
207_reviewed	64400_reviewed	1
6389_reviewed	5160_reviewed	1
5093_reviewed	6428_reviewed	1
25827_reviewed	9212_reviewed	1
7428_reviewed	2057_reviewed	1
4736_reviewed	6147_reviewed	1
1327_reviewed	7384_reviewed	1
5987_reviewed	84106_reviewed	1
6143_reviewed	6201_reviewed	1
9972_reviewed	5901_reviewed	1
22985_reviewed	6294_reviewed	1
23089_reviewed	6478_reviewed	1
4609_reviewed	5688_reviewed	1
3419_reviewed	8803_reviewed	1
4217_reviewed	5608_reviewed	1
5987_reviewed	4802_reviewed	1
51343_reviewed	1871_reviewed	1
4734_reviewed	404093_reviewed	1
54433_reviewed	6625_reviewed	1
3265_reviewed	51599_reviewed	1
26259_reviewed	6500_reviewed	1
1999_reviewed	2547_reviewed	1
6625_reviewed	135295_reviewed	1
5132_reviewed	5705_reviewed	1
51741_reviewed	4089_reviewed	1
1499_reviewed	3172_reviewed	1
5728_reviewed	3416_reviewed	1
7132_reviewed	6885_reviewed	1
1650_reviewed	7417_reviewed	1
23462_reviewed	7157_reviewed	1
4609_reviewed	64210_reviewed	1
5718_reviewed	2521_reviewed	1
79871_reviewed	8725_reviewed	1
1859_reviewed	4137_reviewed	1
7186_reviewed	84080_reviewed	1
991_reviewed	10575_reviewed	1
4609_reviewed	4904_reviewed	1
4217_reviewed	6885_reviewed	1
23542_reviewed	10537_reviewed	1
8450_reviewed	55832_reviewed	1
9093_reviewed	55170_reviewed	1
9314_reviewed	10524_reviewed	1
80335_reviewed	5499_reviewed	1
51676_reviewed	8065_reviewed	1
203068_reviewed	4287_reviewed	1
80321_reviewed	84619_reviewed	1
26168_reviewed	8452_reviewed	1
5581_reviewed	10524_reviewed	1
2885_reviewed	5925_reviewed	1
8665_reviewed	27335_reviewed	1
657_reviewed	650_reviewed	1
8898_reviewed	54893_reviewed	1
55658_reviewed	7520_reviewed	1
10238_reviewed	10694_reviewed	1
5580_reviewed	1994_reviewed	1
7514_reviewed	6772_reviewed	1
10238_reviewed	84858_reviewed	1
95_reviewed	95_reviewed	1
129401_reviewed	9818_reviewed	1
5687_reviewed	9861_reviewed	1
84271_reviewed	6198_reviewed	1
596_reviewed	6237_reviewed	1
3190_reviewed	9782_reviewed	1
580_reviewed	10487_reviewed	1
410_reviewed	9319_reviewed	1
79813_reviewed	1487_reviewed	1
580_reviewed	580_reviewed	1
7405_reviewed	1642_reviewed	1
6256_reviewed	9325_reviewed	1
652968_reviewed	54468_reviewed	1
9156_reviewed	7531_reviewed	1
1072_reviewed	4191_reviewed	1
6139_reviewed	6122_reviewed	1
4194_reviewed	1026_reviewed	1
54520_reviewed	54951_reviewed	1
2091_reviewed	2908_reviewed	0
7186_reviewed	1859_reviewed	1
326_reviewed	8243_reviewed	1
10419_reviewed	25942_reviewed	1
23462_reviewed	200933_reviewed	1
10551_reviewed	8407_reviewed	1
1915_reviewed	5894_reviewed	1
6304_reviewed	8850_reviewed	1
10969_reviewed	117246_reviewed	1
55294_reviewed	10212_reviewed	1
10628_reviewed	54541_reviewed	1
10551_reviewed	1917_reviewed	1
57122_reviewed	59343_reviewed	1
10499_reviewed	29110_reviewed	1
171568_reviewed	10622_reviewed	1
4940_reviewed	3692_reviewed	1
30011_reviewed	29760_reviewed	1
2066_reviewed	2064_reviewed	1
7157_reviewed	286514_reviewed	1
917_reviewed	7535_reviewed	1
8737_reviewed	3320_reviewed	1
506_reviewed	513_reviewed	1
7421_reviewed	81_reviewed	1
5691_reviewed	5718_reviewed	1
5071_reviewed	5708_reviewed	1
165324_reviewed	3313_reviewed	1
10013_reviewed	4292_reviewed	1
55835_reviewed	5347_reviewed	1
652_reviewed	657_reviewed	1
10084_reviewed	84445_reviewed	1
405_reviewed	3091_reviewed	1
1080_reviewed	999_reviewed	1
340061_reviewed	79143_reviewed	1
57122_reviewed	5905_reviewed	1
699_reviewed	79003_reviewed	1
51574_reviewed	4736_reviewed	1
1161_reviewed	6950_reviewed	1
468_reviewed	1053_reviewed	1
6138_reviewed	6132_reviewed	1
79172_reviewed	55166_reviewed	1
890_reviewed	51053_reviewed	1
4438_reviewed	5888_reviewed	1
5966_reviewed	367_reviewed	1
283899_reviewed	93973_reviewed	1
4609_reviewed	10992_reviewed	1
63925_reviewed	57805_reviewed	1
994_reviewed	1020_reviewed	1
4287_reviewed	23597_reviewed	1
5728_reviewed	3312_reviewed	1
4790_reviewed	4791_reviewed	1
54478_reviewed	125115_reviewed	1
409_reviewed	6416_reviewed	1
1024_reviewed	4086_reviewed	1
84133_reviewed	284654_reviewed	1
8907_reviewed	10900_reviewed	1
23028_reviewed	1487_reviewed	1
1386_reviewed	2353_reviewed	1
26108_reviewed	607_reviewed	1
2274_reviewed	7704_reviewed	1
3607_reviewed	23186_reviewed	1
9454_reviewed	7220_reviewed	1
8464_reviewed	6881_reviewed	1
2664_reviewed	5869_reviewed	1
4609_reviewed	8841_reviewed	1
2539_reviewed	2539_reviewed	1
7706_reviewed	3185_reviewed	1
5594_reviewed	9846_reviewed	1
55867_reviewed	23327_reviewed	1
7706_reviewed	26156_reviewed	1
10210_reviewed	7329_reviewed	1
2138_reviewed	4609_reviewed	1
8452_reviewed	8452_reviewed	1
3554_reviewed	5295_reviewed	1
2098_reviewed	4190_reviewed	1
5782_reviewed	1445_reviewed	1
56160_reviewed	79677_reviewed	1
5290_reviewed	3265_reviewed	1
889_reviewed	9270_reviewed	1
4086_reviewed	367_reviewed	1
836_reviewed	142_reviewed	1
7421_reviewed	4088_reviewed	1
10480_reviewed	8669_reviewed	1
9047_reviewed	3927_reviewed	1
10980_reviewed	57563_reviewed	1
4999_reviewed	10926_reviewed	1
1488_reviewed	7050_reviewed	1
863_reviewed	23028_reviewed	1
5868_reviewed	5878_reviewed	1
4609_reviewed	26993_reviewed	1
5295_reviewed	940_reviewed	1
5800_reviewed	7037_reviewed	1
5893_reviewed	5893_reviewed	1
2073_reviewed	2068_reviewed	1
7913_reviewed	8405_reviewed	1
22827_reviewed	9295_reviewed	1
5925_reviewed	3312_reviewed	1
8450_reviewed	3184_reviewed	1
3309_reviewed	60_reviewed	1
7307_reviewed	6733_reviewed	1
10133_reviewed	117584_reviewed	1
3178_reviewed	1665_reviewed	1
55743_reviewed	55743_reviewed	1
10979_reviewed	7514_reviewed	1
51574_reviewed	1656_reviewed	1
998_reviewed	4294_reviewed	1
8666_reviewed	2035_reviewed	1
2648_reviewed	55578_reviewed	1
5111_reviewed	5985_reviewed	1
51574_reviewed	65993_reviewed	1
51574_reviewed	2521_reviewed	1
2885_reviewed	79949_reviewed	1
999_reviewed	3875_reviewed	1
6647_reviewed	3945_reviewed	1
10399_reviewed	5921_reviewed	1
1386_reviewed	5599_reviewed	1
8175_reviewed	6627_reviewed	1
23543_reviewed	23543_reviewed	1
3396_reviewed	57129_reviewed	1
79101_reviewed	9014_reviewed	1
5884_reviewed	5810_reviewed	1
10556_reviewed	10940_reviewed	1
7874_reviewed	4173_reviewed	1
5337_reviewed	5585_reviewed	1
6657_reviewed	1820_reviewed	1
6199_reviewed	6152_reviewed	1
79023_reviewed	57122_reviewed	1
4218_reviewed	2664_reviewed	1
5879_reviewed	29968_reviewed	1
6303_reviewed	22980_reviewed	1
22938_reviewed	6497_reviewed	1
6152_reviewed	6188_reviewed	1
54532_reviewed	1398_reviewed	1
2078_reviewed	60_reviewed	1
10987_reviewed	2873_reviewed	1
5612_reviewed	6789_reviewed	1
4171_reviewed	23451_reviewed	1
6310_reviewed	11129_reviewed	1
5747_reviewed	493829_reviewed	1
25942_reviewed	5928_reviewed	1
9306_reviewed	5162_reviewed	1
54472_reviewed	9666_reviewed	1
6874_reviewed	23468_reviewed	1
5371_reviewed	5914_reviewed	1
10492_reviewed	29974_reviewed	1
3725_reviewed	7329_reviewed	1
5976_reviewed	103_reviewed	1
4609_reviewed	5709_reviewed	1
7518_reviewed	7518_reviewed	1
9782_reviewed	4670_reviewed	1
5499_reviewed	81930_reviewed	1
25814_reviewed	2783_reviewed	1
27338_reviewed	7428_reviewed	1
3320_reviewed	9343_reviewed	1
2961_reviewed	2957_reviewed	1
23558_reviewed	25937_reviewed	1
596_reviewed	5883_reviewed	1
1956_reviewed	5590_reviewed	1
51421_reviewed	5702_reviewed	1
10487_reviewed	10487_reviewed	1
7132_reviewed	26133_reviewed	1
79005_reviewed	220082_reviewed	1
1499_reviewed	1147_reviewed	1
4543_reviewed	1937_reviewed	1
8175_reviewed	10992_reviewed	1
10987_reviewed	7415_reviewed	1
29883_reviewed	9125_reviewed	1
23404_reviewed	5393_reviewed	1
7083_reviewed	1400_reviewed	1
8453_reviewed	2873_reviewed	1
6137_reviewed	6128_reviewed	1
55143_reviewed	26168_reviewed	1
6400_reviewed	79139_reviewed	1
6464_reviewed	84959_reviewed	1
7157_reviewed	2074_reviewed	1
254394_reviewed	4437_reviewed	1
1024_reviewed	9477_reviewed	1
5585_reviewed	6195_reviewed	0
11277_reviewed	29979_reviewed	1
10919_reviewed	2308_reviewed	1
10580_reviewed	7414_reviewed	1
2923_reviewed	351_reviewed	1
10951_reviewed	23394_reviewed	1
1499_reviewed	7375_reviewed	1
6208_reviewed	4736_reviewed	1
7416_reviewed	94081_reviewed	1
8452_reviewed	51479_reviewed	1
2521_reviewed	8683_reviewed	1
113675_reviewed	113675_reviewed	1
23512_reviewed	22985_reviewed	1
5580_reviewed	5580_reviewed	1
80823_reviewed	5524_reviewed	1
8450_reviewed	3309_reviewed	1
7157_reviewed	902_reviewed	1
3312_reviewed	27236_reviewed	1
10111_reviewed	5932_reviewed	1
56937_reviewed	9146_reviewed	1
2885_reviewed	302_reviewed	1
4144_reviewed	4144_reviewed	1
51574_reviewed	56945_reviewed	1
7003_reviewed	5213_reviewed	1
83932_reviewed	7353_reviewed	1
55198_reviewed	79723_reviewed	1
2260_reviewed	6774_reviewed	1
90390_reviewed	9442_reviewed	1
9099_reviewed	6337_reviewed	1
5245_reviewed	6129_reviewed	1
10661_reviewed	2313_reviewed	1
3163_reviewed	9001_reviewed	1
55011_reviewed	2091_reviewed	1
5831_reviewed	29920_reviewed	1
9647_reviewed	10116_reviewed	1
29117_reviewed	8805_reviewed	1
11315_reviewed	8550_reviewed	1
53407_reviewed	9554_reviewed	1
3205_reviewed	10419_reviewed	1
2078_reviewed	11100_reviewed	1
9070_reviewed	29915_reviewed	1
11171_reviewed	11171_reviewed	1
10015_reviewed	79155_reviewed	1
4609_reviewed	23560_reviewed	1
5159_reviewed	5295_reviewed	1
5193_reviewed	5828_reviewed	0
6625_reviewed	29088_reviewed	1
1616_reviewed	5325_reviewed	1
10623_reviewed	55718_reviewed	1
23595_reviewed	4998_reviewed	1
55723_reviewed	8208_reviewed	1
6788_reviewed	9218_reviewed	1
9775_reviewed	84271_reviewed	1
1452_reviewed	8915_reviewed	1
10910_reviewed	6251_reviewed	1
283871_reviewed	6045_reviewed	1
8266_reviewed	7415_reviewed	1
3066_reviewed	7428_reviewed	1
5879_reviewed	23647_reviewed	1
57761_reviewed	2896_reviewed	1
3845_reviewed	7165_reviewed	1
27133_reviewed	10376_reviewed	1
55660_reviewed	752_reviewed	1
1936_reviewed	3297_reviewed	1
2740_reviewed	55530_reviewed	1
1728_reviewed	1728_reviewed	1
3178_reviewed	988_reviewed	1
7159_reviewed	117178_reviewed	1
51548_reviewed	10273_reviewed	1
8668_reviewed	51386_reviewed	1
2130_reviewed	29115_reviewed	1
54534_reviewed	740_reviewed	1
2908_reviewed	5970_reviewed	1
10397_reviewed	4609_reviewed	1
2690_reviewed	6777_reviewed	1
55835_reviewed	10376_reviewed	1
55010_reviewed	5888_reviewed	1
3093_reviewed	50626_reviewed	1
1438_reviewed	3562_reviewed	0
23028_reviewed	5928_reviewed	1
4904_reviewed	2521_reviewed	1
1022_reviewed	2967_reviewed	1
4671_reviewed	6885_reviewed	1
142_reviewed	142_reviewed	1
5684_reviewed	7203_reviewed	1
8237_reviewed	9817_reviewed	1
3298_reviewed	8452_reviewed	1
9217_reviewed	1650_reviewed	1
8266_reviewed	3309_reviewed	1
4361_reviewed	2547_reviewed	1
4869_reviewed	10360_reviewed	1
56259_reviewed	27339_reviewed	1
389421_reviewed	131405_reviewed	1
2669_reviewed	51291_reviewed	1
2177_reviewed	4171_reviewed	1
6815_reviewed	81545_reviewed	1
2782_reviewed	5082_reviewed	1
6135_reviewed	6203_reviewed	1
4137_reviewed	71_reviewed	1
6139_reviewed	6202_reviewed	1
150962_reviewed	54942_reviewed	1
10397_reviewed	10018_reviewed	1
2260_reviewed	6714_reviewed	1
6117_reviewed	84893_reviewed	1
149041_reviewed	54726_reviewed	1
23429_reviewed	7528_reviewed	1
55829_reviewed	3837_reviewed	1
10614_reviewed	63893_reviewed	1
7517_reviewed	7706_reviewed	1
6908_reviewed	2353_reviewed	1
57154_reviewed	10979_reviewed	1
2801_reviewed	5862_reviewed	1
64770_reviewed	55722_reviewed	1
51341_reviewed	2547_reviewed	1
57798_reviewed	10933_reviewed	1
9045_reviewed	6188_reviewed	1
655_reviewed	657_reviewed	1
6667_reviewed	6886_reviewed	1
7529_reviewed	3777_reviewed	1
1848_reviewed	2664_reviewed	0
3476_reviewed	6950_reviewed	1
26121_reviewed	26121_reviewed	0
7443_reviewed	4869_reviewed	1
7874_reviewed	5496_reviewed	1
10869_reviewed	7316_reviewed	1
5688_reviewed	5711_reviewed	1
23636_reviewed	55145_reviewed	1
23035_reviewed	9351_reviewed	1
9802_reviewed	84970_reviewed	1
3192_reviewed	1022_reviewed	1
2355_reviewed	83931_reviewed	1
9212_reviewed	51343_reviewed	1
7486_reviewed	5883_reviewed	1
1478_reviewed	23283_reviewed	1
57521_reviewed	23197_reviewed	1
7874_reviewed	55182_reviewed	1
25939_reviewed	3959_reviewed	1
348980_reviewed	610_reviewed	1
3190_reviewed	10656_reviewed	1
6626_reviewed	6626_reviewed	1
11187_reviewed	1829_reviewed	1
4190_reviewed	5236_reviewed	1
56257_reviewed	3178_reviewed	1
4176_reviewed	5925_reviewed	1
7058_reviewed	4313_reviewed	1
896_reviewed	7421_reviewed	1
1499_reviewed	3728_reviewed	1
4292_reviewed	9877_reviewed	1
1956_reviewed	29924_reviewed	1
5371_reviewed	27335_reviewed	1
5781_reviewed	5294_reviewed	1
23648_reviewed	8543_reviewed	1
6714_reviewed	80725_reviewed	1
51256_reviewed	207_reviewed	1
80227_reviewed	5700_reviewed	1
10459_reviewed	6520_reviewed	1
9131_reviewed	81570_reviewed	1
5566_reviewed	5577_reviewed	1
5683_reviewed	51377_reviewed	1
367_reviewed	2290_reviewed	1
760_reviewed	6548_reviewed	1
51194_reviewed	7324_reviewed	1
6880_reviewed	2091_reviewed	1
54206_reviewed	4734_reviewed	1
85439_reviewed	1173_reviewed	1
22827_reviewed	468_reviewed	0
7316_reviewed	30011_reviewed	1
3178_reviewed	1915_reviewed	1
89870_reviewed	7408_reviewed	1
142_reviewed	29128_reviewed	1
6310_reviewed	11051_reviewed	1
10524_reviewed	10856_reviewed	1
7329_reviewed	5925_reviewed	1
84662_reviewed	1499_reviewed	1
3326_reviewed	7268_reviewed	1
2023_reviewed	847_reviewed	1
54413_reviewed	23475_reviewed	1
7157_reviewed	10576_reviewed	1
1615_reviewed	3735_reviewed	1
92140_reviewed	4869_reviewed	1
1956_reviewed	10592_reviewed	1
673_reviewed	673_reviewed	1
9014_reviewed	80764_reviewed	1
5295_reviewed	7430_reviewed	1
3609_reviewed	7112_reviewed	1
8260_reviewed	80218_reviewed	1
5682_reviewed	5717_reviewed	1
8737_reviewed	54476_reviewed	1
115752_reviewed	56915_reviewed	1
689_reviewed	1460_reviewed	1
657_reviewed	654_reviewed	1
6714_reviewed	9564_reviewed	1
23560_reviewed	29997_reviewed	1
83593_reviewed	55201_reviewed	1
150737_reviewed	56912_reviewed	1
2783_reviewed	4849_reviewed	0
10421_reviewed	9410_reviewed	1
122769_reviewed	50813_reviewed	1
51138_reviewed	80344_reviewed	1
3065_reviewed	1876_reviewed	1
6772_reviewed	3836_reviewed	1
3635_reviewed	2213_reviewed	1
7415_reviewed	10419_reviewed	1
84676_reviewed	7134_reviewed	1
2801_reviewed	7004_reviewed	1
6497_reviewed	11329_reviewed	1
84219_reviewed	10641_reviewed	1
5371_reviewed	904_reviewed	1
2625_reviewed	8841_reviewed	1
5704_reviewed	5705_reviewed	1
7454_reviewed	4690_reviewed	1
10591_reviewed	10591_reviewed	1
2099_reviewed	688_reviewed	1
3091_reviewed	863_reviewed	1
2597_reviewed	5223_reviewed	1
200933_reviewed	5074_reviewed	1
54998_reviewed	64951_reviewed	1
6774_reviewed	64332_reviewed	1
658_reviewed	4091_reviewed	1
8886_reviewed	6194_reviewed	1
7508_reviewed	7507_reviewed	1
5705_reviewed	5717_reviewed	1
22976_reviewed	10982_reviewed	1
27246_reviewed	2810_reviewed	1
5524_reviewed	1540_reviewed	1
9851_reviewed	79848_reviewed	1
5582_reviewed	57610_reviewed	1
3726_reviewed	8061_reviewed	1
7332_reviewed	196403_reviewed	1
708_reviewed	5580_reviewed	1
5318_reviewed	4140_reviewed	1
440026_reviewed	11160_reviewed	1
9318_reviewed	8453_reviewed	1
28988_reviewed	7535_reviewed	1
9689_reviewed	1639_reviewed	1
84108_reviewed	3066_reviewed	1
2091_reviewed	6142_reviewed	1
5893_reviewed	5888_reviewed	1
7415_reviewed	5518_reviewed	1
5515_reviewed	55844_reviewed	1
8945_reviewed	10726_reviewed	1
10121_reviewed	10540_reviewed	1
2023_reviewed	10413_reviewed	1
51164_reviewed	832_reviewed	1
1398_reviewed	11184_reviewed	1
80321_reviewed	84080_reviewed	1
4204_reviewed	25942_reviewed	1
6432_reviewed	23097_reviewed	1
7157_reviewed	3178_reviewed	1
286826_reviewed	4603_reviewed	1
25898_reviewed	3875_reviewed	1
9531_reviewed	11316_reviewed	1
6142_reviewed	6208_reviewed	1
602_reviewed	1488_reviewed	1
4683_reviewed	7443_reviewed	1
339287_reviewed	55167_reviewed	1
9097_reviewed	10213_reviewed	1
142_reviewed	3066_reviewed	1
1822_reviewed	83737_reviewed	1
4000_reviewed	23450_reviewed	1
2873_reviewed	79595_reviewed	1
200558_reviewed	7515_reviewed	1
26001_reviewed	26001_reviewed	1
150684_reviewed	331_reviewed	1
6117_reviewed	5984_reviewed	1
7428_reviewed	11127_reviewed	1
11137_reviewed	2091_reviewed	1
70_reviewed	8570_reviewed	1
9112_reviewed	3066_reviewed	1
5685_reviewed	5713_reviewed	1
3198_reviewed	83755_reviewed	1
7248_reviewed	6009_reviewed	1
57820_reviewed	7332_reviewed	1
51574_reviewed	84946_reviewed	1
7316_reviewed	63893_reviewed	1
830_reviewed	1639_reviewed	1
3608_reviewed	4171_reviewed	1
23016_reviewed	56915_reviewed	1
23423_reviewed	10959_reviewed	1
1977_reviewed	6999_reviewed	1
4155_reviewed	5354_reviewed	1
284058_reviewed	84148_reviewed	1
2783_reviewed	468_reviewed	0
7529_reviewed	80153_reviewed	1
8764_reviewed	7188_reviewed	1
117246_reviewed	23029_reviewed	1
113510_reviewed	2177_reviewed	1
10078_reviewed	9343_reviewed	1
7329_reviewed	3093_reviewed	1
399_reviewed	1500_reviewed	1
79609_reviewed	79058_reviewed	1
7415_reviewed	11124_reviewed	1
207_reviewed	5515_reviewed	1
221302_reviewed	8237_reviewed	1
5187_reviewed	11030_reviewed	1
6502_reviewed	7248_reviewed	0
8881_reviewed	4751_reviewed	1
5879_reviewed	1124_reviewed	1
4670_reviewed	6143_reviewed	1
51588_reviewed	7428_reviewed	1
1457_reviewed	79039_reviewed	1
2289_reviewed	79892_reviewed	1
7324_reviewed	56254_reviewed	1
9392_reviewed	4089_reviewed	1
999_reviewed	7414_reviewed	1
6135_reviewed	6122_reviewed	1
6625_reviewed	6434_reviewed	1
3329_reviewed	27440_reviewed	1
10393_reviewed	4086_reviewed	0
25_reviewed	25_reviewed	1
3301_reviewed	10598_reviewed	1
9343_reviewed	9128_reviewed	1
51295_reviewed	348_reviewed	1
29115_reviewed	29115_reviewed	0
5707_reviewed	5711_reviewed	1
998_reviewed	999_reviewed	1
2261_reviewed	11140_reviewed	1
23291_reviewed	4792_reviewed	1
9833_reviewed	994_reviewed	1
5970_reviewed	5716_reviewed	1
4287_reviewed	79751_reviewed	1
8648_reviewed	10891_reviewed	1
7159_reviewed	84619_reviewed	1
604_reviewed	5300_reviewed	1
6502_reviewed	8454_reviewed	1
6310_reviewed	79869_reviewed	1
10299_reviewed	6713_reviewed	1
10010_reviewed	7187_reviewed	1
30011_reviewed	85377_reviewed	1
1111_reviewed	26524_reviewed	1
3932_reviewed	27040_reviewed	1
5590_reviewed	8650_reviewed	1
6256_reviewed	10891_reviewed	1
2322_reviewed	5781_reviewed	1
8031_reviewed	2495_reviewed	1
84708_reviewed	55175_reviewed	1
8452_reviewed	64395_reviewed	1
493_reviewed	7534_reviewed	0
14_reviewed	6134_reviewed	1
8175_reviewed	1665_reviewed	1
70_reviewed	51164_reviewed	1
10307_reviewed	333_reviewed	1
8940_reviewed	81550_reviewed	1
1643_reviewed	7520_reviewed	1
79677_reviewed	79677_reviewed	1
23410_reviewed	498_reviewed	1
1738_reviewed	11051_reviewed	1
8428_reviewed	29888_reviewed	1
1154_reviewed	8065_reviewed	1
3702_reviewed	5478_reviewed	1
329_reviewed	329_reviewed	1
9402_reviewed	11030_reviewed	1
10078_reviewed	11319_reviewed	1
5743_reviewed	5743_reviewed	1
11315_reviewed	367_reviewed	1
10253_reviewed	5580_reviewed	1
6881_reviewed	3838_reviewed	1
4609_reviewed	5983_reviewed	1
1956_reviewed	8892_reviewed	1
8452_reviewed	64746_reviewed	1
990_reviewed	5681_reviewed	1
8575_reviewed	7329_reviewed	1
1738_reviewed	3939_reviewed	1
2099_reviewed	5929_reviewed	1
340061_reviewed	1650_reviewed	1
5978_reviewed	142_reviewed	1
4792_reviewed	8454_reviewed	1
6616_reviewed	8676_reviewed	1
83461_reviewed	6500_reviewed	1
5289_reviewed	84961_reviewed	1
6452_reviewed	5335_reviewed	1
11158_reviewed	84984_reviewed	1
65005_reviewed	28998_reviewed	1
5066_reviewed	9182_reviewed	1
9878_reviewed	3308_reviewed	1
3664_reviewed	3394_reviewed	1
2784_reviewed	85406_reviewed	0
8894_reviewed	1968_reviewed	1
1956_reviewed	64210_reviewed	1
1634_reviewed	1956_reviewed	1
3276_reviewed	3609_reviewed	1
26060_reviewed	5931_reviewed	1
8471_reviewed	5894_reviewed	1
4734_reviewed	4215_reviewed	1
54851_reviewed	55662_reviewed	1
7133_reviewed	51567_reviewed	1
57628_reviewed	3751_reviewed	1
66008_reviewed	22906_reviewed	1
1936_reviewed	2617_reviewed	1
2935_reviewed	331_reviewed	1
1956_reviewed	5214_reviewed	1
27040_reviewed	5295_reviewed	1
10131_reviewed	2597_reviewed	1
5609_reviewed	23542_reviewed	1
10912_reviewed	1915_reviewed	1
24144_reviewed	54535_reviewed	1
5230_reviewed	7167_reviewed	1
6208_reviewed	6193_reviewed	1
2019_reviewed	7088_reviewed	1
6654_reviewed	5781_reviewed	1
4736_reviewed	6132_reviewed	1
6917_reviewed	2965_reviewed	1
56257_reviewed	64852_reviewed	1
55655_reviewed	5925_reviewed	0
7077_reviewed	3672_reviewed	1
57573_reviewed	57573_reviewed	1
8440_reviewed	3987_reviewed	1
3329_reviewed	836_reviewed	1
5501_reviewed	55607_reviewed	1
6141_reviewed	6147_reviewed	1
6010_reviewed	3300_reviewed	1
8499_reviewed	26059_reviewed	1
3717_reviewed	1027_reviewed	1
55081_reviewed	23059_reviewed	1
5163_reviewed	8050_reviewed	1
573_reviewed	10049_reviewed	1
5781_reviewed	857_reviewed	1
57559_reviewed	9685_reviewed	1
1654_reviewed	6205_reviewed	1
2690_reviewed	6500_reviewed	1
6130_reviewed	6189_reviewed	1
6733_reviewed	10250_reviewed	1
7157_reviewed	10642_reviewed	1
6194_reviewed	22907_reviewed	1
4846_reviewed	5524_reviewed	1
2782_reviewed	5144_reviewed	0
5829_reviewed	6868_reviewed	1
9451_reviewed	4780_reviewed	1
56288_reviewed	5584_reviewed	1
51386_reviewed	8664_reviewed	1
51667_reviewed	7316_reviewed	1
8452_reviewed	115353_reviewed	1
11030_reviewed	54472_reviewed	1
699_reviewed	4085_reviewed	1
23468_reviewed	23468_reviewed	1
7428_reviewed	10399_reviewed	1
1994_reviewed	5935_reviewed	1
9531_reviewed	11080_reviewed	1
10933_reviewed	84148_reviewed	1
3480_reviewed	5111_reviewed	1
2521_reviewed	3187_reviewed	1
3362_reviewed	57521_reviewed	1
10868_reviewed	5884_reviewed	1
6134_reviewed	3921_reviewed	1
10844_reviewed	27229_reviewed	1
8900_reviewed	3024_reviewed	1
147040_reviewed	3065_reviewed	1
153733_reviewed	374618_reviewed	1
54534_reviewed	55168_reviewed	1
55692_reviewed	55692_reviewed	1
9441_reviewed	81857_reviewed	1
6801_reviewed	29966_reviewed	1
5019_reviewed	2271_reviewed	1
5395_reviewed	83990_reviewed	1
253714_reviewed	157570_reviewed	1
10421_reviewed	9092_reviewed	1
6688_reviewed	5914_reviewed	1
7319_reviewed	9491_reviewed	1
351_reviewed	23542_reviewed	1
5562_reviewed	2175_reviewed	1
573_reviewed	10273_reviewed	1
23322_reviewed	8481_reviewed	1
80230_reviewed	8943_reviewed	1
23451_reviewed	90324_reviewed	1
8906_reviewed	4734_reviewed	1
10971_reviewed	200186_reviewed	1
4089_reviewed	8554_reviewed	1
8202_reviewed	10499_reviewed	1
1327_reviewed	4704_reviewed	1
821_reviewed	9218_reviewed	1
8557_reviewed	26287_reviewed	1
83746_reviewed	3066_reviewed	1
2931_reviewed	10522_reviewed	1
23412_reviewed	149951_reviewed	1
10025_reviewed	9862_reviewed	1
201163_reviewed	96459_reviewed	1
55689_reviewed	1810_reviewed	1
10987_reviewed	50813_reviewed	1
3575_reviewed	1154_reviewed	1
699_reviewed	8480_reviewed	1
3297_reviewed	4831_reviewed	1
3837_reviewed	3843_reviewed	1
51099_reviewed	57104_reviewed	1
2078_reviewed	1917_reviewed	1
10236_reviewed	10657_reviewed	1
2740_reviewed	857_reviewed	1
7251_reviewed	90678_reviewed	1
56341_reviewed	56341_reviewed	1
142679_reviewed	345651_reviewed	1
7014_reviewed	5978_reviewed	1
4287_reviewed	5886_reviewed	1
5691_reviewed	5707_reviewed	1
4193_reviewed	10111_reviewed	1
10114_reviewed	7157_reviewed	1
10928_reviewed	29924_reviewed	1
2932_reviewed	5573_reviewed	1
9883_reviewed	10551_reviewed	1
1020_reviewed	5468_reviewed	1
5684_reviewed	5698_reviewed	1
27343_reviewed	5111_reviewed	1
10273_reviewed	7415_reviewed	1
10980_reviewed	80311_reviewed	1
10856_reviewed	121053_reviewed	1
55643_reviewed	7157_reviewed	1
4598_reviewed	4143_reviewed	1
5393_reviewed	118460_reviewed	1
1894_reviewed	50855_reviewed	1
1602_reviewed	4089_reviewed	1
7316_reviewed	5429_reviewed	1
4217_reviewed	1616_reviewed	1
55664_reviewed	10953_reviewed	1
2130_reviewed	10342_reviewed	1
8030_reviewed	151987_reviewed	1
84955_reviewed	9785_reviewed	1
9738_reviewed	79598_reviewed	1
5335_reviewed	387_reviewed	1
55664_reviewed	5536_reviewed	1
259_reviewed	2_reviewed	1
5515_reviewed	55756_reviewed	1
80176_reviewed	23028_reviewed	1
3183_reviewed	7329_reviewed	1
1028_reviewed	6502_reviewed	1
22832_reviewed	54504_reviewed	1
7443_reviewed	7520_reviewed	1
9212_reviewed	5925_reviewed	1
9129_reviewed	10421_reviewed	1
10277_reviewed	7157_reviewed	1
4832_reviewed	6449_reviewed	1
6477_reviewed	8650_reviewed	1
8237_reviewed	331_reviewed	1
5163_reviewed	207_reviewed	1
6141_reviewed	6201_reviewed	1
93649_reviewed	6722_reviewed	1
846_reviewed	10617_reviewed	1
64783_reviewed	4850_reviewed	1
26270_reviewed	23509_reviewed	1
8737_reviewed	8737_reviewed	1
23468_reviewed	2547_reviewed	1
29979_reviewed	2554_reviewed	1
23512_reviewed	23528_reviewed	1
1791_reviewed	30836_reviewed	1
7157_reviewed	6130_reviewed	1
10849_reviewed	9533_reviewed	1
26523_reviewed	22870_reviewed	1
29945_reviewed	146909_reviewed	1
2887_reviewed	3480_reviewed	1
7879_reviewed	8766_reviewed	1
23162_reviewed	5609_reviewed	1
7015_reviewed	8607_reviewed	1
9557_reviewed	6118_reviewed	1
4615_reviewed	7189_reviewed	1
51147_reviewed	7157_reviewed	1
10540_reviewed	1780_reviewed	1
9958_reviewed	55177_reviewed	1
207_reviewed	7415_reviewed	1
51742_reviewed	8819_reviewed	1
3757_reviewed	3312_reviewed	1
23162_reviewed	5894_reviewed	1
7532_reviewed	200186_reviewed	1
3815_reviewed	5295_reviewed	1
22938_reviewed	81027_reviewed	1
5716_reviewed	5700_reviewed	1
10817_reviewed	390_reviewed	0
10134_reviewed	3105_reviewed	1
55729_reviewed	2960_reviewed	1
1876_reviewed	54939_reviewed	1
10551_reviewed	226_reviewed	1
11128_reviewed	10623_reviewed	1
7405_reviewed	9711_reviewed	1
3182_reviewed	8626_reviewed	1
6788_reviewed	25843_reviewed	1
8665_reviewed	8666_reviewed	1
54585_reviewed	129880_reviewed	1
3622_reviewed	5926_reviewed	1
7703_reviewed	8535_reviewed	1
6468_reviewed	7203_reviewed	1
10477_reviewed	1102_reviewed	1
6949_reviewed	9221_reviewed	1
51574_reviewed	70_reviewed	1
7430_reviewed	356_reviewed	1
1861_reviewed	821_reviewed	1
166378_reviewed	51550_reviewed	1
29903_reviewed	468_reviewed	1
8480_reviewed	5422_reviewed	1
55210_reviewed	7415_reviewed	1
6125_reviewed	6133_reviewed	1
7316_reviewed	1933_reviewed	1
5607_reviewed	5590_reviewed	1
8726_reviewed	79813_reviewed	1
7490_reviewed	5074_reviewed	1
81603_reviewed	3326_reviewed	1
11340_reviewed	23517_reviewed	0
6124_reviewed	6208_reviewed	1
26128_reviewed	3799_reviewed	0
25886_reviewed	7203_reviewed	1
23244_reviewed	5885_reviewed	1
2762_reviewed	2762_reviewed	1
5868_reviewed	51479_reviewed	1
11222_reviewed	65005_reviewed	1
55038_reviewed	10155_reviewed	1
10980_reviewed	84261_reviewed	1
9112_reviewed	1455_reviewed	1
8900_reviewed	1017_reviewed	1
246330_reviewed	3654_reviewed	1
79139_reviewed	6729_reviewed	1
9391_reviewed	51647_reviewed	1
162989_reviewed	8772_reviewed	0
9391_reviewed	7536_reviewed	1
8450_reviewed	8148_reviewed	1
54487_reviewed	3276_reviewed	1
56257_reviewed	5476_reviewed	1
811_reviewed	2923_reviewed	1
84365_reviewed	51574_reviewed	1
10775_reviewed	51367_reviewed	1
9282_reviewed	112950_reviewed	1
4193_reviewed	1487_reviewed	1
51439_reviewed	84447_reviewed	1
4790_reviewed	55662_reviewed	1
8797_reviewed	841_reviewed	1
25886_reviewed	22948_reviewed	1
83990_reviewed	6117_reviewed	1
57561_reviewed	4734_reviewed	1
3164_reviewed	9219_reviewed	1
10477_reviewed	4780_reviewed	1
85453_reviewed	7874_reviewed	1
6714_reviewed	27043_reviewed	1
3028_reviewed	8407_reviewed	1
56257_reviewed	1660_reviewed	1
51386_reviewed	3646_reviewed	1
342371_reviewed	1488_reviewed	1
7337_reviewed	5689_reviewed	1
5688_reviewed	5718_reviewed	1
10238_reviewed	23466_reviewed	1
22877_reviewed	6945_reviewed	1
10576_reviewed	908_reviewed	1
6602_reviewed	55274_reviewed	1
84708_reviewed	57449_reviewed	1
602_reviewed	8648_reviewed	1
11124_reviewed	5970_reviewed	1
6789_reviewed	6789_reviewed	1
10015_reviewed	92714_reviewed	1
9218_reviewed	11331_reviewed	1
26270_reviewed	79709_reviewed	1
6143_reviewed	6191_reviewed	1
6299_reviewed	7013_reviewed	1
3959_reviewed	200933_reviewed	1
2177_reviewed	4173_reviewed	1
5432_reviewed	4656_reviewed	1
163_reviewed	1173_reviewed	1
1432_reviewed	1852_reviewed	1
4137_reviewed	7534_reviewed	1
6627_reviewed	9343_reviewed	1
4599_reviewed	8554_reviewed	1
142_reviewed	5245_reviewed	1
23390_reviewed	116442_reviewed	1
22992_reviewed	5925_reviewed	1
1856_reviewed	11030_reviewed	1
836_reviewed	1026_reviewed	1
79018_reviewed	25852_reviewed	1
1487_reviewed	6934_reviewed	1
8452_reviewed	8065_reviewed	1
10980_reviewed	6500_reviewed	1
4300_reviewed	905_reviewed	1
4361_reviewed	1017_reviewed	1
9817_reviewed	79892_reviewed	1
3059_reviewed	63898_reviewed	1
5925_reviewed	8535_reviewed	1
8202_reviewed	64210_reviewed	1
114971_reviewed	55746_reviewed	1
5747_reviewed	7157_reviewed	1
5747_reviewed	8651_reviewed	1
54534_reviewed	28998_reviewed	1
701_reviewed	29945_reviewed	1
9782_reviewed	220988_reviewed	1
25_reviewed	4193_reviewed	1
51076_reviewed	51076_reviewed	1
27043_reviewed	3843_reviewed	1
7157_reviewed	641_reviewed	1
23291_reviewed	51663_reviewed	1
79870_reviewed	9314_reviewed	1
2885_reviewed	1441_reviewed	1
155061_reviewed	51386_reviewed	1
6908_reviewed	3146_reviewed	1
6137_reviewed	6141_reviewed	1
4692_reviewed	84062_reviewed	1
9531_reviewed	7327_reviewed	1
5520_reviewed	5515_reviewed	1
5690_reviewed	3199_reviewed	1
5987_reviewed	54478_reviewed	1
2175_reviewed	80233_reviewed	1
10551_reviewed	1973_reviewed	1
9584_reviewed	22889_reviewed	1
5265_reviewed	10956_reviewed	1
8450_reviewed	6839_reviewed	1
8312_reviewed	1856_reviewed	1
375757_reviewed	5888_reviewed	1
3836_reviewed	3308_reviewed	1
10459_reviewed	27020_reviewed	1
30827_reviewed	11091_reviewed	1
4089_reviewed	7050_reviewed	0
3090_reviewed	9112_reviewed	1
8452_reviewed	79786_reviewed	1
5800_reviewed	811_reviewed	1
1956_reviewed	142_reviewed	1
6788_reviewed	83937_reviewed	1
6895_reviewed	50809_reviewed	1
1025_reviewed	10856_reviewed	1
1975_reviewed	8661_reviewed	1
3690_reviewed	3685_reviewed	1
2665_reviewed	4218_reviewed	1
10528_reviewed	51602_reviewed	1
2961_reviewed	2960_reviewed	1
596_reviewed	3320_reviewed	1
2078_reviewed	142_reviewed	1
8878_reviewed	6737_reviewed	1
55249_reviewed	10459_reviewed	1
5315_reviewed	1499_reviewed	1
580_reviewed	9212_reviewed	1
5499_reviewed	2997_reviewed	1
51495_reviewed	5824_reviewed	1
8065_reviewed	57799_reviewed	1
27342_reviewed	23011_reviewed	1
7157_reviewed	8525_reviewed	1
9961_reviewed	2099_reviewed	1
6477_reviewed	27125_reviewed	1
27429_reviewed	58_reviewed	1
6195_reviewed	1027_reviewed	1
29110_reviewed	1540_reviewed	1
4361_reviewed	10111_reviewed	1
112939_reviewed	9759_reviewed	1
2099_reviewed	10286_reviewed	1
79921_reviewed	7874_reviewed	1
1915_reviewed	4736_reviewed	1
988_reviewed	284058_reviewed	1
6184_reviewed	821_reviewed	1
5250_reviewed	7419_reviewed	1
7316_reviewed	5718_reviewed	1
124540_reviewed	9100_reviewed	1
57035_reviewed	708_reviewed	1
10762_reviewed	3837_reviewed	1
793_reviewed	10048_reviewed	1
10018_reviewed	597_reviewed	1
991_reviewed	4085_reviewed	1
573_reviewed	25_reviewed	1
3178_reviewed	5478_reviewed	1
5997_reviewed	780_reviewed	1
7421_reviewed	55806_reviewed	1
3692_reviewed	10940_reviewed	1
54969_reviewed	142_reviewed	1
867_reviewed	7052_reviewed	1
1660_reviewed	2547_reviewed	1
154796_reviewed	83737_reviewed	1
8517_reviewed	3875_reviewed	1
10274_reviewed	8243_reviewed	1
23371_reviewed	1837_reviewed	1
55466_reviewed	92609_reviewed	1
9575_reviewed	5519_reviewed	1
51377_reviewed	11047_reviewed	1
64375_reviewed	7551_reviewed	0
6662_reviewed	4094_reviewed	1
11200_reviewed	4790_reviewed	1
9368_reviewed	5159_reviewed	1
1917_reviewed	80325_reviewed	1
5599_reviewed	51741_reviewed	1
1211_reviewed	3312_reviewed	1
2130_reviewed	6601_reviewed	1
81858_reviewed	5728_reviewed	1
25820_reviewed	22872_reviewed	1
10573_reviewed	29088_reviewed	1
8835_reviewed	84259_reviewed	1
53981_reviewed	51692_reviewed	1
22894_reviewed	23016_reviewed	1
29110_reviewed	55149_reviewed	1
5500_reviewed	26064_reviewed	1
51019_reviewed	387680_reviewed	1
56257_reviewed	10528_reviewed	1
3315_reviewed	5494_reviewed	1
5775_reviewed	23705_reviewed	1
51655_reviewed	9722_reviewed	1
1656_reviewed	57532_reviewed	1
150737_reviewed	8100_reviewed	1
2623_reviewed	10014_reviewed	1
55823_reviewed	64601_reviewed	1
1956_reviewed	7039_reviewed	1
5886_reviewed	7157_reviewed	1
11213_reviewed	3654_reviewed	1
79444_reviewed	836_reviewed	1
9129_reviewed	79576_reviewed	1
1080_reviewed	5515_reviewed	1
9575_reviewed	6096_unreviewed	1
8470_reviewed	2185_reviewed	1
8792_reviewed	1956_reviewed	1
390_reviewed	6502_reviewed	1
5245_reviewed	5250_reviewed	1
377_reviewed	27236_reviewed	1
10492_reviewed	23435_reviewed	1
5810_reviewed	1457_reviewed	1
6427_reviewed	6625_reviewed	0
80335_reviewed	5929_reviewed	1
26986_reviewed	6137_reviewed	1
207_reviewed	367_reviewed	1
64375_reviewed	1487_reviewed	1
5686_reviewed	5710_reviewed	1
3065_reviewed	3070_reviewed	1
23028_reviewed	23199_reviewed	1
146_reviewed	5997_reviewed	0
57180_reviewed	10097_reviewed	1
8454_reviewed	144699_reviewed	1
10213_reviewed	9690_reviewed	1
4236_reviewed	3550_reviewed	1
5519_reviewed	3065_reviewed	1
4728_reviewed	4723_reviewed	1
7128_reviewed	64798_reviewed	1
58517_reviewed	9092_reviewed	1
57410_reviewed	899_reviewed	1
3981_reviewed	7453_reviewed	1
2072_reviewed	2072_reviewed	1
9131_reviewed	1371_reviewed	1
1452_reviewed	1454_reviewed	1
84759_reviewed	6500_reviewed	1
3437_reviewed	3437_reviewed	1
3320_reviewed	1969_reviewed	1
5906_reviewed	9448_reviewed	0
1639_reviewed	5048_reviewed	1
51547_reviewed	1642_reviewed	1
51100_reviewed	56904_reviewed	1
5716_reviewed	3297_reviewed	1
25862_reviewed	7157_reviewed	1
7874_reviewed	11060_reviewed	1
7187_reviewed	10771_reviewed	1
3621_reviewed	7157_reviewed	1
80342_reviewed	26127_reviewed	1
7764_reviewed	3066_reviewed	1
4343_reviewed	5935_reviewed	1
5594_reviewed	2309_reviewed	1
51474_reviewed	57706_reviewed	1
203228_reviewed	140775_reviewed	1
7431_reviewed	81493_reviewed	1
6045_reviewed	1457_reviewed	1
525_reviewed	535_reviewed	1
1080_reviewed	57120_reviewed	1
2212_reviewed	5295_reviewed	1
29115_reviewed	55422_reviewed	0
9306_reviewed	10096_reviewed	1
2146_reviewed	9555_reviewed	1
5511_reviewed	9869_reviewed	1
2885_reviewed	5601_reviewed	1
4335_reviewed	4335_reviewed	1
166793_reviewed	7709_reviewed	1
25949_reviewed	4172_reviewed	1
4000_reviewed	2091_reviewed	1
6125_reviewed	6132_reviewed	1
4193_reviewed	23429_reviewed	1
59345_reviewed	85406_reviewed	0
3853_reviewed	9146_reviewed	1
6760_reviewed	1386_reviewed	1
89876_reviewed	8165_reviewed	1
64375_reviewed	64376_reviewed	1
4946_reviewed	4953_reviewed	1
2874_reviewed	8431_reviewed	1
65005_reviewed	65080_reviewed	1
10844_reviewed	10426_reviewed	1
351_reviewed	4043_reviewed	0
7528_reviewed	8607_reviewed	1
9531_reviewed	11346_reviewed	1
999_reviewed	1956_reviewed	1
7430_reviewed	23022_reviewed	1
3065_reviewed	328_reviewed	1
51548_reviewed	5970_reviewed	1
5300_reviewed	7157_reviewed	1
3665_reviewed	55006_reviewed	1
988_reviewed	6426_reviewed	1
261726_reviewed	523_reviewed	1
1630_reviewed	5747_reviewed	1
56915_reviewed	51013_reviewed	1
5468_reviewed	7157_reviewed	1
56257_reviewed	10465_reviewed	1
10519_reviewed	4217_reviewed	1
7706_reviewed	54606_reviewed	1
5423_reviewed	11284_reviewed	1
23190_reviewed	7415_reviewed	1
11315_reviewed	6571_reviewed	1
5347_reviewed	54821_reviewed	1
9045_reviewed	6129_reviewed	1
22881_reviewed	8313_reviewed	1
8626_reviewed	10413_reviewed	1
4077_reviewed	9101_reviewed	1
55702_reviewed	27339_reviewed	1
7803_reviewed	8237_reviewed	1
9040_reviewed	9039_reviewed	1
5434_reviewed	171568_reviewed	1
5629_reviewed	7067_reviewed	0
4905_reviewed	9342_reviewed	1
6657_reviewed	7750_reviewed	1
3480_reviewed	3667_reviewed	1
9632_reviewed	10483_reviewed	1
55308_reviewed	57409_reviewed	1
5566_reviewed	7534_reviewed	1
10783_reviewed	998_reviewed	1
23512_reviewed	9112_reviewed	1
7189_reviewed	29110_reviewed	1
7750_reviewed	7319_reviewed	1
4736_reviewed	6205_reviewed	1
2065_reviewed	3105_reviewed	1
1911_reviewed	57332_reviewed	1
23327_reviewed	55803_reviewed	1
4007_reviewed	7531_reviewed	1
80824_reviewed	1432_reviewed	1
1457_reviewed	8878_reviewed	1
340061_reviewed	6836_reviewed	1
3326_reviewed	2771_reviewed	1
1380_reviewed	5296_reviewed	0
57621_reviewed	7157_reviewed	1
1399_reviewed	3635_reviewed	1
27111_reviewed	92610_reviewed	1
9587_reviewed	51763_reviewed	1
60626_reviewed	2776_reviewed	1
6881_reviewed	6883_reviewed	1
991_reviewed	9232_reviewed	1
27289_reviewed	29115_reviewed	0
595_reviewed	983_reviewed	1
3320_reviewed	55898_reviewed	1
1911_reviewed	100532731_unreviewed	1
5268_reviewed	2947_reviewed	1
1152_reviewed	140462_reviewed	1
596_reviewed	4194_reviewed	1
55664_reviewed	3326_reviewed	1
989_reviewed	8546_reviewed	1
207_reviewed	5295_reviewed	1
9638_reviewed	9126_reviewed	1
2801_reviewed	4688_reviewed	1
286827_reviewed	302_reviewed	1
3797_reviewed	11127_reviewed	1
25793_reviewed	9500_reviewed	1
326_reviewed	3309_reviewed	1
952_reviewed	919_reviewed	1
25_reviewed	2876_reviewed	1
9531_reviewed	7965_reviewed	1
10048_reviewed	8237_reviewed	1
4802_reviewed	4801_reviewed	1
3570_reviewed	1270_reviewed	1
6868_reviewed	5594_reviewed	1
55588_reviewed	9443_reviewed	1
1956_reviewed	3313_reviewed	1
23542_reviewed	3303_unreviewed	1
29894_reviewed	81608_reviewed	1
5413_reviewed	23176_reviewed	1
5481_reviewed	10728_reviewed	1
7385_reviewed	4719_reviewed	1
8886_reviewed	25879_reviewed	1
25820_reviewed	84078_reviewed	1
1915_reviewed	6124_reviewed	1
10551_reviewed	871_reviewed	1
8471_reviewed	5536_reviewed	1
613_reviewed	25_reviewed	1
9441_reviewed	54797_reviewed	1
399694_reviewed	5781_reviewed	1
2099_reviewed	2647_reviewed	1
22938_reviewed	6950_reviewed	1
1936_reviewed	80325_reviewed	1
2130_reviewed	2185_reviewed	1
3265_reviewed	10211_reviewed	1
80254_reviewed	983_reviewed	1
23644_reviewed	167227_reviewed	1
596_reviewed	5530_reviewed	1
4800_reviewed	11244_reviewed	1
2074_reviewed	2073_reviewed	1
23636_reviewed	53371_reviewed	1
3916_reviewed	26505_reviewed	1
2078_reviewed	7706_reviewed	1
10980_reviewed	122769_reviewed	1
1111_reviewed	4175_reviewed	1
5300_reviewed	9088_reviewed	1
1017_reviewed	245711_reviewed	1
7531_reviewed	867_reviewed	1
51341_reviewed	51341_reviewed	1
65080_reviewed	9869_reviewed	1
3688_reviewed	1605_reviewed	1
8450_reviewed	4691_reviewed	1
8915_reviewed	3551_reviewed	1
3932_reviewed	9094_reviewed	1
10009_reviewed	57659_reviewed	0
10551_reviewed	7316_reviewed	1
9101_reviewed	8027_reviewed	1
6141_reviewed	6144_reviewed	1
8915_reviewed	7186_reviewed	1
64398_reviewed	8825_reviewed	1
4298_reviewed	1025_reviewed	1
9146_reviewed	27131_reviewed	1
2353_reviewed	595_reviewed	1
22806_reviewed	64375_reviewed	1
3309_reviewed	11315_reviewed	1
26060_reviewed	5590_reviewed	1
56970_reviewed	27097_reviewed	1
79155_reviewed	9530_reviewed	1
1045_reviewed	6908_reviewed	0
5928_reviewed	161882_reviewed	1
5346_reviewed	26580_reviewed	1
6908_reviewed	2099_reviewed	1
722_reviewed	958_reviewed	0
3265_reviewed	57707_reviewed	1
57599_reviewed	10635_reviewed	1
7409_reviewed	5335_reviewed	1
8525_reviewed	7428_reviewed	1
5687_reviewed	5700_reviewed	1
25980_reviewed	9343_reviewed	1
9532_reviewed	3337_reviewed	1
10201_reviewed	81554_reviewed	1
11244_reviewed	55791_reviewed	0
5771_reviewed	5719_reviewed	1
7529_reviewed	56288_reviewed	1
10197_reviewed	23450_reviewed	1
5245_reviewed	4000_reviewed	1
11315_reviewed	6647_reviewed	1
9531_reviewed	26353_reviewed	1
5801_reviewed	5594_reviewed	1
10551_reviewed	10575_reviewed	1
10772_reviewed	29896_reviewed	1
2099_reviewed	1026_reviewed	1
4087_reviewed	60528_reviewed	1
80174_reviewed	8317_reviewed	1
25898_reviewed	1025_reviewed	1
1017_reviewed	7415_reviewed	1
51024_reviewed	10134_reviewed	1
3280_reviewed	55120_reviewed	1
10551_reviewed	488_reviewed	1
7532_reviewed	26031_reviewed	1
140885_reviewed	4145_reviewed	1
84962_reviewed	8878_reviewed	1
4609_reviewed	103_reviewed	1
2099_reviewed	70_reviewed	1
5311_reviewed	7137_reviewed	1
23678_reviewed	2932_reviewed	1
5573_reviewed	5573_reviewed	1
7124_reviewed	8517_reviewed	1
5700_reviewed	5684_reviewed	1
1017_reviewed	6500_reviewed	1
7157_reviewed	9908_reviewed	1
5862_reviewed	196472_reviewed	1
7187_reviewed	6885_reviewed	1
7014_reviewed	4998_reviewed	1
6907_reviewed	27101_reviewed	1
2672_reviewed	7709_reviewed	1
904_reviewed	5584_reviewed	1
10445_reviewed	7015_reviewed	1
51399_reviewed	51112_reviewed	1
4609_reviewed	4722_reviewed	1
150368_reviewed	4952_reviewed	1
5925_reviewed	8507_reviewed	1
9557_reviewed	200558_reviewed	1
54534_reviewed	90480_reviewed	1
991_reviewed	6790_reviewed	1
23414_reviewed	5931_reviewed	1
11183_reviewed	1398_reviewed	1
7316_reviewed	55968_reviewed	1
6117_reviewed	63922_reviewed	1
10236_reviewed	23450_reviewed	1
5192_reviewed	8504_reviewed	0
9851_reviewed	134359_reviewed	1
7161_reviewed	10413_reviewed	1
7186_reviewed	54971_reviewed	1
57822_reviewed	10419_reviewed	1
3065_reviewed	57592_reviewed	1
8556_reviewed	994_reviewed	1
84062_reviewed	26146_reviewed	1
340061_reviewed	3661_reviewed	1
377630_reviewed	1021_reviewed	1
2308_reviewed	10533_reviewed	1
51465_reviewed	7415_reviewed	1
9025_reviewed	9025_reviewed	1
2068_reviewed	2965_reviewed	1
23008_reviewed	8453_reviewed	1
9131_reviewed	292_reviewed	1
3759_reviewed	11329_reviewed	1
1326_reviewed	4791_reviewed	1
9094_reviewed	4067_reviewed	1
1050_reviewed	5914_reviewed	1
9801_reviewed	54534_reviewed	1
6143_reviewed	6132_reviewed	1
2664_reviewed	2664_reviewed	0
1956_reviewed	2773_reviewed	1
4000_reviewed	55746_reviewed	1
4843_reviewed	51377_reviewed	1
51520_reviewed	5917_reviewed	1
4893_reviewed	1500_reviewed	1
5910_reviewed	22920_reviewed	1
861_reviewed	3276_reviewed	1
1660_reviewed	2130_reviewed	1
7048_reviewed	11124_reviewed	1
7286_reviewed	9910_reviewed	1
207_reviewed	9869_reviewed	1
1452_reviewed	11033_reviewed	1
2886_reviewed	5159_reviewed	1
4193_reviewed	5144_reviewed	1
51253_reviewed	54148_reviewed	1
80746_reviewed	10978_reviewed	1
57617_reviewed	23355_reviewed	1
84365_reviewed	6194_reviewed	1
80306_reviewed	80306_reviewed	1
204851_reviewed	7157_reviewed	1
51741_reviewed	4088_reviewed	1
429_reviewed	6925_reviewed	1
56259_reviewed	26121_reviewed	1
3609_reviewed	55379_reviewed	1
6908_reviewed	5452_reviewed	1
23552_reviewed	902_reviewed	1
5770_reviewed	5825_reviewed	1
64343_reviewed	57534_reviewed	1
996_reviewed	51434_reviewed	1
164_reviewed	1173_reviewed	1
3104_reviewed	51341_reviewed	1
2288_reviewed	10910_reviewed	1
140885_reviewed	2495_reviewed	1
9533_reviewed	10622_reviewed	1
1026_reviewed	1019_reviewed	1
80279_reviewed	4193_reviewed	1
9403_reviewed	51109_reviewed	1
23197_reviewed	7337_reviewed	1
5707_reviewed	5705_reviewed	1
1937_reviewed	51520_reviewed	1
55571_reviewed	9125_reviewed	1
5587_reviewed	25998_reviewed	1
2289_reviewed	8517_reviewed	1
79001_reviewed	79001_reviewed	1
5082_reviewed	5705_reviewed	1
322_reviewed	7024_reviewed	1
6046_reviewed	1870_reviewed	1
5713_reviewed	5708_reviewed	1
1911_reviewed	8535_reviewed	1
112936_reviewed	55737_reviewed	1
5777_reviewed	7297_reviewed	1
5976_reviewed	23708_reviewed	1
1915_reviewed	6187_reviewed	1
8045_reviewed	23368_reviewed	1
999_reviewed	1500_reviewed	1
5522_reviewed	7203_reviewed	1
6478_reviewed	6478_reviewed	1
9258_reviewed	9867_reviewed	1
6204_reviewed	3921_reviewed	1
5515_reviewed	1017_reviewed	1
996_reviewed	4751_reviewed	1
1459_reviewed	8829_reviewed	1
79685_reviewed	79685_reviewed	1
2091_reviewed	3692_reviewed	1
1452_reviewed	222584_reviewed	1
409_reviewed	2017_reviewed	1
51154_reviewed	23481_reviewed	1
26092_reviewed	9131_reviewed	1
5747_reviewed	1398_reviewed	1
322_reviewed	51466_reviewed	1
27161_reviewed	9922_reviewed	1
27101_reviewed	10193_reviewed	1
54726_reviewed	57506_reviewed	1
3670_reviewed	2099_reviewed	1
9958_reviewed	64852_reviewed	1
6143_reviewed	6152_reviewed	1
25980_reviewed	24148_reviewed	1
26523_reviewed	23178_reviewed	1
4609_reviewed	9063_reviewed	1
6122_reviewed	6128_reviewed	1
267_reviewed	11160_reviewed	1
29882_reviewed	51434_reviewed	1
80254_reviewed	8481_reviewed	1
9219_reviewed	5931_reviewed	1
23635_reviewed	23648_reviewed	1
65975_reviewed	8078_reviewed	1
6999_reviewed	6386_reviewed	1
29894_reviewed	54973_reviewed	0
1848_reviewed	7803_reviewed	0
9851_reviewed	51512_reviewed	1
57511_reviewed	25839_reviewed	1
8027_reviewed	9146_reviewed	1
9261_reviewed	5347_reviewed	1
595_reviewed	2099_reviewed	1
3717_reviewed	5777_reviewed	1
26065_reviewed	3276_reviewed	1
10551_reviewed	10525_reviewed	1
6144_reviewed	6125_reviewed	1
3718_reviewed	908_reviewed	1
10284_reviewed	10921_reviewed	1
160_reviewed	10928_reviewed	1
22822_reviewed	9045_reviewed	1
5701_reviewed	5714_reviewed	1
7879_reviewed	539_reviewed	1
10623_reviewed	10621_reviewed	1
55726_reviewed	81556_reviewed	1
7832_reviewed	6502_reviewed	1
1852_reviewed	10857_reviewed	1
9870_reviewed	5414_reviewed	1
2130_reviewed	6599_reviewed	1
5686_reviewed	5687_reviewed	1
6128_reviewed	6193_reviewed	1
1660_reviewed	3608_reviewed	1
11335_reviewed	6015_reviewed	1
57506_reviewed	25_reviewed	1
5518_reviewed	5523_reviewed	1
152485_reviewed	5931_reviewed	1
5522_reviewed	10694_reviewed	1
139599_reviewed	7189_reviewed	1
3320_reviewed	6194_reviewed	1
23327_reviewed	1193_reviewed	1
70_reviewed	55689_reviewed	1
207_reviewed	2026_reviewed	1
5329_reviewed	5328_reviewed	1
4193_reviewed	4361_reviewed	1
4287_reviewed	5887_reviewed	1
4893_reviewed	23187_reviewed	1
129285_reviewed	9946_reviewed	1
23197_reviewed	10245_reviewed	1
1852_reviewed	285598_reviewed	1
5879_reviewed	10787_reviewed	1
5590_reviewed	5584_reviewed	1
11315_reviewed	5071_reviewed	1
11144_reviewed	2177_reviewed	0
9439_reviewed	9658_reviewed	1
28952_reviewed	28991_reviewed	1
23028_reviewed	9112_reviewed	1
7965_reviewed	8880_reviewed	1
254394_reviewed	51202_reviewed	1
7417_reviewed	4723_reviewed	1
3646_reviewed	1448_reviewed	1
9128_reviewed	10243_reviewed	1
4609_reviewed	4437_reviewed	1
326_reviewed	26273_reviewed	1
6627_reviewed	10946_reviewed	1
1026_reviewed	56159_reviewed	1
374291_reviewed	3329_reviewed	1
1457_reviewed	4609_reviewed	1
4085_reviewed	8379_reviewed	1
925_reviewed	925_reviewed	1
5170_reviewed	10971_reviewed	1
1612_reviewed	5594_reviewed	1
7334_reviewed	7706_reviewed	1
3638_reviewed	11160_reviewed	1
10213_reviewed	5771_reviewed	1
5295_reviewed	10657_reviewed	1
1410_reviewed	595_reviewed	1
7852_reviewed	9097_reviewed	1
79791_reviewed	4193_reviewed	1
9569_reviewed	57117_reviewed	1
10273_reviewed	7332_reviewed	1
1654_reviewed	57506_reviewed	1
493_reviewed	8573_reviewed	1
5605_reviewed	5594_reviewed	1
11315_reviewed	582_reviewed	1
5682_reviewed	11047_reviewed	1
6121_reviewed	376497_reviewed	1
154_reviewed	10193_reviewed	1
192670_reviewed	10526_reviewed	1
10016_reviewed	23593_reviewed	1
11338_reviewed	3608_reviewed	1
127733_reviewed	55666_reviewed	1
3798_reviewed	89953_reviewed	1
8678_reviewed	30849_reviewed	1
10133_reviewed	51019_reviewed	1
55294_reviewed	112950_reviewed	1
3187_reviewed	3191_reviewed	1
9306_reviewed	5861_reviewed	1
1263_reviewed	7157_reviewed	1
406_reviewed	1407_reviewed	1
7316_reviewed	51377_reviewed	1
374291_reviewed	4728_reviewed	1
7706_reviewed	11218_reviewed	1
10713_reviewed	7706_reviewed	1
5289_reviewed	30849_reviewed	1
1460_reviewed	7465_reviewed	1
26986_reviewed	23708_reviewed	1
9533_reviewed	7126_reviewed	1
10190_reviewed	7846_reviewed	1
3608_reviewed	6128_reviewed	1
2274_reviewed	3675_reviewed	1
11030_reviewed	23543_reviewed	1
22827_reviewed	79797_reviewed	0
4790_reviewed	5971_reviewed	1
79050_reviewed	51602_reviewed	1
6396_reviewed	22872_reviewed	1
65018_reviewed	65018_reviewed	1
6135_reviewed	23212_reviewed	1
10966_reviewed	8065_reviewed	1
5901_reviewed	23039_reviewed	1
80143_reviewed	29888_reviewed	1
1840_reviewed	1840_reviewed	1
129685_reviewed	6873_reviewed	1
220213_reviewed	3661_reviewed	1
381_reviewed	9727_reviewed	1
3303_unreviewed	1025_reviewed	1
25898_reviewed	25898_reviewed	1
79102_reviewed	54472_reviewed	1
6722_reviewed	4656_reviewed	1
4437_reviewed	5111_reviewed	1
5682_reviewed	373_reviewed	1
285_reviewed	3688_reviewed	1
29761_reviewed	8658_reviewed	1
83737_reviewed	26994_reviewed	1
8517_reviewed	154796_reviewed	1
5873_reviewed	84958_reviewed	1
54101_unreviewed	10376_reviewed	1
54623_reviewed	23168_reviewed	1
23322_reviewed	23164_reviewed	1
64210_reviewed	64428_reviewed	1
6625_reviewed	10240_reviewed	1
51574_reviewed	10291_reviewed	1
1739_reviewed	8945_reviewed	1
154_reviewed	253980_reviewed	1
23118_reviewed	23118_reviewed	1
23291_reviewed	9987_reviewed	1
65061_reviewed	2289_reviewed	1
10213_reviewed	5700_reviewed	1
23410_reviewed	54704_reviewed	1
5356_reviewed	27339_reviewed	1
6815_reviewed	6500_reviewed	1
2534_reviewed	8935_reviewed	1
10987_reviewed	10987_reviewed	1
374291_reviewed	23530_reviewed	1
6194_reviewed	65095_reviewed	1
4582_reviewed	1956_reviewed	1
8907_reviewed	1174_reviewed	1
10681_reviewed	5082_reviewed	1
6194_reviewed	55037_reviewed	1
6045_reviewed	23466_reviewed	1
23759_reviewed	6615_reviewed	1
80012_reviewed	84733_reviewed	1
92104_reviewed	56912_reviewed	1
7782_reviewed	7781_reviewed	1
8451_reviewed	55827_reviewed	1
4869_reviewed	2885_reviewed	1
7124_reviewed	79155_reviewed	1
51574_reviewed	6205_reviewed	1
9970_reviewed	5705_reviewed	1
661_reviewed	171568_reviewed	1
6714_reviewed	3741_reviewed	1
219541_reviewed	9282_reviewed	1
1848_reviewed	5977_reviewed	0
2130_reviewed	3608_reviewed	1
11047_reviewed	5710_reviewed	1
51701_reviewed	51701_reviewed	1
2260_reviewed	5163_reviewed	1
1039_reviewed	9643_reviewed	1
23435_reviewed	7415_reviewed	1
10413_reviewed	7112_reviewed	1
64949_reviewed	6625_reviewed	1
23411_reviewed	9971_reviewed	1
6135_reviewed	6129_reviewed	1
4287_reviewed	8841_reviewed	1
246175_reviewed	25904_reviewed	1
3688_reviewed	3675_reviewed	1
6625_reviewed	51808_reviewed	1
5978_reviewed	10492_reviewed	1
7316_reviewed	8761_reviewed	1
8454_reviewed	23066_reviewed	1
29966_reviewed	29888_reviewed	1
5702_reviewed	5709_reviewed	1
3326_reviewed	51236_reviewed	1
22827_reviewed	7360_reviewed	1
668_reviewed	7329_reviewed	1
9577_reviewed	29086_reviewed	1
8468_reviewed	5202_reviewed	1
8313_reviewed	81847_reviewed	1
8907_reviewed	653121_reviewed	1
7040_reviewed	1634_reviewed	1
254394_reviewed	5378_reviewed	1
5708_reviewed	9690_reviewed	1
1499_reviewed	2010_reviewed	1
5245_reviewed	593_reviewed	1
4343_reviewed	1859_reviewed	1
84365_reviewed	11103_reviewed	1
5522_reviewed	23235_reviewed	1
51755_reviewed	2130_reviewed	1
9913_reviewed	29950_reviewed	1
3195_reviewed	5501_reviewed	1
112939_reviewed	604_reviewed	1
1022_reviewed	2968_reviewed	1
4303_reviewed	7874_reviewed	1
1053_reviewed	1050_reviewed	1
339967_reviewed	7709_reviewed	1
7428_reviewed	5590_reviewed	1
2735_reviewed	8945_reviewed	1
23016_reviewed	51013_reviewed	1
1080_reviewed	5902_reviewed	1
24144_reviewed	146849_reviewed	1
5710_reviewed	10616_reviewed	1
3184_reviewed	3182_reviewed	1
5468_reviewed	5604_reviewed	1
4609_reviewed	10694_reviewed	1
6117_reviewed	3980_reviewed	1
6049_reviewed	7090_reviewed	1
26136_reviewed	7408_reviewed	1
2055_reviewed	9218_reviewed	1
83759_reviewed	150572_reviewed	1
22919_reviewed	10540_reviewed	1
8243_reviewed	9126_reviewed	1
498_reviewed	30968_reviewed	1
51495_reviewed	55215_reviewed	1
5160_reviewed	23788_reviewed	1
9306_reviewed	8317_reviewed	1
23396_reviewed	55353_reviewed	1
356_reviewed	3702_reviewed	1
8667_reviewed	8662_reviewed	1
7531_reviewed	4869_reviewed	1
10426_reviewed	22938_reviewed	1
7428_reviewed	64344_reviewed	1
51701_reviewed	51176_reviewed	1
10987_reviewed	3191_reviewed	1
4088_reviewed	5925_reviewed	0
741_reviewed	55011_reviewed	1
54676_reviewed	23028_reviewed	1
26993_reviewed	54894_reviewed	1
6908_reviewed	6873_reviewed	1
8829_reviewed	5155_reviewed	1
10891_reviewed	2908_reviewed	1
6714_reviewed	5159_reviewed	1
7428_reviewed	5337_reviewed	1
28976_reviewed	1629_reviewed	1
7428_reviewed	6950_reviewed	1
10551_reviewed	6175_reviewed	1
5252_reviewed	11030_reviewed	1
9779_reviewed	9559_reviewed	1
6184_reviewed	6185_reviewed	1
56257_reviewed	3608_reviewed	1
10551_reviewed	998_reviewed	1
8202_reviewed	7421_reviewed	1
11124_reviewed	23291_reviewed	1
10528_reviewed	6125_reviewed	1
55669_reviewed	9927_reviewed	1
5202_reviewed	5204_reviewed	1
821_reviewed	11261_reviewed	1
637_reviewed	8772_reviewed	1
5036_reviewed	56254_reviewed	1
602_reviewed	2353_reviewed	1
10921_reviewed	6733_reviewed	1
661_reviewed	11128_reviewed	1
55466_reviewed	55086_reviewed	1
23492_reviewed	7703_reviewed	1
5800_reviewed	51726_reviewed	1
3192_reviewed	6141_reviewed	1
29997_reviewed	29997_reviewed	1
3315_reviewed	1974_reviewed	1
167227_reviewed	196513_reviewed	1
4609_reviewed	3329_reviewed	1
5934_reviewed	60561_reviewed	1
10155_reviewed	7157_reviewed	1
841_reviewed	8837_reviewed	1
5371_reviewed	4869_reviewed	1
10551_reviewed	10492_reviewed	1
571_reviewed	4097_reviewed	1
8078_reviewed	7316_reviewed	1
10059_reviewed	6741_reviewed	1
5710_reviewed	10273_reviewed	1
1937_reviewed	3608_reviewed	1
3190_reviewed	7157_reviewed	1
4439_reviewed	4438_reviewed	1
5870_reviewed	1639_reviewed	1
23770_reviewed	6009_reviewed	1
22981_reviewed	64770_reviewed	1
9531_reviewed	3308_reviewed	1
10296_reviewed	80232_reviewed	1
7161_reviewed	79594_reviewed	1
6139_reviewed	6191_reviewed	1
23291_reviewed	10277_reviewed	1
4849_reviewed	6945_reviewed	0
55294_reviewed	10399_reviewed	1
3937_reviewed	3702_reviewed	1
10120_reviewed	55860_reviewed	1
10920_reviewed	51185_reviewed	1
3178_reviewed	103_reviewed	1
27005_reviewed	2305_reviewed	1
54386_reviewed	7520_reviewed	1
2550_reviewed	9568_reviewed	1
207_reviewed	4904_reviewed	1
5984_reviewed	10193_reviewed	1
5174_reviewed	1182_reviewed	1
5000_reviewed	5001_reviewed	1
114609_reviewed	3656_reviewed	1
1956_reviewed	26191_reviewed	1
7024_reviewed	6045_reviewed	1
7709_reviewed	604_reviewed	1
8697_reviewed	25788_reviewed	1
6124_reviewed	6130_reviewed	1
7706_reviewed	7203_reviewed	1
84759_reviewed	7874_reviewed	1
5830_reviewed	1962_reviewed	1
8266_reviewed	55658_reviewed	1
4086_reviewed	64750_reviewed	1
5071_reviewed	7417_reviewed	1
64422_reviewed	55054_reviewed	1
5295_reviewed	924_reviewed	1
23647_reviewed	23647_reviewed	1
4172_reviewed	4171_reviewed	1
3643_reviewed	5580_reviewed	1
90780_reviewed	9070_reviewed	1
81622_reviewed	81037_reviewed	1
6143_reviewed	6202_reviewed	1
8428_reviewed	5519_reviewed	1
2534_reviewed	55824_reviewed	1
1956_reviewed	3689_reviewed	1
5704_reviewed	5714_reviewed	1
51493_reviewed	1653_reviewed	1
4088_reviewed	3665_reviewed	1
7189_reviewed	8887_reviewed	1
140885_reviewed	5786_reviewed	1
54551_reviewed	55737_reviewed	1
1017_reviewed	7157_reviewed	1
11127_reviewed	22920_reviewed	1
5710_reviewed	5714_reviewed	1
1410_reviewed	1499_reviewed	1
5245_reviewed	94081_reviewed	1
3815_reviewed	2887_reviewed	1
1374_reviewed	4723_reviewed	1
7284_reviewed	28960_reviewed	1
7329_reviewed	4205_reviewed	1
10397_reviewed	1499_reviewed	1
9131_reviewed	80273_reviewed	1
9817_reviewed	81628_reviewed	1
4188_reviewed	126070_reviewed	1
4173_reviewed	23594_reviewed	1
150684_reviewed	540_reviewed	1
7391_reviewed	6594_reviewed	1
2017_reviewed	10096_reviewed	1
3217_reviewed	7520_reviewed	1
595_reviewed	8878_reviewed	1
9378_reviewed	22871_reviewed	1
197370_reviewed	64110_reviewed	1
7490_reviewed	9589_reviewed	1
7157_reviewed	6950_reviewed	1
5682_reviewed	10213_reviewed	1
409_reviewed	7189_reviewed	1
23586_reviewed	79845_reviewed	1
1432_reviewed	1843_reviewed	1
4869_reviewed	6122_reviewed	1
7531_reviewed	9588_reviewed	1
5914_reviewed	7704_reviewed	1
6204_reviewed	6202_reviewed	1
4790_reviewed	6418_reviewed	0
2960_reviewed	2968_reviewed	1
6134_reviewed	6201_reviewed	1
821_reviewed	3757_reviewed	1
5978_reviewed	10189_reviewed	1
3725_reviewed	604_reviewed	1
79871_reviewed	55011_reviewed	1
2646_reviewed	2645_reviewed	1
59349_reviewed	22872_reviewed	1
3480_reviewed	5494_reviewed	1
1855_reviewed	2932_reviewed	0
56257_reviewed	3309_reviewed	1
3187_reviewed	1655_reviewed	1
112939_reviewed	11275_reviewed	1
5708_reviewed	1026_reviewed	1
9531_reviewed	823_reviewed	1
26524_reviewed	11186_reviewed	1
7917_reviewed	23197_reviewed	1
8850_reviewed	4654_reviewed	1
8454_reviewed	8945_reviewed	1
1956_reviewed	2549_reviewed	1
9097_reviewed	5708_reviewed	1
2353_reviewed	9586_reviewed	1
5682_reviewed	55131_reviewed	1
5598_reviewed	5371_reviewed	1
145508_reviewed	9851_reviewed	1
998_reviewed	7186_reviewed	1
7428_reviewed	9093_reviewed	1
10989_reviewed	7417_reviewed	1
83746_reviewed	246329_reviewed	1
653121_reviewed	653121_reviewed	1
2099_reviewed	9439_reviewed	1
7187_reviewed	6714_reviewed	1
51141_reviewed	5705_reviewed	1
9861_reviewed	5709_reviewed	1
9531_reviewed	1728_reviewed	1
115752_reviewed	5393_reviewed	1
4300_reviewed	8178_reviewed	1
10971_reviewed	994_reviewed	1
55072_reviewed	26993_reviewed	1
4804_reviewed	51283_reviewed	1
25942_reviewed	8473_reviewed	1
10987_reviewed	23276_reviewed	1
22919_reviewed	1495_reviewed	1
891_reviewed	996_reviewed	1
51343_reviewed	29882_reviewed	1
3066_reviewed	10362_reviewed	1
140739_reviewed	8065_reviewed	1
2516_reviewed	55809_reviewed	1
8841_reviewed	10488_reviewed	1
8932_reviewed	9219_reviewed	1
6047_reviewed	8554_reviewed	1
54819_reviewed	55145_reviewed	1
58513_reviewed	29979_reviewed	1
7533_reviewed	3621_reviewed	1
10459_reviewed	1211_reviewed	1
2885_reviewed	4914_reviewed	1
4287_reviewed	9001_reviewed	1
8431_reviewed	4193_reviewed	1
286826_reviewed	1874_reviewed	1
5698_reviewed	5696_reviewed	1
10625_reviewed	3192_reviewed	1
9817_reviewed	4779_reviewed	1
5087_reviewed	3211_reviewed	1
8161_reviewed	705_reviewed	1
5931_reviewed	23309_reviewed	1
1869_reviewed	51343_reviewed	1
2908_reviewed	9282_reviewed	1
25936_reviewed	10403_reviewed	1
55588_reviewed	1024_reviewed	1
3845_reviewed	81839_reviewed	1
6839_reviewed	3066_reviewed	1
8900_reviewed	5241_reviewed	1
57129_reviewed	64978_reviewed	1
1956_reviewed	8241_reviewed	1
4300_reviewed	1025_reviewed	1
3265_reviewed	55103_reviewed	1
9410_reviewed	24148_reviewed	1
26973_reviewed	10376_reviewed	1
51343_reviewed	996_reviewed	1
3836_reviewed	8450_reviewed	1
64750_reviewed	688_reviewed	1
7879_reviewed	4218_reviewed	1
56970_reviewed	51616_reviewed	1
121441_reviewed	7203_reviewed	1
8945_reviewed	26574_reviewed	1
8517_reviewed	79657_reviewed	1
118460_reviewed	118460_reviewed	0
9851_reviewed	11116_reviewed	1
4609_reviewed	8813_reviewed	1
26258_reviewed	23673_reviewed	1
55917_reviewed	8428_reviewed	1
1869_reviewed	2551_reviewed	0
2547_reviewed	91419_reviewed	1
121441_reviewed	7283_reviewed	1
10618_reviewed	10618_reviewed	1
151987_reviewed	9785_reviewed	1
2740_reviewed	333_reviewed	1
5664_reviewed	823_reviewed	1
55872_reviewed	7157_reviewed	1
1739_reviewed	2890_reviewed	1
4692_reviewed	7307_reviewed	1
1956_reviewed	5921_reviewed	1
79867_reviewed	1047_reviewed	1
2202_reviewed	6449_reviewed	1
10238_reviewed	65124_reviewed	1
10456_reviewed	3320_reviewed	1
23390_reviewed	5144_reviewed	1
5999_reviewed	2776_reviewed	1
90780_reviewed	2648_reviewed	1
9441_reviewed	27125_reviewed	1
830_reviewed	10671_reviewed	1
6774_reviewed	5970_reviewed	1
149041_reviewed	23367_reviewed	1
351_reviewed	10513_reviewed	1
2888_reviewed	55743_reviewed	1
6191_reviewed	6188_reviewed	1
10094_reviewed	7454_reviewed	1
8850_reviewed	3024_reviewed	1
1499_reviewed	6667_reviewed	1
2534_reviewed	2533_reviewed	1
6205_reviewed	6208_reviewed	1
96764_reviewed	8726_reviewed	1
4988_reviewed	9218_reviewed	1
6774_reviewed	4791_reviewed	1
7325_reviewed	5071_reviewed	1
51317_reviewed	3066_reviewed	1
1956_reviewed	7786_reviewed	1
901_reviewed	5527_reviewed	1
140885_reviewed	3313_reviewed	1
1439_reviewed	3716_reviewed	1
8916_reviewed	29978_reviewed	1
6464_reviewed	3572_reviewed	1
6143_reviewed	6188_reviewed	1
3001_reviewed	2547_reviewed	1
8766_reviewed	26056_reviewed	1
84333_reviewed	1457_reviewed	1
6908_reviewed	6883_reviewed	1
5686_reviewed	5690_reviewed	1
6203_reviewed	6774_reviewed	1
1454_reviewed	83541_reviewed	1
1386_reviewed	8433_reviewed	1
701_reviewed	51434_reviewed	1
114609_reviewed	4615_reviewed	1
1025_reviewed	4436_reviewed	1
5691_reviewed	5721_reviewed	1
3172_reviewed	8856_reviewed	1
1080_reviewed	488_reviewed	1
83932_reviewed	5425_reviewed	1
5970_reviewed	6908_reviewed	1
10273_reviewed	1984_reviewed	1
3725_reviewed	334_reviewed	1
3689_reviewed	10987_reviewed	1
8814_reviewed	23411_reviewed	1
3845_reviewed	5754_reviewed	1
701_reviewed	4601_reviewed	1
10486_reviewed	10487_reviewed	1
7157_reviewed	203068_reviewed	1
89857_reviewed	8452_reviewed	1
2956_reviewed	10036_reviewed	1
2810_reviewed	4193_reviewed	1
23512_reviewed	4637_reviewed	1
22948_reviewed	10097_reviewed	1
80012_reviewed	6322_reviewed	1
64135_reviewed	9960_reviewed	1
5429_reviewed	7874_reviewed	1
64837_reviewed	3800_reviewed	1
5702_reviewed	5692_reviewed	1
9306_reviewed	10844_reviewed	1
5797_reviewed	1500_reviewed	1
9891_reviewed	8945_reviewed	1
8660_reviewed	5295_reviewed	1
6885_reviewed	5608_reviewed	1
4734_reviewed	4914_reviewed	1
6596_reviewed	7334_reviewed	1
50999_reviewed	55170_reviewed	1
5062_reviewed	28964_reviewed	1
4832_reviewed	7157_reviewed	0
8661_reviewed	8668_reviewed	1
54386_reviewed	7345_reviewed	1
23411_reviewed	2597_reviewed	1
51592_reviewed	11198_reviewed	1
2122_reviewed	3066_reviewed	1
79980_reviewed	10403_reviewed	1
5597_reviewed	8550_reviewed	1
387_reviewed	5586_reviewed	1
3661_reviewed	3661_reviewed	1
6657_reviewed	171017_reviewed	1
84955_reviewed	1315_reviewed	1
9274_reviewed	60_reviewed	1
3758_reviewed	9368_reviewed	1
6144_reviewed	6175_reviewed	1
8767_reviewed	7189_reviewed	1
64127_reviewed	10807_reviewed	1
5777_reviewed	5747_reviewed	1
3178_reviewed	4670_reviewed	1
2177_reviewed	4683_reviewed	1
4188_reviewed	56654_reviewed	1
9666_reviewed	9666_reviewed	1
7486_reviewed	5893_reviewed	1
5689_reviewed	5718_reviewed	1
5801_reviewed	81559_reviewed	1
4175_reviewed	55388_reviewed	1
140545_reviewed	57559_reviewed	1
1080_reviewed	5520_reviewed	1
7325_reviewed	862_reviewed	1
10989_reviewed	11244_reviewed	0
386618_reviewed	386618_reviewed	1
9217_reviewed	9600_reviewed	1
54707_reviewed	26015_reviewed	1
2801_reviewed	8615_reviewed	1
27339_reviewed	9128_reviewed	1
7025_reviewed	5451_reviewed	1
1956_reviewed	488_reviewed	1
23310_reviewed	10051_reviewed	1
51253_reviewed	28998_reviewed	1
7874_reviewed	8726_reviewed	1
10672_reviewed	10566_reviewed	1
6144_reviewed	6129_reviewed	1
9759_reviewed	9759_reviewed	1
10959_reviewed	222068_reviewed	1
29761_reviewed	4604_reviewed	1
207_reviewed	2931_reviewed	1
7531_reviewed	51307_reviewed	1
10771_reviewed	7189_reviewed	1
81565_reviewed	10460_reviewed	1
338657_reviewed	9129_reviewed	1
1147_reviewed	83696_reviewed	0
3396_reviewed	29074_reviewed	1
821_reviewed	537_reviewed	1
6117_reviewed	142_reviewed	1
2965_reviewed	4331_reviewed	1
2549_reviewed	6464_reviewed	1
2091_reviewed	6780_reviewed	1
9401_reviewed	4171_reviewed	1
8856_reviewed	6257_reviewed	1
10200_reviewed	54512_reviewed	1
4609_reviewed	54927_reviewed	1
4193_reviewed	92344_reviewed	1
55888_reviewed	170082_reviewed	1
9045_reviewed	6201_reviewed	1
9722_reviewed	6853_reviewed	1
1796_reviewed	613_reviewed	1
8694_reviewed	8694_reviewed	1
3192_reviewed	11338_reviewed	1
5914_reviewed	6667_reviewed	1
5522_reviewed	22948_reviewed	1
1859_reviewed	1859_reviewed	1
154796_reviewed	64398_reviewed	1
50813_reviewed	1457_reviewed	1
1848_reviewed	4792_reviewed	0
5781_reviewed	3716_reviewed	1
51503_reviewed	56259_reviewed	1
9217_reviewed	6185_reviewed	1
11130_reviewed	147841_reviewed	1
9318_reviewed	7421_reviewed	1
7415_reviewed	7706_reviewed	1
5978_reviewed	6908_reviewed	1
1314_reviewed	22818_reviewed	1
351_reviewed	320_reviewed	1
51009_reviewed	6400_reviewed	1
6502_reviewed	5245_reviewed	1
8452_reviewed	80325_reviewed	1
3329_reviewed	3326_reviewed	1
9306_reviewed	81887_reviewed	1
4869_reviewed	6124_reviewed	1
4261_reviewed	8648_reviewed	1
5347_reviewed	1447_reviewed	1
5686_reviewed	5689_reviewed	1
8452_reviewed	51133_reviewed	1
26524_reviewed	84962_reviewed	1
54908_reviewed	6193_reviewed	1
6135_reviewed	6132_reviewed	1
11124_reviewed	142_reviewed	1
53615_reviewed	53615_reviewed	1
9527_reviewed	23673_reviewed	1
23390_reviewed	22938_reviewed	1
613_reviewed	5294_reviewed	1
2193_reviewed	10056_reviewed	1
7124_reviewed	7316_reviewed	1
4173_reviewed	8317_reviewed	1
4683_reviewed	5932_reviewed	1
5228_reviewed	5228_reviewed	1
80789_reviewed	81556_reviewed	1
54585_reviewed	55212_reviewed	1
1789_reviewed	3024_reviewed	1
9603_reviewed	7975_reviewed	1
3673_reviewed	4312_reviewed	1
1207_reviewed	79084_reviewed	1
5747_reviewed	3667_reviewed	1
3858_reviewed	3848_reviewed	1
143471_reviewed	5708_reviewed	1
7703_reviewed	23429_reviewed	1
7421_reviewed	6257_reviewed	1
1111_reviewed	331_reviewed	1
57035_reviewed	10197_reviewed	1
9131_reviewed	4513_reviewed	1
6667_reviewed	6874_reviewed	1
51562_reviewed	2648_reviewed	1
27285_reviewed	64946_reviewed	1
10818_reviewed	5781_reviewed	1
7046_reviewed	5295_reviewed	1
509_reviewed	4513_reviewed	1
9682_reviewed	5925_reviewed	1
23210_reviewed	55692_reviewed	1
25936_reviewed	11243_reviewed	1
3383_reviewed	7277_reviewed	1
114088_reviewed	114088_reviewed	1
83737_reviewed	274_reviewed	1
1540_reviewed	1540_reviewed	1
10956_reviewed	10956_reviewed	1
3566_reviewed	9655_reviewed	1
57104_reviewed	5176_reviewed	1
65975_reviewed	11140_reviewed	1
7534_reviewed	54206_reviewed	1
2885_reviewed	112574_reviewed	1
84108_reviewed	3065_reviewed	1
5597_reviewed	5887_reviewed	1
7132_reviewed	8396_reviewed	1
142_reviewed	1024_reviewed	1
4692_reviewed	221143_reviewed	1
84191_reviewed	3658_reviewed	1
11146_reviewed	3643_reviewed	0
3320_reviewed	79657_reviewed	1
3845_reviewed	4354_reviewed	1
22832_reviewed	79848_reviewed	1
5599_reviewed	5599_reviewed	1
10535_reviewed	5888_reviewed	1
6720_reviewed	9443_reviewed	1
367_reviewed	8405_reviewed	1
10987_reviewed	4089_reviewed	1
10987_reviewed	122769_reviewed	1
7534_reviewed	993_reviewed	1
23450_reviewed	9343_reviewed	1
4190_reviewed	7157_reviewed	1
7157_reviewed	51701_reviewed	1
64599_reviewed	9470_reviewed	1
22909_reviewed	55215_reviewed	1
10728_reviewed	9049_reviewed	1
1201_reviewed	550_reviewed	1
902_reviewed	2801_reviewed	1
4170_reviewed	3308_reviewed	1
27339_reviewed	10946_reviewed	1
201501_reviewed	3725_reviewed	1
55294_reviewed	199990_reviewed	1
2130_reviewed	6631_reviewed	1
2643_reviewed	6300_reviewed	1
7157_reviewed	8626_reviewed	1
207_reviewed	3312_reviewed	1
4233_reviewed	8651_reviewed	1
7849_reviewed	7080_reviewed	1
4059_reviewed	7329_reviewed	1
255738_reviewed	3301_reviewed	1
56970_reviewed	23326_reviewed	1
64777_reviewed	25852_reviewed	1
11218_reviewed	79885_reviewed	1
6256_reviewed	3486_reviewed	1
117584_reviewed	10938_reviewed	1
6780_reviewed	3312_reviewed	1
8662_reviewed	1977_reviewed	1
1627_reviewed	9454_reviewed	1
4654_reviewed	5925_reviewed	1
9970_reviewed	8805_reviewed	1
57521_reviewed	10670_reviewed	1
84067_reviewed	51361_reviewed	1
140885_reviewed	7184_reviewed	1
5887_reviewed	7337_reviewed	1
8658_reviewed	2762_reviewed	1
2145_reviewed	2146_reviewed	1
219541_reviewed	6837_reviewed	1
2078_reviewed	3312_reviewed	1
23512_reviewed	9716_reviewed	1
3845_reviewed	9495_reviewed	1
53615_reviewed	3065_reviewed	1
8881_reviewed	9401_reviewed	1
10487_reviewed	71_reviewed	1
3981_reviewed	1915_reviewed	1
8452_reviewed	4780_reviewed	1
6141_reviewed	6194_reviewed	1
6780_reviewed	1660_reviewed	1
26270_reviewed	1650_reviewed	1
65008_reviewed	54534_reviewed	1
84365_reviewed	9933_reviewed	1
10270_reviewed	4171_reviewed	1
1374_reviewed	4719_reviewed	1
54925_reviewed	54925_reviewed	1
5934_reviewed	3065_reviewed	1
3396_reviewed	9801_reviewed	1
3725_reviewed	3725_reviewed	1
2885_reviewed	64762_reviewed	1
25793_reviewed	5687_reviewed	1
3065_reviewed	10694_reviewed	1
4711_reviewed	4719_reviewed	1
2932_reviewed	8517_reviewed	1
9306_reviewed	57599_reviewed	1
6144_reviewed	6207_reviewed	1
11338_reviewed	5411_reviewed	1
135892_reviewed	10013_reviewed	1
1956_reviewed	7124_reviewed	0
2289_reviewed	26128_reviewed	1
5728_reviewed	7157_reviewed	1
5725_reviewed	5160_reviewed	1
5300_reviewed	4170_reviewed	1
5714_reviewed	5714_reviewed	1
124739_reviewed	57504_reviewed	1
6194_reviewed	6134_reviewed	1
367_reviewed	6478_reviewed	1
1398_reviewed	8651_reviewed	1
1154_reviewed	2057_reviewed	1
7316_reviewed	9747_reviewed	1
1025_reviewed	22936_reviewed	1
56984_reviewed	5698_reviewed	1
9441_reviewed	905_reviewed	1
1956_reviewed	3480_reviewed	1
5684_reviewed	60_reviewed	1
468_reviewed	64375_reviewed	0
4171_reviewed	595_reviewed	0
9368_reviewed	10257_reviewed	1
8450_reviewed	345651_reviewed	1
11051_reviewed	79869_reviewed	1
26043_reviewed	7353_reviewed	1
1848_reviewed	79837_reviewed	0
1432_reviewed	9252_reviewed	1
6136_reviewed	6143_reviewed	1
2521_reviewed	5245_reviewed	1
4692_reviewed	29946_reviewed	1
1408_reviewed	26263_reviewed	0
56924_reviewed	4193_reviewed	1
25942_reviewed	8819_reviewed	1
8450_reviewed	26528_reviewed	1
2192_reviewed	4856_reviewed	1
23435_reviewed	3187_reviewed	1
5775_reviewed	6300_reviewed	1
8312_reviewed	6477_reviewed	1
10426_reviewed	27229_reviewed	1
5195_reviewed	5195_reviewed	1
997_reviewed	4176_reviewed	1
2783_reviewed	4792_reviewed	0
55257_reviewed	10524_reviewed	1
3396_reviewed	6182_reviewed	1
51426_reviewed	6117_reviewed	1
7157_reviewed	7874_reviewed	1
7534_reviewed	7157_reviewed	1
4646_reviewed	1601_reviewed	1
8874_reviewed	83737_reviewed	1
2885_reviewed	30011_reviewed	1
55072_reviewed	7415_reviewed	1
1649_reviewed	1051_reviewed	1
4149_reviewed	7027_reviewed	1
867_reviewed	3480_reviewed	1
4843_reviewed	3320_reviewed	1
817_reviewed	79968_reviewed	1
1026_reviewed	80308_reviewed	1
3364_reviewed	3364_reviewed	1
2177_reviewed	641_reviewed	1
590_reviewed	8292_reviewed	1
841_reviewed	5289_reviewed	1
8148_reviewed	6879_reviewed	1
5290_reviewed	8525_reviewed	1
10134_reviewed	821_reviewed	1
55768_reviewed	11124_reviewed	1
5252_reviewed	8726_reviewed	1
10956_reviewed	51009_reviewed	1
1445_reviewed	10146_reviewed	1
9212_reviewed	55958_reviewed	1
83637_reviewed	10401_reviewed	1
373509_reviewed	29108_reviewed	1
641_reviewed	7329_reviewed	1
1050_reviewed	5515_reviewed	1
8148_reviewed	6294_reviewed	1
9670_reviewed	7329_reviewed	1
10598_reviewed	26973_reviewed	1
81620_reviewed	51053_reviewed	1
221481_reviewed	23512_reviewed	1
10078_reviewed	60625_reviewed	1
8467_reviewed	3066_reviewed	1
7520_reviewed	3001_reviewed	1
10951_reviewed	23468_reviewed	1
83743_reviewed	26155_reviewed	1
1856_reviewed	51339_reviewed	1
4999_reviewed	4171_reviewed	1
23435_reviewed	2547_reviewed	1
3265_reviewed	55240_reviewed	1
3265_reviewed	8502_reviewed	1
5719_reviewed	11047_reviewed	1
373_reviewed	3964_reviewed	1
3980_reviewed	2547_reviewed	1
22938_reviewed	10236_reviewed	1
6745_reviewed	5245_reviewed	1
4671_reviewed	56616_reviewed	0
988_reviewed	10250_reviewed	1
4609_reviewed	23528_reviewed	1
8648_reviewed	2353_reviewed	1
57461_reviewed	5356_reviewed	1
1024_reviewed	8204_reviewed	1
5998_reviewed	2767_reviewed	1
4089_reviewed	9958_reviewed	1
23390_reviewed	129685_reviewed	1
1653_reviewed	10614_reviewed	1
10673_reviewed	115650_reviewed	1
51637_reviewed	51493_reviewed	1
10131_reviewed	5704_reviewed	1
10010_reviewed	80149_reviewed	1
151_reviewed	23062_reviewed	1
2130_reviewed	10428_reviewed	1
51341_reviewed	3065_reviewed	1
89870_reviewed	1398_reviewed	1
467_reviewed	2274_reviewed	1
7157_reviewed	836_reviewed	1
2191_reviewed	11331_reviewed	1
51574_reviewed	705_reviewed	1
207_reviewed	405_reviewed	1
3091_reviewed	2104_reviewed	1
991_reviewed	8697_reviewed	1
10466_reviewed	91949_reviewed	1
1734_reviewed	7326_reviewed	1
5163_reviewed	57521_reviewed	1
5144_reviewed	10399_reviewed	1
6194_reviewed	55720_reviewed	1
2740_reviewed	54872_reviewed	1
51185_reviewed	1180_reviewed	1
10524_reviewed	26054_reviewed	1
149041_reviewed	2091_reviewed	1
7220_reviewed	7222_reviewed	1
7161_reviewed	3551_reviewed	1
2908_reviewed	3320_reviewed	1
6774_reviewed	23028_reviewed	1
3276_reviewed	3276_reviewed	1
1950_reviewed	1956_reviewed	1
4771_reviewed	29997_reviewed	1
5371_reviewed	2146_reviewed	1
11091_reviewed	4609_reviewed	1
5862_reviewed	5245_reviewed	1
27429_reviewed	10155_reviewed	1
8725_reviewed	9533_reviewed	1
10528_reviewed	1915_reviewed	1
996_reviewed	10393_reviewed	1
5914_reviewed	8850_reviewed	1
3476_reviewed	10575_reviewed	1
84867_reviewed	55233_reviewed	1
23150_reviewed	81847_reviewed	1
135138_reviewed	3320_reviewed	1
23586_reviewed	84282_reviewed	1
26191_reviewed	26191_reviewed	1
55072_reviewed	1540_reviewed	1
4215_reviewed	5607_reviewed	1
8301_reviewed	4646_reviewed	1
1408_reviewed	25827_reviewed	0
221937_reviewed	6722_reviewed	1
8409_reviewed	8725_reviewed	1
8453_reviewed	150684_reviewed	1
7157_reviewed	4582_reviewed	1
6880_reviewed	6881_reviewed	1
5590_reviewed	4155_reviewed	1
10681_reviewed	85406_reviewed	0
7179_reviewed	84284_reviewed	1
7529_reviewed	1457_reviewed	1
10213_reviewed	5714_reviewed	1
3615_reviewed	122416_reviewed	1
79363_reviewed	80199_reviewed	1
2011_reviewed	10087_reviewed	1
4067_reviewed	3815_reviewed	1
3301_reviewed	2078_reviewed	1
80344_reviewed	9318_reviewed	1
6714_reviewed	2023_reviewed	1
55294_reviewed	7518_reviewed	1
2885_reviewed	7415_reviewed	1
7428_reviewed	3184_reviewed	1
993_reviewed	1956_reviewed	1
5432_reviewed	9646_reviewed	1
83931_reviewed	64326_reviewed	1
10898_reviewed	55339_reviewed	1
162_reviewed	8907_reviewed	1
3980_reviewed	142_reviewed	1
25803_reviewed	4824_reviewed	1
10450_reviewed	57461_reviewed	1
3326_reviewed	10728_reviewed	1
10938_reviewed	51479_reviewed	1
6468_reviewed	10694_reviewed	1
64407_reviewed	2773_reviewed	1
23400_reviewed	2580_reviewed	1
1540_reviewed	22919_reviewed	1
10488_reviewed	7780_reviewed	1
10987_reviewed	80344_reviewed	1
57459_reviewed	9219_reviewed	1
84944_reviewed	10492_reviewed	1
1653_reviewed	1915_reviewed	1
10190_reviewed	9638_reviewed	1
8517_reviewed	10758_reviewed	1
1869_reviewed	9112_reviewed	1
8658_reviewed	26277_reviewed	1
8139_reviewed	5630_reviewed	1
2966_reviewed	2968_reviewed	1
7316_reviewed	27161_reviewed	1
79149_reviewed	7750_reviewed	1
3455_reviewed	6773_reviewed	1
22981_reviewed	22832_reviewed	1
55840_reviewed	222389_reviewed	1
80254_reviewed	64770_reviewed	1
3656_reviewed	3703_reviewed	1
9063_reviewed	9569_reviewed	1
6772_reviewed	3476_reviewed	1
55763_reviewed	79874_reviewed	1
996_reviewed	51433_reviewed	1
3827_reviewed	3818_reviewed	1
5700_reviewed	5686_reviewed	1
6667_reviewed	3320_reviewed	1
1912_reviewed	22955_reviewed	1
4790_reviewed	4066_reviewed	1
9014_reviewed	9013_reviewed	1
10277_reviewed	10277_reviewed	1
9045_reviewed	6152_reviewed	1
1642_reviewed	1499_reviewed	1
25813_reviewed	10452_reviewed	1
6780_reviewed	6059_reviewed	1
2078_reviewed	1736_reviewed	1
26270_reviewed	2990_reviewed	1
79370_reviewed	122553_reviewed	1
5694_reviewed	5687_reviewed	1
51122_reviewed	28991_reviewed	1
1499_reviewed	27101_reviewed	1
6790_reviewed	22974_reviewed	1
10273_reviewed	1026_reviewed	1
10426_reviewed	121441_reviewed	1
8411_reviewed	8411_reviewed	1
9442_reviewed	29079_reviewed	1
4193_reviewed	9040_reviewed	1
4739_reviewed	4067_reviewed	1
598_reviewed	7157_reviewed	1
25827_reviewed	6500_reviewed	1
23252_reviewed	23252_reviewed	1
208_reviewed	26060_reviewed	1
3265_reviewed	6714_reviewed	1
56852_reviewed	10572_reviewed	1
7157_reviewed	6599_reviewed	1
6929_reviewed	2648_reviewed	1
5901_reviewed	10482_reviewed	1
1869_reviewed	51433_reviewed	1
2099_reviewed	3091_reviewed	1
3572_reviewed	2885_reviewed	1
5515_reviewed	4137_reviewed	1
3725_reviewed	4654_reviewed	1
8717_reviewed	8797_reviewed	0
375_reviewed	1131_reviewed	1
8607_reviewed	80304_reviewed	1
5691_reviewed	5709_reviewed	1
140690_reviewed	7917_reviewed	1
2890_reviewed	2037_reviewed	1
7179_reviewed	10526_reviewed	1
5315_reviewed	5071_reviewed	1
2099_reviewed	4582_reviewed	1
3716_reviewed	6772_reviewed	1
51035_reviewed	330_reviewed	1
10551_reviewed	3320_reviewed	1
7919_reviewed	8563_reviewed	1
10013_reviewed	5590_reviewed	1
4609_reviewed	10147_reviewed	1
26272_reviewed	8087_reviewed	1
6657_reviewed	79595_reviewed	1
7780_reviewed	7781_reviewed	1
4000_reviewed	5111_reviewed	1
4609_reviewed	4292_reviewed	1
10241_reviewed	85302_reviewed	1
7189_reviewed	7316_reviewed	1
4736_reviewed	6129_reviewed	1
22919_reviewed	23281_reviewed	1
3178_reviewed	8446_reviewed	1
5925_reviewed	367_reviewed	1
64127_reviewed	55072_reviewed	1
55208_reviewed	8065_reviewed	1
7157_reviewed	11091_reviewed	1
7421_reviewed	5705_reviewed	1
6175_reviewed	6202_reviewed	1
9045_reviewed	3921_reviewed	1
1874_reviewed	7029_reviewed	1
5518_reviewed	8030_reviewed	1
9770_reviewed	23028_reviewed	1
7187_reviewed	9342_reviewed	1
1201_reviewed	30818_reviewed	1
27185_reviewed	57459_reviewed	1
10419_reviewed	10273_reviewed	1
55512_reviewed	8726_reviewed	1
6788_reviewed	5347_reviewed	1
1050_reviewed	4149_reviewed	1
5595_reviewed	4155_reviewed	1
9794_reviewed	3516_reviewed	1
1196_reviewed	51535_reviewed	1
3105_reviewed	925_reviewed	1
22981_reviewed	7798_reviewed	1
83737_reviewed	2534_reviewed	1
9439_reviewed	10025_reviewed	1
23521_reviewed	6134_reviewed	1
7083_reviewed	5796_reviewed	1
51631_reviewed	6625_reviewed	1
11124_reviewed	8237_reviewed	1
7004_reviewed	374355_reviewed	1
9636_reviewed	1072_reviewed	1
6175_reviewed	6207_reviewed	1
6310_reviewed	5015_reviewed	1
8850_reviewed	4261_reviewed	1
51429_reviewed	1785_reviewed	1
4999_reviewed	23595_reviewed	1
9110_reviewed	84129_reviewed	1
79084_reviewed	367_reviewed	1
11319_reviewed	8607_reviewed	1
3320_reviewed	2103_reviewed	1
79184_reviewed	6472_reviewed	1
5340_reviewed	3486_reviewed	1
79132_reviewed	27161_reviewed	1
4609_reviewed	4720_reviewed	1
10274_reviewed	9126_reviewed	1
3396_reviewed	54534_reviewed	1
54778_reviewed	6498_reviewed	1
8030_reviewed	55294_reviewed	1
6733_reviewed	91746_reviewed	1
8615_reviewed	9527_reviewed	1
4609_reviewed	5970_reviewed	1
29105_reviewed	11129_reviewed	1
7529_reviewed	23136_reviewed	1
8883_reviewed	9039_reviewed	1
387032_reviewed	55663_reviewed	1
56829_reviewed	6194_reviewed	1
3916_reviewed	3916_reviewed	1
1308_reviewed	3875_reviewed	1
1457_reviewed	55660_reviewed	1
23059_reviewed	1191_reviewed	1
55718_reviewed	5434_reviewed	1
8945_reviewed	10277_reviewed	1
91445_reviewed	11160_reviewed	1
116143_reviewed	374_reviewed	1
2289_reviewed	1019_reviewed	1
9047_reviewed	55603_reviewed	1
3937_reviewed	5295_reviewed	1
11100_reviewed	3185_reviewed	1
57167_reviewed	79923_reviewed	1
25942_reviewed	4335_reviewed	1
8431_reviewed	6256_reviewed	1
5663_reviewed	51107_reviewed	1
6187_reviewed	6194_reviewed	1
4609_reviewed	6050_reviewed	1
10969_reviewed	4839_reviewed	1
2319_reviewed	5862_reviewed	1
51621_reviewed	8850_reviewed	1
154_reviewed	10399_reviewed	1
91833_reviewed	54461_reviewed	1
51548_reviewed	10514_reviewed	1
9531_reviewed	7178_reviewed	1
23411_reviewed	6839_reviewed	1
1956_reviewed	1499_reviewed	1
29894_reviewed	55756_reviewed	0
2308_reviewed	7534_reviewed	1
3065_reviewed	4088_reviewed	0
8850_reviewed	2115_reviewed	1
2563_reviewed	29979_reviewed	1
6009_reviewed	5894_reviewed	1
7184_reviewed	10910_reviewed	1
1869_reviewed	6667_reviewed	1
1017_reviewed	57695_reviewed	1
207_reviewed	1655_reviewed	1
84708_reviewed	57369_reviewed	1
23759_reviewed	91603_reviewed	1
55914_reviewed	2905_reviewed	1
3312_reviewed	9181_reviewed	1
7083_reviewed	333_reviewed	1
6175_reviewed	6191_reviewed	1
2735_reviewed	51684_reviewed	1
5245_reviewed	55379_reviewed	1
3396_reviewed	23107_reviewed	1
8243_reviewed	5347_reviewed	1
10592_reviewed	29781_reviewed	1
8945_reviewed	121536_reviewed	1
2626_reviewed	6667_reviewed	1
8452_reviewed	200845_reviewed	1
57180_reviewed	10095_reviewed	1
6777_reviewed	3717_reviewed	1
8539_reviewed	10212_reviewed	1
4609_reviewed	3182_reviewed	1
28957_reviewed	23107_reviewed	1
4609_reviewed	5371_reviewed	1
10618_reviewed	9276_reviewed	1
23065_reviewed	821_reviewed	1
409_reviewed	6949_reviewed	1
4609_reviewed	9188_reviewed	1
5692_reviewed	5719_reviewed	1
6749_reviewed	4172_reviewed	1
23097_reviewed	9477_reviewed	1
9837_reviewed	51659_reviewed	1
1499_reviewed	3308_reviewed	0
55664_reviewed	7514_reviewed	1
10477_reviewed	9604_reviewed	1
2091_reviewed	153443_reviewed	1
55048_reviewed	9146_reviewed	1
2801_reviewed	55702_reviewed	1
1017_reviewed	3326_reviewed	1
70_reviewed	7408_reviewed	1
339_reviewed	10492_reviewed	1
1956_reviewed	10527_reviewed	1
150684_reviewed	7027_reviewed	1
6881_reviewed	2648_reviewed	1
5499_reviewed	207_reviewed	1
4692_reviewed	23411_reviewed	1
7320_reviewed	23468_reviewed	1
2889_reviewed	2885_reviewed	1
83737_reviewed	80762_reviewed	1
2274_reviewed	8676_reviewed	0
1956_reviewed	1500_reviewed	1
11091_reviewed	10474_reviewed	1
57154_reviewed	8312_reviewed	1
9146_reviewed	387521_reviewed	1
4478_reviewed	80306_reviewed	0
3663_reviewed	2873_reviewed	1
5609_reviewed	7444_reviewed	0
4747_reviewed	55660_reviewed	0
84759_reviewed	79710_reviewed	1
7415_reviewed	7414_reviewed	1
23421_reviewed	55166_reviewed	1
6194_reviewed	55299_reviewed	1
3091_reviewed	2274_reviewed	1
8615_reviewed	6811_reviewed	1
4893_reviewed	8496_reviewed	1
5537_reviewed	3312_reviewed	1
1937_reviewed	333_reviewed	0
5501_reviewed	5158_reviewed	1
1956_reviewed	81_reviewed	1
3329_reviewed	79731_reviewed	1
2066_reviewed	6776_reviewed	1
4110_reviewed	114908_reviewed	1
8464_reviewed	93624_reviewed	1
7316_reviewed	55905_reviewed	1
51741_reviewed	821_reviewed	1
54556_reviewed	86_reviewed	1
5692_reviewed	5708_reviewed	1
51574_reviewed	5245_reviewed	1
6141_reviewed	6152_reviewed	1
7706_reviewed	4190_reviewed	1
1434_reviewed	3191_reviewed	1
8737_reviewed	7132_reviewed	1
1911_reviewed	22955_reviewed	1
89953_reviewed	64837_reviewed	1
51322_reviewed	9810_reviewed	1
476_reviewed	7417_reviewed	1
4602_reviewed	55294_reviewed	1
83737_reviewed	3191_reviewed	1
6314_reviewed	6883_reviewed	1
3981_reviewed	8836_reviewed	1
23291_reviewed	4343_reviewed	1
2771_reviewed	4188_reviewed	1
81624_reviewed	51517_reviewed	1
3184_reviewed	22907_reviewed	1
4221_reviewed	25942_reviewed	1
7415_reviewed	6314_reviewed	1
867_reviewed	7316_reviewed	1
3265_reviewed	9610_reviewed	1
80342_reviewed	29888_reviewed	1
1877_reviewed	2274_reviewed	1
999_reviewed	1499_reviewed	1
5685_reviewed	10213_reviewed	1
408_reviewed	4691_reviewed	1
4893_reviewed	29801_reviewed	1
51574_reviewed	3837_reviewed	1
2099_reviewed	857_reviewed	1
51666_reviewed	8065_reviewed	1
3805_reviewed	7189_reviewed	1
1731_reviewed	9212_reviewed	1
11140_reviewed	27330_reviewed	1
5371_reviewed	3164_reviewed	1
10452_reviewed	1537_reviewed	1
85369_reviewed	5518_reviewed	1
1650_reviewed	201595_reviewed	1
10127_reviewed	90933_reviewed	1
80173_reviewed	51098_reviewed	1
10477_reviewed	4281_reviewed	1
6400_reviewed	10525_reviewed	1
4791_reviewed	602_reviewed	1
5518_reviewed	29888_reviewed	1
7316_reviewed	1315_reviewed	1
408_reviewed	23168_reviewed	1
9422_reviewed	90933_reviewed	1
5861_reviewed	9230_reviewed	1
196513_reviewed	9530_reviewed	1
22820_reviewed	10972_reviewed	1
5684_reviewed	5690_reviewed	1
64343_reviewed	9683_reviewed	1
1432_reviewed	4155_reviewed	1
4927_reviewed	79171_reviewed	1
1820_reviewed	5371_reviewed	1
10048_reviewed	25852_reviewed	1
9055_reviewed	9493_reviewed	1
7266_reviewed	3305_reviewed	1
4609_reviewed	8237_reviewed	1
3320_reviewed	3297_reviewed	1
4739_reviewed	1398_reviewed	1
7284_reviewed	29093_reviewed	1
10915_reviewed	10946_reviewed	1
57787_reviewed	4137_reviewed	1
1602_reviewed	3725_reviewed	1
7415_reviewed	55139_reviewed	1
4790_reviewed	9325_reviewed	1
7403_reviewed	11091_reviewed	1
6199_reviewed	6132_reviewed	1
2322_reviewed	6503_reviewed	1
29128_reviewed	3065_reviewed	1
5705_reviewed	9690_reviewed	1
1200_reviewed	79991_reviewed	1
5599_reviewed	6885_reviewed	1
54585_reviewed	27241_reviewed	1
26528_reviewed	1617_reviewed	1
4110_reviewed	10495_reviewed	1
3191_reviewed	26065_reviewed	1
604_reviewed	25942_reviewed	1
23404_reviewed	5394_reviewed	1
440_reviewed	2617_reviewed	1
9020_reviewed	329_reviewed	1
6810_reviewed	134957_reviewed	1
8945_reviewed	1495_reviewed	1
51421_reviewed	54474_reviewed	1
3265_reviewed	3688_reviewed	1
1649_reviewed	3065_reviewed	1
26258_reviewed	84062_reviewed	1
5879_reviewed	8874_reviewed	1
51586_reviewed	9440_reviewed	1
3091_reviewed	1728_reviewed	1
355_reviewed	4217_reviewed	1
1653_reviewed	6118_reviewed	1
5111_reviewed	7468_reviewed	1
5728_reviewed	8650_reviewed	1
738_reviewed	51542_reviewed	1
57097_reviewed	55905_reviewed	1
5519_reviewed	5526_reviewed	0
6888_reviewed	7086_reviewed	1
55109_reviewed	55109_reviewed	1
8216_reviewed	8216_reviewed	1
10575_reviewed	10574_reviewed	1
4086_reviewed	28996_reviewed	1
4191_reviewed	871_reviewed	1
8450_reviewed	25942_reviewed	1
10625_reviewed	3191_reviewed	1
7179_reviewed	11331_reviewed	1
10159_reviewed	537_reviewed	1
894_reviewed	3024_reviewed	1
54708_reviewed	54708_reviewed	1
51699_reviewed	55737_reviewed	1
64210_reviewed	5471_reviewed	1
4233_reviewed	1634_reviewed	1
10673_reviewed	79902_reviewed	1
7186_reviewed	92610_reviewed	1
3178_reviewed	51253_reviewed	1
26060_reviewed	51094_reviewed	1
255743_reviewed	8516_reviewed	1
220134_reviewed	5705_reviewed	1
23371_reviewed	23172_reviewed	1
55975_reviewed	7316_reviewed	1
28951_reviewed	8945_reviewed	1
5579_reviewed	4001_reviewed	1
23097_reviewed	112950_reviewed	1
5685_reviewed	7415_reviewed	1
5071_reviewed	5700_reviewed	1
4722_reviewed	4729_reviewed	1
3663_reviewed	3663_reviewed	1
5801_reviewed	5598_reviewed	1
1033_reviewed	9475_reviewed	1
2010_reviewed	89885_reviewed	1
6118_reviewed	7156_reviewed	1
8837_reviewed	8772_reviewed	1
9903_reviewed	90293_reviewed	1
10128_reviewed	9361_reviewed	1
867_reviewed	6464_reviewed	1
4869_reviewed	5704_reviewed	1
10273_reviewed	55787_reviewed	1
1612_reviewed	8678_reviewed	1
4067_reviewed	2057_reviewed	1
892_reviewed	902_reviewed	1
50628_reviewed	11218_reviewed	1
8312_reviewed	4609_reviewed	1
54512_reviewed	5393_reviewed	1
23411_reviewed	7289_reviewed	1
192669_reviewed	27161_reviewed	1
9532_reviewed	10454_reviewed	1
9097_reviewed	5707_reviewed	1
4692_reviewed	3091_reviewed	1
8204_reviewed	8841_reviewed	1
10189_reviewed	9343_reviewed	1
6434_reviewed	27316_reviewed	1
10963_reviewed	3320_reviewed	1
8065_reviewed	10987_reviewed	1
5707_reviewed	11047_reviewed	1
10724_reviewed	8473_reviewed	1
3091_reviewed	22933_reviewed	1
6144_reviewed	6147_reviewed	1
2119_reviewed	64326_reviewed	1
3299_reviewed	9135_reviewed	1
1956_reviewed	6772_reviewed	1
6143_reviewed	6189_reviewed	1
55844_reviewed	51400_reviewed	1
29945_reviewed	81930_reviewed	1
10524_reviewed	26122_reviewed	1
196483_reviewed	1938_reviewed	1
1173_reviewed	10900_reviewed	1
79132_reviewed	3692_reviewed	1
8556_reviewed	5347_reviewed	1
3066_reviewed	23199_reviewed	1
23462_reviewed	4841_reviewed	1
7353_reviewed	27243_reviewed	1
25820_reviewed	11016_reviewed	1
9500_reviewed	9915_reviewed	1
4211_reviewed	5087_reviewed	1
5170_reviewed	84433_reviewed	1
1398_reviewed	867_reviewed	1
836_reviewed	835_reviewed	1
6647_reviewed	6648_reviewed	1
7189_reviewed	3091_reviewed	1
25913_reviewed	26277_reviewed	1
10971_reviewed	6428_reviewed	1
5580_reviewed	3009_reviewed	1
5806_reviewed	2247_reviewed	1
1956_reviewed	3187_reviewed	1
6201_reviewed	6203_reviewed	1
9802_reviewed	130617_reviewed	1
5501_reviewed	65979_reviewed	1
151987_reviewed	10262_reviewed	1
2885_reviewed	23607_reviewed	1
10551_reviewed	5725_reviewed	1
328_reviewed	6950_reviewed	1
51073_reviewed	64978_reviewed	1
23028_reviewed	7750_reviewed	1
3661_reviewed	9868_reviewed	1
3178_reviewed	26986_reviewed	1
7068_reviewed	7068_reviewed	1
868_reviewed	868_reviewed	1
3312_reviewed	27_reviewed	1
8878_reviewed	8453_reviewed	1
6045_reviewed	80012_reviewed	1
7186_reviewed	5610_reviewed	1
1457_reviewed	7343_reviewed	1
7316_reviewed	53347_reviewed	1
3665_reviewed	10155_reviewed	1
5781_reviewed	9021_reviewed	1
10403_reviewed	83540_reviewed	1
80726_reviewed	84445_reviewed	1
49856_reviewed	79596_reviewed	1
7531_reviewed	10856_reviewed	1
5230_reviewed	8260_reviewed	1
9924_reviewed	10574_reviewed	1
5034_reviewed	813_reviewed	1
80124_reviewed	165324_reviewed	1
7052_reviewed	7052_reviewed	1
2099_reviewed	5594_reviewed	1
152559_reviewed	1643_reviewed	1
7385_reviewed	4714_reviewed	1
9444_reviewed	92906_reviewed	1
5701_reviewed	10694_reviewed	1
1445_reviewed	4792_reviewed	0
9031_reviewed	4641_reviewed	1
6949_reviewed	1460_reviewed	1
1499_reviewed	57154_reviewed	1
826_reviewed	7398_reviewed	1
79184_reviewed	7157_reviewed	1
10971_reviewed	3315_reviewed	1
10551_reviewed	2923_reviewed	1
10811_reviewed	4689_reviewed	0
84733_reviewed	6015_reviewed	1
5709_reviewed	5710_reviewed	1
7013_reviewed	26272_reviewed	1
3718_reviewed	3561_reviewed	1
3396_reviewed	28957_reviewed	1
8837_reviewed	8737_reviewed	1
23746_reviewed	3312_reviewed	1
5733_reviewed	4289_reviewed	1
29914_reviewed	3156_reviewed	1
9112_reviewed	7329_reviewed	1
30_reviewed	847_reviewed	1
55006_reviewed	326625_reviewed	1
8439_reviewed	10399_reviewed	1
27289_reviewed	5977_reviewed	0
7157_reviewed	5610_reviewed	1
246175_reviewed	4849_reviewed	1
5359_reviewed	11052_reviewed	1
7428_reviewed	7203_reviewed	1
3845_reviewed	57720_reviewed	1
4688_reviewed	1535_reviewed	1
51741_reviewed	23451_reviewed	1
10783_reviewed	468_reviewed	1
5886_reviewed	5071_reviewed	1
5693_reviewed	5682_reviewed	1
51185_reviewed	27161_reviewed	1
166_reviewed	83746_reviewed	1
8408_reviewed	5571_reviewed	1
11140_reviewed	2241_reviewed	1
114609_reviewed	57003_reviewed	1
11016_reviewed	6883_reviewed	1
65018_reviewed	7415_reviewed	1
5048_reviewed	5050_reviewed	1
3178_reviewed	1147_reviewed	1
11200_reviewed	25898_reviewed	1
6625_reviewed	6625_reviewed	1
3866_reviewed	55758_reviewed	1
5737_reviewed	185_reviewed	1
8451_reviewed	7982_reviewed	1
123169_reviewed	6829_reviewed	1
5580_reviewed	5170_reviewed	1
2885_reviewed	1759_reviewed	1
1616_reviewed	55929_reviewed	1
6714_reviewed	2100_reviewed	1
25842_reviewed	4171_reviewed	1
2521_reviewed	3190_reviewed	1
55844_reviewed	51278_reviewed	1
9306_reviewed	23038_reviewed	1
51377_reviewed	10213_reviewed	1
254394_reviewed	5985_reviewed	1
6877_reviewed	6882_reviewed	1
10921_reviewed	26019_reviewed	1
8450_reviewed	7089_reviewed	1
3689_reviewed	7529_reviewed	1
433_reviewed	26270_reviewed	1
9146_reviewed	93233_reviewed	1
6194_reviewed	6202_reviewed	1
9223_reviewed	1499_reviewed	1
10618_reviewed	509_reviewed	1
80854_reviewed	4654_reviewed	1
5966_reviewed	4794_reviewed	1
5193_reviewed	5192_reviewed	1
7703_reviewed	1911_reviewed	1
282809_reviewed	84140_reviewed	1
25852_reviewed	1495_reviewed	1
143471_reviewed	5691_reviewed	1
1739_reviewed	8825_reviewed	1
8850_reviewed	8626_reviewed	1
1956_reviewed	367_reviewed	1
6134_reviewed	6143_reviewed	1
54878_reviewed	10785_reviewed	1
6675_reviewed	6675_reviewed	1
1019_reviewed	1032_reviewed	1
84129_reviewed	26043_reviewed	1
4591_reviewed	55388_reviewed	1
9039_reviewed	9039_reviewed	1
6118_reviewed	983_reviewed	1
5690_reviewed	5718_reviewed	1
9319_reviewed	9587_reviewed	1
55236_reviewed	3069_reviewed	1
5565_reviewed	28999_reviewed	1
8861_reviewed	51132_reviewed	1
6749_reviewed	4171_reviewed	1
5371_reviewed	9372_reviewed	1
4067_reviewed	59341_reviewed	1
1956_reviewed	22822_reviewed	1
4090_reviewed	51177_reviewed	1
5048_reviewed	10300_reviewed	1
5686_reviewed	5691_reviewed	1
4090_reviewed	57154_reviewed	1
6885_reviewed	5562_reviewed	1
388585_reviewed	6774_reviewed	1
2091_reviewed	6139_reviewed	1
663_reviewed	663_reviewed	1
2801_reviewed	7329_reviewed	1
658_reviewed	7040_reviewed	0
8945_reviewed	9693_reviewed	1
2308_reviewed	3172_reviewed	1
9564_reviewed	5747_reviewed	1
51747_reviewed	10482_reviewed	1
6829_reviewed	9646_reviewed	1
23390_reviewed	26286_reviewed	1
83737_reviewed	11051_reviewed	1
4193_reviewed	2274_reviewed	1
999_reviewed	3065_reviewed	1
6774_reviewed	3066_reviewed	1
3845_reviewed	10298_reviewed	1
11100_reviewed	55660_reviewed	1
2321_reviewed	7424_reviewed	0
6521_reviewed	762_reviewed	1
5515_reviewed	10574_reviewed	1
27185_reviewed	80254_reviewed	1
4715_reviewed	4719_reviewed	1
5162_reviewed	8050_reviewed	1
55663_reviewed	84307_reviewed	1
6118_reviewed	3980_reviewed	1
6195_reviewed	5774_reviewed	1
8440_reviewed	5747_reviewed	1
1956_reviewed	3308_reviewed	1
5152_reviewed	84457_reviewed	1
23586_reviewed	23586_reviewed	1
27248_reviewed	51465_reviewed	1
2395_reviewed	55658_reviewed	1
1616_reviewed	5971_reviewed	1
821_reviewed	7841_reviewed	1
3837_reviewed	5901_reviewed	1
55844_reviewed	10576_reviewed	1
10273_reviewed	7325_reviewed	1
1535_reviewed	10513_reviewed	1
9958_reviewed	26121_reviewed	1
9131_reviewed	25902_reviewed	1
340061_reviewed	3428_reviewed	1
3315_reviewed	4000_reviewed	0
1407_reviewed	26271_reviewed	0
84172_reviewed	9533_reviewed	1
84458_reviewed	1316_reviewed	1
8517_reviewed	11140_reviewed	1
659_reviewed	652_reviewed	1
7337_reviewed	5684_reviewed	1
84078_reviewed	387338_reviewed	1
6103_reviewed	8243_reviewed	1
2099_reviewed	6202_reviewed	1
22841_reviewed	22841_reviewed	1
6804_reviewed	8773_reviewed	1
5071_reviewed	898_reviewed	1
267_reviewed	51009_reviewed	1
10576_reviewed	10574_reviewed	1
55257_reviewed	10856_reviewed	1
84140_reviewed	220082_reviewed	1
571_reviewed	23764_reviewed	1
7277_reviewed	23295_reviewed	1
10992_reviewed	118924_reviewed	1
7803_reviewed	3141_reviewed	1
54799_reviewed	10856_reviewed	1
56257_reviewed	10644_reviewed	1
79084_reviewed	4086_reviewed	1
11244_reviewed	4747_reviewed	0
8667_reviewed	8668_reviewed	1
10992_reviewed	23451_reviewed	1
10856_reviewed	8409_reviewed	1
51154_reviewed	9343_reviewed	1
4914_reviewed	4804_reviewed	1
598_reviewed	5883_reviewed	1
2321_reviewed	7423_reviewed	1
7324_reviewed	79594_reviewed	1
10551_reviewed	302_reviewed	1
11338_reviewed	27339_reviewed	1
6310_reviewed	6310_reviewed	1
6678_reviewed	7422_reviewed	1
10286_reviewed	27339_reviewed	1
6432_reviewed	51631_reviewed	1
1656_reviewed	6311_reviewed	1
80306_reviewed	54797_reviewed	1
3090_reviewed	23119_reviewed	1
57379_reviewed	56259_reviewed	1
55274_reviewed	83746_reviewed	1
9282_reviewed	9440_reviewed	1
201176_reviewed	30011_reviewed	1
10459_reviewed	11335_reviewed	1
10277_reviewed	4193_reviewed	1
55233_reviewed	60485_reviewed	1
5709_reviewed	5714_reviewed	1
4193_reviewed	6135_reviewed	1
7316_reviewed	8454_reviewed	1
3265_reviewed	1956_reviewed	1
9049_reviewed	55172_reviewed	1
2810_reviewed	10980_reviewed	1
5241_reviewed	7337_reviewed	1
3609_reviewed	3608_reviewed	1
4171_reviewed	4998_reviewed	0
201456_reviewed	54675_reviewed	1
991_reviewed	8881_reviewed	1
8819_reviewed	3621_reviewed	1
2521_reviewed	6421_reviewed	1
5460_reviewed	5460_reviewed	1
6135_reviewed	6187_reviewed	1
4193_reviewed	1869_reviewed	1
5245_reviewed	374291_reviewed	1
5784_reviewed	51138_reviewed	1
84893_reviewed	5888_reviewed	1
6615_reviewed	55294_reviewed	1
4747_reviewed	5764_reviewed	0
54534_reviewed	84545_reviewed	1
3320_reviewed	9817_reviewed	1
5036_reviewed	2521_reviewed	1
55846_reviewed	144577_reviewed	1
5631_reviewed	5636_reviewed	1
23413_reviewed	1813_reviewed	1
56339_reviewed	4686_reviewed	1
8454_reviewed	123228_reviewed	1
8409_reviewed	367_reviewed	1
4113_reviewed	3065_reviewed	1
9482_reviewed	10488_reviewed	1
6949_reviewed	1457_reviewed	1
6208_reviewed	6203_reviewed	1
5071_reviewed	8737_reviewed	1
164_reviewed	11276_reviewed	1
1457_reviewed	1457_reviewed	1
7443_reviewed	4691_reviewed	1
10236_reviewed	51574_reviewed	1
823_reviewed	6774_reviewed	1
6885_reviewed	257397_reviewed	1
25827_reviewed	8454_reviewed	1
253725_reviewed	23325_reviewed	1
10155_reviewed	5531_reviewed	1
5093_reviewed	10155_reviewed	1
6314_reviewed	55722_reviewed	1
6293_reviewed	51542_reviewed	1
23028_reviewed	23028_reviewed	1
10342_reviewed	22872_reviewed	1
83990_reviewed	2177_reviewed	1
2146_reviewed	121536_reviewed	1
1956_reviewed	30011_reviewed	1
7874_reviewed	63967_reviewed	1
93426_reviewed	220082_reviewed	1
79577_reviewed	80321_reviewed	1
4914_reviewed	7189_reviewed	1
23299_reviewed	1780_reviewed	1
4171_reviewed	5000_reviewed	0
10153_reviewed	4801_reviewed	1
64145_reviewed	5867_reviewed	1
25820_reviewed	253980_reviewed	1
5104_reviewed	354_reviewed	1
79155_reviewed	10807_reviewed	1
6464_reviewed	5295_reviewed	1
7205_reviewed	117144_reviewed	1
7329_reviewed	23426_reviewed	1
112752_reviewed	57539_reviewed	1
150684_reviewed	57020_reviewed	1
7283_reviewed	3320_reviewed	1
7132_reviewed	9530_reviewed	1
23142_reviewed	8451_reviewed	1
30845_reviewed	10938_reviewed	1
162989_reviewed	8837_reviewed	1
4067_reviewed	9564_reviewed	1
84101_reviewed	6907_reviewed	1
367_reviewed	79723_reviewed	1
5599_reviewed	7157_reviewed	1
8148_reviewed	5432_reviewed	1
3964_reviewed	8887_reviewed	1
3265_reviewed	26524_reviewed	1
54764_reviewed	55917_reviewed	1
6135_reviewed	83743_reviewed	1
5340_reviewed	3315_reviewed	1
55844_reviewed	22948_reviewed	1
25_reviewed	5888_reviewed	1
55603_reviewed	22862_reviewed	1
11124_reviewed	54468_reviewed	1
10817_reviewed	10817_reviewed	1
9448_reviewed	2635_reviewed	1
8454_reviewed	5692_reviewed	1
7189_reviewed	51177_reviewed	1
4088_reviewed	4734_reviewed	1
3692_reviewed	6133_reviewed	1
6141_reviewed	6124_reviewed	1
10818_reviewed	10211_reviewed	1
4613_reviewed	4904_reviewed	1
1499_reviewed	26135_reviewed	1
4898_reviewed	8841_reviewed	1
26088_reviewed	26088_reviewed	1
10476_reviewed	51142_reviewed	1
4715_reviewed	7417_reviewed	1
51122_reviewed	54951_reviewed	1
5866_reviewed	5866_reviewed	1
7001_reviewed	1808_reviewed	1
7020_reviewed	7520_reviewed	1
10524_reviewed	80314_reviewed	1
1956_reviewed	995_reviewed	1
2273_reviewed	995_reviewed	1
695_reviewed	7454_reviewed	1
5075_reviewed	4222_reviewed	1
84988_reviewed	22827_reviewed	1
23197_reviewed	8453_reviewed	1
1788_reviewed	7709_reviewed	1
7431_reviewed	11143_reviewed	1
990_reviewed	890_reviewed	1
3308_reviewed	5970_reviewed	1
94005_reviewed	51604_reviewed	1
3066_reviewed	3516_reviewed	0
23397_reviewed	64151_reviewed	1
4914_reviewed	23163_reviewed	1
7091_reviewed	5452_reviewed	1
114991_reviewed	115426_reviewed	1
203076_reviewed	23028_reviewed	1
1643_reviewed	51138_reviewed	1
5885_reviewed	4176_reviewed	1
7532_reviewed	4194_reviewed	1
9131_reviewed	55735_reviewed	1
5781_reviewed	6772_reviewed	1
5686_reviewed	5708_reviewed	1
57129_reviewed	29074_reviewed	1
5688_reviewed	5696_reviewed	1
56950_reviewed	7157_reviewed	1
5371_reviewed	10197_reviewed	1
138639_reviewed	5515_reviewed	1
80824_reviewed	5599_reviewed	1
7428_reviewed	5338_reviewed	1
11235_reviewed	80143_reviewed	1
8837_reviewed	836_reviewed	1
7068_reviewed	5705_reviewed	1
5728_reviewed	818_reviewed	1
4193_reviewed	7528_reviewed	1
1650_reviewed	821_reviewed	1
4534_reviewed	9784_reviewed	1
3065_reviewed	23028_reviewed	1
3091_reviewed	6714_reviewed	1
84733_reviewed	10197_reviewed	1
23172_reviewed	6472_reviewed	1
170463_reviewed	23648_reviewed	1
4609_reviewed	9877_reviewed	1
3717_reviewed	7006_reviewed	1
10320_reviewed	5928_reviewed	1
83593_reviewed	6789_reviewed	1
6625_reviewed	7818_reviewed	1
8607_reviewed	7329_reviewed	1
8554_reviewed	6772_reviewed	1
84676_reviewed	7137_reviewed	1
6820_reviewed	130540_reviewed	1
25793_reviewed	8454_reviewed	1
8379_reviewed	991_reviewed	1
6047_reviewed	6310_reviewed	1
80149_reviewed	80149_reviewed	1
5693_reviewed	5684_reviewed	1
6133_reviewed	6191_reviewed	1
58484_reviewed	58484_reviewed	1
5987_reviewed	5987_reviewed	1
2626_reviewed	1482_reviewed	1
51300_reviewed	51103_reviewed	1
55143_reviewed	3619_reviewed	1
9129_reviewed	26121_reviewed	1
3932_reviewed	8631_reviewed	1
1201_reviewed	8813_reviewed	1
5218_reviewed	219771_reviewed	1
329_reviewed	192111_reviewed	1
4299_reviewed	904_reviewed	1
149951_reviewed	54951_reviewed	1
6850_reviewed	7409_reviewed	1
79083_reviewed	5873_reviewed	1
25_reviewed	5688_reviewed	1
80010_reviewed	641_reviewed	1
9128_reviewed	64852_reviewed	1
51592_reviewed	4089_reviewed	1
4287_reviewed	7157_reviewed	1
70_reviewed	5756_reviewed	1
3091_reviewed	7422_reviewed	1
112869_reviewed	57325_reviewed	1
998_reviewed	331_reviewed	1
6667_reviewed	4790_reviewed	1
10014_reviewed	6907_reviewed	1
23588_reviewed	7398_reviewed	1
10551_reviewed	301_reviewed	1
51765_reviewed	80143_reviewed	1
27339_reviewed	56949_reviewed	1
958_reviewed	7189_reviewed	1
10551_reviewed	338785_reviewed	1
2992_reviewed	8908_reviewed	1
10621_reviewed	8899_reviewed	1
5594_reviewed	57521_reviewed	1
8666_reviewed	1983_reviewed	1
5896_reviewed	5897_reviewed	1
22933_reviewed	6301_reviewed	1
5728_reviewed	9045_reviewed	1
89891_reviewed	7189_reviewed	1
10014_reviewed	2874_reviewed	1
2690_reviewed	1154_reviewed	1
29855_reviewed	6598_reviewed	1
6132_reviewed	3921_reviewed	1
3192_reviewed	117246_reviewed	1
5434_reviewed	8725_reviewed	1
5245_reviewed	539_reviewed	1
10987_reviewed	1017_reviewed	1
6152_reviewed	6129_reviewed	1
378884_reviewed	5507_reviewed	1
5034_reviewed	5034_reviewed	1
2932_reviewed	367_reviewed	1
10589_reviewed	1810_reviewed	1
6733_reviewed	10929_reviewed	1
4849_reviewed	55422_reviewed	0
9306_reviewed	8697_reviewed	1
2130_reviewed	3066_reviewed	1
7345_reviewed	208_reviewed	1
5685_reviewed	5694_reviewed	1
5499_reviewed	11331_reviewed	1
22976_reviewed	51726_reviewed	1
5198_reviewed	22929_reviewed	1
2104_reviewed	8648_reviewed	1
23586_reviewed	5537_reviewed	1
3065_reviewed	604_reviewed	1
54940_reviewed	10989_reviewed	1
353497_reviewed	56852_reviewed	1
7157_reviewed	2648_reviewed	1
10956_reviewed	51148_reviewed	1
51138_reviewed	83878_reviewed	1
26994_reviewed	2060_reviewed	1
6199_reviewed	673_reviewed	1
26207_reviewed	57085_reviewed	1
6138_reviewed	6128_reviewed	1
6502_reviewed	8555_reviewed	1
2821_reviewed	267_reviewed	1
3183_reviewed	3845_reviewed	1
6133_reviewed	6194_reviewed	1
83746_reviewed	132660_reviewed	1
7529_reviewed	5605_reviewed	1
23411_reviewed	1460_reviewed	1
2521_reviewed	3185_reviewed	1
57506_reviewed	83737_reviewed	1
958_reviewed	11124_reviewed	1
3066_reviewed	55758_reviewed	1
6625_reviewed	8454_reviewed	1
351_reviewed	3437_reviewed	1
841_reviewed	8452_reviewed	1
8819_reviewed	3066_reviewed	1
2781_reviewed	2139_reviewed	1
1956_reviewed	57650_reviewed	1
6631_reviewed	8241_reviewed	1
80306_reviewed	29079_reviewed	1
29761_reviewed	83892_reviewed	1
4152_reviewed	6839_reviewed	1
6885_reviewed	1540_reviewed	1
5888_reviewed	5970_reviewed	1
63943_reviewed	10376_reviewed	1
3093_reviewed	7316_reviewed	1
23770_reviewed	3320_reviewed	1
6338_reviewed	6337_reviewed	1
57798_reviewed	5931_reviewed	1
55697_reviewed	351_reviewed	1
6625_reviewed	55339_reviewed	1
23186_reviewed	10362_reviewed	1
8740_reviewed	7187_reviewed	1
3667_reviewed	7343_reviewed	1
9918_reviewed	10592_reviewed	1
56915_reviewed	56915_reviewed	0
54623_reviewed	9646_reviewed	1
5771_reviewed	54732_reviewed	1
22806_reviewed	861_reviewed	1
5775_reviewed	10524_reviewed	1
51566_reviewed	84232_reviewed	1
5095_reviewed	5096_reviewed	1
1385_reviewed	1390_reviewed	1
7572_reviewed	54925_reviewed	1
55233_reviewed	5537_reviewed	1
7337_reviewed	55662_reviewed	1
3163_reviewed	506_reviewed	1
84978_reviewed	57613_reviewed	1
3312_reviewed	7846_reviewed	1
25842_reviewed	4678_reviewed	1
5071_reviewed	23435_reviewed	1
4092_reviewed	23645_reviewed	1
573_reviewed	5987_reviewed	1
8522_reviewed	8522_reviewed	1
3337_reviewed	3312_reviewed	1
1912_reviewed	1912_reviewed	1
85015_reviewed	2067_reviewed	1
515_reviewed	498_reviewed	1
834_reviewed	3553_reviewed	1
5501_reviewed	10013_reviewed	1
1869_reviewed	1022_reviewed	1
143425_reviewed	10492_reviewed	1
22868_reviewed	26995_reviewed	1
7334_reviewed	10425_reviewed	1
10513_reviewed	84219_reviewed	1
1080_reviewed	55210_reviewed	1
6045_reviewed	55626_reviewed	1
8408_reviewed	5562_reviewed	1
23109_reviewed	87_reviewed	1
867_reviewed	26578_reviewed	1
6477_reviewed	8554_reviewed	1
10492_reviewed	4904_reviewed	1
55723_reviewed	253714_reviewed	1
7415_reviewed	5707_reviewed	1
10287_reviewed	2781_reviewed	1
10521_reviewed	51729_reviewed	1
1454_reviewed	1856_reviewed	1
6129_reviewed	6202_reviewed	1
7337_reviewed	4335_reviewed	1
988_reviewed	5499_reviewed	1
5518_reviewed	92105_reviewed	1
9896_reviewed	55697_reviewed	1
7132_reviewed	3716_reviewed	1
10013_reviewed	156_reviewed	1
2998_reviewed	4193_reviewed	1
6048_reviewed	6048_reviewed	1
8651_reviewed	2322_reviewed	1
1956_reviewed	55705_reviewed	1
10848_reviewed	6667_reviewed	1
6139_reviewed	6188_reviewed	1
64839_reviewed	571_reviewed	1
5683_reviewed	8624_reviewed	1
10921_reviewed	6732_reviewed	1
5422_reviewed	5557_reviewed	1
29979_reviewed	653808_reviewed	1
79155_reviewed	154796_reviewed	1
51652_reviewed	51652_reviewed	1
1789_reviewed	3065_reviewed	1
3659_reviewed	10155_reviewed	1
9781_reviewed	1956_reviewed	1
6811_reviewed	9570_reviewed	1
8440_reviewed	916_reviewed	1
4849_reviewed	7551_reviewed	0
84612_reviewed	5879_reviewed	1
25975_reviewed	6456_reviewed	1
226_reviewed	5230_reviewed	1
116092_reviewed	91748_reviewed	1
4673_reviewed	23481_reviewed	1
5830_reviewed	84129_reviewed	1
9045_reviewed	6128_reviewed	1
10920_reviewed	80344_reviewed	1
7328_reviewed	25852_reviewed	1
7025_reviewed	6667_reviewed	1
142_reviewed	7520_reviewed	1
2034_reviewed	54583_reviewed	1
27005_reviewed	7316_reviewed	1
1122_reviewed	5861_reviewed	1
10015_reviewed	57630_reviewed	1
80153_reviewed	23644_reviewed	1
4137_reviewed	3312_reviewed	1
4193_reviewed	1642_reviewed	1
6815_reviewed	3836_reviewed	1
868_reviewed	7535_reviewed	1
23387_reviewed	23118_reviewed	1
121441_reviewed	10575_reviewed	1
7486_reviewed	142_reviewed	1
580_reviewed	3964_reviewed	1
4869_reviewed	10514_reviewed	1
3090_reviewed	2122_reviewed	1
7528_reviewed	79913_reviewed	1
9531_reviewed	9516_reviewed	1
90102_reviewed	7874_reviewed	1
991_reviewed	8900_reviewed	1
5599_reviewed	3164_reviewed	1
30818_reviewed	1488_reviewed	1
7538_reviewed	10971_reviewed	1
23677_reviewed	1759_reviewed	1
51574_reviewed	64852_reviewed	1
11338_reviewed	3184_reviewed	1
80306_reviewed	112950_reviewed	1
2886_reviewed	259215_reviewed	1
6638_reviewed	6625_reviewed	1
100506658_reviewed	163183_reviewed	1
4000_reviewed	9883_reviewed	1
2321_reviewed	25759_reviewed	1
4193_reviewed	8557_reviewed	1
8408_reviewed	11140_reviewed	1
4811_reviewed	4811_reviewed	1
10551_reviewed	6134_reviewed	1
367_reviewed	9733_reviewed	1
2274_reviewed	54971_reviewed	1
4287_reviewed	7316_reviewed	1
29997_reviewed	7157_reviewed	1
23517_reviewed	54512_reviewed	0
7332_reviewed	7332_reviewed	1
5300_reviewed	8772_reviewed	1
91526_reviewed	55662_reviewed	1
9111_reviewed	6776_reviewed	1
943_reviewed	7186_reviewed	1
25843_reviewed	80143_reviewed	1
10016_reviewed	10016_reviewed	1
4734_reviewed	9146_reviewed	1
10989_reviewed	4704_reviewed	1
1956_reviewed	26095_reviewed	1
8450_reviewed	10607_reviewed	1
7529_reviewed	221937_reviewed	1
26263_reviewed	6615_reviewed	1
51160_reviewed	51562_reviewed	1
5883_reviewed	6117_reviewed	1
2653_reviewed	9111_reviewed	1
374291_reviewed	5163_reviewed	1
6449_reviewed	9532_reviewed	1
79892_reviewed	84515_reviewed	1
8450_reviewed	27288_reviewed	1
7528_reviewed	2146_reviewed	1
3184_reviewed	3184_reviewed	1
5308_reviewed	1499_reviewed	1
6130_reviewed	6187_reviewed	1
10755_reviewed	23677_reviewed	1
5074_reviewed	5663_reviewed	0
54969_reviewed	9555_reviewed	1
7124_reviewed	27429_reviewed	1
2078_reviewed	6421_reviewed	1
10933_reviewed	10902_reviewed	1
8975_reviewed	9126_reviewed	1
378_reviewed	25898_reviewed	1
56949_reviewed	57461_reviewed	1
8932_reviewed	5931_reviewed	1
9958_reviewed	26031_reviewed	1
5036_reviewed	4193_reviewed	1
388324_reviewed	84289_reviewed	1
55763_reviewed	10640_reviewed	1
5071_reviewed	3098_reviewed	1
7329_reviewed	9101_reviewed	1
253714_reviewed	4175_reviewed	1
7189_reviewed	5663_reviewed	1
5828_reviewed	8799_reviewed	0
5728_reviewed	23252_reviewed	1
6175_reviewed	6152_reviewed	1
3065_reviewed	56946_reviewed	1
4792_reviewed	5971_reviewed	1
2954_reviewed	2954_reviewed	1
3454_reviewed	6472_reviewed	1
6130_reviewed	6193_reviewed	1
56257_reviewed	10694_reviewed	1
6772_reviewed	467_reviewed	1
867_reviewed	1436_reviewed	1
200734_reviewed	4077_reviewed	1
10464_reviewed	3566_reviewed	0
3728_reviewed	6908_reviewed	1
6389_reviewed	4723_reviewed	1
2099_reviewed	4869_reviewed	1
56924_reviewed	5879_reviewed	1
5594_reviewed	5609_reviewed	1
5245_reviewed	4171_reviewed	1
387893_reviewed	5111_reviewed	1
64400_reviewed	84067_reviewed	1
2960_reviewed	2959_reviewed	1
407_reviewed	84838_reviewed	1
4800_reviewed	6908_reviewed	0
3065_reviewed	10318_reviewed	1
7112_reviewed	9782_reviewed	1
7706_reviewed	7520_reviewed	1
6045_reviewed	10389_reviewed	1
92104_reviewed	28981_reviewed	1
6657_reviewed	50804_reviewed	1
8678_reviewed	7189_reviewed	1
11030_reviewed	113878_reviewed	1
23411_reviewed	9759_reviewed	1
1956_reviewed	821_reviewed	1
2932_reviewed	4779_reviewed	1
995_reviewed	5594_reviewed	1
5601_reviewed	10262_reviewed	1
25898_reviewed	58477_reviewed	1
2191_reviewed	11160_reviewed	1
5971_reviewed	4794_reviewed	1
9276_reviewed	11316_reviewed	1
8861_reviewed	863_reviewed	1
3312_reviewed	5499_reviewed	1
51574_reviewed	1915_reviewed	1
6141_reviewed	6175_reviewed	1
3312_reviewed	6191_reviewed	1
7345_reviewed	3320_reviewed	1
3897_reviewed	2260_reviewed	1
2130_reviewed	79869_reviewed	1
2081_reviewed	3320_reviewed	1
7529_reviewed	5604_reviewed	1
23650_reviewed	10856_reviewed	1
7415_reviewed	79058_reviewed	1
29950_reviewed	80854_reviewed	1
10399_reviewed	5581_reviewed	1
5434_reviewed	10623_reviewed	1
7528_reviewed	51377_reviewed	1
292_reviewed	291_reviewed	1
80725_reviewed	6616_reviewed	1
8626_reviewed	3190_reviewed	1
10078_reviewed	25980_reviewed	1
4100_reviewed	54471_reviewed	1
4641_reviewed	55898_reviewed	1
8517_reviewed	84875_reviewed	1
9274_reviewed	86_reviewed	1
1111_reviewed	1457_reviewed	1
29979_reviewed	2060_reviewed	1
4609_reviewed	26269_reviewed	1
3315_reviewed	26136_reviewed	1
7329_reviewed	3741_reviewed	1
6591_reviewed	3066_reviewed	1
6175_reviewed	3921_reviewed	1
367_reviewed	6774_reviewed	1
4259_reviewed	10452_reviewed	1
6135_reviewed	6128_reviewed	1
140460_reviewed	51666_reviewed	1
8878_reviewed	142_reviewed	1
4609_reviewed	11056_reviewed	1
79447_reviewed	11091_reviewed	1
7337_reviewed	5686_reviewed	1
4609_reviewed	9093_reviewed	1
27185_reviewed	22803_reviewed	1
3297_reviewed	9112_reviewed	1
1630_reviewed	7430_reviewed	1
89122_reviewed	89122_reviewed	1
4848_reviewed	9337_reviewed	1
3609_reviewed	6147_reviewed	1
2146_reviewed	23528_reviewed	1
1488_reviewed	8715_reviewed	1
348995_reviewed	57122_reviewed	1
5080_reviewed	367_reviewed	1
1869_reviewed	7157_reviewed	1
8379_reviewed	3065_reviewed	1
1861_reviewed	1861_reviewed	1
7536_reviewed	9343_reviewed	1
5495_reviewed	5468_reviewed	1
84321_reviewed	79228_reviewed	1
93343_reviewed	30011_reviewed	1
10413_reviewed	25_reviewed	1
55670_reviewed	5189_reviewed	1
91137_reviewed	10989_reviewed	1
4736_reviewed	9045_reviewed	1
54715_reviewed	1822_reviewed	1
126626_reviewed	7027_reviewed	0
5152_reviewed	22954_reviewed	1
387357_reviewed	55170_reviewed	1
2923_reviewed	6774_reviewed	1
23435_reviewed	10399_reviewed	1
9971_reviewed	6257_reviewed	1
7469_reviewed	51497_reviewed	1
3091_reviewed	23633_reviewed	1
3551_reviewed	5499_reviewed	1
3717_reviewed	6774_reviewed	1
6124_reviewed	6194_reviewed	1
11091_reviewed	54934_reviewed	1
712_reviewed	5879_reviewed	1
6497_reviewed	6497_reviewed	1
7266_reviewed	55764_reviewed	1
90293_reviewed	9212_reviewed	1
1813_reviewed	5074_reviewed	1
79727_reviewed	51808_reviewed	1
7586_reviewed	54925_reviewed	1
354_reviewed	367_reviewed	1
54472_reviewed	23089_reviewed	1
9636_reviewed	11274_reviewed	1
768_reviewed	3673_reviewed	1
51363_reviewed	821_reviewed	1
6130_reviewed	6203_reviewed	1
4609_reviewed	6117_reviewed	1
80789_reviewed	25896_reviewed	1
3028_reviewed	226_reviewed	1
54583_reviewed	3326_reviewed	1
79003_reviewed	11130_reviewed	1
6141_reviewed	6203_reviewed	1
55054_reviewed	55054_reviewed	1
4439_reviewed	2874_reviewed	1
54443_reviewed	387_reviewed	1
9782_reviewed	103_reviewed	1
1072_reviewed	10449_reviewed	1
11130_reviewed	9107_reviewed	1
11338_reviewed	9343_reviewed	1
51176_reviewed	4087_reviewed	1
8898_reviewed	54545_reviewed	1
1454_reviewed	406_reviewed	1
1994_reviewed	7422_reviewed	1
2963_reviewed	5436_reviewed	1
1460_reviewed	6196_reviewed	1
3875_reviewed	3856_reviewed	1
10979_reviewed	3611_reviewed	1
23512_reviewed	2332_reviewed	1
9474_reviewed	8878_reviewed	1
22926_reviewed	22926_reviewed	1
10979_reviewed	54751_reviewed	1
2740_reviewed	10961_reviewed	1
6625_reviewed	6629_reviewed	1
10413_reviewed	10808_reviewed	1
653361_reviewed	5579_reviewed	1
8471_reviewed	10916_reviewed	1
1956_reviewed	1937_reviewed	1
4605_reviewed	5928_reviewed	1
5685_reviewed	5689_reviewed	1
6502_reviewed	8065_reviewed	1
1937_reviewed	55791_reviewed	0
4673_reviewed	4676_reviewed	1
10963_reviewed	9532_reviewed	1
7428_reviewed	6189_reviewed	1
7189_reviewed	10451_reviewed	1
1848_reviewed	64375_reviewed	0
29950_reviewed	1019_reviewed	1
55072_reviewed	7186_reviewed	1
8438_reviewed	55093_reviewed	1
7681_reviewed	7681_reviewed	1
30818_reviewed	7329_reviewed	1
22909_reviewed	27030_reviewed	1
22893_reviewed	10155_reviewed	1
8079_reviewed	10049_reviewed	1
2099_reviewed	10865_reviewed	1
5788_reviewed	5594_reviewed	1
10293_reviewed	7187_reviewed	1
54069_reviewed	55320_reviewed	1
1956_reviewed	9688_reviewed	1
9047_reviewed	25788_reviewed	1
2690_reviewed	10273_reviewed	1
1487_reviewed	93986_reviewed	1
8851_reviewed	87_reviewed	1
3276_reviewed	64750_reviewed	1
5704_reviewed	5702_reviewed	1
3326_reviewed	9817_reviewed	1
4609_reviewed	84950_reviewed	1
150684_reviewed	5970_reviewed	1
10009_reviewed	1499_reviewed	1
26354_reviewed	4193_reviewed	1
6421_reviewed	11338_reviewed	1
55159_reviewed	5888_reviewed	1
93474_reviewed	6839_reviewed	1
7132_reviewed	7124_reviewed	1
1457_reviewed	5970_reviewed	1
2099_reviewed	5970_reviewed	1
4316_reviewed	356_reviewed	1
331_reviewed	55093_reviewed	1
7157_reviewed	1452_reviewed	1
85409_reviewed	25898_reviewed	1
9021_reviewed	55626_reviewed	1
4609_reviewed	861_reviewed	1
1445_reviewed	27289_reviewed	0
55662_reviewed	283373_reviewed	1
3006_reviewed	22827_reviewed	1
2963_reviewed	9343_reviewed	1
11218_reviewed	26747_reviewed	1
1915_reviewed	8301_reviewed	1
2932_reviewed	11140_reviewed	1
3065_reviewed	25925_reviewed	1
6135_reviewed	6139_reviewed	1
11124_reviewed	3308_reviewed	1
3667_reviewed	8412_reviewed	1
4287_reviewed	8454_reviewed	1
639_reviewed	8554_reviewed	1
5522_reviewed	6950_reviewed	1
5728_reviewed	5296_reviewed	1
9862_reviewed	112950_reviewed	1
26088_reviewed	55297_reviewed	1
6901_reviewed	9113_reviewed	1
64770_reviewed	11116_reviewed	1
79648_reviewed	996_reviewed	1
2066_reviewed	5295_reviewed	0
1956_reviewed	23039_reviewed	1
3024_reviewed	1642_reviewed	1
10551_reviewed	11052_reviewed	1
8450_reviewed	10419_reviewed	1
22976_reviewed	4361_reviewed	1
55720_reviewed	84946_reviewed	1
6647_reviewed	4191_reviewed	1
6449_reviewed	30008_reviewed	1
30001_reviewed	5034_reviewed	1
25865_reviewed	1994_reviewed	1
408_reviewed	6949_reviewed	1
10010_reviewed	10616_reviewed	0
2114_reviewed	8558_reviewed	1
93649_reviewed	8202_reviewed	1
5371_reviewed	5335_reviewed	1
1173_reviewed	203068_reviewed	1
331_reviewed	3635_reviewed	1
1649_reviewed	8452_reviewed	1
8576_reviewed	22934_reviewed	1
6159_reviewed	6194_reviewed	1
6640_reviewed	2744_reviewed	1
4734_reviewed	22888_reviewed	1
7046_reviewed	55611_reviewed	1
129880_reviewed	123016_reviewed	1
23607_reviewed	830_reviewed	1
55140_reviewed	8518_reviewed	1
7803_reviewed	5708_reviewed	1
4110_reviewed	130013_reviewed	1
10972_reviewed	23423_reviewed	1
29922_reviewed	10318_reviewed	1
51144_reviewed	5245_reviewed	1
23607_reviewed	867_reviewed	1
6117_reviewed	5893_reviewed	1
27250_reviewed	6207_reviewed	1
55718_reviewed	8725_reviewed	1
643_reviewed	2771_reviewed	1
4869_reviewed	25871_reviewed	1
51074_reviewed	84708_reviewed	1
9662_reviewed	64770_reviewed	1
10528_reviewed	65083_reviewed	1
8853_reviewed	2185_reviewed	1
11200_reviewed	7157_reviewed	1
29959_reviewed	10987_reviewed	1
65109_reviewed	22794_reviewed	1
6259_reviewed	57534_reviewed	1
3725_reviewed	51185_reviewed	1
5518_reviewed	8994_reviewed	1
185_reviewed	409_reviewed	1
3916_reviewed	1499_reviewed	1
6142_reviewed	6144_reviewed	1
2313_reviewed	8850_reviewed	1
9255_reviewed	4141_reviewed	1
23076_reviewed	3178_reviewed	1
4692_reviewed	117178_reviewed	1
7531_reviewed	11267_reviewed	1
5510_reviewed	165324_reviewed	1
2099_reviewed	7329_reviewed	1
4998_reviewed	1017_reviewed	1
51143_reviewed	1781_reviewed	1
51164_reviewed	10120_reviewed	1
8204_reviewed	6256_reviewed	1
4691_reviewed	56829_reviewed	1
10193_reviewed	2011_reviewed	1
57154_reviewed	10197_reviewed	1
55234_reviewed	1642_reviewed	1
10573_reviewed	79590_reviewed	1
4100_reviewed	115992_reviewed	1
7490_reviewed	386682_reviewed	1
51013_reviewed	51013_reviewed	0
57695_reviewed	51434_reviewed	1
4750_reviewed	9638_reviewed	1
8452_reviewed	90293_reviewed	1
26751_reviewed	367_reviewed	1
5565_reviewed	2801_reviewed	1
7283_reviewed	10575_reviewed	1
93343_reviewed	79720_reviewed	1
9146_reviewed	6642_reviewed	1
317_reviewed	3320_reviewed	1
84324_reviewed	9877_reviewed	1
9891_reviewed	5500_reviewed	1
10109_reviewed	10093_reviewed	1
81857_reviewed	1024_reviewed	1
7520_reviewed	3981_reviewed	1
4609_reviewed	1665_reviewed	1
2908_reviewed	573_reviewed	1
2879_reviewed	9588_reviewed	1
1027_reviewed	8900_reviewed	1
6124_reviewed	6207_reviewed	1
79003_reviewed	10403_reviewed	1
28991_reviewed	150684_reviewed	1
112398_reviewed	6478_reviewed	1
4609_reviewed	5093_reviewed	1
81887_reviewed	26168_reviewed	1
4193_reviewed	6908_reviewed	1
5071_reviewed	10128_reviewed	1
5601_reviewed	3726_reviewed	1
81622_reviewed	57003_reviewed	1
8503_reviewed	1412_reviewed	1
79921_reviewed	8237_reviewed	1
8450_reviewed	2597_reviewed	1
5971_reviewed	2932_reviewed	1
9531_reviewed	1397_reviewed	1
6136_reviewed	6137_reviewed	1
144455_reviewed	144455_reviewed	1
9450_reviewed	4064_reviewed	1
996_reviewed	9184_reviewed	1
2101_reviewed	23411_reviewed	1
1499_reviewed	3551_reviewed	1
7157_reviewed	9887_reviewed	1
26121_reviewed	10421_reviewed	1
7248_reviewed	7534_reviewed	0
10856_reviewed	51377_reviewed	1
79807_reviewed	23028_reviewed	1
5902_reviewed	7514_reviewed	1
1025_reviewed	498_reviewed	1
7442_reviewed	143425_reviewed	1
22976_reviewed	79447_reviewed	1
9851_reviewed	10464_reviewed	1
22976_reviewed	10111_reviewed	1
5585_reviewed	7186_reviewed	1
4361_reviewed	4361_reviewed	1
7067_reviewed	10001_reviewed	1
8202_reviewed	6927_reviewed	1
5501_reviewed	6132_reviewed	1
830_reviewed	57482_reviewed	1
2551_reviewed	6667_reviewed	1
56658_reviewed	7157_reviewed	1
6135_reviewed	6152_reviewed	1
53347_reviewed	1956_reviewed	1
8451_reviewed	5111_reviewed	1
5371_reviewed	51564_reviewed	1
4804_reviewed	9618_reviewed	1
6141_reviewed	3921_reviewed	1
3224_reviewed	4087_reviewed	0
50619_reviewed	57594_reviewed	1
429_reviewed	4205_reviewed	1
5970_reviewed	166_reviewed	1
2176_reviewed	2178_reviewed	1
2962_reviewed	1024_reviewed	1
9338_reviewed	55818_reviewed	1
6714_reviewed	5894_reviewed	1
3184_reviewed	9219_reviewed	1
11033_reviewed	10048_reviewed	1
5684_reviewed	1917_reviewed	1
1196_reviewed	5411_reviewed	1
9401_reviewed	54962_reviewed	1
9218_reviewed	6867_reviewed	1
7704_reviewed	23309_reviewed	1
4176_reviewed	9240_reviewed	1
114548_reviewed	64844_reviewed	1
81622_reviewed	6836_reviewed	1
122953_reviewed	26145_reviewed	1
6950_reviewed	7203_reviewed	1
3191_reviewed	3609_reviewed	1
54148_reviewed	65080_reviewed	1
29978_reviewed	3954_reviewed	1
79922_reviewed	4528_reviewed	1
7319_reviewed	4841_reviewed	1
81559_reviewed	7324_reviewed	1
8452_reviewed	7316_reviewed	1
7316_reviewed	7334_reviewed	1
5518_reviewed	8500_reviewed	1
3993_reviewed	56852_reviewed	1
5885_reviewed	2130_reviewed	1
644_reviewed	5579_reviewed	1
8726_reviewed	6015_reviewed	1
2273_reviewed	9457_reviewed	0
207_reviewed	2308_reviewed	1
7531_reviewed	57530_reviewed	1
6514_reviewed	3838_reviewed	1
5702_reviewed	10213_reviewed	1
3065_reviewed	221937_reviewed	1
6839_reviewed	2122_reviewed	1
5515_reviewed	57117_reviewed	1
9266_reviewed	382_reviewed	1
9318_reviewed	123228_reviewed	1
5824_reviewed	55670_reviewed	1
10618_reviewed	64746_reviewed	1
823_reviewed	2175_reviewed	1
51699_reviewed	9779_reviewed	1
79728_reviewed	5888_reviewed	1
329_reviewed	8915_reviewed	1
5594_reviewed	3091_reviewed	1
8945_reviewed	25777_reviewed	1
25_reviewed	3308_reviewed	1
5321_reviewed	302_reviewed	1
5682_reviewed	5690_reviewed	1
10413_reviewed	26227_reviewed	1
10399_reviewed	5142_reviewed	0
6198_reviewed	207_reviewed	1
249_reviewed	1915_reviewed	1
79866_reviewed	8945_reviewed	1
4846_reviewed	4846_reviewed	1
29760_reviewed	2885_reviewed	1
7337_reviewed	5695_reviewed	1
1453_reviewed	3312_reviewed	1
207_reviewed	207_reviewed	1
3692_reviewed	10399_reviewed	1
10980_reviewed	9318_reviewed	1
5595_reviewed	6667_reviewed	1
92181_reviewed	7316_reviewed	1
5515_reviewed	11116_reviewed	1
1656_reviewed	149986_reviewed	1
8726_reviewed	121536_reviewed	1
7337_reviewed	5597_reviewed	1
113130_reviewed	5885_reviewed	1
53981_reviewed	8189_reviewed	1
8452_reviewed	3329_reviewed	1
3066_reviewed	4092_reviewed	1
25897_reviewed	9627_reviewed	1
5771_reviewed	5714_reviewed	1
2697_reviewed	857_reviewed	1
6129_reviewed	6201_reviewed	1
5718_reviewed	5711_reviewed	1
10498_reviewed	6605_reviewed	1
4000_reviewed	90523_reviewed	1
2114_reviewed	7157_reviewed	1
83932_reviewed	5111_reviewed	1
3625_reviewed	92_reviewed	1
54971_reviewed	10013_reviewed	1
11338_reviewed	10949_reviewed	1
11091_reviewed	8850_reviewed	1
5684_reviewed	5691_reviewed	1
9589_reviewed	3187_reviewed	1
8663_reviewed	10480_reviewed	1
387_reviewed	1729_reviewed	1
5204_reviewed	4609_reviewed	1
6128_reviewed	6194_reviewed	1
10146_reviewed	11124_reviewed	1
6222_reviewed	6207_reviewed	1
6222_reviewed	6208_reviewed	1
54780_reviewed	79677_reviewed	1
5889_reviewed	5892_reviewed	1
4478_reviewed	8936_reviewed	0
94081_reviewed	9868_reviewed	1
6142_reviewed	117246_reviewed	1
2769_reviewed	7265_reviewed	1
333_reviewed	51588_reviewed	0
81620_reviewed	891_reviewed	1
85403_reviewed	4299_reviewed	1
10109_reviewed	10094_reviewed	1
5702_reviewed	5687_reviewed	1
9493_reviewed	29127_reviewed	1
571_reviewed	3161_reviewed	1
10076_reviewed	27333_reviewed	1
7101_reviewed	23028_reviewed	1
29855_reviewed	7290_reviewed	1
3459_reviewed	10459_reviewed	1
79132_reviewed	22907_reviewed	1
28986_reviewed	57562_reviewed	0
23291_reviewed	9904_reviewed	1
1875_reviewed	7027_reviewed	1
10189_reviewed	79228_reviewed	1
3853_reviewed	125115_reviewed	1
10980_reviewed	10980_reviewed	1
7532_reviewed	5298_reviewed	1
8450_reviewed	23038_reviewed	1
9049_reviewed	11140_reviewed	1
9457_reviewed	1390_reviewed	1
6147_reviewed	6194_reviewed	1
5706_reviewed	5709_reviewed	1
126003_reviewed	7109_reviewed	1
7159_reviewed	596_reviewed	1
8945_reviewed	891_reviewed	1
51742_reviewed	3065_reviewed	1
641_reviewed	7516_reviewed	1
6839_reviewed	1788_reviewed	1
25942_reviewed	6774_reviewed	1
3107_reviewed	10459_reviewed	1
1432_reviewed	995_reviewed	1
83737_reviewed	4778_reviewed	1
7385_reviewed	4704_reviewed	1
5330_reviewed	5606_reviewed	1
4188_reviewed	55503_reviewed	1
1499_reviewed	3178_reviewed	1
1025_reviewed	506_reviewed	1
6144_reviewed	6189_reviewed	1
6256_reviewed	4862_reviewed	1
23476_reviewed	5981_reviewed	1
3001_reviewed	3148_reviewed	1
80124_reviewed	7353_reviewed	1
7529_reviewed	8660_reviewed	1
26994_reviewed	9372_reviewed	1
10987_reviewed	1027_reviewed	1
5175_reviewed	1499_reviewed	1
4893_reviewed	57669_reviewed	1
7320_reviewed	85451_reviewed	1
10618_reviewed	51741_reviewed	1
4000_reviewed	26092_reviewed	1
10262_reviewed	9343_reviewed	1
291_reviewed	4792_reviewed	1
5536_reviewed	1025_reviewed	1
8835_reviewed	7430_reviewed	1
10477_reviewed	9025_reviewed	1
5515_reviewed	57508_reviewed	1
7529_reviewed	23164_reviewed	1
6310_reviewed	84970_reviewed	1
79370_reviewed	7109_reviewed	1
2120_reviewed	2313_reviewed	1
3065_reviewed	152485_reviewed	1
1822_reviewed	6477_reviewed	1
1409_reviewed	598_reviewed	1
860_reviewed	3725_reviewed	1
7409_reviewed	2547_reviewed	1
2302_reviewed	23552_reviewed	1
5686_reviewed	5688_reviewed	1
6647_reviewed	8761_reviewed	1
27338_reviewed	29882_reviewed	1
23650_reviewed	10524_reviewed	1
2260_reviewed	5295_reviewed	1
7514_reviewed	5829_reviewed	1
6427_reviewed	7514_reviewed	1
3002_reviewed	836_reviewed	1
8692_reviewed	4087_reviewed	1
1410_reviewed	1431_reviewed	1
64175_reviewed	10491_reviewed	1
3312_reviewed	8471_reviewed	1
6714_reviewed	79872_reviewed	1
255738_reviewed	329_reviewed	1
3683_reviewed	81858_reviewed	1
3845_reviewed	55092_reviewed	1
7186_reviewed	8517_reviewed	1
7535_reviewed	27040_reviewed	1
1839_reviewed	604_reviewed	1
1019_reviewed	2735_reviewed	1
663_reviewed	998_reviewed	1
5111_reviewed	4170_reviewed	1
23594_reviewed	4999_reviewed	1
51171_reviewed	55093_reviewed	1
55596_reviewed	10179_reviewed	1
10938_reviewed	30844_reviewed	1
2801_reviewed	79005_reviewed	1
3265_reviewed	7779_reviewed	1
5931_reviewed	58516_reviewed	1
509_reviewed	7416_reviewed	1
6191_reviewed	6207_reviewed	1
222950_reviewed	10787_reviewed	1
10618_reviewed	3930_reviewed	1
23028_reviewed	9203_reviewed	1
6421_reviewed	3065_reviewed	1
6198_reviewed	6194_reviewed	1
8787_reviewed	10681_reviewed	1
527_reviewed	29956_reviewed	1
1457_reviewed	6749_reviewed	1
3184_reviewed	7329_reviewed	1
9441_reviewed	51586_reviewed	1
5565_reviewed	84445_reviewed	1
9149_reviewed	150864_reviewed	1
993_reviewed	6500_reviewed	1
9575_reviewed	387_reviewed	1
8666_reviewed	10480_reviewed	1
1459_reviewed	23613_reviewed	1
3178_reviewed	4343_reviewed	1
3845_reviewed	9770_reviewed	1
2331_reviewed	27033_reviewed	1
2740_reviewed	4637_reviewed	1
4690_reviewed	9448_reviewed	1
5800_reviewed	23341_reviewed	1
7957_reviewed	5563_reviewed	1
6502_reviewed	11274_reviewed	1
6773_reviewed	149095_reviewed	1
4299_reviewed	23476_reviewed	1
10987_reviewed	26263_reviewed	1
130940_reviewed	6303_reviewed	1
8661_reviewed	8665_reviewed	1
23451_reviewed	11325_reviewed	1
3815_reviewed	3815_reviewed	1
7188_reviewed	4217_reviewed	1
11140_reviewed	10953_reviewed	1
408_reviewed	5296_reviewed	1
7528_reviewed	7024_reviewed	1
613_reviewed	2885_reviewed	1
6871_reviewed	1024_reviewed	1
55740_reviewed	51466_reviewed	1
30827_reviewed	91272_reviewed	1
5997_reviewed	22981_reviewed	1
8975_reviewed	5728_reviewed	1
1398_reviewed	8495_reviewed	1
8870_reviewed	5526_reviewed	1
5371_reviewed	4193_reviewed	1
2176_reviewed	5447_reviewed	1
5885_reviewed	5111_reviewed	1
114609_reviewed	3654_reviewed	1
7205_reviewed	7414_reviewed	1
11186_reviewed	1642_reviewed	1
2872_reviewed	5594_reviewed	1
28981_reviewed	56912_reviewed	1
1025_reviewed	3192_reviewed	1
9533_reviewed	221830_reviewed	1
94_reviewed	2658_reviewed	1
4172_reviewed	5001_reviewed	1
23603_reviewed	57175_reviewed	1
2071_reviewed	2068_reviewed	1
4193_reviewed	408_reviewed	1
1200_reviewed	80169_reviewed	1
8079_reviewed	11080_reviewed	1
79648_reviewed	1869_reviewed	1
29088_reviewed	54534_reviewed	1
3178_reviewed	51574_reviewed	1
93492_reviewed	6455_reviewed	1
983_reviewed	3146_reviewed	1
1822_reviewed	2130_reviewed	1
55611_reviewed	7316_reviewed	1
50488_reviewed	4690_reviewed	1
9306_reviewed	25814_reviewed	1
5294_reviewed	3845_reviewed	1
6657_reviewed	5928_reviewed	1
1956_reviewed	5781_reviewed	1
890_reviewed	91748_reviewed	1
6130_reviewed	6129_reviewed	1
64127_reviewed	331_reviewed	1
6138_reviewed	6133_reviewed	1
4204_reviewed	6497_reviewed	1
1477_reviewed	580_reviewed	1
6203_reviewed	6193_reviewed	1
3551_reviewed	112399_reviewed	1
254394_reviewed	2956_reviewed	1
5499_reviewed	8725_reviewed	1
4259_reviewed	7417_reviewed	1
8454_reviewed	254170_reviewed	1
267_reviewed	8266_reviewed	1
7347_reviewed	7347_reviewed	1
10856_reviewed	5434_reviewed	1
3315_reviewed	2617_reviewed	1
4233_reviewed	10048_reviewed	1
8471_reviewed	1455_reviewed	1
23411_reviewed	2353_reviewed	1
7531_reviewed	6769_reviewed	1
10490_reviewed	9685_reviewed	1
8451_reviewed	90379_reviewed	1
7258_reviewed	85453_reviewed	1
6493_reviewed	405_reviewed	1
58529_reviewed	84676_reviewed	1
8533_reviewed	8453_reviewed	1
2885_reviewed	50855_reviewed	1
2885_reviewed	51729_reviewed	1
11091_reviewed	83667_reviewed	1
4792_reviewed	4793_reviewed	1
51574_reviewed	6132_reviewed	1
11060_reviewed	7161_reviewed	1
10746_reviewed	9047_reviewed	1
495_reviewed	57111_reviewed	1
8602_reviewed	22976_reviewed	1
3178_reviewed	22907_reviewed	1
25820_reviewed	3725_reviewed	1
10920_reviewed	10987_reviewed	1
5621_reviewed	54478_reviewed	1
9306_reviewed	10611_reviewed	1
142678_reviewed	58_reviewed	1
2113_reviewed	7329_reviewed	1
51429_reviewed	8751_reviewed	1
25_reviewed	56961_reviewed	1
23582_reviewed	54478_reviewed	1
79885_reviewed	6936_reviewed	1
6205_reviewed	6201_reviewed	1
8878_reviewed	5888_reviewed	1
26524_reviewed	51421_reviewed	1
5170_reviewed	5586_reviewed	1
3674_reviewed	10519_reviewed	1
867_reviewed	1432_reviewed	1
6917_reviewed	2962_reviewed	1
3953_reviewed	4692_reviewed	1
4298_reviewed	57332_reviewed	1
6642_reviewed	57142_reviewed	1
81620_reviewed	8697_reviewed	1
6386_reviewed	59349_reviewed	1
356_reviewed	722_reviewed	0
2064_reviewed	10461_reviewed	1
2176_reviewed	90249_reviewed	1
1465_reviewed	1465_reviewed	1
9628_reviewed	11075_reviewed	1
8452_reviewed	387_reviewed	1
64375_reviewed	79797_reviewed	0
11104_reviewed	8452_reviewed	1
135112_reviewed	2099_reviewed	1
11059_reviewed	10365_reviewed	1
1859_reviewed	284119_reviewed	1
2885_reviewed	116985_reviewed	1
3717_reviewed	4217_reviewed	1
4005_reviewed	5970_reviewed	1
7319_reviewed	8665_reviewed	1
7268_reviewed	26098_reviewed	1
165918_reviewed	7128_reviewed	1
23291_reviewed	3189_reviewed	1
29982_reviewed	29982_reviewed	1
2078_reviewed	3329_reviewed	1
4734_reviewed	5710_reviewed	1
23322_reviewed	261734_reviewed	1
5695_reviewed	5710_reviewed	1
4869_reviewed	9045_reviewed	1
5704_reviewed	5713_reviewed	1
10956_reviewed	83752_reviewed	1
3091_reviewed	150684_reviewed	1
1956_reviewed	51606_reviewed	1
6790_reviewed	51343_reviewed	1
5977_reviewed	7551_reviewed	0
5156_reviewed	56034_reviewed	1
55670_reviewed	55670_reviewed	1
6598_reviewed	86_reviewed	1
10910_reviewed	3312_reviewed	1
81603_reviewed	81603_reviewed	1
11091_reviewed	3066_reviewed	1
9097_reviewed	5718_reviewed	1
4117_reviewed	51343_reviewed	1
5702_reviewed	5705_reviewed	1
84959_reviewed	3312_reviewed	1
3486_reviewed	7018_reviewed	1
8864_reviewed	1408_reviewed	1
8892_reviewed	8891_reviewed	1
90933_reviewed	90933_reviewed	1
525_reviewed	9114_reviewed	1
7316_reviewed	5094_reviewed	1
7803_reviewed	26507_reviewed	1
7706_reviewed	56829_reviewed	1
1499_reviewed	3065_reviewed	1
6657_reviewed	5595_reviewed	1
741_reviewed	741_reviewed	1
51574_reviewed	10575_reviewed	1
23163_reviewed	9135_reviewed	1
2010_reviewed	3192_reviewed	1
149041_reviewed	8471_reviewed	1
55914_reviewed	421_reviewed	1
26469_reviewed	10963_reviewed	1
3192_reviewed	6187_reviewed	1
8900_reviewed	4605_reviewed	1
3297_reviewed	3840_reviewed	1
3265_reviewed	143098_reviewed	1
4088_reviewed	1052_reviewed	1
4869_reviewed	57062_reviewed	1
56851_reviewed	10328_reviewed	1
1642_reviewed	9318_reviewed	1
7319_reviewed	23468_reviewed	1
5781_reviewed	3717_reviewed	1
23142_reviewed	8454_reviewed	1
7874_reviewed	23512_reviewed	1
5162_reviewed	5160_reviewed	1
6144_reviewed	6188_reviewed	1
83746_reviewed	6045_reviewed	1
3665_reviewed	27143_reviewed	1
898_reviewed	1019_reviewed	1
8266_reviewed	51608_reviewed	1
2072_reviewed	6117_reviewed	1
5685_reviewed	5685_reviewed	1
7403_reviewed	22976_reviewed	1
7329_reviewed	26036_reviewed	1
7057_reviewed	3690_reviewed	1
5395_reviewed	22909_reviewed	1
9531_reviewed	10262_reviewed	1
10987_reviewed	351_reviewed	1
7357_reviewed	6252_reviewed	1
9112_reviewed	5931_reviewed	1
4478_reviewed	7430_reviewed	1
3224_reviewed	4088_reviewed	0
30011_reviewed	6452_reviewed	1
8450_reviewed	6628_reviewed	1
4194_reviewed	5925_reviewed	1
5693_reviewed	5718_reviewed	1
7128_reviewed	100506658_reviewed	1
4287_reviewed	7415_reviewed	1
56254_reviewed	7332_reviewed	1
80306_reviewed	10025_reviewed	1
1457_reviewed	64319_reviewed	1
1439_reviewed	7534_reviewed	1
6400_reviewed	84447_reviewed	1
5499_reviewed	1641_reviewed	1
10197_reviewed	4193_reviewed	1
10111_reviewed	641_reviewed	1
2932_reviewed	23136_reviewed	1
9045_reviewed	6144_reviewed	1
51637_reviewed	1653_reviewed	1
124995_reviewed	29088_reviewed	1
22863_reviewed	9776_reviewed	1
4729_reviewed	7384_reviewed	1
5689_reviewed	5710_reviewed	1
1739_reviewed	1394_reviewed	1
112936_reviewed	51699_reviewed	1
25950_reviewed	7329_reviewed	1
5336_reviewed	25788_reviewed	1
8452_reviewed	9212_reviewed	1
5515_reviewed	6950_reviewed	1
23582_reviewed	10987_reviewed	1
7802_reviewed	55170_reviewed	1
6477_reviewed	151531_reviewed	1
23770_reviewed	10728_reviewed	1
26121_reviewed	23450_reviewed	1
3608_reviewed	3192_reviewed	1
4914_reviewed	10603_reviewed	1
2932_reviewed	8851_reviewed	1
149371_reviewed	51562_reviewed	1
2801_reviewed	10286_reviewed	1
5315_reviewed	7957_reviewed	1
10193_reviewed	84445_reviewed	1
23186_reviewed	6605_reviewed	1
29079_reviewed	200081_reviewed	1
468_reviewed	468_reviewed	0
55038_reviewed	9913_reviewed	1
140460_reviewed	8065_reviewed	1
5713_reviewed	5711_reviewed	1
6733_reviewed	1198_reviewed	1
23279_reviewed	9972_reviewed	1
79590_reviewed	65005_reviewed	1
9131_reviewed	204_reviewed	1
9156_reviewed	7534_reviewed	1
79036_reviewed	84984_reviewed	1
4609_reviewed	55536_reviewed	1
4103_reviewed	140691_reviewed	1
3364_reviewed	1457_reviewed	1
23291_reviewed	3667_reviewed	1
6134_reviewed	6125_reviewed	1
3984_reviewed	3984_reviewed	1
25942_reviewed	1457_reviewed	1
5786_reviewed	2885_reviewed	1
6647_reviewed	50_reviewed	1
8819_reviewed	3607_reviewed	1
4691_reviewed	6202_reviewed	1
87_reviewed	8941_reviewed	1
5798_reviewed	54867_reviewed	1
1859_reviewed	81558_reviewed	1
7041_reviewed	4088_reviewed	1
5708_reviewed	4193_reviewed	1
2740_reviewed	10857_reviewed	1
10969_reviewed	2091_reviewed	1
84528_reviewed	84528_reviewed	1
91543_reviewed	9391_reviewed	1
149041_reviewed	9782_reviewed	1
29844_reviewed	29844_reviewed	1
5499_reviewed	7159_reviewed	1
29978_reviewed	3308_reviewed	1
1742_reviewed	57575_reviewed	1
5295_reviewed	3643_reviewed	1
64127_reviewed	81858_reviewed	1
6850_reviewed	10013_reviewed	1
23462_reviewed	3280_reviewed	1
5501_reviewed	26092_reviewed	1
83743_reviewed	10856_reviewed	1
60672_reviewed	10013_reviewed	1
28952_reviewed	54520_reviewed	1
1859_reviewed	84445_reviewed	1
51160_reviewed	84313_reviewed	1
84062_reviewed	167838_reviewed	1
5879_reviewed	6774_reviewed	1
1454_reviewed	139231_reviewed	1
890_reviewed	1022_reviewed	1
4174_reviewed	988_reviewed	1
2302_reviewed	80204_reviewed	1
9879_reviewed	10946_reviewed	1
5531_reviewed	11184_reviewed	1
9782_reviewed	10521_reviewed	1
3350_reviewed	2260_reviewed	1
7126_reviewed	387_reviewed	1
4863_reviewed	1017_reviewed	1
55863_reviewed	51103_reviewed	1
5094_reviewed	3190_reviewed	1
5800_reviewed	3688_reviewed	1
5156_reviewed	5290_reviewed	1
5747_reviewed	50807_reviewed	1
3192_reviewed	51602_reviewed	1
6310_reviewed	7324_reviewed	1
10206_reviewed	7415_reviewed	1
26094_reviewed	8450_reviewed	1
4267_reviewed	5478_reviewed	1
2966_reviewed	1022_reviewed	1
2898_reviewed	2901_reviewed	1
5578_reviewed	23586_reviewed	1
2521_reviewed	1649_reviewed	1
51633_reviewed	55611_reviewed	1
4804_reviewed	4804_reviewed	1
722_reviewed	958_reviewed	0
1994_reviewed	10659_reviewed	1
5599_reviewed	3667_reviewed	1
338692_reviewed	7316_reviewed	1
595_reviewed	1031_reviewed	1
5501_reviewed	10762_reviewed	1
7157_reviewed	8554_reviewed	1
5868_reviewed	8237_reviewed	1
2521_reviewed	10521_reviewed	1
673_reviewed	3312_reviewed	1
8061_reviewed	5702_reviewed	1
762_reviewed	9589_reviewed	1
57142_reviewed	1727_reviewed	1
2078_reviewed	10992_reviewed	1
1452_reviewed	8312_reviewed	1
10971_reviewed	25_reviewed	1
10526_reviewed	55422_reviewed	1
6776_reviewed	5162_reviewed	1
64130_reviewed	2904_reviewed	1
8899_reviewed	9343_reviewed	1
84612_reviewed	84292_reviewed	1
7982_reviewed	27231_reviewed	1
27180_reviewed	3959_reviewed	1
10616_reviewed	7316_reviewed	1
1022_reviewed	1022_reviewed	1
84365_reviewed	23212_reviewed	1
4000_reviewed	26502_reviewed	1
1499_reviewed	1500_reviewed	1
26061_reviewed	116225_reviewed	1
7316_reviewed	55658_reviewed	1
8454_reviewed	23014_reviewed	1
5920_reviewed	6385_reviewed	1
3192_reviewed	6188_reviewed	1
6188_reviewed	3320_reviewed	1
1956_reviewed	498_reviewed	1
3654_reviewed	3312_reviewed	1
11267_reviewed	23028_reviewed	1
3609_reviewed	10128_reviewed	1
3265_reviewed	6507_reviewed	1
5702_reviewed	5696_reviewed	1
5886_reviewed	5708_reviewed	1
57379_reviewed	23016_reviewed	1
3568_reviewed	3717_reviewed	1
7703_reviewed	84733_reviewed	1
10454_reviewed	7182_reviewed	0
4281_reviewed	27148_reviewed	1
9261_reviewed	3315_reviewed	1
4171_reviewed	5347_reviewed	1
51010_reviewed	5394_reviewed	1
4704_reviewed	4714_reviewed	1
1642_reviewed	83743_reviewed	1
90326_reviewed	8473_reviewed	1
2260_reviewed	5335_reviewed	1
372_reviewed	1315_reviewed	1
84440_reviewed	9727_reviewed	1
5685_reviewed	5709_reviewed	1
9229_reviewed	22941_reviewed	1
10458_reviewed	8976_reviewed	1
11336_reviewed	54536_reviewed	1
4609_reviewed	6880_reviewed	1
54069_reviewed	54069_reviewed	1
6502_reviewed	2099_reviewed	1
22954_reviewed	11196_reviewed	1
3309_reviewed	3949_reviewed	1
10576_reviewed	22948_reviewed	1
7874_reviewed	6015_reviewed	1
1947_reviewed	6386_reviewed	1
9638_reviewed	9638_reviewed	1
9406_reviewed	6625_reviewed	1
2965_reviewed	1869_reviewed	1
57798_reviewed	56946_reviewed	1
54478_reviewed	80321_reviewed	1
3646_reviewed	10900_reviewed	1
25886_reviewed	908_reviewed	1
3184_reviewed	10801_reviewed	1
4152_reviewed	9869_reviewed	1
84955_reviewed	79665_reviewed	1
10013_reviewed	2339_reviewed	1
9939_reviewed	65110_reviewed	1
1457_reviewed	994_reviewed	1
115426_reviewed	1026_reviewed	1
142_reviewed	200558_reviewed	1
29890_reviewed	64783_reviewed	1
7316_reviewed	7332_reviewed	1
57129_reviewed	79590_reviewed	1
51138_reviewed	79173_reviewed	1
6788_reviewed	9113_reviewed	1
6130_reviewed	6202_reviewed	1
11091_reviewed	26009_reviewed	1
10921_reviewed	9343_reviewed	1
988_reviewed	26168_reviewed	1
7189_reviewed	8065_reviewed	1
9771_reviewed	5906_reviewed	1
899_reviewed	9738_reviewed	1
65018_reviewed	3308_reviewed	1
57554_unreviewed	1000_reviewed	1
3845_reviewed	5825_reviewed	1
10291_reviewed	23450_reviewed	1
22981_reviewed	374654_reviewed	1
5686_reviewed	5714_reviewed	1
8328_reviewed	3714_reviewed	1
51574_reviewed	10856_reviewed	1
1601_reviewed	1856_reviewed	1
30837_reviewed	1600_reviewed	1
11218_reviewed	8487_reviewed	1
5684_reviewed	5694_reviewed	1
7186_reviewed	7597_reviewed	1
5685_reviewed	5719_reviewed	1
154796_reviewed	143098_reviewed	1
55689_reviewed	11091_reviewed	1
6191_reviewed	6194_reviewed	1
4300_reviewed	22936_reviewed	1
1017_reviewed	2305_reviewed	1
11235_reviewed	29966_reviewed	1
6722_reviewed	1051_reviewed	1
375298_reviewed	7428_reviewed	1
51013_reviewed	10200_reviewed	1
22981_reviewed	51143_reviewed	1
27289_reviewed	7551_reviewed	0
10535_reviewed	84153_reviewed	1
6198_reviewed	8850_reviewed	1
23263_reviewed	5879_reviewed	1
1050_reviewed	7520_reviewed	1
999_reviewed	1452_reviewed	1
23788_reviewed	4722_reviewed	1
25898_reviewed	4193_reviewed	1
3192_reviewed	6147_reviewed	1
4193_reviewed	7178_reviewed	1
5885_reviewed	23645_reviewed	1
2130_reviewed	6426_reviewed	1
23636_reviewed	4582_reviewed	1
9112_reviewed	2647_reviewed	1
10912_reviewed	51631_reviewed	1
113878_reviewed	222546_reviewed	1
10013_reviewed	4436_reviewed	1
3551_reviewed	4793_reviewed	1
7514_reviewed	23636_reviewed	1
1956_reviewed	3937_reviewed	1
84790_reviewed	526_reviewed	1
23291_reviewed	121536_reviewed	1
10898_reviewed	53981_reviewed	1
2175_reviewed	3326_reviewed	1
7159_reviewed	10482_reviewed	1
6776_reviewed	5160_reviewed	1
823_reviewed	4287_reviewed	1
8451_reviewed	9113_reviewed	1
8547_reviewed	8547_reviewed	1
6500_reviewed	26232_reviewed	1
10197_reviewed	54819_reviewed	1
55466_reviewed	2021_reviewed	1
9129_reviewed	11338_reviewed	1
9775_reviewed	3608_reviewed	1
5684_reviewed	1026_reviewed	1
123879_reviewed	8065_reviewed	1
6627_reviewed	10915_reviewed	1
10856_reviewed	1736_reviewed	1
7706_reviewed	10165_reviewed	1
2078_reviewed	9188_reviewed	1
5694_reviewed	5714_reviewed	1
3611_reviewed	7203_reviewed	1
85509_reviewed	3065_reviewed	1
116461_reviewed	79042_reviewed	1
23645_reviewed	573_reviewed	1
92609_reviewed	10452_reviewed	1
1738_reviewed	9131_reviewed	1
6152_reviewed	6194_reviewed	1
1017_reviewed	5111_reviewed	1
2099_reviewed	23471_reviewed	1
5686_reviewed	143471_reviewed	1
10238_reviewed	22948_reviewed	1
1195_reviewed	6426_reviewed	1
4893_reviewed	55075_reviewed	1
51397_reviewed	28991_reviewed	1
6911_reviewed	9878_reviewed	1
1025_reviewed	10399_reviewed	1
7514_reviewed	10413_reviewed	1
23788_reviewed	4715_reviewed	1
5728_reviewed	2817_reviewed	1
149041_reviewed	3181_reviewed	1
3660_reviewed	359948_reviewed	1
7319_reviewed	140465_reviewed	1
25_reviewed	8202_reviewed	1
7803_reviewed	79837_reviewed	0
4088_reviewed	2305_reviewed	1
83540_reviewed	147841_reviewed	1
983_reviewed	6117_reviewed	1
51377_reviewed	5708_reviewed	1
7874_reviewed	7324_reviewed	1
6125_reviewed	6187_reviewed	1
6938_reviewed	51160_reviewed	1
29978_reviewed	23435_reviewed	1
4067_reviewed	983_reviewed	1
150094_reviewed	4171_reviewed	1
1147_reviewed	4792_reviewed	1
10856_reviewed	60_reviewed	1
5682_reviewed	5689_reviewed	1
4150_reviewed	1630_reviewed	1
92104_reviewed	80173_reviewed	1
5888_reviewed	7283_reviewed	1
27335_reviewed	8663_reviewed	1
8539_reviewed	10969_reviewed	1
9306_reviewed	4836_reviewed	1
8445_reviewed	8798_reviewed	1
6152_reviewed	6189_reviewed	1
64343_reviewed	55149_reviewed	1
85509_reviewed	5931_reviewed	1
10069_reviewed	10912_reviewed	1
8481_reviewed	23085_reviewed	1
1630_reviewed	8894_reviewed	1
8932_reviewed	25942_reviewed	1
23390_reviewed	5529_reviewed	1
55588_reviewed	9862_reviewed	1
2273_reviewed	3516_reviewed	1
23326_reviewed	112869_reviewed	1
10528_reviewed	1660_reviewed	1
7334_reviewed	267_reviewed	1
1734_reviewed	23032_reviewed	1
55723_reviewed	8520_reviewed	1
10987_reviewed	80311_reviewed	1
5552_reviewed	6449_reviewed	1
9500_reviewed	6492_reviewed	1
1031_reviewed	1019_reviewed	1
5531_reviewed	8517_reviewed	1
9782_reviewed	9991_reviewed	1
5499_reviewed	5514_reviewed	1
154_reviewed	57561_reviewed	1
22948_reviewed	7157_reviewed	1
6240_reviewed	6241_reviewed	1
83540_reviewed	57405_reviewed	1
3725_reviewed	3838_reviewed	1
22908_reviewed	11316_reviewed	1
5710_reviewed	5708_reviewed	1
2810_reviewed	84962_reviewed	1
8631_reviewed	5788_reviewed	1
7416_reviewed	5250_reviewed	1
1020_reviewed	10574_reviewed	1
1457_reviewed	4676_reviewed	1
5429_reviewed	3320_reviewed	1
3172_reviewed	3276_reviewed	1
51009_reviewed	23197_reviewed	1
115992_reviewed	8878_reviewed	1
8915_reviewed	84433_reviewed	1
7185_reviewed	79444_reviewed	0
9729_reviewed	10174_reviewed	1
3172_reviewed	4088_reviewed	1
10399_reviewed	2776_reviewed	0
3866_reviewed	79696_reviewed	1
220213_reviewed	7316_reviewed	1
5610_reviewed	54472_reviewed	1
9775_reviewed	27339_reviewed	1
831_reviewed	823_reviewed	1
10459_reviewed	6576_reviewed	1
8850_reviewed	256297_reviewed	1
8720_reviewed	3065_reviewed	1
22836_reviewed	22836_reviewed	1
138639_reviewed	26273_reviewed	1
51004_reviewed	51805_reviewed	1
1459_reviewed	5300_reviewed	0
126119_reviewed	10768_reviewed	1
3479_reviewed	3486_reviewed	1
9734_reviewed	1487_reviewed	1
8533_reviewed	2873_reviewed	1
51101_reviewed	652968_reviewed	1
914_reviewed	9051_reviewed	1
10551_reviewed	1937_reviewed	1
6790_reviewed	4830_reviewed	1
9531_reviewed	27068_reviewed	1
8772_reviewed	7132_reviewed	1
166793_reviewed	7157_reviewed	1
10036_reviewed	2547_reviewed	1
5468_reviewed	8431_reviewed	1
860_reviewed	4086_reviewed	1
5159_reviewed	5728_reviewed	1
55743_reviewed	3065_reviewed	1
2010_reviewed	3068_reviewed	1
81565_reviewed	7531_reviewed	1
7068_reviewed	9325_reviewed	1
6461_reviewed	2059_reviewed	1
70_reviewed	118_reviewed	1
9131_reviewed	509_reviewed	1
10567_reviewed	10567_reviewed	1
3720_reviewed	9869_reviewed	1
26136_reviewed	55740_reviewed	1
55165_reviewed	55165_reviewed	1
7329_reviewed	7157_reviewed	1
90025_reviewed	55172_reviewed	1
7416_reviewed	539_reviewed	1
4722_reviewed	4541_reviewed	1
991_reviewed	1869_reviewed	1
10640_reviewed	23233_reviewed	1
79172_reviewed	64946_reviewed	1
2553_reviewed	23429_reviewed	1
9555_reviewed	3065_reviewed	1
1540_reviewed	91107_reviewed	1
7048_reviewed	7189_reviewed	1
7057_reviewed	4313_reviewed	1
6478_reviewed	4659_reviewed	1
8175_reviewed	23350_reviewed	1
7917_reviewed	59349_reviewed	1
1891_reviewed	64087_reviewed	1
64105_reviewed	55553_reviewed	1
26065_reviewed	56478_reviewed	1
10492_reviewed	26986_reviewed	1
28960_reviewed	440_reviewed	1
9939_reviewed	26986_reviewed	1
5501_reviewed	3838_reviewed	1
3646_reviewed	8668_reviewed	1
8408_reviewed	29982_reviewed	1
51343_reviewed	993_reviewed	1
6256_reviewed	688_reviewed	1
22981_reviewed	9887_reviewed	1
116143_reviewed	7203_reviewed	1
9891_reviewed	4659_reviewed	1
2547_reviewed	10521_reviewed	1
5520_reviewed	55844_reviewed	1
5071_reviewed	10273_reviewed	1
1080_reviewed	5955_reviewed	1
51651_reviewed	166_reviewed	1
10910_reviewed	5347_reviewed	1
70_reviewed	79031_reviewed	1
79959_reviewed	55138_reviewed	1
6733_reviewed	26097_reviewed	1
741_reviewed	11128_reviewed	1
8792_reviewed	7187_reviewed	1
10253_reviewed	5587_reviewed	1
51119_reviewed	79631_reviewed	1
54512_reviewed	118460_reviewed	1
4684_reviewed	2260_reviewed	1
6654_reviewed	9402_reviewed	0
7248_reviewed	7248_reviewed	1
143279_reviewed	8554_reviewed	1
23097_reviewed	9439_reviewed	1
10295_reviewed	6774_reviewed	1
3312_reviewed	2224_reviewed	1
208_reviewed	644_reviewed	1
5335_reviewed	7275_reviewed	1
5536_reviewed	1453_reviewed	1
8835_reviewed	2185_reviewed	1
6293_reviewed	51160_reviewed	1
23677_reviewed	25792_reviewed	1
7189_reviewed	7189_reviewed	1
139628_reviewed	405_reviewed	1
130497_reviewed	54583_reviewed	1
602_reviewed	3065_reviewed	1
7319_reviewed	7320_reviewed	1
56616_reviewed	56616_reviewed	1
7818_reviewed	2100_reviewed	1
219541_reviewed	9442_reviewed	1
51438_reviewed	10155_reviewed	1
10014_reviewed	5515_reviewed	1
80198_reviewed	1642_reviewed	1
207_reviewed	2309_reviewed	1
3181_reviewed	7428_reviewed	1
9531_reviewed	7389_reviewed	1
57154_reviewed	7332_reviewed	1
5296_reviewed	1398_reviewed	1
9817_reviewed	1956_reviewed	1
6886_reviewed	23648_reviewed	1
8554_reviewed	8405_reviewed	1
23097_reviewed	604_reviewed	1
6304_reviewed	1487_reviewed	1
6598_reviewed	6760_reviewed	1
4591_reviewed	2146_reviewed	1
142_reviewed	10989_reviewed	1
857_reviewed	10211_reviewed	1
51176_reviewed	9208_reviewed	0
988_reviewed	11338_reviewed	1
2274_reviewed	79837_reviewed	0
2783_reviewed	7803_reviewed	0
11143_reviewed	64769_reviewed	1
66036_reviewed	66036_reviewed	1
6256_reviewed	1499_reviewed	1
10095_reviewed	81873_reviewed	1
8517_reviewed	55968_reviewed	1
2130_reviewed	93487_reviewed	1
81620_reviewed	79791_reviewed	1
6714_reviewed	2903_reviewed	1
5436_reviewed	11321_reviewed	1
2078_reviewed	22827_reviewed	1
6129_reviewed	6187_reviewed	1
406_reviewed	196_reviewed	1
54534_reviewed	124995_reviewed	1
27183_reviewed	27243_reviewed	1
9400_reviewed	4361_reviewed	1
23650_reviewed	2956_reviewed	1
9533_reviewed	11128_reviewed	1
7514_reviewed	92335_reviewed	1
5187_reviewed	1453_reviewed	1
1956_reviewed	4233_reviewed	1
4287_reviewed	6389_reviewed	1
515_reviewed	513_reviewed	1
1956_reviewed	6464_reviewed	1
2114_reviewed	2078_reviewed	1
7965_reviewed	79173_reviewed	1
55142_reviewed	79441_reviewed	1
10134_reviewed	581_reviewed	0
1499_reviewed	4221_reviewed	1
6133_reviewed	6204_reviewed	1
3797_reviewed	22920_reviewed	1
26524_reviewed	154810_reviewed	1
80306_reviewed	9862_reviewed	1
8607_reviewed	6944_reviewed	1
153090_reviewed	207_reviewed	1
226_reviewed	2597_reviewed	1
6188_reviewed	6201_reviewed	1
7186_reviewed	8837_reviewed	1
677_reviewed	1432_reviewed	1
23281_reviewed	55093_reviewed	1
4193_reviewed	140465_reviewed	1
207_reviewed	3164_reviewed	1
8900_reviewed	6502_reviewed	1
1642_reviewed	8533_reviewed	1
445_reviewed	54187_reviewed	1
10036_reviewed	8125_reviewed	1
7068_reviewed	10499_reviewed	1
9867_reviewed	55233_reviewed	1
3636_reviewed	2885_reviewed	1
960_reviewed	1956_reviewed	1
7874_reviewed	79892_reviewed	1
5830_reviewed	84263_reviewed	1
1615_reviewed	51520_reviewed	1
140801_reviewed	6138_reviewed	1
23265_reviewed	27339_reviewed	1
1956_reviewed	64855_reviewed	1
10746_reviewed	331_reviewed	1
10551_reviewed	10514_reviewed	1
56159_reviewed	114327_reviewed	1
2597_reviewed	7167_reviewed	1
4088_reviewed	4149_reviewed	1
1021_reviewed	5925_reviewed	1
8479_reviewed	1457_reviewed	1
1436_reviewed	55620_reviewed	1
10670_reviewed	64121_reviewed	1
9108_reviewed	9107_reviewed	1
4869_reviewed	9188_reviewed	1
899_reviewed	990_reviewed	1
3024_reviewed	9646_reviewed	1
5606_reviewed	5606_reviewed	1
5515_reviewed	440087_reviewed	1
140685_reviewed	27351_reviewed	1
1642_reviewed	26094_reviewed	1
3662_reviewed	4615_reviewed	1
10499_reviewed	7421_reviewed	1
3312_reviewed	3320_reviewed	1
10421_reviewed	9343_reviewed	1
5914_reviewed	2260_reviewed	1
5058_reviewed	572_reviewed	1
4691_reviewed	3383_reviewed	1
5034_reviewed	8974_reviewed	1
23111_reviewed	57154_reviewed	1
5578_reviewed	6915_reviewed	1
130497_reviewed	7428_reviewed	1
9618_reviewed	1956_reviewed	1
5300_reviewed	11030_reviewed	1
9001_reviewed	11143_reviewed	1
29979_reviewed	2561_reviewed	1
55294_reviewed	3190_reviewed	1
939_reviewed	7187_reviewed	1
9531_reviewed	9948_reviewed	1
4893_reviewed	23516_reviewed	1
5797_reviewed	56647_reviewed	1
1027_reviewed	7186_reviewed	1
65975_reviewed	3326_reviewed	1
22981_reviewed	7283_reviewed	1
55662_reviewed	80304_reviewed	1
5932_reviewed	4361_reviewed	1
890_reviewed	23421_reviewed	1
4609_reviewed	1025_reviewed	1
5774_reviewed	4163_reviewed	1
9352_reviewed	10213_reviewed	1
7532_reviewed	9414_reviewed	1
5371_reviewed	5300_reviewed	1
1478_reviewed	53981_reviewed	1
51741_reviewed	3028_reviewed	1
2631_reviewed	3329_reviewed	1
8607_reviewed	1499_reviewed	1
140679_reviewed	80331_reviewed	1
51574_reviewed	51649_reviewed	1
51547_reviewed	51191_reviewed	1
3309_reviewed	5034_reviewed	1
10551_reviewed	3030_reviewed	1
7187_reviewed	329_reviewed	1
6202_reviewed	3921_reviewed	1
4734_reviewed	4734_reviewed	1
29993_reviewed	23242_reviewed	1
2664_reviewed	6945_reviewed	0
26524_reviewed	64398_reviewed	1
408_reviewed	6714_reviewed	1
54472_reviewed	3656_reviewed	1
10528_reviewed	10969_reviewed	1
51073_reviewed	26589_reviewed	1
8740_reviewed	8764_reviewed	1
25842_reviewed	7290_reviewed	1
4843_reviewed	80176_reviewed	1
2960_reviewed	9343_reviewed	1
81887_reviewed	54881_reviewed	1
3326_reviewed	2597_reviewed	1
1025_reviewed	8607_reviewed	1
1068_reviewed	129049_reviewed	1
51729_reviewed	55322_reviewed	1
2353_reviewed	7407_reviewed	1
8454_reviewed	55832_reviewed	1
8493_reviewed	23028_reviewed	1
23390_reviewed	1453_reviewed	1
722_reviewed	325_reviewed	1
9266_reviewed	57104_reviewed	1
302_reviewed	2130_reviewed	1
5870_reviewed	636_reviewed	1
1780_reviewed	5048_reviewed	1
8175_reviewed	22826_reviewed	1
23204_reviewed	56616_reviewed	1
1785_reviewed	22941_reviewed	1
468_reviewed	5977_reviewed	0
51081_reviewed	64965_reviewed	1
1073_reviewed	5464_reviewed	1
1212_reviewed	1211_reviewed	1
151742_reviewed	6885_reviewed	1
5824_reviewed	5825_reviewed	1
4704_reviewed	4716_reviewed	1
1857_reviewed	59349_reviewed	1
55662_reviewed	5966_reviewed	1
5565_reviewed	57459_reviewed	1
26060_reviewed	26060_reviewed	1
3320_reviewed	8139_reviewed	1
9541_reviewed	6100_reviewed	1
4935_reviewed	8801_reviewed	1
10618_reviewed	3105_reviewed	1
2099_reviewed	9667_reviewed	1
1856_reviewed	1856_reviewed	1
1024_reviewed	6837_reviewed	1
9128_reviewed	56257_reviewed	1
10575_reviewed	908_reviewed	1
1848_reviewed	468_reviewed	0
367_reviewed	7182_reviewed	1
2932_reviewed	4137_reviewed	1
6898_reviewed	2896_reviewed	1
7266_reviewed	5883_reviewed	1
5710_reviewed	1738_reviewed	1
10982_reviewed	10982_reviewed	1
1025_reviewed	4155_reviewed	1
23435_reviewed	6780_reviewed	1
89870_reviewed	2017_reviewed	1
2733_reviewed	11097_reviewed	1
4602_reviewed	7329_reviewed	1
27339_reviewed	22889_reviewed	1
5538_reviewed	9217_reviewed	1
6790_reviewed	4613_reviewed	1
55844_reviewed	7203_reviewed	1
9603_reviewed	2932_reviewed	1
4089_reviewed	367_reviewed	1
51160_reviewed	83593_reviewed	1
1051_reviewed	6599_reviewed	1
29945_reviewed	4751_reviewed	1
1742_reviewed	3761_reviewed	1
10201_reviewed	7157_reviewed	0
2309_reviewed	7531_reviewed	1
22976_reviewed	11004_reviewed	1
374354_reviewed	90293_reviewed	1
5127_reviewed	8851_reviewed	1
7405_reviewed	54764_reviewed	1
5058_reviewed	5058_reviewed	1
7529_reviewed	10787_reviewed	1
10097_reviewed	81873_reviewed	1
3927_reviewed	10987_reviewed	1
8454_reviewed	55336_reviewed	1
4609_reviewed	1434_reviewed	1
79968_reviewed	6749_reviewed	1
8451_reviewed	55626_reviewed	1
843_reviewed	8795_reviewed	1
5800_reviewed	10525_reviewed	1
6732_reviewed	7157_reviewed	1
1410_reviewed	598_reviewed	1
10051_reviewed	23397_reviewed	1
284654_reviewed	55366_reviewed	1
5528_reviewed	8500_reviewed	1
6780_reviewed	6175_reviewed	1
3184_reviewed	2810_reviewed	1
84365_reviewed	51602_reviewed	1
4215_reviewed	5586_reviewed	0
55588_reviewed	9282_reviewed	1
4175_reviewed	4176_reviewed	1
7534_reviewed	673_reviewed	1
655_reviewed	659_reviewed	1
3845_reviewed	5872_reviewed	1
841_reviewed	11035_reviewed	1
3265_reviewed	682_reviewed	1
81887_reviewed	79707_reviewed	1
9235_reviewed	7704_reviewed	1
5599_reviewed	598_reviewed	1
283899_reviewed	10445_reviewed	1
3316_reviewed	3316_reviewed	1
2314_reviewed	9208_reviewed	1
5252_reviewed	1642_reviewed	1
5245_reviewed	4869_reviewed	1
7189_reviewed	3308_reviewed	1
9401_reviewed	55388_reviewed	1
5901_reviewed	57510_reviewed	1
54386_reviewed	25913_reviewed	1
10528_reviewed	6142_reviewed	1
5702_reviewed	5689_reviewed	1
5926_reviewed	5931_reviewed	1
23649_reviewed	142_reviewed	1
4485_reviewed	7137_reviewed	1
2237_reviewed	5883_reviewed	1
5071_reviewed	4751_reviewed	1
1488_reviewed	5629_reviewed	1
23552_reviewed	1460_reviewed	1
902_reviewed	2068_reviewed	1
7706_reviewed	84617_reviewed	1
3397_reviewed	4654_reviewed	1
10919_reviewed	115426_reviewed	1
10238_reviewed	138639_reviewed	1
467_reviewed	5977_reviewed	0
6118_reviewed	4221_reviewed	1
23244_reviewed	10274_reviewed	1
150737_reviewed	28981_reviewed	1
5692_reviewed	5710_reviewed	1
10540_reviewed	115106_reviewed	1
10062_reviewed	6772_reviewed	1
6667_reviewed	5925_reviewed	1
2099_reviewed	4221_reviewed	1
5925_reviewed	7704_reviewed	1
11218_reviewed	6628_reviewed	1
4711_reviewed	4716_reviewed	1
79050_reviewed	83878_reviewed	1
2885_reviewed	4009_reviewed	1
29110_reviewed	79589_reviewed	1
8454_reviewed	26268_reviewed	1
10049_reviewed	9759_reviewed	1
54939_reviewed	150684_reviewed	1
6733_reviewed	55692_reviewed	1
84676_reviewed	5315_reviewed	1
9343_reviewed	2521_reviewed	1
10425_reviewed	2672_reviewed	1
7317_reviewed	7324_reviewed	1
1856_reviewed	8878_reviewed	1
2271_reviewed	471_reviewed	1
5687_reviewed	143471_reviewed	1
7181_reviewed	23028_reviewed	1
3312_reviewed	6132_reviewed	1
5460_reviewed	11060_reviewed	1
7421_reviewed	23411_reviewed	1
5538_reviewed	1397_reviewed	1
7067_reviewed	9862_reviewed	1
6143_reviewed	6208_reviewed	1
1852_reviewed	1848_reviewed	1
2534_reviewed	119_reviewed	1
8945_reviewed	3184_reviewed	1
55363_reviewed	57215_reviewed	1
4736_reviewed	6144_reviewed	1
151636_reviewed	151636_reviewed	1
57761_reviewed	6477_reviewed	1
1410_reviewed	1420_reviewed	1
7532_reviewed	10413_reviewed	1
3702_reviewed	3702_reviewed	1
25820_reviewed	7332_reviewed	1
6667_reviewed	142_reviewed	1
317_reviewed	51074_reviewed	1
9802_reviewed	9802_reviewed	1
142_reviewed	2308_reviewed	1
7316_reviewed	3329_reviewed	1
7520_reviewed	6749_reviewed	1
245973_reviewed	523_reviewed	1
9686_reviewed	7003_reviewed	1
28964_reviewed	28964_reviewed	1
4849_reviewed	4849_reviewed	0
3364_reviewed	4437_reviewed	1
1956_reviewed	2908_reviewed	1
8479_reviewed	1460_reviewed	1
1660_reviewed	3192_reviewed	1
9627_reviewed	5704_reviewed	1
6138_reviewed	6175_reviewed	1
6602_reviewed	10241_reviewed	1
7419_reviewed	509_reviewed	1
29979_reviewed	5663_reviewed	1
994_reviewed	3276_reviewed	1
10133_reviewed	10318_reviewed	1
1742_reviewed	2902_reviewed	0
3066_reviewed	10363_reviewed	1
2274_reviewed	2275_reviewed	1
50943_reviewed	10273_reviewed	1
23386_reviewed	55086_reviewed	1
30845_reviewed	85377_reviewed	1
29115_reviewed	4849_reviewed	0
659_reviewed	3815_reviewed	1
1499_reviewed	1649_reviewed	0
23595_reviewed	5000_reviewed	1
5914_reviewed	8202_reviewed	1
27338_reviewed	1499_reviewed	1
9099_reviewed	8737_reviewed	1
8470_reviewed	867_reviewed	1
3303_unreviewed	4481_reviewed	1
467_reviewed	3725_reviewed	1
57122_reviewed	55746_reviewed	1
117178_reviewed	374654_reviewed	1
6135_reviewed	7161_reviewed	1
3309_reviewed	10963_reviewed	1
55626_reviewed	10910_reviewed	1
10915_reviewed	55660_reviewed	0
8870_reviewed	4193_reviewed	1
3516_reviewed	8819_reviewed	0
79594_reviewed	9559_reviewed	1
7316_reviewed	11160_reviewed	1
9181_reviewed	10971_reviewed	1
5347_reviewed	995_reviewed	1
10120_reviewed	84516_reviewed	1
599_reviewed	147872_reviewed	1
9045_reviewed	6133_reviewed	1
3638_reviewed	10857_reviewed	1
2580_reviewed	900_reviewed	1
22806_reviewed	79637_reviewed	1
5997_reviewed	57622_reviewed	1
60412_reviewed	10640_reviewed	1
6300_reviewed	1739_reviewed	1
972_reviewed	3646_reviewed	1
8452_reviewed	57542_reviewed	1
6340_reviewed	4734_reviewed	1
5933_reviewed	1869_reviewed	1
4323_reviewed	4314_reviewed	1
26270_reviewed	56983_reviewed	1
26986_reviewed	3312_reviewed	1
7329_reviewed	10055_reviewed	1
5914_reviewed	4193_reviewed	1
4646_reviewed	10241_reviewed	1
3455_reviewed	3440_reviewed	1
56339_reviewed	9589_reviewed	1
1789_reviewed	23468_reviewed	1
1196_reviewed	9774_reviewed	1
4690_reviewed	5586_reviewed	1
56945_reviewed	64949_reviewed	1
6175_reviewed	6205_reviewed	1
1080_reviewed	7514_reviewed	1
4690_reviewed	1956_reviewed	1
79155_reviewed	137492_reviewed	1
84061_reviewed	201595_reviewed	1
5925_reviewed	5928_reviewed	1
8648_reviewed	9325_reviewed	1
9319_reviewed	132158_reviewed	1
6152_reviewed	6191_reviewed	1
539_reviewed	515_reviewed	1
582_reviewed	123016_reviewed	1
2261_reviewed	3326_reviewed	1
10891_reviewed	10128_reviewed	1
3916_reviewed	6520_reviewed	1
5335_reviewed	5979_reviewed	1
55603_reviewed	56647_reviewed	1
6638_reviewed	83732_reviewed	1
3660_reviewed	26145_reviewed	1
25_reviewed	3636_reviewed	1
7405_reviewed	23339_reviewed	1
6143_reviewed	6175_reviewed	1
55664_reviewed	7268_reviewed	1
8454_reviewed	84961_reviewed	1
1977_reviewed	5987_reviewed	1
5747_reviewed	5500_reviewed	1
10551_reviewed	1653_reviewed	1
11340_reviewed	23404_reviewed	1
10399_reviewed	7297_reviewed	1
145508_reviewed	22981_reviewed	1
9108_reviewed	25902_reviewed	1
7415_reviewed	5510_reviewed	1
5687_reviewed	5690_reviewed	1
29982_reviewed	30849_reviewed	1
4292_reviewed	71_reviewed	1
8835_reviewed	8471_reviewed	1
1312_reviewed	9319_reviewed	1
2885_reviewed	22806_reviewed	1
4804_reviewed	28986_reviewed	1
4255_reviewed	5111_reviewed	1
7846_reviewed	1468_reviewed	1
1956_reviewed	1003_reviewed	1
22899_reviewed	55165_reviewed	1
3107_reviewed	3804_reviewed	1
5590_reviewed	207_reviewed	1
7706_reviewed	2521_reviewed	1
5684_reviewed	5696_reviewed	1
1196_reviewed	9967_reviewed	1
6790_reviewed	10982_reviewed	1
7407_reviewed	1937_reviewed	1
128178_reviewed	23118_reviewed	1
10009_reviewed	7157_reviewed	1
10551_reviewed	5464_reviewed	1
6472_reviewed	10488_reviewed	1
55929_reviewed	10902_reviewed	1
26043_reviewed	55666_reviewed	1
23164_reviewed	54776_reviewed	1
6117_reviewed	4361_reviewed	1
6472_reviewed	10128_reviewed	1
55038_reviewed	7514_reviewed	1
6117_reviewed	10592_reviewed	1
7534_reviewed	56288_reviewed	1
117584_reviewed	80196_reviewed	1
2309_reviewed	8945_reviewed	1
7161_reviewed	4609_reviewed	1
8175_reviewed	10285_reviewed	1
2274_reviewed	4792_reviewed	0
8856_reviewed	8648_reviewed	1
3991_reviewed	5346_reviewed	1
7189_reviewed	207_reviewed	1
5000_reviewed	23594_reviewed	1
54891_reviewed	51377_reviewed	1
203076_reviewed	55170_reviewed	1
51520_reviewed	7317_reviewed	1
5436_reviewed	9440_reviewed	1
4609_reviewed	7019_reviewed	1
3845_reviewed	285761_reviewed	1
51574_reviewed	22916_reviewed	1
8740_reviewed	329_reviewed	1
2874_reviewed	7157_reviewed	1
10524_reviewed	8089_reviewed	1
3978_reviewed	8451_reviewed	1
53347_reviewed	867_reviewed	1
7157_reviewed	9232_reviewed	1
5501_reviewed	55914_reviewed	1
55320_reviewed	11143_reviewed	1
6733_reviewed	51747_reviewed	1
57162_reviewed	7157_reviewed	1
203228_reviewed	55255_reviewed	1
2969_reviewed	4609_reviewed	1
5914_reviewed	8648_reviewed	1
5036_reviewed	6141_reviewed	1
2091_reviewed	51096_reviewed	1
153241_reviewed	152185_reviewed	1
1025_reviewed	871_reviewed	1
2886_reviewed	3815_reviewed	1
3178_reviewed	11331_reviewed	1
5573_reviewed	23598_reviewed	1
7157_reviewed	152006_reviewed	1
116986_reviewed	207_reviewed	1
7157_reviewed	9532_reviewed	1
22909_reviewed	5378_reviewed	1
5727_reviewed	6500_reviewed	1
1487_reviewed	6935_reviewed	1
1956_reviewed	3843_reviewed	1
1386_reviewed	7329_reviewed	1
3091_reviewed	5315_reviewed	1
6136_reviewed	6188_reviewed	1
221302_reviewed	6117_reviewed	1
26524_reviewed	252983_reviewed	1
54881_reviewed	79707_reviewed	1
6625_reviewed	8683_reviewed	1
860_reviewed	10014_reviewed	1
10670_reviewed	8131_reviewed	1
2801_reviewed	84619_reviewed	1
9021_reviewed	55201_reviewed	1
3320_reviewed	1111_reviewed	1
63943_reviewed	10869_reviewed	1
161198_reviewed	79812_reviewed	1
6811_reviewed	8775_reviewed	1
11329_reviewed	7187_reviewed	1
165918_reviewed	7316_reviewed	1
1080_reviewed	10575_reviewed	1
6625_reviewed	55037_reviewed	1
10426_reviewed	3959_reviewed	1
55662_reviewed	85302_reviewed	1
1956_reviewed	23265_reviewed	1
23390_reviewed	51059_reviewed	1
5728_reviewed	81609_reviewed	1
6788_reviewed	60485_reviewed	1
8533_reviewed	8450_reviewed	1
80254_reviewed	167838_reviewed	1
22981_reviewed	1783_reviewed	1
5829_reviewed	10013_reviewed	1
2547_reviewed	6418_reviewed	1
54951_reviewed	23412_reviewed	1
6801_reviewed	908_reviewed	1
1956_reviewed	23294_reviewed	1
8503_reviewed	51329_reviewed	1
4609_reviewed	8604_reviewed	1
51741_reviewed	7161_reviewed	1
6602_reviewed	6760_reviewed	1
4792_reviewed	3178_reviewed	1
8878_reviewed	387338_reviewed	1
6915_reviewed	7534_reviewed	1
8517_reviewed	2268_reviewed	1
4609_reviewed	3091_reviewed	1
9246_reviewed	255488_reviewed	1
55917_reviewed	25843_reviewed	1
4188_reviewed	79843_reviewed	1
23542_reviewed	5603_reviewed	1
6199_reviewed	6187_reviewed	1
2547_reviewed	10013_reviewed	1
8615_reviewed	84970_reviewed	1
5228_reviewed	7422_reviewed	1
3725_reviewed	11143_reviewed	1
5501_reviewed	9972_reviewed	1
861_reviewed	2000_reviewed	1
2091_reviewed	25879_reviewed	1
2091_reviewed	708_reviewed	1
23435_reviewed	10146_reviewed	1
4739_reviewed	7431_reviewed	1
1432_reviewed	10467_reviewed	1
2631_reviewed	8508_reviewed	1
51574_reviewed	5814_reviewed	1
2932_reviewed	7157_reviewed	1
50813_reviewed	80344_reviewed	1
3313_reviewed	728489_reviewed	1
26353_reviewed	27129_reviewed	1
51574_reviewed	26135_reviewed	1
10188_reviewed	4734_reviewed	1
11140_reviewed	10521_reviewed	1
9603_reviewed	23764_reviewed	1
10533_reviewed	5580_reviewed	1
4438_reviewed	8665_reviewed	1
8842_reviewed	7251_reviewed	1
10015_reviewed	10016_reviewed	1
3178_reviewed	60488_reviewed	1
9223_reviewed	9873_reviewed	1
8452_reviewed	1856_reviewed	1
7410_reviewed	930_reviewed	1
1741_reviewed	2904_reviewed	1
5692_reviewed	5707_reviewed	1
8431_reviewed	367_reviewed	1
51073_reviewed	79590_reviewed	1
10614_reviewed	1459_reviewed	1
55117_reviewed	51651_reviewed	1
1014_reviewed	1410_reviewed	1
999_reviewed	1434_reviewed	1
8732_reviewed	5432_reviewed	1
94081_reviewed	92609_reviewed	1
6788_reviewed	6789_reviewed	1
6625_reviewed	11051_reviewed	1
7706_reviewed	26986_reviewed	1
4000_reviewed	4001_reviewed	1
6396_reviewed	89866_reviewed	1
10980_reviewed	144699_reviewed	1
3980_reviewed	7520_reviewed	1
367_reviewed	26524_reviewed	1
2752_reviewed	2752_reviewed	1
374291_reviewed	6341_reviewed	1
1630_reviewed	1968_reviewed	1
2626_reviewed	9464_reviewed	1
1499_reviewed	5829_reviewed	1
6147_reviewed	6133_reviewed	1
26259_reviewed	10574_reviewed	1
8878_reviewed	57761_reviewed	1
5144_reviewed	4067_reviewed	1
149371_reviewed	5899_reviewed	1
8449_reviewed	9785_reviewed	1
5688_reviewed	5693_reviewed	1
1759_reviewed	273_reviewed	1
10553_reviewed	5868_reviewed	1
896_reviewed	55388_reviewed	1
5885_reviewed	2275_reviewed	1
4092_reviewed	4734_reviewed	1
6500_reviewed	55336_reviewed	1
157570_reviewed	4173_reviewed	1
5706_reviewed	5690_reviewed	1
64400_reviewed	51361_reviewed	1
7415_reviewed	2631_reviewed	1
9861_reviewed	5718_reviewed	1
5777_reviewed	27292_reviewed	1
9531_reviewed	2762_reviewed	1
79155_reviewed	55269_reviewed	1
23327_reviewed	10422_reviewed	1
5788_reviewed	23193_reviewed	1
51073_reviewed	3329_reviewed	1
7181_reviewed	7182_reviewed	1
1647_reviewed	1647_reviewed	1
5292_reviewed	5243_reviewed	1
81030_reviewed	1488_reviewed	1
54165_reviewed	8454_reviewed	1
51341_reviewed	604_reviewed	1
11201_reviewed	51455_reviewed	1
11329_reviewed	10746_reviewed	1
2740_reviewed	3426_reviewed	1
10528_reviewed	23521_reviewed	1
4773_reviewed	5590_reviewed	1
55011_reviewed	11319_reviewed	1
54487_reviewed	3609_reviewed	1
5629_reviewed	7068_reviewed	0
10657_reviewed	3276_reviewed	1
641_reviewed	7486_reviewed	1
9318_reviewed	5700_reviewed	1
9217_reviewed	151393_reviewed	1
2932_reviewed	8945_reviewed	1
6880_reviewed	6873_reviewed	1
24144_reviewed	26121_reviewed	1
10419_reviewed	6720_reviewed	1
81847_reviewed	7520_reviewed	1
998_reviewed	54206_reviewed	1
5686_reviewed	5709_reviewed	1
4609_reviewed	3070_reviewed	1
2959_reviewed	2963_reviewed	1
4193_reviewed	3716_reviewed	1
10551_reviewed	10093_reviewed	1
3875_reviewed	84260_reviewed	1
4103_reviewed	56852_reviewed	1
163_reviewed	4292_reviewed	1
10014_reviewed	5586_reviewed	1
836_reviewed	5925_reviewed	1
3660_reviewed	4691_reviewed	1
5727_reviewed	6608_reviewed	1
3866_reviewed	51421_reviewed	1
3895_reviewed	1936_reviewed	1
7319_reviewed	5709_reviewed	1
5691_reviewed	10213_reviewed	1
2146_reviewed	23196_reviewed	1
7334_reviewed	5987_reviewed	1
3315_reviewed	1415_reviewed	1
1630_reviewed	9423_reviewed	1
11091_reviewed	4298_reviewed	1
29947_reviewed	5970_reviewed	1
695_reviewed	10657_reviewed	1
9958_reviewed	7316_reviewed	1
29945_reviewed	29945_reviewed	1
7337_reviewed	5685_reviewed	1
387_reviewed	8772_reviewed	1
9782_reviewed	10236_reviewed	1
25886_reviewed	10576_reviewed	1
7490_reviewed	1857_reviewed	1
7514_reviewed	23039_reviewed	1
7329_reviewed	2494_reviewed	1
4796_reviewed	4173_reviewed	1
4205_reviewed	4209_reviewed	1
5496_reviewed	51574_reviewed	1
5501_reviewed	6142_reviewed	1
10188_reviewed	207_reviewed	1
51185_reviewed	682_reviewed	1
84749_reviewed	7316_reviewed	1
28996_reviewed	8535_reviewed	1
7317_reviewed	11065_reviewed	1
51298_reviewed	22948_reviewed	1
9021_reviewed	2057_reviewed	1
4893_reviewed	23042_reviewed	1
4609_reviewed	57805_reviewed	1
84959_reviewed	60_reviewed	1
51185_reviewed	1452_reviewed	1
7428_reviewed	7316_reviewed	1
7124_reviewed	8737_reviewed	1
1445_reviewed	3480_reviewed	1
8452_reviewed	253980_reviewed	1
9401_reviewed	4174_reviewed	1
1956_reviewed	8879_reviewed	1
51574_reviewed	55226_reviewed	1
6652_reviewed	6888_reviewed	1
161_reviewed	1601_reviewed	1
4188_reviewed	7597_reviewed	1
26258_reviewed	220134_reviewed	1
1956_reviewed	1154_reviewed	1
64946_reviewed	64105_reviewed	1
9575_reviewed	9975_reviewed	1
80306_reviewed	23097_reviewed	1
401541_reviewed	79682_reviewed	1
7189_reviewed	8878_reviewed	1
1025_reviewed	6917_reviewed	1
3661_reviewed	7726_reviewed	1
151987_reviewed	55671_reviewed	1
6256_reviewed	9970_reviewed	1
79682_reviewed	5347_reviewed	1
57763_reviewed	83987_reviewed	1
7067_reviewed	23426_reviewed	1
1080_reviewed	10808_reviewed	1
5515_reviewed	1612_reviewed	1
10403_reviewed	5701_reviewed	1
4609_reviewed	284119_reviewed	1
79441_reviewed	54801_reviewed	1
29117_reviewed	7157_reviewed	1
79004_reviewed	996_reviewed	1
55643_reviewed	10980_reviewed	1
6714_reviewed	10188_reviewed	1
7529_reviewed	3831_reviewed	1
50807_reviewed	23607_reviewed	1
3312_reviewed	1801_reviewed	1
8065_reviewed	10489_reviewed	1
2099_reviewed	3315_reviewed	1
51343_reviewed	5599_reviewed	1
5565_reviewed	57620_reviewed	1
51343_reviewed	5621_reviewed	0
4714_reviewed	54539_reviewed	1
1490_reviewed	7422_reviewed	1
5983_reviewed	5111_reviewed	1
7905_reviewed	113178_reviewed	1
898_reviewed	3009_reviewed	1
5252_reviewed	8450_reviewed	1
3265_reviewed	4067_reviewed	1
10097_reviewed	10093_reviewed	1
921_reviewed	867_reviewed	1
7128_reviewed	7534_reviewed	1
10618_reviewed	55717_reviewed	1
1021_reviewed	1600_reviewed	1
689_reviewed	342538_reviewed	1
7534_reviewed	55095_reviewed	1
79884_reviewed	7157_reviewed	1
23770_reviewed	5708_reviewed	1
8626_reviewed	10492_reviewed	1
25959_reviewed	8648_reviewed	1
4543_reviewed	55161_reviewed	1
1454_reviewed	642273_reviewed	1
6199_reviewed	9045_reviewed	1
3725_reviewed	1386_reviewed	1
4513_reviewed	7417_reviewed	1
821_reviewed	10525_reviewed	1
1407_reviewed	5519_reviewed	1
5520_reviewed	6205_reviewed	1
6416_reviewed	83737_reviewed	1
6776_reviewed	90480_reviewed	0
2146_reviewed	5934_reviewed	1
10912_reviewed	10813_reviewed	1
9276_reviewed	372_reviewed	1
219699_reviewed	1612_reviewed	1
6850_reviewed	5295_reviewed	1
51013_reviewed	54512_reviewed	1
6688_reviewed	3394_reviewed	1
1027_reviewed	7248_reviewed	0
5701_reviewed	5710_reviewed	1
7157_reviewed	10273_reviewed	1
5481_reviewed	2547_reviewed	1
2494_reviewed	1385_reviewed	1
51343_reviewed	4751_reviewed	1
5685_reviewed	5708_reviewed	1
7324_reviewed	55905_reviewed	1
9212_reviewed	9903_reviewed	1
5886_reviewed	8878_reviewed	1
9441_reviewed	6908_reviewed	1
79797_reviewed	80321_reviewed	1
7531_reviewed	84148_reviewed	1
5600_reviewed	1852_reviewed	1
6477_reviewed	27101_reviewed	1
6548_reviewed	9020_reviewed	1
5499_reviewed	5527_reviewed	1
7428_reviewed	5436_reviewed	1
6137_reviewed	6138_reviewed	1
1616_reviewed	7874_reviewed	1
23030_reviewed	5929_reviewed	1
10014_reviewed	10971_reviewed	1
868_reviewed	2885_reviewed	1
64601_reviewed	23355_reviewed	1
4253_reviewed	10113_reviewed	1
8312_reviewed	1616_reviewed	1
29079_reviewed	154796_reviewed	1
7179_reviewed	29927_reviewed	1
7374_reviewed	5423_reviewed	1
7709_reviewed	7709_reviewed	1
1410_reviewed	351_reviewed	1
57763_reviewed	5993_reviewed	1
10007_reviewed	132789_reviewed	1
1540_reviewed	7846_reviewed	1
3221_reviewed	54904_reviewed	1
30835_reviewed	3959_reviewed	1
4849_reviewed	9125_reviewed	1
7431_reviewed	64780_reviewed	1
5684_reviewed	10576_reviewed	1
7965_reviewed	7317_reviewed	1
9542_reviewed	2066_reviewed	1
6867_reviewed	23424_reviewed	1
22882_reviewed	23051_reviewed	1
23492_reviewed	1460_reviewed	1
23770_reviewed	54583_reviewed	1
4609_reviewed	8945_reviewed	1
5245_reviewed	302_reviewed	1
408_reviewed	9146_reviewed	1
7415_reviewed	6203_reviewed	1
2185_reviewed	9564_reviewed	1
57822_reviewed	57822_reviewed	1
7486_reviewed	7157_reviewed	1
7021_reviewed	8089_reviewed	1
10399_reviewed	2626_reviewed	1
23327_reviewed	84081_reviewed	1
5565_reviewed	2997_reviewed	1
9927_reviewed	54708_reviewed	1
25842_reviewed	4796_reviewed	1
5045_reviewed	55690_reviewed	1
5500_reviewed	63898_reviewed	1
55908_reviewed	55908_reviewed	1
823_reviewed	2189_reviewed	1
10541_reviewed	3836_reviewed	1
6198_reviewed	8665_reviewed	1
5515_reviewed	2235_reviewed	1
6310_reviewed	9666_reviewed	1
6196_reviewed	2926_reviewed	1
57180_reviewed	10093_reviewed	1
114609_reviewed	7099_reviewed	1
3611_reviewed	10694_reviewed	1
10551_reviewed	7430_reviewed	1
1020_reviewed	908_reviewed	1
9577_reviewed	7157_reviewed	1
1642_reviewed	25942_reviewed	1
9589_reviewed	10155_reviewed	1
23429_reviewed	92565_reviewed	1
5898_reviewed	5337_reviewed	1
6999_reviewed	8623_reviewed	1
7329_reviewed	84675_reviewed	1
84433_reviewed	51255_reviewed	1
163_reviewed	26119_reviewed	1
5774_reviewed	27101_reviewed	1
6132_reviewed	6207_reviewed	1
8613_reviewed	8613_reviewed	1
4609_reviewed	2926_reviewed	1
51117_reviewed	51117_reviewed	1
6132_reviewed	6187_reviewed	1
70_reviewed	8976_reviewed	1
7316_reviewed	908_reviewed	1
6886_reviewed	6938_reviewed	1
166_reviewed	7185_reviewed	1
5566_reviewed	572_reviewed	1
1616_reviewed	5970_reviewed	1
10189_reviewed	11338_reviewed	1
8905_reviewed	54812_reviewed	1
5987_reviewed	4193_reviewed	1
6134_reviewed	6122_reviewed	1
7405_reviewed	55823_reviewed	1
80254_reviewed	22994_reviewed	1
58488_reviewed	5077_reviewed	1
2241_reviewed	2017_reviewed	1
7556_reviewed	10155_reviewed	1
5565_reviewed	5837_reviewed	1
8625_reviewed	5993_reviewed	1
3326_reviewed	10273_reviewed	1
9482_reviewed	8775_reviewed	1
6500_reviewed	54461_reviewed	1
4791_reviewed	4791_reviewed	1
4343_reviewed	5725_reviewed	1
8453_reviewed	50813_reviewed	1
26088_reviewed	23062_reviewed	1
5515_reviewed	51400_reviewed	1
23512_reviewed	79084_reviewed	1
595_reviewed	5888_reviewed	1
867_reviewed	203068_reviewed	1
1026_reviewed	142_reviewed	1
201163_reviewed	10598_reviewed	1
1482_reviewed	6910_reviewed	1
29979_reviewed	3480_reviewed	1
8312_reviewed	7157_reviewed	1
25793_reviewed	5689_reviewed	1
51634_reviewed	1659_reviewed	1
2896_reviewed	3198_reviewed	1
3843_reviewed	3836_reviewed	1
6772_reviewed	6773_reviewed	1
9318_reviewed	60491_reviewed	1
8945_reviewed	6500_reviewed	1
22941_reviewed	2017_reviewed	1
116143_reviewed	5501_reviewed	1
8533_reviewed	55643_reviewed	1
10013_reviewed	9636_reviewed	1
117854_reviewed	4609_reviewed	1
3312_reviewed	9632_reviewed	1
51647_reviewed	2068_reviewed	1
93973_reviewed	4798_reviewed	1
63943_reviewed	54851_reviewed	1
1857_reviewed	1457_reviewed	1
5111_reviewed	26073_reviewed	1
329_reviewed	27338_reviewed	1
5691_reviewed	5691_reviewed	1
8405_reviewed	1386_reviewed	1
53981_reviewed	81608_reviewed	1
2099_reviewed	4255_reviewed	1
149041_reviewed	292_reviewed	1
8417_reviewed	10228_reviewed	1
56931_reviewed	6301_reviewed	1
151531_reviewed	151531_reviewed	1
54971_reviewed	79959_reviewed	1
79913_reviewed	54891_reviewed	1
2122_reviewed	4088_reviewed	1
26959_reviewed	10048_reviewed	1
2091_reviewed	6205_reviewed	1
1326_reviewed	1147_reviewed	1
5071_reviewed	6059_reviewed	1
4000_reviewed	10762_reviewed	1
945_reviewed	5777_reviewed	1
6929_reviewed	863_reviewed	1
1024_reviewed	9443_reviewed	1
2260_reviewed	58_reviewed	1
5966_reviewed	5970_reviewed	1
79867_reviewed	79796_reviewed	1
23429_reviewed	57666_reviewed	1
23607_reviewed	6456_reviewed	1
6790_reviewed	10460_reviewed	1
4664_reviewed	1958_reviewed	1
7179_reviewed	28969_reviewed	1
9001_reviewed	9638_reviewed	1
4149_reviewed	4149_reviewed	1
57521_reviewed	57521_reviewed	1
7334_reviewed	55743_reviewed	1
8732_reviewed	5434_reviewed	1
8835_reviewed	3480_reviewed	1
6521_reviewed	22950_reviewed	1
3280_reviewed	2175_reviewed	1
10413_reviewed	860_reviewed	1
56257_reviewed	51637_reviewed	1
9879_reviewed	9295_reviewed	1
8073_reviewed	8237_reviewed	1
4609_reviewed	3420_reviewed	1
24138_reviewed	8517_reviewed	1
6194_reviewed	6203_reviewed	1
2305_reviewed	2146_reviewed	1
83540_reviewed	11243_reviewed	1
22820_reviewed	1314_reviewed	1
5245_reviewed	6045_reviewed	1
3320_reviewed	6795_reviewed	1
10238_reviewed	10024_reviewed	1
9128_reviewed	10465_reviewed	1
3612_reviewed	3612_reviewed	1
1616_reviewed	10445_reviewed	1
1616_reviewed	3315_reviewed	1
9802_reviewed	23543_reviewed	1
7157_reviewed	79594_reviewed	1
7157_reviewed	908_reviewed	1
329_reviewed	55611_reviewed	1
6133_reviewed	6189_reviewed	1
3090_reviewed	6934_reviewed	1
1457_reviewed	7874_reviewed	1
3192_reviewed	6191_reviewed	1
7150_reviewed	83743_reviewed	1
604_reviewed	53335_reviewed	1
2931_reviewed	5504_reviewed	1
4609_reviewed	5499_reviewed	1
10403_reviewed	57658_reviewed	1
25788_reviewed	25788_reviewed	1
2152_reviewed	2155_reviewed	1
10946_reviewed	9092_reviewed	1
2104_reviewed	7088_reviewed	1
9217_reviewed	7917_reviewed	1
5965_reviewed	3840_reviewed	1
5982_reviewed	5983_reviewed	1
51147_reviewed	79960_reviewed	1
4893_reviewed	1186_reviewed	1
2534_reviewed	10278_reviewed	1
4000_reviewed	22974_reviewed	1
51574_reviewed	6738_reviewed	1
150737_reviewed	80173_reviewed	1
4609_reviewed	81608_reviewed	1
51574_reviewed	64978_reviewed	1
6432_reviewed	6434_reviewed	1
23327_reviewed	2887_reviewed	1
811_reviewed	351_reviewed	1
4313_reviewed	3685_reviewed	1
3480_reviewed	5921_reviewed	1
7157_reviewed	56254_reviewed	1
2932_reviewed	6591_reviewed	1
1147_reviewed	27113_reviewed	1
10450_reviewed	55696_reviewed	1
7067_reviewed	10025_reviewed	1
1616_reviewed	4221_reviewed	1
8772_reviewed	8772_reviewed	1
166824_reviewed	6788_reviewed	1
7157_reviewed	6175_reviewed	1
64419_reviewed	9997_reviewed	1
25_reviewed	7874_reviewed	1
11140_reviewed	10724_reviewed	1
29079_reviewed	9440_reviewed	1
5894_reviewed	813_reviewed	1
596_reviewed	638_reviewed	1
4654_reviewed	1019_reviewed	1
79576_reviewed	51631_reviewed	1
3178_reviewed	3396_reviewed	1
6194_reviewed	23076_reviewed	1
3998_reviewed	821_reviewed	1
7083_reviewed	55791_reviewed	1
79871_reviewed	8409_reviewed	1
26270_reviewed	5738_reviewed	1
54550_reviewed	79172_reviewed	1
54465_reviewed	6596_reviewed	1
4734_reviewed	5911_reviewed	1
4000_reviewed	26054_reviewed	1
10413_reviewed	7529_reviewed	1
10818_reviewed	867_reviewed	1
7421_reviewed	862_reviewed	1
138009_reviewed	5495_reviewed	1
8405_reviewed	8452_reviewed	1
153_reviewed	10755_reviewed	1
8471_reviewed	2885_reviewed	1
6667_reviewed	4613_reviewed	1
8500_reviewed	80852_reviewed	1
3569_reviewed	3570_reviewed	1
8202_reviewed	8405_reviewed	1
11201_reviewed	7316_reviewed	1
958_reviewed	3551_reviewed	1
7409_reviewed	7846_reviewed	1
1956_reviewed	10015_reviewed	1
8216_reviewed	5894_reviewed	1
4692_reviewed	54518_reviewed	1
4193_reviewed	9260_reviewed	1
8835_reviewed	2778_reviewed	1
5536_reviewed	10963_reviewed	1
51202_reviewed	988_reviewed	1
10421_reviewed	9416_reviewed	1
8651_reviewed	7410_reviewed	1
3837_reviewed	1104_reviewed	1
5683_reviewed	9097_reviewed	1
7181_reviewed	367_reviewed	1
5371_reviewed	1956_reviewed	1
7529_reviewed	9414_reviewed	1
867_reviewed	868_reviewed	1
6175_reviewed	6187_reviewed	1
81786_reviewed	2992_reviewed	1
23322_reviewed	9851_reviewed	1
1020_reviewed	81565_reviewed	1
54556_reviewed	10933_reviewed	1
9131_reviewed	89941_reviewed	1
4193_reviewed	4869_reviewed	1
9894_reviewed	80185_reviewed	1
7316_reviewed	79931_reviewed	1
29117_reviewed	5295_reviewed	1
54984_reviewed	1665_reviewed	1
57461_reviewed	1659_reviewed	1
5530_reviewed	79624_reviewed	1
56984_reviewed	5685_reviewed	1
6810_reviewed	10228_reviewed	1
8531_reviewed	8189_reviewed	1
4609_reviewed	10921_reviewed	1
1031_reviewed	1021_reviewed	1
7150_reviewed	9343_reviewed	1
1080_reviewed	10294_reviewed	1
6389_reviewed	6390_reviewed	1
5393_reviewed	10767_reviewed	1
54534_reviewed	6150_reviewed	1
9318_reviewed	5702_reviewed	1
5518_reviewed	708_reviewed	1
1386_reviewed	4088_reviewed	1
7024_reviewed	58160_reviewed	1
7080_reviewed	5111_reviewed	1
3454_reviewed	3455_reviewed	1
4691_reviewed	10189_reviewed	1
57599_reviewed	55215_reviewed	1
64398_reviewed	154810_reviewed	1
506_reviewed	526_reviewed	1
5682_reviewed	5714_reviewed	1
22832_reviewed	5831_reviewed	1
1956_reviewed	23597_reviewed	1
5682_reviewed	5709_reviewed	1
1022_reviewed	2073_reviewed	1
51324_reviewed	56474_reviewed	1
321_reviewed	63941_reviewed	1
5578_reviewed	1956_reviewed	1
10240_reviewed	51081_reviewed	1
9031_reviewed	7913_reviewed	1
8819_reviewed	58516_reviewed	1
22854_reviewed	57689_reviewed	1
7179_reviewed	23066_reviewed	1
54998_reviewed	55173_reviewed	1
2091_reviewed	23212_reviewed	1
9564_reviewed	84662_reviewed	1
9146_reviewed	10211_reviewed	1
22919_reviewed	7013_reviewed	1
10262_reviewed	10992_reviewed	1
2120_reviewed	2885_reviewed	1
830_reviewed	55604_reviewed	1
4292_reviewed	4438_reviewed	1
9782_reviewed	10147_reviewed	1
1630_reviewed	26060_reviewed	1
1973_reviewed	3315_reviewed	0
8835_reviewed	1468_reviewed	1
8667_reviewed	56339_reviewed	1
129880_reviewed	582_reviewed	1
322_reviewed	55740_reviewed	1
5702_reviewed	5693_reviewed	1
7874_reviewed	29128_reviewed	1
11020_reviewed	127733_reviewed	1
56257_reviewed	6175_reviewed	1
23476_reviewed	8019_reviewed	1
64400_reviewed	4001_reviewed	1
4722_reviewed	10989_reviewed	1
9694_reviewed	51234_reviewed	1
1173_reviewed	8650_reviewed	1
57129_reviewed	54534_reviewed	1
29128_reviewed	54887_reviewed	1
84861_reviewed	5347_reviewed	1
930_reviewed	1380_reviewed	1
10580_reviewed	867_reviewed	1
5599_reviewed	4609_reviewed	1
5694_reviewed	5718_reviewed	1
60561_reviewed	8775_reviewed	1
10528_reviewed	4736_reviewed	1
2274_reviewed	860_reviewed	1
64127_reviewed	1540_reviewed	1
84676_reviewed	8557_reviewed	1
23132_reviewed	10238_reviewed	1
23090_reviewed	142_reviewed	1
57062_reviewed	10528_reviewed	1
7015_reviewed	4193_reviewed	1
1080_reviewed	4072_reviewed	1
8841_reviewed	6950_reviewed	1
7531_reviewed	23367_reviewed	1
283807_reviewed	6500_reviewed	1
55006_reviewed	4528_reviewed	1
5071_reviewed	1020_reviewed	1
11065_reviewed	991_reviewed	1
5688_reviewed	5692_reviewed	1
6657_reviewed	57805_reviewed	1
51602_reviewed	25879_reviewed	1
2059_reviewed	6464_reviewed	1
1051_reviewed	2099_reviewed	1
5252_reviewed	9112_reviewed	1
5468_reviewed	10524_reviewed	1
580_reviewed	55284_reviewed	1
10284_reviewed	22985_reviewed	1
51741_reviewed	10291_reviewed	1
51253_reviewed	3329_reviewed	1
4286_reviewed	7329_reviewed	1
2597_reviewed	5230_reviewed	1
4171_reviewed	51053_reviewed	0
2566_reviewed	1816_reviewed	1
5599_reviewed	2002_reviewed	1
867_reviewed	4486_reviewed	1
8503_reviewed	50855_reviewed	1
1848_reviewed	22827_reviewed	0
10892_reviewed	23118_reviewed	1
1191_reviewed	3309_reviewed	1
5071_reviewed	5347_reviewed	1
79960_reviewed	1499_reviewed	1
51295_reviewed	5664_reviewed	1
1499_reviewed	5468_reviewed	1
4609_reviewed	9111_reviewed	1
2176_reviewed	1487_reviewed	1
5510_reviewed	5499_reviewed	1
3217_reviewed	142_reviewed	1
27336_reviewed	8175_reviewed	1
10413_reviewed	11228_reviewed	1
1198_reviewed	10197_reviewed	1
3622_reviewed	64426_reviewed	1
138151_reviewed	9112_reviewed	1
375_reviewed	23163_reviewed	1
26271_reviewed	8881_reviewed	1
9425_reviewed	3066_reviewed	1
10454_reviewed	10616_reviewed	0
6117_reviewed	5981_reviewed	1
7329_reviewed	5465_reviewed	1
10013_reviewed	3320_reviewed	1
7128_reviewed	54101_unreviewed	1
1026_reviewed	51514_reviewed	1
10179_reviewed	10992_reviewed	1
10238_reviewed	7203_reviewed	1
540_reviewed	1191_reviewed	1
4846_reviewed	11140_reviewed	1
25839_reviewed	91949_reviewed	1
3688_reviewed	23163_reviewed	1
433_reviewed	9695_reviewed	1
51574_reviewed	5955_reviewed	1
1263_reviewed	701_reviewed	1
4170_reviewed	7189_reviewed	1
596_reviewed	578_reviewed	1
988_reviewed	988_reviewed	1
9662_reviewed	8481_reviewed	1
1656_reviewed	11273_reviewed	1
2648_reviewed	2547_reviewed	1
219541_reviewed	10001_reviewed	1
6755_reviewed	6755_reviewed	1
9775_reviewed	10450_reviewed	1
7534_reviewed	7431_reviewed	1
10943_reviewed	55167_reviewed	1
1649_reviewed	8405_reviewed	1
3768_reviewed	320_reviewed	1
8626_reviewed	6996_reviewed	1
9903_reviewed	22919_reviewed	1
8318_reviewed	4176_reviewed	1
79370_reviewed	10987_reviewed	1
55660_reviewed	6625_reviewed	1
1080_reviewed	10613_reviewed	1
3178_reviewed	22803_reviewed	1
54534_reviewed	63875_reviewed	1
5594_reviewed	5894_reviewed	1
7706_reviewed	5315_reviewed	1
5036_reviewed	6138_reviewed	1
5894_reviewed	572_reviewed	1
56257_reviewed	6208_reviewed	1
1975_reviewed	8663_reviewed	1
1647_reviewed	6256_reviewed	1
3621_reviewed	3838_reviewed	1
10616_reviewed	10616_reviewed	1
5538_reviewed	7417_reviewed	1
839_reviewed	841_reviewed	1
5710_reviewed	5707_reviewed	1
7846_reviewed	91875_reviewed	1
79577_reviewed	54623_reviewed	1
6138_reviewed	6142_reviewed	1
5682_reviewed	5705_reviewed	1
22981_reviewed	79598_reviewed	1
1024_reviewed	9862_reviewed	1
2547_reviewed	3728_reviewed	1
28986_reviewed	333_reviewed	0
70_reviewed	84085_reviewed	1
1647_reviewed	6790_reviewed	1
6440_reviewed	84283_reviewed	1
7137_reviewed	7139_reviewed	1
2643_reviewed	7534_reviewed	1
7329_reviewed	7703_reviewed	1
515_reviewed	10476_reviewed	1
5979_reviewed	1796_reviewed	1
54971_reviewed	84456_reviewed	1
5295_reviewed	930_reviewed	1
28988_reviewed	11184_reviewed	1
6625_reviewed	9584_reviewed	1
257397_reviewed	8678_reviewed	1
5601_reviewed	5609_reviewed	1
80153_reviewed	1656_reviewed	1
392_reviewed	5879_reviewed	1
5978_reviewed	10014_reviewed	1
7706_reviewed	84319_reviewed	1
64210_reviewed	55140_reviewed	1
10250_reviewed	5411_reviewed	1
55763_reviewed	23233_reviewed	1
1788_reviewed	23468_reviewed	1
8518_reviewed	8518_reviewed	1
3190_reviewed	79171_reviewed	1
3611_reviewed	10574_reviewed	1
23396_reviewed	27131_reviewed	1
6625_reviewed	58517_reviewed	1
1459_reviewed	26053_reviewed	1
1499_reviewed	2521_reviewed	1
30011_reviewed	79720_reviewed	1
3066_reviewed	5925_reviewed	1
23770_reviewed	10910_reviewed	1
5371_reviewed	6497_reviewed	1
8648_reviewed	6927_reviewed	1
3927_reviewed	9319_reviewed	1
28999_reviewed	8850_reviewed	1
6137_reviewed	6124_reviewed	1
55705_reviewed	3842_reviewed	1
7415_reviewed	83743_reviewed	1
1499_reviewed	890_reviewed	1
27429_reviewed	1447_reviewed	1
11200_reviewed	10197_reviewed	1
51574_reviewed	10240_reviewed	1
4085_reviewed	81628_reviewed	1
10618_reviewed	9524_reviewed	1
3608_reviewed	10111_reviewed	1
3320_reviewed	7415_reviewed	1
23047_reviewed	5885_reviewed	1
130617_reviewed	7917_reviewed	1
7528_reviewed	4609_reviewed	1
55823_reviewed	57617_reviewed	1
10298_reviewed	7157_reviewed	1
55037_reviewed	64960_reviewed	1
8894_reviewed	54496_reviewed	1
5695_reviewed	5713_reviewed	1
7428_reviewed	6188_reviewed	1
9252_reviewed	5970_reviewed	1
261726_reviewed	7511_reviewed	1
5770_reviewed	3643_reviewed	1
7329_reviewed	7329_reviewed	1
348_reviewed	7804_reviewed	1
5970_reviewed	7291_reviewed	1
51574_reviewed	293_reviewed	1
6790_reviewed	2932_reviewed	1
55367_reviewed	5985_reviewed	1
51377_reviewed	51377_reviewed	1
637_reviewed	6117_reviewed	1
2181_reviewed	2182_reviewed	1
6477_reviewed	573_reviewed	1
64110_reviewed	64210_reviewed	1
9584_reviewed	3725_reviewed	1
5356_reviewed	22938_reviewed	1
23633_reviewed	3837_reviewed	1
5537_reviewed	6885_reviewed	1
821_reviewed	7385_reviewed	1
81620_reviewed	51343_reviewed	1
11184_reviewed	11184_reviewed	1
6442_reviewed	6449_reviewed	1
10001_reviewed	9282_reviewed	1
10919_reviewed	1788_reviewed	1
10664_reviewed	142_reviewed	1
4137_reviewed	6733_reviewed	1
100506658_reviewed	7046_reviewed	1
6449_reviewed	439_reviewed	1
894_reviewed	5925_reviewed	1
550_reviewed	51465_reviewed	1
5710_reviewed	5688_reviewed	1
4799_reviewed	25942_reviewed	1
7957_reviewed	378884_reviewed	1
10211_reviewed	10580_reviewed	1
6502_reviewed	1026_reviewed	1
81030_reviewed	7187_reviewed	1
23390_reviewed	10163_reviewed	1
4615_reviewed	3663_reviewed	1
56899_reviewed	7316_reviewed	1
2034_reviewed	3725_reviewed	1
27316_reviewed	27316_reviewed	1
578_reviewed	7417_reviewed	1
842_reviewed	25_reviewed	1
3831_reviewed	351_reviewed	1
81930_reviewed	26128_reviewed	1
9883_reviewed	56159_reviewed	1
5824_reviewed	215_reviewed	1
10910_reviewed	11243_reviewed	1
7316_reviewed	60685_reviewed	1
9391_reviewed	64428_reviewed	1
7091_reviewed	10419_reviewed	1
80176_reviewed	55170_reviewed	1
121441_reviewed	22948_reviewed	1
8464_reviewed	6883_reviewed	1
3643_reviewed	5801_reviewed	1
8451_reviewed	79968_reviewed	1
23412_reviewed	51397_reviewed	1
3670_reviewed	170463_reviewed	1
3725_reviewed	25_reviewed	1
27022_reviewed	5460_reviewed	1
1915_reviewed	6778_reviewed	1
29110_reviewed	8878_reviewed	1
22938_reviewed	988_reviewed	1
8898_reviewed	8898_reviewed	1
9266_reviewed	408_reviewed	1
836_reviewed	4193_reviewed	1
6907_reviewed	79718_reviewed	1
11043_reviewed	11043_reviewed	1
3192_reviewed	3184_reviewed	1
23097_reviewed	6837_reviewed	1
25980_reviewed	741_reviewed	1
580_reviewed	150684_reviewed	1
1994_reviewed	23543_reviewed	1
22981_reviewed	57509_reviewed	1
2643_reviewed	10598_reviewed	1
9903_reviewed	55958_reviewed	1
2549_reviewed	2011_reviewed	1
23404_reviewed	4691_reviewed	1
7128_reviewed	7531_reviewed	1
3455_reviewed	6772_reviewed	1
1956_reviewed	8874_reviewed	1
149041_reviewed	5250_reviewed	1
1789_reviewed	8467_reviewed	1
11274_reviewed	8471_reviewed	1
3091_reviewed	10868_reviewed	1
64127_reviewed	7431_reviewed	1
7454_reviewed	10054_reviewed	1
4736_reviewed	6207_reviewed	1
2932_reviewed	4193_reviewed	1
5771_reviewed	6714_reviewed	1
7337_reviewed	5690_reviewed	1
993_reviewed	2923_reviewed	1
3320_reviewed	150275_reviewed	1
81847_reviewed	142_reviewed	1
2967_reviewed	2968_reviewed	1
847_reviewed	219743_reviewed	1
7398_reviewed	7316_reviewed	1
151194_reviewed	23640_reviewed	1
126626_reviewed	1874_reviewed	0
3192_reviewed	6194_reviewed	1
5719_reviewed	5717_reviewed	1
4609_reviewed	2274_reviewed	1
111_reviewed	5997_reviewed	1
841_reviewed	835_reviewed	1
23126_reviewed	54971_reviewed	1
1956_reviewed	2885_reviewed	1
7329_reviewed	200894_reviewed	1
9477_reviewed	9440_reviewed	1
7428_reviewed	3091_reviewed	1
5191_reviewed	5191_reviewed	0
3312_reviewed	275_reviewed	1
6720_reviewed	9282_reviewed	1
3845_reviewed	55789_reviewed	1
10868_reviewed	63967_reviewed	1
6778_reviewed	27044_reviewed	1
3190_reviewed	3192_reviewed	1
3068_reviewed	6749_reviewed	1
64857_reviewed	2782_reviewed	1
114883_reviewed	49856_reviewed	1
7324_reviewed	64320_reviewed	1
6885_reviewed	8517_reviewed	1
10421_reviewed	741_reviewed	1
6885_reviewed	80762_reviewed	1
8533_reviewed	8452_reviewed	1
369_reviewed	51497_reviewed	1
83737_reviewed	9516_reviewed	1
1460_reviewed	6125_reviewed	1
738_reviewed	6293_reviewed	1
4739_reviewed	4088_reviewed	1
54165_reviewed	56658_reviewed	1
28969_reviewed	1967_reviewed	1
929_reviewed	3929_reviewed	1
5501_reviewed	23603_reviewed	1
56893_reviewed	2702_reviewed	1
4292_reviewed	5111_reviewed	1
6135_reviewed	6142_reviewed	1
10097_reviewed	10109_reviewed	1
10576_reviewed	7203_reviewed	1
7157_reviewed	7157_reviewed	1
4839_reviewed	10445_reviewed	1
8089_reviewed	10902_reviewed	1
6790_reviewed	6897_reviewed	1
1017_reviewed	4171_reviewed	1
695_reviewed	867_reviewed	1
1742_reviewed	53616_reviewed	1
6124_reviewed	6205_reviewed	1
64946_reviewed	79682_reviewed	1
7157_reviewed	8651_reviewed	1
9282_reviewed	9439_reviewed	1
22976_reviewed	5187_reviewed	1
54940_reviewed	6341_reviewed	1
3329_reviewed	55157_reviewed	1
208_reviewed	2099_reviewed	1
6626_reviewed	79002_reviewed	1
2078_reviewed	23451_reviewed	1
8471_reviewed	5296_reviewed	1
7157_reviewed	10694_reviewed	1
10399_reviewed	79923_reviewed	1
257397_reviewed	53938_reviewed	1
92597_reviewed	9701_reviewed	1
129685_reviewed	6879_reviewed	1
25936_reviewed	23468_reviewed	1
55929_reviewed	6944_reviewed	1
4609_reviewed	23517_reviewed	1
7189_reviewed	7188_reviewed	1
10273_reviewed	25_reviewed	1
3716_reviewed	10254_reviewed	1
29127_reviewed	8153_reviewed	1
4702_reviewed	4724_reviewed	1
171024_reviewed	57617_reviewed	1
65018_reviewed	10989_reviewed	1
26228_reviewed	30011_reviewed	1
1408_reviewed	84678_reviewed	0
51010_reviewed	10200_reviewed	1
821_reviewed	201595_reviewed	1
3313_reviewed	7157_reviewed	1
5500_reviewed	4659_reviewed	1
8607_reviewed	526_reviewed	1
23291_reviewed	51001_reviewed	1
10521_reviewed	3066_reviewed	1
998_reviewed	79872_reviewed	1
29803_reviewed	3065_reviewed	1
6152_reviewed	6133_reviewed	1
5786_reviewed	1434_reviewed	1
29126_reviewed	29851_reviewed	0
27229_reviewed	80097_reviewed	1
4599_reviewed	4599_reviewed	1
79727_reviewed	11103_reviewed	1
10813_reviewed	55294_reviewed	1
10392_reviewed	10910_reviewed	1
2887_reviewed	64599_reviewed	1
10528_reviewed	55646_reviewed	1
55159_reviewed	6117_reviewed	1
29108_reviewed	29108_reviewed	1
1263_reviewed	11200_reviewed	1
6780_reviewed	5499_reviewed	1
5393_reviewed	51013_reviewed	1
5704_reviewed	5716_reviewed	1
9100_reviewed	1080_reviewed	1
4869_reviewed	10155_reviewed	1
23451_reviewed	9343_reviewed	1
80856_reviewed	7316_reviewed	1
4893_reviewed	83700_reviewed	1
5245_reviewed	6191_reviewed	1
1072_reviewed	25824_reviewed	1
5058_reviewed	9181_reviewed	1
5573_reviewed	9189_reviewed	1
84676_reviewed	7067_reviewed	1
10188_reviewed	2017_reviewed	1
159989_reviewed	10615_reviewed	1
25820_reviewed	25820_reviewed	1
10413_reviewed	7003_reviewed	1
3028_reviewed	396_reviewed	1
329_reviewed	25793_reviewed	1
4893_reviewed	55117_reviewed	1
56257_reviewed	3326_reviewed	1
2289_reviewed	4137_reviewed	1
4086_reviewed	9958_reviewed	1
1956_reviewed	11260_reviewed	1
1452_reviewed	10892_reviewed	1
56672_reviewed	5970_reviewed	1
64745_reviewed	125115_reviewed	1
11065_reviewed	5701_reviewed	1
26088_reviewed	11276_reviewed	1
10603_reviewed	10580_reviewed	1
3839_reviewed	9112_reviewed	1
3916_reviewed	374383_reviewed	1
57085_reviewed	65009_reviewed	1
80254_reviewed	9851_reviewed	1
9810_reviewed	6804_reviewed	1
10551_reviewed	3837_reviewed	1
11104_reviewed	8445_reviewed	1
3383_reviewed	3683_reviewed	1
27316_reviewed	202559_reviewed	1
5824_reviewed	5193_reviewed	1
1969_reviewed	2885_reviewed	1
1630_reviewed	4736_reviewed	1
5777_reviewed	3206_reviewed	1
9261_reviewed	7538_reviewed	1
9047_reviewed	8503_reviewed	1
5295_reviewed	1969_reviewed	1
7337_reviewed	1869_reviewed	1
4736_reviewed	6194_reviewed	1
7161_reviewed	5325_reviewed	1
55240_reviewed	665_reviewed	1
9851_reviewed	22994_reviewed	1
2309_reviewed	5347_reviewed	1
5501_reviewed	11228_reviewed	1
154796_reviewed	9531_reviewed	1
5071_reviewed	3091_reviewed	1
64210_reviewed	83990_reviewed	1
8678_reviewed	22863_reviewed	1
23014_reviewed	23741_reviewed	1
7283_reviewed	7203_reviewed	1
10987_reviewed	8453_reviewed	1
56950_reviewed	5925_reviewed	1
5347_reviewed	3297_reviewed	1
8660_reviewed	2885_reviewed	1
10869_reviewed	330_reviewed	1
7015_reviewed	2309_reviewed	1
4913_reviewed	2073_reviewed	1
1741_reviewed	2185_reviewed	1
9049_reviewed	10869_reviewed	1
2091_reviewed	10528_reviewed	1
1241_reviewed	2771_reviewed	1
6615_reviewed	6737_reviewed	1
6135_reviewed	6175_reviewed	1
7157_reviewed	80204_reviewed	1
3192_reviewed	6130_reviewed	1
3006_reviewed	1642_reviewed	1
55124_reviewed	1155_reviewed	1
2534_reviewed	1500_reviewed	1
2099_reviewed	60_reviewed	1
7919_reviewed	79228_reviewed	1
5747_reviewed	1956_reviewed	1
8454_reviewed	64839_reviewed	1
6892_reviewed	6890_reviewed	1
6657_reviewed	8816_reviewed	1
23098_reviewed	3703_reviewed	1
6118_reviewed	50485_reviewed	1
8835_reviewed	293_reviewed	1
207_reviewed	6733_reviewed	1
2099_reviewed	3607_reviewed	1
984_reviewed	984_reviewed	1
6625_reviewed	10772_reviewed	1
10640_reviewed	149371_reviewed	1
3066_reviewed	4084_reviewed	1
7421_reviewed	6882_reviewed	1
246175_reviewed	9125_reviewed	1
8458_reviewed	81570_reviewed	1
7528_reviewed	8819_reviewed	1
8772_reviewed	7128_reviewed	1
1956_reviewed	9774_reviewed	1
3475_reviewed	4208_reviewed	1
5747_reviewed	5295_reviewed	1
8678_reviewed	55770_reviewed	1
51296_reviewed	3837_reviewed	1
5501_reviewed	26128_reviewed	1
5682_reviewed	8624_reviewed	1
5093_reviewed	3184_reviewed	1
4067_reviewed	5294_reviewed	1
56257_reviewed	23633_reviewed	1
11072_reviewed	29920_reviewed	1
283150_reviewed	64769_reviewed	1
2099_reviewed	6141_reviewed	1
2290_reviewed	8928_reviewed	1
56852_reviewed	4683_reviewed	1
571_reviewed	26263_reviewed	1
7328_reviewed	80232_reviewed	1
140461_reviewed	8065_reviewed	1
10785_reviewed	2237_reviewed	1
4087_reviewed	6667_reviewed	1
7157_reviewed	864_reviewed	1
54971_reviewed	83637_reviewed	1
1616_reviewed	7157_reviewed	1
8907_reviewed	92610_reviewed	1
7529_reviewed	26031_reviewed	1
9512_reviewed	2395_reviewed	1
160760_reviewed	55006_reviewed	1
23210_reviewed	84081_reviewed	1
9782_reviewed	1660_reviewed	1
51390_reviewed	25898_reviewed	1
6908_reviewed	2972_reviewed	1
10241_reviewed	10241_reviewed	1
23412_reviewed	150684_reviewed	1
55611_reviewed	7334_reviewed	1
10236_reviewed	10291_reviewed	1
5499_reviewed	8036_reviewed	1
9319_reviewed	51700_reviewed	1
10120_reviewed	1639_reviewed	1
3725_reviewed	4734_reviewed	1
54537_reviewed	149840_reviewed	1
4850_reviewed	4849_reviewed	1
7327_reviewed	267_reviewed	1
11130_reviewed	10403_reviewed	1
51377_reviewed	57510_reviewed	1
11228_reviewed	23368_reviewed	1
7319_reviewed	9184_reviewed	1
1660_reviewed	26993_reviewed	1
994_reviewed	7529_reviewed	1
81565_reviewed	5048_reviewed	1
211_reviewed	142679_reviewed	1
1785_reviewed	2885_reviewed	1
1642_reviewed	10987_reviewed	1
23705_reviewed	23136_reviewed	1
23512_reviewed	5928_reviewed	1
140739_reviewed	123879_reviewed	1
10551_reviewed	5832_reviewed	1
10771_reviewed	4602_reviewed	1
11338_reviewed	9967_reviewed	1
10013_reviewed	6194_reviewed	1
6188_reviewed	51444_reviewed	1
5704_reviewed	5718_reviewed	1
5791_reviewed	64328_reviewed	1
4609_reviewed	10970_reviewed	1
4311_reviewed	5728_reviewed	1
5713_reviewed	5709_reviewed	1
23764_reviewed	23764_reviewed	1
9531_reviewed	2584_reviewed	1
5693_reviewed	5691_reviewed	1
9400_reviewed	80198_reviewed	1
9569_reviewed	85509_reviewed	1
10920_reviewed	51138_reviewed	1
6428_reviewed	8996_reviewed	0
23450_reviewed	8243_reviewed	1
5716_reviewed	5710_reviewed	1
55662_reviewed	84451_reviewed	1
7083_reviewed	9869_reviewed	1
4736_reviewed	6125_reviewed	1
328_reviewed	27339_reviewed	1
3953_reviewed	9101_reviewed	1
7490_reviewed	9391_reviewed	1
11315_reviewed	2023_reviewed	1
5610_reviewed	5499_reviewed	1
4609_reviewed	22803_reviewed	1
55294_reviewed	55294_reviewed	1
23607_reviewed	832_reviewed	1
5770_reviewed	3717_reviewed	1
84867_reviewed	515_reviewed	1
2648_reviewed	11169_reviewed	1
5830_reviewed	219743_reviewed	1
4000_reviewed	7529_reviewed	0
919_reviewed	3718_reviewed	1
5594_reviewed	1386_reviewed	1
196_reviewed	7025_reviewed	1
1080_reviewed	4734_reviewed	1
3486_reviewed	8038_reviewed	1
6839_reviewed	3065_reviewed	1
54780_reviewed	197370_reviewed	1
4734_reviewed	207_reviewed	1
4084_reviewed	6945_reviewed	1
4150_reviewed	3725_reviewed	1
79657_reviewed	10910_reviewed	1
9255_reviewed	7965_reviewed	1
2309_reviewed	23411_reviewed	1
2690_reviewed	5771_reviewed	1
54778_reviewed	5371_reviewed	1
7703_reviewed	8237_reviewed	1
27185_reviewed	22809_reviewed	1
7291_reviewed	6929_reviewed	1
11124_reviewed	8453_reviewed	1
5868_reviewed	5289_reviewed	1
59348_reviewed	10155_reviewed	1
153_reviewed	408_reviewed	1
398_reviewed	998_reviewed	1
6627_reviewed	11338_reviewed	1
1028_reviewed	5111_reviewed	1
3805_reviewed	54476_reviewed	1
7316_reviewed	26036_reviewed	1
55294_reviewed	2332_reviewed	1
22954_reviewed	5987_reviewed	1
902_reviewed	4331_reviewed	1
10498_reviewed	1051_reviewed	1
3768_reviewed	1741_reviewed	1
2664_reviewed	79837_reviewed	0
84365_reviewed	4839_reviewed	1
10661_reviewed	1457_reviewed	1
5094_reviewed	3191_reviewed	1
4085_reviewed	9184_reviewed	1
3065_reviewed	5933_reviewed	1
25862_reviewed	5705_reviewed	1
5691_reviewed	5717_reviewed	1
821_reviewed	55379_reviewed	1
5579_reviewed	25780_reviewed	1
23411_reviewed	9401_reviewed	1
84708_reviewed	3739_reviewed	1
7088_reviewed	55502_reviewed	1
4692_reviewed	4747_reviewed	1
56852_reviewed	56852_reviewed	1
26271_reviewed	8945_reviewed	1
4736_reviewed	6138_reviewed	1
2130_reviewed	6428_reviewed	1
65993_reviewed	51649_reviewed	1
4609_reviewed	53918_reviewed	1
7531_reviewed	89953_reviewed	1
5701_reviewed	5685_reviewed	1
1052_reviewed	3065_reviewed	1
26986_reviewed	9908_reviewed	1
920_reviewed	10572_reviewed	1
1487_reviewed	6925_reviewed	1
140885_reviewed	3895_reviewed	1
7329_reviewed	6497_reviewed	1
29035_reviewed	171483_reviewed	1
4841_reviewed	11315_reviewed	1
11091_reviewed	4613_reviewed	1
11346_reviewed	8440_reviewed	1
4722_reviewed	593_reviewed	1
55120_reviewed	80233_reviewed	1
9870_reviewed	27429_reviewed	1
84108_reviewed	7029_reviewed	1
5601_reviewed	4773_reviewed	1
25886_reviewed	10575_reviewed	1
659_reviewed	2658_reviewed	1
5618_reviewed	23291_reviewed	1
9518_reviewed	9518_reviewed	1
3725_reviewed	9685_reviewed	1
8452_reviewed	54793_reviewed	1
7265_reviewed	9218_reviewed	1
11140_reviewed	2288_reviewed	1
6152_reviewed	6124_reviewed	1
3265_reviewed	50848_reviewed	1
55660_reviewed	11338_reviewed	1
7088_reviewed	3087_reviewed	1
6627_reviewed	10992_reviewed	1
8665_reviewed	8663_reviewed	1
10413_reviewed	7024_reviewed	1
7555_reviewed	55299_reviewed	1
10459_reviewed	55593_reviewed	1
83667_reviewed	8878_reviewed	1
84196_reviewed	7316_reviewed	1
5321_reviewed	5578_reviewed	1
8452_reviewed	92799_reviewed	1
64400_reviewed	10527_reviewed	1
1051_reviewed	1051_reviewed	1
55837_reviewed	11319_reviewed	1
3562_reviewed	3563_reviewed	1
79370_reviewed	126003_reviewed	1
3117_reviewed	3119_reviewed	1
6667_reviewed	5599_reviewed	1
22981_reviewed	10198_reviewed	1
2034_reviewed	2161_reviewed	1
4893_reviewed	57488_reviewed	1
6880_reviewed	10589_reviewed	1
25_reviewed	55824_reviewed	1
4193_reviewed	5710_reviewed	1
8850_reviewed	890_reviewed	1
23016_reviewed	10767_reviewed	1
2547_reviewed	7515_reviewed	1
10426_reviewed	114791_reviewed	1
143187_reviewed	8417_reviewed	1
3838_reviewed	5970_reviewed	1
151194_reviewed	3308_reviewed	1
55011_reviewed	81628_reviewed	1
10445_reviewed	11007_reviewed	1
891_reviewed	2305_reviewed	1
991_reviewed	908_reviewed	1
9584_reviewed	2099_reviewed	1
10036_reviewed	10036_reviewed	1
7337_reviewed	1080_reviewed	1
57695_reviewed	51433_reviewed	1
2188_reviewed	2176_reviewed	1
2017_reviewed	5829_reviewed	1
55611_reviewed	4436_reviewed	1
4193_reviewed	4830_reviewed	0
9782_reviewed	3608_reviewed	1
23092_reviewed	79658_reviewed	1
10746_reviewed	5585_reviewed	0
6770_reviewed	54535_reviewed	1
4609_reviewed	219_reviewed	1
6643_reviewed	1956_reviewed	1
3611_reviewed	55679_reviewed	1
8382_reviewed	84332_reviewed	1
79720_reviewed	51160_reviewed	1
51548_reviewed	7431_reviewed	1
4355_reviewed	8825_reviewed	1
5716_reviewed	4103_reviewed	1
2146_reviewed	26528_reviewed	1
367_reviewed	10399_reviewed	1
3651_reviewed	7520_reviewed	1
29079_reviewed	4957_reviewed	1
4188_reviewed	22893_reviewed	1
7846_reviewed	3295_reviewed	1
79648_reviewed	6598_reviewed	1
2146_reviewed	5928_reviewed	1
115752_reviewed	51010_reviewed	1
22820_reviewed	26958_reviewed	1
84148_reviewed	84148_reviewed	1
23390_reviewed	8468_reviewed	1
1280_reviewed	5155_reviewed	1
9217_reviewed	4724_reviewed	1
8554_reviewed	2932_reviewed	1
51377_reviewed	5718_reviewed	1
5925_reviewed	5925_reviewed	1
1537_reviewed	4724_reviewed	1
23016_reviewed	5394_reviewed	1
23476_reviewed	1025_reviewed	1
5629_reviewed	5914_reviewed	0
4609_reviewed	10576_reviewed	1
92369_reviewed	2048_reviewed	1
10287_reviewed	2770_reviewed	1
6129_reviewed	6175_reviewed	1
2100_reviewed	157638_reviewed	1
23326_reviewed	55578_reviewed	1
51009_reviewed	7917_reviewed	1
4609_reviewed	4173_reviewed	1
8468_reviewed	10728_reviewed	1
57703_reviewed	9775_reviewed	1
4711_reviewed	4714_reviewed	1
328_reviewed	29102_reviewed	1
3309_reviewed	3192_reviewed	1
51741_reviewed	26986_reviewed	1
207_reviewed	1445_reviewed	1
54676_reviewed	10419_reviewed	1
3312_reviewed	7266_reviewed	1
5618_reviewed	5618_reviewed	1
5162_reviewed	1738_reviewed	1
6845_reviewed	9342_reviewed	1
23291_reviewed	26024_reviewed	1
54461_reviewed	10483_reviewed	1
81620_reviewed	83743_reviewed	1
8301_reviewed	55589_reviewed	1
668_reviewed	9113_reviewed	1
5594_reviewed	4155_reviewed	1
54939_reviewed	28991_reviewed	1
4609_reviewed	2962_reviewed	1
7408_reviewed	7408_reviewed	1
203076_reviewed	6839_reviewed	1
51341_reviewed	53615_reviewed	1
11344_reviewed	70_reviewed	1
402_reviewed	23568_reviewed	1
8237_reviewed	6198_reviewed	1
5867_reviewed	6915_reviewed	0
30011_reviewed	92799_reviewed	1
4646_reviewed	84859_reviewed	1
23450_reviewed	10915_reviewed	1
7415_reviewed	5604_reviewed	1
10116_reviewed	8065_reviewed	1
8517_reviewed	8517_reviewed	1
23048_reviewed	6643_reviewed	1
239_reviewed	239_reviewed	1
29115_reviewed	467_reviewed	0
10856_reviewed	5499_reviewed	1
5048_reviewed	11104_reviewed	1
5371_reviewed	6722_reviewed	1
408_reviewed	5606_reviewed	1
984_reviewed	11140_reviewed	1
3184_reviewed	3316_reviewed	1
54797_reviewed	9477_reviewed	1
10551_reviewed	2597_reviewed	1
23390_reviewed	10133_reviewed	1
51692_reviewed	55756_reviewed	0
8651_reviewed	3665_reviewed	1
1315_reviewed	11316_reviewed	1
9329_reviewed	9330_reviewed	1
7067_reviewed	1385_reviewed	1
84619_reviewed	653121_reviewed	1
29128_reviewed	10524_reviewed	1
23243_reviewed	9701_reviewed	1
515_reviewed	7416_reviewed	1
10921_reviewed	51428_reviewed	1
374291_reviewed	4714_reviewed	1
5977_reviewed	79797_reviewed	0
10498_reviewed	9666_reviewed	1
8660_reviewed	23411_reviewed	1
84312_reviewed	3065_reviewed	1
8517_reviewed	7189_reviewed	1
1994_reviewed	23512_reviewed	1
1654_reviewed	3614_reviewed	1
8454_reviewed	54850_reviewed	1
5682_reviewed	5685_reviewed	1
6901_reviewed	1454_reviewed	1
26013_reviewed	4176_reviewed	1
5695_reviewed	5887_reviewed	1
6207_reviewed	6208_reviewed	1
9521_reviewed	5859_reviewed	1
79101_reviewed	6908_reviewed	1
3065_reviewed	10574_reviewed	1
1956_reviewed	10558_reviewed	1
6881_reviewed	8850_reviewed	1
5611_reviewed	3312_reviewed	1
51343_reviewed	4739_reviewed	1
56916_reviewed	10919_reviewed	1
22938_reviewed	91603_reviewed	1
8314_reviewed	11335_reviewed	1
84248_reviewed	10482_reviewed	1
4110_reviewed	10499_reviewed	1
2175_reviewed	4751_reviewed	1
5771_reviewed	334_reviewed	1
83990_reviewed	641_reviewed	1
6733_reviewed	5093_reviewed	1
1956_reviewed	1982_reviewed	1
1984_reviewed	7514_reviewed	1
6194_reviewed	56945_reviewed	1
3611_reviewed	10575_reviewed	1
8945_reviewed	55031_reviewed	1
6925_reviewed	100129654_reviewed	1
11140_reviewed	11140_reviewed	1
29109_reviewed	5881_reviewed	0
154_reviewed	109_reviewed	1
10140_reviewed	29883_reviewed	1
207_reviewed	2782_reviewed	1
2146_reviewed	22823_reviewed	1
4609_reviewed	26574_reviewed	1
10926_reviewed	4171_reviewed	1
28985_reviewed	8562_reviewed	1
409_reviewed	1147_reviewed	1
890_reviewed	2237_reviewed	1
5595_reviewed	1852_reviewed	1
10399_reviewed	5797_reviewed	1
9425_reviewed	57708_reviewed	1
10524_reviewed	6944_reviewed	1
51341_reviewed	4793_reviewed	1
2810_reviewed	4140_reviewed	1
29079_reviewed	9662_reviewed	1
9851_reviewed	55722_reviewed	1
26156_reviewed	4193_reviewed	1
5932_reviewed	2177_reviewed	1
898_reviewed	993_reviewed	1
8668_reviewed	27335_reviewed	1
11140_reviewed	11146_reviewed	1
6871_reviewed	2648_reviewed	1
5159_reviewed	5781_reviewed	1
701_reviewed	4085_reviewed	1
10755_reviewed	4646_reviewed	1
1994_reviewed	7428_reviewed	1
8468_reviewed	10869_reviewed	1
54961_reviewed	10197_reviewed	1
8139_reviewed	7431_reviewed	1
23035_reviewed	7398_reviewed	1
694_reviewed	3276_reviewed	1
2782_reviewed	5501_reviewed	1
9219_reviewed	23028_reviewed	1
6602_reviewed	6603_reviewed	1
23291_reviewed	1499_reviewed	1
10915_reviewed	10989_reviewed	0
4609_reviewed	7520_reviewed	1
5972_reviewed	183_reviewed	1
10598_reviewed	5481_reviewed	1
1956_reviewed	1796_reviewed	1
2130_reviewed	26003_reviewed	1
2122_reviewed	5928_reviewed	1
5611_reviewed	9451_reviewed	1
10933_reviewed	4000_reviewed	1
4609_reviewed	10514_reviewed	1
5031_reviewed	3837_reviewed	1
25913_reviewed	800_reviewed	1
51574_reviewed	3185_reviewed	1
254394_reviewed	8539_reviewed	1
3163_reviewed	57562_reviewed	1
196_reviewed	2099_reviewed	1
1653_reviewed	149041_reviewed	1
2056_reviewed	2057_reviewed	1
143471_reviewed	10197_reviewed	1
4609_reviewed	23244_reviewed	1
2011_reviewed	23122_reviewed	1
10313_reviewed	10313_reviewed	1
5604_reviewed	3312_reviewed	1
54715_reviewed	84970_reviewed	1
5800_reviewed	7429_reviewed	1
4088_reviewed	5933_reviewed	1
115426_reviewed	115426_reviewed	1
1642_reviewed	55827_reviewed	1
26523_reviewed	2289_reviewed	1
207_reviewed	10206_reviewed	1
6625_reviewed	10940_reviewed	1
10980_reviewed	2873_reviewed	1
51574_reviewed	1781_reviewed	1
10524_reviewed	2099_reviewed	1
6428_reviewed	8227_reviewed	0
23426_reviewed	56850_reviewed	1
7161_reviewed	467_reviewed	1
11331_reviewed	7384_reviewed	1
114907_reviewed	8665_reviewed	1
10551_reviewed	4830_reviewed	1
9610_reviewed	10254_reviewed	1
3192_reviewed	26156_reviewed	1
5719_reviewed	5688_reviewed	1
7706_reviewed	7390_reviewed	1
5518_reviewed	821_reviewed	1
1191_reviewed	30835_reviewed	1
5347_reviewed	1499_reviewed	1
5499_reviewed	23368_reviewed	1
1856_reviewed	11059_reviewed	1
24138_reviewed	10193_reviewed	1
11043_reviewed	7325_reviewed	1
7844_reviewed	7325_reviewed	1
1198_reviewed	6839_reviewed	1
51574_reviewed	286887_reviewed	1
94005_reviewed	128869_reviewed	1
8454_reviewed	1869_reviewed	1
970_reviewed	939_reviewed	1
4691_reviewed	6135_reviewed	1
9343_reviewed	90441_reviewed	1
23327_reviewed	79901_reviewed	1
2273_reviewed	4604_reviewed	1
5684_reviewed	5717_reviewed	1
4940_reviewed	90441_reviewed	1
6128_reviewed	6203_reviewed	1
3845_reviewed	285282_reviewed	1
3030_reviewed	10452_reviewed	1
2017_reviewed	23607_reviewed	1
5970_reviewed	7157_reviewed	1
22924_reviewed	6477_reviewed	1
51176_reviewed	1044_reviewed	1
10524_reviewed	5321_reviewed	1
84270_reviewed	8915_reviewed	1
5515_reviewed	151648_reviewed	1
7415_reviewed	5265_reviewed	1
8452_reviewed	55958_reviewed	1
5156_reviewed	5155_reviewed	1
25855_reviewed	10049_reviewed	1
5214_reviewed	22938_reviewed	1
7251_reviewed	26986_reviewed	1
10940_reviewed	114548_reviewed	0
5935_reviewed	6182_reviewed	1
2878_reviewed	9540_reviewed	1
5578_reviewed	3009_reviewed	1
5071_reviewed	8573_reviewed	1
26524_reviewed	7532_reviewed	1
8454_reviewed	4193_reviewed	1
80279_reviewed	51506_reviewed	1
367_reviewed	8031_reviewed	1
51765_reviewed	7189_reviewed	1
92_reviewed	2658_reviewed	1
10213_reviewed	7046_reviewed	1
8720_reviewed	330_reviewed	1
5810_reviewed	4436_reviewed	1
27005_reviewed	10868_reviewed	1
1111_reviewed	51514_reviewed	1
9441_reviewed	8178_reviewed	1
197370_reviewed	286053_reviewed	1
5781_reviewed	9646_reviewed	1
267_reviewed	55666_reviewed	1
9111_reviewed	9146_reviewed	1
10856_reviewed	6944_reviewed	1
6396_reviewed	54468_reviewed	1
7416_reviewed	7184_reviewed	1
8664_reviewed	27335_reviewed	1
1201_reviewed	10989_reviewed	1
5191_reviewed	8504_reviewed	0
10616_reviewed	7157_reviewed	1
3688_reviewed	9448_reviewed	1
7534_reviewed	2037_reviewed	1
4615_reviewed	54106_reviewed	1
8450_reviewed	23468_reviewed	1
7186_reviewed	26003_reviewed	1
55257_reviewed	10902_reviewed	1
8945_reviewed	468_reviewed	1
10048_reviewed	7161_reviewed	1
5684_reviewed	3181_reviewed	1
10524_reviewed	351_reviewed	1
4790_reviewed	10524_reviewed	1
84864_reviewed	84864_reviewed	1
140890_reviewed	6294_reviewed	1
3642_reviewed	595_reviewed	1
7846_reviewed	10376_reviewed	1
4609_reviewed	63922_reviewed	1
4893_reviewed	1362_reviewed	1
79682_reviewed	55839_reviewed	1
1122_reviewed	5868_reviewed	1
4796_reviewed	4175_reviewed	1
4296_reviewed	23542_reviewed	1
149041_reviewed	2547_reviewed	1
3183_reviewed	1660_reviewed	1
7703_reviewed	1912_reviewed	1
9094_reviewed	919_reviewed	1
8651_reviewed	7283_reviewed	1
4609_reviewed	64318_reviewed	1
9021_reviewed	25_reviewed	1
5443_reviewed	4160_reviewed	1
10253_reviewed	867_reviewed	1
54106_reviewed	7128_reviewed	1
6729_reviewed	6729_reviewed	1
6780_reviewed	3608_reviewed	1
10551_reviewed	2108_reviewed	1
7316_reviewed	51271_reviewed	1
861_reviewed	7088_reviewed	1
7329_reviewed	6672_reviewed	1
84708_reviewed	5987_reviewed	1
6618_reviewed	6617_reviewed	1
79657_reviewed	8409_reviewed	1
1848_reviewed	27289_reviewed	0
9531_reviewed	84301_reviewed	1
26146_reviewed	7189_reviewed	0
84196_reviewed	2735_reviewed	1
705_reviewed	8886_reviewed	1
83860_reviewed	387332_reviewed	1
29109_reviewed	998_reviewed	0
51343_reviewed	51053_reviewed	1
55352_reviewed	10419_reviewed	1
3845_reviewed	8677_reviewed	1
868_reviewed	6850_reviewed	1
4233_reviewed	23163_reviewed	1
1540_reviewed	10293_reviewed	1
1022_reviewed	902_reviewed	1
10155_reviewed	1869_reviewed	1
7316_reviewed	7415_reviewed	1
26135_reviewed	55720_reviewed	1
10018_reviewed	596_reviewed	1
9569_reviewed	55906_reviewed	1
140461_reviewed	55626_reviewed	1
26580_reviewed	55266_reviewed	1
57561_reviewed	409_reviewed	1
6139_reviewed	6144_reviewed	1
857_reviewed	1910_reviewed	1
51564_reviewed	10524_reviewed	1
9031_reviewed	2074_reviewed	1
148581_reviewed	255488_reviewed	1
1660_reviewed	3609_reviewed	1
1026_reviewed	8451_reviewed	1
6477_reviewed	10656_reviewed	1
7004_reviewed	7185_reviewed	1
7013_reviewed	26354_reviewed	1
4591_reviewed	7186_reviewed	1
6625_reviewed	55173_reviewed	1
10987_reviewed	25793_reviewed	1
10273_reviewed	1728_reviewed	1
80854_reviewed	7157_reviewed	1
4800_reviewed	6722_reviewed	1
4343_reviewed	23144_reviewed	1
57606_reviewed	10460_reviewed	1
958_reviewed	51567_reviewed	1
154_reviewed	51257_reviewed	1
5538_reviewed	5162_reviewed	1
7965_reviewed	84619_reviewed	1
5501_reviewed	284695_reviewed	1
149041_reviewed	284695_reviewed	1
79155_reviewed	5479_reviewed	1
5929_reviewed	11091_reviewed	1
84446_reviewed	5058_reviewed	1
4771_reviewed	8936_reviewed	0
1398_reviewed	6860_reviewed	0
7101_reviewed	23186_reviewed	1
890_reviewed	1026_reviewed	1
409_reviewed	9221_reviewed	1
2099_reviewed	4087_reviewed	1
10540_reviewed	55860_reviewed	1
3320_reviewed	208_reviewed	1
7874_reviewed	8030_reviewed	1
6625_reviewed	79882_reviewed	1
54828_reviewed	2099_reviewed	1
26524_reviewed	54504_reviewed	1
25942_reviewed	8431_reviewed	1
8440_reviewed	127255_reviewed	1
6500_reviewed	1026_reviewed	1
85015_reviewed	27316_reviewed	1
6714_reviewed	10657_reviewed	1
5690_reviewed	5691_reviewed	1
2782_reviewed	2767_reviewed	1
3055_reviewed	9844_reviewed	1
6500_reviewed	81545_reviewed	1
4609_reviewed	10270_reviewed	1
4893_reviewed	7165_reviewed	1
7703_reviewed	57332_reviewed	1
408_reviewed	1072_reviewed	1
2060_reviewed	9101_reviewed	1
3172_reviewed	3172_reviewed	1
988_reviewed	9129_reviewed	1
51474_reviewed	91624_reviewed	1
54676_reviewed	6839_reviewed	1
6737_reviewed	6500_reviewed	1
409_reviewed	2091_reviewed	1
2065_reviewed	2065_reviewed	1
1956_reviewed	3837_reviewed	1
60_reviewed	60_reviewed	1
10926_reviewed	10926_reviewed	1
7289_reviewed	129138_reviewed	1
595_reviewed	7068_reviewed	1
5518_reviewed	23517_reviewed	1
84078_reviewed	8452_reviewed	1
6046_reviewed	6908_reviewed	1
10013_reviewed	7316_reviewed	1
6472_reviewed	29767_reviewed	1
2547_reviewed	7157_reviewed	1
29894_reviewed	8189_reviewed	1
140461_reviewed	55662_reviewed	1
4609_reviewed	54555_reviewed	1
3298_reviewed	7329_reviewed	1
25862_reviewed	8607_reviewed	1
958_reviewed	55072_reviewed	1
5921_reviewed	8651_reviewed	1
10551_reviewed	8662_reviewed	1
8502_reviewed	999_reviewed	1
11171_reviewed	7812_reviewed	1
11021_reviewed	10241_reviewed	1
4967_reviewed	5162_reviewed	1
142_reviewed	6907_reviewed	0
3164_reviewed	6256_reviewed	1
9274_reviewed	6598_reviewed	1
5705_reviewed	5694_reviewed	1
26263_reviewed	4193_reviewed	1
10412_reviewed	51154_reviewed	1
4609_reviewed	54552_reviewed	1
10618_reviewed	80230_reviewed	1
11060_reviewed	1959_reviewed	1
60468_reviewed	23764_reviewed	1
11315_reviewed	5728_reviewed	1
4436_reviewed	7157_reviewed	1
3178_reviewed	11052_reviewed	1
2885_reviewed	150946_reviewed	1
57504_reviewed	54815_reviewed	1
9989_reviewed	8030_reviewed	1
5531_reviewed	10575_reviewed	1
55835_reviewed	121441_reviewed	1
10618_reviewed	6642_reviewed	1
56413_reviewed	10048_reviewed	1
10210_reviewed	5700_reviewed	1
25793_reviewed	65018_reviewed	1
10049_reviewed	2670_reviewed	0
1630_reviewed	367_reviewed	1
7532_reviewed	2931_reviewed	1
6591_reviewed	8078_reviewed	1
2963_reviewed	5434_reviewed	1
3845_reviewed	1525_reviewed	1
1994_reviewed	83732_reviewed	1
6132_reviewed	6189_reviewed	1
9406_reviewed	7307_reviewed	1
7415_reviewed	6652_reviewed	1
84867_reviewed	9218_reviewed	1
8554_reviewed	7376_reviewed	1
1540_reviewed	142678_reviewed	1
23390_reviewed	1616_reviewed	1
138639_reviewed	5518_reviewed	1
348_reviewed	6767_reviewed	1
10450_reviewed	91603_reviewed	1
498_reviewed	509_reviewed	1
11051_reviewed	84060_reviewed	1
10253_reviewed	3091_reviewed	1
1201_reviewed	79751_reviewed	1
2203_reviewed	8789_reviewed	1
4893_reviewed	1605_reviewed	1
6883_reviewed	9013_reviewed	1
841_reviewed	329_reviewed	1
58190_reviewed	83461_reviewed	1
7415_reviewed	351_reviewed	1
5080_reviewed	30062_reviewed	1
8900_reviewed	3009_reviewed	1
23371_reviewed	55337_reviewed	1
6801_reviewed	10575_reviewed	1
5684_reviewed	506_reviewed	1
604_reviewed	604_reviewed	1
6580_reviewed	29956_reviewed	1
5111_reviewed	5984_reviewed	1
11284_reviewed	7518_reviewed	1
57129_reviewed	28998_reviewed	1
2931_reviewed	1499_reviewed	1
1500_reviewed	10009_reviewed	1
7874_reviewed	3091_reviewed	1
10537_reviewed	8878_reviewed	1
2597_reviewed	891_reviewed	1
375_reviewed	55738_reviewed	1
127733_reviewed	7353_reviewed	1
10179_reviewed	51013_reviewed	1
2104_reviewed	10891_reviewed	1
7329_reviewed	1104_reviewed	1
3315_reviewed	5587_reviewed	1
7157_reviewed	1460_reviewed	1
3091_reviewed	10014_reviewed	1
3315_reviewed	2495_reviewed	1
9670_reviewed	5901_reviewed	1
63976_reviewed	5928_reviewed	1
4193_reviewed	6194_reviewed	1
7222_reviewed	7222_reviewed	1
7316_reviewed	84959_reviewed	1
5925_reviewed	1874_reviewed	1
11267_reviewed	84313_reviewed	1
150274_reviewed	23479_reviewed	1
984_reviewed	896_reviewed	1
26270_reviewed	27348_reviewed	1
7345_reviewed	7157_reviewed	1
2571_reviewed	23498_reviewed	1
56257_reviewed	10521_reviewed	1
8517_reviewed	1017_reviewed	1
7014_reviewed	7013_reviewed	1
8517_reviewed	23650_reviewed	1
5501_reviewed	60_reviewed	1
9662_reviewed	79848_reviewed	1
1647_reviewed	983_reviewed	1
1956_reviewed	9218_reviewed	1
55835_reviewed	153241_reviewed	1
5436_reviewed	23248_reviewed	1
1103_reviewed	10273_reviewed	1
6790_reviewed	55743_reviewed	1
142_reviewed	7329_reviewed	1
55611_reviewed	10399_reviewed	1
27161_reviewed	50628_reviewed	1
9564_reviewed	5770_reviewed	1
64426_reviewed	23309_reviewed	1
5599_reviewed	8569_reviewed	0
408_reviewed	83737_reviewed	1
6478_reviewed	8975_reviewed	1
7409_reviewed	1956_reviewed	1
3065_reviewed	1655_reviewed	1
51574_reviewed	509_reviewed	1
8546_reviewed	8943_reviewed	1
26270_reviewed	9318_reviewed	1
3362_reviewed	10987_reviewed	1
55968_reviewed	55666_reviewed	1
7706_reviewed	6187_reviewed	1
7324_reviewed	6045_reviewed	1
9521_reviewed	51520_reviewed	1
9575_reviewed	5499_reviewed	1
7179_reviewed	93492_reviewed	1
367_reviewed	219333_reviewed	1
598_reviewed	842_reviewed	1
5925_reviewed	10524_reviewed	1
4350_reviewed	29128_reviewed	1
2011_reviewed	7529_reviewed	1
29110_reviewed	79065_reviewed	1
64395_reviewed	2010_reviewed	1
80173_reviewed	127733_reviewed	1
1642_reviewed	10980_reviewed	1
5716_reviewed	5709_reviewed	1
5692_reviewed	5717_reviewed	1
1827_reviewed	8945_reviewed	1
6871_reviewed	11091_reviewed	1
4869_reviewed	2000_reviewed	1
7409_reviewed	25_reviewed	1
9521_reviewed	3735_reviewed	1
4193_reviewed	3091_reviewed	1
387893_reviewed	51514_reviewed	1
22890_reviewed	9219_reviewed	1
7186_reviewed	91544_reviewed	1
6191_reviewed	6187_reviewed	1
8451_reviewed	54165_reviewed	1
5683_reviewed	5687_reviewed	1
5928_reviewed	121536_reviewed	1
5528_reviewed	9464_reviewed	1
8175_reviewed	84991_reviewed	1
51439_reviewed	6400_reviewed	1
367_reviewed	6047_reviewed	1
64866_reviewed	144699_reviewed	1
2071_reviewed	2966_reviewed	1
4170_reviewed	4170_reviewed	1
4609_reviewed	23223_reviewed	1
291_reviewed	2590_reviewed	1
4609_reviewed	10949_reviewed	1
2246_reviewed	1460_reviewed	1
79980_reviewed	23468_reviewed	1
4300_reviewed	904_reviewed	1
673_reviewed	3326_reviewed	1
79650_reviewed	5356_reviewed	1
5830_reviewed	8443_reviewed	1
10010_reviewed	7189_reviewed	1
9318_reviewed	190_reviewed	1
23411_reviewed	1869_reviewed	1
373_reviewed	29110_reviewed	1
54433_reviewed	79084_reviewed	1
22938_reviewed	25949_reviewed	1
207_reviewed	9479_reviewed	1
2885_reviewed	3190_reviewed	1
84727_reviewed	8065_reviewed	1
4747_reviewed	57562_reviewed	0
5914_reviewed	6257_reviewed	1
8881_reviewed	51434_reviewed	1
5708_reviewed	5709_reviewed	1
10988_reviewed	5610_reviewed	1
4188_reviewed	84775_reviewed	1
60684_reviewed	51112_reviewed	1
23295_reviewed	4157_reviewed	1
10238_reviewed	254225_reviewed	1
3454_reviewed	23291_reviewed	1
5932_reviewed	8543_reviewed	1
57154_reviewed	4086_reviewed	1
2064_reviewed	4145_reviewed	1
9314_reviewed	3066_reviewed	1
83855_reviewed	25942_reviewed	1
5160_reviewed	10452_reviewed	1
51574_reviewed	9584_reviewed	1
29978_reviewed	3312_reviewed	1
7514_reviewed	7157_reviewed	1
55844_reviewed	51103_reviewed	1
55957_reviewed	56159_reviewed	1
1814_reviewed	54102_reviewed	1
190_reviewed	5468_reviewed	1
5195_reviewed	5830_reviewed	1
8481_reviewed	79848_reviewed	1
23322_reviewed	1894_reviewed	1
10393_reviewed	4089_reviewed	0
10664_reviewed	4904_reviewed	1
3550_reviewed	9984_reviewed	1
8974_reviewed	140609_reviewed	1
3516_reviewed	4204_reviewed	1
6672_reviewed	23468_reviewed	1
7003_reviewed	6722_reviewed	1
2066_reviewed	51741_reviewed	1
26232_reviewed	3688_reviewed	1
116985_reviewed	2547_reviewed	1
6881_reviewed	55578_reviewed	1
2146_reviewed	94104_reviewed	1
4692_reviewed	9513_reviewed	1
9782_reviewed	8939_reviewed	1
29882_reviewed	11065_reviewed	1
3032_reviewed	476_reviewed	1
3185_reviewed	4670_reviewed	1
6136_reviewed	6129_reviewed	1
5252_reviewed	8243_reviewed	1
126074_reviewed	7517_reviewed	1
2071_reviewed	2965_reviewed	1
6446_reviewed	5300_reviewed	1
219699_reviewed	5519_reviewed	1
9097_reviewed	598_reviewed	1
1198_reviewed	55227_reviewed	1
9933_reviewed	23212_reviewed	1
4088_reviewed	2034_reviewed	1
3611_reviewed	3315_reviewed	1
27086_reviewed	93986_reviewed	1
29115_reviewed	468_reviewed	0
9530_reviewed	339_reviewed	1
4188_reviewed	147687_reviewed	1
1499_reviewed	5979_reviewed	1
10483_reviewed	10427_reviewed	1
6138_reviewed	6194_reviewed	1
11187_reviewed	1825_reviewed	1
55233_reviewed	23243_reviewed	1
3958_reviewed	3959_reviewed	1
54828_reviewed	80262_reviewed	1
27339_reviewed	9343_reviewed	1
6880_reviewed	27097_reviewed	1
2648_reviewed	27097_reviewed	1
10992_reviewed	9984_reviewed	1
64375_reviewed	7988_reviewed	0
1432_reviewed	8878_reviewed	1
2260_reviewed	3730_reviewed	1
10921_reviewed	65109_reviewed	1
7161_reviewed	1616_reviewed	1
5501_reviewed	57727_reviewed	1
51741_reviewed	6421_reviewed	1
8452_reviewed	25841_reviewed	1
6496_reviewed	8013_reviewed	1
7403_reviewed	8314_reviewed	1
134510_reviewed	80227_reviewed	1
4193_reviewed	64844_reviewed	1
7157_reviewed	9529_reviewed	1
3184_reviewed	3065_reviewed	1
1457_reviewed	1407_reviewed	1
4904_reviewed	3658_reviewed	1
573_reviewed	367_reviewed	1
9830_reviewed	59_reviewed	1
65005_reviewed	54534_reviewed	1
8451_reviewed	23038_reviewed	1
9817_reviewed	9817_reviewed	1
9559_reviewed	51699_reviewed	1
64421_reviewed	1642_reviewed	1
9322_reviewed	998_reviewed	1
4088_reviewed	993_reviewed	1
5571_reviewed	51422_reviewed	1
7319_reviewed	4193_reviewed	1
30818_reviewed	2870_reviewed	1
2091_reviewed	6194_reviewed	1
53981_reviewed	55339_reviewed	1
51428_reviewed	6506_reviewed	0
8945_reviewed	8553_reviewed	1
10427_reviewed	10484_reviewed	1
5925_reviewed	5478_reviewed	1
54103_reviewed	351_reviewed	1
23028_reviewed	10989_reviewed	1
6674_reviewed	2782_reviewed	1
51667_reviewed	7415_reviewed	1
5692_reviewed	9861_reviewed	1
92421_reviewed	128866_reviewed	1
8805_reviewed	2099_reviewed	1
8503_reviewed	5290_reviewed	1
5594_reviewed	10140_reviewed	1
23788_reviewed	7385_reviewed	1
83463_reviewed	4790_reviewed	1
5452_reviewed	3148_reviewed	1
10336_reviewed	1460_reviewed	1
3611_reviewed	3987_reviewed	1
8837_reviewed	8837_reviewed	1
5245_reviewed	292_reviewed	1
81929_reviewed	57122_reviewed	1
3839_reviewed	1104_reviewed	1
5290_reviewed	23551_reviewed	1
23111_reviewed	2060_reviewed	1
267_reviewed	84447_reviewed	1
2099_reviewed	200933_reviewed	1
54797_reviewed	10025_reviewed	1
5501_reviewed	23248_reviewed	1
56923_reviewed	10874_reviewed	1
57144_reviewed	998_reviewed	1
1856_reviewed	58500_reviewed	1
8175_reviewed	6626_reviewed	1
10657_reviewed	51341_reviewed	1
5499_reviewed	5504_reviewed	1
7337_reviewed	4507_reviewed	1
5576_reviewed	9495_reviewed	1
596_reviewed	8678_reviewed	1
84295_reviewed	5928_reviewed	1
10257_reviewed	4354_reviewed	1
3265_reviewed	476_reviewed	1
10514_reviewed	8467_reviewed	1
10273_reviewed	8772_reviewed	1
1445_reviewed	3725_reviewed	1
57154_reviewed	28951_reviewed	1
64759_reviewed	5747_reviewed	1
10450_reviewed	9343_reviewed	1
8726_reviewed	23_reviewed	1
55422_reviewed	7803_reviewed	0
116986_reviewed	998_reviewed	1
5515_reviewed	54973_reviewed	1
1956_reviewed	54919_reviewed	1
9987_reviewed	3189_reviewed	1
29883_reviewed	1019_reviewed	1
6915_reviewed	2776_reviewed	1
8651_reviewed	114609_reviewed	1
8792_reviewed	7188_reviewed	1
4792_reviewed	5977_reviewed	0
2260_reviewed	6197_reviewed	1
3937_reviewed	4690_reviewed	1
5111_reviewed	2547_reviewed	1
5970_reviewed	23512_reviewed	1
22796_reviewed	57511_reviewed	1
7181_reviewed	2099_reviewed	1
659_reviewed	7046_reviewed	1
159_reviewed	6888_reviewed	1
23235_reviewed	64784_reviewed	1
4683_reviewed	7874_reviewed	1
23450_reviewed	10262_reviewed	1
223082_reviewed	5537_reviewed	1
23339_reviewed	23339_reviewed	1
572_reviewed	596_reviewed	1
6790_reviewed	10013_reviewed	1
5695_reviewed	5718_reviewed	1
8507_reviewed	60_reviewed	1
5771_reviewed	7529_reviewed	0
5879_reviewed	752_reviewed	1
10528_reviewed	8971_reviewed	1
23595_reviewed	5001_reviewed	1
1642_reviewed	51138_reviewed	1
3654_reviewed	3656_reviewed	1
8521_reviewed	8841_reviewed	1
57506_reviewed	8517_reviewed	1
7529_reviewed	57530_reviewed	1
4609_reviewed	117246_reviewed	1
4438_reviewed	11144_reviewed	1
80335_reviewed	5514_reviewed	1
11236_reviewed	3638_reviewed	1
10910_reviewed	6500_reviewed	1
58529_reviewed	8557_reviewed	1
7046_reviewed	6885_reviewed	1
4088_reviewed	93649_reviewed	1
128178_reviewed	7186_reviewed	1
84365_reviewed	84154_reviewed	1
7251_reviewed	51271_reviewed	1
3516_reviewed	6015_reviewed	0
1080_reviewed	3312_reviewed	1
7681_reviewed	4194_reviewed	1
3959_reviewed	84926_reviewed	1
3178_reviewed	10236_reviewed	1
10980_reviewed	26094_reviewed	1
367_reviewed	6934_reviewed	1
57646_reviewed	4609_reviewed	1
7187_reviewed	8615_reviewed	1
54461_reviewed	1642_reviewed	1
9125_reviewed	64599_reviewed	1
57506_reviewed	7189_reviewed	1
56254_reviewed	51322_reviewed	1
5590_reviewed	5074_reviewed	1
142_reviewed	10001_reviewed	1
6136_reviewed	6147_reviewed	1
23032_reviewed	7316_reviewed	1
8726_reviewed	5928_reviewed	1
10844_reviewed	3959_reviewed	1
5599_reviewed	8518_reviewed	1
23063_reviewed	10274_reviewed	1
26271_reviewed	51343_reviewed	1
5111_reviewed	302_reviewed	1
51741_reviewed	83737_reviewed	1
23291_reviewed	7465_reviewed	1
1025_reviewed	3899_reviewed	1
64795_reviewed	10296_reviewed	1
388324_reviewed	92715_reviewed	1
55914_reviewed	3265_reviewed	1
81620_reviewed	8454_reviewed	1
23512_reviewed	7706_reviewed	1
9274_reviewed	6602_reviewed	1
1956_reviewed	9101_reviewed	1
1025_reviewed	10383_reviewed	1
2547_reviewed	6749_reviewed	1
5830_reviewed	26063_reviewed	1
1859_reviewed	51307_reviewed	1
6142_reviewed	6189_reviewed	1
3065_reviewed	283248_reviewed	1
580_reviewed	7157_reviewed	1
80314_reviewed	6944_reviewed	1
8663_reviewed	8891_reviewed	1
8202_reviewed	2101_reviewed	1
4733_reviewed	51389_reviewed	1
2091_reviewed	9328_reviewed	1
4092_reviewed	1499_reviewed	1
8607_reviewed	121053_reviewed	1
56949_reviewed	22938_reviewed	1
5599_reviewed	5609_reviewed	1
26053_reviewed	84108_reviewed	1
134510_reviewed	5709_reviewed	1
3024_reviewed	140690_reviewed	1
282809_reviewed	10726_reviewed	1
5071_reviewed	351_reviewed	1
1822_reviewed	10458_reviewed	1
57511_reviewed	91949_reviewed	1
4609_reviewed	23326_reviewed	1
7052_reviewed	3313_reviewed	1
6138_reviewed	6143_reviewed	1
9564_reviewed	25_reviewed	1
2130_reviewed	23512_reviewed	1
25820_reviewed	51133_reviewed	1
582_reviewed	27241_reviewed	1
988_reviewed	3312_reviewed	1
4735_reviewed	23157_reviewed	1
2618_reviewed	22929_reviewed	1
329_reviewed	7316_reviewed	1
8450_reviewed	8570_reviewed	1
2492_reviewed	26060_reviewed	1
5594_reviewed	7157_reviewed	1
996_reviewed	29882_reviewed	1
1201_reviewed	29927_reviewed	1
10920_reviewed	8533_reviewed	1
7179_reviewed	9276_reviewed	1
1643_reviewed	3065_reviewed	1
150290_reviewed	6310_reviewed	1
79831_reviewed	5315_reviewed	1
10459_reviewed	51343_reviewed	1
2887_reviewed	7531_reviewed	1
1736_reviewed	3921_reviewed	1
57761_reviewed	22809_reviewed	1
22918_reviewed	712_reviewed	0
55294_reviewed	688_reviewed	1
10868_reviewed	5597_reviewed	1
23291_reviewed	4601_reviewed	1
7385_reviewed	7284_reviewed	1
9733_reviewed	9128_reviewed	1
6142_reviewed	6187_reviewed	1
3065_reviewed	79365_reviewed	1
27335_reviewed	8666_reviewed	1
25_reviewed	84287_reviewed	1
29979_reviewed	7917_reviewed	1
372_reviewed	11316_reviewed	1
140885_reviewed	6772_reviewed	1
1956_reviewed	220988_reviewed	1
27292_reviewed	10643_reviewed	1
7316_reviewed	56957_reviewed	1
5515_reviewed	10576_reviewed	1
7337_reviewed	3308_reviewed	1
8452_reviewed	4144_reviewed	1
4152_reviewed	4938_reviewed	0
3265_reviewed	57181_reviewed	1
1612_reviewed	5595_reviewed	1
2962_reviewed	2959_reviewed	1
6125_reviewed	6193_reviewed	1
5019_reviewed	3417_reviewed	1
9021_reviewed	7189_reviewed	1
3172_reviewed	3091_reviewed	1
56257_reviewed	70_reviewed	1
8887_reviewed	29110_reviewed	1
274_reviewed	51411_reviewed	1
1877_reviewed	3065_reviewed	1
7014_reviewed	4361_reviewed	1
54998_reviewed	7818_reviewed	1
10618_reviewed	9685_reviewed	1
23450_reviewed	11338_reviewed	1
140459_reviewed	8065_reviewed	1
857_reviewed	4846_reviewed	1
7874_reviewed	3344_reviewed	1
4361_reviewed	7874_reviewed	1
51429_reviewed	10188_reviewed	1
3309_reviewed	64374_reviewed	1
5716_reviewed	5925_reviewed	1
6464_reviewed	1796_reviewed	1
23390_reviewed	51466_reviewed	1
140460_reviewed	84722_reviewed	1
149428_reviewed	596_reviewed	1
5888_reviewed	7347_reviewed	1
4087_reviewed	3725_reviewed	1
23190_reviewed	9807_reviewed	1
10397_reviewed	2547_reviewed	1
8451_reviewed	6500_reviewed	1
3560_reviewed	6464_reviewed	1
22893_reviewed	3065_reviewed	1
54994_reviewed	25852_reviewed	1
6222_reviewed	6189_reviewed	1
3178_reviewed	3872_reviewed	1
6310_reviewed	84528_reviewed	1
79155_reviewed	5688_reviewed	1
3164_reviewed	596_reviewed	1
4690_reviewed	25_reviewed	1
6502_reviewed	2000_reviewed	1
23329_reviewed	6809_reviewed	1
5515_reviewed	1021_reviewed	1
10013_reviewed	5887_reviewed	1
55854_reviewed	4733_reviewed	1
4609_reviewed	8464_reviewed	1
7706_reviewed	5707_reviewed	1
65005_reviewed	29088_reviewed	1
56257_reviewed	26121_reviewed	1
7534_reviewed	2309_reviewed	1
3312_reviewed	2560_reviewed	1
6152_reviewed	6193_reviewed	1
51343_reviewed	5347_reviewed	1
3312_reviewed	10049_reviewed	1
7456_reviewed	4690_reviewed	1
5516_reviewed	2296_reviewed	1
51377_reviewed	1509_reviewed	1
9255_reviewed	9521_reviewed	1
5525_reviewed	1612_reviewed	1
5321_reviewed	653361_reviewed	1
539_reviewed	2040_reviewed	1
5894_reviewed	23551_reviewed	1
10494_reviewed	80143_reviewed	1
10551_reviewed	1655_reviewed	1
11145_reviewed	5518_reviewed	1
2138_reviewed	55294_reviewed	1
27247_reviewed	7290_reviewed	1
64839_reviewed	65986_reviewed	1
7283_reviewed	3312_reviewed	1
6124_reviewed	6128_reviewed	1
23177_reviewed	7428_reviewed	1
132320_reviewed	9493_reviewed	1
1025_reviewed	8454_reviewed	1
9532_reviewed	10049_reviewed	1
6714_reviewed	6772_reviewed	1
7529_reviewed	29127_reviewed	1
56257_reviewed	3609_reviewed	1
2078_reviewed	4691_reviewed	1
5720_reviewed	5721_reviewed	1
8451_reviewed	5931_reviewed	1
8073_reviewed	2339_reviewed	1
149041_reviewed	2521_reviewed	1
54386_reviewed	10111_reviewed	1
8678_reviewed	5606_reviewed	1
2582_reviewed	2582_reviewed	1
7706_reviewed	3609_reviewed	1
5111_reviewed	5111_reviewed	1
3609_reviewed	10262_reviewed	1
5071_reviewed	3303_unreviewed	1
9937_reviewed	8554_reviewed	1
9555_reviewed	10951_reviewed	1
56001_reviewed	9972_reviewed	1
8772_reviewed	1612_reviewed	1
891_reviewed	6780_reviewed	1
6128_reviewed	3921_reviewed	1
9531_reviewed	22818_reviewed	1
7068_reviewed	8202_reviewed	1
81533_reviewed	10856_reviewed	1
81550_reviewed	8087_reviewed	1
5716_reviewed	5713_reviewed	1
10681_reviewed	1813_reviewed	1
9070_reviewed	9070_reviewed	1
9861_reviewed	5693_reviewed	1
51207_reviewed	26130_reviewed	1
8543_reviewed	8861_reviewed	1
79837_reviewed	79837_reviewed	1
9817_reviewed	8452_reviewed	1
7581_reviewed	51776_reviewed	1
55145_reviewed	138046_reviewed	1
4049_reviewed	4050_reviewed	1
7189_reviewed	7157_reviewed	1
23322_reviewed	23277_reviewed	1
1153_reviewed	79084_reviewed	1
10971_reviewed	5587_reviewed	1
10551_reviewed	1891_reviewed	1
8841_reviewed	83746_reviewed	1
51602_reviewed	10813_reviewed	1
6777_reviewed	6777_reviewed	1
23028_reviewed	27043_reviewed	1
5515_reviewed	7538_reviewed	1
22919_reviewed	10615_reviewed	1
6642_reviewed	6642_reviewed	1
1615_reviewed	5859_reviewed	1
57215_reviewed	5705_reviewed	1
55294_reviewed	9440_reviewed	1
10551_reviewed	6204_reviewed	1
57506_reviewed	55905_reviewed	1
9531_reviewed	204_reviewed	1
6195_reviewed	57120_reviewed	1
8453_reviewed	2130_reviewed	1
6478_reviewed	22974_reviewed	1
55689_reviewed	9898_reviewed	1
7067_reviewed	6882_reviewed	1
55835_reviewed	9738_reviewed	1
80700_reviewed	5447_reviewed	1
8678_reviewed	5289_reviewed	1
1017_reviewed	51053_reviewed	1
10551_reviewed	3008_reviewed	1
3320_reviewed	7268_reviewed	1
4899_reviewed	23126_reviewed	1
1650_reviewed	6748_reviewed	1
7416_reviewed	7417_reviewed	1
199990_reviewed	2176_reviewed	1
5894_reviewed	8036_reviewed	1
7454_reviewed	51429_reviewed	1
9513_reviewed	9513_reviewed	1
8517_reviewed	51143_reviewed	1
2932_reviewed	4582_reviewed	1
51574_reviewed	904_reviewed	1
331_reviewed	56616_reviewed	1
10551_reviewed	51727_reviewed	1
7534_reviewed	3799_reviewed	1
5422_reviewed	142_reviewed	1
222229_reviewed	5001_reviewed	1
5914_reviewed	207_reviewed	1
4987_reviewed	5368_reviewed	1
112869_reviewed	56970_reviewed	1
8626_reviewed	8945_reviewed	1
50649_reviewed	5879_reviewed	1
55754_reviewed	351_reviewed	1
4722_reviewed	4540_reviewed	1
57716_reviewed	57716_reviewed	1
2885_reviewed	147179_reviewed	1
5432_reviewed	5436_reviewed	1
56915_reviewed	11340_reviewed	1
4000_reviewed	6811_reviewed	1
9181_reviewed	9701_reviewed	1
5885_reviewed	823_reviewed	1
25843_reviewed	5518_reviewed	1
5728_reviewed	2444_reviewed	1
988_reviewed	7307_reviewed	1
149041_reviewed	10992_reviewed	1
80232_reviewed	54994_reviewed	1
4893_reviewed	79932_reviewed	1
2626_reviewed	3720_reviewed	1
9212_reviewed	3619_reviewed	1
2903_reviewed	2185_reviewed	1
3845_reviewed	23705_reviewed	1
4223_reviewed	8440_reviewed	1
8842_reviewed	5295_reviewed	1
51547_reviewed	5931_reviewed	1
51574_reviewed	10884_reviewed	1
6184_reviewed	201595_reviewed	1
1630_reviewed	6137_reviewed	1
55034_reviewed	55742_reviewed	1
51512_reviewed	8301_reviewed	1
65266_reviewed	8452_reviewed	1
7917_reviewed	7415_reviewed	1
25793_reviewed	26190_reviewed	1
28996_reviewed	4204_reviewed	1
2149_reviewed	857_reviewed	1
5144_reviewed	9276_reviewed	0
5687_reviewed	5714_reviewed	1
5728_reviewed	9368_reviewed	1
23390_reviewed	10458_reviewed	1
51343_reviewed	3298_reviewed	1
3621_reviewed	5111_reviewed	1
7010_reviewed	6464_reviewed	1
5518_reviewed	28227_reviewed	1
1457_reviewed	123169_reviewed	1
1653_reviewed	283742_reviewed	1
4000_reviewed	57794_reviewed	1
8038_reviewed	29763_reviewed	1
6850_reviewed	4067_reviewed	1
6304_reviewed	8535_reviewed	1
5925_reviewed	1869_reviewed	1
8877_reviewed	330_reviewed	1
9040_reviewed	8454_reviewed	1
5914_reviewed	3066_reviewed	1
22841_reviewed	5230_reviewed	1
114609_reviewed	369_reviewed	1
7048_reviewed	163_reviewed	1
30011_reviewed	6456_reviewed	1
3607_reviewed	25942_reviewed	1
1398_reviewed	8471_reviewed	1
6132_reviewed	6175_reviewed	1
79728_reviewed	5429_reviewed	1
6426_reviewed	9343_reviewed	1
10015_reviewed	27352_reviewed	1
171568_reviewed	55703_reviewed	1
11338_reviewed	4691_reviewed	1
51741_reviewed	23248_reviewed	1
5824_reviewed	8799_reviewed	1
1173_reviewed	85021_reviewed	1
6193_reviewed	6202_reviewed	1
3178_reviewed	1653_reviewed	1
55729_reviewed	9869_reviewed	1
4691_reviewed	5394_reviewed	1
8202_reviewed	3551_reviewed	1
219541_reviewed	892_reviewed	1
9114_reviewed	535_reviewed	1
79720_reviewed	7514_reviewed	1
8161_reviewed	2547_reviewed	1
51377_reviewed	5713_reviewed	1
84867_reviewed	55176_reviewed	1
5347_reviewed	23299_reviewed	1
2242_reviewed	10155_reviewed	1
23210_reviewed	81669_reviewed	1
93986_reviewed	6671_reviewed	1
7157_reviewed	9112_reviewed	1
4692_reviewed	4925_reviewed	1
4478_reviewed	653361_reviewed	1
4609_reviewed	7529_reviewed	1
51421_reviewed	4771_reviewed	1
2078_reviewed	3192_reviewed	1
4609_reviewed	4841_reviewed	1
10951_reviewed	55791_reviewed	1
7097_reviewed	114609_reviewed	1
5577_reviewed	1453_reviewed	1
10576_reviewed	10694_reviewed	1
8237_reviewed	79728_reviewed	1
84759_reviewed	23429_reviewed	1
1647_reviewed	10540_reviewed	1
149041_reviewed	4841_reviewed	1
23429_reviewed	11335_reviewed	1
51574_reviewed	79590_reviewed	1
5977_reviewed	5977_reviewed	0
5311_reviewed	5311_reviewed	1
23552_reviewed	23770_reviewed	1
200734_reviewed	8878_reviewed	1
6615_reviewed	8945_reviewed	1
70_reviewed	26009_reviewed	1
26277_reviewed	54386_reviewed	1
55588_reviewed	80306_reviewed	1
22938_reviewed	9343_reviewed	1
4893_reviewed	2037_reviewed	1
79699_reviewed	8453_reviewed	1
5562_reviewed	1080_reviewed	1
8452_reviewed	23276_reviewed	1
2801_reviewed	55093_reviewed	1
6138_reviewed	6130_reviewed	1
4646_reviewed	146691_reviewed	1
112939_reviewed	7541_reviewed	1
50717_reviewed	6839_reviewed	1
79039_reviewed	2099_reviewed	1
6137_reviewed	6188_reviewed	1
4602_reviewed	8554_reviewed	1
5071_reviewed	8454_reviewed	1
5925_reviewed	7157_reviewed	1
286053_reviewed	23137_reviewed	1
29970_reviewed	60592_reviewed	1
162_reviewed	164_reviewed	1
3315_reviewed	2288_reviewed	1
819_reviewed	1956_reviewed	1
79871_reviewed	5436_reviewed	1
10513_reviewed	23212_reviewed	1
387_reviewed	7220_reviewed	1
1432_reviewed	83987_reviewed	1
26060_reviewed	8766_reviewed	0
1915_reviewed	6189_reviewed	1
9695_reviewed	6400_reviewed	1
3845_reviewed	9712_reviewed	1
117177_reviewed	4218_reviewed	1
1956_reviewed	2065_reviewed	1
30011_reviewed	5062_reviewed	1
11030_reviewed	23126_reviewed	1
80335_reviewed	5431_reviewed	1
3312_reviewed	79047_reviewed	1
26986_reviewed	6311_reviewed	1
3587_reviewed	3586_reviewed	1
6142_reviewed	55661_reviewed	1
84944_reviewed	8570_reviewed	1
5788_reviewed	3932_reviewed	1
83461_reviewed	8454_reviewed	1
3185_reviewed	11338_reviewed	1
7316_reviewed	5716_reviewed	1
4000_reviewed	8187_reviewed	1
51028_reviewed	7316_reviewed	1
6625_reviewed	55082_reviewed	1
4869_reviewed	4931_reviewed	1
834_reviewed	58484_reviewed	1
4609_reviewed	26156_reviewed	1
5784_reviewed	252983_reviewed	1
1019_reviewed	3024_reviewed	1
81848_reviewed	7016_reviewed	1
4609_reviewed	5928_reviewed	1
23595_reviewed	595_reviewed	0
83878_reviewed	83878_reviewed	1
8503_reviewed	116448_reviewed	1
10598_reviewed	11080_reviewed	1
2533_reviewed	8631_reviewed	1
1915_reviewed	3312_reviewed	1
79701_reviewed	821_reviewed	1
598_reviewed	6252_reviewed	1
92181_reviewed	8078_reviewed	1
2547_reviewed	3930_reviewed	1
2067_reviewed	5893_reviewed	1
55718_reviewed	10621_reviewed	1
8945_reviewed	4089_reviewed	1
57180_reviewed	57180_reviewed	1
22981_reviewed	125950_reviewed	1
11007_reviewed	170082_reviewed	1
4609_reviewed	4175_reviewed	1
5566_reviewed	3065_reviewed	1
7874_reviewed	79665_reviewed	1
1017_reviewed	5925_reviewed	1
3560_reviewed	6776_reviewed	1
3560_reviewed	9146_reviewed	1
56949_reviewed	8449_reviewed	1
1487_reviewed	6591_reviewed	0
27148_reviewed	3320_reviewed	1
5193_reviewed	8799_reviewed	0
10626_reviewed	29108_reviewed	0
3480_reviewed	11331_reviewed	1
6689_reviewed	5595_reviewed	1
1915_reviewed	2027_reviewed	1
5935_reviewed	3609_reviewed	1
2274_reviewed	468_reviewed	0
10413_reviewed	7415_reviewed	1
55770_reviewed	54536_reviewed	1
10551_reviewed	5901_reviewed	1
10921_reviewed	22985_reviewed	1
5518_reviewed	54973_reviewed	1
115752_reviewed	11340_reviewed	1
11315_reviewed	2879_reviewed	1
1499_reviewed	6304_reviewed	1
11124_reviewed	6500_reviewed	1
80331_reviewed	1080_reviewed	1
6500_reviewed	899_reviewed	1
10987_reviewed	85457_reviewed	1
55250_reviewed	26610_reviewed	1
64786_reviewed	7993_reviewed	1
7957_reviewed	27247_reviewed	1
10618_reviewed	490_reviewed	1
9092_reviewed	9343_reviewed	1
10273_reviewed	8471_reviewed	1
23426_reviewed	2917_reviewed	1
1956_reviewed	84959_reviewed	1
27111_reviewed	27111_reviewed	1
10551_reviewed	7520_reviewed	1
8452_reviewed	84541_reviewed	1
5515_reviewed	2107_reviewed	1
6431_reviewed	6434_reviewed	1
4691_reviewed	6143_reviewed	1
6117_reviewed	4436_reviewed	1
154_reviewed	975_reviewed	1
1399_reviewed	2889_reviewed	1
2932_reviewed	4088_reviewed	1
10498_reviewed	60_reviewed	1
4094_reviewed	63893_reviewed	1
51143_reviewed	1639_reviewed	1
4920_reviewed	9802_reviewed	1
4867_reviewed	23322_reviewed	1
51692_reviewed	90025_reviewed	1
7706_reviewed	4113_reviewed	1
51377_reviewed	5688_reviewed	1
22919_reviewed	5576_reviewed	1
8650_reviewed	160_reviewed	1
64318_reviewed	23481_reviewed	1
23133_reviewed	7552_reviewed	1
10933_reviewed	55929_reviewed	1
4688_reviewed	4689_reviewed	1
23309_reviewed	56946_reviewed	1
5798_reviewed	821_reviewed	1
1956_reviewed	22931_reviewed	1
140459_reviewed	51130_reviewed	1
10551_reviewed	2665_reviewed	1
28952_reviewed	10311_reviewed	1
4609_reviewed	90102_reviewed	1
10528_reviewed	10514_reviewed	1
6256_reviewed	8648_reviewed	1
9439_reviewed	6837_reviewed	1
55167_reviewed	54623_reviewed	1
3551_reviewed	8945_reviewed	1
1487_reviewed	3066_reviewed	1
7533_reviewed	9699_reviewed	1
142_reviewed	9282_reviewed	1
23305_reviewed	23305_reviewed	1
5777_reviewed	3937_reviewed	1
4209_reviewed	4773_reviewed	1
999_reviewed	79872_reviewed	1
2801_reviewed	58500_reviewed	1
79155_reviewed	10409_reviewed	1
7417_reviewed	506_reviewed	1
51343_reviewed	51530_reviewed	1
5981_reviewed	5970_reviewed	1
11156_reviewed	79711_reviewed	1
5119_reviewed	27183_reviewed	1
26234_reviewed	1639_reviewed	1
3065_reviewed	5987_reviewed	1
5708_reviewed	134510_reviewed	1
5268_reviewed	1278_reviewed	1
6478_reviewed	57630_reviewed	1
3320_reviewed	10869_reviewed	1
8237_reviewed	7157_reviewed	1
55802_reviewed	1656_reviewed	1
8139_reviewed	8452_reviewed	1
84172_reviewed	5434_reviewed	1
4298_reviewed	8028_reviewed	1
1615_reviewed	90850_reviewed	1
3315_reviewed	347517_reviewed	1
11143_reviewed	7157_reviewed	1
4940_reviewed	22907_reviewed	1
8766_reviewed	8766_reviewed	1
7454_reviewed	7329_reviewed	1
196_reviewed	8648_reviewed	1
22948_reviewed	7415_reviewed	1
5565_reviewed	51422_reviewed	1
573_reviewed	11080_reviewed	1
9782_reviewed	3192_reviewed	1
5359_reviewed	1956_reviewed	1
140890_reviewed	10772_reviewed	1
4110_reviewed	64770_reviewed	1
2260_reviewed	60312_reviewed	1
6598_reviewed	4609_reviewed	1
51377_reviewed	5684_reviewed	1
10452_reviewed	4714_reviewed	1
387893_reviewed	7329_reviewed	1
4793_reviewed	5970_reviewed	1
3276_reviewed	8204_reviewed	1
51361_reviewed	84376_reviewed	1
51377_reviewed	9861_reviewed	1
374291_reviewed	9361_reviewed	1
1859_reviewed	2342_reviewed	1
10551_reviewed	10487_reviewed	1
9218_reviewed	114884_reviewed	1
10574_reviewed	10694_reviewed	1
4193_reviewed	8850_reviewed	1
2353_reviewed	1457_reviewed	1
149041_reviewed	6152_reviewed	1
1815_reviewed	409_reviewed	1
7091_reviewed	5495_reviewed	1
6135_reviewed	6147_reviewed	1
7283_reviewed	27229_reviewed	1
5468_reviewed	8204_reviewed	1
6780_reviewed	5245_reviewed	1
4595_reviewed	328_reviewed	1
2048_reviewed	1948_reviewed	1
57379_reviewed	23404_reviewed	1
373509_reviewed	3326_reviewed	1
8835_reviewed	10067_reviewed	1
4221_reviewed	6929_reviewed	1
6722_reviewed	7403_reviewed	1
1495_reviewed	1500_reviewed	0
7415_reviewed	821_reviewed	1
6147_reviewed	6188_reviewed	1
10318_reviewed	8887_reviewed	1
8697_reviewed	51434_reviewed	1
10120_reviewed	10576_reviewed	1
2521_reviewed	3838_reviewed	1
8930_reviewed	25942_reviewed	1
7534_reviewed	23387_reviewed	1
7189_reviewed	7046_reviewed	1
71_reviewed	8976_reviewed	1
6421_reviewed	9343_reviewed	1
7291_reviewed	10155_reviewed	1
10891_reviewed	9440_reviewed	1
10146_reviewed	57532_reviewed	1
10273_reviewed	10273_reviewed	1
7020_reviewed	7913_reviewed	1
310_reviewed	7157_reviewed	1
54758_reviewed	6839_reviewed	1
9686_reviewed	359948_reviewed	1
55662_reviewed	140462_reviewed	1
5910_reviewed	387_reviewed	1
984_reviewed	11143_reviewed	1
3621_reviewed	25942_reviewed	1
4609_reviewed	5594_reviewed	1
5170_reviewed	5566_reviewed	1
6950_reviewed	10694_reviewed	1
84311_unreviewed	57129_reviewed	1
5879_reviewed	5910_reviewed	1
10498_reviewed	6602_reviewed	1
5708_reviewed	5711_reviewed	1
197259_reviewed	11035_reviewed	1
1643_reviewed	10920_reviewed	1
23097_reviewed	23512_reviewed	1
4841_reviewed	5499_reviewed	1
701_reviewed	5347_reviewed	1
149371_reviewed	8408_reviewed	1
7409_reviewed	3937_reviewed	1
64839_reviewed	6500_reviewed	1
8932_reviewed	25988_reviewed	1
388324_reviewed	7726_reviewed	1
4778_reviewed	10413_reviewed	1
54984_reviewed	7013_reviewed	1
6790_reviewed	1660_reviewed	1
5071_reviewed	2597_reviewed	1
5684_reviewed	5695_reviewed	1
64750_reviewed	7048_reviewed	1
23030_reviewed	7184_reviewed	1
7428_reviewed	1191_reviewed	1
10912_reviewed	90480_reviewed	1
1027_reviewed	7514_reviewed	1
4609_reviewed	10049_reviewed	1
5289_reviewed	7405_reviewed	1
5970_reviewed	1045_reviewed	1
3568_reviewed	6386_reviewed	1
7316_reviewed	79874_reviewed	1
7251_reviewed	51510_reviewed	1
10912_reviewed	10524_reviewed	1
1457_reviewed	1936_reviewed	1
7046_reviewed	5520_reviewed	1
10477_reviewed	6047_reviewed	1
4067_reviewed	1439_reviewed	1
5830_reviewed	83752_reviewed	1
9529_reviewed	8379_reviewed	1
6720_reviewed	117581_reviewed	1
2091_reviewed	51649_reviewed	1
1026_reviewed	208_reviewed	1
25998_reviewed	27250_reviewed	1
7514_reviewed	83743_reviewed	1
2005_reviewed	6722_reviewed	1
7128_reviewed	7805_reviewed	1
3280_reviewed	7088_reviewed	1
26986_reviewed	9092_reviewed	1
65018_reviewed	7316_reviewed	1
2664_reviewed	7551_reviewed	0
11124_reviewed	6185_reviewed	1
6142_reviewed	6137_reviewed	1
8607_reviewed	10856_reviewed	1
10551_reviewed	9520_reviewed	1
9266_reviewed	90060_reviewed	1
25820_reviewed	79736_reviewed	1
8767_reviewed	8517_reviewed	1
5684_reviewed	1958_reviewed	1
525_reviewed	529_reviewed	1
2648_reviewed	3291_reviewed	1
6804_reviewed	134957_reviewed	1
30011_reviewed	23607_reviewed	1
1459_reviewed	11091_reviewed	1
9070_reviewed	4221_reviewed	1
11043_reviewed	51760_reviewed	1
373_reviewed	51545_reviewed	1
9533_reviewed	171568_reviewed	1
1420_reviewed	1420_reviewed	1
223082_reviewed	477_reviewed	1
5977_reviewed	6599_reviewed	1
51574_reviewed	3836_reviewed	1
6598_reviewed	25942_reviewed	1
5685_reviewed	10197_reviewed	1
7706_reviewed	1968_reviewed	1
6141_reviewed	6133_reviewed	1
5888_reviewed	54904_reviewed	1
6790_reviewed	140597_reviewed	1
81567_reviewed	367_reviewed	1
10250_reviewed	9343_reviewed	1
8450_reviewed	1655_reviewed	1
7316_reviewed	152006_reviewed	1
6205_reviewed	6203_reviewed	1
5713_reviewed	5718_reviewed	1
11140_reviewed	8480_reviewed	1
958_reviewed	958_reviewed	1
818_reviewed	6236_reviewed	1
3178_reviewed	3608_reviewed	1
3428_reviewed	29108_reviewed	1
6134_reviewed	9045_reviewed	1
10940_reviewed	23029_reviewed	1
5905_reviewed	9343_reviewed	1
468_reviewed	7803_reviewed	0
2247_reviewed	2264_reviewed	0
9958_reviewed	9810_reviewed	1
7316_reviewed	9569_reviewed	1
6009_reviewed	664_reviewed	1
3320_reviewed	1326_reviewed	1
4170_reviewed	8454_reviewed	1
6128_reviewed	6175_reviewed	1
3958_reviewed	1889_reviewed	1
5501_reviewed	317762_reviewed	1
3476_reviewed	7203_reviewed	1
4691_reviewed	93185_reviewed	1
10273_reviewed	6446_reviewed	1
867_reviewed	3636_reviewed	1
6434_reviewed	8683_reviewed	1
1643_reviewed	1540_reviewed	1
8027_reviewed	7316_reviewed	1
3299_reviewed	3298_reviewed	1
6117_reviewed	54465_reviewed	1
1994_reviewed	6929_reviewed	1
11030_reviewed	84872_reviewed	1
7337_reviewed	5682_reviewed	1
85437_reviewed	51574_reviewed	1
8883_reviewed	2617_reviewed	1
894_reviewed	7703_reviewed	1
6141_reviewed	6143_reviewed	1
7161_reviewed	5204_reviewed	1
4217_reviewed	7165_reviewed	1
3916_reviewed	6185_reviewed	1
56257_reviewed	5094_reviewed	1
254394_reviewed	51602_reviewed	1
6721_reviewed	22926_reviewed	1
11124_reviewed	3843_reviewed	1
6147_reviewed	6203_reviewed	1
1759_reviewed	29993_reviewed	1
1173_reviewed	3312_reviewed	1
7157_reviewed	7707_reviewed	1
10618_reviewed	7037_reviewed	1
5682_reviewed	5699_reviewed	1
10016_reviewed	1612_reviewed	1
5800_reviewed	7415_reviewed	1
6774_reviewed	6822_reviewed	1
23462_reviewed	11329_reviewed	1
331_reviewed	8878_reviewed	1
5683_reviewed	11047_reviewed	1
9815_reviewed	10318_reviewed	1
8576_reviewed	79734_reviewed	1
6733_reviewed	5411_reviewed	1
23210_reviewed	65117_reviewed	1
3396_reviewed	28973_reviewed	1
6135_reviewed	6194_reviewed	1
5774_reviewed	8661_reviewed	1
1196_reviewed	55339_reviewed	1
26297_reviewed	23028_reviewed	1
6643_reviewed	51699_reviewed	1
8452_reviewed	47_reviewed	1
23229_reviewed	57154_reviewed	1
286826_reviewed	5925_reviewed	1
11319_reviewed	3185_reviewed	1
10346_reviewed	4261_reviewed	1
199990_reviewed	55120_reviewed	1
6400_reviewed	27248_reviewed	1
3300_reviewed	3308_reviewed	1
25820_reviewed	113026_reviewed	1
23586_reviewed	57506_reviewed	1
54903_reviewed	27077_reviewed	1
9513_reviewed	414157_reviewed	1
8554_reviewed	1655_reviewed	1
1173_reviewed	115548_reviewed	1
5931_reviewed	25942_reviewed	1
3308_reviewed	7415_reviewed	1
6500_reviewed	26234_reviewed	1
10783_reviewed	57763_reviewed	1
11124_reviewed	8945_reviewed	1
63967_reviewed	8317_reviewed	1
2060_reviewed	339745_reviewed	1
408_reviewed	5494_reviewed	1
729873_reviewed	203068_reviewed	1
5702_reviewed	5695_reviewed	1
1616_reviewed	2801_reviewed	1
55844_reviewed	3725_reviewed	1
1499_reviewed	3320_reviewed	0
7508_reviewed	1069_reviewed	1
2017_reviewed	8976_reviewed	1
1956_reviewed	164_reviewed	1
5252_reviewed	2146_reviewed	1
6532_reviewed	3303_unreviewed	1
6143_reviewed	6207_reviewed	1
8805_reviewed	367_reviewed	1
1271_reviewed	23529_reviewed	1
891_reviewed	29945_reviewed	1
8936_reviewed	25_reviewed	1
466_reviewed	1457_reviewed	1
3065_reviewed	7161_reviewed	1
57379_reviewed	55658_reviewed	1
10551_reviewed	27101_reviewed	1
3297_reviewed	27145_reviewed	1
26994_reviewed	10617_reviewed	1
54534_reviewed	219927_reviewed	1
2782_reviewed	80232_reviewed	1
10197_reviewed	80011_reviewed	1
8692_reviewed	4089_reviewed	1
10569_reviewed	53938_reviewed	1
5071_reviewed	7316_reviewed	1
5599_reviewed	6198_reviewed	1
56893_reviewed	3309_reviewed	1
11244_reviewed	10771_reviewed	1
10528_reviewed	6135_reviewed	1
5700_reviewed	5690_reviewed	1
1659_reviewed	79576_reviewed	1
6517_reviewed	2597_reviewed	1
9733_reviewed	9129_reviewed	1
10213_reviewed	5706_reviewed	1
28996_reviewed	11335_reviewed	1
6845_reviewed	84079_reviewed	1
22938_reviewed	51645_reviewed	1
699_reviewed	701_reviewed	1
6204_reviewed	6207_reviewed	1
10551_reviewed	3028_reviewed	1
5431_reviewed	5432_reviewed	1
9738_reviewed	1068_reviewed	1
23014_reviewed	6500_reviewed	1
23162_reviewed	5747_reviewed	1
27_reviewed	8470_reviewed	1
2175_reviewed	199990_reviewed	1
4736_reviewed	6202_reviewed	1
1956_reviewed	5335_reviewed	1
8408_reviewed	9776_reviewed	1
582_reviewed	55212_reviewed	1
11171_reviewed	26099_reviewed	1
3091_reviewed	860_reviewed	1
7251_reviewed	7316_reviewed	1
10313_reviewed	57142_reviewed	1
902_reviewed	117178_reviewed	1
5987_reviewed	10494_reviewed	1
7443_reviewed	10189_reviewed	1
78986_reviewed	25841_reviewed	1
10787_reviewed	10006_reviewed	1
55914_reviewed	3739_reviewed	1
6829_reviewed	10419_reviewed	1
51574_reviewed	6638_reviewed	1
6746_reviewed	6734_reviewed	1
6124_reviewed	6189_reviewed	1
2648_reviewed	112869_reviewed	1
3065_reviewed	115426_reviewed	1
4609_reviewed	10155_reviewed	1
10299_reviewed	1734_reviewed	1
8932_reviewed	3066_reviewed	1
7150_reviewed	142_reviewed	1
5663_reviewed	5663_reviewed	1
7534_reviewed	2023_reviewed	1
7490_reviewed	7329_reviewed	1
6389_reviewed	1727_reviewed	1
9175_reviewed	7706_reviewed	1
3030_reviewed	3032_reviewed	1
130617_reviewed	7316_reviewed	1
1452_reviewed	5728_reviewed	1
10801_reviewed	23157_reviewed	1
5245_reviewed	5162_reviewed	1
1198_reviewed	57035_reviewed	1
57649_reviewed	3065_reviewed	1
699_reviewed	9184_reviewed	1
6741_reviewed	4691_reviewed	1
7270_reviewed	4193_reviewed	1
2869_reviewed	1642_reviewed	1
1859_reviewed	5071_reviewed	1
11004_reviewed	11004_reviewed	1
10276_reviewed	9223_reviewed	1
23051_reviewed	23051_reviewed	1
5295_reviewed	8038_reviewed	1
117584_reviewed	80223_reviewed	1
10528_reviewed	3192_reviewed	1
2534_reviewed	1742_reviewed	1
55135_reviewed	9025_reviewed	1
6004_reviewed	2776_reviewed	1
9218_reviewed	22930_reviewed	1
51586_reviewed	9443_reviewed	1
1956_reviewed	3312_reviewed	1
3667_reviewed	868_reviewed	1
7014_reviewed	7520_reviewed	1
6189_reviewed	6203_reviewed	1
3077_reviewed	7037_reviewed	1
283150_reviewed	55257_reviewed	1
8895_reviewed	10987_reviewed	1
5468_reviewed	997_reviewed	1
3183_reviewed	3183_reviewed	1
79172_reviewed	401541_reviewed	1
7040_reviewed	351_reviewed	1
8314_reviewed	79711_reviewed	1
79094_reviewed	84528_reviewed	1
8803_reviewed	116173_reviewed	1
892_reviewed	29079_reviewed	1
5071_reviewed	5071_reviewed	1
6191_reviewed	6201_reviewed	1
9217_reviewed	23762_reviewed	1
8835_reviewed	8651_reviewed	1
554_reviewed	114897_reviewed	1
3654_reviewed	3308_reviewed	1
8666_reviewed	8668_reviewed	1
23390_reviewed	1386_reviewed	1
2274_reviewed	2783_reviewed	0
3320_reviewed	5129_reviewed	1
1956_reviewed	5292_reviewed	1
23327_reviewed	23327_reviewed	1
10413_reviewed	9242_reviewed	1
8028_reviewed	8089_reviewed	1
523_reviewed	7417_reviewed	1
2066_reviewed	7216_reviewed	1
23062_reviewed	57617_reviewed	1
843_reviewed	7132_reviewed	1
4773_reviewed	10320_reviewed	1
4704_reviewed	54539_reviewed	1
23237_reviewed	54476_reviewed	1
2289_reviewed	5241_reviewed	1
2890_reviewed	2891_reviewed	1
4609_reviewed	25814_reviewed	1
2048_reviewed	5921_reviewed	1
6194_reviewed	7818_reviewed	1
6128_reviewed	6201_reviewed	1
329_reviewed	7128_reviewed	1
55030_reviewed	6500_reviewed	1
54732_reviewed	10959_reviewed	1
23097_reviewed	9440_reviewed	1
9020_reviewed	7187_reviewed	1
79155_reviewed	8939_reviewed	1
6047_reviewed	5371_reviewed	1
64064_reviewed	64064_reviewed	1
22832_reviewed	115106_reviewed	1
7332_reviewed	255488_reviewed	1
29128_reviewed	80198_reviewed	1
2963_reviewed	2962_reviewed	1
10868_reviewed	340061_reviewed	1
5156_reviewed	5159_reviewed	1
2885_reviewed	3856_reviewed	1
10980_reviewed	6502_reviewed	1
7157_reviewed	6132_reviewed	1
3320_reviewed	8517_reviewed	1
112869_reviewed	6881_reviewed	1
5335_reviewed	2064_reviewed	1
388324_reviewed	9802_reviewed	1
9146_reviewed	93487_reviewed	1
1080_reviewed	5717_reviewed	1
4869_reviewed	6194_reviewed	1
22820_reviewed	372_reviewed	1
83860_reviewed	6879_reviewed	1
6133_reviewed	6193_reviewed	1
7572_reviewed	51282_reviewed	1
4086_reviewed	6497_reviewed	1
219333_reviewed	57599_reviewed	1
1499_reviewed	2648_reviewed	1
2241_reviewed	1956_reviewed	1
5883_reviewed	5884_reviewed	1
5799_reviewed	9894_reviewed	1
201163_reviewed	11021_reviewed	1
7307_reviewed	79576_reviewed	1
1627_reviewed	3728_reviewed	1
9097_reviewed	8878_reviewed	1
5866_reviewed	117177_reviewed	1
3205_reviewed	4092_reviewed	0
7707_reviewed	284119_reviewed	1
26043_reviewed	8451_reviewed	1
23133_reviewed	7874_reviewed	1
7068_reviewed	7157_reviewed	1
51592_reviewed	6925_reviewed	1
468_reviewed	3725_reviewed	1
10241_reviewed	64745_reviewed	1
3845_reviewed	2037_reviewed	1
51421_reviewed	64398_reviewed	1
81620_reviewed	990_reviewed	1
8450_reviewed	84790_reviewed	1
11200_reviewed	5518_reviewed	1
207_reviewed	1326_reviewed	1
5189_reviewed	5190_reviewed	1
5300_reviewed	5468_reviewed	1
5610_reviewed	27067_reviewed	1
6120_reviewed	6120_reviewed	1
2059_reviewed	10006_reviewed	1
3921_reviewed	55720_reviewed	1
5566_reviewed	6236_reviewed	1
113130_reviewed	23047_reviewed	1
23097_reviewed	9862_reviewed	1
1915_reviewed	6130_reviewed	1
2091_reviewed	55035_reviewed	1
9049_reviewed	55191_reviewed	1
79005_reviewed	117178_reviewed	1
5716_reviewed	1192_reviewed	1
8408_reviewed	8408_reviewed	1
10238_reviewed	6950_reviewed	1
7316_reviewed	11340_reviewed	1
6829_reviewed	904_reviewed	1
11060_reviewed	10605_reviewed	1
56912_reviewed	8100_reviewed	1
857_reviewed	5515_reviewed	1
8651_reviewed	8660_reviewed	1
5371_reviewed	6310_reviewed	1
10987_reviewed	8454_reviewed	1
10238_reviewed	10574_reviewed	1
2911_reviewed	2911_reviewed	1
9401_reviewed	4175_reviewed	1
51295_reviewed	5970_reviewed	1
5695_reviewed	5717_reviewed	1
63943_reviewed	3326_reviewed	1
7186_reviewed	51324_reviewed	1
846_reviewed	846_reviewed	1
9218_reviewed	54521_reviewed	1
329_reviewed	2935_reviewed	1
26270_reviewed	3320_reviewed	1
6657_reviewed	51105_reviewed	1
8440_reviewed	5159_reviewed	1
57167_reviewed	5460_reviewed	1
79595_reviewed	3065_reviewed	1
51574_reviewed	10262_reviewed	1
3689_reviewed	10048_reviewed	1
10980_reviewed	8453_reviewed	1
374291_reviewed	79133_reviewed	1
5194_reviewed	5191_reviewed	1
29978_reviewed	29979_reviewed	1
8535_reviewed	1460_reviewed	1
8878_reviewed	7316_reviewed	1
25843_reviewed	7871_reviewed	1
2324_reviewed	6464_reviewed	1
3178_reviewed	4686_reviewed	1
7316_reviewed	84142_reviewed	1
7316_reviewed	4673_reviewed	1
3265_reviewed	24145_reviewed	1
9306_reviewed	2673_reviewed	1
8850_reviewed	3192_reviewed	1
22832_reviewed	29920_reviewed	1
3183_reviewed	11338_reviewed	1
41_reviewed	9463_reviewed	1
57459_reviewed	3066_reviewed	1
51009_reviewed	84447_reviewed	1
10399_reviewed	2782_reviewed	1
5495_reviewed	3551_reviewed	1
1468_reviewed	3846_reviewed	1
9530_reviewed	7266_reviewed	1
1956_reviewed	5786_reviewed	1
8471_reviewed	81570_reviewed	1
408_reviewed	8027_reviewed	1
115650_reviewed	8741_reviewed	0
124590_reviewed	10083_reviewed	1
51317_reviewed	3065_reviewed	1
167691_reviewed	63893_reviewed	1
51194_reviewed	10477_reviewed	1
4609_reviewed	6202_reviewed	1
126626_reviewed	5934_reviewed	0
6996_reviewed	5914_reviewed	1
121441_reviewed	10576_reviewed	1
4846_reviewed	60_reviewed	1
3178_reviewed	55794_reviewed	1
28996_reviewed	4602_reviewed	1
7874_reviewed	4000_reviewed	1
23221_reviewed	3320_reviewed	1
27005_reviewed	79923_reviewed	1
254394_reviewed	4783_reviewed	1
64219_reviewed	7874_reviewed	1
1806_reviewed	57120_reviewed	1
1080_reviewed	3337_reviewed	1
84708_reviewed	286514_reviewed	1
1024_reviewed	11140_reviewed	1
10155_reviewed	6774_reviewed	1
51574_reviewed	7415_reviewed	1
5071_reviewed	11047_reviewed	1
10575_reviewed	10694_reviewed	1
3735_reviewed	51520_reviewed	1
51377_reviewed	5694_reviewed	1
10987_reviewed	80204_reviewed	1
6135_reviewed	6143_reviewed	1
16_reviewed	2617_reviewed	1
23063_reviewed	10735_reviewed	1
5777_reviewed	140885_reviewed	1
3981_reviewed	5478_reviewed	1
3845_reviewed	10134_reviewed	1
4609_reviewed	25926_reviewed	1
22891_reviewed	142_reviewed	1
7398_reviewed	55215_reviewed	1
1956_reviewed	11140_reviewed	1
5105_reviewed	7917_reviewed	1
22827_reviewed	5977_reviewed	0
29947_reviewed	2104_reviewed	1
3845_reviewed	219771_reviewed	1
1000_reviewed	1500_reviewed	1
22981_reviewed	79649_reviewed	1
10146_reviewed	11273_reviewed	1
7268_reviewed	51699_reviewed	1
10291_reviewed	10262_reviewed	1
51377_reviewed	5700_reviewed	1
54941_reviewed	9830_reviewed	1
6297_reviewed	79959_reviewed	1
4602_reviewed	7157_reviewed	0
5516_reviewed	2235_reviewed	1
9782_reviewed	3183_reviewed	1
9636_reviewed	5268_reviewed	1
3184_reviewed	10492_reviewed	1
27246_reviewed	5886_reviewed	1
4100_reviewed	84108_reviewed	1
890_reviewed	9088_reviewed	1
4193_reviewed	1660_reviewed	1
2091_reviewed	9330_reviewed	1
2885_reviewed	5296_reviewed	1
64326_reviewed	3726_reviewed	1
115426_reviewed	57092_reviewed	1
5747_reviewed	4067_reviewed	1
5910_reviewed	51562_reviewed	1
2078_reviewed	4869_reviewed	1
3265_reviewed	9173_reviewed	1
8732_reviewed	151987_reviewed	1
11315_reviewed	65018_reviewed	1
6625_reviewed	84311_unreviewed	1
54206_reviewed	7465_reviewed	1
7462_reviewed	2885_reviewed	1
7157_reviewed	10628_reviewed	1
5685_reviewed	5691_reviewed	1
9531_reviewed	10049_reviewed	1
7316_reviewed	9960_reviewed	1
25855_reviewed	3066_reviewed	1
958_reviewed	1147_reviewed	1
8243_reviewed	5885_reviewed	1
70_reviewed	4646_reviewed	1
84248_reviewed	84248_reviewed	1
3205_reviewed	4087_reviewed	0
4839_reviewed	6128_reviewed	1
3320_reviewed	6714_reviewed	1
51377_reviewed	29844_reviewed	1
6667_reviewed	2099_reviewed	1
58528_reviewed	57521_reviewed	1
54472_reviewed	3654_reviewed	1
5585_reviewed	7133_reviewed	1
51574_reviewed	84271_reviewed	1
10133_reviewed	4218_reviewed	1
9491_reviewed	84528_reviewed	1
7706_reviewed	54732_reviewed	1
23429_reviewed	7027_reviewed	1
5579_reviewed	23586_reviewed	1
23586_reviewed	8878_reviewed	1
23308_reviewed	29851_reviewed	1
5594_reviewed	4086_reviewed	1
8237_reviewed	200845_reviewed	1
253714_reviewed	5888_reviewed	1
10956_reviewed	871_reviewed	1
54623_reviewed	1788_reviewed	1
10524_reviewed	23411_reviewed	1
9749_reviewed	70_reviewed	1
6780_reviewed	6132_reviewed	1
2274_reviewed	6945_reviewed	0
7337_reviewed	5692_reviewed	1
54583_reviewed	3320_reviewed	1
55760_reviewed	84140_reviewed	1
830_reviewed	51164_reviewed	1
3385_reviewed	4478_reviewed	1
60673_reviewed	2309_reviewed	1
7384_reviewed	7385_reviewed	1
2810_reviewed	10733_reviewed	1
3396_reviewed	124995_reviewed	1
54797_reviewed	112950_reviewed	1
7529_reviewed	9497_reviewed	1
6191_reviewed	6203_reviewed	1
1991_reviewed	388677_reviewed	1
5111_reviewed	5424_reviewed	1
5601_reviewed	10140_reviewed	1
7534_reviewed	10419_reviewed	1
9175_reviewed	10935_reviewed	1
3646_reviewed	60313_reviewed	1
5690_reviewed	5696_reviewed	1
64854_reviewed	10635_reviewed	1
154_reviewed	23542_reviewed	1
5887_reviewed	152559_reviewed	1
6137_reviewed	6147_reviewed	1
4174_reviewed	4171_reviewed	1
23385_reviewed	5663_reviewed	1
64326_reviewed	64326_reviewed	1
1495_reviewed	7414_reviewed	1
2114_reviewed	3725_reviewed	1
6045_reviewed	57666_reviewed	1
5717_reviewed	11047_reviewed	1
841_reviewed	8737_reviewed	1
22827_reviewed	2783_reviewed	0
8439_reviewed	55802_reviewed	1
10528_reviewed	6191_reviewed	1
7316_reviewed	4670_reviewed	1
26524_reviewed	9212_reviewed	1
23512_reviewed	84458_reviewed	1
23210_reviewed	51631_reviewed	1
2_reviewed	348_reviewed	1
6502_reviewed	6500_reviewed	1
6205_reviewed	6193_reviewed	1
3066_reviewed	7528_reviewed	1
3006_reviewed	9584_reviewed	1
51588_reviewed	4092_reviewed	1
10013_reviewed	4176_reviewed	1
8065_reviewed	3320_reviewed	1
5519_reviewed	5898_reviewed	1
2547_reviewed	3221_reviewed	1
56257_reviewed	2969_reviewed	1
1857_reviewed	22897_reviewed	1
6141_reviewed	6187_reviewed	1
5716_reviewed	9861_reviewed	1
4609_reviewed	51602_reviewed	1
857_reviewed	5740_reviewed	1
2553_reviewed	23424_reviewed	1
4985_reviewed	408_reviewed	1
5693_reviewed	5695_reviewed	1
2521_reviewed	1665_reviewed	1
10551_reviewed	10109_reviewed	1
10452_reviewed	11331_reviewed	1
9112_reviewed	4331_reviewed	1
55850_reviewed	8775_reviewed	1
5093_reviewed	26986_reviewed	1
25920_reviewed	2353_reviewed	1
5610_reviewed	22907_reviewed	1
3725_reviewed	641_reviewed	1
2_reviewed	3586_reviewed	1
79444_reviewed	329_reviewed	1
10466_reviewed	57511_reviewed	1
10320_reviewed	10445_reviewed	1
5784_reviewed	5347_reviewed	1
4616_reviewed	4217_reviewed	1
4791_reviewed	5966_reviewed	1
27429_reviewed	56616_reviewed	1
988_reviewed	27316_reviewed	1
9368_reviewed	10413_reviewed	1
1025_reviewed	6500_reviewed	1
23512_reviewed	121536_reviewed	1
85403_reviewed	27125_reviewed	1
51185_reviewed	5692_reviewed	1
9531_reviewed	8079_reviewed	1
3656_reviewed	23435_reviewed	1
79365_reviewed	1050_reviewed	1
56474_reviewed	56474_reviewed	1
26136_reviewed	7791_reviewed	1
7884_reviewed	80344_reviewed	1
5562_reviewed	5515_reviewed	1
6927_reviewed	9604_reviewed	1
356_reviewed	7132_reviewed	1
7317_reviewed	54926_reviewed	1
81873_reviewed	10094_reviewed	1
10273_reviewed	93649_reviewed	1
51634_reviewed	79576_reviewed	1
6720_reviewed	9440_reviewed	1
5074_reviewed	1613_reviewed	1
26013_reviewed	80854_reviewed	1
695_reviewed	695_reviewed	1
2664_reviewed	5872_reviewed	1
10980_reviewed	5594_reviewed	1
23397_reviewed	6908_reviewed	1
4609_reviewed	1060_reviewed	1
664_reviewed	664_reviewed	1
998_reviewed	7454_reviewed	1
57610_reviewed	5901_reviewed	1
4792_reviewed	9908_reviewed	1
5371_reviewed	8626_reviewed	1
11117_reviewed	996_reviewed	1
10785_reviewed	5111_reviewed	1
112399_reviewed	10213_reviewed	1
10284_reviewed	11338_reviewed	1
81876_reviewed	9230_reviewed	1
2099_reviewed	9014_reviewed	1
1454_reviewed	90362_reviewed	1
7531_reviewed	994_reviewed	1
64236_reviewed	23609_reviewed	1
9274_reviewed	6603_reviewed	1
4000_reviewed	92140_reviewed	1
4193_reviewed	26524_reviewed	1
54542_reviewed	345651_reviewed	1
10856_reviewed	8089_reviewed	1
8945_reviewed	7023_reviewed	1
85021_reviewed	10928_reviewed	1
10524_reviewed	64769_reviewed	1
6141_reviewed	6129_reviewed	1
8073_reviewed	26505_reviewed	1
4086_reviewed	4086_reviewed	1
333_reviewed	4747_reviewed	0
51474_reviewed	26136_reviewed	1
3716_reviewed	2885_reviewed	1
7161_reviewed	10399_reviewed	1
9391_reviewed	54901_reviewed	1
6138_reviewed	3921_reviewed	1
9045_reviewed	6142_reviewed	1
140885_reviewed	207_reviewed	1
830_reviewed	829_reviewed	1
5595_reviewed	7157_reviewed	1
23098_reviewed	27069_reviewed	1
23090_reviewed	4089_reviewed	1
821_reviewed	6238_reviewed	1
5371_reviewed	5594_reviewed	1
2099_reviewed	3312_reviewed	1
5518_reviewed	7871_reviewed	1
4869_reviewed	4869_reviewed	1
821_reviewed	9694_reviewed	1
11315_reviewed	9588_reviewed	1
1327_reviewed	65260_reviewed	1
8651_reviewed	5781_reviewed	1
7786_reviewed	9479_reviewed	1
10459_reviewed	79568_reviewed	1
2274_reviewed	3694_reviewed	1
10933_reviewed	80314_reviewed	1
5925_reviewed	10131_reviewed	1
2274_reviewed	7803_reviewed	0
5698_reviewed	8624_reviewed	1
9343_reviewed	6625_reviewed	1
64223_reviewed	57521_reviewed	1
3298_reviewed	7703_reviewed	1
2146_reviewed	23244_reviewed	1
7746_reviewed	55663_reviewed	1
337867_reviewed	7316_reviewed	1
10488_reviewed	347_reviewed	1
79155_reviewed	84617_reviewed	1
29761_reviewed	58_reviewed	1
10133_reviewed	7037_reviewed	1
9618_reviewed	4914_reviewed	1
5777_reviewed	27040_reviewed	1
26973_reviewed	10953_reviewed	1
9531_reviewed	5689_reviewed	1
29115_reviewed	7551_reviewed	0
5531_reviewed	3476_reviewed	1
55072_reviewed	7316_reviewed	1
10459_reviewed	8754_reviewed	1
8848_reviewed	7157_reviewed	1
10078_reviewed	55837_reviewed	1
7718_reviewed	55663_reviewed	1
90780_reviewed	5929_reviewed	1
8945_reviewed	898_reviewed	1
84365_reviewed	117246_reviewed	1
4914_reviewed	5801_reviewed	1
79989_reviewed	127733_reviewed	1
2060_reviewed	7020_reviewed	1
2885_reviewed	5564_reviewed	1
2274_reviewed	7189_reviewed	1
3265_reviewed	11135_reviewed	1
6885_reviewed	11274_reviewed	1
54930_reviewed	54801_reviewed	1
84708_reviewed	2902_reviewed	1
27248_reviewed	7184_reviewed	1
23028_reviewed	55758_reviewed	1
1019_reviewed	894_reviewed	1
5689_reviewed	5720_reviewed	1
1659_reviewed	22938_reviewed	1
3927_reviewed	29128_reviewed	1
939_reviewed	10572_reviewed	1
11315_reviewed	56957_reviewed	1
2275_reviewed	204851_reviewed	1
7385_reviewed	4722_reviewed	1
2048_reviewed	25_reviewed	1
8471_reviewed	274_reviewed	1
23481_reviewed	285855_reviewed	1
4292_reviewed	3838_reviewed	1
5573_reviewed	11216_reviewed	1
54534_reviewed	29093_reviewed	1
5608_reviewed	1432_reviewed	1
4722_reviewed	4702_reviewed	1
5716_reviewed	5702_reviewed	1
409_reviewed	9343_reviewed	1
9694_reviewed	10328_reviewed	1
2189_reviewed	1571_reviewed	1
10528_reviewed	55299_reviewed	1
8241_reviewed	58155_reviewed	1
1452_reviewed	26130_reviewed	1
219541_reviewed	9477_reviewed	1
5694_reviewed	5709_reviewed	1
2516_reviewed	8204_reviewed	1
3265_reviewed	84870_reviewed	1
55662_reviewed	23294_reviewed	1
3308_reviewed	2908_reviewed	1
1207_reviewed	3674_reviewed	1
6128_reviewed	23212_reviewed	1
8318_reviewed	1026_reviewed	1
1017_reviewed	4088_reviewed	1
2146_reviewed	10155_reviewed	1
10783_reviewed	10935_reviewed	1
83932_reviewed	55968_reviewed	1
10857_reviewed	821_reviewed	1
65080_reviewed	10989_reviewed	1
405_reviewed	2034_reviewed	1
7532_reviewed	23677_reviewed	1
5690_reviewed	5717_reviewed	1
54984_reviewed	7015_reviewed	1
26060_reviewed	5295_reviewed	1
57017_reviewed	51805_reviewed	1
7189_reviewed	3656_reviewed	1
1915_reviewed	5214_reviewed	1
56893_reviewed	4302_reviewed	1
27102_reviewed	3320_reviewed	1
6138_reviewed	6122_reviewed	1
9241_reviewed	655_reviewed	1
56937_reviewed	84516_reviewed	1
1499_reviewed	24148_reviewed	1
153769_reviewed	10298_reviewed	1
7157_reviewed	7291_reviewed	1
4868_reviewed	30011_reviewed	1
2175_reviewed	207_reviewed	1
56288_reviewed	84612_reviewed	1
10606_reviewed	10606_reviewed	1
23468_reviewed	23394_reviewed	1
10978_reviewed	10488_reviewed	1
8533_reviewed	53339_reviewed	1
51550_reviewed	54955_reviewed	1
26053_reviewed	1460_reviewed	1
5594_reviewed	1457_reviewed	1
84312_reviewed	5931_reviewed	1
2274_reviewed	3689_reviewed	1
23788_reviewed	3315_reviewed	1
6189_reviewed	6201_reviewed	1
54148_reviewed	740_reviewed	1
51741_reviewed	53981_reviewed	1
2091_reviewed	4686_reviewed	1
6929_reviewed	6929_reviewed	1
5524_reviewed	900_reviewed	1
4736_reviewed	6135_reviewed	1
4609_reviewed	23476_reviewed	1
5111_reviewed	51514_reviewed	1
8945_reviewed	9882_reviewed	1
4100_reviewed	54780_reviewed	1
3725_reviewed	5594_reviewed	1
1956_reviewed	3636_reviewed	1
207_reviewed	7431_reviewed	1
8665_reviewed	1840_reviewed	1
3735_reviewed	3921_reviewed	1
6432_reviewed	8683_reviewed	0
54776_reviewed	4088_reviewed	1
5698_reviewed	6714_reviewed	1
5515_reviewed	51564_reviewed	1
5708_reviewed	5708_reviewed	1
7316_reviewed	23351_reviewed	1
2801_reviewed	51164_reviewed	1
8202_reviewed	5590_reviewed	1
5598_reviewed	6446_reviewed	1
4193_reviewed	8650_reviewed	1
163126_reviewed	4088_reviewed	1
84447_reviewed	1965_reviewed	1
5598_reviewed	2697_reviewed	1
28996_reviewed	1616_reviewed	1
7262_reviewed	10048_reviewed	1
26354_reviewed	6129_reviewed	1
5252_reviewed	10419_reviewed	1
23390_reviewed	80331_reviewed	1
367_reviewed	57805_reviewed	1
6122_reviewed	3921_reviewed	1
149428_reviewed	2671_reviewed	1
27252_reviewed	5371_reviewed	1
8548_reviewed	51160_reviewed	1
8435_reviewed	267_reviewed	1
3091_reviewed	2101_reviewed	1
3550_reviewed	7737_reviewed	1
148022_reviewed	7099_reviewed	1
11243_reviewed	5501_reviewed	1
10189_reviewed	10212_reviewed	1
51002_reviewed	55644_reviewed	1
991_reviewed	891_reviewed	1
8835_reviewed	5496_reviewed	1
2904_reviewed	142678_reviewed	1
539_reviewed	4724_reviewed	1
9531_reviewed	23192_reviewed	1
26994_reviewed	8887_reviewed	1
1642_reviewed	8816_reviewed	1
81847_reviewed	4691_reviewed	1
165918_reviewed	79728_reviewed	1
6880_reviewed	6879_reviewed	1
26512_reviewed	4176_reviewed	1
998_reviewed	5906_reviewed	1
1822_reviewed	7205_reviewed	1
126626_reviewed	1875_reviewed	0
8932_reviewed	1660_reviewed	1
10133_reviewed	29110_reviewed	1
6714_reviewed	2064_reviewed	1
56957_reviewed	6790_reviewed	1
6187_reviewed	6193_reviewed	1
596_reviewed	23770_reviewed	1
7706_reviewed	3945_reviewed	1
997_reviewed	25793_reviewed	1
5708_reviewed	5714_reviewed	1
57511_reviewed	84342_reviewed	1
273_reviewed	5337_reviewed	1
54971_reviewed	57573_reviewed	1
867_reviewed	7332_reviewed	1
652968_reviewed	652968_reviewed	1
1796_reviewed	3815_reviewed	1
4609_reviewed	10128_reviewed	1
6477_reviewed	2597_reviewed	1
5685_reviewed	5707_reviewed	1
152185_reviewed	8481_reviewed	1
221656_reviewed	54904_reviewed	1
6117_reviewed	5985_reviewed	1
6144_reviewed	6205_reviewed	1
1540_reviewed	5347_reviewed	1
351_reviewed	3312_reviewed	1
1871_reviewed	29028_reviewed	1
351_reviewed	54870_reviewed	1
900_reviewed	4193_reviewed	1
1499_reviewed	5295_reviewed	1
6667_reviewed	1958_reviewed	1
5828_reviewed	8504_reviewed	0
3066_reviewed	54815_reviewed	1
7324_reviewed	51132_reviewed	1
6118_reviewed	6774_reviewed	1
5976_reviewed	23404_reviewed	1
22919_reviewed	5048_reviewed	1
1994_reviewed	23197_reviewed	1
1191_reviewed	7184_reviewed	1
10933_reviewed	86_reviewed	1
7334_reviewed	331_reviewed	1
6256_reviewed	5468_reviewed	1
6647_reviewed	9588_reviewed	1
70_reviewed	1639_reviewed	1
2177_reviewed	2178_reviewed	1
23481_reviewed	26155_reviewed	1
4744_reviewed	4747_reviewed	1
2091_reviewed	65993_reviewed	1
9055_reviewed	83878_reviewed	1
51528_reviewed	6048_reviewed	1
8928_reviewed	4089_reviewed	1
6142_reviewed	6202_reviewed	1
8945_reviewed	64798_reviewed	1
8662_reviewed	3646_reviewed	1
4793_reviewed	9093_reviewed	1
9844_reviewed	10124_reviewed	1
328_reviewed	5423_reviewed	1
84944_reviewed	8665_reviewed	1
2099_reviewed	7296_reviewed	1
56257_reviewed	1655_reviewed	1
7597_reviewed	7597_reviewed	1
27248_reviewed	3309_reviewed	1
57820_reviewed	4771_reviewed	1
330_reviewed	8915_reviewed	0
6531_reviewed	4734_reviewed	1
10575_reviewed	22948_reviewed	1
375_reviewed	5337_reviewed	1
22954_reviewed	3308_reviewed	1
8726_reviewed	4839_reviewed	1
55324_reviewed	526_reviewed	1
267_reviewed	7353_reviewed	1
5784_reviewed	6788_reviewed	1
2188_reviewed	2178_reviewed	1
995_reviewed	51684_reviewed	1
10605_reviewed	8662_reviewed	1
8802_reviewed	8803_reviewed	1
3065_reviewed	6015_reviewed	1
55585_reviewed	7157_reviewed	1
4092_reviewed	51592_reviewed	0
10254_reviewed	10617_reviewed	1
2885_reviewed	8651_reviewed	1
10600_reviewed	7316_reviewed	1
9531_reviewed	553115_reviewed	1
9097_reviewed	5685_reviewed	1
152926_reviewed	593_reviewed	1
8089_reviewed	4609_reviewed	1
6801_reviewed	6950_reviewed	1
7417_reviewed	9114_reviewed	1
5245_reviewed	1869_reviewed	1
3643_reviewed	3636_reviewed	1
5501_reviewed	712_reviewed	1
80267_reviewed	81567_reviewed	1
1027_reviewed	3836_reviewed	1
4067_reviewed	3190_reviewed	1
5971_reviewed	2146_reviewed	1
8522_reviewed	55093_reviewed	1
11047_reviewed	7316_reviewed	1
8915_reviewed	8915_reviewed	1
5997_reviewed	3312_reviewed	1
3572_reviewed	5781_reviewed	1
6194_reviewed	65993_reviewed	1
84676_reviewed	9499_reviewed	1
3643_reviewed	5781_reviewed	1
23412_reviewed	28952_reviewed	1
9326_reviewed	3172_reviewed	1
51010_reviewed	23016_reviewed	1
24148_reviewed	9129_reviewed	1
7337_reviewed	10910_reviewed	1
2625_reviewed	55294_reviewed	1
874_reviewed	873_reviewed	1
4609_reviewed	509_reviewed	1
331_reviewed	9500_reviewed	1
9322_reviewed	6774_reviewed	1
23047_reviewed	79728_reviewed	1
335_reviewed	2243_reviewed	1
1051_reviewed	9439_reviewed	1
54534_reviewed	51642_reviewed	1
4609_reviewed	55215_reviewed	1
9935_reviewed	9935_reviewed	1
10010_reviewed	3665_reviewed	1
170482_reviewed	4751_reviewed	1
90441_reviewed	55341_reviewed	1
8663_reviewed	8664_reviewed	1
2099_reviewed	4193_reviewed	1
10210_reviewed	9641_reviewed	1
64127_reviewed	10524_reviewed	1
8835_reviewed	1499_reviewed	1
100506742_reviewed	100506742_reviewed	1
25920_reviewed	2099_reviewed	1
387332_reviewed	25822_reviewed	1
7572_reviewed	333_reviewed	1
9401_reviewed	8318_reviewed	1
7132_reviewed	3717_reviewed	1
8541_reviewed	26059_reviewed	1
3964_reviewed	10241_reviewed	1
4609_reviewed	55746_reviewed	1
54507_reviewed	83755_reviewed	1
5579_reviewed	409_reviewed	1
409_reviewed	1457_reviewed	1
8900_reviewed	4173_reviewed	1
4294_reviewed	11127_reviewed	1
5111_reviewed	10293_reviewed	1
7286_reviewed	24144_reviewed	1
641_reviewed	55294_reviewed	1
5347_reviewed	10600_reviewed	1
245711_reviewed	1027_reviewed	1
1994_reviewed	58155_reviewed	1
10971_reviewed	3183_reviewed	1
7375_reviewed	8737_reviewed	1
3164_reviewed	10155_reviewed	1
64770_reviewed	8481_reviewed	1
1874_reviewed	29028_reviewed	1
55917_reviewed	85369_reviewed	1
1487_reviewed	23177_reviewed	1
50650_reviewed	387_reviewed	1
11184_reviewed	1956_reviewed	1
26249_reviewed	26249_reviewed	1
5457_reviewed	2130_reviewed	1
1937_reviewed	1917_reviewed	1
4188_reviewed	51545_reviewed	1
84146_reviewed	10919_reviewed	1
10891_reviewed	8856_reviewed	1
80227_reviewed	5702_reviewed	1
5204_reviewed	10155_reviewed	1
57180_reviewed	10094_reviewed	1
29896_reviewed	51574_reviewed	1
55272_reviewed	10199_reviewed	1
6720_reviewed	367_reviewed	1
55844_reviewed	10179_reviewed	1
1499_reviewed	10076_reviewed	1
7251_reviewed	9564_reviewed	1
10399_reviewed	5142_reviewed	0
27301_reviewed	5111_reviewed	1
124930_reviewed	7316_reviewed	1
9274_reviewed	29117_reviewed	1
3638_reviewed	6721_reviewed	1
7528_reviewed	86_reviewed	1
2664_reviewed	468_reviewed	0
79132_reviewed	55922_reviewed	1
8661_reviewed	8663_reviewed	1
483_reviewed	57142_reviewed	1
701_reviewed	996_reviewed	1
1487_reviewed	2189_reviewed	1
8503_reviewed	10100_reviewed	1
9047_reviewed	139170_reviewed	1
7706_reviewed	5478_reviewed	1
10524_reviewed	5970_reviewed	1
1441_reviewed	1154_reviewed	1
4609_reviewed	9646_reviewed	1
4850_reviewed	4850_reviewed	1
2065_reviewed	5290_reviewed	1
56339_reviewed	10155_reviewed	1
5663_reviewed	6767_reviewed	1
27252_reviewed	8452_reviewed	1
5914_reviewed	23532_reviewed	1
326_reviewed	5885_reviewed	1
8428_reviewed	6801_reviewed	1
5518_reviewed	5519_reviewed	1
4605_reviewed	899_reviewed	1
2047_reviewed	52_reviewed	1
8517_reviewed	8878_reviewed	1
3845_reviewed	147007_reviewed	1
10179_reviewed	23517_reviewed	1
5777_reviewed	5159_reviewed	1
6733_reviewed	6426_reviewed	1
369_reviewed	6237_reviewed	1
70_reviewed	7112_reviewed	1
5970_reviewed	142_reviewed	1
3454_reviewed	1173_reviewed	1
8450_reviewed	10432_reviewed	1
1445_reviewed	79837_reviewed	0
10095_reviewed	10109_reviewed	1
10992_reviewed	7737_reviewed	1
8570_reviewed	3187_reviewed	1
4609_reviewed	2091_reviewed	1
4691_reviewed	10969_reviewed	1
201501_reviewed	6720_reviewed	1
8065_reviewed	90864_reviewed	1
10140_reviewed	8317_reviewed	1
9770_reviewed	7532_reviewed	1
5976_reviewed	23293_reviewed	1
28960_reviewed	1892_reviewed	1
7083_reviewed	10980_reviewed	1
1956_reviewed	30000_reviewed	1
55770_reviewed	60412_reviewed	1
1493_reviewed	942_reviewed	1
2091_reviewed	22907_reviewed	1
11267_reviewed	11267_reviewed	1
55829_reviewed	10970_reviewed	1
2091_reviewed	5886_reviewed	1
6500_reviewed	26235_reviewed	1
8692_reviewed	4088_reviewed	1
56257_reviewed	10576_reviewed	1
7332_reviewed	10616_reviewed	1
51343_reviewed	7398_reviewed	1
4716_reviewed	539_reviewed	1
55689_reviewed	112869_reviewed	1
10250_reviewed	1655_reviewed	1
821_reviewed	6558_reviewed	1
80124_reviewed	23197_reviewed	1
47_reviewed	64410_reviewed	1
51776_reviewed	163081_reviewed	1
56970_reviewed	6314_reviewed	1
4217_reviewed	7534_reviewed	1
5573_reviewed	7534_reviewed	1
5518_reviewed	6188_reviewed	1
55770_reviewed	29110_reviewed	1
84296_reviewed	4171_reviewed	1
4000_reviewed	63932_reviewed	1
6602_reviewed	4841_reviewed	1
207_reviewed	5335_reviewed	1
1874_reviewed	4088_reviewed	1
6047_reviewed	6667_reviewed	1
10238_reviewed	1729_reviewed	1
11244_reviewed	6310_reviewed	1
22827_reviewed	467_reviewed	0
26053_reviewed	6015_reviewed	1
3575_reviewed	3815_reviewed	1
1613_reviewed	1026_reviewed	1
64326_reviewed	10574_reviewed	1
8161_reviewed	8161_reviewed	1
9402_reviewed	9846_reviewed	1
7337_reviewed	5709_reviewed	1
22897_reviewed	146057_reviewed	1
7405_reviewed	64601_reviewed	1
5696_reviewed	5714_reviewed	1
8638_reviewed	51574_reviewed	1
572_reviewed	598_reviewed	1
7329_reviewed	9111_reviewed	1
23495_reviewed	7186_reviewed	1
988_reviewed	6731_reviewed	1
11321_reviewed	55718_reviewed	1
5801_reviewed	1725_reviewed	1
6625_reviewed	494115_reviewed	1
4170_reviewed	572_reviewed	1
81928_reviewed	1020_reviewed	1
22981_reviewed	55835_reviewed	1
11143_reviewed	81620_reviewed	1
51386_reviewed	10480_reviewed	1
23197_reviewed	6241_reviewed	1
7874_reviewed	5987_reviewed	1
3091_reviewed	2118_reviewed	1
6790_reviewed	5597_reviewed	1
6195_reviewed	84271_reviewed	1
29110_reviewed	7186_reviewed	1
4666_reviewed	3725_reviewed	1
90293_reviewed	29761_reviewed	1
995_reviewed	11140_reviewed	1
85439_reviewed	127833_reviewed	1
3695_reviewed	8726_reviewed	1
51547_reviewed	8450_reviewed	1
94_reviewed	7376_reviewed	1
5058_reviewed	998_reviewed	1
26234_reviewed	64210_reviewed	1
7334_reviewed	330_reviewed	1
57554_unreviewed	22866_reviewed	1
9588_reviewed	7167_reviewed	1
140885_reviewed	3480_reviewed	1
51127_reviewed	56658_reviewed	1
4086_reviewed	3224_reviewed	1
9531_reviewed	10016_reviewed	1
6141_reviewed	6128_reviewed	1
283899_reviewed	86_reviewed	1
1207_reviewed	11152_reviewed	1
90390_reviewed	9477_reviewed	1
5708_reviewed	5887_reviewed	1
29979_reviewed	23435_reviewed	1
29894_reviewed	53981_reviewed	1
3479_reviewed	3490_reviewed	1
9662_reviewed	343099_reviewed	1
2263_reviewed	2250_reviewed	1
821_reviewed	10113_reviewed	1
9531_reviewed	80347_reviewed	1
4012_reviewed	821_reviewed	1
51701_reviewed	28996_reviewed	1
4591_reviewed	117178_reviewed	1
30011_reviewed	3636_reviewed	1
6134_reviewed	6202_reviewed	1
2521_reviewed	5970_reviewed	1
498_reviewed	3309_reviewed	1
57805_reviewed	3178_reviewed	1
115290_reviewed	6500_reviewed	1
1499_reviewed	7874_reviewed	1
6880_reviewed	2648_reviewed	1
1956_reviewed	4915_reviewed	1
64127_reviewed	8767_reviewed	1
10969_reviewed	23481_reviewed	1
5784_reviewed	9260_reviewed	1
10869_reviewed	84447_reviewed	1
3313_reviewed	10273_reviewed	1
6774_reviewed	4790_reviewed	1
3297_reviewed	1616_reviewed	1
4914_reviewed	867_reviewed	1
3364_reviewed	4436_reviewed	1
22976_reviewed	11091_reviewed	1
342371_reviewed	11030_reviewed	1
79980_reviewed	83540_reviewed	1
1649_reviewed	1050_reviewed	1
64969_reviewed	7818_reviewed	1
100506742_reviewed	4102_reviewed	1
596_reviewed	841_reviewed	1
3329_reviewed	387338_reviewed	1
1956_reviewed	26270_reviewed	1
5664_reviewed	2274_reviewed	1
741_reviewed	8725_reviewed	1
79090_reviewed	51112_reviewed	1
29979_reviewed	60626_reviewed	1
7334_reviewed	220441_reviewed	1
1742_reviewed	4193_reviewed	1
3065_reviewed	5501_reviewed	1
815_reviewed	816_reviewed	1
23281_reviewed	23281_reviewed	1
4217_reviewed	5781_reviewed	1
10617_reviewed	29082_reviewed	1
7083_reviewed	9094_reviewed	1
80824_reviewed	7529_reviewed	1
5689_reviewed	1027_reviewed	1
1021_reviewed	1021_reviewed	1
7846_reviewed	8813_reviewed	1
11128_reviewed	55703_reviewed	1
3091_reviewed	10524_reviewed	1
51127_reviewed	10155_reviewed	1
3628_reviewed	4223_reviewed	1
6667_reviewed	26574_reviewed	1
196_reviewed	6908_reviewed	1
5597_reviewed	10455_reviewed	1
8450_reviewed	54165_reviewed	1
8976_reviewed	2885_reviewed	1
7091_reviewed	7088_reviewed	1
5719_reviewed	5702_reviewed	1
23097_reviewed	51586_reviewed	1
81929_reviewed	79902_reviewed	1
898_reviewed	1027_reviewed	1
768_reviewed	55832_reviewed	1
92597_reviewed	22870_reviewed	1
259_reviewed	259_reviewed	1
9870_reviewed	9870_reviewed	1
27113_reviewed	4170_reviewed	1
5585_reviewed	11007_reviewed	1
3309_reviewed	220988_reviewed	1
54101_unreviewed	6500_reviewed	1
9839_reviewed	8535_reviewed	1
1639_reviewed	84516_reviewed	1
149951_reviewed	150684_reviewed	1
1500_reviewed	2017_reviewed	1
5970_reviewed	7159_reviewed	1
54971_reviewed	3065_reviewed	1
4673_reviewed	7157_reviewed	1
3364_reviewed	79661_reviewed	1
5300_reviewed	5932_reviewed	1
4188_reviewed	84080_reviewed	1
4137_reviewed	23411_reviewed	1
5594_reviewed	5604_reviewed	1
1499_reviewed	8851_reviewed	1
5601_reviewed	9479_reviewed	1
340061_reviewed	8879_reviewed	1
63922_reviewed	5982_reviewed	1
6619_reviewed	6617_reviewed	1
4110_reviewed	4715_reviewed	1
1278_reviewed	29979_reviewed	1
6138_reviewed	6207_reviewed	1
23582_reviewed	29844_reviewed	1
7316_reviewed	2972_reviewed	1
7572_reviewed	7727_reviewed	1
55294_reviewed	4613_reviewed	1
10528_reviewed	6194_reviewed	1
9025_reviewed	5111_reviewed	1
7862_reviewed	64769_reviewed	1
6134_reviewed	6189_reviewed	1
3312_reviewed	23354_reviewed	1
9322_reviewed	7454_reviewed	1
8065_reviewed	122809_reviewed	1
5501_reviewed	157313_reviewed	1
6189_reviewed	6193_reviewed	1
5818_reviewed	25945_reviewed	1
64750_reviewed	8312_reviewed	1
6205_reviewed	6134_reviewed	1
1027_reviewed	5599_reviewed	1
7257_reviewed	145508_reviewed	1
8517_reviewed	4792_reviewed	1
26762_reviewed	8027_reviewed	1
64795_reviewed	26959_reviewed	1
51649_reviewed	23107_reviewed	1
6760_reviewed	10432_reviewed	1
8835_reviewed	337867_reviewed	1
51652_reviewed	128866_reviewed	1
5159_reviewed	5921_reviewed	1
137886_reviewed	79058_reviewed	1
6117_reviewed	50485_reviewed	1
3643_reviewed	3667_reviewed	1
3725_reviewed	9188_reviewed	1
154_reviewed	968_reviewed	1
4609_reviewed	6576_reviewed	1
598_reviewed	1191_reviewed	1
9830_reviewed	9584_reviewed	1
27040_reviewed	3702_reviewed	1
5870_reviewed	10112_reviewed	1
2623_reviewed	8841_reviewed	1
2057_reviewed	112399_reviewed	1
9531_reviewed	3921_reviewed	1
6193_reviewed	3921_reviewed	1
9306_reviewed	55699_reviewed	1
7016_reviewed	7529_reviewed	1
5050_reviewed	5050_reviewed	1
10933_reviewed	5925_reviewed	1
1191_reviewed	1956_reviewed	0
85369_reviewed	5515_reviewed	1
3516_reviewed	55100_reviewed	1
10980_reviewed	1643_reviewed	1
5686_reviewed	5707_reviewed	1
4085_reviewed	5714_reviewed	1
5685_reviewed	5688_reviewed	1
7157_reviewed	9519_reviewed	1
9456_reviewed	79098_reviewed	1
5610_reviewed	117246_reviewed	1
2947_reviewed	2947_reviewed	1
6128_reviewed	6187_reviewed	1
5728_reviewed	5747_reviewed	1
1459_reviewed	6046_reviewed	1
54941_reviewed	54941_reviewed	1
998_reviewed	867_reviewed	1
7159_reviewed	83737_reviewed	1
4691_reviewed	6128_reviewed	1
84916_reviewed	23160_reviewed	1
8450_reviewed	3857_reviewed	1
7157_reviewed	6615_reviewed	1
4175_reviewed	10291_reviewed	1
1600_reviewed	351_reviewed	1
1956_reviewed	4513_reviewed	1
147945_reviewed	10910_reviewed	1
4089_reviewed	1052_reviewed	1
8625_reviewed	5994_reviewed	1
598_reviewed	596_reviewed	1
10551_reviewed	84617_reviewed	1
26013_reviewed	11335_reviewed	1
6553_reviewed	409_reviewed	1
5883_reviewed	4437_reviewed	1
8471_reviewed	9500_reviewed	1
85509_reviewed	3066_reviewed	1
7704_reviewed	1915_reviewed	1
1374_reviewed	10452_reviewed	1
4603_reviewed	4691_reviewed	1
51213_reviewed	9984_reviewed	1
6478_reviewed	1743_reviewed	1
2298_reviewed	9497_reviewed	1
10482_reviewed	7307_reviewed	1
826_reviewed	328_reviewed	1
2100_reviewed	22794_reviewed	1
391_reviewed	3895_reviewed	1
4292_reviewed	4107_reviewed	1
23162_reviewed	3831_reviewed	1
80351_reviewed	6452_reviewed	1
152273_reviewed	6839_reviewed	1
3028_reviewed	1938_reviewed	1
3720_reviewed	1482_reviewed	1
598_reviewed	5499_reviewed	1
113510_reviewed	5889_reviewed	1
2099_reviewed	10514_reviewed	1
83860_reviewed	6878_reviewed	1
5894_reviewed	573_reviewed	1
8175_reviewed	22827_reviewed	1
4298_reviewed	4299_reviewed	1
8315_reviewed	114327_reviewed	1
3665_reviewed	57003_reviewed	1
90019_reviewed	10492_reviewed	1
4691_reviewed	6152_reviewed	1
7706_reviewed	57506_reviewed	1
389421_reviewed	8850_reviewed	1
6722_reviewed	9325_reviewed	1
6497_reviewed	28996_reviewed	1
115708_reviewed	51028_reviewed	1
5728_reviewed	2289_reviewed	1
8450_reviewed	3066_reviewed	1
5307_reviewed	11030_reviewed	1
1654_reviewed	3646_reviewed	1
10210_reviewed	7150_reviewed	1
1080_reviewed	3315_reviewed	1
408_reviewed	5071_reviewed	1
10048_reviewed	2908_reviewed	1
9097_reviewed	9352_reviewed	1
10891_reviewed	23411_reviewed	1
5241_reviewed	2547_reviewed	1
23412_reviewed	57020_reviewed	1
1876_reviewed	2146_reviewed	1
3845_reviewed	81539_reviewed	1
5777_reviewed	5782_reviewed	1
6733_reviewed	6431_reviewed	1
11143_reviewed	23774_reviewed	1
7316_reviewed	152137_reviewed	1
8454_reviewed	79176_reviewed	1
4609_reviewed	22820_reviewed	1
1639_reviewed	10213_reviewed	1
26270_reviewed	8985_reviewed	1
84708_reviewed	374654_reviewed	1
2099_reviewed	2308_reviewed	1
382_reviewed	10640_reviewed	1
990_reviewed	5523_reviewed	1
5478_reviewed	10146_reviewed	1
2189_reviewed	2189_reviewed	1
6452_reviewed	7535_reviewed	1
4092_reviewed	51377_reviewed	1
467_reviewed	4849_reviewed	0
9774_reviewed	7919_reviewed	1
6015_reviewed	11091_reviewed	1
51562_reviewed	79666_reviewed	1
7317_reviewed	7328_reviewed	1
6135_reviewed	6124_reviewed	1
5982_reviewed	5985_reviewed	1
50617_reviewed	5213_reviewed	1
5771_reviewed	5710_reviewed	1
8819_reviewed	3065_reviewed	1
2078_reviewed	3185_reviewed	1
5663_reviewed	1499_reviewed	1
3006_reviewed	54623_reviewed	1
10097_reviewed	23603_reviewed	1
4869_reviewed	5610_reviewed	1
4938_reviewed	55170_reviewed	1
7157_reviewed	3428_reviewed	1
6419_reviewed	6419_reviewed	1
3887_reviewed	79036_reviewed	1
4193_reviewed	7150_reviewed	1
9319_reviewed	54973_reviewed	1
7518_reviewed	3981_reviewed	1
6456_reviewed	8754_reviewed	1
81786_reviewed	81786_reviewed	1
8663_reviewed	8668_reviewed	1
6464_reviewed	1441_reviewed	1
10498_reviewed	6776_reviewed	1
51070_reviewed	5520_reviewed	1
5515_reviewed	3476_reviewed	1
4088_reviewed	2908_reviewed	1
8148_reviewed	5436_reviewed	1
5970_reviewed	5468_reviewed	1
5925_reviewed	5036_reviewed	1
8835_reviewed	143384_reviewed	1
6464_reviewed	5359_reviewed	1
2113_reviewed	51588_reviewed	1
4015_reviewed	30011_reviewed	1
8945_reviewed	4193_reviewed	1
7884_reviewed	8451_reviewed	1
30011_reviewed	868_reviewed	1
9402_reviewed	9101_reviewed	1
9240_reviewed	51545_reviewed	1
10477_reviewed	9921_reviewed	1
7184_reviewed	3309_reviewed	1
59349_reviewed	64839_reviewed	1
5597_reviewed	5347_reviewed	1
10992_reviewed	56949_reviewed	1
2623_reviewed	7874_reviewed	1
55553_reviewed	1488_reviewed	1
7846_reviewed	9126_reviewed	1
29110_reviewed	29110_reviewed	1
83593_reviewed	9770_reviewed	1
580_reviewed	10915_reviewed	1
5538_reviewed	10165_reviewed	1
859_reviewed	1605_reviewed	1
7551_reviewed	79837_reviewed	0
7520_reviewed	23594_reviewed	1
22897_reviewed	80212_reviewed	1
283464_reviewed	821_reviewed	1
29947_reviewed	1874_reviewed	1
372_reviewed	22818_reviewed	1
8431_reviewed	3175_reviewed	1
84676_reviewed	85476_reviewed	1
7046_reviewed	10048_reviewed	1
685_reviewed	29926_reviewed	1
2353_reviewed	10498_reviewed	1
26013_reviewed	4173_reviewed	1
3875_reviewed	8717_reviewed	1
79768_reviewed	11104_reviewed	1
2885_reviewed	240_reviewed	1
2191_reviewed	857_reviewed	1
1956_reviewed	10044_reviewed	1
1445_reviewed	468_reviewed	0
6934_reviewed	7520_reviewed	1
5081_reviewed	11091_reviewed	1
4091_reviewed	11059_reviewed	1
10919_reviewed	5971_reviewed	1
5518_reviewed	1915_reviewed	1
5347_reviewed	10381_reviewed	1
6427_reviewed	8227_reviewed	0
857_reviewed	5159_reviewed	1
9463_reviewed	646_reviewed	1
8517_reviewed	3856_reviewed	1
7316_reviewed	23197_reviewed	1
5997_reviewed	28964_reviewed	1
5629_reviewed	8431_reviewed	0
8725_reviewed	8725_reviewed	1
8528_reviewed	5830_reviewed	1
6122_reviewed	6189_reviewed	1
6737_reviewed	6737_reviewed	1
8726_reviewed	1788_reviewed	1
8089_reviewed	64431_reviewed	1
9604_reviewed	367_reviewed	1
636_reviewed	6774_reviewed	1
5071_reviewed	7283_reviewed	1
3065_reviewed	10363_reviewed	1
8905_reviewed	9685_reviewed	1
3665_reviewed	9049_reviewed	1
11035_reviewed	57162_reviewed	1
4193_reviewed	4303_reviewed	1
2874_reviewed	6907_reviewed	1
84991_reviewed	23350_reviewed	1
7080_reviewed	142_reviewed	1
1024_reviewed	9440_reviewed	1
51574_reviewed	6418_reviewed	1
2064_reviewed	5801_reviewed	1
9958_reviewed	10465_reviewed	1
613_reviewed	1399_reviewed	1
1454_reviewed	1407_reviewed	1
6134_reviewed	6130_reviewed	1
1488_reviewed	6935_reviewed	1
7536_reviewed	10014_reviewed	1
8651_reviewed	2261_reviewed	1
2874_reviewed	10928_reviewed	1
5245_reviewed	3329_reviewed	1
1080_reviewed	5868_reviewed	1
10241_reviewed	79025_reviewed	1
7188_reviewed	9253_reviewed	1
27246_reviewed	7879_reviewed	1
6456_reviewed	114907_reviewed	1
222229_reviewed	23595_reviewed	1
23194_reviewed	80028_unreviewed	1
10409_reviewed	9343_reviewed	1
8553_reviewed	7329_reviewed	1
9066_reviewed	10492_reviewed	1
23552_reviewed	22858_reviewed	1
7337_reviewed	345651_reviewed	1
5371_reviewed	1499_reviewed	1
998_reviewed	10602_reviewed	1
10614_reviewed	1025_reviewed	1
1956_reviewed	51564_reviewed	1
273_reviewed	5338_reviewed	1
55723_reviewed	84529_reviewed	1
51132_reviewed	64750_reviewed	1
5887_reviewed	5710_reviewed	1
595_reviewed	5925_reviewed	1
2643_reviewed	5602_reviewed	1
5001_reviewed	988_reviewed	1
145508_reviewed	22832_reviewed	1
3308_reviewed	11315_reviewed	1
3609_reviewed	4691_reviewed	1
10014_reviewed	4092_reviewed	1
219541_reviewed	23097_reviewed	1
5501_reviewed	6125_reviewed	1
2801_reviewed	3853_reviewed	1
4839_reviewed	9933_reviewed	1
988_reviewed	7919_reviewed	1
10551_reviewed	7203_reviewed	1
1198_reviewed	2289_reviewed	1
1956_reviewed	10013_reviewed	1
5925_reviewed	3065_reviewed	1
9846_reviewed	207_reviewed	1
9219_reviewed	54815_reviewed	1
4869_reviewed	50809_reviewed	1
5747_reviewed	5747_reviewed	1
2740_reviewed	975_reviewed	1
23660_reviewed	6839_reviewed	1
6618_reviewed	6908_reviewed	1
23325_reviewed	100287171_reviewed	1
147841_reviewed	11243_reviewed	1
9401_reviewed	64785_reviewed	1
6125_reviewed	6135_reviewed	1
1445_reviewed	64375_reviewed	0
6654_reviewed	613_reviewed	1
9097_reviewed	11047_reviewed	1
3480_reviewed	3481_reviewed	0
9252_reviewed	51776_reviewed	1
84619_reviewed	117178_reviewed	1
6737_reviewed	8454_reviewed	1
55715_reviewed	2005_reviewed	1
4193_reviewed	5479_reviewed	1
6144_reviewed	6202_reviewed	1
2099_reviewed	4331_reviewed	1
10523_reviewed	1659_reviewed	1
5581_reviewed	58_reviewed	1
684_reviewed	8945_reviewed	1
1408_reviewed	26268_reviewed	0
10189_reviewed	9984_reviewed	1
7137_reviewed	7134_reviewed	1
308_reviewed	2923_reviewed	1
8517_reviewed	7128_reviewed	1
4773_reviewed	3725_reviewed	1
54550_reviewed	54550_reviewed	1
11335_reviewed	84108_reviewed	1
8517_reviewed	9830_reviewed	1
11342_reviewed	967_reviewed	1
51692_reviewed	55339_reviewed	1
10971_reviewed	4000_reviewed	1
126119_reviewed	219743_reviewed	1
5576_reviewed	10981_reviewed	1
5770_reviewed	64326_reviewed	1
3320_reviewed	3985_reviewed	1
8500_reviewed	8500_reviewed	1
4089_reviewed	3726_reviewed	1
988_reviewed	4000_reviewed	1
7324_reviewed	54778_reviewed	1
6477_reviewed	2322_reviewed	1
3090_reviewed	1487_reviewed	1
11099_reviewed	80232_reviewed	1
10425_reviewed	54165_reviewed	1
5111_reviewed	1956_reviewed	1
10392_reviewed	10392_reviewed	1
51117_reviewed	84274_reviewed	1
10291_reviewed	10946_reviewed	1
8932_reviewed	10419_reviewed	1
4609_reviewed	5431_reviewed	1
26060_reviewed	5867_reviewed	0
8775_reviewed	8675_reviewed	1
9775_reviewed	5411_reviewed	1
9040_reviewed	9318_reviewed	1
65005_reviewed	84311_unreviewed	1
80342_reviewed	25843_reviewed	1
9784_reviewed	7804_reviewed	1
1871_reviewed	5933_reviewed	1
11200_reviewed	4193_reviewed	1
4000_reviewed	4236_reviewed	1
7419_reviewed	523_reviewed	1
1173_reviewed	9685_reviewed	1
5800_reviewed	5034_reviewed	1
4739_reviewed	4739_reviewed	1
10675_reviewed	57120_reviewed	1
1410_reviewed	581_reviewed	1
23142_reviewed	8453_reviewed	1
6128_reviewed	6205_reviewed	1
9276_reviewed	1314_reviewed	1
4935_reviewed	2770_reviewed	1
10399_reviewed	7283_reviewed	1
2932_reviewed	4170_reviewed	1
4609_reviewed	10051_reviewed	1
10921_reviewed	140890_reviewed	1
79734_reviewed	79734_reviewed	1
7428_reviewed	7157_reviewed	1
6142_reviewed	6132_reviewed	1
9477_reviewed	112950_reviewed	1
583_reviewed	10197_reviewed	1
11186_reviewed	23028_reviewed	1
8665_reviewed	3646_reviewed	1
8892_reviewed	8890_reviewed	1
5071_reviewed	5134_reviewed	1
55764_reviewed	112752_reviewed	1
29966_reviewed	10694_reviewed	1
1499_reviewed	6925_reviewed	1
5571_reviewed	5562_reviewed	1
8089_reviewed	23028_reviewed	1
23438_reviewed	3329_reviewed	1
5781_reviewed	5781_reviewed	1
4299_reviewed	1025_reviewed	1
83737_reviewed	1540_reviewed	1
9474_reviewed	25851_reviewed	1
28996_reviewed	142_reviewed	1
150684_reviewed	1876_reviewed	1
58160_reviewed	3065_reviewed	1
58533_reviewed	6643_reviewed	1
27292_reviewed	3608_reviewed	1
6504_reviewed	3635_reviewed	1
5170_reviewed	5170_reviewed	1
5884_reviewed	5984_reviewed	1
55257_reviewed	8607_reviewed	1
6135_reviewed	6207_reviewed	1
10933_reviewed	57649_reviewed	1
1852_reviewed	5878_reviewed	1
10013_reviewed	83933_reviewed	0
5719_reviewed	5718_reviewed	1
11030_reviewed	84970_reviewed	1
80314_reviewed	10856_reviewed	1
5588_reviewed	10539_reviewed	1
7706_reviewed	26354_reviewed	1
23468_reviewed	54816_reviewed	1
22803_reviewed	55602_reviewed	1
3964_reviewed	3676_reviewed	1
64376_reviewed	64376_reviewed	1
267_reviewed	23197_reviewed	1
8651_reviewed	2120_reviewed	1
29903_reviewed	7157_reviewed	1
158399_reviewed	387032_reviewed	1
6199_reviewed	1655_reviewed	1
5515_reviewed	28227_reviewed	1
3552_reviewed	10456_reviewed	1
94_reviewed	23089_reviewed	1
9532_reviewed	9532_reviewed	1
55971_reviewed	2059_reviewed	1
7528_reviewed	83444_reviewed	1
1050_reviewed	1019_reviewed	1
6191_reviewed	6205_reviewed	1
56257_reviewed	221092_reviewed	1
6625_reviewed	9295_reviewed	1
79980_reviewed	11335_reviewed	1
7186_reviewed	23219_reviewed	1
841_reviewed	331_reviewed	1
4091_reviewed	7046_reviewed	1
6608_reviewed	4734_reviewed	1
6418_reviewed	8851_reviewed	1
239_reviewed	3852_reviewed	1
9794_reviewed	7157_reviewed	1
9051_reviewed	1785_reviewed	1
10049_reviewed	1674_reviewed	0
10892_reviewed	6885_reviewed	1
3146_reviewed	3148_reviewed	1
6139_reviewed	6141_reviewed	1
3745_reviewed	3745_reviewed	1
7157_reviewed	4087_reviewed	1
11339_reviewed	55320_reviewed	1
5252_reviewed	5931_reviewed	1
5501_reviewed	8045_reviewed	1
11222_reviewed	6182_reviewed	1
85437_reviewed	6625_reviewed	1
56257_reviewed	79066_reviewed	1
5691_reviewed	9861_reviewed	1
7532_reviewed	23136_reviewed	1
1956_reviewed	10273_reviewed	1
30818_reviewed	57126_reviewed	1
5371_reviewed	5315_reviewed	1
54960_reviewed	6625_reviewed	1
90627_reviewed	8887_reviewed	1
6605_reviewed	55274_reviewed	1
90678_reviewed	90678_reviewed	1
23030_reviewed	9070_reviewed	1
3396_reviewed	9987_reviewed	1
5580_reviewed	6774_reviewed	1
7265_reviewed	9217_reviewed	1
9628_reviewed	55929_reviewed	1
1654_reviewed	10236_reviewed	1
1460_reviewed	6749_reviewed	1
2353_reviewed	8202_reviewed	1
8648_reviewed	8850_reviewed	1
3178_reviewed	65080_reviewed	1
6386_reviewed	7188_reviewed	1
4609_reviewed	8467_reviewed	1
10980_reviewed	8065_reviewed	1
3455_reviewed	10399_reviewed	1
5770_reviewed	10254_reviewed	1
6141_reviewed	6188_reviewed	1
8454_reviewed	1642_reviewed	1
4110_reviewed	55621_reviewed	1
55689_reviewed	6885_reviewed	1
7428_reviewed	5580_reviewed	1
10551_reviewed	2130_reviewed	1
56160_reviewed	23137_reviewed	1
4513_reviewed	7416_reviewed	1
2550_reviewed	152789_reviewed	1
3184_reviewed	22913_reviewed	1
64219_reviewed	64219_reviewed	1
9001_reviewed	1639_reviewed	1
23435_reviewed	9782_reviewed	1
3276_reviewed	8148_reviewed	1
7415_reviewed	7157_reviewed	1
149041_reviewed	6129_reviewed	1
9150_reviewed	79084_reviewed	1
2882_reviewed	132864_reviewed	1
3164_reviewed	10514_reviewed	1
4609_reviewed	23481_reviewed	1
5300_reviewed	5347_reviewed	1
5700_reviewed	5695_reviewed	1
6418_reviewed	9015_reviewed	1
65251_reviewed	6839_reviewed	1
2309_reviewed	7874_reviewed	1
55915_reviewed	207_reviewed	1
8237_reviewed	7316_reviewed	1
51592_reviewed	8861_reviewed	1
7181_reviewed	5928_reviewed	1
7329_reviewed	10155_reviewed	1
9146_reviewed	92105_reviewed	1
1326_reviewed	5604_reviewed	1
8651_reviewed	4217_reviewed	1
22894_reviewed	5394_reviewed	1
3006_reviewed	3837_reviewed	1
6598_reviewed	5499_reviewed	1
10783_reviewed	84106_reviewed	1
84676_reviewed	7334_reviewed	1
3837_reviewed	55705_reviewed	1
8835_reviewed	5714_reviewed	1
862_reviewed	51225_reviewed	1
2740_reviewed	1173_reviewed	1
26548_reviewed	5510_reviewed	1
22827_reviewed	3183_reviewed	1
3065_reviewed	22948_reviewed	1
571_reviewed	10616_reviewed	1
4683_reviewed	641_reviewed	1
60489_reviewed	5566_reviewed	1
203228_reviewed	9776_reviewed	1
149041_reviewed	1975_reviewed	1
10360_reviewed	10361_reviewed	1
1020_reviewed	9847_reviewed	1
1742_reviewed	3759_reviewed	1
8718_reviewed	8717_reviewed	1
293_reviewed	4714_reviewed	1
136371_reviewed	3303_unreviewed	1
200186_reviewed	23235_reviewed	1
7535_reviewed	7846_reviewed	1
3178_reviewed	81608_reviewed	1
5887_reviewed	8078_reviewed	1
3815_reviewed	4254_reviewed	1
1655_reviewed	11338_reviewed	1
9306_reviewed	1468_reviewed	1
25842_reviewed	84529_reviewed	1
190_reviewed	5629_reviewed	0
64783_reviewed	3276_reviewed	1
4188_reviewed	50717_reviewed	1
4869_reviewed	6667_reviewed	1
9759_reviewed	7528_reviewed	1
6249_reviewed	22919_reviewed	1
11338_reviewed	55749_reviewed	1
83696_reviewed	7109_reviewed	1
6500_reviewed	54620_reviewed	1
602_reviewed	79718_reviewed	1
1478_reviewed	1975_reviewed	1
51160_reviewed	158297_reviewed	1
8471_reviewed	54434_reviewed	1
1191_reviewed	10525_reviewed	1
10397_reviewed	2932_reviewed	1
5076_reviewed	22976_reviewed	1
3320_reviewed	91754_reviewed	1
1024_reviewed	29079_reviewed	1
26145_reviewed	359948_reviewed	1
135892_reviewed	6714_reviewed	1
6647_reviewed	7167_reviewed	1
23291_reviewed	10949_reviewed	1
6310_reviewed	56893_reviewed	1
4800_reviewed	1026_reviewed	1
55662_reviewed	7159_reviewed	1
9531_reviewed	140838_reviewed	1
23193_reviewed	5589_reviewed	1
8517_reviewed	3654_reviewed	1
4609_reviewed	4719_reviewed	1
5892_reviewed	641_reviewed	1
902_reviewed	1488_reviewed	1
3603_reviewed	8841_reviewed	1
79727_reviewed	50809_reviewed	1
2021_reviewed	9131_reviewed	1
23468_reviewed	92595_reviewed	1
1660_reviewed	58_reviewed	1
9801_reviewed	54148_reviewed	1
898_reviewed	5925_reviewed	1
50717_reviewed	3276_reviewed	1
1937_reviewed	55660_reviewed	0
54386_reviewed	9401_reviewed	1
3178_reviewed	23435_reviewed	1
4094_reviewed	4094_reviewed	1
6189_reviewed	1649_reviewed	1
55662_reviewed	6041_reviewed	1
1915_reviewed	25841_reviewed	1
7534_reviewed	51776_reviewed	1
6837_reviewed	29079_reviewed	1
55844_reviewed	80349_reviewed	1
23163_reviewed	729873_reviewed	1
5581_reviewed	7416_reviewed	1
7879_reviewed	9230_reviewed	1
8452_reviewed	55709_reviewed	1
10618_reviewed	3688_reviewed	1
3091_reviewed	8517_reviewed	1
8517_reviewed	10010_reviewed	1
1639_reviewed	22919_reviewed	1
25937_reviewed	7159_reviewed	1
27316_reviewed	6625_reviewed	1
6047_reviewed	6885_reviewed	1
7874_reviewed	5925_reviewed	1
598_reviewed	7416_reviewed	1
6804_reviewed	1080_reviewed	1
1837_reviewed	6640_reviewed	1
7791_reviewed	87_reviewed	1
51574_reviewed	9188_reviewed	1
9212_reviewed	22919_reviewed	1
84524_reviewed	51574_reviewed	1
3093_reviewed	4193_reviewed	1
10767_reviewed	51013_reviewed	1
4170_reviewed	596_reviewed	0
1736_reviewed	51602_reviewed	1
7025_reviewed	64919_reviewed	1
64215_reviewed	12_reviewed	1
5683_reviewed	5714_reviewed	1
135138_reviewed	6950_reviewed	1
650_reviewed	1280_reviewed	1
5434_reviewed	10621_reviewed	1
7428_reviewed	3312_reviewed	1
1915_reviewed	8882_reviewed	1
1856_reviewed	83737_reviewed	1
6945_reviewed	6945_reviewed	1
4077_reviewed	7316_reviewed	1
55829_reviewed	51009_reviewed	1
1173_reviewed	55707_reviewed	1
3320_reviewed	2931_reviewed	1
3716_reviewed	3560_reviewed	1
51666_reviewed	25822_reviewed	1
7345_reviewed	3312_reviewed	1
5599_reviewed	356_reviewed	1
5289_reviewed	3303_unreviewed	1
6880_reviewed	6874_reviewed	1
1386_reviewed	7528_reviewed	1
9045_reviewed	6147_reviewed	1
51138_reviewed	51514_reviewed	1
5093_reviewed	22827_reviewed	1
2932_reviewed	2932_reviewed	1
55593_reviewed	6749_reviewed	1
7004_reviewed	9240_reviewed	1
3993_reviewed	3993_reviewed	1
405_reviewed	3312_reviewed	1
5335_reviewed	10657_reviewed	1
5563_reviewed	11059_reviewed	1
3265_reviewed	493_reviewed	1
5156_reviewed	1399_reviewed	1
3156_reviewed	11160_reviewed	1
54801_reviewed	23028_reviewed	1
7161_reviewed	273_reviewed	1
27040_reviewed	11184_reviewed	1
8473_reviewed	54830_reviewed	1
8985_reviewed	10919_reviewed	1
7290_reviewed	4609_reviewed	1
5896_reviewed	3836_reviewed	1
64754_reviewed	3320_reviewed	1
1647_reviewed	51147_reviewed	1
7048_reviewed	867_reviewed	1
4609_reviewed	84271_reviewed	1
8726_reviewed	9555_reviewed	1
6134_reviewed	6128_reviewed	1
10413_reviewed	55740_reviewed	1
22897_reviewed	84126_reviewed	1
5432_reviewed	54535_reviewed	1
5933_reviewed	57596_reviewed	1
23558_reviewed	11059_reviewed	1
11047_reviewed	11047_reviewed	1
6047_reviewed	55320_reviewed	1
81858_reviewed	55072_reviewed	1
6464_reviewed	161_reviewed	1
55004_reviewed	153129_reviewed	1
199990_reviewed	2188_reviewed	1
2099_reviewed	689_reviewed	1
56256_reviewed	55844_reviewed	1
6886_reviewed	25942_reviewed	1
7088_reviewed	2290_reviewed	1
6688_reviewed	6497_reviewed	1
2091_reviewed	64969_reviewed	1
9531_reviewed	311_reviewed	1
595_reviewed	84062_reviewed	1
1601_reviewed	153090_reviewed	1
90324_reviewed	23450_reviewed	1
23517_reviewed	51010_reviewed	0
1719_reviewed	3329_reviewed	1
8678_reviewed	207_reviewed	1
367_reviewed	6602_reviewed	1
2783_reviewed	6945_reviewed	0
6314_reviewed	6881_reviewed	1
4722_reviewed	4728_reviewed	1
9097_reviewed	5709_reviewed	1
8450_reviewed	9045_reviewed	1
267_reviewed	23295_reviewed	1
55054_reviewed	9474_reviewed	1
5467_reviewed	8841_reviewed	1
25898_reviewed	3199_reviewed	1
10013_reviewed	7514_reviewed	1
55294_reviewed	200933_reviewed	1
9662_reviewed	81565_reviewed	1
4792_reviewed	79837_reviewed	0
5925_reviewed	7027_reviewed	1
23429_reviewed	83746_reviewed	1
2521_reviewed	8148_reviewed	1
7818_reviewed	8772_reviewed	1
6908_reviewed	4801_reviewed	1
7871_reviewed	6788_reviewed	1
6908_reviewed	129685_reviewed	1
331_reviewed	836_reviewed	1
10938_reviewed	7453_reviewed	1
64375_reviewed	10320_reviewed	1
5866_reviewed	4218_reviewed	1
7124_reviewed	6885_reviewed	1
23350_reviewed	8241_reviewed	1
1956_reviewed	1434_reviewed	1
5693_reviewed	5709_reviewed	1
3280_reviewed	142_reviewed	1
4616_reviewed	5609_reviewed	1
3265_reviewed	6560_reviewed	1
3178_reviewed	3190_reviewed	1
7874_reviewed	9618_reviewed	1
5093_reviewed	92906_reviewed	1
1398_reviewed	50807_reviewed	1
3187_reviewed	22913_reviewed	1
1050_reviewed	1050_reviewed	1
1956_reviewed	3958_reviewed	1
8835_reviewed	8533_reviewed	1
115752_reviewed	51013_reviewed	1
70_reviewed	24144_reviewed	1
2805_reviewed	3417_reviewed	1
11080_reviewed	3310_reviewed	1
4609_reviewed	11338_reviewed	1
130617_reviewed	23197_reviewed	1
4137_reviewed	10376_reviewed	1
1493_reviewed	941_reviewed	1
81929_reviewed	84219_reviewed	1
84148_reviewed	55167_reviewed	1
23098_reviewed	79671_reviewed	1
7001_reviewed	9588_reviewed	1
6222_reviewed	3921_reviewed	1
5499_reviewed	4193_reviewed	1
51667_reviewed	5710_reviewed	1
23291_reviewed	7531_reviewed	1
54583_reviewed	4110_reviewed	1
27185_reviewed	10989_reviewed	1
79657_reviewed	10869_reviewed	1
9444_reviewed	8939_reviewed	1
9055_reviewed	24137_reviewed	1
9270_reviewed	57154_reviewed	1
25855_reviewed	8405_reviewed	1
53635_reviewed	10399_reviewed	1
11336_reviewed	23265_reviewed	1
7165_reviewed	7706_reviewed	1
7443_reviewed	8161_reviewed	1
29088_reviewed	54148_reviewed	1
6714_reviewed	1027_reviewed	1
79657_reviewed	5434_reviewed	1
4170_reviewed	637_reviewed	1
26060_reviewed	51493_reviewed	1
3720_reviewed	23512_reviewed	1
121441_reviewed	10694_reviewed	1
891_reviewed	5111_reviewed	1
2887_reviewed	26058_reviewed	1
7347_reviewed	81570_reviewed	1
5728_reviewed	52_reviewed	1
22981_reviewed	8458_reviewed	1
4004_reviewed	6886_reviewed	1
1763_reviewed	5932_reviewed	1
22981_reviewed	317762_reviewed	1
367_reviewed	4110_reviewed	1
4140_reviewed	995_reviewed	1
10188_reviewed	4690_reviewed	1
27101_reviewed	27101_reviewed	1
9588_reviewed	2950_reviewed	1
64375_reviewed	64375_reviewed	0
857_reviewed	80700_reviewed	1
22908_reviewed	1315_reviewed	1
708_reviewed	5245_reviewed	1
64326_reviewed	3725_reviewed	1
9255_reviewed	51520_reviewed	1
5707_reviewed	5709_reviewed	1
7529_reviewed	3688_reviewed	1
10403_reviewed	4751_reviewed	1
55388_reviewed	4176_reviewed	1
5534_reviewed	5688_reviewed	1
8451_reviewed	9318_reviewed	1
6194_reviewed	65003_reviewed	1
843_reviewed	8780_reviewed	1
24148_reviewed	24148_reviewed	1
8237_reviewed	57332_reviewed	1
5268_reviewed	114907_reviewed	1
3326_reviewed	27101_reviewed	1
23390_reviewed	285195_reviewed	1
83695_reviewed	56852_reviewed	1
5610_reviewed	7189_reviewed	1
7163_reviewed	114569_reviewed	1
6867_reviewed	8089_reviewed	1
4086_reviewed	4739_reviewed	1
26986_reviewed	6124_reviewed	1
27289_reviewed	79797_reviewed	0
10528_reviewed	55131_reviewed	1
26353_reviewed	26353_reviewed	1
328_reviewed	5071_reviewed	1
4609_reviewed	8451_reviewed	1
1912_reviewed	6322_reviewed	1
329_reviewed	55072_reviewed	1
6142_reviewed	26155_reviewed	1
29979_reviewed	29979_reviewed	1
4103_reviewed	3105_reviewed	1
7917_reviewed	63891_reviewed	1
10397_reviewed	335_reviewed	1
6159_reviewed	6133_reviewed	1
9564_reviewed	2889_reviewed	1
9021_reviewed	8065_reviewed	1
51300_reviewed	28976_reviewed	1
51147_reviewed	64769_reviewed	1
10576_reviewed	10575_reviewed	1
9223_reviewed	11346_reviewed	1
23286_reviewed	80014_reviewed	1
1017_reviewed	2547_reviewed	1
5373_reviewed	91703_reviewed	1
4736_reviewed	6203_reviewed	1
2107_reviewed	9817_reviewed	1
55752_reviewed	7417_reviewed	1
1445_reviewed	2783_reviewed	0
51548_reviewed	207_reviewed	1
7534_reviewed	9564_reviewed	1
10015_reviewed	6455_reviewed	1
83605_reviewed	128434_reviewed	1
863_reviewed	10009_reviewed	1
157570_reviewed	23186_reviewed	1
10933_reviewed	23309_reviewed	1
57506_reviewed	7917_reviewed	1
993_reviewed	5315_reviewed	1
56257_reviewed	10575_reviewed	1
11030_reviewed	26508_reviewed	1
2887_reviewed	2887_reviewed	1
6667_reviewed	4089_reviewed	1
70_reviewed	10096_reviewed	1
5715_reviewed	10213_reviewed	1
1843_reviewed	5595_reviewed	1
92104_reviewed	23059_reviewed	1
51574_reviewed	10376_reviewed	1
440_reviewed	16_reviewed	1
6868_reviewed	1739_reviewed	1
5518_reviewed	57117_reviewed	1
6464_reviewed	3312_reviewed	1
54509_reviewed	51479_reviewed	1
24144_reviewed	7874_reviewed	1
2983_reviewed	3320_reviewed	1
8665_reviewed	51386_reviewed	1
29894_reviewed	55339_reviewed	1
4719_reviewed	4720_reviewed	1
27005_reviewed	2011_reviewed	1
6598_reviewed	7514_reviewed	1
6811_reviewed	6867_reviewed	1
5371_reviewed	23411_reviewed	1
7329_reviewed	6659_reviewed	1
254394_reviewed	56897_reviewed	1
652968_reviewed	79726_reviewed	1
55355_reviewed	4869_reviewed	1
4089_reviewed	4093_reviewed	1
4188_reviewed	7376_reviewed	1
4210_reviewed	8408_reviewed	1
7027_reviewed	1874_reviewed	1
11335_reviewed	9555_reviewed	1
3308_reviewed	5579_reviewed	1
2146_reviewed	23411_reviewed	1
10211_reviewed	3619_reviewed	1
9961_reviewed	7189_reviewed	1
2965_reviewed	2968_reviewed	1
51552_reviewed	10133_reviewed	1
7251_reviewed	613_reviewed	1
5447_reviewed	1571_reviewed	1
4654_reviewed	3475_reviewed	1
7223_reviewed	7223_reviewed	1
367_reviewed	4841_reviewed	1
4613_reviewed	4149_reviewed	1
9368_reviewed	154_reviewed	1
5347_reviewed	58513_reviewed	1
8450_reviewed	11100_reviewed	1
148022_reviewed	7187_reviewed	1
3265_reviewed	5819_reviewed	1
283150_reviewed	80314_reviewed	1
4103_reviewed	154796_reviewed	1
54971_reviewed	2305_reviewed	1
4173_reviewed	4175_reviewed	1
2547_reviewed	8498_reviewed	1
55174_reviewed	57508_reviewed	1
10618_reviewed	57120_reviewed	1
10726_reviewed	10294_reviewed	1
151987_reviewed	10992_reviewed	1
1191_reviewed	5621_reviewed	1
7186_reviewed	7187_reviewed	1
56478_reviewed	1977_reviewed	1
115426_reviewed	2177_reviewed	1
23411_reviewed	22938_reviewed	1
54840_reviewed	7515_reviewed	1
351_reviewed	83941_reviewed	1
10490_reviewed	8775_reviewed	1
6950_reviewed	10576_reviewed	1
22978_reviewed	22978_reviewed	1
9984_reviewed	79228_reviewed	1
7283_reviewed	84790_reviewed	1
23281_reviewed	58500_reviewed	1
23012_reviewed	81532_reviewed	1
4043_reviewed	7804_reviewed	1
9261_reviewed	677_reviewed	1
8464_reviewed	2648_reviewed	1
5687_reviewed	5695_reviewed	1
7301_reviewed	2621_reviewed	1
115207_reviewed	983_reviewed	1
84859_reviewed	23143_reviewed	1
4287_reviewed	6520_reviewed	1
5688_reviewed	9861_reviewed	1
5290_reviewed	5781_reviewed	1
57647_reviewed	55226_reviewed	1
9306_reviewed	9522_reviewed	1
5976_reviewed	23381_reviewed	1
23411_reviewed	2648_reviewed	1
55844_reviewed	1612_reviewed	1
5906_reviewed	355_reviewed	1
5604_reviewed	5605_reviewed	1
94081_reviewed	7386_reviewed	1
9318_reviewed	5705_reviewed	1
22954_reviewed	22954_reviewed	1
7531_reviewed	9188_reviewed	1
9054_reviewed	23479_reviewed	1
433_reviewed	29956_reviewed	1
2812_reviewed	7041_reviewed	1
3315_reviewed	1409_reviewed	1
939_reviewed	7186_reviewed	1
2099_reviewed	10273_reviewed	1
5687_reviewed	5692_reviewed	1
80306_reviewed	6837_reviewed	1
9117_reviewed	89885_reviewed	1
8237_reviewed	7874_reviewed	1
2665_reviewed	7879_reviewed	1
5609_reviewed	9479_reviewed	1
8725_reviewed	11128_reviewed	1
8451_reviewed	4790_reviewed	1
3791_reviewed	5228_reviewed	0
1639_reviewed	10671_reviewed	1
51377_reviewed	5707_reviewed	1
3845_reviewed	7525_reviewed	1
81608_reviewed	55339_reviewed	1
7283_reviewed	3326_reviewed	1
821_reviewed	7184_reviewed	1
51574_reviewed	4869_reviewed	1
2002_reviewed	6722_reviewed	1
9810_reviewed	79577_reviewed	1
1643_reviewed	50813_reviewed	1
55620_reviewed	3551_reviewed	1
8048_reviewed	4654_reviewed	1
2060_reviewed	1956_reviewed	1
6810_reviewed	6814_reviewed	1
84219_reviewed	79726_reviewed	1
79038_reviewed	824_reviewed	1
51206_reviewed	4067_reviewed	1
7179_reviewed	3030_reviewed	1
8243_reviewed	10592_reviewed	1
55743_reviewed	142_reviewed	1
1956_reviewed	378_reviewed	1
5468_reviewed	1051_reviewed	1
9638_reviewed	60592_reviewed	1
8451_reviewed	1642_reviewed	1
57563_reviewed	5913_reviewed	1
54534_reviewed	26995_reviewed	1
4188_reviewed	5819_reviewed	1
1415_reviewed	1420_reviewed	1
7015_reviewed	10728_reviewed	1
4609_reviewed	29127_reviewed	1
5563_reviewed	10146_reviewed	1
5719_reviewed	5713_reviewed	1
10024_reviewed	373_reviewed	1
221692_reviewed	5499_reviewed	1
10078_reviewed	51362_reviewed	1
3303_unreviewed	367_reviewed	1
8312_reviewed	1857_reviewed	1
84062_reviewed	55638_reviewed	1
4088_reviewed	9839_reviewed	1
3178_reviewed	10432_reviewed	1
57532_reviewed	2332_reviewed	1
2023_reviewed	10625_reviewed	1
51574_reviewed	6201_reviewed	1
81887_reviewed	57418_reviewed	1
6125_reviewed	6191_reviewed	1
25839_reviewed	84342_reviewed	1
79918_reviewed	5970_reviewed	1
80279_reviewed	23376_reviewed	1
8452_reviewed	23450_reviewed	1
55975_reviewed	8452_reviewed	1
70_reviewed	3185_reviewed	1
5518_reviewed	26127_reviewed	1
996_reviewed	29945_reviewed	1
283150_reviewed	54799_reviewed	1
6045_reviewed	6500_reviewed	1
7187_reviewed	8767_reviewed	1
23221_reviewed	124540_reviewed	1
10514_reviewed	5087_reviewed	0
6794_reviewed	5606_reviewed	1
2273_reviewed	6015_reviewed	1
6717_reviewed	6774_reviewed	1
2091_reviewed	26354_reviewed	1
9021_reviewed	2185_reviewed	1
3958_reviewed	57093_reviewed	1
10095_reviewed	10092_reviewed	1
1457_reviewed	7161_reviewed	1
55284_reviewed	6047_reviewed	1
51364_reviewed	81628_reviewed	1
7514_reviewed	1499_reviewed	1
1459_reviewed	6015_reviewed	1
2733_reviewed	2733_reviewed	1
9830_reviewed	57506_reviewed	1
4087_reviewed	1499_reviewed	1
10081_reviewed	9638_reviewed	1
7846_reviewed	9524_reviewed	1
123169_reviewed	80349_reviewed	1
891_reviewed	51343_reviewed	1
2885_reviewed	5159_reviewed	1
7706_reviewed	9343_reviewed	1
27063_reviewed	84665_reviewed	1
4193_reviewed	7343_reviewed	1
6749_reviewed	11198_reviewed	1
55623_reviewed	25917_reviewed	1
2308_reviewed	7532_reviewed	1
4736_reviewed	3921_reviewed	1
85369_reviewed	6801_reviewed	1
9416_reviewed	9092_reviewed	1
9536_reviewed	9536_reviewed	1
5495_reviewed	6885_reviewed	1
10868_reviewed	9217_reviewed	1
2099_reviewed	1973_reviewed	1
3320_reviewed	4609_reviewed	1
149041_reviewed	6141_reviewed	1
553115_reviewed	10016_reviewed	1
3845_reviewed	3572_reviewed	1
8079_reviewed	9532_reviewed	1
1827_reviewed	23326_reviewed	1
70_reviewed	23451_reviewed	1
6134_reviewed	6175_reviewed	1
22938_reviewed	79753_reviewed	1
70_reviewed	9208_reviewed	1
6418_reviewed	8125_reviewed	1
2260_reviewed	2260_reviewed	1
8314_reviewed	7534_reviewed	1
8850_reviewed	2074_reviewed	1
6122_reviewed	6133_reviewed	1
2252_reviewed	2261_reviewed	0
5700_reviewed	5711_reviewed	1
23492_reviewed	84108_reviewed	1
708_reviewed	7818_reviewed	1
4615_reviewed	4088_reviewed	1
3856_reviewed	84260_reviewed	1
1956_reviewed	1785_reviewed	1
83988_reviewed	113878_reviewed	1
5192_reviewed	5830_reviewed	1
58484_reviewed	64127_reviewed	1
4778_reviewed	4778_reviewed	1
1017_reviewed	2099_reviewed	1
9531_reviewed	7264_reviewed	1
5693_reviewed	5710_reviewed	1
6667_reviewed	9759_reviewed	1
3725_reviewed	1457_reviewed	1
7514_reviewed	81847_reviewed	1
64343_reviewed	9641_reviewed	1
2885_reviewed	11184_reviewed	1
10134_reviewed	841_reviewed	1
8664_reviewed	8668_reviewed	1
10051_reviewed	29781_reviewed	1
51574_reviewed	6429_reviewed	1
5663_reviewed	5664_reviewed	1
10956_reviewed	682_reviewed	1
382_reviewed	9727_reviewed	1
54221_reviewed	55968_reviewed	1
1643_reviewed	1642_reviewed	1
6045_reviewed	22955_reviewed	1
5336_reviewed	4067_reviewed	1
7514_reviewed	56852_reviewed	1
3845_reviewed	9522_reviewed	1
6455_reviewed	63898_reviewed	1
836_reviewed	3059_reviewed	1
84133_reviewed	55366_reviewed	1
54949_reviewed	6389_reviewed	1
8175_reviewed	10291_reviewed	1
9577_reviewed	580_reviewed	1
2010_reviewed	8841_reviewed	1
2631_reviewed	23193_reviewed	1
5429_reviewed	4292_reviewed	1
4609_reviewed	5684_reviewed	1
5886_reviewed	1111_reviewed	1
3845_reviewed	1739_reviewed	1
3679_reviewed	2274_reviewed	1
7186_reviewed	3604_reviewed	1
1915_reviewed	6208_reviewed	1
8454_reviewed	988_reviewed	1
11043_reviewed	84619_reviewed	1
55669_reviewed	23411_reviewed	1
8626_reviewed	29882_reviewed	1
10616_reviewed	3658_reviewed	1
9246_reviewed	2322_reviewed	1
2801_reviewed	23199_reviewed	1
5532_reviewed	3725_reviewed	1
26018_reviewed	1956_reviewed	1
2705_reviewed	821_reviewed	1
1915_reviewed	26003_reviewed	1
55572_reviewed	3329_reviewed	1
25793_reviewed	6187_reviewed	1
162_reviewed	1174_reviewed	1
1191_reviewed	581_reviewed	1
3178_reviewed	64965_reviewed	1
11124_reviewed	10808_reviewed	1
129880_reviewed	55212_reviewed	1
7375_reviewed	5925_reviewed	1
340061_reviewed	340061_reviewed	1
54165_reviewed	8533_reviewed	1
7156_reviewed	81550_reviewed	1
207_reviewed	7015_reviewed	1
1017_reviewed	4605_reviewed	1
4092_reviewed	83737_reviewed	1
3801_reviewed	4747_reviewed	1
114791_reviewed	653784_reviewed	1
23028_reviewed	639_reviewed	1
5684_reviewed	3191_reviewed	1
816_reviewed	816_reviewed	1
10094_reviewed	10092_reviewed	1
25898_reviewed	1027_reviewed	1
7884_reviewed	57409_reviewed	1
23291_reviewed	57685_reviewed	1
79102_reviewed	8887_reviewed	1
9846_reviewed	1399_reviewed	1
3845_reviewed	4162_reviewed	1
49856_reviewed	117178_reviewed	1
10421_reviewed	6625_reviewed	1
9782_reviewed	3609_reviewed	1
23328_reviewed	4939_reviewed	1
9759_reviewed	7376_reviewed	1
25839_reviewed	9382_reviewed	1
57216_reviewed	8878_reviewed	1
5689_reviewed	5719_reviewed	1
23421_reviewed	79682_reviewed	1
5976_reviewed	10856_reviewed	1
56916_reviewed	3065_reviewed	1
10971_reviewed	7408_reviewed	1
5687_reviewed	5691_reviewed	1
11059_reviewed	688_reviewed	1
4734_reviewed	5979_reviewed	1
2060_reviewed	2885_reviewed	1
7161_reviewed	3313_reviewed	1
10618_reviewed	372_reviewed	1
4848_reviewed	4849_reviewed	1
5595_reviewed	3685_reviewed	1
6047_reviewed	9092_reviewed	1
1615_reviewed	4141_reviewed	1
79657_reviewed	5202_reviewed	1
5770_reviewed	2885_reviewed	1
54664_reviewed	25978_reviewed	1
8829_reviewed	7048_reviewed	1
835_reviewed	835_reviewed	1
7428_reviewed	8651_reviewed	1
5934_reviewed	896_reviewed	1
64718_reviewed	6603_reviewed	1
2963_reviewed	7917_reviewed	1
1911_reviewed	23492_reviewed	1
5771_reviewed	6772_reviewed	1
10566_reviewed	5576_reviewed	1
26097_reviewed	10419_reviewed	1
7704_reviewed	3065_reviewed	1
9782_reviewed	11100_reviewed	1
4087_reviewed	4086_reviewed	1
4609_reviewed	11260_reviewed	1
55294_reviewed	10286_reviewed	1
5830_reviewed	1384_reviewed	1
207_reviewed	7529_reviewed	0
64746_reviewed	9343_reviewed	1
9477_reviewed	51586_reviewed	1
84955_reviewed	1659_reviewed	1
5690_reviewed	5713_reviewed	1
10498_reviewed	10499_reviewed	1
8835_reviewed	10212_reviewed	1
80227_reviewed	5716_reviewed	1
3737_reviewed	5786_reviewed	1
9618_reviewed	10419_reviewed	1
4839_reviewed	51602_reviewed	1
9261_reviewed	1655_reviewed	1
9531_reviewed	51013_reviewed	1
10856_reviewed	86_reviewed	1
7248_reviewed	55011_reviewed	1
2885_reviewed	6853_reviewed	1
4204_reviewed	4904_reviewed	1
23065_reviewed	9694_reviewed	1
6801_reviewed	10694_reviewed	1
5693_reviewed	5717_reviewed	1
65018_reviewed	5071_reviewed	1
3916_reviewed	1829_reviewed	1
2885_reviewed	6850_reviewed	1
3689_reviewed	9267_reviewed	1
2260_reviewed	6464_reviewed	1
8487_reviewed	50628_reviewed	1
920_reviewed	7852_reviewed	1
3320_reviewed	3757_reviewed	1
7448_reviewed	4750_reviewed	1
55233_reviewed	9113_reviewed	1
2203_reviewed	10155_reviewed	1
9040_reviewed	2873_reviewed	1
6138_reviewed	6202_reviewed	1
4609_reviewed	445_reviewed	1
10193_reviewed	10193_reviewed	1
60489_reviewed	60489_reviewed	1
5359_reviewed	10539_reviewed	1
118611_reviewed	7157_reviewed	1
5683_reviewed	5721_reviewed	1
4175_reviewed	4175_reviewed	1
5704_reviewed	5700_reviewed	1
3184_reviewed	8850_reviewed	1
5295_reviewed	5295_reviewed	1
4193_reviewed	5315_reviewed	1
5451_reviewed	4331_reviewed	1
5429_reviewed	5111_reviewed	1
80125_reviewed	84619_reviewed	1
11051_reviewed	57562_reviewed	1
11030_reviewed	200523_reviewed	1
10755_reviewed	10287_reviewed	1
26270_reviewed	83732_reviewed	1
7422_reviewed	3308_reviewed	1
254887_reviewed	9781_reviewed	1
5800_reviewed	10130_reviewed	1
51013_reviewed	23404_reviewed	1
7189_reviewed	3665_reviewed	1
11200_reviewed	5525_reviewed	1
7181_reviewed	9759_reviewed	1
4086_reviewed	10413_reviewed	1
9063_reviewed	80230_reviewed	1
3320_reviewed	10910_reviewed	1
7417_reviewed	10452_reviewed	1
5688_reviewed	5695_reviewed	1
387_reviewed	5599_reviewed	1
5496_reviewed	7520_reviewed	1
54585_reviewed	123016_reviewed	1
5062_reviewed	25_reviewed	1
5914_reviewed	8204_reviewed	1
5071_reviewed	9868_reviewed	1
3312_reviewed	7415_reviewed	1
8945_reviewed	7515_reviewed	1
5685_reviewed	9861_reviewed	1
3265_reviewed	10458_reviewed	1
4543_reviewed	8471_reviewed	1
5194_reviewed	5830_reviewed	1
2237_reviewed	3364_reviewed	1
3397_reviewed	6929_reviewed	1
124790_reviewed	10614_reviewed	1
7706_reviewed	6907_reviewed	1
5800_reviewed	81542_reviewed	1
6531_reviewed	7041_reviewed	1
85365_reviewed	7251_reviewed	1
54969_reviewed	10038_reviewed	1
4207_unreviewed	56159_reviewed	1
285231_reviewed	58985_reviewed	1
11335_reviewed	54816_reviewed	1
51035_reviewed	114781_reviewed	1
7706_reviewed	9319_reviewed	1
6714_reviewed	1956_reviewed	1
11146_reviewed	3480_reviewed	0
25793_reviewed	51185_reviewed	1
6189_reviewed	6194_reviewed	1
10915_reviewed	57562_reviewed	0
3845_reviewed	4771_reviewed	1
6915_reviewed	4831_reviewed	1
406_reviewed	6097_reviewed	1
7251_reviewed	6093_reviewed	1
3662_reviewed	11011_reviewed	1
5519_reviewed	28227_reviewed	1
5347_reviewed	55294_reviewed	1
7415_reviewed	6500_reviewed	1
6774_reviewed	5371_reviewed	1
10551_reviewed	6139_reviewed	1
1025_reviewed	1051_reviewed	1
4137_reviewed	5295_reviewed	1
26168_reviewed	4193_reviewed	1
26121_reviewed	9092_reviewed	1
149041_reviewed	6194_reviewed	1
9276_reviewed	9276_reviewed	1
4300_reviewed	27125_reviewed	1
2783_reviewed	29115_reviewed	0
7428_reviewed	6790_reviewed	1
7329_reviewed	6047_reviewed	1
213_reviewed	2217_reviewed	1
1977_reviewed	3315_reviewed	0
182_reviewed	57534_reviewed	1
9675_reviewed	9894_reviewed	1
9425_reviewed	5978_reviewed	1
1915_reviewed	6207_reviewed	1
7316_reviewed	5702_reviewed	1
80817_reviewed	115106_reviewed	1
1856_reviewed	7718_reviewed	1
5174_reviewed	949_reviewed	1
1025_reviewed	905_reviewed	1
57020_reviewed	7706_reviewed	1
7124_reviewed	329_reviewed	1
274_reviewed	4534_reviewed	1
55140_reviewed	26610_reviewed	1
55165_reviewed	115106_reviewed	1
8665_reviewed	728642_reviewed	1
79922_reviewed	2744_reviewed	1
6191_reviewed	3921_reviewed	1
10195_reviewed	10488_reviewed	1
54799_reviewed	64769_reviewed	1
9410_reviewed	25980_reviewed	1
7126_reviewed	1460_reviewed	1
2017_reviewed	10109_reviewed	1
1409_reviewed	581_reviewed	1
4318_reviewed	7040_reviewed	1
79172_reviewed	2491_reviewed	1
54971_reviewed	54971_reviewed	1
4299_reviewed	4299_reviewed	1
673_reviewed	5605_reviewed	1
3312_reviewed	3069_reviewed	1
6667_reviewed	367_reviewed	1
4313_reviewed	2_reviewed	1
1956_reviewed	2185_reviewed	1
5710_reviewed	9352_reviewed	1
8089_reviewed	221895_reviewed	1
5518_reviewed	2235_reviewed	1
6625_reviewed	23435_reviewed	1
836_reviewed	839_reviewed	1
25816_reviewed	9113_reviewed	1
65018_reviewed	9529_reviewed	1
8773_reviewed	8775_reviewed	1
10179_reviewed	6428_reviewed	1
728642_reviewed	81669_reviewed	1
11091_reviewed	83746_reviewed	1
10293_reviewed	7185_reviewed	1
7706_reviewed	5052_reviewed	1
3265_reviewed	2011_reviewed	1
847_reviewed	390916_reviewed	1
5501_reviewed	6137_reviewed	1
10078_reviewed	22938_reviewed	1
51116_reviewed	28957_reviewed	1
301_reviewed	2547_reviewed	1
4893_reviewed	9950_reviewed	1
11099_reviewed	25852_reviewed	1
267_reviewed	6647_reviewed	1
2130_reviewed	28973_reviewed	1
1452_reviewed	3320_reviewed	1
4609_reviewed	8878_reviewed	1
9246_reviewed	91694_reviewed	1
64087_reviewed	56922_reviewed	1
8431_reviewed	3065_reviewed	1
6427_reviewed	7307_reviewed	1
5970_reviewed	22992_reviewed	1
8648_reviewed	4790_reviewed	1
9694_reviewed	55379_reviewed	1
54520_reviewed	150684_reviewed	1
80254_reviewed	145508_reviewed	1
5464_reviewed	308_reviewed	1
10336_reviewed	1457_reviewed	1
1198_reviewed	23534_reviewed	1
51773_reviewed	2177_reviewed	1
5241_reviewed	8648_reviewed	1
50_reviewed	2821_reviewed	1
27339_reviewed	22938_reviewed	1
23468_reviewed	6839_reviewed	1
4609_reviewed	9790_reviewed	1
26524_reviewed	2146_reviewed	1
7347_reviewed	7316_reviewed	1
29128_reviewed	115426_reviewed	1
6908_reviewed	29894_reviewed	1
2065_reviewed	3084_reviewed	1
8932_reviewed	79084_reviewed	1
5709_reviewed	5711_reviewed	1
3667_reviewed	8503_reviewed	1
9675_reviewed	55011_reviewed	1
81622_reviewed	3837_reviewed	1
4149_reviewed	25942_reviewed	1
8481_reviewed	22994_reviewed	1
2534_reviewed	6197_reviewed	1
3595_reviewed	9021_reviewed	1
7260_reviewed	6293_reviewed	1
9870_reviewed	7316_reviewed	1
375757_reviewed	119392_reviewed	1
9441_reviewed	6878_reviewed	1
2976_reviewed	9328_reviewed	1
8161_reviewed	11179_reviewed	1
3799_reviewed	89953_reviewed	1
23788_reviewed	509_reviewed	1
5566_reviewed	8165_reviewed	1
5702_reviewed	5702_reviewed	1
1024_reviewed	10419_reviewed	1
55914_reviewed	1499_reviewed	1
64965_reviewed	28973_reviewed	1
5971_reviewed	6601_reviewed	1
928_reviewed	3688_reviewed	1
7083_reviewed	7088_reviewed	1
4609_reviewed	83746_reviewed	1
6683_reviewed	9798_reviewed	1
8650_reviewed	1808_reviewed	1
3091_reviewed	3308_reviewed	1
114294_reviewed	708_reviewed	1
9861_reviewed	5683_reviewed	1
5174_reviewed	9855_reviewed	1
641_reviewed	7156_reviewed	1
7529_reviewed	2039_reviewed	1
1956_reviewed	207_reviewed	1
23411_reviewed	7088_reviewed	1
8535_reviewed	10971_reviewed	1
7428_reviewed	60_reviewed	1
5335_reviewed	6654_reviewed	1
23468_reviewed	10155_reviewed	1
6382_reviewed	3265_reviewed	1
3376_reviewed	5917_reviewed	1
6733_reviewed	6430_reviewed	1
6625_reviewed	26986_reviewed	1
6256_reviewed	9575_reviewed	1
22919_reviewed	11116_reviewed	1
7874_reviewed	301_reviewed	1
7080_reviewed	7486_reviewed	1
29101_reviewed	1478_reviewed	1
6720_reviewed	81857_reviewed	1
10450_reviewed	56949_reviewed	1
9861_reviewed	5710_reviewed	1
6205_reviewed	6189_reviewed	1
8805_reviewed	6256_reviewed	1
55145_reviewed	55145_reviewed	1
1196_reviewed	207_reviewed	1
29979_reviewed	5710_reviewed	1
5501_reviewed	54976_reviewed	1
4188_reviewed	154865_reviewed	1
7124_reviewed	10616_reviewed	1
5704_reviewed	5694_reviewed	1
8467_reviewed	8467_reviewed	1
1445_reviewed	157285_reviewed	1
55422_reviewed	64375_reviewed	0
7398_reviewed	3836_reviewed	1
1810_reviewed	11091_reviewed	1
4771_reviewed	84790_reviewed	1
115004_reviewed	4939_reviewed	1
54971_reviewed	5371_reviewed	1
57695_reviewed	10735_reviewed	1
81858_reviewed	1540_reviewed	1
55620_reviewed	5753_reviewed	1
9131_reviewed	26073_reviewed	1
64400_reviewed	7014_reviewed	1
6625_reviewed	9774_reviewed	1
5468_reviewed	7874_reviewed	1
898_reviewed	6502_reviewed	1
6950_reviewed	10574_reviewed	1
4077_reviewed	9638_reviewed	1
83666_reviewed	151636_reviewed	1
29127_reviewed	5524_reviewed	1
1020_reviewed	4137_reviewed	1
3757_reviewed	23770_reviewed	1
4188_reviewed	90060_reviewed	1
2099_reviewed	2099_reviewed	1
23132_reviewed	1859_reviewed	1
10459_reviewed	5887_reviewed	1
2021_reviewed	3308_reviewed	1
5999_reviewed	9276_reviewed	1
5781_reviewed	80347_reviewed	1
8975_reviewed	4170_reviewed	1
2274_reviewed	8870_reviewed	1
5511_reviewed	3066_reviewed	1
54797_reviewed	9282_reviewed	1
10253_reviewed	10252_reviewed	1
8546_reviewed	26985_reviewed	1
22806_reviewed	26051_reviewed	1
9110_reviewed	4734_reviewed	1
92597_reviewed	23143_reviewed	1
10062_reviewed	6839_reviewed	1
7128_reviewed	79155_reviewed	1
7156_reviewed	6117_reviewed	1
2773_reviewed	6001_reviewed	1
5163_reviewed	5163_reviewed	1
4736_reviewed	6143_reviewed	1
130497_reviewed	5594_reviewed	0
6257_reviewed	5468_reviewed	1
9530_reviewed	23234_reviewed	1
6136_reviewed	6124_reviewed	1
7874_reviewed	7508_reviewed	1
4609_reviewed	10482_reviewed	1
2063_reviewed	7068_reviewed	1
1660_reviewed	6778_reviewed	0
26260_reviewed	5710_reviewed	1
5537_reviewed	9181_reviewed	1
2060_reviewed	7040_reviewed	1
6672_reviewed	6672_reviewed	1
9400_reviewed	4683_reviewed	1
7316_reviewed	10392_reviewed	1
6829_reviewed	5300_reviewed	1
80124_reviewed	55666_reviewed	1
25793_reviewed	5694_reviewed	1
1025_reviewed	10061_reviewed	1
3187_reviewed	3185_reviewed	1
10528_reviewed	10813_reviewed	1
830_reviewed	9897_reviewed	1
84955_reviewed	22820_reviewed	1
9101_reviewed	92421_reviewed	1
10393_reviewed	51434_reviewed	1
2547_reviewed	286257_reviewed	1
2801_reviewed	10084_reviewed	1
7307_reviewed	6100_reviewed	1
10363_reviewed	23186_reviewed	1
4215_reviewed	6885_reviewed	1
55658_reviewed	1869_reviewed	1
5719_reviewed	5710_reviewed	1
22954_reviewed	51588_reviewed	1
8533_reviewed	51514_reviewed	1
408_reviewed	5495_reviewed	1
11198_reviewed	7150_reviewed	1
255738_reviewed	7186_reviewed	1
1956_reviewed	7846_reviewed	1
10421_reviewed	10713_reviewed	1
1028_reviewed	3984_reviewed	1
2242_reviewed	613_reviewed	1
57154_reviewed	57154_reviewed	1
5781_reviewed	54623_reviewed	1
253980_reviewed	5111_reviewed	1
29974_reviewed	339_reviewed	1
22806_reviewed	865_reviewed	1
5371_reviewed	6772_reviewed	1
64770_reviewed	10464_reviewed	1
149628_reviewed	81887_reviewed	1
64326_reviewed	1642_reviewed	1
51322_reviewed	80124_reviewed	1
157570_reviewed	4176_reviewed	1
8454_reviewed	26273_reviewed	1
660_reviewed	11099_reviewed	1
8453_reviewed	2648_reviewed	1
3837_reviewed	23636_reviewed	1
7046_reviewed	8668_reviewed	0
5538_reviewed	7415_reviewed	1
5819_reviewed	80331_reviewed	1
5192_reviewed	9409_reviewed	0
1869_reviewed	1820_reviewed	1
10528_reviewed	6187_reviewed	1
149041_reviewed	144097_reviewed	1
6945_reviewed	7988_reviewed	0
928_reviewed	93185_reviewed	1
5187_reviewed	1407_reviewed	1
3265_reviewed	1969_reviewed	1
1080_reviewed	3308_reviewed	1
6134_reviewed	6135_reviewed	1
154_reviewed	2861_reviewed	1
167227_reviewed	55802_reviewed	1
2937_reviewed	2937_reviewed	1
79897_reviewed	10799_reviewed	1
9212_reviewed	29127_reviewed	1
6340_reviewed	29924_reviewed	1
896_reviewed	5914_reviewed	1
10146_reviewed	4904_reviewed	1
23512_reviewed	79811_reviewed	1
29966_reviewed	908_reviewed	1
3091_reviewed	9759_reviewed	1
23468_reviewed	283489_reviewed	1
8471_reviewed	5954_reviewed	1
1027_reviewed	7248_reviewed	0
10524_reviewed	7329_reviewed	1
1459_reviewed	57666_reviewed	1
6128_reviewed	6191_reviewed	1
6431_reviewed	10921_reviewed	1
6197_reviewed	5170_reviewed	1
6208_reviewed	3921_reviewed	1
55593_reviewed	7157_reviewed	1
29978_reviewed	224_reviewed	1
4601_reviewed	125115_reviewed	1
5468_reviewed	8202_reviewed	1
5728_reviewed	9961_reviewed	1
2811_reviewed	5295_reviewed	1
9662_reviewed	23085_reviewed	1
7001_reviewed	81567_reviewed	1
4780_reviewed	999_reviewed	1
1080_reviewed	29927_reviewed	1
10811_reviewed	27035_reviewed	1
29941_reviewed	79658_reviewed	1
5119_reviewed	5119_reviewed	1
2034_reviewed	8517_reviewed	1
6714_reviewed	5770_reviewed	1
51574_reviewed	23107_reviewed	1
9686_reviewed	8237_reviewed	1
114907_reviewed	1487_reviewed	1
115509_reviewed	4691_reviewed	1
5800_reviewed	6388_reviewed	1
7278_reviewed	9111_reviewed	1
23327_reviewed	2287_reviewed	1
821_reviewed	23592_reviewed	1
10933_reviewed	10933_reviewed	1
6627_reviewed	51362_reviewed	1
10014_reviewed	10014_reviewed	1
55198_reviewed	5867_reviewed	0
4089_reviewed	8312_reviewed	0
55765_reviewed	8945_reviewed	1
10450_reviewed	9716_reviewed	1
4796_reviewed	4171_reviewed	1
51720_reviewed	6256_reviewed	0
3312_reviewed	829_reviewed	1
51177_reviewed	5705_reviewed	1
11130_reviewed	57405_reviewed	1
6301_reviewed	6897_reviewed	1
5830_reviewed	55825_reviewed	1
57506_reviewed	7186_reviewed	1
6801_reviewed	7203_reviewed	1
57109_reviewed	2100_reviewed	1
26168_reviewed	149628_reviewed	1
4609_reviewed	3066_reviewed	1
8841_reviewed	1620_reviewed	1
22976_reviewed	80162_reviewed	1
4145_reviewed	4914_reviewed	1
79602_reviewed	26060_reviewed	1
5690_reviewed	5711_reviewed	1
4306_reviewed	8648_reviewed	1
10673_reviewed	10527_reviewed	1
329_reviewed	1869_reviewed	1
10618_reviewed	58533_reviewed	1
30011_reviewed	867_reviewed	1
6205_reviewed	6187_reviewed	1
4193_reviewed	149628_reviewed	1
80230_reviewed	8120_reviewed	1
10539_reviewed	83755_reviewed	1
5886_reviewed	5705_reviewed	1
22832_reviewed	165055_reviewed	1
10291_reviewed	23451_reviewed	1
79031_reviewed	10574_reviewed	1
51592_reviewed	56919_reviewed	1
1487_reviewed	10320_reviewed	1
25942_reviewed	7050_reviewed	1
5747_reviewed	3717_reviewed	1
3845_reviewed	1500_reviewed	1
10006_reviewed	8936_reviewed	1
7317_reviewed	7332_reviewed	1
5698_reviewed	10197_reviewed	1
4610_reviewed	4149_reviewed	1
6625_reviewed	23367_reviewed	1
3845_reviewed	253832_reviewed	1
4613_reviewed	4841_reviewed	1
7428_reviewed	10574_reviewed	1
9873_reviewed	7415_reviewed	1
367_reviewed	9759_reviewed	1
4790_reviewed	4221_reviewed	1
3265_reviewed	6558_reviewed	1
9306_reviewed	23186_reviewed	1
27429_reviewed	57805_reviewed	1
585_reviewed	1639_reviewed	1
4716_reviewed	54539_reviewed	1
51177_reviewed	207_reviewed	1
331_reviewed	3178_reviewed	1
8428_reviewed	5518_reviewed	1
5300_reviewed	133619_reviewed	1
25999_reviewed	208_reviewed	1
142_reviewed	8517_reviewed	1
5925_reviewed	8900_reviewed	1
151987_reviewed	50628_reviewed	1
9531_reviewed	126393_reviewed	1
29128_reviewed	8237_reviewed	1
3621_reviewed	84312_reviewed	1
9203_reviewed	84142_reviewed	1
10980_reviewed	9886_reviewed	1
7681_reviewed	26121_reviewed	1
2674_reviewed	2668_reviewed	1
382_reviewed	9043_reviewed	1
55603_reviewed	64778_reviewed	1
4722_reviewed	4535_reviewed	1
11124_reviewed	8772_reviewed	1
6733_reviewed	6625_reviewed	1
79447_reviewed	8648_reviewed	1
7329_reviewed	5325_reviewed	1
6134_reviewed	6187_reviewed	1
3192_reviewed	6175_reviewed	1
3006_reviewed	23512_reviewed	1
9958_reviewed	6737_reviewed	1
10625_reviewed	11100_reviewed	1
9734_reviewed	3065_reviewed	1
1278_reviewed	6449_reviewed	1
5905_reviewed	5901_reviewed	1
51574_reviewed	10121_reviewed	1
9306_reviewed	55735_reviewed	1
10733_reviewed	10733_reviewed	1
8481_reviewed	9212_reviewed	1
79968_reviewed	3070_reviewed	1
2091_reviewed	51602_reviewed	1
7337_reviewed	1499_reviewed	1
10426_reviewed	80097_reviewed	1
1025_reviewed	11140_reviewed	1
132320_reviewed	55857_reviewed	1
5682_reviewed	5682_reviewed	1
5077_reviewed	4223_reviewed	1
7415_reviewed	4193_reviewed	1
6222_reviewed	6202_reviewed	1
7536_reviewed	2130_reviewed	1
23636_reviewed	9972_reviewed	1
5597_reviewed	335_reviewed	1
51574_reviewed	9972_reviewed	1
4092_reviewed	10987_reviewed	1
4609_reviewed	91754_reviewed	1
60_reviewed	857_reviewed	1
65018_reviewed	89941_reviewed	1
899_reviewed	3516_reviewed	1
29803_reviewed	51053_reviewed	1
7251_reviewed	867_reviewed	1
468_reviewed	2353_reviewed	1
3320_reviewed	7182_reviewed	1
132320_reviewed	54951_reviewed	1
5144_reviewed	9276_reviewed	0
1615_reviewed	7511_reviewed	1
8850_reviewed	6883_reviewed	1
5618_reviewed	7409_reviewed	1
2690_reviewed	8651_reviewed	1
6598_reviewed	605_reviewed	1
6242_reviewed	387_reviewed	1
7189_reviewed	7128_reviewed	1
7428_reviewed	5702_reviewed	1
4956_reviewed	8851_reviewed	1
55252_reviewed	221656_reviewed	1
1027_reviewed	1021_reviewed	1
10421_reviewed	9785_reviewed	1
81_reviewed	9124_reviewed	1
84263_reviewed	25934_reviewed	1
3735_reviewed	4141_reviewed	1
30818_reviewed	5663_reviewed	1
9191_reviewed	9330_reviewed	1
55014_reviewed	64601_reviewed	1
6497_reviewed	7046_reviewed	1
3190_reviewed	11338_reviewed	1
5982_reviewed	5984_reviewed	1
55971_reviewed	4193_reviewed	1
9444_reviewed	10498_reviewed	1
2547_reviewed	6767_reviewed	1
2885_reviewed	10342_reviewed	1
1956_reviewed	4215_reviewed	1
4087_reviewed	11059_reviewed	1
65005_reviewed	124995_reviewed	1
4839_reviewed	6194_reviewed	1
6917_reviewed	2960_reviewed	1
1846_reviewed	89891_reviewed	1
91_reviewed	90_reviewed	1
10498_reviewed	8648_reviewed	1
7138_reviewed	7138_reviewed	1
2965_reviewed	2960_reviewed	1
5241_reviewed	6714_reviewed	1
3066_reviewed	54531_reviewed	1
3205_reviewed	7205_reviewed	1
9775_reviewed	6428_reviewed	1
1874_reviewed	3065_reviewed	1
7179_reviewed	51495_reviewed	1
6615_reviewed	377630_reviewed	1
51300_reviewed	29078_reviewed	1
56155_reviewed	55165_reviewed	1
8175_reviewed	7307_reviewed	1
10016_reviewed	311_reviewed	1
3554_reviewed	7189_reviewed	1
126074_reviewed	5890_reviewed	1
9595_reviewed	8651_reviewed	1
23097_reviewed	90390_reviewed	1
55233_reviewed	26524_reviewed	1
22981_reviewed	23322_reviewed	1
26232_reviewed	2706_reviewed	1
23648_reviewed	64843_reviewed	1
4093_reviewed	55170_reviewed	1
10010_reviewed	7186_reviewed	1
9367_reviewed	9367_reviewed	1
23327_reviewed	388_reviewed	1
2908_reviewed	8202_reviewed	1
5565_reviewed	121268_reviewed	1
25820_reviewed	1894_reviewed	1
7010_reviewed	284_reviewed	1
10120_reviewed	11258_reviewed	1
5873_reviewed	54843_reviewed	1
55081_reviewed	80173_reviewed	1
201163_reviewed	3320_reviewed	1
10253_reviewed	2885_reviewed	1
3265_reviewed	3845_reviewed	1
10672_reviewed	5962_reviewed	1
4188_reviewed	9841_reviewed	1
83593_reviewed	8945_reviewed	1
5071_reviewed	9463_reviewed	1
7874_reviewed	115426_reviewed	1
4223_reviewed	9921_reviewed	1
4082_reviewed	10140_reviewed	1
25980_reviewed	23154_reviewed	1
2886_reviewed	5747_reviewed	1
3654_reviewed	10133_reviewed	1
1459_reviewed	4691_reviewed	1
5514_reviewed	5514_reviewed	1
6625_reviewed	23609_reviewed	1
7534_reviewed	7534_reviewed	1
815_reviewed	2904_reviewed	1
7528_reviewed	3207_reviewed	1
3552_reviewed	4692_reviewed	1
80854_reviewed	23411_reviewed	1
8945_reviewed	23512_reviewed	1
5565_reviewed	1460_reviewed	1
6647_reviewed	8407_reviewed	1
84219_reviewed	54468_reviewed	1
29883_reviewed	246175_reviewed	1
1915_reviewed	3608_reviewed	1
5295_reviewed	7454_reviewed	1
10551_reviewed	3312_reviewed	1
1410_reviewed	4191_reviewed	1
498_reviewed	513_reviewed	1
11051_reviewed	10498_reviewed	1
6478_reviewed	7329_reviewed	1
55577_reviewed	84708_reviewed	1
23411_reviewed	1457_reviewed	1
7128_reviewed	8887_reviewed	1
3172_reviewed	405_reviewed	1
51574_reviewed	55720_reviewed	1
10589_reviewed	6908_reviewed	1
200933_reviewed	6500_reviewed	1
135138_reviewed	10576_reviewed	1
2177_reviewed	55120_reviewed	1
49856_reviewed	152185_reviewed	1
8535_reviewed	1488_reviewed	1
7128_reviewed	7157_reviewed	1
3090_reviewed	23411_reviewed	1
1017_reviewed	51343_reviewed	1
11033_reviewed	5587_reviewed	1
8626_reviewed	2521_reviewed	1
7004_reviewed	117178_reviewed	1
5896_reviewed	1642_reviewed	1
1080_reviewed	1180_reviewed	0
4734_reviewed	8650_reviewed	1
5781_reviewed	6776_reviewed	1
9040_reviewed	53339_reviewed	1
1027_reviewed	8454_reviewed	1
5175_reviewed	5335_reviewed	1
51665_reviewed	8065_reviewed	1
64127_reviewed	51510_reviewed	1
9128_reviewed	9410_reviewed	1
7813_reviewed	9212_reviewed	1
3308_reviewed	23640_reviewed	1
6885_reviewed	6885_reviewed	1
115426_reviewed	1017_reviewed	1
4868_reviewed	821_reviewed	1
2091_reviewed	55646_reviewed	1
348995_reviewed	79902_reviewed	1
2911_reviewed	10133_reviewed	1
25999_reviewed	207_reviewed	1
117178_reviewed	87_reviewed	1
26524_reviewed	9113_reviewed	1
2113_reviewed	5598_reviewed	1
5356_reviewed	4670_reviewed	1
5087_reviewed	4193_reviewed	1
1398_reviewed	2260_reviewed	1
8517_reviewed	4793_reviewed	1
9355_reviewed	10370_reviewed	1
57178_reviewed	367_reviewed	1
8829_reviewed	7046_reviewed	1
57820_reviewed	57820_reviewed	1
159_reviewed	6050_reviewed	1
11074_reviewed	114548_reviewed	1
7531_reviewed	678_reviewed	1
2908_reviewed	10432_reviewed	1
7704_reviewed	7421_reviewed	1
7161_reviewed	8850_reviewed	1
8409_reviewed	5434_reviewed	1
10413_reviewed	55327_reviewed	1
1025_reviewed	8878_reviewed	1
51171_reviewed	51171_reviewed	1
4609_reviewed	871_reviewed	1
916_reviewed	10849_reviewed	1
1728_reviewed	4193_reviewed	0
7157_reviewed	7709_reviewed	1
5883_reviewed	4436_reviewed	1
51520_reviewed	5859_reviewed	1
8087_reviewed	2332_reviewed	1
9878_reviewed	54971_reviewed	1
51552_reviewed	26056_reviewed	1
8450_reviewed	8450_reviewed	1
5977_reviewed	6945_reviewed	0
821_reviewed	10328_reviewed	1
6461_reviewed	7409_reviewed	1
5886_reviewed	4193_reviewed	1
3178_reviewed	23196_reviewed	1
6431_reviewed	8996_reviewed	0
4615_reviewed	8405_reviewed	1
79867_reviewed	9789_reviewed	1
4773_reviewed	359948_reviewed	1
1161_reviewed	57654_reviewed	1
4193_reviewed	1719_reviewed	1
2885_reviewed	644150_reviewed	1
26136_reviewed	10881_reviewed	1
387893_reviewed	8945_reviewed	1
1956_reviewed	11122_reviewed	1
23476_reviewed	5982_reviewed	1
7518_reviewed	274_reviewed	1
79657_reviewed	116143_reviewed	1
8651_reviewed	64581_reviewed	1
166_reviewed	64098_reviewed	1
267_reviewed	4287_reviewed	1
3550_reviewed	55234_reviewed	1
22803_reviewed	23435_reviewed	1
7186_reviewed	958_reviewed	1
5468_reviewed	3065_reviewed	1
768_reviewed	6520_reviewed	1
6136_reviewed	6130_reviewed	1
10336_reviewed	64319_reviewed	1
4615_reviewed	51135_reviewed	1
56916_reviewed	142_reviewed	1
10134_reviewed	596_reviewed	1
10241_reviewed	80028_unreviewed	1
6124_reviewed	6125_reviewed	1
4342_reviewed	4654_reviewed	1
2100_reviewed	23107_reviewed	1
9531_reviewed	1398_reviewed	1
2289_reviewed	54583_reviewed	1
8450_reviewed	5931_reviewed	1
196_reviewed	1499_reviewed	1
8850_reviewed	8202_reviewed	1
10856_reviewed	283899_reviewed	1
56288_reviewed	84552_reviewed	1
5894_reviewed	3312_reviewed	1
5077_reviewed	51343_reviewed	1
2017_reviewed	10013_reviewed	1
26276_reviewed	63894_reviewed	1
4771_reviewed	6386_reviewed	1
3312_reviewed	9531_reviewed	1
6152_reviewed	3921_reviewed	1
4609_reviewed	817_reviewed	1
2898_reviewed	6386_reviewed	1
6877_reviewed	6879_reviewed	1
5819_reviewed	25945_reviewed	1
8467_reviewed	5928_reviewed	1
7316_reviewed	51160_reviewed	1
1956_reviewed	5979_reviewed	1
5893_reviewed	3308_reviewed	1
7283_reviewed	3329_reviewed	1
8878_reviewed	5607_reviewed	1
10241_reviewed	112858_reviewed	1
79902_reviewed	3837_reviewed	1
5578_reviewed	10013_reviewed	1
2885_reviewed	9050_reviewed	1
3192_reviewed	5984_reviewed	1
114088_reviewed	1630_reviewed	1
5704_reviewed	5685_reviewed	1
2324_reviewed	7423_reviewed	0
7013_reviewed	51667_reviewed	1
10971_reviewed	498_reviewed	1
6717_reviewed	25801_reviewed	1
51548_reviewed	7337_reviewed	1
4942_reviewed	2805_reviewed	1
1499_reviewed	9368_reviewed	1
7879_reviewed	11331_reviewed	1
1600_reviewed	6477_reviewed	1
3842_reviewed	10527_reviewed	1
7189_reviewed	6885_reviewed	1
2273_reviewed	4089_reviewed	1
10524_reviewed	50943_reviewed	1
10540_reviewed	10671_reviewed	1
138151_reviewed	3066_reviewed	1
5562_reviewed	3320_reviewed	1
9531_reviewed	10018_reviewed	1
55159_reviewed	4193_reviewed	1
3396_reviewed	6150_reviewed	1
5451_reviewed	2597_reviewed	1
863_reviewed	3065_reviewed	1
2956_reviewed	641_reviewed	1
3791_reviewed	5228_reviewed	0
6591_reviewed	51588_reviewed	1
7317_reviewed	55284_reviewed	1
197370_reviewed	197370_reviewed	1
79727_reviewed	55720_reviewed	1
8487_reviewed	6638_reviewed	1
10273_reviewed	7189_reviewed	1
9404_reviewed	130271_reviewed	1
10969_reviewed	3692_reviewed	1
85457_reviewed	9575_reviewed	1
25816_reviewed	29079_reviewed	1
6714_reviewed	79065_reviewed	1
6738_reviewed	6741_reviewed	1
5784_reviewed	154796_reviewed	1
10273_reviewed	9532_reviewed	1
23371_reviewed	29086_reviewed	1
26061_reviewed	26061_reviewed	1
9759_reviewed	4209_reviewed	1
7157_reviewed	3308_reviewed	1
1656_reviewed	56478_reviewed	1
80789_reviewed	55756_reviewed	1
329_reviewed	56616_reviewed	1
596_reviewed	596_reviewed	1
11091_reviewed	139231_reviewed	1
22981_reviewed	1639_reviewed	1
5683_reviewed	55294_reviewed	1
149041_reviewed	6204_reviewed	1
8898_reviewed	8776_reviewed	1
51377_reviewed	5717_reviewed	1
2078_reviewed	3181_reviewed	1
5716_reviewed	5719_reviewed	1
5371_reviewed	1457_reviewed	1
10528_reviewed	6132_reviewed	1
9319_reviewed	9319_reviewed	1
54472_reviewed	1477_reviewed	1
2521_reviewed	10492_reviewed	1
6132_reviewed	6191_reviewed	1
3265_reviewed	65979_reviewed	1
3315_reviewed	10946_reviewed	1
10273_reviewed	10840_reviewed	1
7415_reviewed	11200_reviewed	1
57521_reviewed	64798_reviewed	1
8148_reviewed	6877_reviewed	1
5777_reviewed	5163_reviewed	1
10465_reviewed	24148_reviewed	0
57521_reviewed	64121_reviewed	1
83605_reviewed	889_reviewed	1
5468_reviewed	6604_reviewed	1
55743_reviewed	5347_reviewed	1
5531_reviewed	7203_reviewed	1
4869_reviewed	10361_reviewed	1
9500_reviewed	9025_reviewed	1
5728_reviewed	51434_reviewed	1
79589_reviewed	55611_reviewed	1
51574_reviewed	6627_reviewed	1
10528_reviewed	6202_reviewed	1
51377_reviewed	5709_reviewed	1
7412_reviewed	4691_reviewed	1
149041_reviewed	9337_reviewed	1
5977_reviewed	6598_reviewed	1
4205_reviewed	9421_reviewed	1
991_reviewed	29882_reviewed	1
641_reviewed	7014_reviewed	1
5888_reviewed	5422_reviewed	1
93492_reviewed	81624_reviewed	1
5052_reviewed	2597_reviewed	1
7157_reviewed	7150_reviewed	1
8740_reviewed	8771_reviewed	1
54998_reviewed	64965_reviewed	1
842_reviewed	22861_reviewed	1
6147_reviewed	6205_reviewed	1
8570_reviewed	3178_reviewed	1
991_reviewed	3297_reviewed	1
5300_reviewed	83637_reviewed	1
634_reviewed	1088_reviewed	1
6732_reviewed	6625_reviewed	1
6502_reviewed	997_reviewed	1
7415_reviewed	58489_reviewed	1
8431_reviewed	23411_reviewed	1
22893_reviewed	3066_reviewed	1
6749_reviewed	4176_reviewed	1
6304_reviewed	55031_reviewed	1
958_reviewed	27429_reviewed	1
2740_reviewed	9568_reviewed	1
4893_reviewed	9230_reviewed	1
54971_reviewed	4193_reviewed	1
84676_reviewed	84675_reviewed	1
10920_reviewed	2873_reviewed	1
22863_reviewed	30849_reviewed	1
8626_reviewed	1616_reviewed	1
5017_reviewed	3065_reviewed	1
6447_reviewed	56893_reviewed	1
6461_reviewed	5295_reviewed	1
3192_reviewed	23788_reviewed	1
7528_reviewed	56647_reviewed	1
29843_reviewed	29843_reviewed	1
841_reviewed	8878_reviewed	1
3320_reviewed	207_reviewed	1
4676_reviewed	4691_reviewed	1
7337_reviewed	29978_reviewed	1
80254_reviewed	10464_reviewed	1
902_reviewed	1017_reviewed	1
9802_reviewed	54472_reviewed	1
83903_reviewed	23047_reviewed	1
10953_reviewed	51382_reviewed	1
50813_reviewed	53339_reviewed	1
11140_reviewed	10598_reviewed	1
5194_reviewed	5195_reviewed	1
5144_reviewed	5048_reviewed	1
7415_reviewed	9024_reviewed	1
1994_reviewed	3190_reviewed	1
5705_reviewed	6667_reviewed	1
26272_reviewed	26272_reviewed	1
8792_reviewed	7189_reviewed	1
4751_reviewed	4751_reviewed	1
2099_reviewed	6175_reviewed	1
5093_reviewed	81844_reviewed	1
6310_reviewed	8161_reviewed	1
4193_reviewed	2309_reviewed	1
824_reviewed	57326_reviewed	1
8772_reviewed	6737_reviewed	1
11186_reviewed	387_reviewed	1
4613_reviewed	4734_reviewed	1
8648_reviewed	5915_reviewed	1
2042_reviewed	1948_reviewed	1
132320_reviewed	60412_reviewed	1
1956_reviewed	7251_reviewed	1
79184_reviewed	84142_reviewed	1
6654_reviewed	6464_reviewed	1
4292_reviewed	55086_reviewed	1
1017_reviewed	7170_reviewed	1
79661_reviewed	3980_reviewed	1
51070_reviewed	5518_reviewed	1
10971_reviewed	2100_reviewed	1
5499_reviewed	81566_reviewed	1
23636_reviewed	4691_reviewed	1
10618_reviewed	6643_reviewed	1
84101_reviewed	1069_reviewed	1
8165_reviewed	5576_reviewed	1
7528_reviewed	7528_reviewed	1
10614_reviewed	1917_reviewed	1
5565_reviewed	415117_reviewed	1
3717_reviewed	3667_reviewed	1
7415_reviewed	84328_reviewed	1
54455_reviewed	7157_reviewed	1
1643_reviewed	9318_reviewed	1
22948_reviewed	7203_reviewed	1
30011_reviewed	1508_reviewed	1
10363_reviewed	1837_reviewed	1
55588_reviewed	29079_reviewed	1
10163_reviewed	51225_reviewed	1
6314_reviewed	26155_reviewed	1
27289_reviewed	468_reviewed	0
3315_reviewed	1457_reviewed	1
1874_reviewed	55837_reviewed	0
10513_reviewed	8453_reviewed	1
824_reviewed	4287_reviewed	1
6222_reviewed	6193_reviewed	1
51574_reviewed	2023_reviewed	1
56257_reviewed	3838_reviewed	1
4055_reviewed	4055_reviewed	1
8027_reviewed	10617_reviewed	1
10273_reviewed	196_reviewed	1
5129_reviewed	8266_reviewed	1
10013_reviewed	1459_reviewed	1
23118_reviewed	6047_reviewed	1
70_reviewed	10486_reviewed	1
9897_reviewed	253725_reviewed	1
1499_reviewed	51191_reviewed	1
70_reviewed	57591_reviewed	1
7706_reviewed	6122_reviewed	1
5071_reviewed	60_reviewed	1
6132_reviewed	6202_reviewed	1
5347_reviewed	4176_reviewed	1
5521_reviewed	6950_reviewed	1
5925_reviewed	1877_reviewed	1
79727_reviewed	4686_reviewed	1
6429_reviewed	8996_reviewed	0
2091_reviewed	117246_reviewed	1
81_reviewed	2099_reviewed	1
23390_reviewed	824_reviewed	1
9456_reviewed	116986_reviewed	1
408_reviewed	9406_reviewed	1
894_reviewed	1017_reviewed	1
3320_reviewed	65061_reviewed	1
5664_reviewed	80333_reviewed	1
3845_reviewed	54910_reviewed	1
5599_reviewed	351_reviewed	1
166793_reviewed	25988_reviewed	1
6004_reviewed	51573_reviewed	1
64750_reviewed	8880_reviewed	1
51588_reviewed	51176_reviewed	1
55320_reviewed	23774_reviewed	1
3164_reviewed	7186_reviewed	1
51213_reviewed	7919_reviewed	1
4609_reviewed	10521_reviewed	1
81565_reviewed	10300_reviewed	1
1915_reviewed	6202_reviewed	1
23607_reviewed	5867_reviewed	1
84893_reviewed	8454_reviewed	1
7257_reviewed	9343_reviewed	1
1956_reviewed	8971_reviewed	1
6338_reviewed	29924_reviewed	1
246175_reviewed	10036_reviewed	1
1612_reviewed	1612_reviewed	1
22981_reviewed	55758_reviewed	1
3476_reviewed	10574_reviewed	1
1385_reviewed	4773_reviewed	1
5868_reviewed	80230_reviewed	1
7534_reviewed	6737_reviewed	1
23788_reviewed	7416_reviewed	1
7416_reviewed	6748_reviewed	1
65018_reviewed	3320_reviewed	1
29760_reviewed	6416_reviewed	1
10566_reviewed	54763_reviewed	1
23451_reviewed	23450_reviewed	1
5683_reviewed	5717_reviewed	1
3265_reviewed	949_reviewed	1
9477_reviewed	9282_reviewed	1
23429_reviewed	84733_reviewed	1
6117_reviewed	6596_reviewed	1
80306_reviewed	81857_reviewed	1
10971_reviewed	1674_reviewed	1
5889_reviewed	5890_reviewed	1
65109_reviewed	26019_reviewed	1
6885_reviewed	3654_reviewed	1
1459_reviewed	55216_reviewed	1
5499_reviewed	5500_reviewed	1
2060_reviewed	1173_reviewed	1
8065_reviewed	8533_reviewed	1
9924_reviewed	255967_reviewed	1
6603_reviewed	6598_reviewed	1
7337_reviewed	367_reviewed	1
3654_reviewed	10963_reviewed	1
6774_reviewed	4654_reviewed	1
367_reviewed	2308_reviewed	1
6144_reviewed	3921_reviewed	1
23322_reviewed	79848_reviewed	1
2885_reviewed	5295_reviewed	1
6452_reviewed	28988_reviewed	1
9689_reviewed	28969_reviewed	1
79583_reviewed	27077_reviewed	1
641_reviewed	9156_reviewed	1
3726_reviewed	57154_reviewed	1
10551_reviewed	10574_reviewed	1
3977_reviewed	1271_reviewed	1
55835_reviewed	22994_reviewed	1
4582_reviewed	5580_reviewed	1
23028_reviewed	7764_reviewed	1
59349_reviewed	8452_reviewed	1
2065_reviewed	4734_reviewed	1
8570_reviewed	59349_reviewed	1
8945_reviewed	993_reviewed	1
7337_reviewed	51377_reviewed	1
5563_reviewed	7205_reviewed	1
1051_reviewed	1050_reviewed	1
5685_reviewed	5684_reviewed	1
6304_reviewed	8554_reviewed	1
3091_reviewed	6774_reviewed	1
5687_reviewed	5689_reviewed	1
221302_reviewed	7316_reviewed	1
10459_reviewed	51455_reviewed	1
5579_reviewed	55072_reviewed	1
4916_reviewed	25920_reviewed	1
6714_reviewed	5175_reviewed	1
2070_reviewed	51804_reviewed	1
64092_reviewed	8819_reviewed	1
6134_reviewed	6207_reviewed	1
1956_reviewed	2099_reviewed	1
5395_reviewed	5111_reviewed	1
581_reviewed	581_reviewed	1
25820_reviewed	55975_reviewed	1
51574_reviewed	10614_reviewed	1
6142_reviewed	6134_reviewed	1
1499_reviewed	3845_reviewed	1
27044_reviewed	10146_reviewed	1
5371_reviewed	8312_reviewed	1
54505_reviewed	9400_reviewed	1
6470_reviewed	6472_reviewed	1
221120_reviewed	54726_reviewed	1
2885_reviewed	5291_reviewed	1
4149_reviewed	84108_reviewed	1
8507_reviewed	8507_reviewed	1
1800_reviewed	1800_reviewed	1
6136_reviewed	6138_reviewed	1
5594_reviewed	4261_reviewed	1
93624_reviewed	6881_reviewed	1
2120_reviewed	7329_reviewed	1
10664_reviewed	5888_reviewed	1
4988_reviewed	6477_reviewed	1
6139_reviewed	6189_reviewed	1
9129_reviewed	6625_reviewed	1
7329_reviewed	10320_reviewed	1
8945_reviewed	5710_reviewed	1
6189_reviewed	6202_reviewed	1
4089_reviewed	7528_reviewed	1
51076_reviewed	51324_reviewed	1
3872_reviewed	11007_reviewed	1
843_reviewed	841_reviewed	1
4869_reviewed	7020_reviewed	1
4683_reviewed	7283_reviewed	1
3646_reviewed	8669_reviewed	1
7157_reviewed	10537_reviewed	1
1788_reviewed	8535_reviewed	1
3551_reviewed	3551_reviewed	1
7409_reviewed	5594_reviewed	1
4690_reviewed	8651_reviewed	1
2353_reviewed	4772_reviewed	1
4176_reviewed	4176_reviewed	1
60485_reviewed	4734_reviewed	1
65005_reviewed	10573_reviewed	1
5770_reviewed	27333_reviewed	1
5500_reviewed	5504_reviewed	1
5683_reviewed	5690_reviewed	1
5531_reviewed	261726_reviewed	1
7871_reviewed	6789_reviewed	1
3516_reviewed	5932_reviewed	0
1973_reviewed	1974_reviewed	1
2740_reviewed	64834_reviewed	1
5261_reviewed	5256_reviewed	1
7403_reviewed	5929_reviewed	1
6720_reviewed	9862_reviewed	1
8450_reviewed	6428_reviewed	1
83737_reviewed	51684_reviewed	1
4654_reviewed	6929_reviewed	1
1499_reviewed	3945_reviewed	1
7182_reviewed	2547_reviewed	1
63943_reviewed	10598_reviewed	1
3845_reviewed	7289_reviewed	1
2060_reviewed	160_reviewed	1
317_reviewed	3308_reviewed	1
79727_reviewed	23029_reviewed	1
11030_reviewed	23583_reviewed	1
6185_reviewed	1650_reviewed	1
7124_reviewed	55072_reviewed	1
6647_reviewed	5236_reviewed	1
5934_reviewed	6502_reviewed	1
3603_reviewed	3312_reviewed	1
6464_reviewed	25_reviewed	1
7629_reviewed	8554_reviewed	1
10488_reviewed	358_reviewed	1
26258_reviewed	63915_reviewed	1
5431_reviewed	5434_reviewed	1
6780_reviewed	6128_reviewed	1
22978_reviewed	29922_reviewed	1
160851_reviewed	160851_reviewed	1
79058_reviewed	4905_reviewed	1
7385_reviewed	509_reviewed	1
84062_reviewed	2647_reviewed	1
10551_reviewed	6421_reviewed	1
8805_reviewed	6774_reviewed	1
515_reviewed	4715_reviewed	1
3817_reviewed	5269_reviewed	1
51647_reviewed	64210_reviewed	1
7376_reviewed	23028_reviewed	1
5684_reviewed	3190_reviewed	1
580_reviewed	3958_reviewed	1
1457_reviewed	4673_reviewed	1
6122_reviewed	6125_reviewed	1
8073_reviewed	5876_reviewed	1
83737_reviewed	8626_reviewed	1
5777_reviewed	5295_reviewed	1
9097_reviewed	5693_reviewed	1
57129_reviewed	9801_reviewed	1
1956_reviewed	5599_reviewed	1
23411_reviewed	6935_reviewed	1
5888_reviewed	7517_reviewed	1
6125_reviewed	10927_reviewed	1
29110_reviewed	10241_reviewed	1
9646_reviewed	80349_reviewed	1
11059_reviewed	57142_reviewed	1
602_reviewed	4790_reviewed	1
4689_reviewed	2547_reviewed	1
4736_reviewed	4869_reviewed	1
9575_reviewed	1454_reviewed	1
6625_reviewed	11338_reviewed	1
1994_reviewed	6780_reviewed	1
7706_reviewed	9520_reviewed	1
2516_reviewed	190_reviewed	1
10713_reviewed	9128_reviewed	1
81847_reviewed	8658_reviewed	1
3480_reviewed	6135_reviewed	1
5036_reviewed	4691_reviewed	1
3845_reviewed	1362_reviewed	1
408_reviewed	84717_reviewed	1
10495_reviewed	55068_reviewed	1
55527_reviewed	5734_reviewed	1
481_reviewed	7416_reviewed	1
847_reviewed	27_reviewed	1
821_reviewed	26958_reviewed	1
10188_reviewed	4067_reviewed	1
4750_reviewed	9637_reviewed	1
7186_reviewed	10024_reviewed	1
7337_reviewed	5687_reviewed	1
7706_reviewed	3312_reviewed	1
5997_reviewed	5592_reviewed	1
1977_reviewed	10273_reviewed	1
57178_reviewed	3516_reviewed	1
123879_reviewed	8453_reviewed	1
7706_reviewed	6202_reviewed	1
8575_reviewed	79009_reviewed	1
3784_reviewed	5566_reviewed	1
23030_reviewed	2099_reviewed	1
3921_reviewed	51574_reviewed	1
4193_reviewed	11186_reviewed	1
7157_reviewed	55611_reviewed	1
3717_reviewed	2057_reviewed	1
1848_reviewed	1848_reviewed	0
5829_reviewed	81847_reviewed	1
9021_reviewed	7027_reviewed	1
115650_reviewed	7187_reviewed	1
1111_reviewed	5888_reviewed	1
1147_reviewed	84433_reviewed	1
2908_reviewed	10499_reviewed	1
51692_reviewed	1478_reviewed	1
10524_reviewed	322_reviewed	1
1737_reviewed	5162_reviewed	1
55844_reviewed	2296_reviewed	1
23291_reviewed	1495_reviewed	1
9861_reviewed	5719_reviewed	1
4683_reviewed	83990_reviewed	1
2781_reviewed	8601_reviewed	1
4110_reviewed	6770_reviewed	1
4176_reviewed	3091_reviewed	1
3688_reviewed	3680_reviewed	1
3303_unreviewed	4217_reviewed	1
10213_reviewed	5718_reviewed	1
79155_reviewed	5202_reviewed	1
253714_reviewed	6117_reviewed	1
5499_reviewed	163882_reviewed	1
10672_reviewed	6915_reviewed	1
11124_reviewed	11124_reviewed	1
9531_reviewed	28988_reviewed	1
5265_reviewed	27248_reviewed	1
51701_reviewed	4303_reviewed	1
10286_reviewed	56259_reviewed	1
355_reviewed	5599_reviewed	1
54534_reviewed	51318_reviewed	1
988_reviewed	9814_reviewed	1
6135_reviewed	6191_reviewed	1
6790_reviewed	11011_reviewed	1
23291_reviewed	9663_reviewed	1
2623_reviewed	23414_reviewed	1
1028_reviewed	1869_reviewed	1
9391_reviewed	6059_reviewed	1
6386_reviewed	9240_reviewed	1
3065_reviewed	79813_reviewed	1
23243_reviewed	9181_reviewed	1
5830_reviewed	5828_reviewed	1
7704_reviewed	10159_reviewed	1
9832_reviewed	26121_reviewed	1
51438_reviewed	10771_reviewed	1
5538_reviewed	7425_reviewed	1
23582_reviewed	199692_reviewed	1
2962_reviewed	9150_reviewed	1
2091_reviewed	10664_reviewed	1
3845_reviewed	29914_reviewed	1
8504_reviewed	8504_reviewed	0
6293_reviewed	10193_reviewed	1
7088_reviewed	27287_reviewed	1
29110_reviewed	57534_reviewed	1
6464_reviewed	1173_reviewed	1
6915_reviewed	23322_reviewed	1
8575_reviewed	8575_reviewed	1
11319_reviewed	741_reviewed	1
5686_reviewed	5685_reviewed	1
8439_reviewed	7132_reviewed	1
6134_reviewed	6138_reviewed	1
4088_reviewed	1455_reviewed	1
51574_reviewed	10051_reviewed	1
3646_reviewed	8664_reviewed	1
54520_reviewed	404636_reviewed	1
821_reviewed	515_reviewed	1
5684_reviewed	5684_reviewed	1
6502_reviewed	367_reviewed	1
5713_reviewed	5714_reviewed	1
5700_reviewed	6839_reviewed	1
495_reviewed	8766_reviewed	1
10393_reviewed	29945_reviewed	1
147_reviewed	6004_reviewed	0
5071_reviewed	9319_reviewed	1
5292_reviewed	27044_reviewed	1
8945_reviewed	133584_reviewed	1
5111_reviewed	3978_reviewed	1
5515_reviewed	7203_reviewed	1
2099_reviewed	10096_reviewed	1
25879_reviewed	10607_reviewed	1
1080_reviewed	5692_reviewed	1
1432_reviewed	7248_reviewed	1
1956_reviewed	868_reviewed	1
9255_reviewed	5859_reviewed	1
55072_reviewed	8737_reviewed	1
25_reviewed	84959_reviewed	1
115509_reviewed	3192_reviewed	1
27161_reviewed	150472_reviewed	1
4893_reviewed	5910_reviewed	1
6494_reviewed	23476_reviewed	1
6657_reviewed	23028_reviewed	1
57646_reviewed	7316_reviewed	1
9013_reviewed	6908_reviewed	1
51741_reviewed	81608_reviewed	1
3169_reviewed	80829_reviewed	1
4609_reviewed	79711_reviewed	1
7874_reviewed	10916_reviewed	1
7320_reviewed	5111_reviewed	1
5700_reviewed	573_reviewed	1
196_reviewed	10607_reviewed	1
79184_reviewed	29086_reviewed	1
55388_reviewed	351_reviewed	1
4296_reviewed	11140_reviewed	1
10856_reviewed	10919_reviewed	1
4088_reviewed	8878_reviewed	1
10971_reviewed	5230_reviewed	1
5706_reviewed	5691_reviewed	1
7695_reviewed	80321_reviewed	1
367_reviewed	7874_reviewed	1
6133_reviewed	6207_reviewed	1
8408_reviewed	79594_reviewed	1
8878_reviewed	8878_reviewed	1
958_reviewed	56616_reviewed	1
3312_reviewed	22870_reviewed	1
2275_reviewed	1488_reviewed	1
4000_reviewed	51759_reviewed	1
890_reviewed	1028_reviewed	1
55188_reviewed	2776_reviewed	1
9025_reviewed	11200_reviewed	1
51574_reviewed	6182_reviewed	1
29915_reviewed	11091_reviewed	1
6885_reviewed	2648_reviewed	1
1026_reviewed	63943_reviewed	1
4100_reviewed	56904_reviewed	1
705_reviewed	10024_reviewed	1
51741_reviewed	10188_reviewed	1
23764_reviewed	4779_reviewed	1
3609_reviewed	6625_reviewed	1
7316_reviewed	47_reviewed	1
55893_reviewed	8819_reviewed	1
59348_reviewed	59348_reviewed	1
891_reviewed	1026_reviewed	1
1915_reviewed	6205_reviewed	1
56851_reviewed	23065_reviewed	1
4168_reviewed	4168_reviewed	1
65018_reviewed	23098_reviewed	1
9402_reviewed	2064_reviewed	1
5468_reviewed	6778_reviewed	1
51514_reviewed	7157_reviewed	1
70_reviewed	6598_reviewed	1
5300_reviewed	3725_reviewed	1
5292_reviewed	3320_reviewed	1
23107_reviewed	7818_reviewed	1
23328_reviewed	10445_reviewed	1
150684_reviewed	8454_reviewed	1
1653_reviewed	1478_reviewed	1
2923_reviewed	6892_reviewed	1
140465_reviewed	7157_reviewed	1
8379_reviewed	3066_reviewed	1
56413_reviewed	56413_reviewed	1
1051_reviewed	2908_reviewed	1
9128_reviewed	26121_reviewed	1
5515_reviewed	29966_reviewed	1
919_reviewed	7535_reviewed	1
9111_reviewed	11117_reviewed	1
4967_reviewed	5160_reviewed	1
1080_reviewed	23344_reviewed	1
9306_reviewed	8402_reviewed	1
3192_reviewed	4609_reviewed	1
5447_reviewed	1557_reviewed	1
3265_reviewed	23670_reviewed	1
23191_reviewed	9343_reviewed	1
3689_reviewed	3383_reviewed	1
10193_reviewed	9101_reviewed	1
7428_reviewed	7411_reviewed	1
9097_reviewed	23039_reviewed	1
51300_reviewed	4704_reviewed	1
10856_reviewed	9343_reviewed	1
11060_reviewed	154796_reviewed	1
8089_reviewed	6598_reviewed	1
9861_reviewed	5717_reviewed	1
55588_reviewed	23097_reviewed	1
2885_reviewed	8853_reviewed	1
2800_reviewed	400_reviewed	1
5191_reviewed	5830_reviewed	1
6615_reviewed	6015_reviewed	1
3981_reviewed	7091_reviewed	1
2324_reviewed	2277_reviewed	1
10458_reviewed	51517_reviewed	1
29781_reviewed	54892_reviewed	1
4149_reviewed	11335_reviewed	1
2885_reviewed	6654_reviewed	1
6142_reviewed	23212_reviewed	1
5584_reviewed	50855_reviewed	1
7157_reviewed	51741_reviewed	1
84333_reviewed	57666_reviewed	1
9306_reviewed	91833_reviewed	1
22981_reviewed	26586_reviewed	1
4137_reviewed	9146_reviewed	1
515_reviewed	3329_reviewed	1
983_reviewed	2189_reviewed	1
862_reviewed	25942_reviewed	1
4170_reviewed	598_reviewed	0
2896_reviewed	905_reviewed	0
113130_reviewed	8243_reviewed	1
6839_reviewed	64919_reviewed	1
10898_reviewed	81608_reviewed	1
7128_reviewed	7316_reviewed	1
5202_reviewed	7411_reviewed	1
4091_reviewed	57154_reviewed	1
2624_reviewed	7704_reviewed	1
9306_reviewed	92609_reviewed	1
26013_reviewed	7157_reviewed	1
10456_reviewed	331_reviewed	1
4692_reviewed	22890_reviewed	1
1191_reviewed	1191_reviewed	1
4654_reviewed	5710_reviewed	1
3265_reviewed	28982_reviewed	1
5663_reviewed	11160_reviewed	1
7157_reviewed	5371_reviewed	1
57562_reviewed	57562_reviewed	0
9170_reviewed	5331_reviewed	1
10971_reviewed	8204_reviewed	1
10013_reviewed	3326_reviewed	1
5800_reviewed	23071_reviewed	1
10551_reviewed	23450_reviewed	1
5684_reviewed	3329_reviewed	1
8878_reviewed	5590_reviewed	1
5499_reviewed	1019_reviewed	1
8835_reviewed	22894_reviewed	1
84106_reviewed	6839_reviewed	1
5588_reviewed	8915_reviewed	1
6625_reviewed	4686_reviewed	1
3309_reviewed	4134_reviewed	1
595_reviewed	8945_reviewed	1
11331_reviewed	4654_reviewed	1
6194_reviewed	50809_reviewed	1
7184_reviewed	4513_reviewed	1
5087_reviewed	5316_reviewed	1
2099_reviewed	580_reviewed	1
9531_reviewed	2773_reviewed	1
2740_reviewed	5878_reviewed	1
25942_reviewed	4084_reviewed	1
51741_reviewed	6599_reviewed	1
3958_reviewed	6558_reviewed	1
9255_reviewed	1615_reviewed	1
57649_reviewed	3066_reviewed	1
5071_reviewed	7345_reviewed	1
29945_reviewed	4085_reviewed	1
4345_reviewed	131450_reviewed	1
539_reviewed	23788_reviewed	1
904_reviewed	6203_reviewed	1
54537_reviewed	10459_reviewed	1
23411_reviewed	4609_reviewed	1
4582_reviewed	25_reviewed	1
7319_reviewed	56254_reviewed	1
2932_reviewed	161882_reviewed	1
9441_reviewed	85403_reviewed	1
8850_reviewed	1017_reviewed	1
580_reviewed	4683_reviewed	1
64919_reviewed	3066_reviewed	1
64326_reviewed	10221_reviewed	1
821_reviewed	10970_reviewed	1
4690_reviewed	5747_reviewed	1
23788_reviewed	11331_reviewed	1
5594_reviewed	8870_reviewed	1
1024_reviewed	112950_reviewed	1
3396_reviewed	51253_reviewed	1
27125_reviewed	8178_reviewed	1
64127_reviewed	51024_reviewed	1
22806_reviewed	158427_reviewed	1
55054_reviewed	1457_reviewed	1
596_reviewed	637_reviewed	1
3845_reviewed	54477_reviewed	1
5784_reviewed	23286_reviewed	1
9047_reviewed	58473_reviewed	1
3662_reviewed	6778_reviewed	1
1111_reviewed	9960_reviewed	1
1453_reviewed	2697_reviewed	1
10458_reviewed	57648_reviewed	1
1134_reviewed	1144_reviewed	1
55660_reviewed	55791_reviewed	0
118427_reviewed	4653_reviewed	1
10062_reviewed	51720_reviewed	0
5294_reviewed	5296_reviewed	0
5687_reviewed	5709_reviewed	1
23411_reviewed	2034_reviewed	1
6129_reviewed	7553_reviewed	1
2562_reviewed	9495_reviewed	1
9131_reviewed	7284_reviewed	1
9990_reviewed	7410_reviewed	1
6135_reviewed	9045_reviewed	1
8266_reviewed	9217_reviewed	1
57761_reviewed	5914_reviewed	1
340061_reviewed	79594_reviewed	1
2263_reviewed	5777_reviewed	1
10616_reviewed	8737_reviewed	1
9444_reviewed	11030_reviewed	1
64326_reviewed	9961_reviewed	1
55763_reviewed	60412_reviewed	1
55929_reviewed	86_reviewed	1
10728_reviewed	5536_reviewed	1
57649_reviewed	56946_reviewed	1
7454_reviewed	10188_reviewed	1
367_reviewed	9100_reviewed	1
54840_reviewed	7157_reviewed	1
7982_reviewed	9372_reviewed	1
5693_reviewed	5713_reviewed	1
2146_reviewed	10419_reviewed	1
3480_reviewed	409_reviewed	1
1398_reviewed	613_reviewed	1
6143_reviewed	3921_reviewed	1
8507_reviewed	8452_reviewed	1
2956_reviewed	5111_reviewed	1
23097_reviewed	892_reviewed	1
28964_reviewed	5747_reviewed	1
10018_reviewed	10399_reviewed	1
6627_reviewed	56949_reviewed	1
123169_reviewed	23168_reviewed	1
5914_reviewed	6497_reviewed	1
4609_reviewed	80314_reviewed	1
4287_reviewed	292_reviewed	1
9015_reviewed	6908_reviewed	1
10273_reviewed	1576_reviewed	1
7297_reviewed	8651_reviewed	1
4739_reviewed	5747_reviewed	1
10989_reviewed	1937_reviewed	0
55038_reviewed	55844_reviewed	1
7023_reviewed	3066_reviewed	1
5595_reviewed	6860_reviewed	0
2592_reviewed	9319_reviewed	1
1385_reviewed	8030_reviewed	1
867_reviewed	6714_reviewed	1
1810_reviewed	6908_reviewed	1
254394_reviewed	10213_reviewed	1
70_reviewed	60_reviewed	1
6790_reviewed	7334_reviewed	1
4722_reviewed	51103_reviewed	1
11123_reviewed	7137_reviewed	1
3320_reviewed	558_reviewed	1
6737_reviewed	811_reviewed	1
7529_reviewed	55177_reviewed	1
7391_reviewed	9070_reviewed	1
8471_reviewed	11180_reviewed	1
2664_reviewed	7879_reviewed	1
867_reviewed	7535_reviewed	1
7157_reviewed	5111_reviewed	1
57037_reviewed	23770_reviewed	1
1499_reviewed	5929_reviewed	1
9531_reviewed	9531_reviewed	1
6835_reviewed	6125_reviewed	1
55006_reviewed	79587_reviewed	1
51185_reviewed	5562_reviewed	1
2091_reviewed	55661_reviewed	1
10465_reviewed	9129_reviewed	1
23468_reviewed	23512_reviewed	1
4089_reviewed	55729_reviewed	1
5631_reviewed	5631_reviewed	1
8607_reviewed	55164_reviewed	1
9045_reviewed	6193_reviewed	1
682_reviewed	6015_reviewed	1
4254_reviewed	4254_reviewed	1
3265_reviewed	22882_reviewed	1
1812_reviewed	1814_reviewed	1
1196_reviewed	55692_reviewed	1
54894_reviewed	6421_reviewed	1
1291_reviewed	5155_reviewed	1
11339_reviewed	11339_reviewed	1
5997_reviewed	8508_reviewed	1
8464_reviewed	1642_reviewed	1
38_reviewed	54704_reviewed	1
3190_reviewed	3190_reviewed	1
9368_reviewed	9368_reviewed	1
7052_reviewed	405_reviewed	1
9531_reviewed	4678_reviewed	1
821_reviewed	682_reviewed	1
23476_reviewed	5111_reviewed	0
6468_reviewed	10576_reviewed	1
580_reviewed	2956_reviewed	1
3184_reviewed	4609_reviewed	1
142_reviewed	5451_reviewed	1
26206_reviewed	10048_reviewed	1
5771_reviewed	3836_reviewed	1
5159_reviewed	221937_reviewed	1
4722_reviewed	4711_reviewed	1
5457_reviewed	6014_reviewed	1
4779_reviewed	55294_reviewed	1
2874_reviewed	56911_reviewed	1
10535_reviewed	79621_reviewed	1
5346_reviewed	51099_reviewed	1
5770_reviewed	4915_reviewed	1
1796_reviewed	1399_reviewed	1
4086_reviewed	10273_reviewed	1
8161_reviewed	55093_reviewed	1
7128_reviewed	10318_reviewed	1
51185_reviewed	80829_reviewed	1
51147_reviewed	51147_reviewed	1
5214_reviewed	208_reviewed	1
9817_reviewed	10072_reviewed	1
10659_reviewed	29974_reviewed	1
7874_reviewed	5914_reviewed	1
8451_reviewed	7283_reviewed	1
9112_reviewed	23421_reviewed	1
8243_reviewed	5981_reviewed	1
4615_reviewed	5879_reviewed	1
8161_reviewed	84708_reviewed	1
9252_reviewed	1385_reviewed	1
3265_reviewed	5594_reviewed	0
509_reviewed	523_reviewed	1
408_reviewed	5724_reviewed	1
604_reviewed	7185_reviewed	1
3689_reviewed	7534_reviewed	1
3661_reviewed	57506_reviewed	1
2146_reviewed	6615_reviewed	1
1488_reviewed	63948_reviewed	1
5716_reviewed	2926_reviewed	1
2885_reviewed	3872_reviewed	1
5610_reviewed	1660_reviewed	1
23560_reviewed	51154_reviewed	1
10673_reviewed	51194_reviewed	1
23512_reviewed	7203_reviewed	1
9306_reviewed	8065_reviewed	1
4088_reviewed	10014_reviewed	1
8932_reviewed	5928_reviewed	1
4869_reviewed	4904_reviewed	1
54556_reviewed	8607_reviewed	1
26146_reviewed	3312_reviewed	1
9261_reviewed	3297_reviewed	1
10551_reviewed	10808_reviewed	1
80347_reviewed	6198_reviewed	1
6139_reviewed	6207_reviewed	1
54535_reviewed	84062_reviewed	1
55243_reviewed	4868_reviewed	1
3326_reviewed	3312_reviewed	1
7317_reviewed	27338_reviewed	1
5701_reviewed	5711_reviewed	1
84687_reviewed	5499_reviewed	1
2222_reviewed	81622_reviewed	1
112752_reviewed	9742_reviewed	1
84962_reviewed	81847_reviewed	1
54556_reviewed	11143_reviewed	1
5499_reviewed	56288_reviewed	1
54806_reviewed	8481_reviewed	1
2130_reviewed	10270_reviewed	1
27289_reviewed	27289_reviewed	0
2264_reviewed	5606_reviewed	1
154796_reviewed	23327_reviewed	1
10413_reviewed	55294_reviewed	1
7529_reviewed	7538_reviewed	1
3718_reviewed	6950_reviewed	1
10933_reviewed	3066_reviewed	1
540_reviewed	7704_reviewed	1
6737_reviewed	7375_reviewed	1
91603_reviewed	5093_reviewed	1
29115_reviewed	5977_reviewed	0
7813_reviewed	6809_reviewed	1
4734_reviewed	5347_reviewed	1
8450_reviewed	1660_reviewed	1
6667_reviewed	5590_reviewed	1
7529_reviewed	6502_reviewed	1
3551_reviewed	4582_reviewed	1
7706_reviewed	9958_reviewed	1
6925_reviewed	6929_reviewed	1
5683_reviewed	5709_reviewed	1
3611_reviewed	207_reviewed	1
57418_reviewed	26168_reviewed	1
1025_reviewed	10694_reviewed	1
4005_reviewed	10982_reviewed	1
1630_reviewed	8890_reviewed	1
3091_reviewed	90993_reviewed	1
7447_reviewed	348487_reviewed	1
8440_reviewed	1796_reviewed	1
1434_reviewed	3838_reviewed	1
7532_reviewed	10458_reviewed	1
5515_reviewed	23141_reviewed	1
70_reviewed	2314_reviewed	1
1327_reviewed	4719_reviewed	1
60401_reviewed	7189_reviewed	1
54478_reviewed	57085_reviewed	1
7415_reviewed	4255_reviewed	1
146_reviewed	6004_reviewed	0
5634_reviewed	5636_reviewed	1
1407_reviewed	8945_reviewed	0
10213_reviewed	5721_reviewed	1
3320_reviewed	7015_reviewed	1
3320_reviewed	1198_reviewed	1
5501_reviewed	7415_reviewed	1
10528_reviewed	6138_reviewed	1
196_reviewed	8450_reviewed	1
5292_reviewed	6502_reviewed	1
54606_reviewed	6142_reviewed	1
58160_reviewed	11091_reviewed	1
55588_reviewed	219541_reviewed	1
51377_reviewed	125476_reviewed	1
8454_reviewed	3320_reviewed	1
3265_reviewed	22806_reviewed	1
4793_reviewed	55662_reviewed	1
55872_reviewed	5728_reviewed	1
821_reviewed	55117_reviewed	1
6714_reviewed	8841_reviewed	1
4149_reviewed	10524_reviewed	1
53615_reviewed	3066_reviewed	1
80155_reviewed	80218_reviewed	1
83932_reviewed	253980_reviewed	1
1737_reviewed	1743_reviewed	1
9040_reviewed	9886_reviewed	1
51564_reviewed	4140_reviewed	1
90390_reviewed	9439_reviewed	1
892_reviewed	9439_reviewed	1
367_reviewed	25898_reviewed	1
10482_reviewed	55054_reviewed	1
27342_reviewed	79036_reviewed	1
56257_reviewed	1025_reviewed	1
8797_reviewed	7128_reviewed	1
79443_reviewed	23028_reviewed	1
10270_reviewed	1655_reviewed	1
5058_reviewed	23219_reviewed	1
5705_reviewed	5708_reviewed	1
54908_reviewed	161582_reviewed	1
79004_reviewed	51343_reviewed	1
10980_reviewed	90293_reviewed	1
7188_reviewed	9111_reviewed	1
5800_reviewed	55768_reviewed	1
6045_reviewed	84678_reviewed	1
156_reviewed	30818_reviewed	1
5001_reviewed	4171_reviewed	1
51231_reviewed	4691_reviewed	1
10210_reviewed	25942_reviewed	1
9020_reviewed	6885_reviewed	1
55768_reviewed	5887_reviewed	1
5889_reviewed	7516_reviewed	1
7727_reviewed	54925_reviewed	1
5245_reviewed	3030_reviewed	1
3265_reviewed	65108_reviewed	1
8878_reviewed	9636_reviewed	1
54583_reviewed	6714_reviewed	1
387_reviewed	57154_reviewed	1
4299_reviewed	27125_reviewed	1
54442_reviewed	54540_reviewed	1
991_reviewed	3298_reviewed	1
30008_reviewed	54557_reviewed	1
7430_reviewed	5357_reviewed	1
4091_reviewed	9958_reviewed	1
4015_reviewed	5796_reviewed	1
1025_reviewed	5094_reviewed	1
7428_reviewed	208_reviewed	1
1355_reviewed	94081_reviewed	1
9232_reviewed	2547_reviewed	1
2185_reviewed	9600_reviewed	1
23281_reviewed	127703_reviewed	1
5425_reviewed	5424_reviewed	1
80755_reviewed	871_reviewed	1
2962_reviewed	2968_reviewed	1
27289_reviewed	7803_reviewed	0
23404_reviewed	118460_reviewed	1
5292_reviewed	51343_reviewed	1
688_reviewed	142_reviewed	1
79791_reviewed	595_reviewed	1
10856_reviewed	10445_reviewed	1
339976_reviewed	8078_reviewed	1
4673_reviewed	9318_reviewed	1
54472_reviewed	56897_reviewed	1
5771_reviewed	9861_reviewed	1
2664_reviewed	27289_reviewed	0
55294_reviewed	9862_reviewed	1
7415_reviewed	5710_reviewed	1
1956_reviewed	4067_reviewed	1
55764_reviewed	57728_reviewed	1
79885_reviewed	7203_reviewed	1
4691_reviewed	6144_reviewed	1
56658_reviewed	23028_reviewed	1
11030_reviewed	27033_reviewed	1
1915_reviewed	4281_reviewed	1
5995_reviewed	26128_reviewed	1
10273_reviewed	5684_reviewed	1
2243_reviewed	5327_reviewed	1
8841_reviewed	10574_reviewed	1
1457_reviewed	51602_reviewed	1
51343_reviewed	5728_reviewed	1
207_reviewed	9261_reviewed	1
166_reviewed	6386_reviewed	1
915_reviewed	7415_reviewed	1
65008_reviewed	6182_reviewed	1
3164_reviewed	6774_reviewed	1
6310_reviewed	1398_reviewed	1
55294_reviewed	83732_reviewed	1
3320_reviewed	149420_reviewed	1
26271_reviewed	51434_reviewed	1
79035_reviewed	7157_reviewed	1
6118_reviewed	5893_reviewed	1
26043_reviewed	116138_reviewed	1
8317_reviewed	4172_reviewed	1
4771_reviewed	1956_reviewed	1
143425_reviewed	203068_reviewed	1
23111_reviewed	3309_reviewed	1
5468_reviewed	8805_reviewed	1
2891_reviewed	2597_reviewed	1
7415_reviewed	8454_reviewed	1
3312_reviewed	26999_reviewed	1
126074_reviewed	5889_reviewed	1
9351_reviewed	81_reviewed	1
10628_reviewed	11319_reviewed	1
8856_reviewed	6256_reviewed	1
3991_reviewed	123_reviewed	1
3654_reviewed	11140_reviewed	1
50943_reviewed	861_reviewed	1
5371_reviewed	6996_reviewed	1
4690_reviewed	8894_reviewed	1
2967_reviewed	367_reviewed	1
5499_reviewed	5434_reviewed	1
4921_reviewed	868_reviewed	1
5594_reviewed	2002_reviewed	1
4893_reviewed	3996_reviewed	1
11338_reviewed	10521_reviewed	1
7486_reviewed	2237_reviewed	1
8667_reviewed	51386_reviewed	1
1616_reviewed	11035_reviewed	1
6136_reviewed	6132_reviewed	1
57610_reviewed	25852_reviewed	1
5983_reviewed	5984_reviewed	1
7289_reviewed	57539_reviewed	1
6794_reviewed	3320_reviewed	1
5335_reviewed	7454_reviewed	1
440_reviewed	3376_reviewed	1
1080_reviewed	2_reviewed	1
6468_reviewed	10987_reviewed	1
4734_reviewed	84851_reviewed	1
999_reviewed	999_reviewed	1
1027_reviewed	4176_reviewed	1
10482_reviewed	63891_reviewed	1
1676_reviewed	1677_reviewed	1
144717_reviewed	4952_reviewed	1
5902_reviewed	3837_reviewed	1
11338_reviewed	10992_reviewed	1
29978_reviewed	5687_reviewed	1
1665_reviewed	51602_reviewed	1
8452_reviewed	83892_reviewed	1
1956_reviewed	5794_reviewed	1
55844_reviewed	55929_reviewed	1
57695_reviewed	23291_reviewed	1
6895_reviewed	55720_reviewed	1
9987_reviewed	6625_reviewed	1
83932_reviewed	10714_reviewed	1
6144_reviewed	6193_reviewed	1
840_reviewed	5925_reviewed	1
132320_reviewed	51122_reviewed	1
5705_reviewed	5709_reviewed	1
9570_reviewed	10228_reviewed	1
23411_reviewed	7161_reviewed	1
8450_reviewed	2130_reviewed	1
4722_reviewed	4724_reviewed	1
23190_reviewed	23493_reviewed	0
84172_reviewed	55720_reviewed	1
1956_reviewed	84617_reviewed	1
9933_reviewed	10969_reviewed	1
988_reviewed	6188_reviewed	1
6788_reviewed	9770_reviewed	1
55257_reviewed	3308_reviewed	1
80789_reviewed	55174_reviewed	1
8850_reviewed	207_reviewed	1
4092_reviewed	657_reviewed	1
2740_reviewed	51107_reviewed	1
7538_reviewed	7124_reviewed	1
9266_reviewed	2776_reviewed	1
51112_reviewed	51112_reviewed	1
1616_reviewed	90135_reviewed	1
498_reviewed	94081_reviewed	1
56852_reviewed	83932_reviewed	1
6829_reviewed	5431_reviewed	1
65057_reviewed	7013_reviewed	1
4595_reviewed	51548_reviewed	1
5371_reviewed	5684_reviewed	1
2664_reviewed	9367_reviewed	1
4193_reviewed	10971_reviewed	1
867_reviewed	7324_reviewed	1
3667_reviewed	5290_reviewed	1
2091_reviewed	23560_reviewed	1
29966_reviewed	26127_reviewed	1
23404_reviewed	23016_reviewed	1
3091_reviewed	64344_reviewed	1
1917_reviewed	1936_reviewed	1
5810_reviewed	1460_reviewed	1
2247_reviewed	6383_reviewed	1
7428_reviewed	1869_reviewed	1
22981_reviewed	84318_reviewed	1
4609_reviewed	1500_reviewed	1
2034_reviewed	27252_reviewed	1
26973_reviewed	3326_reviewed	1
7268_reviewed	84129_reviewed	1
4287_reviewed	5250_reviewed	1
79959_reviewed	79598_reviewed	1
8835_reviewed	10724_reviewed	1
4000_reviewed	5925_reviewed	1
4967_reviewed	1738_reviewed	1
83737_reviewed	7326_reviewed	1
5705_reviewed	5720_reviewed	1
6505_reviewed	10550_reviewed	1
6605_reviewed	5977_reviewed	1
27339_reviewed	11336_reviewed	1
8615_reviewed	8615_reviewed	1
121441_reviewed	27229_reviewed	1
83878_reviewed	143241_reviewed	1
6659_reviewed	84823_reviewed	1
4067_reviewed	348801_reviewed	1
23322_reviewed	23607_reviewed	1
4193_reviewed	331_reviewed	1
7088_reviewed	3170_reviewed	1
23410_reviewed	3329_reviewed	1
9531_reviewed	29883_reviewed	1
8751_reviewed	2885_reviewed	1
1956_reviewed	64759_reviewed	1
10528_reviewed	6124_reviewed	1
7184_reviewed	2554_reviewed	1
10551_reviewed	1660_reviewed	1
4582_reviewed	1499_reviewed	1
354_reviewed	2_reviewed	1
2998_reviewed	7157_reviewed	1
10413_reviewed	9572_reviewed	1
23028_reviewed	4659_reviewed	1
2521_reviewed	51493_reviewed	1
867_reviewed	5291_reviewed	1
57721_reviewed	10155_reviewed	1
1326_reviewed	79155_reviewed	1
84790_reviewed	682_reviewed	1
4259_reviewed	509_reviewed	1
80254_reviewed	374654_reviewed	1
1616_reviewed	6548_reviewed	1
7150_reviewed	6625_reviewed	1
581_reviewed	291_reviewed	1
7531_reviewed	995_reviewed	1
3219_reviewed	694_reviewed	1
29843_reviewed	5905_reviewed	1
3055_reviewed	1441_reviewed	1
1386_reviewed	3098_reviewed	1
5451_reviewed	2547_reviewed	1
9146_reviewed	351_reviewed	1
2071_reviewed	2073_reviewed	1
10043_reviewed	9372_reviewed	0
8408_reviewed	83667_reviewed	1
22832_reviewed	9851_reviewed	1
958_reviewed	329_reviewed	1
3726_reviewed	83931_reviewed	1
10940_reviewed	10557_reviewed	1
1642_reviewed	3065_reviewed	1
4218_reviewed	7037_reviewed	1
80254_reviewed	79848_reviewed	1
5987_reviewed	55324_reviewed	1
54799_reviewed	54556_reviewed	1
10528_reviewed	4869_reviewed	1
3202_reviewed	3170_reviewed	1
4141_reviewed	7203_reviewed	1
7290_reviewed	3725_reviewed	1
5127_reviewed	151195_reviewed	1
55159_reviewed	10574_reviewed	1
1452_reviewed	81610_reviewed	1
51160_reviewed	51028_reviewed	1
79922_reviewed	91647_reviewed	1
8451_reviewed	123228_reviewed	1
92597_reviewed	26524_reviewed	1
7531_reviewed	3757_reviewed	1
408_reviewed	5315_reviewed	1
115752_reviewed	118460_reviewed	1
27338_reviewed	996_reviewed	1
3690_reviewed	351_reviewed	1
9564_reviewed	5295_reviewed	1
10482_reviewed	10482_reviewed	1
5300_reviewed	1027_reviewed	1
5515_reviewed	908_reviewed	1
7334_reviewed	64844_reviewed	1
23085_reviewed	5870_reviewed	1
83987_reviewed	10576_reviewed	1
2060_reviewed	161_reviewed	1
5502_reviewed	23645_reviewed	1
3190_reviewed	10174_reviewed	1
55208_reviewed	8452_reviewed	1
23390_reviewed	54518_reviewed	1
5300_reviewed	55294_reviewed	1
1994_reviewed	331_reviewed	1
9001_reviewed	10524_reviewed	1
83737_reviewed	7161_reviewed	1
7706_reviewed	3608_reviewed	1
11315_reviewed	6421_reviewed	1
3725_reviewed	5925_reviewed	1
3661_reviewed	7187_reviewed	1
11130_reviewed	25936_reviewed	1
4692_reviewed	1869_reviewed	1
4609_reviewed	6883_reviewed	1
6925_reviewed	6938_reviewed	1
1019_reviewed	11140_reviewed	1
2321_reviewed	52_reviewed	0
3178_reviewed	7818_reviewed	1
148022_reviewed	353376_reviewed	1
4089_reviewed	91107_reviewed	1
10963_reviewed	3308_reviewed	1
8850_reviewed	8850_reviewed	1
5925_reviewed	7029_reviewed	1
1937_reviewed	51588_reviewed	0
11331_reviewed	5245_reviewed	1
3551_reviewed	6714_reviewed	1
57649_reviewed	23309_reviewed	1
283150_reviewed	10902_reviewed	1
8175_reviewed	9129_reviewed	1
54465_reviewed	84126_reviewed	1
9861_reviewed	5702_reviewed	1
2908_reviewed	6599_reviewed	1
57761_reviewed	468_reviewed	1
6911_reviewed	11030_reviewed	1
51562_reviewed	6871_reviewed	1
1445_reviewed	7551_reviewed	0
5885_reviewed	22938_reviewed	1
58477_reviewed	6734_reviewed	1
3066_reviewed	25942_reviewed	1
54476_reviewed	54476_reviewed	1
284086_reviewed	203286_reviewed	1
2908_reviewed	2908_reviewed	1
3093_reviewed	7157_reviewed	1
2547_reviewed	5452_reviewed	1
79867_reviewed	5770_reviewed	1
8668_reviewed	10480_reviewed	1
5164_reviewed	1737_reviewed	1
54799_reviewed	8607_reviewed	1
993_reviewed	57120_reviewed	1
9575_reviewed	56938_reviewed	1
3065_reviewed	4609_reviewed	1
582_reviewed	585_reviewed	1
7284_reviewed	6193_reviewed	1
4303_reviewed	4287_reviewed	1
331_reviewed	840_reviewed	1
1050_reviewed	6688_reviewed	1
2212_reviewed	1410_reviewed	1
58190_reviewed	6615_reviewed	1
60496_reviewed	6491_reviewed	1
1731_reviewed	10801_reviewed	1
57506_reviewed	8767_reviewed	1
2010_reviewed	147872_reviewed	1
10551_reviewed	1654_reviewed	1
342931_reviewed	342931_reviewed	1
3604_reviewed	7187_reviewed	1
6780_reviewed	821_reviewed	1
126119_reviewed	23382_reviewed	1
2185_reviewed	83394_reviewed	1
3981_reviewed	55074_reviewed	1
5888_reviewed	7516_reviewed	1
11140_reviewed	4670_reviewed	1
26994_reviewed	64750_reviewed	1
5728_reviewed	331_reviewed	1
10716_reviewed	8573_reviewed	1
55006_reviewed	79133_reviewed	1
6760_reviewed	6601_reviewed	1
4000_reviewed	9631_reviewed	1
2074_reviewed	142_reviewed	1
741_reviewed	80304_reviewed	1
599_reviewed	572_reviewed	1
7189_reviewed	253430_reviewed	1
80124_reviewed	55968_reviewed	1
4722_reviewed	29078_reviewed	1
6502_reviewed	694_reviewed	1
1080_reviewed	8878_reviewed	1
6876_reviewed	5293_reviewed	1
55844_reviewed	5519_reviewed	1
23466_reviewed	10336_reviewed	1
10892_reviewed	10892_reviewed	1
10551_reviewed	5052_reviewed	1
3607_reviewed	9112_reviewed	1
8314_reviewed	8473_reviewed	1
4609_reviewed	4691_reviewed	1
467_reviewed	7551_reviewed	0
2131_reviewed	10131_reviewed	1
29128_reviewed	8945_reviewed	1
81620_reviewed	5111_reviewed	1
5885_reviewed	57805_reviewed	1
207_reviewed	58_reviewed	1
6657_reviewed	51343_reviewed	1
55837_reviewed	10421_reviewed	1
7161_reviewed	51586_reviewed	1
8450_reviewed	64326_reviewed	1
6117_reviewed	4171_reviewed	1
9112_reviewed	2099_reviewed	1
7360_reviewed	7360_reviewed	1
115548_reviewed	2060_reviewed	1
2189_reviewed	10935_reviewed	1
23223_reviewed	55720_reviewed	1
3396_reviewed	79922_reviewed	1
2064_reviewed	7010_reviewed	1
26191_reviewed	916_reviewed	1
2177_reviewed	353497_reviewed	1
51116_reviewed	51649_reviewed	1
80279_reviewed	1002_reviewed	1
51300_reviewed	55863_reviewed	1
113451_reviewed	5705_reviewed	1
5300_reviewed	10318_reviewed	1
29127_reviewed	23607_reviewed	1
6134_reviewed	6136_reviewed	1
55275_reviewed	6293_reviewed	1
70_reviewed	1937_reviewed	1
51035_reviewed	8452_reviewed	1
6917_reviewed	2959_reviewed	1
26354_reviewed	6194_reviewed	1
55839_reviewed	55166_reviewed	1
55802_reviewed	4089_reviewed	1
3659_reviewed	7187_reviewed	1
201501_reviewed	7709_reviewed	1
6045_reviewed	100287171_reviewed	1
9641_reviewed	329_reviewed	1
207_reviewed	4217_reviewed	1
207_reviewed	3615_reviewed	1
826_reviewed	7531_reviewed	1
8784_reviewed	7185_reviewed	1
27289_reviewed	4849_reviewed	0
22809_reviewed	896_reviewed	1
5800_reviewed	6400_reviewed	1
5912_reviewed	10900_reviewed	1
3320_reviewed	269_reviewed	1
3315_reviewed	8878_reviewed	1
80314_reviewed	54799_reviewed	1
140465_reviewed	4637_reviewed	1
3178_reviewed	29088_reviewed	1
132320_reviewed	29110_reviewed	1
1994_reviewed	5094_reviewed	1
23512_reviewed	1460_reviewed	1
3761_reviewed	1739_reviewed	1
2288_reviewed	10869_reviewed	1
26270_reviewed	2799_reviewed	1
3480_reviewed	10399_reviewed	1
51343_reviewed	64112_reviewed	1
55355_reviewed	5928_reviewed	1
2957_reviewed	6908_reviewed	1
1457_reviewed	1447_reviewed	1
6396_reviewed	55746_reviewed	1
2177_reviewed	10524_reviewed	1
10458_reviewed	5879_reviewed	1
6125_reviewed	6189_reviewed	1
4170_reviewed	578_reviewed	1
10971_reviewed	23235_reviewed	1
377630_reviewed	1019_reviewed	1
79664_reviewed	8178_reviewed	1
1499_reviewed	1994_reviewed	1
7205_reviewed	9170_reviewed	1
6502_reviewed	6737_reviewed	1
999_reviewed	3309_reviewed	1
160622_reviewed	6714_reviewed	1
29766_reviewed	70_reviewed	1
23404_reviewed	5901_reviewed	1
81929_reviewed	23279_reviewed	1
6449_reviewed	5764_reviewed	1
10189_reviewed	8563_reviewed	1
5578_reviewed	10616_reviewed	1
6689_reviewed	5599_reviewed	1
2246_reviewed	2263_reviewed	1
10623_reviewed	10622_reviewed	1
1111_reviewed	6900_reviewed	1
6934_reviewed	2547_reviewed	1
6390_reviewed	4715_reviewed	1
6788_reviewed	55201_reviewed	1
5932_reviewed	7316_reviewed	1
23770_reviewed	5700_reviewed	1
6199_reviewed	6201_reviewed	1
2296_reviewed	7024_reviewed	1
6502_reviewed	1017_reviewed	1
22821_reviewed	2771_reviewed	1
2550_reviewed	468_reviewed	1
87_reviewed	7846_reviewed	1
7150_reviewed	6421_reviewed	1
83746_reviewed	1876_reviewed	1
2146_reviewed	5931_reviewed	1
3702_reviewed	5335_reviewed	1
5775_reviewed	7534_reviewed	1
6426_reviewed	6427_reviewed	1
149041_reviewed	6202_reviewed	1
1725_reviewed	56648_reviewed	1
23607_reviewed	3635_reviewed	1
10551_reviewed	7531_reviewed	1
8907_reviewed	9513_reviewed	1
79184_reviewed	5888_reviewed	1
1994_reviewed	11200_reviewed	1
27130_reviewed	55662_reviewed	1
9738_reviewed	121441_reviewed	1
861_reviewed	9139_reviewed	1
6122_reviewed	6187_reviewed	1
387_reviewed	23002_reviewed	1
22981_reviewed	54535_reviewed	1
51035_reviewed	51132_reviewed	1
7391_reviewed	1871_reviewed	1
57379_reviewed	51013_reviewed	1
1024_reviewed	6598_reviewed	1
7329_reviewed	10054_reviewed	1
8835_reviewed	8402_reviewed	1
10598_reviewed	3945_reviewed	1
29979_reviewed	57542_reviewed	1
57332_reviewed	10336_reviewed	1
5894_reviewed	993_reviewed	1
25942_reviewed	5925_reviewed	0
27338_reviewed	8697_reviewed	1
220441_reviewed	10670_reviewed	1
7706_reviewed	642_reviewed	1
6502_reviewed	6929_reviewed	1
10891_reviewed	7392_reviewed	1
25999_reviewed	7132_reviewed	1
216_reviewed	216_reviewed	1
29904_reviewed	983_reviewed	1
9690_reviewed	7332_reviewed	1
9662_reviewed	117178_reviewed	1
57506_reviewed	6772_reviewed	1
6760_reviewed	2146_reviewed	1
26088_reviewed	25825_reviewed	1
55968_reviewed	7353_reviewed	1
6901_reviewed	2932_reviewed	1
11335_reviewed	3008_reviewed	1
5921_reviewed	9046_reviewed	1
4702_reviewed	4715_reviewed	1
9531_reviewed	5634_reviewed	1
1445_reviewed	7803_reviewed	0
7572_reviewed	158399_reviewed	1
79155_reviewed	84790_reviewed	1
5987_reviewed	5925_reviewed	1
149041_reviewed	6207_reviewed	1
4609_reviewed	3030_reviewed	1
5921_reviewed	6714_reviewed	1
57120_reviewed	79839_reviewed	1
115752_reviewed	23404_reviewed	1
9559_reviewed	23307_reviewed	1
10921_reviewed	51747_reviewed	1
87_reviewed	93185_reviewed	1
4084_reviewed	207_reviewed	1
51666_reviewed	8451_reviewed	1
6047_reviewed	23598_reviewed	1
79890_reviewed	5869_reviewed	1
9128_reviewed	9416_reviewed	1
5861_reviewed	57521_reviewed	1
6135_reviewed	6130_reviewed	1
23435_reviewed	2521_reviewed	1
9311_reviewed	9223_reviewed	1
5610_reviewed	3609_reviewed	1
26270_reviewed	4085_reviewed	1
3192_reviewed	6208_reviewed	1
6046_reviewed	6046_reviewed	1
22954_reviewed	7325_reviewed	1
6139_reviewed	6194_reviewed	1
367_reviewed	90480_reviewed	1
7508_reviewed	5887_reviewed	1
2078_reviewed	9782_reviewed	1
23291_reviewed	25820_reviewed	1
80335_reviewed	9878_reviewed	1
51317_reviewed	23028_reviewed	1
9441_reviewed	10001_reviewed	1
4087_reviewed	688_reviewed	1
8453_reviewed	55832_reviewed	1
8662_reviewed	10480_reviewed	1
51701_reviewed	4602_reviewed	1
9306_reviewed	192111_reviewed	1
1439_reviewed	5781_reviewed	1
5245_reviewed	1938_reviewed	1
51317_reviewed	23186_reviewed	1
7048_reviewed	7040_reviewed	1
5694_reviewed	143471_reviewed	1
5111_reviewed	10572_reviewed	1
8945_reviewed	55914_reviewed	1
5610_reviewed	7297_reviewed	1
3958_reviewed	85363_reviewed	1
6908_reviewed	6882_reviewed	1
2189_reviewed	9189_reviewed	1
1044_reviewed	1050_reviewed	1
56970_reviewed	8464_reviewed	1
139285_reviewed	1499_reviewed	1
9618_reviewed	9100_reviewed	1
84552_reviewed	84292_reviewed	1
5501_reviewed	388135_reviewed	1
2175_reviewed	1147_reviewed	1
59349_reviewed	553115_reviewed	1
1956_reviewed	8907_reviewed	1
6733_reviewed	3183_reviewed	1
5693_reviewed	5708_reviewed	1
2801_reviewed	51160_reviewed	1
6714_reviewed	3815_reviewed	1
23142_reviewed	8452_reviewed	1
5781_reviewed	10628_reviewed	1
997_reviewed	7316_reviewed	1
9782_reviewed	10432_reviewed	1
348_reviewed	6124_reviewed	1
8775_reviewed	4905_reviewed	1
2690_reviewed	3717_reviewed	1
23588_reviewed	8065_reviewed	1
2099_reviewed	892_reviewed	1
5563_reviewed	51422_reviewed	1
11315_reviewed	5478_reviewed	1
4850_reviewed	4848_reviewed	1
5335_reviewed	5921_reviewed	1
642_reviewed	83594_reviewed	1
6714_reviewed	4536_reviewed	1
9113_reviewed	4659_reviewed	1
9971_reviewed	2547_reviewed	1
4609_reviewed	10951_reviewed	1
5889_reviewed	79728_reviewed	1
9557_reviewed	142_reviewed	1
8473_reviewed	29855_reviewed	1
2035_reviewed	9414_reviewed	1
5867_reviewed	80230_reviewed	1
498_reviewed	539_reviewed	1
54994_reviewed	54994_reviewed	1
152559_reviewed	5465_reviewed	1
3065_reviewed	11091_reviewed	1
7415_reviewed	8453_reviewed	1
896_reviewed	84062_reviewed	1
70_reviewed	51562_reviewed	1
9533_reviewed	22806_reviewed	1
56257_reviewed	55832_reviewed	1
51068_reviewed	7317_reviewed	1
5705_reviewed	7157_reviewed	1
54850_reviewed	6500_reviewed	1
26994_reviewed	11059_reviewed	1
8743_reviewed	841_reviewed	1
6428_reviewed	8662_reviewed	1
79892_reviewed	4173_reviewed	1
28996_reviewed	23411_reviewed	1
9564_reviewed	5829_reviewed	1
5694_reviewed	9861_reviewed	1
1399_reviewed	2549_reviewed	1
64210_reviewed	55253_reviewed	1
23400_reviewed	23208_reviewed	1
7416_reviewed	4719_reviewed	1
1408_reviewed	6502_reviewed	0
7412_reviewed	3676_reviewed	1
2078_reviewed	6853_reviewed	1
8463_reviewed	25937_reviewed	1
7545_reviewed	2735_reviewed	1
1025_reviewed	1915_reviewed	1
5718_reviewed	5708_reviewed	1
4891_reviewed	5071_reviewed	1
3638_reviewed	7415_reviewed	1
51282_reviewed	84547_reviewed	1
112755_reviewed	9217_reviewed	1
6657_reviewed	9219_reviewed	1
10250_reviewed	9126_reviewed	1
5595_reviewed	4137_reviewed	1
7184_reviewed	5034_reviewed	1
4591_reviewed	10445_reviewed	1
3265_reviewed	81848_reviewed	1
7161_reviewed	5567_reviewed	1
7750_reviewed	7320_reviewed	1
6045_reviewed	11331_reviewed	1
6136_reviewed	6125_reviewed	1
91662_reviewed	3308_reviewed	1
151987_reviewed	11218_reviewed	1
114818_reviewed	10273_reviewed	1
5664_reviewed	10519_reviewed	1
81887_reviewed	3843_reviewed	1
9306_reviewed	84930_reviewed	1
7316_reviewed	7353_reviewed	1
10236_reviewed	3608_reviewed	1
4609_reviewed	50628_reviewed	1
10943_reviewed	339287_reviewed	1
9734_reviewed	8841_reviewed	1
10014_reviewed	57763_reviewed	1
9020_reviewed	1147_reviewed	1
821_reviewed	3703_reviewed	1
1650_reviewed	5245_reviewed	1
10013_reviewed	860_reviewed	1
56160_reviewed	4804_reviewed	1
26985_reviewed	27156_reviewed	1
3181_reviewed	4904_reviewed	1
1785_reviewed	6714_reviewed	1
4602_reviewed	6497_reviewed	1
4609_reviewed	9688_reviewed	1
4335_reviewed	4149_reviewed	1
3717_reviewed	25970_reviewed	1
10286_reviewed	9343_reviewed	1
1432_reviewed	8408_reviewed	1
994_reviewed	7534_reviewed	1
23097_reviewed	9442_reviewed	1
2631_reviewed	3030_reviewed	1
81857_reviewed	6256_reviewed	1
1827_reviewed	5530_reviewed	1
10919_reviewed	3008_reviewed	1
5925_reviewed	5894_reviewed	1
5626_reviewed	7088_reviewed	0
4609_reviewed	988_reviewed	1
7010_reviewed	79155_reviewed	1
4221_reviewed	11091_reviewed	1
26277_reviewed	7014_reviewed	1
7157_reviewed	1019_reviewed	1
1956_reviewed	92609_reviewed	1
409_reviewed	1495_reviewed	1
7168_reviewed	8379_reviewed	1
4990_reviewed	7088_reviewed	1
5515_reviewed	5518_reviewed	1
10059_reviewed	2932_reviewed	1
8428_reviewed	85369_reviewed	1
329_reviewed	54101_unreviewed	1
134510_reviewed	5714_reviewed	1
1180_reviewed	23770_reviewed	1
10551_reviewed	5223_reviewed	1
5468_reviewed	4683_reviewed	1
7157_reviewed	83987_reviewed	1
988_reviewed	10992_reviewed	1
998_reviewed	5337_reviewed	1
4609_reviewed	2547_reviewed	1
5450_reviewed	5451_reviewed	1
340061_reviewed	3703_reviewed	1
4089_reviewed	6502_reviewed	1
5771_reviewed	10972_reviewed	1
6850_reviewed	9734_reviewed	1
7534_reviewed	23367_reviewed	1
5432_reviewed	7469_reviewed	1
51520_reviewed	4141_reviewed	1
4659_reviewed	55075_reviewed	1
29760_reviewed	4690_reviewed	1
7099_reviewed	54472_reviewed	1
4792_reviewed	4790_reviewed	1
1642_reviewed	5928_reviewed	1
3312_reviewed	57805_reviewed	1
64795_reviewed	25852_reviewed	1
7846_reviewed	3301_reviewed	1
6136_reviewed	6152_reviewed	1
1439_reviewed	5777_reviewed	1
10413_reviewed	6599_reviewed	1
10212_reviewed	84324_reviewed	1
56254_reviewed	9810_reviewed	1
10921_reviewed	6626_reviewed	1
83706_reviewed	3690_reviewed	1
5711_reviewed	5717_reviewed	1
8732_reviewed	55671_reviewed	1
403_reviewed	9094_reviewed	1
5682_reviewed	10197_reviewed	1
4487_reviewed	4487_reviewed	1
51574_reviewed	6159_reviewed	1
6790_reviewed	26524_reviewed	1
8726_reviewed	6133_reviewed	1
7205_reviewed	9564_reviewed	1
4137_reviewed	64844_reviewed	1
3315_reviewed	7157_reviewed	1
2740_reviewed	5869_reviewed	1
51019_reviewed	54535_reviewed	1
8473_reviewed	22906_reviewed	1
81858_reviewed	7132_reviewed	1
10015_reviewed	128866_reviewed	1
7086_reviewed	2023_reviewed	1
3205_reviewed	8451_reviewed	1
50484_reviewed	1026_reviewed	1
3932_reviewed	867_reviewed	1
1080_reviewed	821_reviewed	1
23118_reviewed	8841_reviewed	1
79155_reviewed	253943_reviewed	1
2202_reviewed	7186_reviewed	1
3801_reviewed	55031_reviewed	1
7415_reviewed	10953_reviewed	1
23462_reviewed	6135_reviewed	1
80267_reviewed	27248_reviewed	1
3845_reviewed	200894_reviewed	1
55593_reviewed	5431_reviewed	1
10421_reviewed	122830_reviewed	1
958_reviewed	3308_reviewed	1
83746_reviewed	84108_reviewed	1
7157_reviewed	6659_reviewed	1
84289_reviewed	23774_reviewed	1
4609_reviewed	908_reviewed	1
10001_reviewed	9439_reviewed	1
10001_reviewed	892_reviewed	1
149041_reviewed	6135_reviewed	1
515_reviewed	4711_reviewed	1
8408_reviewed	8678_reviewed	1
4092_reviewed	7041_reviewed	1
5719_reviewed	5709_reviewed	1
6194_reviewed	23560_reviewed	1
991_reviewed	10576_reviewed	1
5037_reviewed	5894_reviewed	1
57787_reviewed	4957_reviewed	1
7428_reviewed	10168_reviewed	1
29882_reviewed	10393_reviewed	1
5590_reviewed	653361_reviewed	1
5071_reviewed	4287_reviewed	1
156_reviewed	2776_reviewed	1
7185_reviewed	81858_reviewed	1
4110_reviewed	4291_reviewed	1
7337_reviewed	5716_reviewed	1
9051_reviewed	7454_reviewed	1
7319_reviewed	5111_reviewed	1
29941_reviewed	23092_reviewed	1
9319_reviewed	7317_reviewed	1
6629_reviewed	9240_reviewed	1
10447_reviewed	9354_reviewed	1
81493_reviewed	1674_reviewed	1
65265_reviewed	80321_reviewed	1
51574_reviewed	6138_reviewed	1
9351_reviewed	10452_reviewed	1
3091_reviewed	5688_reviewed	1
3312_reviewed	6772_reviewed	1
5360_reviewed	335_reviewed	1
6790_reviewed	3161_reviewed	1
23162_reviewed	5604_reviewed	1
23559_reviewed	11059_reviewed	1
1738_reviewed	1629_reviewed	1
1024_reviewed	7690_reviewed	1
7706_reviewed	6175_reviewed	1
1736_reviewed	54433_reviewed	1
4089_reviewed	1616_reviewed	1
2932_reviewed	23122_reviewed	1
5899_reviewed	23032_reviewed	1
1848_reviewed	5595_reviewed	1
4739_reviewed	4690_reviewed	1
2664_reviewed	29115_reviewed	0
4173_reviewed	10291_reviewed	1
1742_reviewed	153_reviewed	1
10987_reviewed	1643_reviewed	1
142_reviewed	5111_reviewed	1
11315_reviewed	11315_reviewed	1
80314_reviewed	1876_reviewed	1
4914_reviewed	3320_reviewed	1
51073_reviewed	65005_reviewed	1
3312_reviewed	5431_reviewed	1
7251_reviewed	10342_reviewed	1
841_reviewed	7128_reviewed	1
2057_reviewed	8835_reviewed	1
27243_reviewed	51652_reviewed	1
51741_reviewed	9693_reviewed	1
5347_reviewed	5685_reviewed	1
26168_reviewed	6667_reviewed	1
6790_reviewed	51053_reviewed	1
2071_reviewed	2968_reviewed	1
3476_reviewed	4281_reviewed	1
1956_reviewed	8891_reviewed	1
79791_reviewed	8454_reviewed	1
821_reviewed	9276_reviewed	1
7316_reviewed	8780_reviewed	1
7415_reviewed	27250_reviewed	1
51602_reviewed	6201_reviewed	1
4067_reviewed	4582_reviewed	1
9367_reviewed	10244_reviewed	1
1025_reviewed	54623_reviewed	1
4893_reviewed	3163_reviewed	1
56257_reviewed	60_reviewed	1
525_reviewed	51382_reviewed	1
8471_reviewed	114928_reviewed	1
22981_reviewed	84445_reviewed	1
1104_reviewed	3840_reviewed	1
65005_reviewed	64976_reviewed	1
3326_reviewed	4174_reviewed	1
4940_reviewed	117246_reviewed	1
81858_reviewed	90268_reviewed	1
25793_reviewed	2932_reviewed	1
10524_reviewed	54799_reviewed	1
4193_reviewed	10425_reviewed	1
8452_reviewed	8454_reviewed	1
6141_reviewed	6132_reviewed	1
50848_reviewed	93643_reviewed	0
160760_reviewed	79979_reviewed	1
2664_reviewed	4849_reviewed	0
2690_reviewed	5794_reviewed	1
6147_reviewed	6191_reviewed	1
8751_reviewed	3932_reviewed	1
4734_reviewed	2321_reviewed	1
5077_reviewed	4222_reviewed	1
6047_reviewed	1499_reviewed	1
4771_reviewed	80306_reviewed	1
5511_reviewed	8726_reviewed	1
51300_reviewed	51295_reviewed	1
1994_reviewed	3178_reviewed	1
23409_reviewed	292_reviewed	1
6924_reviewed	8065_reviewed	1
4720_reviewed	4728_reviewed	1
55197_reviewed	23028_reviewed	1
55284_reviewed	54778_reviewed	1
688_reviewed	92552_reviewed	1
10618_reviewed	3735_reviewed	1
134492_reviewed	10419_reviewed	1
3964_reviewed	3675_reviewed	1
26747_reviewed	904_reviewed	1
661_reviewed	10622_reviewed	1
5071_reviewed	3320_reviewed	1
4891_reviewed	80762_reviewed	1
64919_reviewed	5931_reviewed	1
7533_reviewed	84612_reviewed	1
9782_reviewed	23196_reviewed	1
10657_reviewed	26578_reviewed	1
1537_reviewed	4728_reviewed	1
6204_reviewed	6188_reviewed	1
11284_reviewed	3980_reviewed	1
8718_reviewed	3791_reviewed	1
1602_reviewed	55577_reviewed	1
117246_reviewed	55720_reviewed	1
116986_reviewed	23426_reviewed	1
54623_reviewed	11198_reviewed	1
22954_reviewed	7316_reviewed	1
55120_reviewed	2188_reviewed	1
920_reviewed	9094_reviewed	1
6461_reviewed	25_reviewed	1
7316_reviewed	10054_reviewed	1
8662_reviewed	8669_reviewed	1
115509_reviewed	10155_reviewed	1
1487_reviewed	10472_reviewed	1
4719_reviewed	6646_reviewed	1
140885_reviewed	1656_reviewed	1
1499_reviewed	5599_reviewed	1
5371_reviewed	26273_reviewed	1
6139_reviewed	6147_reviewed	1
23476_reviewed	10614_reviewed	1
5774_reviewed	6389_reviewed	1
6492_reviewed	405_reviewed	1
51588_reviewed	9870_reviewed	1
83732_reviewed	4691_reviewed	1
7316_reviewed	29979_reviewed	1
25915_reviewed	4728_reviewed	1
51574_reviewed	6222_reviewed	1
84708_reviewed	57698_reviewed	1
192670_reviewed	192669_reviewed	1
10399_reviewed	57085_reviewed	1
23327_reviewed	8408_reviewed	1
1743_reviewed	94081_reviewed	1
7846_reviewed	5204_reviewed	1
4300_reviewed	4299_reviewed	1
4236_reviewed	55234_reviewed	1
2099_reviewed	51720_reviewed	1
53615_reviewed	8932_reviewed	1
10551_reviewed	10521_reviewed	1
5106_reviewed	3329_reviewed	1
4088_reviewed	2353_reviewed	1
1612_reviewed	9532_reviewed	1
8725_reviewed	55703_reviewed	1
5499_reviewed	10048_reviewed	1
5700_reviewed	143471_reviewed	1
84333_reviewed	23429_reviewed	1
7181_reviewed	10155_reviewed	1
595_reviewed	6500_reviewed	1
7428_reviewed	6667_reviewed	1
4802_reviewed	7161_reviewed	1
8517_reviewed	84433_reviewed	1
861_reviewed	862_reviewed	1
10971_reviewed	10413_reviewed	1
3092_reviewed	1956_reviewed	1
55081_reviewed	11151_reviewed	1
11140_reviewed	55898_reviewed	1
2145_reviewed	8726_reviewed	1
10551_reviewed	7415_reviewed	1
405_reviewed	7422_reviewed	1
137886_reviewed	84923_reviewed	1
2547_reviewed	6428_reviewed	1
3693_reviewed	5747_reviewed	1
506_reviewed	23530_reviewed	1
705_reviewed	55720_reviewed	1
3853_reviewed	84260_reviewed	1
7329_reviewed	4000_reviewed	1
6240_reviewed	6240_reviewed	1
8726_reviewed	9188_reviewed	1
6124_reviewed	6133_reviewed	1
10664_reviewed	3069_reviewed	1
3291_reviewed	1487_reviewed	1
7439_reviewed	23327_reviewed	1
146862_reviewed	10598_reviewed	1
3981_reviewed	200558_reviewed	1
1264_reviewed	7168_reviewed	1
3190_reviewed	1445_reviewed	1
23118_reviewed	2099_reviewed	1
2068_reviewed	4331_reviewed	1
7157_reviewed	6667_reviewed	1
51741_reviewed	79869_reviewed	1
10238_reviewed	1859_reviewed	1
11144_reviewed	5888_reviewed	1
10270_reviewed	896_reviewed	1
5618_reviewed	3717_reviewed	1
8408_reviewed	55626_reviewed	1
26986_reviewed	6130_reviewed	1
4000_reviewed	2521_reviewed	1
84790_reviewed	255394_reviewed	1
10971_reviewed	493_reviewed	0
6386_reviewed	54550_reviewed	1
4758_reviewed	5476_reviewed	1
25939_reviewed	7536_reviewed	1
10236_reviewed	6625_reviewed	1
170261_reviewed	4086_reviewed	1
10573_reviewed	10884_reviewed	1
4343_reviewed	55173_reviewed	1
56288_reviewed	11228_reviewed	1
4086_reviewed	51592_reviewed	0
10146_reviewed	23644_reviewed	1
6202_reviewed	51574_reviewed	1
6129_reviewed	6208_reviewed	1
55070_reviewed	8450_reviewed	1
5578_reviewed	867_reviewed	1
7750_reviewed	6421_reviewed	1
23244_reviewed	8243_reviewed	1
5706_reviewed	5685_reviewed	1
5605_reviewed	10987_reviewed	1
7205_reviewed	4739_reviewed	1
1027_reviewed	1019_reviewed	1
10228_reviewed	8775_reviewed	1
9587_reviewed	991_reviewed	1
55128_reviewed	10342_reviewed	1
51514_reviewed	7531_reviewed	1
4016_reviewed	10516_reviewed	1
84140_reviewed	134359_reviewed	1
409_reviewed	5594_reviewed	1
4772_reviewed	1111_reviewed	1
367_reviewed	1999_reviewed	1
860_reviewed	9759_reviewed	1
6774_reviewed	5781_reviewed	1
10299_reviewed	123_reviewed	1
558_reviewed	10048_reviewed	1
5829_reviewed	5829_reviewed	1
581_reviewed	4170_reviewed	1
51574_reviewed	11137_reviewed	1
580_reviewed	5888_reviewed	1
55536_reviewed	84619_reviewed	1
5573_reviewed	8165_reviewed	1
6602_reviewed	6598_reviewed	1
10551_reviewed	10856_reviewed	1
7337_reviewed	3932_reviewed	1
7718_reviewed	220108_reviewed	1
26234_reviewed	79035_reviewed	1
6035_reviewed	6050_reviewed	1
70_reviewed	5245_reviewed	1
2597_reviewed	70_reviewed	1
5599_reviewed	23411_reviewed	1
11200_reviewed	993_reviewed	1
4194_reviewed	5708_reviewed	1
226_reviewed	230_reviewed	1
83695_reviewed	3364_reviewed	1
4893_reviewed	867_reviewed	1
367_reviewed	8554_reviewed	1
7046_reviewed	25805_reviewed	1
83737_reviewed	3725_reviewed	1
4609_reviewed	7277_reviewed	1
10576_reviewed	840_reviewed	1
6667_reviewed	2516_reviewed	1
4103_reviewed	150483_reviewed	1
1003_reviewed	1500_reviewed	1
2873_reviewed	8451_reviewed	1
7329_reviewed	9759_reviewed	1
55763_reviewed	83540_reviewed	1
10036_reviewed	7520_reviewed	1
84365_reviewed	6202_reviewed	1
55294_reviewed	47_reviewed	1
11116_reviewed	10111_reviewed	1
51013_reviewed	5394_reviewed	1
55718_reviewed	9533_reviewed	1
9531_reviewed	55276_reviewed	1
3937_reviewed	8440_reviewed	1
5970_reviewed	3065_reviewed	1
858_reviewed	857_reviewed	1
7157_reviewed	26523_reviewed	1
57695_reviewed	5885_reviewed	1
8678_reviewed	9776_reviewed	1
79912_reviewed	139596_reviewed	1
9527_reviewed	9554_reviewed	1
10951_reviewed	23126_reviewed	1
5704_reviewed	5693_reviewed	1
91442_reviewed	9894_reviewed	1
8737_reviewed	57162_reviewed	1
5585_reviewed	6197_reviewed	0
8916_reviewed	5701_reviewed	1
10336_reviewed	6045_reviewed	1
57154_reviewed	8945_reviewed	1
84955_reviewed	9276_reviewed	1
9960_reviewed	7157_reviewed	1
525_reviewed	528_reviewed	1
11252_reviewed	11252_reviewed	1
4215_reviewed	7189_reviewed	1
29028_reviewed	4609_reviewed	1
5688_reviewed	5717_reviewed	1
3454_reviewed	8945_reviewed	1
7189_reviewed	114609_reviewed	1
5782_reviewed	6464_reviewed	1
8930_reviewed	7874_reviewed	1
23212_reviewed	4691_reviewed	1
10551_reviewed	1915_reviewed	1
8100_reviewed	127733_reviewed	1
351_reviewed	2192_reviewed	1
7189_reviewed	8651_reviewed	1
688_reviewed	2932_reviewed	1
2801_reviewed	57862_reviewed	1
5781_reviewed	4739_reviewed	1
27289_reviewed	64375_reviewed	0
51138_reviewed	53339_reviewed	1
10013_reviewed	3301_reviewed	1
8975_reviewed	8243_reviewed	1
90780_reviewed	207_reviewed	1
5500_reviewed	5510_reviewed	1
79155_reviewed	29110_reviewed	1
4188_reviewed	55684_reviewed	1
23386_reviewed	5048_reviewed	1
57007_reviewed	539_reviewed	1
1020_reviewed	9158_reviewed	1
10946_reviewed	23450_reviewed	1
4067_reviewed	129138_reviewed	1
3611_reviewed	488_reviewed	1
10014_reviewed	2782_reviewed	1
3916_reviewed	10525_reviewed	1
23435_reviewed	9101_reviewed	1
10486_reviewed	71_reviewed	1
11130_reviewed	83540_reviewed	1
3996_reviewed	8237_reviewed	1
23371_reviewed	80311_reviewed	1
7046_reviewed	57154_reviewed	1
1022_reviewed	2965_reviewed	1
378884_reviewed	378884_reviewed	1
10567_reviewed	65009_reviewed	1
7316_reviewed	51434_reviewed	1
329_reviewed	840_reviewed	1
219541_reviewed	10025_reviewed	1
7428_reviewed	25950_reviewed	1
3065_reviewed	3840_reviewed	1
5695_reviewed	5708_reviewed	1
4092_reviewed	8237_reviewed	1
9802_reviewed	10254_reviewed	1
10221_reviewed	83931_reviewed	1
3611_reviewed	908_reviewed	1
115509_reviewed	3185_reviewed	1
9817_reviewed	999_reviewed	1
1191_reviewed	150684_reviewed	1
22877_reviewed	7529_reviewed	1
30011_reviewed	30011_reviewed	1
699_reviewed	3065_reviewed	1
7157_reviewed	6204_reviewed	1
5901_reviewed	5902_reviewed	1
2066_reviewed	1742_reviewed	1
2104_reviewed	8431_reviewed	1
9474_reviewed	10399_reviewed	1
4802_reviewed	4609_reviewed	1
7161_reviewed	6790_reviewed	1
54165_reviewed	10920_reviewed	1
5524_reviewed	5515_reviewed	1
57822_reviewed	55170_reviewed	1
84893_reviewed	6500_reviewed	1
3660_reviewed	4193_reviewed	1
9318_reviewed	51138_reviewed	1
9973_reviewed	6647_reviewed	1
55588_reviewed	9439_reviewed	1
8450_reviewed	64426_reviewed	1
22954_reviewed	7334_reviewed	1
219_reviewed	2271_reviewed	1
55763_reviewed	22863_reviewed	1
5684_reviewed	5682_reviewed	1
5420_reviewed	80230_reviewed	1
5479_reviewed	2810_reviewed	1
6774_reviewed	1025_reviewed	1
55664_reviewed	10273_reviewed	1
137492_reviewed	51160_reviewed	1
23481_reviewed	23481_reviewed	1
90417_reviewed	27339_reviewed	1
5707_reviewed	5708_reviewed	1
6877_reviewed	6880_reviewed	1
23263_reviewed	998_reviewed	1
5888_reviewed	7329_reviewed	1
5451_reviewed	5451_reviewed	1
5663_reviewed	5686_reviewed	1
5830_reviewed	3295_reviewed	1
6047_reviewed	4204_reviewed	1
6478_reviewed	11200_reviewed	1
57154_reviewed	7465_reviewed	1
29126_reviewed	940_reviewed	0
1956_reviewed	3326_reviewed	1
3093_reviewed	6477_reviewed	1
2023_reviewed	2597_reviewed	1
54828_reviewed	27043_reviewed	1
1856_reviewed	84619_reviewed	1
5976_reviewed	7884_reviewed	1
7316_reviewed	613_reviewed	1
3178_reviewed	2130_reviewed	1
7283_reviewed	9361_reviewed	1
29127_reviewed	1894_reviewed	1
7337_reviewed	5693_reviewed	1
22890_reviewed	10155_reviewed	1
7157_reviewed	1958_reviewed	1
4899_reviewed	1457_reviewed	1
580_reviewed	55069_reviewed	1
9802_reviewed	1617_reviewed	1
5371_reviewed	4719_reviewed	1
8774_reviewed	8775_reviewed	1
5888_reviewed	27161_reviewed	1
55145_reviewed	79169_reviewed	1
51343_reviewed	9232_reviewed	1
29115_reviewed	4792_reviewed	0
523_reviewed	1434_reviewed	1
80279_reviewed	55529_reviewed	1
4193_reviewed	27085_reviewed	1
6654_reviewed	10006_reviewed	1
5710_reviewed	10537_reviewed	1
63826_reviewed	2802_reviewed	1
5563_reviewed	57620_reviewed	1
70_reviewed	86_reviewed	1
10576_reviewed	7415_reviewed	1
80063_reviewed	9869_reviewed	1
54472_reviewed	54472_reviewed	1
2099_reviewed	6130_reviewed	1
6194_reviewed	64969_reviewed	1
54206_reviewed	9482_reviewed	1
7189_reviewed	1654_reviewed	1
6136_reviewed	3921_reviewed	1
8569_reviewed	10253_reviewed	1
5925_reviewed	1386_reviewed	1
55664_reviewed	10869_reviewed	1
92597_reviewed	55233_reviewed	1
10771_reviewed	9343_reviewed	1
9908_reviewed	11273_reviewed	1
3329_reviewed	200205_reviewed	1
57332_reviewed	10524_reviewed	1
23210_reviewed	58517_reviewed	1
4609_reviewed	1039_reviewed	1
4609_reviewed	5692_reviewed	1
4176_reviewed	23595_reviewed	1
23512_reviewed	10939_reviewed	1
5077_reviewed	6663_reviewed	1
8175_reviewed	5356_reviewed	1
140462_reviewed	3329_reviewed	1
64601_reviewed	27072_reviewed	1
10146_reviewed	29066_reviewed	1
467_reviewed	3651_reviewed	1
3551_reviewed	2309_reviewed	1
4149_reviewed	4436_reviewed	1
5879_reviewed	64718_reviewed	1
6714_reviewed	5777_reviewed	1
3178_reviewed	6188_reviewed	1
7534_reviewed	9101_reviewed	1
26986_reviewed	328_reviewed	1
64343_reviewed	200081_reviewed	1
6737_reviewed	3123_reviewed	1
27158_reviewed	57019_reviewed	1
3224_reviewed	4092_reviewed	0
2959_reviewed	5434_reviewed	1
1956_reviewed	9306_reviewed	1
7132_reviewed	7132_reviewed	1
1439_reviewed	4085_reviewed	1
8985_reviewed	84528_reviewed	1
3065_reviewed	54815_reviewed	1
7415_reviewed	1327_reviewed	1
151194_reviewed	3309_reviewed	1
11030_reviewed	84528_reviewed	1
5868_reviewed	8766_reviewed	1
64745_reviewed	80321_reviewed	1
328_reviewed	3192_reviewed	1
55081_reviewed	8100_reviewed	1
1452_reviewed	7133_reviewed	1
5829_reviewed	3611_reviewed	1
9212_reviewed	9097_reviewed	1
604_reviewed	7345_reviewed	1
5682_reviewed	5691_reviewed	1
867_reviewed	3717_reviewed	1
5715_reviewed	64100_reviewed	1
476_reviewed	5245_reviewed	1
84196_reviewed	55737_reviewed	1
4646_reviewed	29775_reviewed	1
8825_reviewed	6574_reviewed	1
55646_reviewed	29889_reviewed	1
4000_reviewed	58477_reviewed	1
5496_reviewed	2547_reviewed	1
9097_reviewed	7316_reviewed	1
1499_reviewed	5743_reviewed	1
4215_reviewed	2549_reviewed	1
3190_reviewed	92906_reviewed	1
2547_reviewed	2956_reviewed	1
3611_reviewed	88_reviewed	0
51338_reviewed	1434_reviewed	1
23197_reviewed	7353_reviewed	1
23552_reviewed	9817_reviewed	1
10551_reviewed	6124_reviewed	1
27183_reviewed	4864_reviewed	1
1025_reviewed	10521_reviewed	1
79657_reviewed	741_reviewed	1
4110_reviewed	6919_reviewed	1
7874_reviewed	51177_reviewed	1
3315_reviewed	7041_reviewed	1
55658_reviewed	165918_reviewed	1
5245_reviewed	5955_reviewed	1
6500_reviewed	84085_reviewed	1
54998_reviewed	84311_unreviewed	1
57506_reviewed	598_reviewed	0
151987_reviewed	6629_reviewed	1
7023_reviewed	1487_reviewed	1
25974_reviewed	27249_reviewed	1
70_reviewed	57325_reviewed	1
10097_reviewed	10094_reviewed	1
54778_reviewed	54778_reviewed	1
5932_reviewed	11169_reviewed	1
23413_reviewed	5298_reviewed	1
10213_reviewed	1869_reviewed	1
8662_reviewed	1973_reviewed	1
84962_reviewed	5914_reviewed	1
51143_reviewed	23299_reviewed	1
6136_reviewed	6202_reviewed	1
2332_reviewed	26747_reviewed	1
162_reviewed	1173_reviewed	1
10036_reviewed	9869_reviewed	1
5888_reviewed	7157_reviewed	1
5800_reviewed	23420_reviewed	1
7416_reviewed	5162_reviewed	1
5694_reviewed	5707_reviewed	1
5687_reviewed	5718_reviewed	1
8667_reviewed	8665_reviewed	1
2932_reviewed	4086_reviewed	1
396_reviewed	7430_reviewed	1
84941_reviewed	2242_reviewed	1
2022_reviewed	92_reviewed	1
8835_reviewed	529_reviewed	1
8533_reviewed	50813_reviewed	1
10868_reviewed	8737_reviewed	1
29098_reviewed	5901_reviewed	1
6421_reviewed	25942_reviewed	1
55048_reviewed	51160_reviewed	1
701_reviewed	7161_reviewed	1
4988_reviewed	7791_reviewed	1
57692_reviewed	10155_reviewed	1
916_reviewed	919_reviewed	1
51438_reviewed	6880_reviewed	1
10580_reviewed	25_reviewed	1
988_reviewed	22828_reviewed	1
4294_reviewed	5879_reviewed	1
2185_reviewed	5921_reviewed	1
9531_reviewed	8878_reviewed	1
6137_reviewed	6129_reviewed	1
27339_reviewed	5692_reviewed	1
10238_reviewed	64319_reviewed	1
9112_reviewed	8543_reviewed	1
2187_reviewed	80233_reviewed	1
4609_reviewed	8607_reviewed	1
4734_reviewed	56937_reviewed	1
10273_reviewed	3643_reviewed	1
51574_reviewed	6147_reviewed	1
6128_reviewed	51574_reviewed	1
10910_reviewed	79003_reviewed	1
6558_reviewed	150684_reviewed	1
55363_reviewed	2091_reviewed	1
5296_reviewed	5295_reviewed	1
7391_reviewed	11091_reviewed	1
7185_reviewed	10982_reviewed	1
6850_reviewed	55603_reviewed	1
6241_reviewed	6502_reviewed	1
5728_reviewed	367_reviewed	1
993_reviewed	8454_reviewed	1
3091_reviewed	10841_reviewed	1
3164_reviewed	7428_reviewed	1
9401_reviewed	1017_reviewed	1
9223_reviewed	999_reviewed	1
3028_reviewed	7317_reviewed	1
10291_reviewed	56949_reviewed	1
60673_reviewed	8408_reviewed	1
64343_reviewed	64343_reviewed	1
10528_reviewed	10940_reviewed	1
3315_reviewed	9446_reviewed	1
2740_reviewed	27075_reviewed	1
4773_reviewed	4773_reviewed	1
9564_reviewed	23607_reviewed	1
55257_reviewed	64769_reviewed	1
84131_reviewed	1642_reviewed	1
64127_reviewed	5529_reviewed	1
5295_reviewed	5155_reviewed	1
5925_reviewed	996_reviewed	1
867_reviewed	1399_reviewed	1
10987_reviewed	1161_reviewed	1
4942_reviewed	6648_reviewed	1
7268_reviewed	10598_reviewed	1
1026_reviewed	3065_reviewed	1
55662_reviewed	3091_reviewed	1
81847_reviewed	7515_reviewed	1
3066_reviewed	4772_reviewed	1
3276_reviewed	6772_reviewed	1
10476_reviewed	513_reviewed	1
2672_reviewed	6688_reviewed	1
3981_reviewed	10945_reviewed	1
3692_reviewed	9520_reviewed	1
55703_reviewed	5434_reviewed	1
351_reviewed	351_reviewed	1
2273_reviewed	2274_reviewed	0
6810_reviewed	8775_reviewed	1
23098_reviewed	57003_reviewed	1
7917_reviewed	3306_reviewed	1
114609_reviewed	25939_reviewed	1
367_reviewed	6605_reviewed	1
55832_reviewed	9040_reviewed	1
2801_reviewed	23650_reviewed	1
26270_reviewed	871_reviewed	1
81559_reviewed	5708_reviewed	1
2885_reviewed	7456_reviewed	1
54888_reviewed	7337_reviewed	1
22872_reviewed	10483_reviewed	1
1457_reviewed	51574_reviewed	1
10236_reviewed	11338_reviewed	1
8661_reviewed	8664_reviewed	1
84872_reviewed	84872_reviewed	1
3241_reviewed	10363_reviewed	1
55929_reviewed	4331_reviewed	1
23613_reviewed	7259_reviewed	1
4176_reviewed	7337_reviewed	1
7003_reviewed	4149_reviewed	1
1956_reviewed	10454_reviewed	1
5595_reviewed	6654_reviewed	1
255488_reviewed	1026_reviewed	1
5566_reviewed	5144_reviewed	1
7846_reviewed	7280_reviewed	1
28996_reviewed	6478_reviewed	1
114548_reviewed	8454_reviewed	1
6670_reviewed	8554_reviewed	1
55466_reviewed	7846_reviewed	1
93487_reviewed	93487_reviewed	1
8678_reviewed	55626_reviewed	1
6129_reviewed	6132_reviewed	1
92714_reviewed	4734_reviewed	1
5987_reviewed	84619_reviewed	1
92140_reviewed	56647_reviewed	1
7157_reviewed	3065_reviewed	1
132660_reviewed	4605_reviewed	1
54332_reviewed	203068_reviewed	1
5800_reviewed	550_reviewed	1
10969_reviewed	55294_reviewed	1
6128_reviewed	6202_reviewed	1
23400_reviewed	3312_reviewed	1
5977_reviewed	79837_reviewed	0
3065_reviewed	6950_reviewed	1
26259_reviewed	8454_reviewed	1
405_reviewed	196_reviewed	1
26065_reviewed	1656_reviewed	1
6908_reviewed	5080_reviewed	1
23390_reviewed	11202_reviewed	1
26270_reviewed	25820_reviewed	1
5087_reviewed	2648_reviewed	1
5721_reviewed	5695_reviewed	1
8850_reviewed	7157_reviewed	1
5521_reviewed	1627_reviewed	1
150684_reviewed	4792_reviewed	1
5537_reviewed	9701_reviewed	1
1454_reviewed	9110_reviewed	1
4609_reviewed	55320_reviewed	1
29128_reviewed	3978_reviewed	1
6667_reviewed	5451_reviewed	1
7251_reviewed	55165_reviewed	1
2902_reviewed	2903_reviewed	1
11338_reviewed	22985_reviewed	1
8452_reviewed	25948_reviewed	1
25862_reviewed	340061_reviewed	1
91445_reviewed	1856_reviewed	1
1647_reviewed	1026_reviewed	1
6602_reviewed	86_reviewed	1
821_reviewed	23344_reviewed	1
8451_reviewed	8450_reviewed	1
5771_reviewed	84792_reviewed	1
25886_reviewed	5082_reviewed	1
2873_reviewed	50813_reviewed	1
55577_reviewed	55577_reviewed	1
9988_reviewed	7157_reviewed	1
57647_reviewed	9533_reviewed	1
7329_reviewed	5987_reviewed	1
6722_reviewed	2962_reviewed	1
4609_reviewed	4221_reviewed	1
7469_reviewed	25920_reviewed	1
6205_reviewed	6194_reviewed	1
1915_reviewed	3921_reviewed	1
6132_reviewed	23521_reviewed	1
5934_reviewed	132660_reviewed	1
79585_reviewed	2060_reviewed	1
6676_reviewed	4956_reviewed	1
23429_reviewed	26053_reviewed	1
7529_reviewed	27342_reviewed	1
10551_reviewed	11315_reviewed	1
6629_reviewed	57794_reviewed	1
79753_reviewed	4609_reviewed	1
10450_reviewed	51340_reviewed	1
10239_reviewed	26985_reviewed	1
84171_reviewed	23028_reviewed	1
7181_reviewed	3066_reviewed	1
5683_reviewed	5711_reviewed	1
8431_reviewed	8856_reviewed	1
64135_reviewed	201292_reviewed	1
29115_reviewed	79837_reviewed	0
7417_reviewed	4702_reviewed	1
10262_reviewed	11100_reviewed	1
56950_reviewed	3320_reviewed	1
7750_reviewed	5371_reviewed	1
1956_reviewed	8650_reviewed	1
5602_reviewed	9088_reviewed	1
7124_reviewed	7124_reviewed	1
2176_reviewed	7184_reviewed	1
4193_reviewed	54552_reviewed	1
8481_reviewed	10807_reviewed	1
5682_reviewed	5696_reviewed	1
8452_reviewed	7415_reviewed	1
4781_reviewed	4784_reviewed	1
22820_reviewed	11316_reviewed	1
2065_reviewed	6464_reviewed	1
23468_reviewed	10036_reviewed	1
7225_reviewed	2534_reviewed	1
6502_reviewed	207_reviewed	1
9592_reviewed	55844_reviewed	1
3065_reviewed	2099_reviewed	1
4893_reviewed	10652_reviewed	1
4204_reviewed	79718_reviewed	1
25843_reviewed	29966_reviewed	1
6125_reviewed	6207_reviewed	1
6187_reviewed	6188_reviewed	1
11171_reviewed	11218_reviewed	1
27_reviewed	27_reviewed	1
2801_reviewed	55138_reviewed	1
6133_reviewed	6188_reviewed	1
56902_reviewed	28987_reviewed	1
9128_reviewed	24148_reviewed	1
2810_reviewed	7681_reviewed	1
9131_reviewed	3028_reviewed	1
1460_reviewed	2146_reviewed	1
817_reviewed	9759_reviewed	1
5770_reviewed	1956_reviewed	1
84612_reviewed	998_reviewed	1
1487_reviewed	1499_reviewed	1
56915_reviewed	5394_reviewed	1
695_reviewed	6776_reviewed	1
4736_reviewed	140801_reviewed	1
51147_reviewed	8500_reviewed	1
1025_reviewed	51574_reviewed	1
1847_reviewed	84445_reviewed	1
5328_reviewed	5270_reviewed	1
1017_reviewed	6272_reviewed	1
6790_reviewed	23276_reviewed	1
1936_reviewed	1936_reviewed	1
4602_reviewed	25942_reviewed	1
23521_reviewed	6194_reviewed	1
27306_reviewed	27306_reviewed	1
6194_reviewed	83743_reviewed	1
7013_reviewed	8658_reviewed	1
54476_reviewed	8678_reviewed	1
23111_reviewed	11059_reviewed	1
9636_reviewed	3091_reviewed	1
9477_reviewed	9862_reviewed	1
51160_reviewed	64170_reviewed	1
79892_reviewed	4172_reviewed	1
10010_reviewed	329_reviewed	1
23310_reviewed	54892_reviewed	1
9770_reviewed	55170_reviewed	1
51343_reviewed	11065_reviewed	1
5709_reviewed	5709_reviewed	1
6045_reviewed	26156_reviewed	1
79813_reviewed	7157_reviewed	1
54556_reviewed	55257_reviewed	1
9149_reviewed	254225_reviewed	1
6929_reviewed	8553_reviewed	1
51593_reviewed	124245_reviewed	1
114803_reviewed	8850_reviewed	1
8452_reviewed	5295_reviewed	1
6124_reviewed	6193_reviewed	1
6810_reviewed	23673_reviewed	1
23016_reviewed	5393_reviewed	1
2664_reviewed	7803_reviewed	0
2099_reviewed	79872_reviewed	1
115752_reviewed	5394_reviewed	1
134510_reviewed	5718_reviewed	1
7150_reviewed	9295_reviewed	1
7416_reviewed	291_reviewed	1
8835_reviewed	55626_reviewed	1
5499_reviewed	11128_reviewed	1
190_reviewed	5460_reviewed	1
7443_reviewed	142_reviewed	1
4233_reviewed	2885_reviewed	1
6500_reviewed	4792_reviewed	1
10551_reviewed	10549_reviewed	1
115752_reviewed	23016_reviewed	1
79047_reviewed	7020_reviewed	1
708_reviewed	1737_reviewed	1
10276_reviewed	1739_reviewed	1
56851_reviewed	284361_reviewed	1
23468_reviewed	115509_reviewed	1
11007_reviewed	54927_reviewed	1
4085_reviewed	10131_reviewed	1
4609_reviewed	8471_reviewed	1
64127_reviewed	54776_reviewed	1
7189_reviewed	841_reviewed	1
10189_reviewed	7919_reviewed	1
5588_reviewed	6885_reviewed	1
55765_reviewed	9266_reviewed	1
4193_reviewed	9099_reviewed	1
3320_reviewed	3091_reviewed	1
5682_reviewed	5692_reviewed	1
2801_reviewed	26121_reviewed	1
9232_reviewed	8454_reviewed	1
3178_reviewed	6294_reviewed	1
7786_reviewed	23542_reviewed	1
5565_reviewed	91544_reviewed	1
1956_reviewed	7316_reviewed	1
3690_reviewed	6464_reviewed	1
11340_reviewed	10200_reviewed	1
23322_reviewed	6103_reviewed	1
116987_reviewed	375_reviewed	1
5499_reviewed	5509_reviewed	1
6138_reviewed	6191_reviewed	1
9774_reviewed	9967_reviewed	1
5728_reviewed	347_reviewed	1
9131_reviewed	9997_reviewed	1
5602_reviewed	409_reviewed	1
8454_reviewed	84261_reviewed	1
930_reviewed	7409_reviewed	1
10856_reviewed	26060_reviewed	1
1856_reviewed	92610_reviewed	1
2202_reviewed	4223_reviewed	1
9045_reviewed	6175_reviewed	1
10273_reviewed	55191_reviewed	1
5868_reviewed	9610_reviewed	1
2191_reviewed	2040_reviewed	1
6468_reviewed	10574_reviewed	1
2968_reviewed	6908_reviewed	1
11124_reviewed	7316_reviewed	1
10939_reviewed	5245_reviewed	1
28986_reviewed	55791_reviewed	0
3725_reviewed	57120_reviewed	1
23788_reviewed	5245_reviewed	1
9861_reviewed	9861_reviewed	1
891_reviewed	3065_reviewed	1
6790_reviewed	5347_reviewed	1
2302_reviewed	5989_reviewed	1
10755_reviewed	87_reviewed	1
10969_reviewed	23212_reviewed	1
2697_reviewed	2060_reviewed	1
8481_reviewed	10806_reviewed	1
8408_reviewed	9817_reviewed	1
4089_reviewed	10363_reviewed	1
348995_reviewed	55746_reviewed	1
4723_reviewed	5160_reviewed	1
9531_reviewed	5831_reviewed	1
1642_reviewed	26100_reviewed	1
1665_reviewed	26986_reviewed	1
4869_reviewed	23560_reviewed	1
1385_reviewed	3725_reviewed	1
2017_reviewed	10097_reviewed	1
351_reviewed	7532_reviewed	1
79833_reviewed	26747_reviewed	1
3663_reviewed	51138_reviewed	1
4193_reviewed	3190_reviewed	1
4074_reviewed	10226_reviewed	1
10856_reviewed	6839_reviewed	1
25980_reviewed	27339_reviewed	1
3725_reviewed	55294_reviewed	1
3092_reviewed	841_reviewed	1
23163_reviewed	57617_reviewed	1
51438_reviewed	6774_reviewed	1
7706_reviewed	10049_reviewed	1
523_reviewed	7416_reviewed	1
26060_reviewed	7879_reviewed	0
93643_reviewed	1739_reviewed	1
10691_reviewed	84676_reviewed	1
4005_reviewed	55236_reviewed	1
5111_reviewed	5982_reviewed	1
7813_reviewed	3619_reviewed	1
1810_reviewed	51562_reviewed	1
6143_reviewed	6125_reviewed	1
10250_reviewed	6428_reviewed	1
5934_reviewed	55957_reviewed	1
7704_reviewed	125115_reviewed	1
7203_reviewed	10574_reviewed	1
7268_reviewed	55737_reviewed	1
9897_reviewed	23325_reviewed	1
3265_reviewed	5818_reviewed	1
3178_reviewed	11222_reviewed	1
3939_reviewed	5538_reviewed	1
3169_reviewed	2099_reviewed	1
331_reviewed	29950_reviewed	1
8462_reviewed	25942_reviewed	1
7189_reviewed	55432_reviewed	1
64210_reviewed	6059_reviewed	1
4215_reviewed	7531_reviewed	1
7324_reviewed	6015_reviewed	1
149041_reviewed	29883_reviewed	1
1196_reviewed	91746_reviewed	1
4893_reviewed	285282_reviewed	1
1499_reviewed	7534_reviewed	1
51203_reviewed	3837_reviewed	1
29079_reviewed	152185_reviewed	1
3091_reviewed	3312_reviewed	1
6804_reviewed	6804_reviewed	1
7187_reviewed	29110_reviewed	1
5690_reviewed	5692_reviewed	1
1956_reviewed	9402_reviewed	1
331_reviewed	192111_reviewed	1
8835_reviewed	571_reviewed	1
10551_reviewed	9669_reviewed	1
1445_reviewed	6945_reviewed	0
10399_reviewed	5142_reviewed	0
9306_reviewed	6748_reviewed	1
29896_reviewed	56257_reviewed	1
10921_reviewed	9295_reviewed	1
1649_reviewed	10920_reviewed	1
6199_reviewed	6189_reviewed	1
2740_reviewed	51637_reviewed	1
5501_reviewed	6205_reviewed	1
51225_reviewed	55740_reviewed	1
55054_reviewed	10574_reviewed	1
7157_reviewed	2965_reviewed	1
6732_reviewed	6426_reviewed	1
6125_reviewed	6201_reviewed	1
27030_reviewed	4438_reviewed	1
5711_reviewed	9861_reviewed	1
8502_reviewed	55914_reviewed	1
3297_reviewed	10928_reviewed	1
5925_reviewed	1523_reviewed	1
2767_reviewed	9368_reviewed	1
10523_reviewed	11017_reviewed	1
387_reviewed	55763_reviewed	0
23291_reviewed	4149_reviewed	1
51185_reviewed	2935_reviewed	1
5700_reviewed	23028_reviewed	1
9782_reviewed	221092_reviewed	1
10419_reviewed	5156_reviewed	1
10551_reviewed	506_reviewed	1
4915_reviewed	8440_reviewed	1
6118_reviewed	6596_reviewed	1
10054_reviewed	10055_reviewed	1
673_reviewed	10253_reviewed	1
6461_reviewed	27040_reviewed	1
5685_reviewed	11338_reviewed	1
23062_reviewed	9135_reviewed	1
6304_reviewed	10210_reviewed	1
64793_reviewed	80817_reviewed	1
7283_reviewed	5202_reviewed	1
2034_reviewed	2034_reviewed	1
8945_reviewed	983_reviewed	1
5318_reviewed	1828_reviewed	1
79101_reviewed	7343_reviewed	1
7013_reviewed	7013_reviewed	1
51741_reviewed	29894_reviewed	1
7316_reviewed	29089_reviewed	1
10980_reviewed	114781_reviewed	1
6714_reviewed	2048_reviewed	1
59349_reviewed	124460_reviewed	1
2064_reviewed	5709_reviewed	1
10273_reviewed	7015_reviewed	1
5194_reviewed	9409_reviewed	0
51010_reviewed	118460_reviewed	1
9342_reviewed	220134_reviewed	1
5887_reviewed	11047_reviewed	1
7385_reviewed	7184_reviewed	1
23142_reviewed	55832_reviewed	1
6175_reviewed	23582_reviewed	1
6625_reviewed	64965_reviewed	1
167691_reviewed	8481_reviewed	1
3660_reviewed	29117_reviewed	1
5598_reviewed	5590_reviewed	1
1956_reviewed	9146_reviewed	1
2091_reviewed	84135_reviewed	1
5337_reviewed	3091_reviewed	1
2177_reviewed	2176_reviewed	1
8464_reviewed	27097_reviewed	1
6886_reviewed	8861_reviewed	1
26994_reviewed	10254_reviewed	1
4218_reviewed	5871_reviewed	1
51295_reviewed	92667_reviewed	1
695_reviewed	5587_reviewed	1
3692_reviewed	6128_reviewed	1
3280_reviewed	2189_reviewed	1
8771_reviewed	356_reviewed	1
6667_reviewed	890_reviewed	1
9861_reviewed	5700_reviewed	1
55763_reviewed	7260_reviewed	1
8856_reviewed	7157_reviewed	1
4615_reviewed	10318_reviewed	1
1017_reviewed	9738_reviewed	1
3866_reviewed	54474_reviewed	1
7343_reviewed	9013_reviewed	1
10540_reviewed	84516_reviewed	1
113130_reviewed	9126_reviewed	1
1445_reviewed	79797_reviewed	0
5977_reviewed	6760_reviewed	1
7514_reviewed	25_reviewed	1
7186_reviewed	8877_reviewed	1
3656_reviewed	80149_reviewed	1
7022_reviewed	51741_reviewed	1
5521_reviewed	65993_reviewed	1
367_reviewed	3065_reviewed	1
8451_reviewed	64708_reviewed	1
6794_reviewed	92335_reviewed	1
4170_reviewed	90427_reviewed	1
5468_reviewed	9326_reviewed	1
208_reviewed	6615_reviewed	1
653121_reviewed	7157_reviewed	1
9861_reviewed	5714_reviewed	1
5925_reviewed	29882_reviewed	1
56257_reviewed	6418_reviewed	1
3006_reviewed	9646_reviewed	1
55703_reviewed	55718_reviewed	1
9091_reviewed	5277_reviewed	1
1642_reviewed	80067_reviewed	1
7706_reviewed	8890_reviewed	1
10528_reviewed	6201_reviewed	1
5829_reviewed	7414_reviewed	1
23063_reviewed	8243_reviewed	1
84541_reviewed	9221_reviewed	1
3572_reviewed	9021_reviewed	1
6134_reviewed	6188_reviewed	1
10940_reviewed	1457_reviewed	1
11124_reviewed	79058_reviewed	1
3178_reviewed	1660_reviewed	1
6125_reviewed	6208_reviewed	1
5592_reviewed	10335_reviewed	1
11060_reviewed	11100_reviewed	1
6222_reviewed	6203_reviewed	1
5058_reviewed	5894_reviewed	1
10250_reviewed	9775_reviewed	1
6184_reviewed	10956_reviewed	1
661_reviewed	9533_reviewed	1
8405_reviewed	7532_reviewed	1
5295_reviewed	30011_reviewed	1
134510_reviewed	10213_reviewed	1
26003_reviewed	23423_reviewed	1
10551_reviewed	3069_reviewed	1
1859_reviewed	150864_reviewed	1
55690_reviewed	23163_reviewed	1
50809_reviewed	10482_reviewed	1
84811_reviewed	27238_reviewed	1
25830_reviewed	5521_reviewed	1
8408_reviewed	8831_reviewed	1
6996_reviewed	51514_reviewed	1
10758_reviewed	29110_reviewed	1
5565_reviewed	9063_reviewed	1
7128_reviewed	6615_reviewed	1
5914_reviewed	6258_reviewed	1
56257_reviewed	11100_reviewed	1
5920_reviewed	57506_reviewed	1
2260_reviewed	5861_reviewed	1
23111_reviewed	4691_reviewed	1
3660_reviewed	10533_reviewed	1
5523_reviewed	5524_reviewed	1
10006_reviewed	10163_reviewed	1
8717_reviewed	8737_reviewed	1
10318_reviewed	29110_reviewed	1
3916_reviewed	81542_reviewed	1
9306_reviewed	27068_reviewed	1
642_reviewed	6159_reviewed	1
7415_reviewed	55968_reviewed	1
6095_reviewed	1642_reviewed	1
7132_reviewed	5580_reviewed	1
1022_reviewed	2960_reviewed	1
9685_reviewed	164_reviewed	1
1915_reviewed	6136_reviewed	1
23190_reviewed	9354_reviewed	1
58477_reviewed	8266_reviewed	1
207_reviewed	5058_reviewed	1
3459_reviewed	6772_reviewed	1
23517_reviewed	56915_reviewed	0
10980_reviewed	54876_reviewed	1
54764_reviewed	7871_reviewed	1
9232_reviewed	754_reviewed	1
1627_reviewed	2934_reviewed	1
54700_reviewed	9014_reviewed	1
7750_reviewed	23186_reviewed	1
1994_reviewed	5743_reviewed	1
10551_reviewed	10155_reviewed	1
991_reviewed	28960_reviewed	1
8497_reviewed	10499_reviewed	1
6191_reviewed	6204_reviewed	1
9588_reviewed	841_reviewed	1
695_reviewed	29760_reviewed	1
6461_reviewed	6714_reviewed	1
1956_reviewed	7535_reviewed	1
3845_reviewed	57488_reviewed	1
571_reviewed	6925_reviewed	1
5610_reviewed	6895_reviewed	1
11228_reviewed	7159_reviewed	1
79047_reviewed	3309_reviewed	1
889_reviewed	5331_reviewed	1
9400_reviewed	5431_reviewed	1
995_reviewed	983_reviewed	1
3091_reviewed	23081_reviewed	1
1080_reviewed	23534_reviewed	1
51720_reviewed	983_reviewed	1
6945_reviewed	7551_reviewed	0
5111_reviewed	2023_reviewed	1
57624_reviewed	10787_reviewed	1
4609_reviewed	10294_reviewed	1
4609_reviewed	9330_reviewed	1
79892_reviewed	4176_reviewed	1
79872_reviewed	9589_reviewed	1
10076_reviewed	55219_reviewed	1
55763_reviewed	3798_reviewed	1
1838_reviewed	23636_reviewed	1
5618_reviewed	7006_reviewed	1
3326_reviewed	3308_reviewed	1
5457_reviewed	2099_reviewed	1
558_reviewed	5295_reviewed	1
5926_reviewed	3065_reviewed	1
1072_reviewed	5478_reviewed	1
6628_reviewed	6631_reviewed	1
2091_reviewed	3836_reviewed	1
5829_reviewed	2185_reviewed	1
55664_reviewed	5894_reviewed	0
6427_reviewed	10413_reviewed	1
166824_reviewed	6789_reviewed	1
23411_reviewed	9575_reviewed	1
2091_reviewed	23223_reviewed	1
4303_reviewed	207_reviewed	1
5432_reviewed	6829_reviewed	1
6416_reviewed	5602_reviewed	1
9219_reviewed	9112_reviewed	1
4736_reviewed	6122_reviewed	1
26146_reviewed	60_reviewed	1
5468_reviewed	1956_reviewed	1
51574_reviewed	6780_reviewed	1
5824_reviewed	5192_reviewed	1
11339_reviewed	23028_reviewed	1
26270_reviewed	30001_reviewed	1
10013_reviewed	5315_reviewed	1
64375_reviewed	7803_reviewed	0
3320_reviewed	695_reviewed	1
79648_reviewed	6601_reviewed	1
81887_reviewed	27043_reviewed	1
6502_reviewed	27250_reviewed	1
1457_reviewed	11198_reviewed	1
11124_reviewed	439_reviewed	1
993_reviewed	4217_reviewed	1
24144_reviewed	4193_reviewed	1
10460_reviewed	51343_reviewed	1
24144_reviewed	29844_reviewed	1
6943_reviewed	6938_reviewed	1
7010_reviewed	857_reviewed	1
9267_reviewed	10139_reviewed	1
6135_reviewed	6136_reviewed	1
79654_reviewed	10892_reviewed	1
10980_reviewed	25793_reviewed	1
5298_reviewed	23062_reviewed	1
3667_reviewed	23411_reviewed	1
2309_reviewed	5524_reviewed	1
22820_reviewed	22820_reviewed	1
5594_reviewed	5468_reviewed	1
4067_reviewed	1796_reviewed	1
9020_reviewed	7185_reviewed	1
2059_reviewed	1855_reviewed	1
5810_reviewed	2956_reviewed	1
7307_reviewed	8227_reviewed	0
6909_reviewed	1958_reviewed	1
4967_reviewed	1743_reviewed	1
7157_reviewed	8382_reviewed	0
128674_reviewed	128674_reviewed	1
1911_reviewed	80012_reviewed	1
6714_reviewed	5338_reviewed	1
3312_reviewed	2580_reviewed	1
54413_reviewed	10965_reviewed	1
1602_reviewed	7329_reviewed	1
10325_reviewed	55004_reviewed	1
80153_reviewed	167227_reviewed	1
2091_reviewed	3276_reviewed	1
1956_reviewed	3598_reviewed	1
22981_reviewed	23368_reviewed	1
8405_reviewed	1019_reviewed	1
9063_reviewed	3725_reviewed	1
283807_reviewed	88_reviewed	1
5036_reviewed	25942_reviewed	1
1053_reviewed	8554_reviewed	1
10399_reviewed	8726_reviewed	1
8517_reviewed	10892_reviewed	1
51035_reviewed	55658_reviewed	1
10783_reviewed	5252_reviewed	1
6500_reviewed	84261_reviewed	1
142_reviewed	3306_reviewed	1
5295_reviewed	25948_reviewed	1
467_reviewed	3726_reviewed	1
1212_reviewed	9026_reviewed	1
5774_reviewed	6510_reviewed	1
10135_reviewed	2512_reviewed	1
8835_reviewed	29927_reviewed	1
1493_reviewed	29126_reviewed	0
8717_reviewed	6772_reviewed	1
8480_reviewed	11124_reviewed	1
7187_reviewed	23636_reviewed	1
9867_reviewed	5576_reviewed	1
3265_reviewed	6093_reviewed	1
5716_reviewed	4193_reviewed	1
4646_reviewed	404093_reviewed	1
5245_reviewed	4722_reviewed	1
4772_reviewed	1385_reviewed	1
55723_reviewed	5928_reviewed	1
9306_reviewed	8503_reviewed	1
29105_reviewed	23568_reviewed	1
79598_reviewed	10910_reviewed	1
5981_reviewed	5111_reviewed	1
9306_reviewed	4924_reviewed	1
3265_reviewed	54922_reviewed	1
23028_reviewed	1869_reviewed	1
1445_reviewed	55422_reviewed	0
22927_reviewed	3276_reviewed	1
2934_reviewed	351_reviewed	1
3191_reviewed	55666_reviewed	1
6147_reviewed	6189_reviewed	1
79968_reviewed	7508_reviewed	1
5245_reviewed	4719_reviewed	1
660_reviewed	5747_reviewed	1
1445_reviewed	29115_reviewed	0
8468_reviewed	11140_reviewed	1
5688_reviewed	5691_reviewed	1
8451_reviewed	4193_reviewed	1
54165_reviewed	8065_reviewed	1
27338_reviewed	991_reviewed	1
9636_reviewed	3434_reviewed	1
23030_reviewed	11091_reviewed	1
26146_reviewed	9618_reviewed	0
5562_reviewed	2289_reviewed	1
2984_reviewed	79849_reviewed	1
7329_reviewed	5901_reviewed	1
2099_reviewed	2934_reviewed	1
329_reviewed	7186_reviewed	1
10969_reviewed	6194_reviewed	1
10200_reviewed	22894_reviewed	0
4137_reviewed	29993_reviewed	1
207_reviewed	1499_reviewed	1
7189_reviewed	329_reviewed	1
54970_reviewed	145282_reviewed	1
57531_reviewed	54221_reviewed	1
29984_reviewed	51479_reviewed	1
4149_reviewed	83746_reviewed	1
8453_reviewed	1869_reviewed	1
1051_reviewed	80149_reviewed	1
3760_reviewed	3762_reviewed	1
26270_reviewed	8454_reviewed	1
84916_reviewed	84135_reviewed	1
10514_reviewed	5089_reviewed	0
4193_reviewed	3337_reviewed	1
8717_reviewed	8717_reviewed	1
4000_reviewed	6117_reviewed	1
5331_reviewed	9351_reviewed	1
2091_reviewed	9221_reviewed	1
138639_reviewed	5594_reviewed	1
7334_reviewed	90678_reviewed	1
2191_reviewed	1803_reviewed	1
57599_reviewed	7316_reviewed	1
57007_reviewed	506_reviewed	1
573_reviewed	3308_reviewed	1
9260_reviewed	11060_reviewed	1
8110_reviewed	1460_reviewed	1
5588_reviewed	867_reviewed	1
9108_reviewed	9108_reviewed	1
1630_reviewed	5594_reviewed	1
10856_reviewed	9894_reviewed	1
5664_reviewed	27250_reviewed	1
51341_reviewed	1915_reviewed	1
6187_reviewed	6189_reviewed	1
10514_reviewed	6141_reviewed	1
1017_reviewed	5573_reviewed	1
6133_reviewed	6187_reviewed	1
4609_reviewed	5317_reviewed	1
2185_reviewed	8932_reviewed	1
25942_reviewed	51742_reviewed	1
4869_reviewed	5335_reviewed	1
3308_reviewed	6449_reviewed	1
4091_reviewed	51592_reviewed	0
6045_reviewed	1655_reviewed	1
3066_reviewed	9203_reviewed	1
162989_reviewed	9330_reviewed	1
10014_reviewed	1937_reviewed	1
149420_reviewed	339448_reviewed	1
85415_reviewed	388_reviewed	1
81857_reviewed	2099_reviewed	1
9391_reviewed	1763_reviewed	1
9402_reviewed	10617_reviewed	1
990_reviewed	4176_reviewed	1
22796_reviewed	84342_reviewed	1
92140_reviewed	10210_reviewed	1
7415_reviewed	29015_reviewed	1
5499_reviewed	5202_reviewed	1
1017_reviewed	10036_reviewed	1
4794_reviewed	4791_reviewed	1
5460_reviewed	11091_reviewed	1
5701_reviewed	5709_reviewed	1
409_reviewed	4193_reviewed	1
79666_reviewed	64769_reviewed	1
3607_reviewed	5978_reviewed	1
5641_reviewed	6418_reviewed	1
5578_reviewed	5468_reviewed	1
1635_reviewed	1635_reviewed	1
5914_reviewed	81_reviewed	1
5133_reviewed	8651_reviewed	1
3190_reviewed	26121_reviewed	1
7187_reviewed	65018_reviewed	1
7703_reviewed	22955_reviewed	1
11200_reviewed	995_reviewed	1
403_reviewed	23568_reviewed	1
9217_reviewed	26031_reviewed	1
84676_reviewed	7384_reviewed	1
54442_reviewed	7552_reviewed	1
4790_reviewed	4790_reviewed	1
11130_reviewed	699_reviewed	1
571_reviewed	7157_reviewed	1
154_reviewed	6775_reviewed	1
26273_reviewed	57154_reviewed	1
5566_reviewed	23432_reviewed	1
3551_reviewed	4792_reviewed	1
23035_reviewed	81609_reviewed	1
5506_reviewed	10848_reviewed	1
26524_reviewed	6615_reviewed	1
7415_reviewed	5682_reviewed	1
134549_reviewed	4162_reviewed	1
90390_reviewed	6837_reviewed	1
6774_reviewed	1026_reviewed	1
6464_reviewed	160_reviewed	1
4609_reviewed	10556_reviewed	1
6774_reviewed	6885_reviewed	1
80817_reviewed	220082_reviewed	1
27252_reviewed	55170_reviewed	1
23435_reviewed	988_reviewed	1
207_reviewed	7428_reviewed	1
8874_reviewed	867_reviewed	1
8930_reviewed	29128_reviewed	1
55723_reviewed	4171_reviewed	1
57154_reviewed	3622_reviewed	1
55743_reviewed	6596_reviewed	1
1956_reviewed	6456_reviewed	1
26548_reviewed	57510_reviewed	1
6125_reviewed	6129_reviewed	1
4109_reviewed	29902_reviewed	1
5695_reviewed	5691_reviewed	1
23162_reviewed	4217_reviewed	1
860_reviewed	3065_reviewed	1
356_reviewed	2885_reviewed	1
9097_reviewed	367_reviewed	1
6248_reviewed	4953_reviewed	1
1327_reviewed	5245_reviewed	1
661_reviewed	55703_reviewed	1
5702_reviewed	5694_reviewed	1
85369_reviewed	11235_reviewed	1
4691_reviewed	10360_reviewed	1
367_reviewed	9318_reviewed	1
3172_reviewed	7157_reviewed	1
3376_reviewed	5859_reviewed	1
5499_reviewed	51729_reviewed	1
7706_reviewed	55072_reviewed	1
6780_reviewed	7846_reviewed	1
5970_reviewed	4221_reviewed	1
51530_reviewed	8454_reviewed	1
23411_reviewed	328_reviewed	1
22822_reviewed	8761_reviewed	1
10213_reviewed	7337_reviewed	1
54998_reviewed	51116_reviewed	1
10370_reviewed	26234_reviewed	1
2064_reviewed	9463_reviewed	1
51574_reviewed	9136_reviewed	1
4681_reviewed	29979_reviewed	1
55626_reviewed	10381_reviewed	1
22981_reviewed	55165_reviewed	1
2064_reviewed	4914_reviewed	1
23411_reviewed	10155_reviewed	1
7080_reviewed	1642_reviewed	1
56937_reviewed	8027_reviewed	1
26270_reviewed	5547_reviewed	1
2289_reviewed	3611_reviewed	1
57162_reviewed	330_reviewed	1
132320_reviewed	7798_reviewed	1
9555_reviewed	142_reviewed	1
7428_reviewed	1856_reviewed	1
9636_reviewed	3329_reviewed	1
9126_reviewed	23047_reviewed	1
7508_reviewed	142_reviewed	1
11279_reviewed	142_reviewed	1
1906_reviewed	1906_reviewed	1
29945_reviewed	51433_reviewed	1
29089_reviewed	29089_reviewed	1
602_reviewed	580_reviewed	1
9402_reviewed	11184_reviewed	1
9319_reviewed	57048_reviewed	1
11124_reviewed	79726_reviewed	1
55257_reviewed	54799_reviewed	1
55973_reviewed	10134_reviewed	1
207_reviewed	1147_reviewed	1
221302_reviewed	6118_reviewed	1
1196_reviewed	10921_reviewed	1
7324_reviewed	6047_reviewed	1
8445_reviewed	3320_reviewed	1
5861_reviewed	64780_reviewed	1
8481_reviewed	10464_reviewed	1
1039_reviewed	3895_reviewed	1
51343_reviewed	8697_reviewed	1
7316_reviewed	8945_reviewed	1
5788_reviewed	4067_reviewed	1
55844_reviewed	908_reviewed	1
7316_reviewed	10241_reviewed	1
8450_reviewed	3065_reviewed	1
7706_reviewed	23534_reviewed	1
4292_reviewed	22909_reviewed	1
5606_reviewed	6137_reviewed	1
1655_reviewed	22938_reviewed	1
5195_reviewed	8799_reviewed	0
391_reviewed	255520_reviewed	1
23411_reviewed	7486_reviewed	1
83933_reviewed	3312_reviewed	1
2175_reviewed	6117_reviewed	1
1508_reviewed	325_reviewed	1
5518_reviewed	1152_reviewed	1
9933_reviewed	6194_reviewed	1
2099_reviewed	5518_reviewed	1
5997_reviewed	5589_reviewed	1
3320_reviewed	5567_reviewed	1
55363_reviewed	51138_reviewed	1
6138_reviewed	6208_reviewed	1
8451_reviewed	80344_reviewed	1
6688_reviewed	1788_reviewed	1
92822_reviewed	653121_reviewed	1
65265_reviewed	9001_reviewed	1
7538_reviewed	7533_reviewed	1
27339_reviewed	23450_reviewed	1
29079_reviewed	9851_reviewed	1
10728_reviewed	2289_reviewed	1
7329_reviewed	128866_reviewed	1
8464_reviewed	23450_reviewed	1
2908_reviewed	8648_reviewed	1
6117_reviewed	6118_reviewed	1
3662_reviewed	8767_reviewed	1
408_reviewed	407_reviewed	1
3309_reviewed	2081_reviewed	1
10616_reviewed	2099_reviewed	1
10413_reviewed	142_reviewed	1
4609_reviewed	51776_reviewed	1
5499_reviewed	4137_reviewed	1
7186_reviewed	83461_reviewed	1
5601_reviewed	995_reviewed	1
9531_reviewed	5049_reviewed	1
5501_reviewed	10084_reviewed	1
10221_reviewed	1050_reviewed	1
6657_reviewed	4781_reviewed	1
154_reviewed	226_reviewed	1
1026_reviewed	1642_reviewed	1
5777_reviewed	6430_reviewed	1
23604_reviewed	23604_reviewed	1
3624_reviewed	90_reviewed	0
11335_reviewed	10138_reviewed	1
6147_reviewed	6201_reviewed	1
595_reviewed	6774_reviewed	1
4893_reviewed	9712_reviewed	1
10524_reviewed	367_reviewed	1
8932_reviewed	8932_reviewed	1
55432_reviewed	7415_reviewed	1
26190_reviewed	6502_reviewed	1
408_reviewed	10971_reviewed	1
7531_reviewed	7529_reviewed	1
1499_reviewed	7184_reviewed	0
56288_reviewed	3840_reviewed	1
4904_reviewed	8454_reviewed	1
9373_reviewed	7415_reviewed	1
6194_reviewed	64960_reviewed	1
2078_reviewed	3187_reviewed	1
811_reviewed	5551_reviewed	1
3066_reviewed	8543_reviewed	1
5687_reviewed	5713_reviewed	1
768_reviewed	3688_reviewed	1
27350_reviewed	57761_reviewed	1
8405_reviewed	3651_reviewed	1
5499_reviewed	11228_reviewed	1
6310_reviewed	11030_reviewed	1
3091_reviewed	768_reviewed	1
2801_reviewed	4176_reviewed	1
554_reviewed	554_reviewed	1
2521_reviewed	1655_reviewed	1
1956_reviewed	4058_reviewed	1
55689_reviewed	10474_reviewed	1
2131_reviewed	2132_reviewed	1
8065_reviewed	7316_reviewed	1
8328_reviewed	4753_reviewed	1
9500_reviewed	266743_reviewed	1
10514_reviewed	6194_reviewed	1
83590_reviewed	267_reviewed	1
7186_reviewed	71_reviewed	1
5794_reviewed	3932_reviewed	1
29128_reviewed	2146_reviewed	1
22800_reviewed	9610_reviewed	1
3720_reviewed	5931_reviewed	1
9638_reviewed	23286_reviewed	1
7251_reviewed	23295_reviewed	1
7385_reviewed	1327_reviewed	1
8533_reviewed	51138_reviewed	1
5987_reviewed	8554_reviewed	1
8994_reviewed	7189_reviewed	1
5901_reviewed	91754_reviewed	1
5682_reviewed	5718_reviewed	1
11059_reviewed	2066_reviewed	1
387_reviewed	637_reviewed	1
3845_reviewed	1915_reviewed	1
7704_reviewed	27033_reviewed	1
11116_reviewed	84984_reviewed	1
2288_reviewed	2908_reviewed	1
7529_reviewed	200186_reviewed	1
5241_reviewed	2099_reviewed	1
2100_reviewed	9440_reviewed	1
83933_reviewed	10155_reviewed	1
2898_reviewed	1742_reviewed	1
867_reviewed	5335_reviewed	1
578_reviewed	581_reviewed	1
83596_reviewed	581_reviewed	1
80755_reviewed	8471_reviewed	1
1869_reviewed	1643_reviewed	1
5862_reviewed	7416_reviewed	1
7316_reviewed	3091_reviewed	1
116224_reviewed	5518_reviewed	1
29110_reviewed	27161_reviewed	1
867_reviewed	5818_reviewed	1
3364_reviewed	5111_reviewed	1
26270_reviewed	10525_reviewed	1
6009_reviewed	7879_reviewed	1
5152_reviewed	5152_reviewed	1
55588_reviewed	9440_reviewed	1
22985_reviewed	6733_reviewed	1
9128_reviewed	8899_reviewed	1
11193_reviewed	2130_reviewed	1
22981_reviewed	57480_reviewed	1
23421_reviewed	23647_reviewed	1
3093_reviewed	196403_reviewed	1
90_reviewed	4090_reviewed	1
26003_reviewed	8548_reviewed	1
4287_reviewed	9524_reviewed	1
10155_reviewed	5499_reviewed	1
5739_reviewed	2778_reviewed	1
5276_reviewed	29979_reviewed	1
29924_reviewed	2060_reviewed	1
3837_reviewed	8480_reviewed	1
83746_reviewed	7027_reviewed	1
11221_reviewed	5599_reviewed	1
132320_reviewed	11116_reviewed	1
56992_reviewed	26128_reviewed	1
2263_reviewed	9146_reviewed	1
862_reviewed	79173_reviewed	1
2534_reviewed	2023_reviewed	1
7884_reviewed	9811_reviewed	1
495_reviewed	6809_reviewed	1
367_reviewed	367_reviewed	1
4000_reviewed	819_reviewed	0
51253_reviewed	64978_reviewed	1
84970_reviewed	93487_reviewed	1
10528_reviewed	23212_reviewed	1
5719_reviewed	5682_reviewed	1
10514_reviewed	6208_reviewed	1
55294_reviewed	9282_reviewed	1
54778_reviewed	6497_reviewed	1
4149_reviewed	1876_reviewed	1
3090_reviewed	1488_reviewed	1
1487_reviewed	2122_reviewed	1
9232_reviewed	55844_reviewed	1
51339_reviewed	7529_reviewed	1
7874_reviewed	64844_reviewed	1
3476_reviewed	10576_reviewed	1
4747_reviewed	55791_reviewed	0
1200_reviewed	25913_reviewed	1
5111_reviewed	7486_reviewed	1
1499_reviewed	4841_reviewed	1
9425_reviewed	10919_reviewed	1
80342_reviewed	85369_reviewed	1
56851_reviewed	9694_reviewed	1
6208_reviewed	6201_reviewed	1
4691_reviewed	10419_reviewed	1
83852_reviewed	120534_reviewed	1
51343_reviewed	51433_reviewed	1
7251_reviewed	84440_reviewed	1
6794_reviewed	5728_reviewed	1
2908_reviewed	5481_reviewed	1
1845_reviewed	5594_reviewed	1
3638_reviewed	267_reviewed	1
821_reviewed	23223_reviewed	1
867_reviewed	5979_reviewed	1
55626_reviewed	5071_reviewed	1
121441_reviewed	6950_reviewed	1
80824_reviewed	5601_reviewed	1
84433_reviewed	5518_reviewed	1
27252_reviewed	1612_reviewed	1
5693_reviewed	5719_reviewed	1
4110_reviewed	23059_reviewed	1
2648_reviewed	5970_reviewed	1
1660_reviewed	4691_reviewed	1
975_reviewed	3184_reviewed	1
1742_reviewed	8324_reviewed	1
29117_reviewed	11100_reviewed	1
1956_reviewed	8517_reviewed	1
51726_reviewed	375484_reviewed	1
8315_reviewed	6502_reviewed	1
10989_reviewed	333_reviewed	0
26548_reviewed	8394_reviewed	1
10015_reviewed	10015_reviewed	1
142_reviewed	7067_reviewed	1
1859_reviewed	9778_reviewed	1
5252_reviewed	25942_reviewed	1
650_reviewed	659_reviewed	1
84944_reviewed	26986_reviewed	1
23300_reviewed	56897_reviewed	1
1263_reviewed	3091_reviewed	1
55662_reviewed	114876_reviewed	1
23595_reviewed	23594_reviewed	1
151648_reviewed	23468_reviewed	1
2885_reviewed	9564_reviewed	1
9958_reviewed	158_reviewed	1
25898_reviewed	7157_reviewed	1
8454_reviewed	3308_reviewed	1
5594_reviewed	10174_reviewed	1
3621_reviewed	6599_reviewed	1
421_reviewed	1013_reviewed	1
80227_reviewed	5714_reviewed	1
9306_reviewed	10456_reviewed	1
65005_reviewed	6182_reviewed	1
1789_reviewed	24137_reviewed	1
3837_reviewed	4088_reviewed	1
54998_reviewed	64963_reviewed	1
57602_reviewed	6648_reviewed	1
54799_reviewed	55929_reviewed	1
23048_reviewed	8658_reviewed	1
10551_reviewed	6133_reviewed	1
9702_reviewed	80254_reviewed	1
54925_reviewed	55663_reviewed	1
5685_reviewed	5687_reviewed	1
10274_reviewed	23047_reviewed	1
6850_reviewed	3635_reviewed	1
4217_reviewed	7128_reviewed	1
10459_reviewed	2969_reviewed	1
149041_reviewed	4849_reviewed	1
6657_reviewed	1499_reviewed	1
7289_reviewed	55764_reviewed	1
7423_reviewed	7422_reviewed	1
10971_reviewed	5139_reviewed	1
4000_reviewed	9063_reviewed	1
7447_reviewed	113878_reviewed	1
11091_reviewed	2648_reviewed	1
10013_reviewed	9373_reviewed	1
6222_reviewed	6194_reviewed	1
54888_reviewed	4869_reviewed	1
5610_reviewed	890_reviewed	1
4691_reviewed	6122_reviewed	1
148022_reviewed	7189_reviewed	1
5597_reviewed	10980_reviewed	1
467_reviewed	10524_reviewed	1
8626_reviewed	4193_reviewed	1
7905_reviewed	92840_reviewed	1
7884_reviewed	899_reviewed	1
6625_reviewed	8227_reviewed	0
10528_reviewed	6141_reviewed	1
10625_reviewed	4670_reviewed	1
9782_reviewed	10657_reviewed	1
64170_reviewed	64170_reviewed	1
9135_reviewed	9135_reviewed	1
329_reviewed	3608_reviewed	1
9218_reviewed	523_reviewed	1
27040_reviewed	867_reviewed	1
1026_reviewed	4171_reviewed	0
7186_reviewed	9099_reviewed	1
1846_reviewed	5599_reviewed	1
3065_reviewed	10320_reviewed	1
6134_reviewed	56257_reviewed	1
4137_reviewed	5648_reviewed	1
378884_reviewed	1856_reviewed	1
51361_reviewed	51361_reviewed	1
10987_reviewed	55643_reviewed	1
641_reviewed	6117_reviewed	1
3866_reviewed	79050_reviewed	1
7020_reviewed	5970_reviewed	1
6124_reviewed	6188_reviewed	1
9839_reviewed	1487_reviewed	1
4005_reviewed	2624_reviewed	1
8450_reviewed	1788_reviewed	1
22832_reviewed	22994_reviewed	1
5564_reviewed	51422_reviewed	1
5565_reviewed	5717_reviewed	1
2521_reviewed	3184_reviewed	1
4221_reviewed	10926_reviewed	1
162_reviewed	273_reviewed	1
7083_reviewed	51343_reviewed	1
7179_reviewed	1434_reviewed	1
23048_reviewed	7454_reviewed	1
92597_reviewed	9113_reviewed	1
150737_reviewed	79989_reviewed	1
3916_reviewed	9601_reviewed	1
22894_reviewed	51013_reviewed	0
4868_reviewed	2534_reviewed	1
539_reviewed	4702_reviewed	1
10938_reviewed	64145_reviewed	1
329_reviewed	842_reviewed	1
8861_reviewed	170463_reviewed	1
1409_reviewed	1411_reviewed	1
8208_reviewed	25842_reviewed	1
1207_reviewed	134353_reviewed	1
4000_reviewed	55100_reviewed	1
23197_reviewed	28976_reviewed	1
6142_reviewed	6141_reviewed	1
80314_reviewed	8607_reviewed	1
409_reviewed	5595_reviewed	1
55588_reviewed	5436_reviewed	1
9584_reviewed	58517_reviewed	1
7161_reviewed	5580_reviewed	1
10015_reviewed	553115_reviewed	1
23016_reviewed	23016_reviewed	0
3172_reviewed	6871_reviewed	1
7405_reviewed	11274_reviewed	1
1460_reviewed	94_reviewed	1
149041_reviewed	57532_reviewed	1
23028_reviewed	6599_reviewed	1
3320_reviewed	1147_reviewed	1
9410_reviewed	9343_reviewed	1
3265_reviewed	79968_reviewed	1
23028_reviewed	57504_reviewed	1
79004_reviewed	23645_reviewed	1
1408_reviewed	5536_reviewed	1
4193_reviewed	1915_reviewed	1
10189_reviewed	80145_reviewed	1
79172_reviewed	23421_reviewed	1
93_reviewed	91_reviewed	1
9869_reviewed	23197_reviewed	1
2078_reviewed	1994_reviewed	1
1454_reviewed	8864_reviewed	1
2992_reviewed	2997_reviewed	1
29922_reviewed	84260_reviewed	1
10987_reviewed	55958_reviewed	1
5718_reviewed	5710_reviewed	1
81858_reviewed	9825_reviewed	1
4849_reviewed	7803_reviewed	0
6297_reviewed	83637_reviewed	1
6103_reviewed	57096_reviewed	1
821_reviewed	3895_reviewed	1
118460_reviewed	23016_reviewed	1
8314_reviewed	688_reviewed	1
7014_reviewed	54386_reviewed	1
57560_reviewed	51098_reviewed	1
4094_reviewed	8078_reviewed	1
30011_reviewed	55114_reviewed	1
8697_reviewed	701_reviewed	1
3065_reviewed	4193_reviewed	1
3326_reviewed	2103_reviewed	1
4744_reviewed	5585_reviewed	1
867_reviewed	5636_reviewed	1
122809_reviewed	65018_reviewed	1
5300_reviewed	7186_reviewed	1
5515_reviewed	92105_reviewed	1
4436_reviewed	9100_reviewed	1
1080_reviewed	2010_reviewed	1
54453_reviewed	54453_reviewed	1
2099_reviewed	6133_reviewed	1
3065_reviewed	10362_reviewed	1
6627_reviewed	23451_reviewed	1
6801_reviewed	26127_reviewed	1
7417_reviewed	4704_reviewed	1
10318_reviewed	7132_reviewed	1
55308_reviewed	7514_reviewed	1
9114_reviewed	5862_reviewed	1
4609_reviewed	10286_reviewed	1
2113_reviewed	1616_reviewed	1
25942_reviewed	64426_reviewed	1
7337_reviewed	5708_reviewed	1
5928_reviewed	5931_reviewed	1
8048_reviewed	9759_reviewed	1
6184_reviewed	9524_reviewed	1
55729_reviewed	4152_reviewed	1
1956_reviewed	1967_reviewed	1
6880_reviewed	3836_reviewed	1
11331_reviewed	3065_reviewed	1
23492_reviewed	10336_reviewed	1
6136_reviewed	6139_reviewed	1
25980_reviewed	84138_reviewed	1
286827_reviewed	51295_reviewed	1
6714_reviewed	79585_reviewed	1
10726_reviewed	51400_reviewed	1
8650_reviewed	2735_reviewed	1
9636_reviewed	5725_reviewed	1
26147_reviewed	2145_reviewed	1
580_reviewed	5932_reviewed	1
5717_reviewed	5718_reviewed	1
6790_reviewed	8897_reviewed	1
91137_reviewed	23788_reviewed	1
200933_reviewed	1499_reviewed	1
10617_reviewed	5119_reviewed	1
51530_reviewed	6500_reviewed	1
8661_reviewed	8669_reviewed	1
4646_reviewed	160_reviewed	1
29760_reviewed	5336_reviewed	1
10856_reviewed	3309_reviewed	1
55072_reviewed	8517_reviewed	1
5193_reviewed	5194_reviewed	0
9441_reviewed	4300_reviewed	1
8487_reviewed	6625_reviewed	1
8797_reviewed	3959_reviewed	1
2010_reviewed	6907_reviewed	1
7520_reviewed	580_reviewed	1
5715_reviewed	5702_reviewed	1
65080_reviewed	7431_reviewed	1
367_reviewed	56924_reviewed	1
6207_reviewed	3921_reviewed	1
154075_reviewed	23028_reviewed	1
9181_reviewed	55291_reviewed	1
898_reviewed	5424_reviewed	1
27243_reviewed	10617_reviewed	1
55664_reviewed	29765_reviewed	1
5048_reviewed	1641_reviewed	1
154214_reviewed	10456_reviewed	1
8945_reviewed	4898_reviewed	1
81847_reviewed	154796_reviewed	1
7706_reviewed	6204_reviewed	1
27339_reviewed	6625_reviewed	1
8835_reviewed	22950_reviewed	1
51132_reviewed	4193_reviewed	1
6648_reviewed	4190_reviewed	1
2260_reviewed	7750_reviewed	1
2660_reviewed	10272_reviewed	1
55613_reviewed	10963_reviewed	1
9531_reviewed	230_reviewed	1
23203_reviewed	9512_reviewed	1
9045_reviewed	6202_reviewed	1
4089_reviewed	64750_reviewed	0
8799_reviewed	9409_reviewed	0
6128_reviewed	6189_reviewed	1
79656_reviewed	84619_reviewed	1
3837_reviewed	10527_reviewed	1
10465_reviewed	10713_reviewed	0
7803_reviewed	79797_reviewed	0
3916_reviewed	54664_reviewed	1
79657_reviewed	55011_reviewed	1
7534_reviewed	89953_reviewed	1
353_reviewed	7372_reviewed	1
3178_reviewed	10147_reviewed	1
1994_reviewed	3091_reviewed	1
5460_reviewed	4691_reviewed	1
10193_reviewed	53347_reviewed	1
1861_reviewed	51138_reviewed	1
10926_reviewed	23594_reviewed	1
3854_reviewed	3866_reviewed	1
1891_reviewed	10455_reviewed	1
174_reviewed	331_reviewed	1
2931_reviewed	152185_reviewed	1
84859_reviewed	10910_reviewed	1
55957_reviewed	5928_reviewed	1
1080_reviewed	8773_reviewed	1
9958_reviewed	8237_reviewed	1
5518_reviewed	8499_reviewed	1
5690_reviewed	10213_reviewed	1
8835_reviewed	23310_reviewed	1
5371_reviewed	3725_reviewed	1
50628_reviewed	79885_reviewed	1
27342_reviewed	1956_reviewed	1
4719_reviewed	4723_reviewed	1
79657_reviewed	11128_reviewed	1
79657_reviewed	8725_reviewed	1
3066_reviewed	5371_reviewed	1
509_reviewed	1956_reviewed	1
7520_reviewed	4999_reviewed	1
3329_reviewed	10935_reviewed	1
8915_reviewed	79092_reviewed	1
8575_reviewed	23029_reviewed	1
7532_reviewed	10298_reviewed	1
1636_reviewed	1457_reviewed	1
5191_reviewed	5192_reviewed	0
64745_reviewed	220082_reviewed	1
1445_reviewed	4849_reviewed	0
3430_reviewed	6737_reviewed	1
8517_reviewed	81858_reviewed	1
6137_reviewed	6175_reviewed	1
23309_reviewed	55182_reviewed	1
7428_reviewed	11200_reviewed	1
7917_reviewed	51035_reviewed	1
9444_reviewed	23543_reviewed	1
841_reviewed	8772_reviewed	1
4609_reviewed	6950_reviewed	1
26086_reviewed	55291_reviewed	1
6139_reviewed	6193_reviewed	1
6790_reviewed	6790_reviewed	1
8312_reviewed	28996_reviewed	1
2969_reviewed	5595_reviewed	1
2885_reviewed	9185_reviewed	1
57180_reviewed	81873_reviewed	1
6714_reviewed	8517_reviewed	1
6256_reviewed	8031_reviewed	1
9830_reviewed	5537_reviewed	1
10551_reviewed	6238_reviewed	1
5663_reviewed	11140_reviewed	1
6195_reviewed	4792_reviewed	1
2130_reviewed	11100_reviewed	1
6303_reviewed	84708_reviewed	1
7706_reviewed	3006_reviewed	1
26088_reviewed	23163_reviewed	1
3066_reviewed	9555_reviewed	1
10919_reviewed	79813_reviewed	1
154_reviewed	7417_reviewed	1
10002_reviewed	53335_reviewed	1
9129_reviewed	27339_reviewed	1
4173_reviewed	4176_reviewed	1
22936_reviewed	4299_reviewed	1
401541_reviewed	23421_reviewed	1
867_reviewed	2889_reviewed	1
144699_reviewed	6500_reviewed	1
9218_reviewed	7416_reviewed	1
162989_reviewed	843_reviewed	0
22796_reviewed	91949_reviewed	1
51135_reviewed	114609_reviewed	1
51106_reviewed	7019_reviewed	1
84759_reviewed	6015_reviewed	1
1386_reviewed	10856_reviewed	1
29079_reviewed	112950_reviewed	1
7593_reviewed	51282_reviewed	1
29110_reviewed	57521_reviewed	1
996_reviewed	996_reviewed	1
29114_reviewed	8407_reviewed	1
5058_reviewed	728642_reviewed	1
1024_reviewed	9150_reviewed	1
2146_reviewed	201161_reviewed	1
154_reviewed	4734_reviewed	1
6095_reviewed	8648_reviewed	1
5705_reviewed	60592_reviewed	1
2060_reviewed	84251_reviewed	1
9218_reviewed	5782_reviewed	1
25793_reviewed	9093_reviewed	1
10987_reviewed	3091_reviewed	1
56658_reviewed	64112_reviewed	1
2664_reviewed	79797_reviewed	0
22832_reviewed	117178_reviewed	1
84944_reviewed	4904_reviewed	1
26523_reviewed	9049_reviewed	1
2060_reviewed	23149_reviewed	1
7014_reviewed	10111_reviewed	1
5566_reviewed	9495_reviewed	1
10598_reviewed	5536_reviewed	1
5595_reviewed	55294_reviewed	1
26043_reviewed	8453_reviewed	1
55054_reviewed	10188_reviewed	1
9477_reviewed	9442_reviewed	1
5695_reviewed	5719_reviewed	1
5580_reviewed	54101_unreviewed	1
5692_reviewed	56984_reviewed	1
9441_reviewed	9443_reviewed	1
5987_reviewed	81565_reviewed	1
5682_reviewed	5694_reviewed	1
4609_reviewed	2071_reviewed	1
57018_reviewed	23210_reviewed	1
55626_reviewed	9529_reviewed	1
9782_reviewed	58155_reviewed	1
84759_reviewed	84678_reviewed	1
81620_reviewed	7150_reviewed	1
167691_reviewed	7533_reviewed	1
6048_reviewed	79139_reviewed	1
23451_reviewed	6626_reviewed	1
5586_reviewed	6195_reviewed	0
3845_reviewed	91833_reviewed	1
2060_reviewed	9185_reviewed	1
3192_reviewed	9775_reviewed	1
23327_reviewed	7417_reviewed	1
440026_reviewed	1315_reviewed	1
10250_reviewed	6429_reviewed	1
29979_reviewed	23190_reviewed	1
5689_reviewed	5708_reviewed	1
3643_reviewed	5167_reviewed	1
11338_reviewed	6434_reviewed	1
8301_reviewed	9685_reviewed	1
6396_reviewed	79023_reviewed	1
6733_reviewed	11338_reviewed	1
79980_reviewed	25936_reviewed	1
3978_reviewed	1642_reviewed	1
1017_reviewed	995_reviewed	1
4791_reviewed	1147_reviewed	1
10598_reviewed	80222_reviewed	1
55234_reviewed	9810_reviewed	1
4311_reviewed	3315_reviewed	1
8850_reviewed	3091_reviewed	1
4300_reviewed	3899_reviewed	1
5292_reviewed	58533_reviewed	1
1876_reviewed	7027_reviewed	1
728_reviewed	7454_reviewed	1
5725_reviewed	3190_reviewed	1
7414_reviewed	1605_reviewed	1
9267_reviewed	373_reviewed	1
9306_reviewed	8539_reviewed	1
2120_reviewed	2120_reviewed	1
29979_reviewed	125170_reviewed	1
6670_reviewed	6667_reviewed	1
641_reviewed	23514_reviewed	1
80755_reviewed	7846_reviewed	1
64919_reviewed	9112_reviewed	1
5468_reviewed	8031_reviewed	1
60489_reviewed	10013_reviewed	1
9500_reviewed	580_reviewed	1
10528_reviewed	134430_reviewed	1
207_reviewed	3313_reviewed	1
7384_reviewed	6646_reviewed	1
79001_reviewed	10682_reviewed	1
84541_reviewed	6949_reviewed	1
653361_reviewed	4689_reviewed	1
6118_reviewed	5557_reviewed	1
83549_reviewed	83549_reviewed	1
1630_reviewed	317649_reviewed	1
9212_reviewed	22981_reviewed	1
8661_reviewed	8666_reviewed	1
5245_reviewed	5160_reviewed	1
5594_reviewed	6667_reviewed	1
8445_reviewed	6478_reviewed	1
54487_reviewed	8480_reviewed	1
51433_reviewed	8697_reviewed	1
8541_reviewed	28964_reviewed	1
8451_reviewed	79269_reviewed	1
6142_reviewed	6194_reviewed	1
891_reviewed	3009_reviewed	1
23291_reviewed	6788_reviewed	1
5898_reviewed	23032_reviewed	1
142_reviewed	7157_reviewed	1
8848_reviewed	8848_reviewed	1
4193_reviewed	7184_reviewed	1
8835_reviewed	8148_reviewed	1
5687_reviewed	1017_reviewed	1
3326_reviewed	23221_reviewed	1
6788_reviewed	6788_reviewed	1
5600_reviewed	8841_reviewed	1
2885_reviewed	3635_reviewed	1
498_reviewed	5034_reviewed	1
8454_reviewed	25820_reviewed	1
2176_reviewed	983_reviewed	1
2549_reviewed	4486_reviewed	1
7415_reviewed	23397_reviewed	1
9542_reviewed	2065_reviewed	1
23097_reviewed	29079_reviewed	1
54534_reviewed	11222_reviewed	1
4149_reviewed	4601_reviewed	1
5515_reviewed	55626_reviewed	1
4300_reviewed	7184_reviewed	1
4582_reviewed	2885_reviewed	1
8607_reviewed	54891_reviewed	1
7532_reviewed	27342_reviewed	1
467_reviewed	79837_reviewed	0
23468_reviewed	9849_reviewed	1
2185_reviewed	867_reviewed	1
6137_reviewed	6144_reviewed	1
8452_reviewed	2873_reviewed	1
5597_reviewed	7203_reviewed	1
444_reviewed	55379_reviewed	1
8451_reviewed	3303_unreviewed	1
4893_reviewed	1824_reviewed	1
1459_reviewed	55105_reviewed	1
6943_reviewed	6925_reviewed	1
1642_reviewed	51185_reviewed	1
1871_reviewed	7030_reviewed	1
10856_reviewed	26054_reviewed	1
6720_reviewed	5347_reviewed	1
5429_reviewed	51455_reviewed	1
51574_reviewed	23451_reviewed	1
5071_reviewed	2060_reviewed	1
6850_reviewed	4690_reviewed	1
7128_reviewed	7128_reviewed	1
6776_reviewed	3717_reviewed	1
9530_reviewed	8079_reviewed	1
1017_reviewed	3329_reviewed	1
30011_reviewed	9564_reviewed	1
2010_reviewed	222389_reviewed	1
2071_reviewed	5705_reviewed	1
145508_reviewed	8481_reviewed	1
1810_reviewed	2648_reviewed	1
5685_reviewed	5718_reviewed	1
5515_reviewed	80789_reviewed	1
57727_reviewed	57727_reviewed	1
5499_reviewed	55210_reviewed	1
9314_reviewed	5468_reviewed	1
51574_reviewed	6629_reviewed	1
1499_reviewed	1452_reviewed	1
57592_reviewed	54815_reviewed	1
112869_reviewed	6883_reviewed	1
51429_reviewed	8754_reviewed	1
3609_reviewed	6187_reviewed	1
9662_reviewed	84318_reviewed	1
54797_reviewed	9439_reviewed	1
84365_reviewed	55661_reviewed	1
1017_reviewed	3005_reviewed	1
3309_reviewed	10130_reviewed	1
6182_reviewed	29088_reviewed	1
1080_reviewed	867_reviewed	1
10514_reviewed	6125_reviewed	1
10362_reviewed	51317_reviewed	1
4281_reviewed	4281_reviewed	1
7874_reviewed	4609_reviewed	1
10450_reviewed	9410_reviewed	1
6314_reviewed	112869_reviewed	1
51684_reviewed	57333_reviewed	1
7306_reviewed	10755_reviewed	1
51741_reviewed	3030_reviewed	1
4659_reviewed	4660_reviewed	1
8451_reviewed	1643_reviewed	1
54468_reviewed	27244_reviewed	1
3315_reviewed	22938_reviewed	1
8452_reviewed	79798_reviewed	1
25886_reviewed	10574_reviewed	1
84634_reviewed	5515_reviewed	1
29079_reviewed	165055_reviewed	1
5728_reviewed	1739_reviewed	1
2064_reviewed	84172_reviewed	1
81876_reviewed	2801_reviewed	1
23132_reviewed	367_reviewed	1
3689_reviewed	81858_reviewed	1
1738_reviewed	204_reviewed	1
51741_reviewed	81552_reviewed	1
4609_reviewed	27292_reviewed	1
7403_reviewed	1482_reviewed	1
57703_reviewed	2483_reviewed	1
1731_reviewed	23157_reviewed	1
6004_reviewed	1956_reviewed	1
25898_reviewed	11316_reviewed	1
55178_reviewed	10884_reviewed	1
27095_reviewed	126003_reviewed	1
9531_reviewed	51002_reviewed	1
8517_reviewed	51588_reviewed	1
7185_reviewed	9818_reviewed	1
3717_reviewed	6772_reviewed	1
92104_reviewed	51098_reviewed	1
5688_reviewed	10213_reviewed	1
768_reviewed	3842_reviewed	1
10474_reviewed	27097_reviewed	1
10197_reviewed	54850_reviewed	1
5813_reviewed	1869_reviewed	1
409_reviewed	5071_reviewed	1
27113_reviewed	596_reviewed	1
6908_reviewed	4487_reviewed	1
51514_reviewed	8450_reviewed	1
2067_reviewed	2072_reviewed	1
374_reviewed	85409_reviewed	0
4193_reviewed	10477_reviewed	1
245973_reviewed	526_reviewed	1
9391_reviewed	9557_reviewed	1
81559_reviewed	9097_reviewed	1
5784_reviewed	10413_reviewed	1
55081_reviewed	57560_reviewed	1
4287_reviewed	80262_reviewed	1
8452_reviewed	50813_reviewed	1
5883_reviewed	367_reviewed	1
23189_reviewed	7531_reviewed	1
54556_reviewed	64769_reviewed	1
55215_reviewed	207_reviewed	1
283150_reviewed	8089_reviewed	1
9559_reviewed	253725_reviewed	1
23283_reviewed	29979_reviewed	1
3316_reviewed	1760_reviewed	1
3265_reviewed	7525_reviewed	1
56893_reviewed	2697_reviewed	1
7534_reviewed	9261_reviewed	1
3663_reviewed	50813_reviewed	1
1017_reviewed	23595_reviewed	0
6188_reviewed	5970_reviewed	1
51465_reviewed	84447_reviewed	1
55011_reviewed	55718_reviewed	1
8945_reviewed	79893_reviewed	1
11060_reviewed	7316_reviewed	1
5925_reviewed	4609_reviewed	1
4193_reviewed	6125_reviewed	1
254170_reviewed	4904_reviewed	1
4893_reviewed	55243_reviewed	1
7525_reviewed	116448_reviewed	1
5160_reviewed	7879_reviewed	1
64750_reviewed	57154_reviewed	1
1198_reviewed	80011_reviewed	1
7189_reviewed	4602_reviewed	1
5925_reviewed	9984_reviewed	1
9500_reviewed	11030_reviewed	1
10083_reviewed	83878_reviewed	1
3028_reviewed	5245_reviewed	1
11030_reviewed	129807_reviewed	1
1630_reviewed	6204_reviewed	1
7157_reviewed	6117_reviewed	1
10482_reviewed	23636_reviewed	1
5071_reviewed	596_reviewed	1
867_reviewed	5747_reviewed	1
26270_reviewed	4125_reviewed	1
898_reviewed	5934_reviewed	1
3315_reviewed	10927_reviewed	1
4609_reviewed	79707_reviewed	1
5617_reviewed	5479_reviewed	1
3815_reviewed	2885_reviewed	1
4772_reviewed	50943_reviewed	1
1643_reviewed	10574_reviewed	1
7268_reviewed	9559_reviewed	1
7428_reviewed	3276_reviewed	1
4760_reviewed	9001_reviewed	1
87_reviewed	1605_reviewed	1
11034_reviewed	7170_reviewed	0
10208_reviewed	8178_reviewed	1
8835_reviewed	9318_reviewed	1
51574_reviewed	5093_reviewed	1
5579_reviewed	5579_reviewed	1
10551_reviewed	26999_reviewed	1
84062_reviewed	60412_reviewed	1
27289_reviewed	6945_reviewed	0
8451_reviewed	26133_reviewed	1
4849_reviewed	79837_reviewed	0
940_reviewed	941_reviewed	1
51659_reviewed	64785_reviewed	1
4100_reviewed	22938_reviewed	1
821_reviewed	10424_reviewed	1
10892_reviewed	7189_reviewed	1
207_reviewed	5214_reviewed	1
1649_reviewed	3725_reviewed	1
9867_reviewed	8844_reviewed	1
4110_reviewed	54431_reviewed	1
7529_reviewed	25_reviewed	1
79142_reviewed	90678_reviewed	1
9097_reviewed	9861_reviewed	1
10015_reviewed	7251_reviewed	1
1025_reviewed	302_reviewed	1
8678_reviewed	29982_reviewed	1
23429_reviewed	7874_reviewed	1
6427_reviewed	8996_reviewed	0
5536_reviewed	79707_reviewed	1
9444_reviewed	5725_reviewed	1
55613_reviewed	10454_reviewed	1
5245_reviewed	5934_reviewed	1
6139_reviewed	6143_reviewed	1
8563_reviewed	9984_reviewed	1
56957_reviewed	991_reviewed	1
150684_reviewed	6339_reviewed	1
7786_reviewed	5609_reviewed	1
4613_reviewed	2926_reviewed	1
5499_reviewed	55607_reviewed	1
5429_reviewed	7320_reviewed	1
5454_reviewed	6908_reviewed	1
9040_reviewed	8065_reviewed	1
11340_reviewed	51013_reviewed	1
4804_reviewed	6624_reviewed	1
2305_reviewed	23411_reviewed	1
6125_reviewed	3921_reviewed	1
5886_reviewed	29761_reviewed	1
55355_reviewed	54069_reviewed	1
3932_reviewed	5290_reviewed	1
6502_reviewed	999_reviewed	1
2053_reviewed	2053_reviewed	1
51422_reviewed	5562_reviewed	1
9402_reviewed	64762_reviewed	1
11140_reviewed	10273_reviewed	1
6304_reviewed	7329_reviewed	1
11186_reviewed	6839_reviewed	1
5701_reviewed	29979_reviewed	1
5587_reviewed	3725_reviewed	1
4292_reviewed	302_reviewed	1
23322_reviewed	26064_reviewed	1
92369_reviewed	8065_reviewed	1
1452_reviewed	55898_reviewed	1
1909_reviewed	10524_reviewed	1
3455_reviewed	3716_reviewed	1
7532_reviewed	23367_reviewed	1
80762_reviewed	4915_reviewed	1
8451_reviewed	26094_reviewed	1
28973_reviewed	60488_reviewed	1
56957_reviewed	891_reviewed	1
51283_reviewed	596_reviewed	1
7186_reviewed	5071_reviewed	1
7185_reviewed	8837_reviewed	1
253461_reviewed	57062_reviewed	1
56257_reviewed	51441_reviewed	1
55914_reviewed	2064_reviewed	1
6780_reviewed	26986_reviewed	1
6125_reviewed	6130_reviewed	1
2146_reviewed	4613_reviewed	1
2783_reviewed	7551_reviewed	0
8517_reviewed	10454_reviewed	1
25939_reviewed	1017_reviewed	1
5728_reviewed	9134_reviewed	1
154796_reviewed	55327_reviewed	1
5449_reviewed	2624_reviewed	1
4893_reviewed	120_reviewed	1
3916_reviewed	3107_reviewed	1
113510_reviewed	5890_reviewed	1
79954_reviewed	26574_reviewed	1
79813_reviewed	54737_reviewed	1
27019_reviewed	8878_reviewed	1
9274_reviewed	6601_reviewed	1
1956_reviewed	113174_reviewed	1
5346_reviewed	8878_reviewed	1
7415_reviewed	51035_reviewed	1
11140_reviewed	10869_reviewed	1
8678_reviewed	2064_reviewed	1
54971_reviewed	117177_reviewed	1
54471_reviewed	51024_reviewed	1
602_reviewed	6256_reviewed	1
5194_reviewed	5828_reviewed	0
9495_reviewed	5530_reviewed	1
26258_reviewed	2647_reviewed	1
10963_reviewed	8079_reviewed	1
5564_reviewed	5565_reviewed	1
55167_reviewed	7157_reviewed	1
51340_reviewed	151903_reviewed	1
5718_reviewed	5718_reviewed	1
5566_reviewed	5987_reviewed	0
8498_reviewed	7514_reviewed	1
51762_reviewed	2664_reviewed	1
4734_reviewed	1020_reviewed	1
2203_reviewed	2203_reviewed	1
55198_reviewed	8766_reviewed	0
149628_reviewed	7726_reviewed	1
122769_reviewed	1026_reviewed	1
10140_reviewed	26986_reviewed	1
4736_reviewed	6152_reviewed	1
27161_reviewed	79596_reviewed	1
308_reviewed	3693_reviewed	1
10454_reviewed	10771_reviewed	1
3454_reviewed	7297_reviewed	1
146956_reviewed	351_reviewed	1
6625_reviewed	1736_reviewed	1
7098_reviewed	3122_reviewed	1
203068_reviewed	10576_reviewed	1
84708_reviewed	84708_reviewed	1
1956_reviewed	55768_reviewed	1
7316_reviewed	23607_reviewed	1
115948_reviewed	6839_reviewed	1
9557_reviewed	7520_reviewed	1
2011_reviewed	5584_reviewed	1
152006_reviewed	152006_reviewed	1
10919_reviewed	6117_reviewed	1
7706_reviewed	23039_reviewed	1
3660_reviewed	29915_reviewed	1
57129_reviewed	63875_reviewed	1
8431_reviewed	7157_reviewed	1
2091_reviewed	79039_reviewed	1
9781_reviewed	9781_reviewed	1
506_reviewed	5034_reviewed	1
5685_reviewed	8454_reviewed	1
4209_reviewed	10971_reviewed	1
3589_reviewed	4110_reviewed	1
5565_reviewed	11030_reviewed	1
4088_reviewed	7030_reviewed	1
80306_reviewed	90390_reviewed	1
25855_reviewed	64426_reviewed	1
1399_reviewed	25_reviewed	1
1974_reviewed	27250_reviewed	1
4058_reviewed	5295_reviewed	1
1191_reviewed	7048_reviewed	1
8452_reviewed	3652_reviewed	1
9874_reviewed	25842_reviewed	1
3476_reviewed	10694_reviewed	1
27102_reviewed	11140_reviewed	1
5501_reviewed	5499_reviewed	1
7291_reviewed	6925_reviewed	1
7529_reviewed	3309_reviewed	1
55658_reviewed	1026_reviewed	1
11133_reviewed	55846_reviewed	1
6198_reviewed	3667_reviewed	1
6310_reviewed	7186_reviewed	1
80204_reviewed	6500_reviewed	1
30000_reviewed	10482_reviewed	1
9666_reviewed	23426_reviewed	1
11140_reviewed	7266_reviewed	1
283150_reviewed	55929_reviewed	1
331_reviewed	843_reviewed	1
9306_reviewed	8148_reviewed	1
8890_reviewed	8893_reviewed	1
11336_reviewed	10640_reviewed	1
4210_reviewed	10572_reviewed	1
9961_reviewed	9961_reviewed	1
64344_reviewed	405_reviewed	1
509_reviewed	7384_reviewed	1
51231_reviewed	7520_reviewed	1
55929_reviewed	4609_reviewed	1
23233_reviewed	149371_reviewed	1
6647_reviewed	3074_reviewed	1
6714_reviewed	10399_reviewed	1
5501_reviewed	8409_reviewed	1
51004_reviewed	84274_reviewed	1
55664_reviewed	6201_reviewed	1
9531_reviewed	7332_reviewed	1
51164_reviewed	10671_reviewed	1
226_reviewed	226_reviewed	1
3068_reviewed	1655_reviewed	1
3299_reviewed	2289_reviewed	1
8517_reviewed	10318_reviewed	1
9532_reviewed	65018_reviewed	1
673_reviewed	3313_reviewed	1
254394_reviewed	23517_reviewed	1
3192_reviewed	6205_reviewed	1
56949_reviewed	1161_reviewed	1
4152_reviewed	23468_reviewed	1
28996_reviewed	7791_reviewed	1
1024_reviewed	8850_reviewed	1
55611_reviewed	65264_reviewed	1
2100_reviewed	1915_reviewed	1
2091_reviewed	51808_reviewed	1
23265_reviewed	60412_reviewed	1
1601_reviewed	1857_reviewed	1
4734_reviewed	23043_reviewed	1
63891_reviewed	4790_reviewed	1
55844_reviewed	8089_reviewed	1
10980_reviewed	84861_reviewed	1
25827_reviewed	894_reviewed	1
255738_reviewed	9601_reviewed	1
140885_reviewed	6654_reviewed	1
5743_reviewed	23326_reviewed	1
408_reviewed	382_reviewed	1
835_reviewed	7186_reviewed	1
6187_reviewed	3921_reviewed	1
3815_reviewed	1398_reviewed	1
10197_reviewed	7157_reviewed	1
5218_reviewed	5218_reviewed	1
7112_reviewed	821_reviewed	1
6136_reviewed	6122_reviewed	1
23326_reviewed	6881_reviewed	1
22894_reviewed	23404_reviewed	1
5356_reviewed	10286_reviewed	1
4841_reviewed	11338_reviewed	1
3265_reviewed	57446_reviewed	1
5879_reviewed	9459_reviewed	1
23235_reviewed	7531_reviewed	1
4055_reviewed	7186_reviewed	1
139341_reviewed	3308_reviewed	1
26053_reviewed	10238_reviewed	1
3196_reviewed	7533_reviewed	1
11338_reviewed	10772_reviewed	1
22872_reviewed	553115_reviewed	1
149041_reviewed	6136_reviewed	1
23512_reviewed	4176_reviewed	1
5686_reviewed	5692_reviewed	1
1642_reviewed	80344_reviewed	1
10465_reviewed	9092_reviewed	0
11099_reviewed	4026_reviewed	1
4609_reviewed	24148_reviewed	1
4722_reviewed	8508_reviewed	1
10980_reviewed	80344_reviewed	1
3720_reviewed	8726_reviewed	1
2099_reviewed	6132_reviewed	1
5501_reviewed	6422_reviewed	1
10236_reviewed	23435_reviewed	1
55142_reviewed	23354_reviewed	1
10573_reviewed	54148_reviewed	1
7248_reviewed	1859_reviewed	1
5899_reviewed	10928_reviewed	1
124739_reviewed	7531_reviewed	1
10603_reviewed	867_reviewed	1
1737_reviewed	8050_reviewed	1
55367_reviewed	5111_reviewed	1
2623_reviewed	9759_reviewed	1
7316_reviewed	55230_reviewed	1
6500_reviewed	55294_reviewed	1
10808_reviewed	9111_reviewed	1
3320_reviewed	22858_reviewed	1
6886_reviewed	2623_reviewed	1
5728_reviewed	7874_reviewed	1
5720_reviewed	5695_reviewed	1
64400_reviewed	1956_reviewed	1
1386_reviewed	1386_reviewed	1
8241_reviewed	9785_reviewed	1
8161_reviewed	6880_reviewed	1
8898_reviewed	51091_reviewed	1
867_reviewed	7410_reviewed	1
4609_reviewed	27339_reviewed	1
3192_reviewed	6125_reviewed	1
6907_reviewed	7088_reviewed	0
1268_reviewed	6755_reviewed	1
7518_reviewed	641_reviewed	1
165918_reviewed	165918_reviewed	1
8936_reviewed	10458_reviewed	1
5294_reviewed	146850_reviewed	1
7410_reviewed	64844_reviewed	1
1731_reviewed	1731_reviewed	1
10524_reviewed	23281_reviewed	1
23413_reviewed	113878_reviewed	1
8451_reviewed	1915_reviewed	1
9533_reviewed	55703_reviewed	1
7871_reviewed	9135_reviewed	1
4609_reviewed	2177_reviewed	1
4914_reviewed	5335_reviewed	1
4170_reviewed	3091_reviewed	1
2664_reviewed	5977_reviewed	0
1616_reviewed	1616_reviewed	1
1956_reviewed	5753_reviewed	1
6657_reviewed	9126_reviewed	1
7128_reviewed	55905_reviewed	1
23390_reviewed	161742_reviewed	1
142_reviewed	4790_reviewed	1
1025_reviewed	3326_reviewed	1
7531_reviewed	23313_reviewed	1
8260_reviewed	80155_reviewed	1
25950_reviewed	3091_reviewed	1
1523_reviewed	7091_reviewed	1
23309_reviewed	10320_reviewed	1
3065_reviewed	23613_reviewed	1
4193_reviewed	166824_reviewed	1
93492_reviewed	55746_reviewed	1
2959_reviewed	6882_reviewed	1
9459_reviewed	8874_reviewed	1
11200_reviewed	157638_reviewed	1
9351_reviewed	6446_reviewed	1
6464_reviewed	4915_reviewed	1
5292_reviewed	4193_reviewed	1
5700_reviewed	5694_reviewed	1
7329_reviewed	22806_reviewed	1
3741_reviewed	2273_reviewed	1
3309_reviewed	3309_reviewed	1
55093_reviewed	79078_reviewed	1
1499_reviewed	10273_reviewed	1
51377_reviewed	4798_reviewed	1
7265_reviewed	9532_reviewed	1
55795_reviewed	23741_reviewed	1
54455_reviewed	8454_reviewed	1
5501_reviewed	343521_reviewed	1
26091_reviewed	26091_reviewed	1
1025_reviewed	996_reviewed	0
2885_reviewed	1601_reviewed	1
154_reviewed	8786_reviewed	1
8148_reviewed	6631_reviewed	1
4000_reviewed	6118_reviewed	1
3178_reviewed	284695_reviewed	1
10673_reviewed	608_reviewed	1
4000_reviewed	10236_reviewed	1
23338_reviewed	54556_reviewed	1
7421_reviewed	861_reviewed	1
1147_reviewed	5610_reviewed	1
79084_reviewed	6628_reviewed	1
1053_reviewed	5925_reviewed	1
80233_reviewed	2176_reviewed	1
23035_reviewed	10493_reviewed	1
5690_reviewed	5695_reviewed	1
10933_reviewed	54799_reviewed	1
8878_reviewed	5914_reviewed	1
4193_reviewed	51548_reviewed	1
55072_reviewed	10616_reviewed	1
7431_reviewed	1400_reviewed	1
6204_reviewed	6205_reviewed	1
6477_reviewed	1499_reviewed	1
4171_reviewed	8318_reviewed	0
207_reviewed	975_reviewed	1
5771_reviewed	3837_reviewed	1
5925_reviewed	9858_reviewed	1
7088_reviewed	51176_reviewed	1
10540_reviewed	11258_reviewed	1
659_reviewed	57761_reviewed	1
23219_reviewed	8454_reviewed	1
8204_reviewed	1788_reviewed	1
4010_reviewed	8861_reviewed	1
4255_reviewed	3320_reviewed	1
5719_reviewed	5707_reviewed	1
6102_reviewed	403_reviewed	1
3068_reviewed	11338_reviewed	1
7283_reviewed	114791_reviewed	1
23326_reviewed	6314_reviewed	1
7186_reviewed	7375_reviewed	1
8315_reviewed	8315_reviewed	1
5730_reviewed	3320_reviewed	1
2078_reviewed	23450_reviewed	1
152185_reviewed	3843_reviewed	1
26232_reviewed	197_reviewed	1
5515_reviewed	78994_reviewed	1
149041_reviewed	3849_reviewed	1
990_reviewed	1017_reviewed	1
1452_reviewed	114991_reviewed	1
4867_reviewed	2185_reviewed	1
8241_reviewed	10521_reviewed	1
5347_reviewed	57506_reviewed	1
54715_reviewed	9444_reviewed	1
8772_reviewed	8717_reviewed	1
83755_reviewed	83755_reviewed	1
1523_reviewed	10919_reviewed	1
5538_reviewed	1629_reviewed	1
353497_reviewed	83990_reviewed	1
857_reviewed	6714_reviewed	1
51586_reviewed	29079_reviewed	1
1445_reviewed	1445_reviewed	0
641_reviewed	57534_reviewed	1
10294_reviewed	3337_reviewed	1
2043_reviewed	2260_reviewed	1
7181_reviewed	8841_reviewed	1
6714_reviewed	367_reviewed	1
5932_reviewed	80311_reviewed	1
3055_reviewed	10817_reviewed	1
7775_reviewed	55663_reviewed	1
8945_reviewed	54101_unreviewed	1
6811_reviewed	9554_reviewed	1
56904_reviewed	387_reviewed	1
867_reviewed	9040_reviewed	1
138639_reviewed	7529_reviewed	1
7327_reviewed	550_reviewed	1
5970_reviewed	10498_reviewed	1
6915_reviewed	8766_reviewed	1
4343_reviewed	2091_reviewed	1
3265_reviewed	123879_reviewed	1
90390_reviewed	1024_reviewed	1
6895_reviewed	79009_reviewed	1
2091_reviewed	65083_reviewed	1
3065_reviewed	57473_reviewed	1
960_reviewed	3932_reviewed	1
6133_reviewed	3921_reviewed	1
25_reviewed	9046_reviewed	1
409_reviewed	7316_reviewed	1
960_reviewed	7046_reviewed	1
5682_reviewed	5710_reviewed	1
79600_reviewed	79867_reviewed	1
2534_reviewed	4915_reviewed	1
51024_reviewed	64786_reviewed	1
7099_reviewed	353376_reviewed	1
9716_reviewed	84292_reviewed	1
4882_reviewed	4878_reviewed	1
3265_reviewed	490_reviewed	1
26051_reviewed	3029_reviewed	1
2934_reviewed	58_reviewed	1
4336_reviewed	386676_reviewed	1
5685_reviewed	5693_reviewed	1
5715_reviewed	1442_reviewed	1
7988_reviewed	79723_reviewed	1
23109_reviewed	9223_reviewed	1
27125_reviewed	1025_reviewed	1
355_reviewed	843_reviewed	1
27185_reviewed	9782_reviewed	1
140890_reviewed	9343_reviewed	1
3646_reviewed	10480_reviewed	1
898_reviewed	1021_reviewed	1
7014_reviewed	580_reviewed	1
5451_reviewed	6621_reviewed	1
22827_reviewed	27289_reviewed	0
1017_reviewed	3009_reviewed	1
1409_reviewed	1409_reviewed	1
5925_reviewed	6839_reviewed	1
10193_reviewed	51329_reviewed	1
5711_reviewed	5702_reviewed	1
1499_reviewed	5499_reviewed	0
55325_reviewed	54953_reviewed	1
81620_reviewed	4175_reviewed	1
10980_reviewed	51185_reviewed	1
84447_reviewed	2081_reviewed	1
9759_reviewed	5515_reviewed	1
10890_reviewed	4218_reviewed	1
6142_reviewed	6193_reviewed	1
1537_reviewed	7417_reviewed	1
79866_reviewed	5347_reviewed	1
84678_reviewed	8454_reviewed	1
4074_reviewed	23163_reviewed	1
5970_reviewed	5451_reviewed	1
51538_reviewed	23210_reviewed	1
57062_reviewed	2091_reviewed	1
7534_reviewed	9750_reviewed	1
55072_reviewed	7332_reviewed	1
1630_reviewed	56648_reviewed	1
26019_reviewed	5394_reviewed	1
9891_reviewed	6500_reviewed	1
3737_reviewed	2017_reviewed	1
6874_reviewed	129685_reviewed	1
1956_reviewed	3376_reviewed	1
9070_reviewed	11091_reviewed	1
1051_reviewed	5970_reviewed	1
7531_reviewed	10749_reviewed	1
1956_reviewed	88455_reviewed	1
3065_reviewed	7203_reviewed	1
2908_reviewed	7332_reviewed	1
1017_reviewed	9040_reviewed	1
2099_reviewed	3308_reviewed	1
3066_reviewed	3091_reviewed	1
3315_reviewed	8569_reviewed	0
25942_reviewed	3663_reviewed	1
4790_reviewed	9276_reviewed	1
1912_reviewed	8535_reviewed	1
8844_reviewed	4140_reviewed	1
56893_reviewed	5764_reviewed	1
9329_reviewed	2976_reviewed	1
51377_reviewed	5052_reviewed	1
7706_reviewed	2023_reviewed	1
3958_reviewed	2006_reviewed	1
3791_reviewed	7423_reviewed	0
3611_reviewed	6950_reviewed	1
2189_reviewed	79184_reviewed	1
112399_reviewed	27339_reviewed	1
3178_reviewed	51663_reviewed	1
55750_reviewed	90580_reviewed	1
6945_reviewed	79797_reviewed	0
5573_reviewed	5575_reviewed	1
3643_reviewed	25970_reviewed	1
468_reviewed	1649_reviewed	1
51053_reviewed	7027_reviewed	1
30011_reviewed	996_reviewed	1
55759_reviewed	23246_reviewed	1
2885_reviewed	1605_reviewed	1
5308_reviewed	5308_reviewed	1
84171_reviewed	55170_reviewed	1
11266_reviewed	5594_reviewed	1
2130_reviewed	6944_reviewed	1
3662_reviewed	7189_reviewed	1
2355_reviewed	64326_reviewed	1
112939_reviewed	7704_reviewed	0
374291_reviewed	4729_reviewed	1
9148_reviewed	182_reviewed	1
57511_reviewed	54535_reviewed	1
10073_reviewed	7514_reviewed	1
8819_reviewed	5926_reviewed	1
8668_reviewed	90_reviewed	0
5594_reviewed	9261_reviewed	1
55661_reviewed	23481_reviewed	1
7517_reviewed	2189_reviewed	1
6141_reviewed	6122_reviewed	1
8697_reviewed	11030_reviewed	1
23291_reviewed	3344_reviewed	1
10551_reviewed	1605_reviewed	1
4609_reviewed	5683_reviewed	1
3872_reviewed	6737_reviewed	1
2177_reviewed	8438_reviewed	0
6683_reviewed	57132_reviewed	1
83732_reviewed	9343_reviewed	1
1736_reviewed	55164_reviewed	1
1392_reviewed	1394_reviewed	1
25_reviewed	27_reviewed	1
29947_reviewed	4149_reviewed	1
902_reviewed	5682_reviewed	1
2308_reviewed	23411_reviewed	1
682_reviewed	6566_reviewed	1
5411_reviewed	6429_reviewed	1
5695_reviewed	9861_reviewed	1
3672_reviewed	81858_reviewed	1
6915_reviewed	6915_reviewed	1
10362_reviewed	7431_reviewed	1
329_reviewed	27429_reviewed	1
9817_reviewed	4172_reviewed	1
8454_reviewed	1111_reviewed	1
84867_reviewed	10999_reviewed	1
79885_reviewed	24144_reviewed	1
6118_reviewed	4172_reviewed	1
27185_reviewed	8667_reviewed	1
4582_reviewed	6714_reviewed	1
5245_reviewed	5034_reviewed	1
9100_reviewed	10643_reviewed	1
10635_reviewed	7398_reviewed	1
23062_reviewed	26994_reviewed	1
150737_reviewed	57560_reviewed	1
5682_reviewed	5713_reviewed	1
3329_reviewed	351_reviewed	1
4704_reviewed	23530_reviewed	1
7181_reviewed	9112_reviewed	1
5864_reviewed	22895_reviewed	1
56270_reviewed	127733_reviewed	1
10262_reviewed	8241_reviewed	1
23385_reviewed	51107_reviewed	1
8662_reviewed	8668_reviewed	1
80306_reviewed	9442_reviewed	1
10109_reviewed	10092_reviewed	1
4193_reviewed	5688_reviewed	1
10087_reviewed	23421_reviewed	1
57154_reviewed	7466_reviewed	1
55294_reviewed	10025_reviewed	1
10549_reviewed	10549_reviewed	1
29946_reviewed	83878_reviewed	1
51343_reviewed	991_reviewed	1
23176_reviewed	151011_reviewed	1
10197_reviewed	8554_reviewed	1
863_reviewed	5576_reviewed	1
9586_reviewed	3725_reviewed	1
4692_reviewed	80318_reviewed	1
5300_reviewed	7161_reviewed	1
5501_reviewed	2997_reviewed	1
84955_reviewed	282969_reviewed	1
5252_reviewed	2145_reviewed	1
6430_reviewed	6434_reviewed	1
8897_reviewed	5347_reviewed	1
5565_reviewed	1046_reviewed	1
9097_reviewed	5710_reviewed	1
8772_reviewed	8795_reviewed	1
8607_reviewed	83444_reviewed	1
6464_reviewed	3636_reviewed	1
149041_reviewed	10521_reviewed	1
79101_reviewed	5764_reviewed	1
10551_reviewed	3376_reviewed	1
79019_reviewed	79172_reviewed	1
4049_reviewed	7133_reviewed	1
5594_reviewed	8202_reviewed	1
5071_reviewed	55669_reviewed	1
28988_reviewed	63898_reviewed	1
3635_reviewed	6464_reviewed	1
51645_reviewed	84292_reviewed	1
8517_reviewed	6857_reviewed	1
65018_reviewed	6885_reviewed	1
3717_reviewed	2885_reviewed	1
167227_reviewed	2686_reviewed	1
9223_reviewed	81_reviewed	1
2735_reviewed	27148_reviewed	1
997_reviewed	1027_reviewed	1
79058_reviewed	55666_reviewed	1
6477_reviewed	6477_reviewed	1
56302_reviewed	56302_reviewed	1
220213_reviewed	4092_reviewed	1
4802_reviewed	4800_reviewed	1
23411_reviewed	54737_reviewed	1
22909_reviewed	5111_reviewed	1
8036_reviewed	5705_reviewed	1
22976_reviewed	3939_reviewed	1
1915_reviewed	6142_reviewed	1
8554_reviewed	1147_reviewed	1
6208_reviewed	6202_reviewed	1
4110_reviewed	1869_reviewed	1
64419_reviewed	5347_reviewed	1
10746_reviewed	5609_reviewed	1
57142_reviewed	596_reviewed	1
51035_reviewed	83892_reviewed	1
3065_reviewed	91748_reviewed	1
6095_reviewed	190_reviewed	1
23624_reviewed	9260_reviewed	1
5501_reviewed	26064_reviewed	1
25_reviewed	2889_reviewed	1
7411_reviewed	84993_reviewed	1
10006_reviewed	10152_reviewed	1
57616_reviewed	322_reviewed	1
84708_reviewed	8500_reviewed	1
207_reviewed	10273_reviewed	1
8468_reviewed	5007_reviewed	1
5611_reviewed	5610_reviewed	1
10013_reviewed	2956_reviewed	1
8945_reviewed	994_reviewed	1
6598_reviewed	6599_reviewed	1
88_reviewed	8038_reviewed	1
2100_reviewed	51116_reviewed	1
7428_reviewed	59348_reviewed	1
79577_reviewed	123169_reviewed	1
10291_reviewed	8241_reviewed	1
5104_reviewed	5624_reviewed	1
3181_reviewed	1457_reviewed	1
51720_reviewed	29086_reviewed	1
2188_reviewed	2175_reviewed	1
8835_reviewed	6205_reviewed	1
5663_reviewed	23770_reviewed	1
3572_reviewed	7088_reviewed	1
3091_reviewed	10273_reviewed	1
2023_reviewed	7167_reviewed	1
246330_reviewed	7189_reviewed	1
55054_reviewed	8139_reviewed	1
10413_reviewed	6141_reviewed	1
25942_reviewed	57649_reviewed	1
79734_reviewed	84260_reviewed	1
84675_reviewed	8878_reviewed	1
55662_reviewed	51479_reviewed	1
51103_reviewed	51295_reviewed	1
58528_reviewed	55004_reviewed	1
6657_reviewed	56957_reviewed	1
22976_reviewed	9070_reviewed	1
821_reviewed	3930_reviewed	1
7251_reviewed	51160_reviewed	1
23291_reviewed	10426_reviewed	1
10921_reviewed	11338_reviewed	1
899_reviewed	51343_reviewed	1
64837_reviewed	3798_reviewed	1
5976_reviewed	9887_reviewed	1
8175_reviewed	6629_reviewed	1
8517_reviewed	29110_reviewed	1
1653_reviewed	4361_reviewed	1
28996_reviewed	26574_reviewed	1
5704_reviewed	5689_reviewed	1
5579_reviewed	6714_reviewed	0
79888_reviewed	8945_reviewed	1
5071_reviewed	9529_reviewed	1
167691_reviewed	117178_reviewed	1
6468_reviewed	22948_reviewed	1
8451_reviewed	54876_reviewed	1
1021_reviewed	3024_reviewed	1
5111_reviewed	6117_reviewed	1
8945_reviewed	51343_reviewed	1
4436_reviewed	11200_reviewed	1
4609_reviewed	9343_reviewed	1
83743_reviewed	11091_reviewed	1
2885_reviewed	28964_reviewed	1
56916_reviewed	11335_reviewed	1
64332_reviewed	4790_reviewed	1
4552_reviewed	4548_reviewed	1
1477_reviewed	7415_reviewed	1
9093_reviewed	5921_reviewed	1
7528_reviewed	6667_reviewed	1
5682_reviewed	5720_reviewed	1
4736_reviewed	6175_reviewed	1
9722_reviewed	79576_reviewed	1
7185_reviewed	10455_reviewed	1
1201_reviewed	6185_reviewed	1
3845_reviewed	79109_reviewed	1
9846_reviewed	5295_reviewed	1
3312_reviewed	8079_reviewed	1
7846_reviewed	116225_reviewed	1
4722_reviewed	4704_reviewed	1
4613_reviewed	7709_reviewed	1
6045_reviewed	3065_reviewed	1
10572_reviewed	4193_reviewed	1
80308_reviewed	80308_reviewed	1
4087_reviewed	3066_reviewed	1
64426_reviewed	64426_reviewed	1
8454_reviewed	11146_reviewed	1
7375_reviewed	6885_reviewed	1
5460_reviewed	7508_reviewed	1
84296_reviewed	9837_reviewed	1
149371_reviewed	55763_reviewed	1
4641_reviewed	867_reviewed	1
10856_reviewed	55929_reviewed	1
26298_reviewed	7520_reviewed	1
147923_reviewed	4193_reviewed	1
5800_reviewed	5611_reviewed	1
5682_reviewed	5698_reviewed	1
10980_reviewed	115290_reviewed	1
84365_reviewed	57062_reviewed	1
5717_reviewed	5708_reviewed	1
79109_reviewed	207_reviewed	1
10155_reviewed	5077_reviewed	1
4067_reviewed	201161_reviewed	1
867_reviewed	6503_reviewed	1
4719_reviewed	4728_reviewed	1
54778_reviewed	4092_reviewed	1
27000_reviewed	51182_reviewed	1
7874_reviewed	7874_reviewed	1
8697_reviewed	4751_reviewed	1
112752_reviewed	7289_reviewed	1
7189_reviewed	55626_reviewed	1
9837_reviewed	64785_reviewed	1
7391_reviewed	3276_reviewed	1
57761_reviewed	10419_reviewed	1
23512_reviewed	26528_reviewed	1
22938_reviewed	3309_reviewed	1
220042_reviewed	10273_reviewed	1
23533_reviewed	5294_reviewed	1
596_reviewed	983_reviewed	1
8428_reviewed	25843_reviewed	1
1627_reviewed	7168_reviewed	1
8439_reviewed	196513_reviewed	1
134510_reviewed	5719_reviewed	1
2547_reviewed	4839_reviewed	1
4848_reviewed	25904_reviewed	1
5160_reviewed	8540_reviewed	1
2908_reviewed	7251_reviewed	1
433_reviewed	84447_reviewed	1
5704_reviewed	5682_reviewed	1
3070_reviewed	1789_reviewed	1
5468_reviewed	8554_reviewed	1
7706_reviewed	10128_reviewed	1
54606_reviewed	2091_reviewed	1
29890_reviewed	10482_reviewed	1
11140_reviewed	63943_reviewed	1
9785_reviewed	27238_reviewed	1
5159_reviewed	8831_reviewed	1
4170_reviewed	596_reviewed	0
22883_reviewed	351_reviewed	1
8751_reviewed	6714_reviewed	1
3566_reviewed	3716_reviewed	1
23126_reviewed	10459_reviewed	1
274_reviewed	6249_reviewed	1
84708_reviewed	389_reviewed	1
5914_reviewed	10499_reviewed	1
23476_reviewed	23210_reviewed	1
8994_reviewed	54583_reviewed	1
627_reviewed	4909_reviewed	1
10614_reviewed	3065_reviewed	1
5747_reviewed	6774_reviewed	1
149041_reviewed	3309_reviewed	1
11232_reviewed	5428_reviewed	1
149041_reviewed	10236_reviewed	1
6124_reviewed	6203_reviewed	1
23512_reviewed	2969_reviewed	1
5465_reviewed	3320_reviewed	1
7398_reviewed	2177_reviewed	1
79833_reviewed	8487_reviewed	1
51720_reviewed	7157_reviewed	1
7325_reviewed	9025_reviewed	1
9451_reviewed	3309_reviewed	1
5300_reviewed	7465_reviewed	1
150684_reviewed	6647_reviewed	1
6129_reviewed	6191_reviewed	1
2091_reviewed	23160_reviewed	1
7079_reviewed	4313_reviewed	1
4609_reviewed	1488_reviewed	1
65005_reviewed	64978_reviewed	1
231_reviewed	6652_reviewed	1
80019_reviewed	1499_reviewed	1
5515_reviewed	673_reviewed	1
5931_reviewed	8520_reviewed	1
23327_reviewed	7881_reviewed	1
5460_reviewed	3146_reviewed	1
10213_reviewed	5716_reviewed	1
5698_reviewed	5705_reviewed	1
1432_reviewed	5594_reviewed	1
999_reviewed	3066_reviewed	1
356_reviewed	2534_reviewed	1
10818_reviewed	390_reviewed	0
5411_reviewed	3875_reviewed	1
3397_reviewed	857_reviewed	1
7874_reviewed	8833_reviewed	1
1956_reviewed	3552_reviewed	0
55003_reviewed	5058_reviewed	1
10539_reviewed	64395_reviewed	1
3320_reviewed	3480_reviewed	1
6138_reviewed	6139_reviewed	1
9184_reviewed	7756_reviewed	1
847_reviewed	5830_reviewed	1
3977_reviewed	3572_reviewed	1
10551_reviewed	3609_reviewed	1
1785_reviewed	30011_reviewed	1
5241_reviewed	10987_reviewed	1
1080_reviewed	3301_reviewed	1
5914_reviewed	50805_reviewed	1
6141_reviewed	6125_reviewed	1
57178_reviewed	4089_reviewed	1
10524_reviewed	6427_reviewed	1
996_reviewed	8881_reviewed	1
639_reviewed	10919_reviewed	1
7179_reviewed	267_reviewed	1
51574_reviewed	4904_reviewed	1
3178_reviewed	3187_reviewed	1
5970_reviewed	51043_reviewed	1
904_reviewed	2896_reviewed	1
6143_reviewed	6147_reviewed	1
22808_reviewed	5900_reviewed	1
9110_reviewed	7534_reviewed	1
259197_reviewed	7917_reviewed	1
79590_reviewed	51253_reviewed	1
331_reviewed	7316_reviewed	1
388324_reviewed	51490_reviewed	1
4193_reviewed	23512_reviewed	1
3178_reviewed	10270_reviewed	1
23512_reviewed	94104_reviewed	1
55914_reviewed	55914_reviewed	1
5585_reviewed	995_reviewed	1
9961_reviewed	5359_reviewed	1
7531_reviewed	708_reviewed	1
10241_reviewed	57506_reviewed	1
10193_reviewed	140459_reviewed	1
9564_reviewed	285489_reviewed	1
8850_reviewed	27097_reviewed	1
6418_reviewed	2908_reviewed	1
10094_reviewed	10093_reviewed	1
6909_reviewed	6657_reviewed	1
7528_reviewed	93973_reviewed	1
6767_reviewed	3308_reviewed	1
8945_reviewed	4779_reviewed	1
6751_reviewed	10419_reviewed	1
23111_reviewed	10226_reviewed	1
1080_reviewed	4646_reviewed	1
6045_reviewed	5347_reviewed	1
11100_reviewed	6117_reviewed	1
4609_reviewed	5917_reviewed	1
3146_reviewed	2670_reviewed	1
7415_reviewed	9040_reviewed	1
6141_reviewed	6191_reviewed	1
995_reviewed	5111_reviewed	1
90_reviewed	4086_reviewed	1
1911_reviewed	6322_reviewed	1
387032_reviewed	387032_reviewed	1
5791_reviewed	3745_reviewed	1
23162_reviewed	351_reviewed	0
5111_reviewed	51455_reviewed	1
51495_reviewed	488_reviewed	1
104_reviewed	115098_reviewed	1
10618_reviewed	51552_reviewed	1
11340_reviewed	10767_reviewed	1
79913_reviewed	93973_reviewed	1
81609_reviewed	4914_reviewed	1
7803_reviewed	5709_reviewed	1
11100_reviewed	6118_reviewed	1
6147_reviewed	6128_reviewed	1
408_reviewed	1856_reviewed	1
7186_reviewed	10758_reviewed	1
94121_reviewed	5864_reviewed	1
51019_reviewed	9897_reviewed	1
23371_reviewed	8727_reviewed	1
9908_reviewed	9100_reviewed	1
23426_reviewed	23426_reviewed	1
10856_reviewed	10902_reviewed	1
3315_reviewed	7374_reviewed	1
167691_reviewed	9851_reviewed	1
253461_reviewed	10527_reviewed	1
25893_reviewed	1780_reviewed	1
192669_reviewed	10526_reviewed	1
29966_reviewed	7203_reviewed	1
5879_reviewed	5063_reviewed	1
51122_reviewed	150684_reviewed	1
11338_reviewed	7490_reviewed	1
25980_reviewed	84514_reviewed	1
6629_reviewed	23451_reviewed	1
4261_reviewed	5993_reviewed	1
811_reviewed	5034_reviewed	1
1956_reviewed	7534_reviewed	1
10524_reviewed	7874_reviewed	1
5520_reviewed	57805_reviewed	1
847_reviewed	847_reviewed	1
7329_reviewed	6929_reviewed	1
7186_reviewed	8737_reviewed	1
260425_reviewed	5728_reviewed	1
5683_reviewed	10213_reviewed	1
367_reviewed	6599_reviewed	1
1956_reviewed	5494_reviewed	1
4092_reviewed	7048_reviewed	1
587_reviewed	3329_reviewed	1
5716_reviewed	3308_reviewed	1
5976_reviewed	8607_reviewed	1
6760_reviewed	7088_reviewed	1
2289_reviewed	369_reviewed	1
4869_reviewed	3646_reviewed	1
4747_reviewed	56159_reviewed	1
3376_reviewed	51520_reviewed	1
8175_reviewed	6628_reviewed	1
6714_reviewed	2185_reviewed	1
9775_reviewed	22794_reviewed	1
322_reviewed	6418_reviewed	1
54148_reviewed	84311_unreviewed	1
23492_reviewed	84759_reviewed	1
6257_reviewed	7376_reviewed	1
8775_reviewed	23673_reviewed	1
3611_reviewed	29927_reviewed	1
8533_reviewed	8454_reviewed	1
3178_reviewed	51335_reviewed	1
9125_reviewed	207_reviewed	1
8260_reviewed	3308_reviewed	1
5902_reviewed	1104_reviewed	1
27043_reviewed	6774_reviewed	1
51574_reviewed	22803_reviewed	1
64750_reviewed	7514_reviewed	1
6045_reviewed	7520_reviewed	1
28952_reviewed	54951_reviewed	1
660_reviewed	80230_reviewed	1
10524_reviewed	25898_reviewed	1
1808_reviewed	1809_reviewed	1
2885_reviewed	8491_reviewed	1
5925_reviewed	1870_reviewed	1
4690_reviewed	30837_reviewed	1
10592_reviewed	64151_reviewed	1
10771_reviewed	8554_reviewed	1
149041_reviewed	8531_reviewed	1
10413_reviewed	5604_reviewed	1
7442_reviewed	9495_reviewed	1
2885_reviewed	2885_reviewed	1
6886_reviewed	5925_reviewed	1
10801_reviewed	4735_reviewed	1
10133_reviewed	79735_reviewed	1
55294_reviewed	6790_reviewed	1
3716_reviewed	9021_reviewed	1
51397_reviewed	28952_reviewed	1
1457_reviewed	4691_reviewed	1
54913_reviewed	10799_reviewed	1
23281_reviewed	84140_reviewed	1
10933_reviewed	55257_reviewed	1
3609_reviewed	2521_reviewed	1
51582_reviewed	4946_reviewed	1
6625_reviewed	9967_reviewed	1
10980_reviewed	51514_reviewed	1
124739_reviewed	7529_reviewed	1
988_reviewed	9343_reviewed	1
64919_reviewed	9219_reviewed	1
3815_reviewed	8651_reviewed	1
983_reviewed	10131_reviewed	1
3309_reviewed	3312_reviewed	1
3006_reviewed	55759_reviewed	1
51574_reviewed	1460_reviewed	1
55715_reviewed	83605_reviewed	1
10095_reviewed	10093_reviewed	1
899_reviewed	8454_reviewed	1
2735_reviewed	10189_reviewed	1
5901_reviewed	11260_reviewed	1
7316_reviewed	29924_reviewed	1
3297_reviewed	3308_reviewed	1
54940_reviewed	4722_reviewed	1
8204_reviewed	2101_reviewed	1
10459_reviewed	8379_reviewed	0
5515_reviewed	5527_reviewed	1
3190_reviewed	3191_reviewed	1
84955_reviewed	2629_reviewed	1
6760_reviewed	6603_reviewed	1
6204_reviewed	6187_reviewed	1
5729_reviewed	5730_reviewed	1
57531_reviewed	5879_reviewed	1
9564_reviewed	1399_reviewed	1
5531_reviewed	5528_reviewed	1
54925_reviewed	342945_reviewed	1
23291_reviewed	3181_reviewed	1
3745_reviewed	93107_reviewed	1
5682_reviewed	5687_reviewed	1
7531_reviewed	7405_reviewed	1
1742_reviewed	9228_unreviewed	1
80335_reviewed	6950_reviewed	1
5499_reviewed	2932_reviewed	1
5879_reviewed	3838_reviewed	1
5538_reviewed	506_reviewed	1
51253_reviewed	84311_unreviewed	1
604_reviewed	3320_reviewed	1
5531_reviewed	6950_reviewed	1
6418_reviewed	11277_reviewed	1
4534_reviewed	5954_reviewed	1
79682_reviewed	2491_reviewed	1
7132_reviewed	7128_reviewed	1
51574_reviewed	65080_reviewed	1
4193_reviewed	8450_reviewed	1
51147_reviewed	54583_reviewed	1
11252_reviewed	29763_reviewed	1
5174_reviewed	11216_reviewed	1
1025_reviewed	1655_reviewed	1
7014_reviewed	4683_reviewed	1
5468_reviewed	10499_reviewed	1
4967_reviewed	1737_reviewed	1
1956_reviewed	6184_reviewed	1
6598_reviewed	55743_reviewed	1
3651_reviewed	63935_reviewed	1
6500_reviewed	26271_reviewed	1
87_reviewed	87_reviewed	1
3920_reviewed	3312_reviewed	1
4609_reviewed	1736_reviewed	1
9467_reviewed	5599_reviewed	1
221421_reviewed	83752_reviewed	1
10551_reviewed	23193_reviewed	1
4291_reviewed	64326_reviewed	1
1969_reviewed	5606_reviewed	1
85363_reviewed	5701_reviewed	1
23291_reviewed	7023_reviewed	1
2959_reviewed	6908_reviewed	1
54998_reviewed	51081_reviewed	1
9306_reviewed	84259_reviewed	1
55611_reviewed	55662_reviewed	1
23321_reviewed	140885_reviewed	1
351_reviewed	3028_reviewed	1
10551_reviewed	3190_reviewed	1
27072_reviewed	55823_reviewed	1
10078_reviewed	9716_reviewed	1
8945_reviewed	55201_reviewed	1
7531_reviewed	23216_reviewed	1
1436_reviewed	2885_reviewed	1
10250_reviewed	2962_reviewed	1
10432_reviewed	9584_reviewed	1
7534_reviewed	3984_reviewed	1
5700_reviewed	5682_reviewed	1
267_reviewed	337867_reviewed	1
2962_reviewed	2961_reviewed	1
867_reviewed	5829_reviewed	1
823_reviewed	7431_reviewed	1
79370_reviewed	83696_reviewed	1
55646_reviewed	10514_reviewed	1
9040_reviewed	23276_reviewed	1
6139_reviewed	6132_reviewed	1
3065_reviewed	25942_reviewed	1
2308_reviewed	1407_reviewed	1
90379_reviewed	9414_reviewed	1
5909_reviewed	5347_reviewed	1
7291_reviewed	5931_reviewed	1
7486_reviewed	7520_reviewed	1
6714_reviewed	2059_reviewed	1
7157_reviewed	6925_reviewed	1
3646_reviewed	8666_reviewed	1
5515_reviewed	10694_reviewed	1
154_reviewed	267_reviewed	1
6886_reviewed	3065_reviewed	1
5499_reviewed	10523_reviewed	1
8945_reviewed	4792_reviewed	1
54536_reviewed	55763_reviewed	1
1407_reviewed	5359_reviewed	1
1488_reviewed	23414_reviewed	1
1655_reviewed	1660_reviewed	1
79101_reviewed	9001_reviewed	1
23190_reviewed	7353_reviewed	0
23390_reviewed	3927_reviewed	1
6714_reviewed	10015_reviewed	1
1201_reviewed	1650_reviewed	1
4893_reviewed	9475_reviewed	1
26524_reviewed	57608_reviewed	1
51440_reviewed	113878_reviewed	1
830_reviewed	10121_reviewed	1
55763_reviewed	23265_reviewed	1
6647_reviewed	5110_reviewed	1
1459_reviewed	147339_reviewed	1
10514_reviewed	7428_reviewed	1
6477_reviewed	1936_reviewed	1
2941_reviewed	2941_reviewed	1
1994_reviewed	5578_reviewed	1
1601_reviewed	6714_reviewed	1
6199_reviewed	6222_reviewed	1
1540_reviewed	124044_reviewed	1
56259_reviewed	22938_reviewed	1
5970_reviewed	8841_reviewed	1
8976_reviewed	7456_reviewed	1
10758_reviewed	7189_reviewed	1
55250_reviewed	55140_reviewed	1
6657_reviewed	7874_reviewed	1
58495_reviewed	142_reviewed	1
2982_reviewed	116987_reviewed	1
1020_reviewed	894_reviewed	1
3667_reviewed	5296_reviewed	1
988_reviewed	9775_reviewed	1
1982_reviewed	1973_reviewed	1
197370_reviewed	79677_reviewed	1
10971_reviewed	6188_reviewed	1
1660_reviewed	27161_reviewed	1
8766_reviewed	10314_reviewed	1
4085_reviewed	10112_reviewed	1
1902_reviewed	10755_reviewed	1
10598_reviewed	2288_reviewed	1
595_reviewed	8454_reviewed	1
3091_reviewed	983_reviewed	1
83737_reviewed	3726_reviewed	1
582_reviewed	583_reviewed	1
10257_reviewed	81609_reviewed	1
1758_reviewed	894_reviewed	1
85403_reviewed	22936_reviewed	1
29915_reviewed	5929_reviewed	1
4188_reviewed	92906_reviewed	1
6657_reviewed	6598_reviewed	1
23517_reviewed	23517_reviewed	0
7014_reviewed	7486_reviewed	1
6194_reviewed	3921_reviewed	1
5682_reviewed	9352_reviewed	1
6760_reviewed	8028_reviewed	1
2091_reviewed	6207_reviewed	1
2010_reviewed	10488_reviewed	1
830_reviewed	387680_reviewed	1
1738_reviewed	7919_reviewed	1
5356_reviewed	988_reviewed	1
3219_reviewed	6303_reviewed	1
11007_reviewed	284058_reviewed	1
10413_reviewed	2521_reviewed	1
8454_reviewed	890_reviewed	1
8431_reviewed	23741_reviewed	1
5966_reviewed	4793_reviewed	1
90850_reviewed	26058_reviewed	1
1488_reviewed	84458_reviewed	1
9792_reviewed	7514_reviewed	1
145508_reviewed	117178_reviewed	1
1025_reviewed	476_reviewed	1
6134_reviewed	6222_reviewed	1
55722_reviewed	202051_reviewed	1
8766_reviewed	80273_reviewed	1
7514_reviewed	9325_reviewed	1
8665_reviewed	10480_reviewed	1
2308_reviewed	7248_reviewed	0
6118_reviewed	84126_reviewed	1
5970_reviewed	196_reviewed	1
54850_reviewed	6815_reviewed	1
1630_reviewed	1977_reviewed	1
9131_reviewed	81628_reviewed	1
5499_reviewed	908_reviewed	1
79648_reviewed	23291_reviewed	1
4792_reviewed	79797_reviewed	0
10817_reviewed	8503_reviewed	1
10728_reviewed	367_reviewed	1
891_reviewed	10155_reviewed	1
914_reviewed	10421_reviewed	1
4543_reviewed	5879_reviewed	1
7026_reviewed	2063_reviewed	1
29110_reviewed	9755_reviewed	1
115106_reviewed	23028_reviewed	1
83461_reviewed	10217_reviewed	1
6908_reviewed	6874_reviewed	1
88455_reviewed	7415_reviewed	1
5501_reviewed	4430_reviewed	1
3312_reviewed	23640_reviewed	1
2885_reviewed	5747_reviewed	1
5829_reviewed	50807_reviewed	1
5434_reviewed	6829_reviewed	1
5111_reviewed	5888_reviewed	1
56257_reviewed	3837_reviewed	1
5156_reviewed	5606_reviewed	1
2071_reviewed	26043_reviewed	1
4193_reviewed	7316_reviewed	1
10273_reviewed	55585_reviewed	1
8725_reviewed	10155_reviewed	1
51266_reviewed	10273_reviewed	1
26548_reviewed	5352_reviewed	1
5791_reviewed	821_reviewed	1
23291_reviewed	90480_reviewed	1
123169_reviewed	11198_reviewed	1
4641_reviewed	7919_reviewed	1
7536_reviewed	3188_reviewed	1
27289_reviewed	4792_reviewed	0
10421_reviewed	79786_reviewed	1
3845_reviewed	8496_reviewed	1
3609_reviewed	57510_reviewed	1
8663_reviewed	51386_reviewed	1
56288_reviewed	5721_reviewed	1
9217_reviewed	114884_reviewed	1
7532_reviewed	80153_reviewed	1
5518_reviewed	23141_reviewed	1
55844_reviewed	55596_reviewed	1
10036_reviewed	25842_reviewed	1
5594_reviewed	2274_reviewed	1
5690_reviewed	5719_reviewed	1
8945_reviewed	5966_reviewed	1
156_reviewed	2782_reviewed	1
5777_reviewed	5580_reviewed	1
4188_reviewed	4617_reviewed	1
5594_reviewed	6721_reviewed	1
23412_reviewed	10311_reviewed	1
5825_reviewed	215_reviewed	1
4292_reviewed	83990_reviewed	1
1821_reviewed	57716_reviewed	1
3024_reviewed	51574_reviewed	1
84078_reviewed	79736_reviewed	1
5451_reviewed	7520_reviewed	1
3312_reviewed	11010_reviewed	1
23204_reviewed	57142_reviewed	1
29101_reviewed	5885_reviewed	1
4170_reviewed	7157_reviewed	1
79727_reviewed	55299_reviewed	1
10449_reviewed	55006_reviewed	1
23468_reviewed	286205_reviewed	1
2130_reviewed	79004_reviewed	1
2070_reviewed	79077_reviewed	1
51545_reviewed	83755_reviewed	1
11099_reviewed	1457_reviewed	1
5894_reviewed	3308_reviewed	1
5071_reviewed	5682_reviewed	1
51495_reviewed	28969_reviewed	1
867_reviewed	3309_reviewed	1
5538_reviewed	1737_reviewed	1
5894_reviewed	596_reviewed	1
57602_reviewed	4609_reviewed	1
1780_reviewed	1781_reviewed	1
51426_reviewed	4436_reviewed	1
219333_reviewed	1762_reviewed	1
355_reviewed	7329_reviewed	1
329_reviewed	7334_reviewed	1
92591_reviewed	55662_reviewed	1
3320_reviewed	2260_reviewed	1
6134_reviewed	6124_reviewed	1
57695_reviewed	9126_reviewed	1
4803_reviewed	4914_reviewed	1
3690_reviewed	23421_reviewed	1
6426_reviewed	6625_reviewed	1
8431_reviewed	4760_reviewed	1
2177_reviewed	7517_reviewed	0
6139_reviewed	6129_reviewed	1
4287_reviewed	4287_reviewed	1
204851_reviewed	83593_reviewed	1
7421_reviewed	6256_reviewed	1
3091_reviewed	6759_reviewed	1
7871_reviewed	27342_reviewed	1
506_reviewed	7385_reviewed	1
1845_reviewed	7444_reviewed	0
81550_reviewed	1915_reviewed	1
56257_reviewed	3184_reviewed	1
5683_reviewed	56984_reviewed	1
7326_reviewed	267_reviewed	1
25842_reviewed	79711_reviewed	1
51185_reviewed	4212_reviewed	1
7316_reviewed	84875_reviewed	1
94241_reviewed	28996_reviewed	1
8452_reviewed	23386_reviewed	1
10524_reviewed	9975_reviewed	1
5588_reviewed	207_reviewed	1
54894_reviewed	284654_reviewed	1
8819_reviewed	5928_reviewed	1
6780_reviewed	3609_reviewed	1
7179_reviewed	3837_reviewed	1
1026_reviewed	6418_reviewed	1
5979_reviewed	9049_reviewed	1
29978_reviewed	3192_reviewed	1
1647_reviewed	90480_reviewed	1
4690_reviewed	6237_reviewed	1
9021_reviewed	3953_reviewed	1
9775_reviewed	6205_reviewed	1
55072_reviewed	4088_reviewed	1
1915_reviewed	6193_reviewed	1
367_reviewed	23118_reviewed	1
3320_reviewed	4067_reviewed	1
7023_reviewed	6667_reviewed	1
1499_reviewed	5784_reviewed	1
5729_reviewed	81573_reviewed	1
5531_reviewed	10576_reviewed	1
9282_reviewed	9443_reviewed	1
2887_reviewed	11123_reviewed	1
84078_reviewed	84541_reviewed	1
83732_reviewed	10419_reviewed	1
55010_reviewed	5111_reviewed	1
7536_reviewed	10521_reviewed	1
914_reviewed	3932_reviewed	1
1901_reviewed	2770_reviewed	1
8726_reviewed	3066_reviewed	1
8328_reviewed	23028_reviewed	1
7157_reviewed	581_reviewed	1
114907_reviewed	6500_reviewed	1
5501_reviewed	55227_reviewed	1
9045_reviewed	6204_reviewed	1
94121_reviewed	4218_reviewed	1
23197_reviewed	57104_reviewed	1
171568_reviewed	11128_reviewed	1
5093_reviewed	1072_reviewed	1
23433_reviewed	23265_reviewed	1
5460_reviewed	7702_reviewed	1
4173_reviewed	11198_reviewed	1
7919_reviewed	9984_reviewed	1
11315_reviewed	8772_reviewed	1
4218_reviewed	4957_reviewed	1
11200_reviewed	11009_reviewed	1
2260_reviewed	11140_reviewed	1
54951_reviewed	7027_reviewed	1
55662_reviewed	57524_reviewed	1
2810_reviewed	8139_reviewed	1
5594_reviewed	596_reviewed	1
56937_reviewed	10671_reviewed	1
9232_reviewed	1666_reviewed	1
23186_reviewed	7764_reviewed	1
1843_reviewed	5601_reviewed	1
1488_reviewed	5932_reviewed	1
2010_reviewed	4641_reviewed	1
6733_reviewed	7919_reviewed	1
80212_reviewed	5714_reviewed	1
57508_reviewed	25896_reviewed	1
11186_reviewed	3265_reviewed	1
11201_reviewed	5111_reviewed	1
163_reviewed	701_reviewed	1
5579_reviewed	10616_reviewed	1
5159_reviewed	5335_reviewed	1
3628_reviewed	9572_reviewed	1
9817_reviewed	10848_reviewed	1
9149_reviewed	10048_reviewed	1
4841_reviewed	6688_reviewed	1
6197_reviewed	5594_reviewed	1
274_reviewed	1869_reviewed	1
84062_reviewed	388552_reviewed	1
26043_reviewed	8454_reviewed	1
409_reviewed	4217_reviewed	1
28996_reviewed	25_reviewed	1
219988_reviewed	9129_reviewed	1
3611_reviewed	55742_reviewed	1
7706_reviewed	1655_reviewed	1
4004_reviewed	220082_reviewed	1
9662_reviewed	22832_reviewed	1
26092_reviewed	1861_reviewed	1
51574_reviewed	6130_reviewed	1
2705_reviewed	284361_reviewed	1
10379_reviewed	6772_reviewed	1
10452_reviewed	4723_reviewed	1
26191_reviewed	7535_reviewed	1
55662_reviewed	56478_reviewed	1
390_reviewed	91544_reviewed	1
29882_reviewed	8881_reviewed	1
1432_reviewed	55578_reviewed	1
7334_reviewed	54542_reviewed	1
55212_reviewed	27241_reviewed	1
9274_reviewed	6599_reviewed	1
3768_reviewed	8825_reviewed	1
7993_reviewed	7415_reviewed	1
3024_reviewed	79577_reviewed	1
2624_reviewed	161882_reviewed	1
5800_reviewed	23193_reviewed	1
11033_reviewed	5290_reviewed	1
79139_reviewed	5265_reviewed	1
84619_reviewed	145282_reviewed	1
7080_reviewed	8202_reviewed	1
4722_reviewed	6341_reviewed	1
3831_reviewed	3800_reviewed	1
50943_reviewed	93986_reviewed	1
22919_reviewed	146909_reviewed	1
5771_reviewed	55014_reviewed	1
3607_reviewed	6907_reviewed	1
55072_reviewed	2802_reviewed	1
9943_reviewed	285613_reviewed	1
53407_reviewed	60561_reviewed	1
55454_reviewed	163183_reviewed	1
8607_reviewed	10524_reviewed	1
163786_reviewed	54461_reviewed	1
4609_reviewed	3608_reviewed	1
4792_reviewed	7551_reviewed	0
80173_reviewed	64792_reviewed	1
4734_reviewed	154796_reviewed	1
10459_reviewed	5445_reviewed	1
22976_reviewed	10693_reviewed	1
595_reviewed	4172_reviewed	1
79913_reviewed	86_reviewed	1
27252_reviewed	79585_reviewed	1
2099_reviewed	7337_reviewed	1
54101_unreviewed	8454_reviewed	1
2177_reviewed	4172_reviewed	1
5499_reviewed	10421_reviewed	1
4998_reviewed	890_reviewed	1
10461_reviewed	10461_reviewed	1
22806_reviewed	3066_reviewed	1
3611_reviewed	55215_reviewed	1
6714_reviewed	5734_reviewed	1
1080_reviewed	10456_reviewed	1
7067_reviewed	8841_reviewed	1
25871_reviewed	10556_reviewed	1
6045_reviewed	51574_reviewed	1
11117_reviewed	10540_reviewed	1
6135_reviewed	6202_reviewed	1
6601_reviewed	6599_reviewed	1
2100_reviewed	5901_reviewed	1
4615_reviewed	7874_reviewed	1
29979_reviewed	10017_reviewed	1
604_reviewed	10014_reviewed	1
2547_reviewed	4436_reviewed	1
3654_reviewed	6767_reviewed	1
10078_reviewed	56949_reviewed	1
23327_reviewed	782_reviewed	1
4000_reviewed	3178_reviewed	1
6144_reviewed	6194_reviewed	1
2901_reviewed	1742_reviewed	1
5300_reviewed	4087_reviewed	1
5886_reviewed	1915_reviewed	1
3329_reviewed	197322_reviewed	1
6132_reviewed	6188_reviewed	1
3185_reviewed	80829_reviewed	1
6257_reviewed	8405_reviewed	1
9380_reviewed	8803_reviewed	1
7325_reviewed	9666_reviewed	1
3066_reviewed	23028_reviewed	1
221830_reviewed	84172_reviewed	1
9531_reviewed	9802_reviewed	1
6757_reviewed	2146_reviewed	1
11129_reviewed	57396_reviewed	1
51720_reviewed	7316_reviewed	1
91754_reviewed	23299_reviewed	1
148_reviewed	6004_reviewed	0
10956_reviewed	84447_reviewed	1
26003_reviewed	10959_reviewed	1
10413_reviewed	6191_reviewed	1
57159_reviewed	5551_reviewed	1
6143_reviewed	6203_reviewed	1
51720_reviewed	79184_reviewed	1
2547_reviewed	6829_reviewed	1
57621_reviewed	6667_reviewed	1
22827_reviewed	79837_reviewed	0
57159_reviewed	88_reviewed	0
6207_reviewed	6194_reviewed	1
23062_reviewed	9685_reviewed	1
57602_reviewed	4914_reviewed	1
9759_reviewed	5594_reviewed	1
6596_reviewed	5111_reviewed	1
6693_reviewed	7430_reviewed	1
80351_reviewed	2888_reviewed	1
8405_reviewed	8405_reviewed	1
5434_reviewed	5436_reviewed	1
56851_reviewed	51016_reviewed	1
9662_reviewed	11116_reviewed	1
10567_reviewed	84708_reviewed	1
51741_reviewed	23111_reviewed	1
10488_reviewed	10987_reviewed	1
4091_reviewed	8237_reviewed	1
5718_reviewed	5707_reviewed	1
54512_reviewed	56915_reviewed	1
51068_reviewed	7514_reviewed	1
9391_reviewed	2068_reviewed	1
1080_reviewed	3837_reviewed	1
8450_reviewed	9318_reviewed	1
4780_reviewed	8507_reviewed	1
5774_reviewed	51133_reviewed	1
3761_reviewed	6640_reviewed	1
699_reviewed	5347_reviewed	1
7443_reviewed	3725_reviewed	1
9531_reviewed	10269_reviewed	1
10551_reviewed	5862_reviewed	1
7507_reviewed	2067_reviewed	1
6125_reviewed	7157_reviewed	1
4137_reviewed	3320_reviewed	1
4869_reviewed	6202_reviewed	1
51720_reviewed	5468_reviewed	0
9240_reviewed	80028_unreviewed	1
3841_reviewed	10762_reviewed	1
143471_reviewed	5693_reviewed	1
5800_reviewed	3998_reviewed	1
6207_reviewed	6201_reviewed	1
2034_reviewed	4692_reviewed	1
1432_reviewed	1026_reviewed	1
6477_reviewed	6774_reviewed	1
993_reviewed	8260_reviewed	1
84759_reviewed	55211_reviewed	1
83596_reviewed	3308_reviewed	1
8452_reviewed	2331_reviewed	1
123169_reviewed	5501_reviewed	1
5886_reviewed	5700_reviewed	1
7879_reviewed	5245_reviewed	1
55156_reviewed	56181_reviewed	1
10800_reviewed	57105_reviewed	1
79867_reviewed	84061_reviewed	1
267_reviewed	9709_reviewed	1
3184_reviewed	6294_reviewed	1
10641_reviewed	8131_reviewed	1
5743_reviewed	857_reviewed	1
8445_reviewed	1642_reviewed	1
64151_reviewed	1789_reviewed	1
84867_reviewed	57142_reviewed	1
7220_reviewed	857_reviewed	1
9113_reviewed	83737_reviewed	1
6602_reviewed	605_reviewed	1
2932_reviewed	54540_reviewed	1
55898_reviewed	286077_reviewed	1
23512_reviewed	10155_reviewed	1
3178_reviewed	3326_reviewed	1
57154_reviewed	7048_reviewed	1
10551_reviewed	4522_reviewed	1
4437_reviewed	6117_reviewed	1
9874_reviewed	11011_reviewed	1
6141_reviewed	6193_reviewed	1
1457_reviewed	6838_reviewed	1
4296_reviewed	207_reviewed	1
79657_reviewed	5631_reviewed	1
4221_reviewed	2670_reviewed	1
9530_reviewed	3312_reviewed	1
3192_reviewed	8945_reviewed	1
5934_reviewed	2972_reviewed	1
7874_reviewed	4193_reviewed	1
51067_reviewed	3329_reviewed	1
5372_reviewed	5870_reviewed	1
57447_reviewed	481_reviewed	1
25920_reviewed	3725_reviewed	1
5879_reviewed	6418_reviewed	1
22948_reviewed	908_reviewed	1
56970_reviewed	9913_reviewed	1
5883_reviewed	63967_reviewed	1
84365_reviewed	6142_reviewed	1
4193_reviewed	9908_reviewed	1
6721_reviewed	6721_reviewed	1
1263_reviewed	995_reviewed	1
23476_reviewed	54904_reviewed	1
2664_reviewed	81876_reviewed	1
8449_reviewed	27238_reviewed	1
4683_reviewed	4361_reviewed	1
1746_reviewed	4487_reviewed	1
694_reviewed	9337_reviewed	1
10482_reviewed	23322_reviewed	1
7157_reviewed	10574_reviewed	1
4609_reviewed	51603_reviewed	1
5019_reviewed	64064_reviewed	1
4513_reviewed	1327_reviewed	1
1647_reviewed	4193_reviewed	1
3202_reviewed	7291_reviewed	1
4792_reviewed	6945_reviewed	0
80342_reviewed	8428_reviewed	1
9618_reviewed	6198_reviewed	1
5685_reviewed	5717_reviewed	1
7528_reviewed	10856_reviewed	1
90249_reviewed	9500_reviewed	1
9782_reviewed	3187_reviewed	1
1452_reviewed	28966_reviewed	1
51545_reviewed	84445_reviewed	1
5890_reviewed	7517_reviewed	0
6136_reviewed	6203_reviewed	1
4940_reviewed	23560_reviewed	1
10657_reviewed	5913_reviewed	1
3315_reviewed	8661_reviewed	0
3297_reviewed	2288_reviewed	1
7531_reviewed	3326_reviewed	1
664_reviewed	665_reviewed	1
10459_reviewed	10939_reviewed	1
7316_reviewed	54472_reviewed	1
80854_reviewed	1869_reviewed	1
8467_reviewed	9031_reviewed	1
4691_reviewed	6124_reviewed	1
4869_reviewed	3006_reviewed	1
55294_reviewed	29079_reviewed	1
9218_reviewed	9600_reviewed	1
54433_reviewed	55135_reviewed	1
11143_reviewed	79960_reviewed	1
406_reviewed	2034_reviewed	1
79913_reviewed	4798_reviewed	1
5245_reviewed	4174_reviewed	1
996_reviewed	4085_reviewed	1
6396_reviewed	79726_reviewed	1
56916_reviewed	11198_reviewed	1
8451_reviewed	8533_reviewed	1
25793_reviewed	9491_reviewed	1
55006_reviewed	211_reviewed	1
51574_reviewed	23450_reviewed	1
999_reviewed	5663_reviewed	1
10477_reviewed	4850_reviewed	1
8175_reviewed	10262_reviewed	1
51231_reviewed	891_reviewed	1
7508_reviewed	4193_reviewed	1
367_reviewed	2289_reviewed	1
55752_reviewed	10801_reviewed	1
5599_reviewed	5829_reviewed	1
596_reviewed	8878_reviewed	1
8411_reviewed	9135_reviewed	1
1017_reviewed	3024_reviewed	1
56257_reviewed	4904_reviewed	1
3065_reviewed	1616_reviewed	1
8452_reviewed	22872_reviewed	1
580_reviewed	83990_reviewed	1
4839_reviewed	6142_reviewed	1
9344_reviewed	5608_reviewed	1
4719_reviewed	374291_reviewed	1
2099_reviewed	5290_reviewed	1
1901_reviewed	11060_reviewed	1
862_reviewed	2672_reviewed	1
7324_reviewed	55819_reviewed	1
3667_reviewed	10657_reviewed	1
63904_reviewed	23193_reviewed	1
7528_reviewed	54891_reviewed	1
1399_reviewed	6776_reviewed	1
6789_reviewed	6801_reviewed	1
83878_reviewed	149371_reviewed	1
991_reviewed	4601_reviewed	1
3845_reviewed	8773_reviewed	1
27_reviewed	9610_reviewed	1
89870_reviewed	57175_reviewed	1
23582_reviewed	595_reviewed	1
2078_reviewed	221092_reviewed	1
10492_reviewed	23196_reviewed	1
7871_reviewed	29888_reviewed	1
22938_reviewed	5914_reviewed	1
1398_reviewed	5829_reviewed	1
6647_reviewed	11034_reviewed	1
8405_reviewed	991_reviewed	1
6901_reviewed	8945_reviewed	1
4722_reviewed	374291_reviewed	1
1457_reviewed	25855_reviewed	1
5778_reviewed	9512_reviewed	1
10507_reviewed	971_reviewed	1
150684_reviewed	2648_reviewed	1
26270_reviewed	143888_reviewed	1
54675_reviewed	65018_reviewed	1
9958_reviewed	2273_reviewed	1
27185_reviewed	88_reviewed	1
10392_reviewed	3320_reviewed	1
2962_reviewed	6882_reviewed	1
4736_reviewed	6128_reviewed	1
1104_reviewed	8498_reviewed	1
10403_reviewed	57405_reviewed	1
10238_reviewed	23429_reviewed	1
1810_reviewed	10474_reviewed	1
10651_reviewed	10989_reviewed	1
59349_reviewed	55295_reviewed	1
55611_reviewed	4089_reviewed	1
4150_reviewed	2353_reviewed	1
7150_reviewed	6426_reviewed	1
498_reviewed	3326_reviewed	1
6421_reviewed	5499_reviewed	1
4193_reviewed	695_reviewed	1
5728_reviewed	8471_reviewed	1
55294_reviewed	55131_reviewed	1
10188_reviewed	11140_reviewed	1
166_reviewed	2801_reviewed	1
25897_reviewed	7332_reviewed	1
3190_reviewed	1653_reviewed	1
9146_reviewed	9443_reviewed	1
9099_reviewed	5987_reviewed	1
83737_reviewed	7316_reviewed	1
81620_reviewed	1642_reviewed	1
1080_reviewed	55705_reviewed	1
4174_reviewed	4173_reviewed	1
10618_reviewed	8907_reviewed	1
661_reviewed	5434_reviewed	1
5518_reviewed	47_reviewed	1
2664_reviewed	55422_reviewed	0
6317_reviewed	5599_reviewed	1
898_reviewed	22836_reviewed	1
9232_reviewed	84101_reviewed	1
8452_reviewed	3320_reviewed	1
4088_reviewed	4087_reviewed	1
9564_reviewed	1398_reviewed	1
6890_reviewed	64714_reviewed	1
3315_reviewed	7329_reviewed	1
1965_reviewed	8894_reviewed	1
7324_reviewed	56658_reviewed	1
7375_reviewed	6934_reviewed	1
5914_reviewed	3315_reviewed	1
28986_reviewed	28986_reviewed	0
26260_reviewed	8454_reviewed	1
5704_reviewed	5695_reviewed	1
821_reviewed	3032_reviewed	1
25793_reviewed	5693_reviewed	1
1912_reviewed	5347_reviewed	1
8471_reviewed	8974_reviewed	1
1080_reviewed	10598_reviewed	1
10956_reviewed	7184_reviewed	1
8772_reviewed	9191_reviewed	1
8521_reviewed	7329_reviewed	1
10213_reviewed	5710_reviewed	1
5971_reviewed	3838_reviewed	1
1457_reviewed	4311_reviewed	1
1869_reviewed	29028_reviewed	1
6396_reviewed	57122_reviewed	1
2023_reviewed	3066_reviewed	1
4067_reviewed	867_reviewed	1
23212_reviewed	6194_reviewed	1
1956_reviewed	27_reviewed	1
5347_reviewed	7110_reviewed	1
3190_reviewed	7879_reviewed	1
10921_reviewed	6434_reviewed	1
10726_reviewed	5347_reviewed	1
4609_reviewed	5537_reviewed	1
8665_reviewed	1977_reviewed	1
5071_reviewed	10013_reviewed	1
841_reviewed	356_reviewed	1
9218_reviewed	55341_reviewed	1
5292_reviewed	4772_reviewed	1
4299_reviewed	6477_reviewed	1
1956_reviewed	351_reviewed	1
3603_reviewed	4660_reviewed	1
6135_reviewed	6193_reviewed	1
56658_reviewed	58509_reviewed	1
57695_reviewed	6500_reviewed	1
2067_reviewed	4436_reviewed	1
3396_reviewed	10884_reviewed	1
55662_reviewed	10116_reviewed	1
1649_reviewed	283643_reviewed	1
7179_reviewed	5245_reviewed	1
8409_reviewed	5202_reviewed	1
3329_reviewed	80321_reviewed	1
27043_reviewed	9146_reviewed	1
331_reviewed	8737_reviewed	1
23186_reviewed	23028_reviewed	1
199990_reviewed	7316_reviewed	1
6457_reviewed	30011_reviewed	1
6880_reviewed	117143_reviewed	1
4543_reviewed	10857_reviewed	1
9253_reviewed	23118_reviewed	1
80306_reviewed	51586_reviewed	1
3745_reviewed	169522_reviewed	1
5174_reviewed	6569_reviewed	1
8314_reviewed	7528_reviewed	1
10783_reviewed	5971_reviewed	1
4609_reviewed	7514_reviewed	1
2332_reviewed	7329_reviewed	1
80176_reviewed	3276_reviewed	1
6461_reviewed	3937_reviewed	1
5641_reviewed	4137_reviewed	1
8471_reviewed	3315_reviewed	1
10273_reviewed	23621_reviewed	1
4804_reviewed	7189_reviewed	1
112752_reviewed	79809_reviewed	1
3329_reviewed	10614_reviewed	1
4343_reviewed	10273_reviewed	1
11236_reviewed	81502_reviewed	1
3065_reviewed	10155_reviewed	1
7416_reviewed	10935_reviewed	1
11144_reviewed	11144_reviewed	1
2908_reviewed	7157_reviewed	1
2057_reviewed	2885_reviewed	1
7319_reviewed	56888_reviewed	1
22827_reviewed	118426_reviewed	1
3554_reviewed	3654_reviewed	1
8452_reviewed	51138_reviewed	1
4311_reviewed	4067_reviewed	1
5501_reviewed	4736_reviewed	1
149041_reviewed	3832_reviewed	1
6141_reviewed	6205_reviewed	1
6625_reviewed	51081_reviewed	1
54998_reviewed	55342_reviewed	1
3065_reviewed	114825_reviewed	1
8428_reviewed	5516_reviewed	1
28952_reviewed	57020_reviewed	1
79583_reviewed	54903_reviewed	1
23244_reviewed	23047_reviewed	1
5598_reviewed	3326_reviewed	1
64978_reviewed	54148_reviewed	1
5707_reviewed	5707_reviewed	1
5174_reviewed	1080_reviewed	1
85300_reviewed	10273_reviewed	1
5236_reviewed	55276_reviewed	1
9810_reviewed	7319_reviewed	1
6478_reviewed	7159_reviewed	1
10623_reviewed	9329_reviewed	1
9188_reviewed	9343_reviewed	1
821_reviewed	509_reviewed	1
29978_reviewed	3303_unreviewed	1
11315_reviewed	7167_reviewed	1
4734_reviewed	5728_reviewed	1
2885_reviewed	9846_reviewed	1
4005_reviewed	6772_reviewed	1
51548_reviewed	8467_reviewed	1
3178_reviewed	6421_reviewed	1
57002_reviewed	57562_reviewed	1
5739_reviewed	5174_reviewed	1
7337_reviewed	8663_reviewed	1
10657_reviewed	10657_reviewed	1
23386_reviewed	6272_reviewed	1
9910_reviewed	2122_reviewed	1
6272_reviewed	26088_reviewed	1
25942_reviewed	9759_reviewed	1
10844_reviewed	653784_reviewed	1
10551_reviewed	38_reviewed	1
5791_reviewed	7514_reviewed	1
1409_reviewed	1410_reviewed	1
57506_reviewed	5537_reviewed	1
6871_reviewed	10474_reviewed	1
3265_reviewed	8724_reviewed	1
3265_reviewed	1825_reviewed	1
10634_reviewed	22919_reviewed	1
4772_reviewed	22807_reviewed	1
5518_reviewed	11116_reviewed	1
79657_reviewed	26227_reviewed	1
8726_reviewed	7528_reviewed	1
7020_reviewed	7528_reviewed	1
89870_reviewed	54751_reviewed	1
54623_reviewed	6749_reviewed	1
2289_reviewed	7268_reviewed	1
7520_reviewed	80155_reviewed	1
51138_reviewed	51185_reviewed	1
4088_reviewed	5934_reviewed	0
3164_reviewed	8648_reviewed	1
23411_reviewed	4613_reviewed	1
9401_reviewed	4361_reviewed	1
29980_reviewed	4171_reviewed	1
2932_reviewed	898_reviewed	1
57154_reviewed	2099_reviewed	1
55379_reviewed	351_reviewed	1
2099_reviewed	64754_reviewed	1
1855_reviewed	7248_reviewed	0
9878_reviewed	5514_reviewed	1
353497_reviewed	5111_reviewed	1
79728_reviewed	3183_reviewed	1
27125_reviewed	905_reviewed	1
64795_reviewed	1655_reviewed	1
7157_reviewed	7528_reviewed	1
9958_reviewed	9097_reviewed	1
5978_reviewed	10155_reviewed	1
84838_reviewed	387032_reviewed	1
10445_reviewed	51019_reviewed	1
3799_reviewed	11316_reviewed	1
7531_reviewed	25_reviewed	1
80279_reviewed	65992_reviewed	1
23126_reviewed	283489_reviewed	1
1432_reviewed	994_reviewed	1
1975_reviewed	1975_reviewed	1
7375_reviewed	51701_reviewed	1
23450_reviewed	54908_reviewed	1
5595_reviewed	6770_reviewed	1
51177_reviewed	51177_reviewed	1
3611_reviewed	10576_reviewed	1
1025_reviewed	10642_reviewed	1
10078_reviewed	988_reviewed	1
3320_reviewed	9970_reviewed	1
5693_reviewed	5696_reviewed	1
2885_reviewed	60_reviewed	1
79075_reviewed	5983_reviewed	1
3192_reviewed	4174_reviewed	1
80020_reviewed	57544_reviewed	1
55610_reviewed	738_reviewed	1
84676_reviewed	1937_reviewed	1
27161_reviewed	114818_reviewed	1
5422_reviewed	5937_reviewed	1
60485_reviewed	1454_reviewed	1
8774_reviewed	26056_reviewed	1
2130_reviewed	6432_reviewed	1
5241_reviewed	122953_reviewed	1
94122_reviewed	5870_reviewed	1
9146_reviewed	23265_reviewed	1
9416_reviewed	9343_reviewed	1
4670_reviewed	11338_reviewed	1
9531_reviewed	5868_reviewed	1
6815_reviewed	83989_reviewed	1
6602_reviewed	55743_reviewed	1
991_reviewed	1026_reviewed	1
4000_reviewed	4000_reviewed	1
317_reviewed	22861_reviewed	1
8450_reviewed	80335_reviewed	1
10238_reviewed	10576_reviewed	1
6502_reviewed	11186_reviewed	1
55054_reviewed	5499_reviewed	1
3315_reviewed	3315_reviewed	1
26270_reviewed	701_reviewed	1
79902_reviewed	9972_reviewed	1
7486_reviewed	7415_reviewed	1
3315_reviewed	3297_reviewed	1
6294_reviewed	2099_reviewed	1
51574_reviewed	6175_reviewed	1
79968_reviewed	7520_reviewed	1
10459_reviewed	9319_reviewed	1
7186_reviewed	153090_reviewed	1
5499_reviewed	170954_reviewed	1
124739_reviewed	53615_reviewed	1
9097_reviewed	5713_reviewed	1
2801_reviewed	283385_reviewed	1
573_reviewed	373_reviewed	1
4582_reviewed	6654_reviewed	1
6945_reviewed	7803_reviewed	0
58157_reviewed	207_reviewed	1
5338_reviewed	375_reviewed	1
2902_reviewed	2904_reviewed	1
5094_reviewed	26986_reviewed	1
8678_reviewed	5230_reviewed	1
81858_reviewed	10097_reviewed	1
27342_reviewed	9135_reviewed	1
7727_reviewed	7727_reviewed	1
2263_reviewed	2255_reviewed	1
7265_reviewed	7846_reviewed	1
4067_reviewed	139716_reviewed	1
24148_reviewed	9343_reviewed	1
1956_reviewed	1495_reviewed	1
5578_reviewed	6624_reviewed	1
367_reviewed	8648_reviewed	1
904_reviewed	1051_reviewed	1
2289_reviewed	10049_reviewed	1
6885_reviewed	10454_reviewed	1
27250_reviewed	8945_reviewed	1
83737_reviewed	3093_reviewed	1
5685_reviewed	5690_reviewed	1
4613_reviewed	3276_reviewed	1
9248_reviewed	9248_reviewed	1
54926_reviewed	8945_reviewed	1
6426_reviewed	11168_reviewed	1
9782_reviewed	6625_reviewed	1
54764_reviewed	29966_reviewed	1
5515_reviewed	596_reviewed	1
6117_reviewed	27339_reviewed	1
203228_reviewed	8408_reviewed	1
5728_reviewed	11060_reviewed	1
988_reviewed	6950_reviewed	1
3164_reviewed	27043_reviewed	1
5705_reviewed	5685_reviewed	1
5713_reviewed	11047_reviewed	1
138009_reviewed	9318_reviewed	1
4988_reviewed	10048_reviewed	1
1643_reviewed	7203_reviewed	1
8861_reviewed	26468_reviewed	1
25937_reviewed	7003_reviewed	1
246329_reviewed	246329_reviewed	1
2664_reviewed	10890_reviewed	1
23476_reviewed	8405_reviewed	1
4292_reviewed	8930_reviewed	1
51574_reviewed	26156_reviewed	1
5460_reviewed	10382_reviewed	1
10551_reviewed	6202_reviewed	1
7375_reviewed	6009_reviewed	1
8440_reviewed	51517_reviewed	1
9733_reviewed	9733_reviewed	1
7046_reviewed	2022_reviewed	1
5910_reviewed	3265_reviewed	1
653361_reviewed	9618_reviewed	1
83548_reviewed	22796_reviewed	1
2810_reviewed	6500_reviewed	1
142_reviewed	6934_reviewed	1
1131_reviewed	6418_reviewed	1
6596_reviewed	56852_reviewed	1
9531_reviewed	6396_reviewed	1
7415_reviewed	55768_reviewed	1
2099_reviewed	1654_reviewed	1
3320_reviewed	613_reviewed	1
10179_reviewed	10656_reviewed	1
9025_reviewed	3921_reviewed	1
51608_reviewed	439_reviewed	1
10458_reviewed	998_reviewed	1
7532_reviewed	23085_reviewed	1
55968_reviewed	55277_reviewed	1
5861_reviewed	9950_reviewed	1
8452_reviewed	22836_reviewed	1
55829_reviewed	84447_reviewed	1
2308_reviewed	4193_reviewed	1
6122_reviewed	6201_reviewed	1
10188_reviewed	2260_reviewed	1
2931_reviewed	4137_reviewed	1
8726_reviewed	100170841_reviewed	1
1956_reviewed	6773_reviewed	1
3297_reviewed	3839_reviewed	1
1488_reviewed	10320_reviewed	1
5500_reviewed	55075_reviewed	1
55831_reviewed	51016_reviewed	1
257397_reviewed	23118_reviewed	1
55011_reviewed	8725_reviewed	1
3551_reviewed	5580_reviewed	1
998_reviewed	8874_reviewed	1
8266_reviewed	7917_reviewed	1
11016_reviewed	6874_reviewed	1
5914_reviewed	55791_reviewed	1
56257_reviewed	57805_reviewed	1
5292_reviewed	4609_reviewed	1
11140_reviewed	6500_reviewed	1
7020_reviewed	29924_reviewed	1
9040_reviewed	57542_reviewed	1
2273_reviewed	7531_reviewed	1
79871_reviewed	51184_reviewed	1
7422_reviewed	7422_reviewed	1
1386_reviewed	1457_reviewed	1
4609_reviewed	6500_reviewed	1
4839_reviewed	10528_reviewed	1
29780_reviewed	5829_reviewed	0
5359_reviewed	9802_reviewed	1
54148_reviewed	51069_reviewed	1
701_reviewed	3065_reviewed	1
2935_reviewed	23708_reviewed	1
25913_reviewed	7013_reviewed	1
51428_reviewed	79576_reviewed	1
1848_reviewed	467_reviewed	0
23413_reviewed	11141_reviewed	1
7329_reviewed	112939_reviewed	1
79867_reviewed	201595_reviewed	1
6812_reviewed	6804_reviewed	1
2099_reviewed	3178_reviewed	1
7260_reviewed	51542_reviewed	1
2100_reviewed	55037_reviewed	1
28976_reviewed	23590_reviewed	1
154796_reviewed	154810_reviewed	1
8766_reviewed	1122_reviewed	1
57506_reviewed	23770_reviewed	1
11171_reviewed	7048_reviewed	1
7179_reviewed	11260_reviewed	1
6559_reviewed	3320_reviewed	1
2678_reviewed	2678_reviewed	1
2091_reviewed	6135_reviewed	1
23162_reviewed	64837_reviewed	1
7879_reviewed	83547_reviewed	1
8928_reviewed	10589_reviewed	1
54386_reviewed	4361_reviewed	1
22909_reviewed	7316_reviewed	1
4893_reviewed	25963_reviewed	1
4287_reviewed	3320_reviewed	1
7168_reviewed	79036_reviewed	1
5878_reviewed	25777_reviewed	1
10868_reviewed	321_reviewed	1
11315_reviewed	4535_reviewed	1
6867_reviewed	10193_reviewed	1
4609_reviewed	1653_reviewed	1
3028_reviewed	7167_reviewed	1
57761_reviewed	57154_reviewed	1
23386_reviewed	23450_reviewed	1
6446_reviewed	5170_reviewed	1
4609_reviewed	9129_reviewed	1
6136_reviewed	6187_reviewed	1
5071_reviewed	2861_reviewed	1
23288_reviewed	5684_reviewed	1
10413_reviewed	8945_reviewed	1
1080_reviewed	6048_reviewed	1
330_reviewed	3659_reviewed	1
8314_reviewed	2810_reviewed	1
4914_reviewed	25970_reviewed	1
6208_reviewed	6880_reviewed	1
6184_reviewed	3309_reviewed	1
3608_reviewed	4174_reviewed	1
